naics3,size_band,n,n_with_metric,zero_share,hours_total,aggregate_trir,p10,p25,p50,p75,p90,p95,publishable
101,050-099,1,1,0.0,115000.0,1.7391304347826086,1.7391304347826086,1.7391304347826086,1.7391304347826086,1.7391304347826086,1.7391304347826086,1.7391304347826086,False
111,001-019,2594,2594,0.6750192752505783,58593946.0,4.7923039694237355,0.0,0.0,0.0,6.239276699225125,16.308988582361998,27.791977367404286,True
111,020-049,4877,4877,0.3557514865696125,309166060.0,5.1376920222096825,0.0,0.0,3.596734165377837,7.938161720199645,13.110743441012602,17.830662277299698,True
111,050-099,2836,2836,0.16748942172073342,390178611.0,5.414443386800616,0.0,1.675235793569334,4.315425375978078,7.839687359521166,12.469325672150676,15.911055185871641,True
111,100-249,2300,2300,0.0808695652173913,627030586.0,5.576442486331919,0.7147114134945676,2.283747302291262,4.535547256822173,7.719136133108526,11.75813883300957,15.050882361938699,True
111,1000+,185,185,0.0972972972972973,291333822.0,4.508230424409837,0.12309081293854046,1.0366073568887957,3.16497666960055,6.421576497030021,9.41382987915499,10.963524661639937,True
111,250-499,787,787,0.044472681067344345,443109841.0,5.0660125149420905,0.9426280523102001,2.260971228756896,4.405251059262641,7.04856196438409,10.8459874813206,13.688607102177844,True
111,500-999,350,350,0.09142857142857143,306342781.0,4.386589413380039,0.3619903196820148,1.3551135353733024,3.423481533360209,6.743317847945562,9.901831549047843,12.47445179593889,True
112,001-019,2686,2686,0.6254653760238272,54052749.0,6.9931688395718785,0.0,0.0,0.0,9.360287049775707,22.277505399966646,36.70522723113282,True
112,020-049,5587,5587,0.2606049758367639,408386540.0,6.251920055935242,0.0,0.0,4.55933980759586,9.466615463730223,15.767407818309579,20.94077465479872,True
112,050-099,4822,4822,0.059104106180008296,746493407.0,6.7914866393454965,1.5723210738446742,4.6443241400983775,7.88684999211315,7.88684999211315,8.9935719683908,12.176374842396736,True
112,100-249,1026,1026,0.04483430799220273,312365065.0,6.384196645037754,1.0823969041060635,2.638849114148676,5.135980148986091,8.57936906955765,13.25266462427501,17.238932486659415,True
112,1000+,10,10,0.1,20393769.0,3.0205304375076523,0.9616991850744288,1.3687253527050238,2.8565194934815707,3.1774109258877656,4.372433287697643,5.12908382048167,False
112,250-499,128,128,0.0703125,84898758.0,5.68677341546033,0.533858763863646,1.7333000338576936,3.841415351071827,8.404475785065191,12.98407606509294,15.564816319867864,True
112,500-999,36,36,0.08333333333333333,51949987.0,3.4302222250796714,0.6253484498409909,1.246336811416627,2.6043526434144466,4.153914438628665,6.511002682673208,7.891553467641609,True
113,001-019,328,328,0.7804878048780488,6019222.0,3.9207724852148664,0.0,0.0,0.0,0.0,10.592991001961979,18.425243340812084,True
113,020-049,757,757,0.35535006605019814,47363029.0,6.013128932273314,0.0,0.0,4.025764895330113,9.23076923076923,15.718106804639005,21.556615245620186,True
113,050-099,216,216,0.11574074074074074,29721368.0,6.311957107761661,0.0,2.0612467393198606,4.470694503841349,9.041074250298022,15.202399468603332,22.229693756155747,True
113,100-249,81,81,0.07407407407407407,23697269.0,4.371811789788942,0.7031607073796716,1.5862503816914981,2.727508284806415,5.842434047907959,9.654010973392474,10.85051784096396,True
113,1000+,4,4,0.0,10635381.0,0.8274268688634662,0.5876359880999309,0.7092899749352604,0.8287935837714062,0.9820518868781967,1.1644643234006866,1.225268468908183,False
113,250-499,7,7,0.0,4503455.0,4.396624369511852,1.5291929933407966,2.510467110810069,3.7007225660810272,6.0032670096079235,10.209004230608903,11.912929314154095,False
113,500-999,2,2,0.0,1880758.0,1.7014416527804215,1.6993972188083843,1.941206221096286,2.3442212249094556,2.747236228722625,2.9890452310105267,3.0696482317731606,False
114,001-019,49,49,0.7142857142857143,1154366.0,5.544168833801411,0.0,0.0,0.0,7.278285235998399,33.2138679279575,41.31853709410922,True
114,020-049,81,81,0.25925925925925924,6948223.0,8.980713486023692,0.0,0.0,7.097903752425117,12.81640499839795,20.472924557273007,29.759374202873904,True
114,050-099,77,77,0.2077922077922078,14593957.0,5.248747820758962,0.0,0.9760382606998195,3.3169146060334675,7.134666836539687,13.510545744535559,20.656326061698,True
114,100-249,70,70,0.04285714285714286,22830317.0,7.568883077707594,1.740912975191072,3.4890315552799755,6.352870337767449,12.040645558447427,17.101407268702246,22.618456353529858,True
115,001-019,3090,3090,0.6912621359223301,76102453.0,4.2153700354441925,0.0,0.0,0.0,5.760997980609924,13.838053268629551,21.796170395587872,True
115,020-049,4257,4257,0.44561898050270143,264638817.0,4.5563988445429,0.0,0.0,2.5295642825523306,6.646505599680967,12.3055410346561,17.51376818392229,True
115,050-099,2336,2336,0.2482876712328767,310022141.0,4.700309453059354,0.0,0.7594456047085627,3.0443644062748674,6.776983349367156,12.028709377134696,16.28817717722892,True
115,100-249,2055,2055,0.12214111922141119,560355835.0,4.911878895666358,0.0,1.3832333086282382,3.6737186758081033,7.255663471795957,11.344424854130168,15.517100505576055,True
115,1000+,256,256,0.0234375,501759168.0,4.441573053628788,0.7289665179698327,2.2210752805618093,3.9577021746671504,6.154268945907067,10.758166663236047,12.942876249768643,True
115,250-499,841,841,0.08323424494649227,444274286.0,4.744366411519032,0.3112230130744788,1.7937219730941705,4.009076549307633,7.212204361088846,10.795111356714173,14.066785973851408,True
115,500-999,444,444,0.04279279279279279,410672803.0,4.457076257859715,0.5950306311237666,1.895527006559242,4.0621267378580574,6.7190039423314385,9.327333346474461,10.888751666902719,True
123,100-249,2,2,0.0,305831.0,3.9237356579287255,1.8745038405293664,3.2287532004411386,5.485835466960759,7.742917733480379,9.097167093392152,9.548583546696076,False
128,001-019,1,1,1.0,29120.0,0.0,0.0,0.0,0.0,0.0,0.0,0.0,False
138,050-099,1,1,0.0,101163.0,1.9770074038927277,1.9770074038927277,1.9770074038927277,1.9770074038927277,1.9770074038927277,1.9770074038927277,1.9770074038927277,False
144,020-049,1,1,1.0,28027.0,0.0,0.0,0.0,0.0,0.0,0.0,0.0,False
145,050-099,1,1,0.0,22551.0,26.60635891978183,26.60635891978183,26.60635891978183,26.60635891978183,26.60635891978183,26.60635891978183,26.60635891978183,False
162,001-019,1,1,1.0,1920.0,0.0,0.0,0.0,0.0,0.0,0.0,0.0,False
178,050-099,1,1,1.0,195184.0,0.0,0.0,0.0,0.0,0.0,0.0,0.0,False
179,001-019,1,1,1.0,38525.0,0.0,0.0,0.0,0.0,0.0,0.0,0.0,False
179,020-049,4,4,0.25,236187.0,17.78251978305326,4.49969064626807,11.249226615670173,17.339714850752365,19.718695521624582,19.78751787544872,19.81045866005677,False
179,050-099,1,1,0.0,116484.0,22.320662065176332,22.320662065176332,22.320662065176332,22.320662065176332,22.320662065176332,22.320662065176332,22.320662065176332,False
193,020-049,1,1,0.0,77236.0,2.589466052100057,2.589466052100057,2.589466052100057,2.589466052100057,2.589466052100057,2.589466052100057,2.589466052100057,False
193,050-099,2,2,0.0,342958.0,8.74742679861674,4.6019300357201445,6.103312665821788,8.605617049324525,11.107921432827265,12.609304062928906,13.109764939629454,False
193,100-249,15,15,0.0,4942397.0,7.122050292600939,3.9415902594375725,4.582051255585537,6.852365779285298,9.210457985928507,10.377209716285256,11.280259924134342,False
193,250-499,2,2,0.0,1034347.0,10.828087672705582,6.455700705728284,8.122439363457183,10.900337126338684,13.678234889220183,15.344973546949083,15.900553099525382,False
201,100-249,3,3,0.0,711044.0,4.500424727583666,2.729406920696654,3.171868379383806,3.9093041438623923,5.41698953442254,6.321600768758629,6.623137846870659,False
211,001-019,396,396,0.8838383838383839,7405200.0,1.6744990007022094,0.0,0.0,0.0,0.0,6.658022474898598,11.11111111111111,True
211,020-049,446,446,0.7107623318385651,28202710.0,1.3970288670840498,0.0,0.0,0.0,2.3272761085408202,4.698433040300232,8.019033979286258,True
211,050-099,294,294,0.48299319727891155,43820398.0,1.4650711296597534,0.0,0.0,0.928614000374665,1.9969546441676442,4.3651867899113705,5.665083459170438,True
211,100-249,302,302,0.5198675496688742,96777573.0,0.6923091572052545,0.0,0.0,0.0,0.9422318093731892,2.1047245360563207,3.061717611583942,True
211,1000+,78,78,0.24358974358974358,284673184.0,0.277511210890872,0.0,0.03004085457089068,0.1099829099460579,0.34956390176602425,1.0488572800233615,1.65799124124015,True
211,250-499,255,255,0.4549019607843137,180923412.0,0.4863936570022237,0.0,0.0,0.23499443063199402,0.6830364211440036,1.1610178831750995,1.66217217502916,True
211,500-999,132,132,0.3787878787878788,192683434.0,0.49511262083900787,0.0,0.0,0.18474132145536057,0.4981392485687648,1.0289013582358706,1.7564708160698443,True
212,001-019,289,289,0.8442906574394463,4974426.0,2.412338629622795,0.0,0.0,0.0,0.0,7.799590732306064,14.583883208751343,True
212,020-049,461,461,0.4403470715835141,29830294.0,4.686510967676014,0.0,0.0,2.566405748748877,6.856907763162406,12.523677577920756,16.99668564629897,True
212,050-099,225,225,0.25333333333333335,29865885.0,3.7300083355976223,0.0,0.0,2.4451222866783624,5.377789728421619,9.8315077921511,13.798248961638786,True
212,100-249,123,123,0.13821138211382114,39226791.0,3.2630759931394846,0.0,0.8728550280419469,2.1402678010086014,4.6291027079351075,7.401335661581995,8.661789258840033,True
212,1000+,1,1,0.0,2789340.0,1.290627890468713,1.290627890468713,1.290627890468713,1.290627890468713,1.290627890468713,1.290627890468713,1.290627890468713,False
212,250-499,21,21,0.0,12929920.0,2.954387962183834,0.8218311219227561,1.283797575933417,2.0548226688036824,3.9087133036966004,8.444444444444445,11.160131689553937,False
212,500-999,6,6,0.3333333333333333,6658687.0,2.9735592016864585,0.0,0.5248780970619573,3.2676810402685805,5.363574030826484,6.105013342013437,6.321112274517388,False
213,001-019,777,777,0.8635778635778636,16941195.0,1.5229150009783843,0.0,0.0,0.0,0.0,5.460095459090157,10.666043412103223,True
213,020-049,1590,1590,0.6981132075471698,109254259.0,1.2704310227393516,0.0,0.0,0.0,2.0982037791971466,4.087094289736981,6.456581391362543,True
213,050-099,742,742,0.477088948787062,128260964.0,1.269287201053627,0.0,0.0,0.752664391583169,1.8365851735098977,3.6630779872608388,5.117626045157366,True
213,100-249,639,639,0.297339593114241,261308575.0,0.8702355060487394,0.0,0.0,0.6242937676753173,1.1689568337438718,2.056423109054688,2.9571455878319544,True
213,1000+,119,119,0.058823529411764705,669536252.0,0.7494739806859629,0.08790501031731868,0.21856595693355907,0.5451986985743599,1.000078789482329,1.8858937148556632,2.2290203737953305,True
213,250-499,535,535,0.13271028037383178,505821928.0,0.8928043151185806,0.0,0.31015243968305295,0.6850581956937242,1.2148241107344118,1.9782216472141352,2.423885792660412,True
213,500-999,240,240,0.08333333333333333,435525760.0,0.8688349456068913,0.11060850520308842,0.39036178889215517,0.696525949894194,1.2132984868763992,1.7095660914807573,2.2343688932620087,True
220,100-249,1,1,0.0,294975.0,6.780235613187558,6.780235613187558,6.780235613187558,6.780235613187558,6.780235613187558,6.780235613187558,6.780235613187558,False
220,250-499,1,1,0.0,447070.0,5.815644082582146,5.815644082582146,5.815644082582146,5.815644082582146,5.815644082582146,5.815644082582146,5.815644082582146,False
221,001-019,13031,13031,0.8103752589977745,206829756.0,3.3389779756835374,0.0,0.0,0.0,0.0,11.11111111111111,19.057454454851623,True
221,020-049,19763,19763,0.5285128775995547,1221311518.0,2.9517448635082797,0.0,0.0,0.0,4.5021216299487286,8.685871138214331,11.741223435481977,True
221,050-099,10490,10490,0.32354623450905623,1446924231.0,2.9715446793150013,0.0,0.0,1.8784239695426486,4.405270180275265,7.561168165910343,10.101171767807555,True
221,100-249,6832,6832,0.20242974238875877,2043145670.0,2.5571353412113784,0.0,0.6315269924694703,1.8403101592139435,3.7908493666209484,6.340403516062264,8.095576396119904,True
221,1000+,674,674,0.1513353115727003,3433134592.0,1.0264089290910037,0.0,0.06797831967450621,0.21990080274788043,0.9934278576090314,3.1156325564404583,4.7961956696070365,True
221,250-499,2009,2009,0.18018914883026382,1347840741.0,2.030803726832887,0.0,0.37098937300941015,1.3861094506674982,2.9302902269326636,5.222635932565745,6.905150641276101,True
221,500-999,1192,1192,0.23825503355704697,1632309753.0,1.1298100722675766,0.0,0.10370860550454794,0.3875623042311332,1.5955923942933288,3.2849053883496087,4.932588081111405,True
222,001-019,1,1,1.0,4200.0,0.0,0.0,0.0,0.0,0.0,0.0,0.0,False
222,020-049,7,7,0.14285714285714285,378147.0,15.866845433125214,1.6893318692457138,3.128088278188513,4.109392015451314,21.835911064407476,39.790237894783566,43.80404433315309,False
222,050-099,3,3,0.0,464873.0,7.313825496425905,3.2045391165209116,3.770735446879744,4.714395997477798,9.51441605314677,12.394428086548153,13.354432097681945,False
222,100-249,3,3,0.0,1385674.0,13.423070650095188,10.597194422356178,11.579515256259139,13.216716646097407,15.938021988673558,17.57080519421925,18.11506626273448,False
222,250-499,3,3,0.0,2254514.0,3.4597256881083904,2.175003486118481,2.842274430521144,3.9543926711922492,4.220788076685638,4.380625319981671,4.433904401080349,False
228,020-049,2,2,0.5,145437.0,4.125497638152602,1.2178537357663346,3.044634339415836,6.089268678831672,9.133903018247508,10.96068362189701,11.569610489780176,False
228,050-099,1,1,0.0,133648.0,2.9929366694600743,2.9929366694600743,2.9929366694600743,2.9929366694600743,2.9929366694600743,2.9929366694600743,2.9929366694600743,False
228,100-249,4,4,0.0,1223315.0,4.087254713626498,1.9452151429825026,2.300497639811174,3.327862683777818,5.206270271545126,7.093429347214993,7.72248237243828,False
231,020-049,1,1,0.0,31354.0,12.757542897237991,12.757542897237991,12.757542897237991,12.757542897237991,12.757542897237991,12.757542897237991,12.757542897237991,False
231,250-499,1,1,0.0,1045206.0,15.499336972807274,15.499336972807274,15.499336972807274,15.499336972807274,15.499336972807274,15.499336972807274,15.499336972807274,False
232,001-019,1,1,1.0,3800.0,0.0,0.0,0.0,0.0,0.0,0.0,0.0,False
232,020-049,2,2,0.0,157054.0,5.093789397277369,4.569739525432085,4.813798375080365,5.220563124494166,5.627327873907967,5.871386723556247,5.952739673439008,False
232,050-099,4,4,0.0,560396.0,2.8551238766871996,1.6827608008229868,1.732756819218138,1.9199509600750813,3.0613217959680026,4.828835865427916,5.418007221914551,False
232,100-249,3,3,0.0,1098326.0,1.0925717865187567,0.6679854135860614,0.9778070512275364,1.4941764472966612,1.5065655513514054,1.5139990137842518,1.5164768345952007,False
232,500-999,1,1,0.0,1157785.0,1.3819491529083552,1.3819491529083552,1.3819491529083552,1.3819491529083552,1.3819491529083552,1.3819491529083552,1.3819491529083552,False
235,020-049,1,1,1.0,59483.0,0.0,0.0,0.0,0.0,0.0,0.0,0.0,False
235,050-099,4,4,1.0,648968.0,0.0,0.0,0.0,0.0,0.0,0.0,0.0,False
235,100-249,4,4,0.5,1034400.0,0.3866976024748647,0.0,0.0,0.2668438509837199,0.6231695890223896,0.7842369857212994,0.8379261179542692,False
235,500-999,1,1,0.0,486510.0,2.466547450206573,2.466547450206573,2.466547450206573,2.466547450206573,2.466547450206573,2.466547450206573,2.466547450206573,False
236,001-019,11129,11129,0.8246023901518555,184034079.0,3.4243657665165372,0.0,0.0,0.0,0.0,10.20518485367624,19.23076923076923,True
236,020-049,23489,23489,0.5493635318659799,1422872086.0,3.4313695855299815,0.0,0.0,0.0,4.9827472376895,10.568126509772195,15.288708154444677,True
236,050-099,12537,12537,0.3848608119964904,1686695501.0,2.9818067321684283,0.0,0.0,1.5783700172831516,4.217029419051484,8.564138019413287,12.406742651921553,True
236,100-249,7719,7719,0.2571576629097033,2246725140.0,2.3524907011989904,0.0,0.0,1.362569533626513,3.304640255317233,6.649815934255985,9.536880657848045,True
236,1000+,391,391,0.030690537084398978,1459193307.0,1.1332288820592842,0.19162510158525697,0.38253207231898173,0.8315911498743466,1.4809684845761595,2.939182339399839,4.669392071011222,True
236,250-499,2393,2393,0.1416631842875052,1541663293.0,1.8726527466202052,0.0,0.4445985719493869,1.3205271544400525,2.361673414304993,4.684072202292781,6.7090907616029245,True
236,500-999,817,817,0.07343941248470012,1087489938.0,1.7322459125134453,0.1417659455701406,0.488032229648446,1.1385203561747081,2.1809537310665954,4.132723802530076,6.22062927777613,True
237,001-019,9029,9029,0.7508029682135342,165009488.0,4.754878095252317,0.0,0.0,0.0,0.0,14.707180058023395,23.638991833200976,True
237,020-049,19579,19579,0.49103631441850965,1240728811.0,3.7384478855307246,0.0,0.0,1.8786575113423947,5.503198785305587,10.91828227500832,15.668741908330334,True
237,050-099,12641,12641,0.31421564749624237,1785098874.0,3.1398820993262246,0.0,0.0,1.9725422124033454,4.677432557269315,8.408071748878923,11.331353044491749,True
237,100-249,10054,10054,0.18967575094489755,3178689647.0,2.4266603086841085,0.0,0.6192585541477844,1.7045977441870317,3.531965948995182,6.139539507012588,8.319956006814541,True
237,1000+,2099,2099,0.39066222010481183,9375349287.0,0.3405099801909919,0.0,0.0,0.06572461386789352,0.4113421326964949,1.3254855616892165,1.9272662708119221,True
237,250-499,3458,3458,0.13302486986697512,2473545407.0,1.693924836852611,0.0,0.4008887653784095,1.211503723259902,2.4024687994963054,4.08811924953131,5.72339315997533,True
237,500-999,1868,1868,0.2510706638115632,2683838894.0,1.0034879537743222,0.0,0.0,0.45192552564094957,1.396855769517902,2.6693340124381724,3.806321436691717,True
238,001-019,20228,20228,0.7326972513347835,436650852.0,3.939073958339603,0.0,0.0,0.0,5.292231401656694,14.003739704910833,21.359763366137745,True
238,020-049,63593,63593,0.47292941046970577,3903833464.0,3.85882239570863,0.0,0.0,2.2708950732931386,5.842742583368633,11.225528348358095,15.464076979448125,True
238,050-099,35578,35578,0.28635673730957334,4839027022.0,3.5933669973211404,0.0,0.0,2.291495403530067,5.37216212981885,9.402861866207783,12.487668438463544,True
238,100-249,22661,22661,0.16685053616345263,6616059959.0,3.024700520251135,0.0,0.7952507624466685,2.0917920173033036,4.349017339532133,7.656842208889594,10.443591551134435,True
238,1000+,759,759,0.043478260869565216,2830354418.0,1.1956099838518528,0.13917961964993542,0.4016299263883185,0.9279418075152753,1.7141083488318563,2.8760472598720974,4.200232568262495,True
238,250-499,5518,5518,0.08916274012323305,3662670118.0,2.3032923327003263,0.2363519713457992,0.7018717848816263,1.6377167605794978,3.1306520895155874,5.5814629522737516,8.015521131270612,True
238,500-999,1792,1792,0.0625,2396631114.0,1.7943520698196194,0.19334643337948557,0.5748614644290089,1.2396826550217712,2.3218265135211,4.285790221243459,6.775659963467785,True
241,001-019,2,2,0.5,40071.0,4.991140725212747,0.9172208209126348,2.293052052281587,4.586104104563174,6.879156156844761,8.254987388213713,8.71359779867003,False
256,050-099,1,1,1.0,96000.0,0.0,0.0,0.0,0.0,0.0,0.0,0.0,False
267,020-049,1,1,0.0,53205.0,3.75904520251856,3.75904520251856,3.75904520251856,3.75904520251856,3.75904520251856,3.75904520251856,3.75904520251856,False
268,050-099,1,1,0.0,158000.0,10.126582278481013,10.126582278481013,10.126582278481013,10.126582278481013,10.126582278481013,10.126582278481013,10.126582278481013,False
272,250-499,1,1,0.0,452687.0,2.6508382171345763,2.6508382171345763,2.6508382171345763,2.6508382171345763,2.6508382171345763,2.6508382171345763,2.6508382171345763,False
283,001-019,20,20,1.0,60104.0,0.0,0.0,0.0,0.0,0.0,0.0,0.0,False
291,020-049,1,1,0.0,84927.0,4.709927349370636,4.709927349370636,4.709927349370636,4.709927349370636,4.709927349370636,4.709927349370636,4.709927349370636,False
295,001-019,1,1,1.0,48484.0,0.0,0.0,0.0,0.0,0.0,0.0,0.0,False
295,020-049,2,2,1.0,104488.0,0.0,0.0,0.0,0.0,0.0,0.0,0.0,False
306,020-049,1,1,1.0,96028.0,0.0,0.0,0.0,0.0,0.0,0.0,0.0,False
311,001-019,3644,3644,0.6984083424807903,78414575.0,4.440501016552089,0.0,0.0,0.0,6.14519966075508,15.088291991603334,22.027220826894833,True
311,020-049,12455,12455,0.37896427137695704,800201925.0,4.777794054919325,0.0,0.0,3.14381376047283,7.008035896440717,12.364676791897008,16.82335251623786,True
311,050-099,9481,9481,0.1479801708680519,1376265845.0,5.160630866342542,0.0,1.6200891049007695,3.8803055093871057,7.39309062872955,11.973717689671172,15.497568818891537,True
311,100-249,13022,13022,0.07794501612655506,4308834671.0,4.80088041883471,0.6495229174382361,1.942567235706528,3.9394756673825455,6.7089189228090715,10.381956105087369,13.557556107300229,True
311,1000+,1507,1507,0.0013271400132714001,4786267780.0,4.611777070274994,1.0418326865914056,1.7478685508541258,3.117903521672028,5.336895194277454,9.249417300096546,13.726808198311689,True
311,250-499,6750,6750,0.015851851851851853,4829034608.0,3.9477041577665166,0.9784712988944315,1.8253248465239844,3.180755172193316,5.235866732970022,8.174552180008963,10.54984529161664,True
311,500-999,3426,3426,0.006713368359603036,4742604909.0,3.5970949145745084,0.8351865096342007,1.4631707931901277,2.6639642175329583,4.527797828677265,7.235903172999931,10.795286972071032,True
312,001-019,1116,1116,0.6845878136200717,21151434.0,5.247871137247715,0.0,0.0,0.0,7.136741682974559,17.56816314588404,26.666666666666668,True
312,020-049,2754,2754,0.3467683369644154,161735358.0,5.483031113085365,0.0,0.0,3.8972744614051447,8.473913800774834,13.671783435528976,17.794359659097427,True
312,050-099,2028,2028,0.16814595660749507,265893400.0,5.204341288651768,0.0,1.7167800035660075,4.127654910419048,7.454365442242341,12.0,15.90975272636112,True
312,100-249,2257,2257,0.06911829862649535,668265852.0,4.7439203881391805,0.721540767399976,1.879425459636989,3.8906180524677634,6.749525122696724,10.341657155477005,13.278746399976782,True
312,1000+,216,216,0.0787037037037037,3408512953.0,0.23945926310229282,0.008540519212324994,0.03416207684929998,0.0910093072809748,0.5920044718402336,3.328699431275948,5.2525445963310595,True
312,250-499,968,968,0.026859504132231406,679320991.0,4.845132188768181,0.7413089535085611,1.8735323449698071,3.6865881285280286,6.763657134689886,9.99698309539906,12.069778581133964,True
312,500-999,469,469,0.017057569296375266,596983148.0,4.82693692385434,0.8260111558271359,1.69370059819388,3.565449678413152,7.259816741483111,10.697758782328737,13.51491897090852,True
313,001-019,187,187,0.7058823529411765,4625641.0,3.8913525714598256,0.0,0.0,0.0,5.854947653455716,12.005589051471217,17.85905579911127,True
313,020-049,1092,1092,0.3983516483516483,68701080.0,4.468634263100376,0.0,0.0,3.1006144706604837,6.9987246359761235,12.108170700060999,17.035142221006524,True
313,050-099,1039,1039,0.20404234841193455,147573325.0,4.008854581273411,0.0,1.1636297497661394,3.011881873992902,6.2120000494131435,9.85957865525083,12.11788557807167,True
313,100-249,1476,1476,0.10094850948509485,467362438.0,3.0143629129219836,0.0,1.0767305232300752,2.4456779984343155,4.514830233219627,6.959500836623299,9.10050263578153,True
313,1000+,13,13,0.0,36326324.0,4.255866902469956,1.9085474872237551,3.6910077180688132,4.4406214266874455,4.898575778597016,5.959258208438935,6.140646304050783,False
313,250-499,499,499,0.03006012024048096,327167256.0,2.4745752673977863,0.44630603651229683,1.147758625533656,2.102423042556546,3.388420144581201,4.95945402707797,6.296694176189994,True
313,500-999,91,91,0.04395604395604396,113906923.0,1.747040432301029,0.21253714086536624,0.7317801278582607,1.3546058048729042,2.1653649983343755,4.005771794664138,4.572479758509708,True
314,001-019,204,204,0.7107843137254902,4705402.0,4.122920847145473,0.0,0.0,0.0,5.910947630049338,14.864063083714822,20.22322792832687,True
314,020-049,839,839,0.3814064362336114,54267297.0,4.51100411358244,0.0,0.0,3.0139546098435757,6.734013286455668,11.546117714862458,15.592605768190193,True
314,050-099,565,565,0.2831858407079646,77932586.0,3.3875431773815383,0.0,0.0,1.9655053805709792,5.4945054945054945,8.900095322388967,11.899792045231475,True
314,100-249,637,637,0.1130298273155416,192897708.0,3.528294903327726,0.0,1.0475701610115338,2.7679553805592656,5.016722408026756,8.3403686251253,10.397740452275142,True
314,1000+,21,21,0.0,57346685.0,2.4064163429847776,0.8678562082427648,1.5256235628745227,2.4064442169686204,3.5890880679386763,3.927302717584389,3.9285595805345985,False
314,250-499,351,351,0.039886039886039885,241689819.0,3.0741882429064997,0.41512034338754805,1.0122464955182786,2.510838452653956,4.13457921661122,6.70029954280309,9.0495057537354,True
314,500-999,107,107,0.0,138996681.0,1.9007648103482413,0.6101973431173746,0.9643012297324144,1.7281689062912755,2.633892236950941,3.675894600018726,4.114957120921409,True
315,001-019,80,80,0.8375,1797363.0,2.114208426455869,0.0,0.0,0.0,0.0,10.479537878814625,13.171044051281637,True
315,020-049,420,420,0.6404761904761904,25580787.0,2.1109592914400954,0.0,0.0,0.0,3.252238450444101,6.77474692838992,9.877425353154562,True
315,050-099,364,364,0.260989010989011,47477153.0,3.079375884227936,0.0,0.0,2.201218169383252,4.4874768803650955,6.788140859057899,8.546134581435625,True
315,100-249,393,393,0.1475826972010178,107518243.0,3.6533335091794608,0.0,1.0360815396171679,2.6434512900042297,5.052631578947368,8.367538294088751,10.736592947452284,True
315,1000+,14,14,0.0,27709205.0,3.608909024997289,1.4554653284683017,2.5760035316419785,3.6702071571027743,4.075223535406081,6.496205704348801,6.744934480836275,False
315,250-499,146,146,0.06164383561643835,96420741.0,2.7711879957446084,0.339418843356051,1.0063774587627001,2.1691865740951695,3.978222842077256,6.035187851779661,8.127890930746153,True
315,500-999,54,54,0.0,54621295.0,3.3283722035517465,0.658280207917341,1.5252181095168045,2.8881745329882067,4.684024128507827,7.909138656929047,9.581113125687935,True
316,001-019,22,22,0.8181818181818182,541663.0,2.2153996119358346,0.0,0.0,0.0,0.0,6.966093486030808,18.402604818920395,False
316,020-049,257,257,0.43190661478599224,15474347.0,5.066449653739832,0.0,0.0,2.7662517289073305,6.475216110337683,13.898350160653228,22.62711859504374,True
316,050-099,136,136,0.16176470588235295,18276595.0,5.90919698116635,0.0,1.748957008693671,4.9146609802067704,8.058608469342296,12.584566490804654,16.087443320219165,True
316,100-249,203,203,0.08866995073891626,64048506.0,5.380297239095632,0.6717058341939437,2.3083387209465873,4.252617638035412,7.909493451947117,11.60324096037558,14.547914508064997,True
316,1000+,4,4,0.0,5760381.0,3.888631672106411,2.472440991009268,3.2381771191654125,3.6970797709371785,4.373373468999531,5.530413480478732,5.91609348430513,False
316,250-499,101,101,0.0297029702970297,63434725.0,5.16436384015222,1.5402130371332527,3.0158134176554765,4.487567834395925,7.29648607863622,9.741857570683056,11.706241314724187,True
316,500-999,24,24,0.125,30100659.0,2.983323388368341,0.2474896301844955,1.5547971550950854,2.301329304194628,4.095589213996203,6.444457422942799,11.568215742315166,False
321,001-019,1897,1897,0.6056931997891407,45464381.0,6.3214321558672495,0.0,0.0,0.0,9.1726288754357,18.973351968200085,26.376529024206256,True
321,020-049,10043,10043,0.27561485611868963,655735187.0,6.732595851989867,0.0,0.0,4.680826165818267,9.972575442396476,16.904932433143724,22.338268119121018,True
321,050-099,6772,6772,0.1135558180744241,967444655.0,6.235602180261154,0.0,2.179235924130124,5.0437652011961145,9.037939020246132,13.98428824219806,17.70097803012514,True
321,100-249,5600,5600,0.05107142857142857,1761561600.0,5.444714507854849,0.8296004663122631,2.111628688215766,4.3548475061869,7.827660997742219,12.267013104064535,15.51402885466341,True
321,1000+,52,52,0.038461538461538464,230085810.0,3.0032273611310494,0.7794497680027145,1.537458892228951,2.740487637300421,3.888126720336009,5.358181199346718,5.900390419051898,True
321,250-499,1110,1110,0.013513513513513514,729213671.0,4.52076000643164,0.9470586759356691,1.7288290576059115,3.455479678790317,6.25886060268568,10.583548005170613,13.161982590125486,True
321,500-999,190,190,0.005263157894736842,234512441.0,3.87868548091229,0.7871143446812582,1.6811716208110392,3.269324134636448,5.450353870877934,8.199941804662798,10.360300526251734,True
322,001-019,760,760,0.7684210526315789,16976893.0,3.133671161148274,0.0,0.0,0.0,0.0,10.002604654960914,15.076588836802248,True
322,020-049,3604,3604,0.42286348501664817,247418675.0,3.6084584156794146,0.0,0.0,2.477977180821446,5.495203773711129,9.718997295707387,12.923272151965778,True
322,050-099,4576,4576,0.2388548951048951,693205983.0,3.1508672076767117,0.0,0.9333473379488297,2.365101370012888,4.640443528274899,7.639287607569177,9.78606407144601,True
322,100-249,5984,5984,0.1081216577540107,1852822435.0,2.6094243618115516,0.0,0.9595075395926738,2.0808876197269033,3.740974898058434,5.748710143810176,7.440605165660859,True
322,1000+,94,94,0.0425531914893617,267915086.0,1.5407866953785498,0.29046149444093555,0.7571330492772046,1.2348550171445787,2.4216556675616125,3.300105184382772,3.8648915076630677,True
322,250-499,1520,1520,0.038157894736842106,1087268663.0,2.1102420018887273,0.40072191347036146,0.9033822382842527,1.6391487228398245,2.8315287421799376,4.586319867602141,6.043307797731795,True
322,500-999,572,572,0.017482517482517484,803164694.0,1.7530651067189464,0.5143376699328056,0.8325348380850349,1.461107239760484,2.2560251173973804,3.561824997331501,4.4157416829369955,True
323,001-019,857,857,0.7957992998833139,17892284.0,2.548584630112064,0.0,0.0,0.0,0.0,9.239845689247689,15.210863036949954,True
323,020-049,4653,4653,0.5267569310122502,291593299.0,2.8327125583225423,0.0,0.0,0.0,4.408490753190645,8.084139815543939,10.808357392892972,True
323,050-099,3646,3646,0.29402084476138235,506530841.0,2.7449463832351326,0.0,0.0,1.9243999484420762,4.055263163582087,6.772020096278499,8.813735783773934,True
323,100-249,3430,3430,0.1043731778425656,1035734762.0,2.883363684958563,0.0,1.0879027465417823,2.3983693035487548,4.006410256410256,6.071459104980384,7.510295473501069,True
323,1000+,40,40,0.05,97380325.0,2.493316796796478,0.6549794674006488,1.2086011023954968,2.1863501126952403,3.480813971707481,5.077072335617681,5.892912637872025,True
323,250-499,1014,1014,0.04339250493096647,657227271.0,2.7031745004993866,0.6184398863716775,1.3384585794504225,2.2951560437271414,3.735605261327322,5.47483060034643,6.389201997954085,True
323,500-999,293,293,0.0034129692832764505,385193285.0,2.8063832940389912,0.6540743735199435,1.4164406263500449,2.361458052756449,3.8240040381482645,5.415259559163269,7.0880181392139,True
324,001-019,702,702,0.8076923076923077,13259184.0,2.6396797872327586,0.0,0.0,0.0,0.0,10.930104265396373,17.402542855633577,True
324,020-049,1444,1444,0.546398891966759,88816323.0,2.7022059897705963,0.0,0.0,0.0,4.322665873987489,8.362060532928563,10.986307887615462,True
324,050-099,879,879,0.31968145620022753,127662000.0,2.3765881781579483,0.0,0.0,1.6968997641309327,3.8392592963437018,6.438895967483184,8.443209835344877,True
324,100-249,853,853,0.24150058616647127,275408964.0,1.6441004440218583,0.0,0.38109973951832804,1.148748582013469,2.4739411531864364,4.132572120426172,5.707922696876713,True
324,1000+,105,105,0.13333333333333333,300235152.0,0.3517243044212225,0.0,0.10182920899579598,0.23909495387111168,0.49215141530443257,0.7350588108684813,1.0944058076474916,True
324,250-499,434,434,0.21889400921658986,333341952.0,1.0019740929578524,0.0,0.19837232121972542,0.48274621758744507,1.1051029653541302,2.152759575372702,4.139313438928963,True
324,500-999,286,286,0.19230769230769232,422018125.0,0.47817851425220187,0.0,0.12725634973163744,0.27024366068532923,0.5834311809761936,1.0074558061279,2.2520151911319797,True
325,001-019,3767,3767,0.7541810459251393,78717761.0,3.5316045129891336,0.0,0.0,0.0,0.0,12.56328775146094,20.576923076923062,True
325,020-049,13876,13876,0.512827904295186,922784671.0,2.92267533776577,0.0,0.0,0.0,4.435979147194031,8.52787549689397,11.790271851598616,True
325,050-099,10278,10278,0.3362521891418564,1458562270.0,2.64959548144626,0.0,0.0,1.6812869902986782,3.8784027942864068,6.933154501518863,9.209018959133681,True
325,100-249,8764,8764,0.2149703331811958,2723651913.0,2.119213535492632,0.0,0.5223966247966794,1.4370398072399895,3.0790858968776287,5.344866853720962,7.260890403232903,True
325,1000+,737,737,0.016282225237449117,3487776826.0,0.7789489223471319,0.13325361267515862,0.3211062753398007,0.6891167934616599,1.2560945351700676,1.9784860154221935,2.6904396939646946,True
325,250-499,3441,3441,0.11915140947399012,2402900977.0,1.641349368014344,0.0,0.4676087424130482,1.185592677779622,2.3350058894037433,3.8250425535984087,5.367162722615272,True
325,500-999,1549,1549,0.08521626856036152,2111891180.0,1.2125624768223142,0.11706042321000436,0.35505122501548914,0.8411798388419597,1.7610370551547023,3.0238563836477685,4.052861172734096,True
326,001-019,1858,1858,0.6953713670613563,42542990.0,4.136991781724792,0.0,0.0,0.0,5.868983491749652,13.133616841177629,19.576756331415453,True
326,020-049,9413,9413,0.3962604908105811,627085914.0,4.142654047878996,0.0,0.0,2.8711293587332576,6.382978723404255,11.326572149541738,14.813278729145122,True
326,050-099,9765,9765,0.20348182283666155,1392052648.0,4.052720281884051,0.0,1.2171002586338049,3.076923076923077,5.94380135815861,9.726285698008308,12.563989258046098,True
326,100-249,10397,10397,0.09377705107242473,3211495622.0,3.476137387055731,0.4259954725306065,1.26018783099621,2.738600575106121,4.961178776077196,7.798981579408705,10.223942929115523,True
326,1000+,308,308,0.003246753246753247,979863458.0,2.8552957834661896,0.7869395877075989,1.5394842685240886,2.5809373623995153,3.7960583264088394,4.8703592949795755,5.370703921184704,True
326,250-499,3247,3247,0.03233754234678164,2204104276.0,2.9767194190589192,0.6001078887032312,1.2558920349501745,2.3586677003424414,4.013495378346722,6.399739097663635,8.1556747013341,True
326,500-999,971,971,0.02368692070030896,1263595486.0,2.387314637811234,0.5587424569768308,1.0695557617585947,1.9310323035372123,3.3431280171793296,4.787348633344947,5.935360137429846,True
327,001-019,4956,4956,0.6561743341404358,108611573.0,5.095221298378581,0.0,0.0,0.0,7.361400703323958,16.763763382750263,25.01801205997229,True
327,020-049,12052,12052,0.3503153003650846,783290236.0,4.797966101546043,0.0,0.0,3.4616300355320173,7.358013353206144,12.456899129322888,16.59364229443707,True
327,050-099,5733,5733,0.1927437641723356,820517002.0,4.45694603656732,0.0,1.2954374692333601,3.3542039355992843,6.510628601191445,10.767855797187291,14.041573215218207,True
327,100-249,3704,3704,0.07262419006479481,1170608754.0,3.924795525662027,0.6332801178432091,1.6001072101833342,3.196050444002667,5.595194100715255,8.657440484598721,11.148751585027007,True
327,1000+,33,33,0.0,95498096.0,4.167622357622711,0.7201644503916,1.7205781142463867,3.350376824326714,5.6112269428672885,6.887746459323975,10.587270681108365,True
327,250-499,1194,1194,0.023450586264656615,829331565.0,3.2840906037382047,0.6934363811711168,1.408202574716394,2.7294832236986037,4.3881031506129275,6.9670260541372455,8.48490584828935,True
327,500-999,223,223,0.02242152466367713,296246027.0,2.824004117361547,0.38234174230136597,0.9517433753113032,2.4434529713842568,4.38967670811841,6.569771674112993,7.861704179138225,True
331,001-019,842,842,0.6270783847980997,20552037.0,6.198898921795441,0.0,0.0,0.0,7.883918986643508,19.509310425987312,28.341794471898204,True
331,020-049,3823,3823,0.2885168715668323,257682862.0,6.851833242988429,0.0,0.0,4.366812227074236,9.66675094107869,16.74053833921318,23.57684814820428,True
331,050-099,4006,4006,0.12506240639041438,586653531.0,6.135137367817189,0.0,2.054232157070011,4.762996289019277,8.67773273814667,13.723370324964957,17.717656989430523,True
331,100-249,4493,4493,0.06743823725795682,1463345156.0,4.6709417610564055,0.6193077063993703,1.6634322151372332,3.685245975994875,6.75164740196608,10.981029784876888,14.356455491035119,True
331,1000+,233,233,0.004291845493562232,886792848.0,1.485126997776599,0.4950867824489943,0.7734357174723698,1.242410204802448,1.911299529305735,2.572876536930516,3.576246548356941,True
331,250-499,1628,1628,0.030712530712530713,1194280851.0,3.7649435610016324,0.6822191304828501,1.449442627050681,2.823123951824784,5.1663004613289045,7.873413771008625,10.353900684342689,True
331,500-999,751,751,0.014647137150466045,1104118207.0,2.7723480879072215,0.6287765893900238,1.1525890712376985,2.0787535793538194,3.7968854269007823,6.298703233192463,7.976528329781031,True
332,001-019,5895,5895,0.6614079728583545,142876758.0,4.6977549700560814,0.0,0.0,0.0,6.666666666666667,14.491077076565555,21.789578099136776,True
332,020-049,29472,29472,0.3783930510314875,1888810078.0,4.7929646847214675,0.0,0.0,3.261977579327471,7.308372234181535,12.590494176896444,16.906985576760544,True
332,050-099,20275,20275,0.17430332922318126,2865594172.0,4.670654390205816,0.0,1.4574603802495247,3.5714285714285716,6.775073488768838,10.949384715467048,14.228799761658149,True
332,100-249,14399,14399,0.07563025210084033,4433043065.0,4.028474286883563,0.6122845151538846,1.6102130446303367,3.314413555951444,5.756110041130117,8.923373715784901,11.34952445630196,True
332,1000+,188,188,0.031914893617021274,604247836.0,1.8830021924977154,0.2536431609314371,0.8061360887765769,1.5285103769332824,2.6038127470107244,4.133714757316142,5.792256507765987,True
332,250-499,3846,3846,0.039521580863234526,2639133562.0,3.0560787510457947,0.5190410200949546,1.2247165376510583,2.3986116959330124,4.261131461506813,6.788907805483843,8.890798206706425,True
332,500-999,935,935,0.017112299465240642,1217668048.0,2.8142316829520686,0.5156755918818701,1.2662804963024956,2.3248883525207074,3.7466927092959588,5.721279079231048,7.275828067950853,True
333,001-019,3931,3931,0.7601119308064106,86509491.0,3.3152431795026978,0.0,0.0,0.0,0.0,11.621825788831426,18.88153356760838,True
333,020-049,14338,14338,0.4522946017575673,926721573.0,3.9002005621811504,0.0,0.0,2.3931889842367724,5.67295453311536,10.765233289104009,14.78646899461886,True
333,050-099,10804,10804,0.2381525360977416,1518625088.0,3.696633253565741,0.0,1.0118362352455055,2.5586248356504075,5.399631814865838,9.119417365703113,12.025765298170567,True
333,100-249,9529,9529,0.12036939867772065,2961559780.0,3.271789435227946,0.0,0.9856780972470011,2.4764837233107286,4.679834333864581,7.573311740421204,9.842529513442194,True
333,1000+,754,754,0.007957559681697613,2658713550.0,2.1823336327450544,0.3611528878029166,0.6862023016048715,1.5641202569625134,3.2231897829534164,4.972222046901572,6.165859390085255,True
333,250-499,3606,3606,0.05684969495285635,2484360604.0,2.6929262962986513,0.3318019687656213,0.9298192236361706,2.064672630523521,3.8232620737642122,6.224111742660389,7.904222103275739,True
333,500-999,1510,1510,0.02384105960264901,2061030020.0,2.0973978826373427,0.31763451653654534,0.7130865214731787,1.4840229175206936,2.9257704112505034,4.7342216996465565,6.433842543010002,True
334,001-019,1435,1435,0.8898954703832752,28845951.0,1.5461442058193886,0.0,0.0,0.0,0.0,5.555555555555555,9.866462346546832,True
334,020-049,6045,6045,0.7389578163771712,387445621.0,1.3312835970857444,0.0,0.0,0.0,2.0572110389944354,4.592675648029346,6.899882710205947,True
334,050-099,5128,5128,0.5409516380655226,700651602.0,1.4475097139648017,0.0,0.0,0.0,1.9767047144961793,4.292940134193808,6.187932202352019,True
334,100-249,5701,5701,0.3345027188212594,1740126947.0,1.395530368739241,0.0,0.0,0.8554063821870175,2.0086640375486264,3.7283754225492145,5.096114849441657,True
334,1000+,1073,1073,0.06616961789375582,5243753505.0,0.5964048456926848,0.06769051919881258,0.18055490713416286,0.39349741937237875,0.7163696988642284,1.2250453125573668,1.7496721693715676,True
334,250-499,2696,2696,0.22959940652818991,1824844263.0,1.0625564270412482,0.0,0.22577668532150796,0.6764741183882936,1.50448437928807,2.74331512312618,3.7284274372537882,True
334,500-999,1413,1413,0.10332625619249823,1877330309.0,0.967011501011248,0.0,0.273972602739726,0.6705289132067375,1.3340421543980368,2.248300307206356,3.1211401391775766,True
335,001-019,700,700,0.8371428571428572,15447547.0,2.278678938474827,0.0,0.0,0.0,0.0,8.019978576336959,17.13682609395799,True
335,020-049,2846,2846,0.5657062543921293,182771096.0,2.594502141629659,0.0,0.0,0.0,3.961455379194476,7.9319440739887295,10.923113172455237,True
335,050-099,2584,2584,0.3270123839009288,361708316.0,2.835986773386764,0.0,0.0,1.8143551787669434,4.1418983060752,7.289290566958151,9.62411712352755,True
335,100-249,2984,2984,0.1400804289544236,949635962.0,2.7859096599797892,0.0,0.8530912606465508,2.0196529171465945,3.85053746310983,6.374505520167492,8.688102021007358,True
335,1000+,313,313,0.03194888178913738,1270550580.0,2.785406622694234,0.31867280923832436,0.892943956852948,1.834345365450003,2.927287131929054,4.978847796217265,5.961111075762315,True
335,250-499,1445,1445,0.06089965397923876,978936819.0,2.1263885059777285,0.28933229347307426,0.792862650420911,1.6361562482469754,2.9546287213548745,4.621769541320083,6.1260578155219125,True
335,500-999,524,524,0.02862595419847328,713447090.0,1.932589002500522,0.3335858958850134,0.7831614427989431,1.5247999220429527,2.650346541471066,3.9259388114035323,4.616900309843194,True
336,001-019,2044,2044,0.724559686888454,46464949.0,4.13214700827499,0.0,0.0,0.0,5.342558408517362,12.867861556512091,18.94328362824544,True
336,020-049,7440,7440,0.42849462365591395,479100659.0,4.436645953350692,0.0,0.0,2.662814467527618,6.63703965922967,12.225987479942038,16.934343731333314,True
336,050-099,7015,7015,0.23264433357091946,990274646.0,4.484210534862063,0.0,1.0622481476667098,3.1376814625779192,6.5795680229252325,11.013246181900874,14.974304236695492,True
336,100-249,9708,9708,0.111557478368356,3121744393.0,4.000199384677809,0.0,1.2272782234320827,3.0399872656543767,5.764836674430967,9.20172814356476,12.03584465537606,True
336,1000+,2132,2132,0.019699812382739212,13364717069.0,3.5172910700097066,0.30698023437906286,0.8058715055933113,2.14560551842274,4.433228596168187,7.254476041161312,9.974901126646651,True
336,250-499,5489,5489,0.05811623246492986,3852276088.0,3.248832563944726,0.37572416275410075,1.135845191872649,2.522099900377054,4.63624325209283,7.154180377007119,9.502967608415117,True
336,500-999,2879,2879,0.02605071205279611,3952577775.0,2.806016891090777,0.3993685655885532,0.9607095411590594,2.0884656651893674,3.8559810571339197,6.314614762310177,8.647761769372593,True
337,001-019,681,681,0.6563876651982379,16669356.0,4.571262381102185,0.0,0.0,0.0,6.410256410256411,15.16012886109532,23.676110804198565,True
337,020-049,3926,3926,0.37366276107997964,245884538.0,4.8754590660759645,0.0,0.0,3.309806813615034,7.404075507247567,12.865502195562883,16.69944465796945,True
337,050-099,2848,2848,0.136938202247191,397282804.0,5.256708770108258,0.0,1.8842922848046526,4.1199241323186655,7.479772857346765,11.437494884680238,14.730131588839441,True
337,100-249,2815,2815,0.06216696269982238,853444562.0,4.646113147300129,0.824756099859293,2.1025753019638147,3.8641203544686404,6.512832639918804,9.735830790030194,12.368365101978483,True
337,1000+,145,145,0.0,456590265.0,3.7784423634174504,0.8361931232576527,1.6372648017947697,3.1138945868834975,4.95627516858484,7.214079000003858,7.980249664021375,True
337,250-499,993,993,0.02920443101711984,658872244.0,4.468544587833632,1.0048288017273332,1.9457271831058995,3.437745297450912,5.828614726852257,8.98495918436886,11.087130936284115,True
337,500-999,400,400,0.02,520264128.0,3.16147109031511,0.7179783534855224,1.3612816928854454,2.369726736843311,4.480276621344611,7.448938161032157,8.92985429389973,True
339,001-019,3179,3179,0.8206983328090595,36055971.0,4.2544964327822425,0.0,0.0,0.0,0.0,16.0133254513658,39.201082085425945,True
339,020-049,5122,5122,0.5255759468957438,308802392.0,3.2635757562396086,0.0,0.0,0.0,4.853220479899097,9.255639489121982,13.119330893236365,True
339,050-099,3741,3741,0.3009890403635392,503727912.0,3.2307123771215602,0.0,0.0,2.081382037673015,4.786750275238141,8.161682939022027,10.977378758772101,True
339,100-249,3915,3915,0.15810983397190292,1182546328.0,2.8122365452053564,0.0,0.7712008683304712,2.0470095748872867,4.100310576611385,6.702859629057155,8.877869358412354,True
339,1000+,472,472,0.025423728813559324,1764500869.0,1.053555729362466,0.17005812173151724,0.3999411648274212,0.829161740515213,1.497244739027128,2.4795664662867205,3.4168507930420557,True
339,250-499,1862,1862,0.08163265306122448,1252062424.0,2.1834374609424425,0.25981586623859787,0.760455626334198,1.627151596775735,2.9983702725022763,4.814101620021434,6.3804314187973485,True
339,500-999,919,919,0.06746463547334058,1181827449.0,1.6824791145970412,0.1574257761148851,0.4717810199541237,1.1426307931381212,2.3350265532483494,4.437466271533714,5.786792416036072,True
342,1000+,1,1,0.0,2448441.0,0.4901077869550461,0.4901077869550461,0.4901077869550461,0.4901077869550461,0.4901077869550461,0.4901077869550461,0.4901077869550461,False
344,020-049,2,2,1.0,181334.0,0.0,0.0,0.0,0.0,0.0,0.0,0.0,False
344,050-099,1,1,1.0,104602.0,0.0,0.0,0.0,0.0,0.0,0.0,0.0,False
350,050-099,1,1,0.0,160000.0,2.5,2.5,2.5,2.5,2.5,2.5,2.5,False
351,001-019,7,7,1.0,20751.0,0.0,0.0,0.0,0.0,0.0,0.0,0.0,False
352,020-049,3,3,0.6666666666666666,269315.0,0.7426248073816906,0.0,0.0,0.0,0.8602816562142446,1.3764506499427913,1.54850698118564,False
353,050-099,1,1,1.0,138518.0,0.0,0.0,0.0,0.0,0.0,0.0,0.0,False
354,020-049,2,2,1.0,84518.0,0.0,0.0,0.0,0.0,0.0,0.0,0.0,False
355,020-049,4,4,0.75,372193.0,2.149422477048198,0.0,0.0,0.0,1.8842149889302369,5.2758019690046645,6.406330962362802,False
359,020-049,1,1,0.0,48640.0,24.67105263157895,24.67105263157895,24.67105263157895,24.67105263157895,24.67105263157895,24.67105263157895,24.67105263157895,False
359,100-249,1,1,0.0,339520.0,4.123468426013195,4.123468426013195,4.123468426013195,4.123468426013195,4.123468426013195,4.123468426013195,4.123468426013195,False
361,250-499,2,2,0.0,1055734.0,2.652183220394531,2.652183220394531,2.652183220394531,2.652183220394531,2.652183220394531,2.652183220394531,2.652183220394531,False
361,500-999,1,1,0.0,906098.0,1.5450867345474772,1.5450867345474772,1.5450867345474772,1.5450867345474772,1.5450867345474772,1.5450867345474772,1.5450867345474772,False
366,001-019,5,5,1.0,86741.0,0.0,0.0,0.0,0.0,0.0,0.0,0.0,False
366,020-049,3,3,0.3333333333333333,141177.0,2.833322708373177,0.7192433559894991,1.7981083899737476,3.596216779947495,4.04086428842176,4.307652793506319,4.396582295201172,False
366,050-099,1,1,0.0,74058.0,5.401172054335791,5.401172054335791,5.401172054335791,5.401172054335791,5.401172054335791,5.401172054335791,5.401172054335791,False
366,100-249,4,4,0.5,872592.0,0.9168087720263307,0.0,0.0,0.5113546295491386,1.2257264996193364,1.5911575325572436,1.7129678768698786,False
372,001-019,8,8,0.875,192000.0,1.0416666666666667,0.0,0.0,0.0,0.0,1.953124999999999,4.23177083333333,False
372,100-249,3,3,0.6666666666666666,911748.0,0.21935885793004206,0.0,0.0,0.0,0.39556962025316456,0.6329113924050633,0.7120253164556961,False
393,250-499,3,3,0.0,2050822.0,3.4132655101222826,2.6220847038378636,3.009243451686411,3.65450803143399,3.9660451051842713,4.152967349434441,4.215274764184497,False
393,500-999,1,1,0.0,878700.0,4.552179355866621,4.552179355866621,4.552179355866621,4.552179355866621,4.552179355866621,4.552179355866621,4.552179355866621,False
402,100-249,1,1,0.0,352810.0,1.7006320682520337,1.7006320682520337,1.7006320682520337,1.7006320682520337,1.7006320682520337,1.7006320682520337,1.7006320682520337,False
403,020-049,1,1,0.0,110000.0,1.8181818181818181,1.8181818181818181,1.8181818181818181,1.8181818181818181,1.8181818181818181,1.8181818181818181,1.8181818181818181,False
417,020-049,1,1,1.0,54329.0,0.0,0.0,0.0,0.0,0.0,0.0,0.0,False
419,020-049,1,1,1.0,38146.0,0.0,0.0,0.0,0.0,0.0,0.0,0.0,False
420,050-099,1,1,0.0,160000.0,2.5,2.5,2.5,2.5,2.5,2.5,2.5,False
421,001-019,237,237,0.7383966244725738,7755739.0,2.166137875449393,0.0,0.0,0.0,3.4036759700476513,7.6923076923076925,10.256947199072151,True
421,020-049,217,217,0.3548387096774194,20072351.0,2.6603759569569103,0.0,0.0,2.426595486532395,4.188189306156638,6.28849936965231,8.523108302691814,True
421,050-099,34,34,0.17647058823529413,7564673.0,2.5909910448211044,0.0,0.9607199245248241,2.3828290793032476,3.9651604695921,5.803579818935379,6.333905623758281,True
421,100-249,36,36,0.1388888888888889,15450141.0,1.8252260610437148,0.0,0.6635404638345672,1.5153717845604229,2.539751046273138,3.543251123002814,4.318273465792554,True
421,250-499,8,8,0.0,6653397.0,1.893769453408537,0.8858937572171963,1.4284938491433854,1.8803847377050125,2.2223245534166587,2.68196819721413,2.935371853709105,False
422,001-019,14,14,0.5,259234.0,5.400526165549272,0.0,0.0,3.5201351731906505,8.134049129656743,15.92483477983916,18.76460414535699,False
422,020-049,17,17,0.35294117647058826,1121228.0,3.0323894872407755,0.0,0.0,3.44376334458296,4.446321780307241,8.738246760179809,12.595181808824146,False
422,050-099,5,5,0.0,537294.0,8.189185064415385,6.84093960305448,6.84093960305448,7.648476041148801,9.609471094710948,10.176375933134938,10.365344212609603,False
422,100-249,6,6,0.16666666666666666,2245933.0,5.788240343768046,0.5488112747788291,1.7842863902834902,5.2256505890962295,7.636247433869967,9.782050265059265,10.683414319297498,False
422,250-499,4,4,0.25,2147011.0,4.750790750489867,0.14875197096361528,0.3718799274090382,0.9079870474263155,4.880190386409455,11.288291536993434,13.42432525385475,False
423,001-019,73905,73905,0.8806846627427103,761678516.0,3.2076525051941993,0.0,0.0,0.0,0.0,6.5368449331314435,14.285714285714286,True
423,020-049,55522,55522,0.46727423363711684,3258217256.0,3.8441880991621633,0.0,0.0,2.40458313971408,5.887807856392943,10.938685025519785,14.879743783959954,True
423,050-099,19339,19339,0.2697140493303687,2568640657.0,3.7521791822981334,0.0,0.0,2.594033722438392,5.6072867120689835,9.44923556284335,12.454372949882773,True
423,100-249,9975,9975,0.188671679197995,2869992837.0,3.3418898738526712,0.0,0.7564554023628354,2.3413788965666607,4.976504678594121,8.305494163699468,10.830422932911308,True
423,1000+,327,327,0.1345565749235474,1069388730.0,1.0693959716594357,0.0,0.13557887246153763,0.6121438852947297,1.4002197737461686,2.7688942678349253,3.9519924262279114,True
423,250-499,2741,2741,0.12769062385990515,1774343213.0,2.9053003738121777,0.0,0.6396080481880704,2.0453494888671626,4.295302013422819,7.004973531207157,9.06713164777681,True
423,500-999,891,891,0.12570145903479238,1093419109.0,2.1080663224443428,0.0,0.34328282855683356,1.3396834328048282,3.484175884970971,5.58655989273805,7.375562303819997,True
424,001-019,15233,15233,0.7593382787369527,281525097.0,3.8454830902695685,0.0,0.0,0.0,0.0,12.879378288291255,20.590903598956558,True
424,020-049,26831,26831,0.46442547799187506,1635236435.0,3.7727877559186114,0.0,0.0,2.367424242424242,5.713088686698015,10.42494689792674,14.102970515018486,True
424,050-099,12774,12774,0.21669015187098795,1768304686.0,4.651573942614095,0.0,1.2019230769230769,3.399496510946534,6.854946374984399,11.022578374416222,14.413367252203937,True
424,100-249,11363,11363,0.09143712047874682,3492609993.0,5.64477569482806,0.5192265222200031,2.0037539002823026,4.579398594124632,8.093906772185793,12.074946521328844,14.913299545537063,True
424,1000+,449,449,0.1714922048997773,3450231010.0,0.8477113536812133,0.0,0.041787851435830574,0.5293902332039604,3.6517974603574563,6.853678053137668,8.914467046243981,True
424,250-499,4554,4554,0.046991655687307864,3137729162.0,6.278744589747355,0.8183591468349751,2.777943161070096,5.499634961895757,8.999465134161486,12.855222622381064,15.500265824623193,True
424,500-999,1327,1327,0.04295403165033911,1664525884.0,5.528541243159184,0.6620983560627439,2.291037351766918,4.784594730753968,8.189833624955007,12.338955970773767,14.794285733432469,True
425,001-019,295,295,0.7254237288135593,4676728.0,6.543036071372977,0.0,0.0,0.0,5.332271929613208,27.247417051984993,53.676865271068166,True
425,020-049,798,798,0.7030075187969925,45836555.0,1.95477168823006,0.0,0.0,0.0,2.768213604558808,7.224229614938683,10.907136496918664,True
425,050-099,394,394,0.45685279187817257,48929229.0,2.5138348286665217,0.0,0.0,1.340501821526372,4.073365795547058,8.092896798708969,10.818268462153341,True
425,100-249,391,391,0.24296675191815856,94726731.0,2.930534993337836,0.0,0.44923384438366093,2.1155737965029564,4.662461926707181,7.340873459072009,9.105721267334117,True
425,1000+,96,96,0.010416666666666666,261026311.0,2.456457349236338,0.5086705437535511,1.7971539791653925,3.801649065349916,5.065457065677159,5.915749936138615,6.402785910732859,True
425,250-499,185,185,0.07027027027027027,81154916.0,3.221000191781358,0.5159943621550538,1.6756144478180148,3.478091501631225,5.027999673180021,6.984758642657636,8.808800459930596,True
425,500-999,145,145,0.013793103448275862,119204484.0,3.5200018146968364,0.5766198874397946,2.067916278932364,3.868949743830885,5.233529917800871,6.4510993972505295,7.819039165474304,True
426,050-099,1,1,1.0,160868.0,0.0,0.0,0.0,0.0,0.0,0.0,0.0,False
429,050-099,1,1,0.0,135228.0,34.01662377614104,34.01662377614104,34.01662377614104,34.01662377614104,34.01662377614104,34.01662377614104,34.01662377614104,False
432,020-049,1,1,0.0,191318.0,1.0453799433404072,1.0453799433404072,1.0453799433404072,1.0453799433404072,1.0453799433404072,1.0453799433404072,1.0453799433404072,False
432,050-099,4,4,0.5,573549.0,3.835766429720913,0.0,0.0,3.39433711424773,7.4949358469181355,8.766206760078951,9.189963731132554,False
432,100-249,3,3,0.0,745414.0,2.6830727622502395,2.1332231338856635,2.3330578347141593,2.666115669428318,2.9633685719406744,3.141720313448088,3.201170893950559,False
434,100-249,3,3,0.0,664175.0,7.528136409831746,5.173200693124972,6.570410376604874,8.899093182404712,9.359208806441949,9.635278180864288,9.727301305671736,False
439,020-049,12,12,0.4166666666666667,932646.0,3.2166545506011928,0.0,0.0,2.2512005156100425,3.977245041903138,7.519203591346344,8.924375061577544,False
439,050-099,8,8,0.125,1292519.0,4.3326248975837105,1.0896001556571653,1.626021690368635,3.1920894600721352,6.054728794298145,8.648778924095234,11.421017144572877,False
439,100-249,6,6,0.16666666666666666,2103448.0,6.655738577801781,0.8600005160003096,2.525692493630251,5.9344926681983035,8.101903535853468,11.160616095082027,12.494024861700305,False
439,250-499,3,3,0.0,2082360.0,3.7457500144067306,3.3994972052025103,3.687987446427557,4.168804515135967,4.1865433838569786,4.197186705089585,4.2007344788337875,False
440,020-049,5,5,0.2,309626.0,4.521584104694051,1.1913626209977664,2.9784065524944157,6.112656254775513,6.2551800709962935,6.532095704787617,6.624400916051391,False
441,001-019,8438,8438,0.6282294382555108,163337197.0,6.281484063914725,0.0,0.0,0.0,9.298549607203459,19.11295747134664,26.402466518460503,True
441,020-049,18650,18650,0.368686327077748,942690677.0,5.427655247724488,0.0,0.0,4.258037075803074,8.772122197068448,14.811852510141787,19.578405087677833,True
441,050-099,7042,7042,0.21485373473445044,930877140.0,3.7143462347780933,0.0,1.2176120882078174,2.955788843433674,5.447235040467558,8.479556539120546,11.463054608363636,True
441,100-249,3541,3541,0.07568483479243152,976075090.0,3.6677506030811626,0.6662225183211192,1.6483516483516483,3.0632093244091836,5.0430868734752545,7.4257091552243235,9.653386635170127,True
441,1000+,28,28,0.17857142857142858,145720179.0,5.1180282999789615,0.0,0.1996311748111363,2.1193752977319367,4.814628914744545,6.823455274129496,9.00396257221266,False
441,250-499,737,737,0.035278154681139755,461642484.0,3.5568650133162354,0.8794707345119707,1.8112759170942787,3.139762234368979,4.7959248341552065,7.71013194226523,9.983753998370375,True
441,500-999,112,112,0.07142857142857142,137457786.0,3.7262349038562284,0.2043249220672637,1.631333124240622,3.3035194595457726,4.923721527318305,8.153562104388712,10.701295260901457,True
442,001-019,7418,7418,0.684146670261526,133244257.0,5.376591953227673,0.0,0.0,0.0,8.815623797128113,17.824442129502717,29.064064542359226,True
442,020-049,19644,19644,0.47169619222154346,768679247.0,5.3476141264940384,0.0,0.0,3.315649867374005,8.734768746997423,16.027439061979855,22.148132915022316,True
442,050-099,4549,4549,0.21828973400747417,352749902.0,7.183559756169684,0.0,2.0098684541096787,5.598842905799468,10.821925220496727,16.838205919002238,21.876716231930995,True
442,100-249,999,999,0.11311311311311312,246783246.0,5.742691300851112,0.0,1.902397504879017,4.7158688988446125,8.507810850392318,11.903657607355514,15.151411527085301,True
442,1000+,46,46,0.06521739130434782,173653556.0,2.4266707213297725,0.0532150812384566,0.3262610035468111,2.8710171705231984,6.365278912160759,8.856678451897443,10.747434197016549,True
442,250-499,557,557,0.04847396768402154,288246920.0,6.04065431124121,0.6233187827017709,2.825984361002546,5.657168516442914,8.678771268699327,12.522861359213447,15.188914211435213,True
442,500-999,130,130,0.2076923076923077,153012022.0,3.751339224835549,0.0,0.15925861927554846,1.9395506199699697,6.2077073013585835,10.288479872439911,13.394965672792708,True
443,001-019,169,169,0.7455621301775148,4084518.0,2.791026995106889,0.0,0.0,0.0,5.116398055768739,10.188183807439842,13.10088790340163,True
443,020-049,238,238,0.6092436974789915,11454132.0,2.898517321085526,0.0,0.0,0.0,4.639105922334089,7.018248689695506,11.339525953951256,True
443,050-099,127,127,0.28346456692913385,14124351.0,4.120543308503166,0.0,0.0,3.1943268754691667,5.6802625735747245,8.581111450798522,11.27872083866088,True
443,100-249,58,58,0.25862068965517243,11125207.0,4.368458043072817,0.0,0.07925148556909699,2.6996016398079226,6.246889647164014,10.962398659166826,15.118459963125344,True
443,1000+,5,5,0.0,84983164.0,1.2779001732625535,0.45048869953863757,1.0677058581250198,3.06520594577831,3.427265803503427,3.8710162799412142,4.018933105420476,False
443,250-499,35,35,0.02857142857142857,16006321.0,8.24674202148014,0.9791554137372428,3.4818697976460875,7.890962677719275,11.85453201585743,15.976091915192715,16.770133516197706,True
443,500-999,6,6,0.0,5519833.0,8.587216316145797,5.940893802563583,7.180701583254243,10.289601942059203,10.861489227988391,13.114539352626021,14.220254849251912,False
444,001-019,18308,18308,0.5754315053528513,378879144.0,6.404680855170007,0.0,0.0,0.0,9.913504836172471,19.214141608223652,25.472623339888468,True
444,020-049,18931,18931,0.3474195763562411,940860736.0,6.043402368105624,0.0,0.0,4.489841733078909,9.230840242148503,16.12513101668951,21.258315143072515,True
444,050-099,7821,7821,0.08643395985168137,1060414392.0,5.01747245241085,1.0811628988139643,2.2070304956438735,4.312157048759715,7.142857142857143,10.76368333243636,13.618279622190014,True
444,100-249,23103,23103,0.027961736571008096,5416494123.0,5.619871324283905,1.6190333561347197,3.0362144590223066,5.0597959456577914,7.52868548003372,9.996501240553652,11.72371088164167,True
444,1000+,25,25,0.16,165883007.0,3.653177085221273,0.0,3.1669643220530515,3.888126720336009,4.496481684391709,5.073011074535702,6.236275373205855,False
444,250-499,396,396,0.050505050505050504,201897129.0,4.706357166673727,0.7922069427419296,2.574123932332394,4.7617470707045415,7.102461890852917,9.992980776044917,11.621973621260812,True
444,500-999,100,100,0.06,108255143.0,2.6382118399677323,0.19624160840350202,0.6596953362013588,2.5140836543884637,4.733230928741403,6.196680155564824,7.3178552551755365,True
445,001-019,11101,11101,0.6548058733447437,213272437.0,6.168635846740946,0.0,0.0,0.0,8.751203290452437,17.8826895565093,25.622411068881583,True
445,020-049,26562,26562,0.41382426022136887,1228606218.0,5.342639410278485,0.0,0.0,3.5148149449931463,7.7694418410934825,14.780272989625884,22.725467747591537,True
445,050-099,55237,55237,0.18216050835490705,5755419239.0,5.52929311984044,0.0,1.8586324182666394,4.066638652044841,7.2809348720375695,11.724154126159254,15.97815608548219,True
445,100-249,71218,71218,0.048218147097643854,14107801026.0,5.459560980343529,1.1603963682652743,2.450841481106695,4.31192462755751,6.923256661951109,10.719978150341438,14.4939920893673,True
445,1000+,99,99,0.08080808080808081,880618149.0,4.395321632191344,0.04212278763831548,0.34230861089076653,3.3604940802948664,5.4755929075941046,12.429365270602844,17.111805116416477,True
445,250-499,5445,5445,0.02736455463728191,2313041601.0,4.617383446706111,1.213807031200341,2.3331142798259497,3.970591154846437,5.975232660621723,8.391458170936572,10.473477333311175,True
445,500-999,538,538,0.03717472118959108,438655496.0,4.200562894577297,0.49228666578726243,1.694015063121649,3.738431469674863,5.953728376362984,7.938251262613997,10.052057925654484,True
446,001-019,875,875,0.8171428571428572,13930408.0,3.187272045441885,0.0,0.0,0.0,0.0,14.405529286386827,20.74667110231857,True
446,020-049,1562,1562,0.7170294494238156,57303258.0,2.188357248378443,0.0,0.0,0.0,3.6950651511405086,8.075217021613227,11.53118807184626,True
446,050-099,338,338,0.5059171597633136,33067852.0,1.9233181520226956,0.0,0.0,0.0,2.799395406608882,5.610648395184805,7.118079694634941,True
446,100-249,234,234,0.3076923076923077,54470227.0,2.4086552824536605,0.0,0.0,1.413614608819272,3.661595357097087,6.651871331639082,7.579611239650322,True
446,1000+,17,17,0.11764705882352941,69858953.0,0.19467798207625586,0.00863935115017122,0.05302557993745368,0.12017937974220322,0.5116323887178237,2.6557076398102284,4.375555924888392,False
446,250-499,51,51,0.09803921568627451,27923188.0,1.5829138134227367,0.25416060917214806,0.49422628579054345,1.0998075336816058,2.001357005763457,5.8491504109028165,6.685805324125521,True
446,500-999,30,30,0.06666666666666667,41098375.0,1.3820497769072377,0.14493363758330938,0.5633155361283354,1.0271027938216268,2.5116236118193824,3.5977647762080363,3.6755952380952377,True
447,001-019,4498,4498,0.8094708759448643,69220344.0,3.394955679503702,0.0,0.0,0.0,0.0,13.34365247443775,20.60215887159855,True
447,020-049,2607,2607,0.4192558496355965,121088783.0,4.746930192534845,0.0,0.0,3.694126339120798,7.1569247541279095,12.22743617533055,15.839341040900514,True
447,050-099,648,648,0.15895061728395063,68920965.0,4.132269477074211,0.0,1.817616199730132,3.488787894858015,6.0911303197512625,9.50796383082511,11.798006529365173,True
447,100-249,205,205,0.11219512195121951,42904039.0,3.8131608075407537,0.0,1.376509859251867,2.9887146136189746,4.844609161155923,7.558608933836972,9.559992671975222,True
447,1000+,14,14,0.21428571428571427,29023406.0,2.487647383632369,0.0,0.24001571321395487,2.1272249317702903,4.368865600580044,4.92938231810035,5.390103910074654,False
447,250-499,29,29,0.034482758620689655,13606179.0,2.7781495451441582,0.887302069945097,1.2006819873688255,2.1683918934669064,4.404461719722079,5.4223659703580065,6.300053677103168,False
447,500-999,103,103,0.3300970873786408,114143686.0,0.7464276210600033,0.0,0.0,0.18692270092087468,0.560768102762624,2.538177738242567,3.49646596843204,True
448,001-019,1356,1356,0.8097345132743363,16027241.0,4.230297653850716,0.0,0.0,0.0,0.0,20.270819296324287,29.073020867575444,True
448,020-049,1566,1566,0.5862068965517241,51150914.0,4.246258434404515,0.0,0.0,0.0,6.498131879857848,12.63880566373399,17.85820467353351,True
448,050-099,825,825,0.5915151515151515,40932763.0,2.946295123053384,0.0,0.0,0.0,4.049238743116294,8.173976002693708,10.617077118669227,True
448,100-249,239,239,0.4309623430962343,40723511.0,2.2689595698170524,0.0,0.0,1.199616122840691,3.638351982748509,6.666418076919379,8.512997866048018,True
448,1000+,47,47,0.10638297872340426,160377705.0,1.7683255911412374,0.037771173418159026,0.20609488036761764,1.3252471171733804,3.2696667370822565,4.933945705739126,6.742525292349734,True
448,250-499,60,60,0.2,36189029.0,1.6469079620787836,0.0,0.2256111700109419,0.9188314900243737,2.8412276366761855,5.602932305352806,7.219985655260647,True
448,500-999,37,37,0.02702702702702703,46080228.0,2.6822783949766915,0.8844071562337046,1.2164393083673646,2.4466949855927305,3.8358402443572306,5.5911237042334925,5.962423494922446,True
449,001-019,198,198,0.7222222222222222,3272889.0,3.9109178465875254,0.0,0.0,0.0,7.178414912823814,19.23076923076923,24.03846153846154,True
449,020-049,547,547,0.5155393053016454,19631266.0,4.115883305742992,0.0,0.0,0.0,7.036434433955111,11.413861822153553,15.436026258762913,True
449,050-099,68,68,0.38235294117647056,6947537.0,2.5332718631077458,0.0,0.0,2.0963218159194996,4.256020427749531,6.564214615122247,8.48519631289957,True
449,100-249,17,17,0.058823529411764705,4398689.0,6.456469188887871,1.1462929780746451,1.7503402223807252,5.322994894360731,7.194096729769172,12.21836893833652,13.973395227200456,False
449,250-499,9,9,0.1111111111111111,6116061.0,2.4852597120924727,0.692192715104294,1.2103240642682078,1.3854373219496567,4.946404255071519,5.436094523343247,5.53905280079897,False
449,500-999,2,2,0.0,2133204.0,7.875477450820456,3.752006693682456,5.190122758475602,7.586982866464179,9.983842974452756,11.421959039245902,11.901331060843617,False
451,001-019,308,308,0.7175324675324676,5280906.0,7.157862684925655,0.0,0.0,0.0,8.307291932018526,19.396679249411328,33.49396109059402,True
451,020-049,255,255,0.5607843137254902,10967902.0,5.689328733973006,0.0,0.0,0.0,6.089061629627762,12.75215377936759,25.594926730483945,True
451,050-099,368,368,0.22554347826086957,35549221.0,4.292639774019239,0.0,1.6111626237350147,3.3826208259490613,6.365671266688,9.230969535962638,12.114579440295735,True
451,100-249,369,369,0.07046070460704607,74393722.0,4.156264691259835,0.9738418369190027,1.9995501012272239,3.5653377860440796,5.616963228951433,8.25398466284315,10.419769605922657,True
451,1000+,17,17,0.0,42010164.0,1.866215042626351,0.21041566627424796,0.29019187728752815,0.4367856507178026,5.114349126700763,7.85070926174035,8.561097838389156,False
451,250-499,93,93,0.010752688172043012,46641720.0,4.197958394330226,1.2301941042717173,2.259931693564562,3.5530519100884064,5.586089396050634,7.668629454535243,8.586176322229928,True
451,500-999,21,21,0.047619047619047616,18998668.0,4.305565000662152,0.9532670367884815,2.1281802994349683,3.6441709966503995,4.848527590325865,6.443024677935057,10.635730326966895,False
452,001-019,9903,9903,0.6371806523275775,196843911.0,5.645081904514689,0.0,0.0,0.0,8.864855350902584,17.86129128386373,23.847860951381787,True
452,020-049,39855,39855,0.6550997365449756,1078869009.0,3.9576630382196845,0.0,0.0,0.0,6.757213394644806,13.05057096247961,18.004123356133515,True
452,050-099,20140,20140,0.39602780536246274,1455232434.0,3.4556678936692804,0.0,0.0,2.5081986824052356,5.1287969149939,8.901248475548414,11.761526252822968,True
452,100-249,30555,30555,0.06529209621993128,7022903809.0,5.244354899578833,1.1360563886302033,2.3613424710514446,4.215329572908077,6.591794877714834,9.649293753186026,12.524090185655309,True
452,1000+,231,231,0.030303030303030304,661652144.0,6.608608525872169,0.7086764139201764,2.3227258044672183,5.432893334587885,11.426411020559108,19.038040696553068,24.60348822681144,True
452,250-499,32344,32344,0.003833786791986149,16979495360.0,5.587150736145317,2.4349955129721725,3.630496000447491,5.164102263718854,7.02271185855534,9.042479078560813,10.643521992090793,True
452,500-999,811,811,0.018495684340320593,731249868.0,5.1998641865053985,1.814519787338281,3.308673553722252,4.729104554333299,6.845122923476785,9.38709321618241,11.983800115279763,True
453,001-019,5024,5024,0.6849124203821656,86335112.0,5.659342863886017,0.0,0.0,0.0,8.57385259200242,20.43821657279065,31.677062913984756,True
453,020-049,6837,6837,0.3919847886499927,293669946.0,6.43579646383018,0.0,0.0,4.634242417220845,9.788087897029316,16.500255188004516,21.657210270285546,True
453,050-099,2098,2098,0.2111534795042898,184948624.0,6.012480525402557,0.0,1.9049933540247292,4.900549540493502,9.13197710896475,14.088519128483982,17.867902954243117,True
453,100-249,500,500,0.09,101135656.0,5.015046325501661,0.6964968445303216,1.91240560507857,4.333262490827644,7.164770923350083,10.6820378796608,14.258376278836117,True
453,1000+,94,94,0.5531914893617021,165378045.0,1.2420028305450097,0.0,0.0,0.0,0.15993576155400377,3.0824283286345264,4.946010398627132,True
453,250-499,162,162,0.1419753086419753,85092927.0,4.176610354465772,0.0,0.7299354997039721,2.884394778895358,5.298045567101165,11.081141851384402,13.644590316941823,True
453,500-999,79,79,0.2911392405063291,66922966.0,1.9754055730285476,0.0,0.0,0.2869687491032227,2.7485452160741017,6.859538833146992,8.726639838588186,True
454,001-019,2040,2040,0.6985294117647058,34709688.0,5.658362587413635,0.0,0.0,0.0,7.069393690849463,17.742301059374235,26.17955418824154,True
454,020-049,3746,3746,0.36919380672717567,197346503.0,5.546589290209009,0.0,0.0,4.264710590440913,9.083786782915157,15.4720989036552,20.844408886850406,True
454,050-099,1393,1393,0.24264178033022255,155336537.0,5.096032236124847,0.0,1.1363636363636365,4.2235972377674065,9.122318893462719,16.169028872707344,23.58075071225395,True
454,100-249,803,803,0.2129514321295143,225791581.0,3.6050945584193417,0.0,0.6447723711282713,2.896435067718652,6.14126214812423,10.485990024531567,13.42974137460481,True
454,1000+,138,138,0.13043478260869565,364117856.0,1.5950879376813643,0.0,0.24036895218715712,0.897762705830423,2.8373409037405253,5.133852864098327,7.168192909258994,True
454,250-499,442,442,0.20361990950226244,277808147.0,2.678107204681798,0.0,0.3541368381381815,1.5828237058668133,4.312334289593812,7.496462339499082,9.196341201626419,True
454,500-999,233,233,0.1459227467811159,270479960.0,2.0223309704718972,0.0,0.30437323463523913,1.7231108551060699,3.041844144852618,4.749391448833113,6.162970079834175,True
455,001-019,242,242,0.8057851239669421,3232582.0,4.392773331040017,0.0,0.0,0.0,0.0,17.032800934179217,26.25709180188641,True
455,020-049,14916,14916,0.8035666398498257,212283775.0,3.5801134589772583,0.0,0.0,0.0,0.0,15.195837415450317,19.706863357970256,True
455,050-099,2971,2971,0.6755301245371929,75697705.0,4.396434475787608,0.0,0.0,0.0,7.906297029832691,14.833494029518652,19.592481189572236,True
455,100-249,1709,1709,0.05734347571679345,449918987.0,4.0931813353322655,0.7932486013487763,1.8867805862856208,3.5056230193229942,5.791830044539173,8.399367674906983,10.136488110738771,True
455,1000+,3,3,0.3333333333333333,9487376.0,1.4124031766001475,0.3408752588748143,0.8521881471870357,1.7043762943740715,2.348029707648952,2.7342217556138797,2.862952438268856,False
455,250-499,1848,1848,0.0027056277056277055,865395391.0,5.560695203656336,1.7612424939989555,3.200492856158856,5.086870447127538,7.279025354776964,9.529972584632354,10.880231683274031,True
455,500-999,22,22,0.0,19141977.0,6.237600222798304,4.087311881881016,4.79469082761924,6.371409353030531,8.535258600641559,11.897753289452202,12.191789482575452,False
456,001-019,232,232,0.9482758620689655,3788726.0,0.8446110909049638,0.0,0.0,0.0,0.0,0.0,2.3684210526315193,True
456,020-049,150,150,0.9066666666666666,7863434.0,0.4323810691359526,0.0,0.0,0.0,0.0,0.0,3.065784209631279,True
456,050-099,12,12,0.8333333333333334,1281363.0,0.31216759029252444,0.0,0.0,0.0,0.0,1.0354765780950688,1.7349490221785147,False
456,100-249,38,38,0.3157894736842105,10250843.0,2.4583344023511042,0.0,0.0,1.3392756733293263,3.742504860825093,7.284588914528223,8.498202293321436,True
456,250-499,15,15,0.13333333333333333,7754148.0,1.2380470426925048,0.09779520705690217,0.3758479742498244,1.131697527429519,1.9816623308908785,2.7448834428090403,2.956188961840645,False
456,500-999,10,10,0.0,11398342.0,1.6318162764373976,0.15090131280788324,0.2149026048335311,1.386015041620484,3.1544263469189313,3.359661938764097,3.920268628694987,False
457,001-019,320,320,0.615625,5573437.0,8.576395498863628,0.0,0.0,0.0,13.66153758128681,30.375664076179696,42.534883380072515,True
457,020-049,296,296,0.32432432432432434,10795639.0,8.911005638480502,0.0,0.0,6.198280792552339,16.43794619143547,29.967793796582512,45.35985641082871,True
457,050-099,48,48,0.14583333333333334,3470678.0,7.664208549453449,0.0,3.3088149762325267,6.292526861344511,19.61413217873337,36.657458976988025,63.1883578712632,True
457,100-249,19,19,0.21052631578947367,3022142.0,2.3162379530809605,0.0,0.8135570746284957,2.2168156551521565,4.365345543877572,5.900022129039697,7.709879039507941,False
457,1000+,2,2,0.0,31996368.0,3.725422835491828,2.509436183056823,2.726783920003758,3.089030148248649,3.4512763764935404,3.668624113440475,3.7410733590894534,False
457,250-499,6,6,0.16666666666666666,4017011.0,1.3940713630109551,0.18023473772240967,0.48054565280097145,0.8815443897301416,2.5276426180508222,3.553717336115114,3.7992000245705992,False
457,500-999,4,4,0.0,5053236.0,3.7599668806285713,3.4419236771124297,3.4441581250423683,3.584778567301729,3.90634100821632,4.2342710537256725,4.343581068895456,False
458,001-019,178,178,0.9044943820224719,2225500.0,1.6176140193215007,0.0,0.0,0.0,0.0,0.0,18.52412937032346,True
458,020-049,86,86,0.7674418604651163,2419751.0,2.1489814447850213,0.0,0.0,0.0,0.0,10.680112641325568,15.575391633777116,True
458,050-099,10,10,0.6,1169678.0,1.1969106027470808,0.0,0.0,0.0,1.0521734987186104,6.353224176411031,20.87572713245327,False
458,100-249,7,7,0.2857142857142857,1601397.0,2.9973829100466656,0.0,0.5773672055427251,2.6424791739610103,4.970238729996664,5.382439401709333,5.652559410939508,False
458,250-499,3,3,0.3333333333333333,1073793.0,12.29287208987207,0.354315713016083,0.8857892825402075,1.771578565080415,16.684251064055005,25.63185456343976,28.614389063234675,False
458,500-999,5,5,0.0,5434265.0,5.778150311035623,2.608139067197106,5.700416788165935,6.313585257076915,10.353875055397154,11.837023053266742,12.331405719223271,False
459,001-019,412,412,0.7839805825242718,6221509.0,7.393704646252219,0.0,0.0,0.0,0.0,15.933832586877784,28.263258432058826,True
459,020-049,487,487,0.5195071868583162,19648305.0,4.773948694302129,0.0,0.0,0.0,7.46569201627875,13.027355146786617,20.9945358250177,True
459,050-099,100,100,0.46,8612907.0,4.226215376527344,0.0,0.0,2.072016705700972,5.518306983417488,12.163108205219768,16.324846631385263,True
459,100-249,30,30,0.3,7867696.0,2.7962442880355316,0.0,0.0,1.771623719019308,3.897185129288049,5.5893940047665405,6.931430805399568,True
459,1000+,3,3,0.0,9363826.0,2.1999554455625296,0.986065862507455,1.4378430378261595,2.1908049966906673,2.2941085807512396,2.356090731187583,2.3767514479996974,False
459,250-499,13,13,0.15384615384615385,5338556.0,3.40916157852423,0.22323961610227372,1.1790541038451903,2.194426157559798,5.056890012642225,7.203057486522186,14.207237413388752,False
459,500-999,4,4,0.0,2875682.0,3.0601436459246885,1.9021114539616157,2.0621535100664685,2.671979829402285,3.70283657605373,4.6207334013267145,4.926699009751042,False
461,001-019,2,2,1.0,23450.0,0.0,0.0,0.0,0.0,0.0,0.0,0.0,False
461,020-049,2,2,0.5,98486.0,2.030745486668156,0.36946722825685363,0.9236680706421341,1.8473361412842682,2.7710042119264022,3.3252050543116827,3.5099386684401095,False
463,100-249,4,4,0.0,1948119.0,2.155925793034204,1.3193581999866846,1.7107467019932572,2.0463825052382054,2.5943914594165918,3.3680516331033523,3.625938357665605,False
464,020-049,1,1,1.0,49700.0,0.0,0.0,0.0,0.0,0.0,0.0,0.0,False
481,001-019,1049,1049,0.7426120114394662,16116793.0,5.596646925973424,0.0,0.0,0.0,5.624929688378895,18.018887547425777,28.550527741612697,True
481,020-049,2629,2629,0.401293267402054,139141191.0,5.756742444442638,0.0,0.0,3.730160210381036,8.55175952452217,16.010788248515027,21.666143694829575,True
481,050-099,1645,1645,0.17264437689969606,195549455.0,7.821039439869572,0.0,1.75165093100247,5.21696033805903,11.396444309375475,19.845490544616883,27.526553486911755,True
481,100-249,1737,1737,0.09383995394358088,455251440.0,7.789102215689861,0.5119792695876821,1.9554165037152913,5.576778295178875,11.435191054697501,19.591874785468477,26.628742348656004,True
481,1000+,676,676,0.010355029585798817,4044826646.0,6.046934056911373,0.6907584484221581,2.8385391205985178,5.373396694317551,9.620243237146866,13.55302400907572,19.888624686902162,True
481,250-499,830,830,0.060240963855421686,487528834.0,6.412748912405866,0.3906671433974253,1.775069155875414,4.274214767909561,8.430425072812685,16.294547481741017,20.426161104826175,True
481,500-999,623,623,0.048154093097913325,711597637.0,7.161350368565094,0.45990243325833235,1.7339434493122978,4.151658755078249,10.654406209204083,18.93775245012848,24.06174107673132,True
482,001-019,8,8,0.875,94347.0,2.119834228963295,0.0,0.0,0.0,0.0,2.857414991903989,6.1910658157919745,False
482,020-049,18,18,0.5,1171442.0,3.4145950034231314,0.0,0.0,0.8928571428571429,4.621342205090432,12.723578481371156,18.254004472231095,False
482,050-099,14,14,0.2857142857142857,2155308.0,4.639708106683592,0.0,0.4985939650186474,3.869895432844218,6.741815613149992,9.031161811723496,11.249847095765759,False
482,100-249,6,6,0.16666666666666666,1311693.0,4.421766373686526,1.1784566342689298,2.572889795515737,5.78523272211497,8.443253948549216,8.515321456049069,8.535753896337553,False
482,250-499,3,3,0.0,1836622.0,2.722389255927458,1.2202657010998919,1.4693990824870022,1.8846213847988533,3.7307109473388786,4.838364684862894,5.207582597370899,False
483,001-019,118,118,0.8813559322033898,2020633.0,3.2663031832104097,0.0,0.0,0.0,0.0,4.587957063055222,7.481881032077982,True
483,020-049,149,149,0.5503355704697986,9975302.0,2.566338342438154,0.0,0.0,0.0,4.222259753420031,7.993239774592918,11.966582669376903,True
483,050-099,78,78,0.2564102564102564,11171803.0,4.099606840543107,0.0,0.16514512953983962,3.0332573837854495,6.139203781042783,8.742984720826318,10.422908366179005,True
483,100-249,102,102,0.17647058823529413,33445276.0,3.9228260517270064,0.0,0.6653330709407947,3.2563169230747127,7.112108462021104,11.522636288776143,14.550126748553817,True
483,1000+,21,21,0.047619047619047616,104697633.0,3.2168826586557118,0.42430774191905907,1.3683690546075038,2.8675737497606555,5.4708496802417255,6.870801278085492,6.9547696232562295,False
483,250-499,52,52,0.23076923076923078,34988086.0,2.1378705882911113,0.0,0.3562262934602453,0.8955701263393571,2.9003810930306013,5.433048888632109,8.00251546619984,True
483,500-999,14,14,0.07142857142857142,19203720.0,2.2079055516327046,0.28057747914885983,0.743442843711857,1.4516155394957664,3.0538610589983266,4.028453567402802,6.1850912145652375,False
484,001-019,15312,15312,0.6963166144200627,306389342.0,5.465594818242731,0.0,0.0,0.0,6.339597072959165,16.492488214408052,25.532105052060505,True
484,020-049,30191,30191,0.3420555794773277,2094595563.0,4.806273906921286,0.0,0.0,3.3653603459590435,7.315913348216368,12.76622906870359,17.319316238590183,True
484,050-099,15269,15269,0.14833977339707904,2311059174.0,4.871792175062671,0.0,1.588625441836451,3.8598613023172033,7.112231005263051,11.337411446825362,14.825174273042487,True
484,100-249,9820,9820,0.0670061099796334,3216386157.0,4.460036606232664,0.766597440131007,2.055349551916817,3.9568533429277517,6.467723266098672,9.486460588864613,11.87636286196533,True
484,1000+,250,250,0.032,1276038689.0,2.67797522869622,0.45741490927532724,1.269512250643837,2.4883190320191444,3.8264284195966742,5.532271416098413,6.564193573566046,True
484,250-499,2684,2684,0.05216095380029806,1933342505.0,4.196980089671178,0.7706276791718578,2.2097622336097316,3.7498146184343426,6.041169121337539,8.449032842220134,10.098395916033441,True
484,500-999,791,791,0.05815423514538559,1122383612.0,3.2860422769608295,0.4346522130317427,1.7626190384273848,3.3472650562264454,4.673808795489883,6.144342903488758,7.402831101128111,True
485,001-019,2117,2117,0.7992442135096836,34502794.0,3.8257771240207386,0.0,0.0,0.0,0.0,11.585497550499124,18.400991968950535,True
485,020-049,4976,4976,0.5028135048231511,236488941.0,4.417119868619988,0.0,0.0,0.0,6.787896177455776,12.165173397251204,16.674319585907497,True
485,050-099,4205,4205,0.2544589774078478,418194998.0,4.6303758037775475,0.0,0.0,3.4936328541233603,6.7589640761059355,10.693129189731957,14.251716138362971,True
485,100-249,3745,3745,0.08758344459279038,855744052.0,5.241053080670434,0.7602091787439996,2.2631517405522845,4.497099370905766,7.192368896600707,10.615894221692876,13.10388535857468,True
485,1000+,125,125,0.024,451071537.0,4.246333104365218,0.11121536827188584,1.1284349995399456,2.7258623712088776,4.897043486511324,9.454485418425215,12.869024896303236,True
485,250-499,1196,1196,0.05518394648829431,685030802.0,6.493138683711335,0.9969806981146578,2.8515620270427617,5.262030652787129,8.42553271611142,12.175576824475453,15.305063434653519,True
485,500-999,436,436,0.03669724770642202,509857830.0,6.110330795547457,0.6904821048211931,2.839137139637967,5.781489797166879,8.962107004228567,12.059605865617128,14.37602975039895,True
486,001-019,445,445,0.9393258426966292,7385772.0,0.8936100383277469,0.0,0.0,0.0,0.0,0.0,5.910058351910924,True
486,020-049,372,372,0.771505376344086,23886788.0,1.0549764999798215,0.0,0.0,0.0,0.0,4.142192426370366,5.898368172809324,True
486,050-099,132,132,0.553030303030303,19591397.0,1.2148189330245311,0.0,0.0,0.0,1.7867432690904697,3.37760411771216,4.271932469098583,True
486,100-249,112,112,0.42857142857142855,34764214.0,1.1736206663553503,0.0,0.0,0.5772282830862936,1.556019559612908,2.9461494230231486,4.441524697994121,True
486,1000+,11,11,0.2727272727272727,29679183.0,0.32345903861302383,0.0,0.033107792018174854,0.15570715377054606,0.4771618769866266,0.8783685857556318,0.937487901293566,False
486,250-499,39,39,0.5641025641025641,25712347.0,0.420031668054262,0.0,0.0,0.0,0.45733871271846505,1.4972616459030261,2.4122357222688193,True
486,500-999,39,39,0.4358974358974359,53344086.0,0.2586978432810715,0.0,0.0,0.1376047688308686,0.2944803230535926,1.0117255381842796,1.1060009769675296,True
487,001-019,56,56,0.7142857142857143,935677.0,4.06123053147614,0.0,0.0,0.0,6.353184365028924,17.03863676980172,30.234806942791312,True
487,020-049,129,129,0.4883720930232558,6196799.0,4.615286053331729,0.0,0.0,2.148020062507384,7.328154770628756,15.650619416398333,21.9496875585826,True
487,050-099,99,99,0.29292929292929293,11161910.0,4.443683921479388,0.0,0.0,3.771971735358463,6.968913764480477,9.258514110298016,12.884470390645808,True
487,100-249,101,101,0.039603960396039604,22909873.0,5.412513635496801,1.472022374740096,2.873305198886594,4.504321896860037,7.055530948302557,9.733270940570893,13.296619888419198,True
487,250-499,17,17,0.0,7488196.0,4.540479442578693,1.63855679118105,2.7103282478540978,4.592589474167641,5.84290671125254,7.8712060452147865,9.216933542162911,False
487,500-999,7,7,0.14285714285714285,4285639.0,6.393445644861828,1.4406302757456388,2.537423625509957,6.3252107085817295,8.806568830936314,9.087488264854814,9.122653458030378,False
488,001-019,5505,5505,0.7607629427792916,103173053.0,4.1251081326438985,0.0,0.0,0.0,0.0,13.940844531088652,23.970664708300927,True
488,020-049,10467,10467,0.4629788860227381,620974720.0,4.017554853118658,0.0,0.0,2.349541252070533,6.020711276394117,11.680811042911866,16.036520512314183,True
488,050-099,5671,5671,0.24299065420560748,727669499.0,4.479506155582316,0.0,0.9895601917779735,3.121488325633662,6.790802782559593,11.734678909848329,16.01681707084613,True
488,100-249,4099,4099,0.13198341058794827,1117851636.0,4.158870327940371,0.0,1.209599380685117,3.1269054580134767,6.187060741418332,10.316326052556033,13.291504997120592,True
488,1000+,274,274,0.010948905109489052,773280093.0,3.372645983788438,1.1104066742820393,2.014995952900998,3.5722137517153563,5.490082482438927,6.937048620806951,9.978962446108634,True
488,250-499,1403,1403,0.07626514611546685,842446251.0,3.986248376099664,0.3517905997384974,1.3057974103268617,3.1429963326947337,5.78372867406325,9.789691694753808,13.062573845588169,True
488,500-999,708,708,0.04519774011299435,875139287.0,3.8329898449639592,0.41101872903901165,1.5573418407766288,3.1964915040667092,5.418308605270058,8.157464287836056,12.19226546920614,True
491,001-019,18602,18602,0.003709278572196538,342454541.0,14.645447496051746,6.963327635769924,9.239048873195214,13.985036011467729,24.095296901057992,55.21811154058531,110.43622308117062,True
491,020-049,23954,23954,0.12995741838523836,1453365445.0,7.598639446116733,0.0,3.4095655963189877,5.944463886227929,10.387681345944232,15.65746682108586,19.488745249618347,True
491,050-099,17633,17633,0.02449951794929961,2359113611.0,7.7849578394043695,1.9668893843818636,3.9248778381772866,6.693104429161856,10.54898685772054,14.954659684150222,18.28421227474349,True
491,100-249,6945,6945,0.0038876889848812094,1740152634.0,7.4640578913723035,2.3814362830955376,4.090230484487801,6.628415187356298,9.96258495871062,13.772020606814728,16.564137230809887,True
491,1000+,273,273,0.0,659643945.0,4.943576037827498,2.661751144334217,3.5010652505887454,4.574197049738198,5.873873720241606,7.694349234783741,10.160606474331034,True
491,250-499,614,614,0.006514657980456026,393859379.0,5.070845348588233,1.7596983223433047,2.8766335134630725,4.497485560557359,6.588372454155257,9.469846727190868,11.245331218884406,True
491,500-999,701,701,0.0014265335235378032,886238836.0,5.367853231834674,2.599064336838738,3.596398345380115,4.880475578729943,6.501175629259625,8.682547459424596,10.968769562604644,True
492,001-019,1827,1827,0.7126436781609196,28786896.0,6.86423433773478,0.0,0.0,0.0,6.484216395886177,20.47516848365831,32.9813952288005,True
492,020-049,7144,7144,0.2599384098544233,380973537.0,8.71084124669793,0.0,0.0,6.256941332522519,12.73736664603088,20.281419929410742,27.20819841209357,True
492,050-099,11120,11120,0.09424460431654676,1184138269.0,10.786747066950845,1.3041585840799415,4.064947708282681,8.413979859413153,14.863700226889193,24.16995345738521,31.973619439666734,True
492,100-249,9852,9852,0.03755582622817702,2160261438.0,10.143309330321898,2.699300417205161,5.471581974208747,9.048143488930586,13.871224602255259,19.92557117937181,24.90918641393769,True
492,1000+,1647,1647,0.12386156648451731,4519846107.0,6.844038329555453,0.0,3.4562180688170523,6.53431525749716,9.652534216729055,14.239955974993594,18.118231285070166,True
492,250-499,3409,3409,0.027867409797594604,1557506457.0,10.210551570124245,3.575376423979337,5.990804115682428,9.22355593702361,14.012246703618963,20.27456258930755,24.357125877215534,True
492,500-999,1596,1596,0.02756892230576441,1435783517.0,10.034521102529135,2.7622562417873144,5.746250209552907,8.934380763132957,13.492584486128935,21.626624241949806,25.713737311895592,True
493,001-019,8918,8918,0.7653061224489796,164965039.0,3.795955820675434,0.0,0.0,0.0,0.0,13.62704151444033,22.369301094914864,True
493,020-049,19233,19233,0.4912390162741122,1178659306.0,3.492951677420515,0.0,0.0,1.9338619222587508,5.160624435556702,9.923047203043563,14.055208978875983,True
493,050-099,12428,12428,0.27132281943997427,1667735332.0,3.6840377979112096,0.0,0.0,2.4242865414496904,5.376880088238789,9.502016470592025,12.736715844305449,True
493,100-249,11106,11106,0.11201152530163876,3282712624.0,3.9612361755123895,0.0,1.1787267284253782,2.823598939612931,5.463467070093201,9.092514741375112,12.205515253521348,True
493,1000+,2063,2063,0.005332040717401842,6316764960.0,6.034006368981632,2.0310596870315196,3.3953045978165726,5.211131602438601,7.9415819737544755,11.104334969875588,13.327020551902047,True
493,250-499,5295,5295,0.0453257790368272,3304285864.0,4.90865520344701,0.6422405622803298,1.6260603268381257,3.5038235474461508,6.5406375538999235,11.145210753067706,16.070491780575228,True
493,500-999,3366,3366,0.013368983957219251,4056723135.0,4.884040478153064,1.1955990834269246,2.1574857341940143,3.820885020789918,6.741851921874821,10.419436259364296,13.543278655519217,True
494,020-049,3,3,1.0,140211.0,0.0,0.0,0.0,0.0,0.0,0.0,0.0,False
508,001-019,4,4,1.0,67818.0,0.0,0.0,0.0,0.0,0.0,0.0,0.0,False
511,001-019,284,284,0.8873239436619719,3688390.0,2.5485374377438395,0.0,0.0,0.0,0.0,8.446124114875856,19.960264747287418,True
511,020-049,231,231,0.7402597402597403,13338330.0,1.4994380855774299,0.0,0.0,0.0,2.5380506548588873,5.524709262175078,7.600069084327328,True
511,050-099,170,170,0.5352941176470588,22114248.0,1.5284263792284503,0.0,0.0,0.0,2.4018295267536027,5.308669159346105,6.950303490749102,True
511,100-249,177,177,0.4406779661016949,50230831.0,1.6643164832371578,0.0,0.0,0.56614241878687,2.189657154431045,4.951312195193307,6.80296840492499,True
511,1000+,55,55,0.23636363636363636,197107584.0,0.2912115243622488,0.0,0.027118223929604345,0.13142236453804054,0.4012844098271462,1.5325911017460438,1.7376452966115865,True
511,250-499,194,194,0.38144329896907214,116880100.0,1.420258880681998,0.0,0.0,0.46907199459139093,2.3232363652148518,4.5950204131791175,6.28205401506043,True
511,500-999,93,93,0.1935483870967742,121672790.0,1.204870867184027,0.0,0.18926023850575258,0.5224646748571712,1.3453902724919824,4.825550730849719,7.567309128236587,True
512,001-019,65,65,0.8769230769230769,895522.0,2.2333343011115305,0.0,0.0,0.0,0.0,7.937785550947386,18.09082783713049,True
512,020-049,196,196,0.7040816326530612,8244184.0,2.7898455444468486,0.0,0.0,0.0,3.8316591541964593,10.301972535424369,12.001926666043936,True
512,050-099,153,153,0.477124183006536,12883410.0,3.710197843583337,0.0,0.0,1.8317031175587062,5.650196344322965,12.533745798003832,16.107198286655695,True
512,100-249,117,117,0.29914529914529914,29994730.0,2.3804181601234617,0.0,0.0,1.6835016835016836,5.882352941176471,8.966371610865842,11.118040261571844,True
512,1000+,88,88,0.1590909090909091,422784150.0,0.7048513999401349,0.0,0.14429766585173517,0.50785552702664,1.3712041068007539,3.306663066936815,4.54756664405913,True
512,250-499,92,92,0.2717391304347826,37771197.0,2.118016010983184,0.0,0.0,2.3031625123675337,4.01010101010101,7.254006403580128,11.138963822725518,True
512,500-999,82,82,0.2682926829268293,59504500.0,1.589795729734726,0.0,0.0,1.4808649210823615,4.371380174474967,8.7374820571948,14.434599400101186,True
513,001-019,30,30,0.9666666666666667,485386.0,0.4120431986089422,0.0,0.0,0.0,0.0,0.0,0.0,True
513,020-049,15,15,0.8666666666666667,706829.0,0.5659077372320603,0.0,0.0,0.0,0.0,2.1832869384858893,5.012144883035446,False
513,050-099,7,7,0.7142857142857143,740901.0,2.1595327850819475,0.0,0.0,0.0,0.7626485258003997,6.655647514324399,10.503410361367083,False
513,100-249,7,7,1.0,1920905.0,0.0,0.0,0.0,0.0,0.0,0.0,0.0,False
513,1000+,4,4,0.5,26526490.0,0.0603170641875348,0.0,0.0,0.02991118471921324,0.06762078783728022,0.08165794095521693,0.08633699199452916,False
513,250-499,13,13,0.23076923076923078,8381828.0,0.6681120156605457,0.0,0.20832031331375123,0.3004807692307692,0.6066415112653328,1.8642317509127426,2.2018390153370446,False
513,500-999,3,3,0.6666666666666666,3933573.0,1.1694202700699847,0.0,0.0,0.0,1.8371003208535648,2.939360513365704,3.3067805775364163,False
514,001-019,1,1,1.0,15423.0,0.0,0.0,0.0,0.0,0.0,0.0,0.0,False
515,001-019,418,418,0.8277511961722488,5875350.0,3.0296067468321035,0.0,0.0,0.0,0.0,10.778599478962478,16.5138065358055,True
515,020-049,1159,1159,0.4641932700603969,69903132.0,5.004067628901091,0.0,0.0,2.6667733376001705,7.418483366317238,12.978492389186485,18.019944179077886,True
515,050-099,818,818,0.2921760391198044,111407479.0,5.6872303878270145,0.0,0.0,4.1092525667250275,8.701837873009907,13.27318612305653,17.32318236326435,True
515,100-249,794,794,0.24811083123425692,238671693.0,3.837070029079653,0.0,0.3454618004017383,3.2242979685196627,6.2786487586002355,9.132017176721154,11.226295349068256,True
515,1000+,73,73,0.0547945205479452,321259975.0,0.47624980360531993,0.04701853852701936,0.1058266009977332,0.30832677087831223,0.6423807487054689,1.2776790790778483,2.07091707091707,True
515,250-499,390,390,0.33589743589743587,257416612.0,1.6106186651232905,0.0,0.0,0.46309685130103234,2.547409928952328,5.3677426812604825,7.111518314062659,True
515,500-999,165,165,0.22424242424242424,197367434.0,0.7184569263843193,0.0,0.14133136976950267,0.3533603241727614,0.9523346961242835,2.205080018876029,3.1399908010609945,True
516,001-019,7,7,0.8571428571428571,96104.0,4.162157662532257,0.0,0.0,0.0,0.0,6.940829429116786,12.146451500954353,False
516,050-099,8,8,0.625,933271.0,0.6429000793981599,0.0,0.0,0.0,1.2021224563792607,3.0689972236337377,4.936553452940905,False
516,100-249,7,7,0.7142857142857143,2152383.0,1.1150431870164372,0.0,0.0,0.0,0.4255735667746205,7.475854533899051,12.444385084161386,False
516,1000+,19,19,0.47368421052631576,222355815.0,0.02608431895518451,0.0,0.0,0.01197717318471418,0.05088400907297382,0.25564658999739703,0.7827128770450368,False
516,250-499,8,8,0.625,5389920.0,0.3339567192091905,0.0,0.0,0.0,0.20279101992602944,1.269456558184863,2.484006796288078,False
516,500-999,4,4,0.25,4410599.0,0.22672657387352602,0.03526424675568931,0.08816061688922325,0.21529790644505983,0.3286864831629819,0.3568351701882697,0.3662180658633656,False
517,001-019,2770,2770,0.8270758122743682,42838180.0,3.291456359723966,0.0,0.0,0.0,0.0,11.393676151052137,18.77244621130266,True
517,020-049,2270,2270,0.4960352422907489,128994334.0,3.9893225077622403,0.0,0.0,2.042479749192335,5.599503619750291,10.890858898095809,15.584800276860323,True
517,050-099,1157,1157,0.32843560933448573,145607839.0,3.8445732307036025,0.0,0.0,2.262302684787711,6.053681016413043,9.898068825718896,12.873601755622794,True
517,100-249,768,768,0.3567708333333333,222027061.0,2.356469511615073,0.0,0.0,0.9943199473563398,4.071505825630161,7.534661302615632,10.348256461664498,True
517,1000+,290,290,0.17586206896551723,951831060.0,0.5444243435384426,0.0,0.07503008581404429,0.21166940211015225,0.7452994783574738,1.8984157612001142,2.734626903449797,True
517,250-499,1246,1246,0.3547351524879615,806492994.0,1.1077591580417374,0.0,0.0,0.3913097711946857,1.2088947585307637,3.2254943372042453,5.302361066495342,True
517,500-999,719,719,0.2364394993045897,895535158.0,0.7832188314822142,0.0,0.12190749147670907,0.32310177705977383,0.7953664178556095,1.938078972832157,3.7209733385669477,True
518,001-019,668,668,0.9595808383233533,4472362.0,1.6546066709269063,0.0,0.0,0.0,0.0,0.0,0.0,True
518,020-049,374,374,0.8636363636363636,18658150.0,0.7289039910173303,0.0,0.0,0.0,0.0,3.1711464417444453,5.009163251641339,True
518,050-099,302,302,0.7748344370860927,33243776.0,0.6136487022412858,0.0,0.0,0.0,0.0,2.0550018599753717,3.0501905501905493,True
518,100-249,398,398,0.6733668341708543,95803176.0,0.4885015503035098,0.0,0.0,0.0,0.7602358742499158,1.5610952657415673,2.301159335979608,True
518,1000+,126,126,0.23015873015873015,408155119.0,0.2940058679014142,0.0,0.04948781444702476,0.2172380656140352,0.4942020615655509,0.8651816858636735,1.119370622961957,True
518,250-499,248,248,0.46774193548387094,132204353.0,0.512842417526146,0.0,0.0,0.2573450482406811,0.5594098652058057,1.0409458850106228,1.7005574609526866,True
518,500-999,104,104,0.22115384615384615,117104587.0,0.5926326353040295,0.0,0.13355058953725998,0.404613597457196,0.6832842166526406,1.327391618406126,2.055333923383432,True
519,001-019,642,642,0.9049844236760125,6941441.0,2.2761844406658502,0.0,0.0,0.0,0.0,0.0,14.336238474169464,True
519,020-049,385,385,0.7090909090909091,16146621.0,1.8951333532879728,0.0,0.0,0.0,3.599971200230398,7.017239501984182,10.274120986424407,True
519,050-099,170,170,0.5647058823529412,16704387.0,1.951583138010392,0.0,0.0,0.0,2.4945940419836923,5.724086379959215,7.343015952317926,True
519,100-249,93,93,0.3655913978494624,21583840.0,1.603051171617284,0.0,0.0,1.0268627289903887,2.6342305083406323,4.574854417852058,5.178894915387329,True
519,1000+,19,19,0.0,49050811.0,1.4719430428989237,0.10507931218005499,0.18103259679843317,0.498819667960688,2.9966465305948398,6.650108585011877,12.24166441792017,False
519,250-499,42,42,0.23809523809523808,19751637.0,1.8327594821634279,0.0,0.42868513279299275,1.060192613463998,2.056343281311832,4.711891464453062,5.211212354645639,True
519,500-999,33,33,0.18181818181818182,40165788.0,0.7767804779530281,0.0,0.12076973800213038,0.487420489532645,1.0144927536231885,1.4753907545761018,2.321184002586625,True
521,001-019,64,64,0.875,1174051.0,1.8738538615443452,0.0,0.0,0.0,0.0,7.5886444977203205,18.264117750221118,True
521,020-049,35,35,0.6857142857142857,1610935.0,2.110575535325758,0.0,0.0,0.0,3.599164531788152,8.771904841442895,11.752209905052426,True
521,050-099,14,14,0.35714285714285715,1912597.0,2.0913971944952334,0.0,0.0,1.4416900276659756,3.0553353140792225,4.705390955372648,5.2949492207870446,False
521,100-249,19,19,0.3684210526315789,5248668.0,0.9526226463552276,0.0,0.0,0.8701591956248396,1.4551214093034006,2.5321413367390377,2.8380871292748653,False
521,1000+,5,5,0.0,15022123.0,0.5991163832169395,0.20816374402035492,0.4655831254052028,0.8156286687359846,1.037675606641124,1.2292464878671776,1.293103448275862,False
521,250-499,23,23,0.13043478260869565,14479452.0,1.3950804215518653,0.0518349574953349,0.32471096278594913,1.3373274847544667,1.4883588808050716,3.731968664465621,4.65779027574275,False
521,500-999,14,14,0.2857142857142857,19364610.0,0.2995154562885594,0.0,0.030010563718428886,0.1864413707084604,0.2600179224191649,1.3281145272796437,1.7270131846662817,False
522,001-019,2229,2229,0.8748317631224765,30917373.0,2.1735352482890447,0.0,0.0,0.0,0.0,9.14879809053412,16.65251671292173,True
522,020-049,539,539,0.7439703153988868,29984416.0,1.3673769734251287,0.0,0.0,0.0,1.9714688195459384,4.9337461271321805,6.398960859209144,True
522,050-099,231,231,0.6883116883116883,29038094.0,1.0055756414315622,0.0,0.0,0.0,1.4329964175543362,3.1345997116168265,4.576501998907999,True
522,100-249,263,263,0.5285171102661597,80136676.0,0.9159351705578604,0.0,0.0,0.0,1.0268424192971377,2.0095901161876184,3.0264992177610384,True
522,1000+,49,49,0.10204081632653061,163689859.0,0.5901404069264914,0.06685977999789398,0.15556442272765103,0.35144366467881344,0.8026579551523267,1.6005415407061883,2.1093830897506023,True
522,250-499,293,293,0.3890784982935154,183576667.0,0.6242623415752504,0.0,0.0,0.3255918445754771,1.017499291990076,1.7776567247565995,2.5786730905626207,True
522,500-999,69,69,0.17391304347826086,83114079.0,0.71949302355862,0.0,0.18856877244557668,0.4876772097060769,1.1502670536676265,1.8398862507940306,2.289537054947828,True
523,001-019,77,77,0.961038961038961,750127.0,1.0664860750246292,0.0,0.0,0.0,0.0,0.0,0.0,True
523,020-049,55,55,0.8545454545454545,3598312.0,0.7781426402157456,0.0,0.0,0.0,0.0,2.5496005607560273,6.575994977114232,True
523,050-099,27,27,0.8148148148148148,3419492.0,1.2867408375279135,0.0,0.0,0.0,0.0,2.295076762242998,10.220052701609438,False
523,100-249,28,28,0.6785714285714286,7512205.0,0.4792201490774014,0.0,0.0,0.0,0.5810687253051543,1.3642925379697997,1.622396167767324,False
523,1000+,9,9,0.1111111111111111,57456738.0,0.09050287539818219,0.026749143191507146,0.0345504298073468,0.05243133264980353,0.08026157783292938,0.21182379734233303,0.2907553630591322,False
523,250-499,9,9,0.6666666666666666,5154858.0,0.11639505879696395,0.0,0.0,0.0,0.2356711915535445,0.3126118321726842,0.32488852409300445,False
523,500-999,3,3,0.0,4349519.0,1.7473196461493787,0.48803438396352167,0.5822806903616671,0.7393578676919096,2.2613433147514943,3.1745345829872456,3.4789316723991623,False
524,001-019,370,370,0.9621621621621622,5079246.0,0.7087666161473573,0.0,0.0,0.0,0.0,0.0,0.0,True
524,020-049,280,280,0.85,16486349.0,0.9341061504885042,0.0,0.0,0.0,0.0,2.937116544556584,5.298531255220532,True
524,050-099,232,232,0.6982758620689655,29449249.0,1.1545285925627509,0.0,0.0,0.0,1.4305365507777958,2.756367881324373,5.508082853240315,True
524,100-249,337,337,0.516320474777448,98630935.0,1.06863024263128,0.0,0.0,0.0,1.1457181647886436,2.3712835149883578,3.9879849574037736,True
524,1000+,204,204,0.28921568627450983,995224793.0,0.40111540910938703,0.0,0.0,0.16544125155670103,0.41909427000266725,0.8076459661919688,1.3481406133877172,True
524,250-499,311,311,0.35691318327974275,201790780.0,0.681894385858462,0.0,0.0,0.3999992000016,0.9497822265452037,1.5799111142007152,2.258374159546009,True
524,500-999,256,256,0.265625,320972865.0,0.577618921150858,0.0,0.0,0.2937984830386474,0.7391734768051328,1.4753277864016758,2.104443810369212,True
525,001-019,781,781,0.737516005121639,8361579.0,6.769056418650114,0.0,0.0,0.0,8.081787691437347,25.471217524197655,33.72112628561794,True
525,020-049,55,55,0.7272727272727273,3165015.0,2.464443296477268,0.0,0.0,0.0,2.298048794358844,9.677218268729947,15.13113656420099,True
525,050-099,31,31,0.6129032258064516,4195768.0,1.0963427911171446,0.0,0.0,0.0,1.5079644288643899,5.151054678445412,5.359336231014423,True
525,100-249,32,32,0.3125,8375423.0,1.2656077191563937,0.0,0.0,1.0734182424204846,1.378657479893603,2.499095755852788,3.711532493421852,True
525,1000+,9,9,0.0,43113969.0,0.3154430064186389,0.08652123386996427,0.16697375923886681,0.31117749564351505,0.9547309544302142,1.0558342112605619,1.0864302988289307,False
525,250-499,15,15,0.2,9247923.0,0.6704208069206459,0.0,0.32251962437449005,0.697307521333252,0.8895092734745813,1.5672553322147986,1.68334639514404,False
525,500-999,9,9,0.1111111111111111,10413835.0,0.9026453751187723,0.30290791599353795,0.4065924906432903,0.8229030373351108,1.1596320487509313,1.723550716090556,2.5562730633043462,False
531,001-019,24392,24392,0.8225647753361758,245635522.0,4.645907850412613,0.0,0.0,0.0,0.0,17.41811320279696,30.077223439106113,True
531,020-049,6178,6178,0.4970864357397216,331329080.0,3.9423041285721134,0.0,0.0,2.0450422128779735,5.9800568362363045,11.487816006307217,15.795313145271155,True
531,050-099,2441,2441,0.34985661614092584,286177549.0,3.483851208747336,0.0,0.0,2.0557731248779385,5.540549899577533,9.574875526618154,13.147515119642387,True
531,100-249,1473,1473,0.24915139171758316,400286215.0,3.3066339793889727,0.0,0.40064102564102566,2.2857142857142856,5.256264810621159,8.77362462248925,11.31671469791494,True
531,1000+,118,118,0.0423728813559322,850934447.0,2.2859575221779687,0.05309708669559573,0.3046664225669561,1.7767836970454458,3.761818202000808,4.97798439842487,5.863413260514882,True
531,250-499,691,691,0.22431259044862517,411758184.0,3.209650837201089,0.0,0.33571383518328557,2.657938502897153,5.301593816427674,7.886501970217188,9.787678542845862,True
531,500-999,313,313,0.12460063897763578,359626535.0,2.7206001359159995,0.0,0.45027534337247227,2.5322791107827425,4.6100218901684595,6.74549137891835,8.360200910406201,True
532,001-019,3439,3439,0.7633032858389066,50952297.0,4.6710357336785036,0.0,0.0,0.0,0.0,17.488640956241667,27.262576876347946,True
532,020-049,7624,7624,0.4728488982161595,422655291.0,4.046323413942545,0.0,0.0,2.4523803965433744,6.373004144863939,11.51359176012512,15.482862100572262,True
532,050-099,2595,2595,0.26936416184971096,315912245.0,4.046060322859597,0.0,0.0,3.0525030525030523,6.138448533095865,9.86232352312644,12.779046862884586,True
532,100-249,1298,1298,0.14946070878274267,341622187.0,4.4165749691193215,0.0,1.324974980392536,3.4079136162045436,6.365524524568345,10.212441018420693,13.545163691219033,True
532,1000+,63,63,0.09523809523809523,242879290.0,1.3010578217681714,0.0719185561679278,0.21476305612980387,0.7264934487405432,1.9565257876506608,3.968439747369878,6.882545954653118,True
532,250-499,288,288,0.19444444444444445,175175165.0,3.4913624885125696,0.0,0.39001877184383726,2.555315308435141,5.840670821017653,8.395004641477618,10.01803221268499,True
532,500-999,100,100,0.23,119333678.0,3.0100471720983912,0.0,0.14645555588611447,1.1311129411639609,6.321963052137493,9.18274908232394,10.97444352033605,True
533,001-019,19,19,0.8421052631578947,341689.0,2.341310372882943,0.0,0.0,0.0,0.0,12.334190712939058,20.925919504047393,False
533,020-049,12,12,0.75,696670.0,0.861239898373692,0.0,0.0,0.0,0.5341880341880342,2.82991625668331,3.3802161321617916,False
533,050-099,14,14,0.7142857142857143,1529201.0,0.6539362712946173,0.0,0.0,0.0,1.1525783176966875,2.006222996745725,2.605537691395334,False
533,100-249,2,2,0.5,634213.0,0.6307029341877256,0.1,0.25,0.5,0.75,0.9,0.95,False
533,250-499,9,9,0.2222222222222222,6089235.0,0.5255175732255365,0.0,0.2598185427297575,0.4926326782960821,0.6343497201724797,1.0136996028797949,1.1103701355487543,False
541,001-019,7221,7221,0.8570835064395513,107834765.0,3.674139782286353,0.0,0.0,0.0,0.0,10.683760683760683,23.916292974588938,True
541,020-049,8547,8547,0.6693576693576694,460826393.0,3.0410584577780466,0.0,0.0,0.0,3.9189960747453267,11.712629999550947,20.11452414493582,True
541,050-099,4208,4208,0.5993346007604563,543091671.0,1.9304291632194817,0.0,0.0,0.0,1.9889021184961804,5.62385573508899,10.054096113452221,True
541,100-249,3625,3625,0.4706206896551724,1056091631.0,1.433398348746123,0.0,0.0,0.4807692307692308,1.7336430775631912,4.475618456832631,7.213386137952119,True
541,1000+,1044,1044,0.18486590038314177,5496699691.0,0.4710826760719244,0.0,0.07021226386926527,0.23220322767092103,0.5777749802243923,1.2471521374846057,2.6798504037774715,True
541,250-499,2755,2755,0.39237749546279493,1807224719.0,1.0489011023758579,0.0,0.0,0.3086653157414681,0.9459470669637243,2.6965152423182612,5.019043275026371,True
541,500-999,1353,1353,0.3074648928307465,1775920031.0,0.7582548631098807,0.0,0.0,0.23240059355111592,0.7563634988430002,1.750986113945937,3.300554777845022,True
543,001-019,1,1,1.0,3824.0,0.0,0.0,0.0,0.0,0.0,0.0,0.0,False
543,020-049,1,1,0.0,93400.0,6.423982869379015,6.423982869379015,6.423982869379015,6.423982869379015,6.423982869379015,6.423982869379015,6.423982869379015,False
544,020-049,3,3,0.6666666666666666,65953.0,3.0324625111822057,0.0,0.0,0.0,6.315523556902868,10.104837691044589,11.367942402425161,False
550,020-049,1,1,0.0,58927.0,23.758209309824018,23.758209309824018,23.758209309824018,23.758209309824018,23.758209309824018,23.758209309824018,23.758209309824018,False
551,001-019,3829,3829,0.9535126664925568,49327219.0,1.5853316198506955,0.0,0.0,0.0,0.0,0.0,0.0,True
551,020-049,2988,2988,0.7914993306559571,183630315.0,1.1043928122652298,0.0,0.0,0.0,0.0,4.355650989392813,6.438032094080114,True
551,050-099,2026,2026,0.6900296150049359,266148431.0,1.0482872243571484,0.0,0.0,0.0,1.3988740505700865,3.659954322071541,6.019943968143541,True
551,100-249,2048,2048,0.62109375,626063242.0,0.6523302641045328,0.0,0.0,0.0,0.779030827722277,2.138283013926909,3.4135366167209247,True
551,1000+,803,803,0.16936488169364883,3645633274.0,0.5074564172962396,0.0,0.07211886709258303,0.22757003372967183,0.5729967151707063,1.2046018742967628,2.045459778552679,True
551,250-499,1513,1513,0.48116325181758096,1022613794.0,0.6870629010897148,0.0,0.0,0.2140646924907176,0.6152268649064343,1.403825476226049,2.472793346648822,True
551,500-999,976,976,0.3473360655737705,1276092841.0,0.534914058028165,0.0,0.0,0.18590972151343668,0.5056225119531751,1.0699215934956992,1.892651276886864,True
552,050-099,1,1,1.0,178000.0,0.0,0.0,0.0,0.0,0.0,0.0,0.0,False
555,1000+,4,4,0.5,14564737.0,0.04119538856074092,0.0,0.0,0.038529134864879286,0.07734151448663089,0.07785135504900106,0.07802130190312445,False
561,001-019,32521,32521,0.8713446695981059,359391154.0,3.594968839995433,0.0,0.0,0.0,0.0,7.738440704198104,16.915464963843192,True
561,020-049,35206,35206,0.48835425779696645,1955716040.0,4.110821732586496,0.0,0.0,2.1275124694162937,6.166709285739051,11.640088504100705,15.849430413168244,True
561,050-099,14277,14277,0.3331932478812075,1734719361.0,3.8867381961502185,0.0,0.0,2.302449806594216,5.756754111761624,10.164889021193794,13.683613570695655,True
561,100-249,9283,9283,0.24280943660454593,2384811000.0,3.23052854083615,0.0,0.44466013288431094,1.9920715552102632,4.751271182180444,8.843189364389696,12.314285578955841,True
561,1000+,1370,1370,0.1386861313868613,4881367572.0,1.6632633949902431,0.0,0.1806551108118919,1.1514070965620136,2.896021111948662,5.009081917514196,7.058988519575388,True
561,250-499,4657,4657,0.17672321236847757,2591473202.0,2.682258105017441,0.0,0.46925665053987975,1.8037599375899063,3.902496134089767,7.085471373824991,9.965564362432598,True
561,500-999,2086,2086,0.1404602109300096,2183595104.0,1.9868152259788177,0.0,0.3624663533575117,1.3344893229980517,3.120179799073935,5.989957249409749,8.412679699379611,True
562,001-019,6201,6201,0.763263989679084,119312647.0,4.100152098712553,0.0,0.0,0.0,0.0,12.820512820512821,21.533161068044787,True
562,020-049,13263,13263,0.42773128251526804,885621123.0,4.405721474644638,0.0,0.0,2.6260849013248597,6.361778503151129,11.916134611045916,16.31895066149388,True
562,050-099,6889,6889,0.1995935549426622,1022952355.0,4.843236320620231,0.0,1.2149487291636294,3.2940969782150384,6.815471119441131,11.634265288551482,15.737025486755856,True
562,100-249,3932,3932,0.11826042726347914,1234984263.0,5.121360805550605,0.0,1.360399259835184,3.5482956076911885,6.922264016179971,12.089075768720813,16.49565621378583,True
562,1000+,59,59,0.05084745762711865,198206734.0,3.082639967217259,0.28228351634532783,0.5661930232018899,1.790133678232422,4.7110416378967335,9.76126143927308,17.068805029315804,True
562,250-499,616,616,0.14123376623376624,421771124.0,5.184802551821921,0.0,0.6930653809054149,2.9397018804925743,7.373607225511595,14.140738209734685,21.658340944296032,True
562,500-999,130,130,0.11538461538461539,171503700.0,2.729970257201448,0.0,0.3610294039021731,0.9856266794914725,5.028337718324895,9.67065613477534,14.478664679917351,True
564,050-099,2,2,1.0,330244.0,0.0,0.0,0.0,0.0,0.0,0.0,0.0,False
564,100-249,1,1,1.0,210820.0,0.0,0.0,0.0,0.0,0.0,0.0,0.0,False
571,050-099,1,1,0.0,101862.0,13.744085134790206,13.744085134790206,13.744085134790206,13.744085134790206,13.744085134790206,13.744085134790206,13.744085134790206,False
595,020-049,1,1,0.0,68940.0,2.901073397156948,2.901073397156948,2.901073397156948,2.901073397156948,2.901073397156948,2.901073397156948,2.901073397156948,False
598,001-019,3,3,0.6666666666666666,48263.0,4.143961212523051,0.0,0.0,0.0,6.009615384615385,9.615384615384617,10.817307692307692,False
598,020-049,4,4,0.75,151280.0,1.3220518244315178,0.0,0.0,0.0,0.9245562130177515,2.588757396449705,3.1434911242603536,False
604,050-099,1,1,0.0,121200.0,1.6501650165016502,1.6501650165016502,1.6501650165016502,1.6501650165016502,1.6501650165016502,1.6501650165016502,1.6501650165016502,False
610,020-049,3,3,0.6666666666666666,157326.0,1.2712456936552128,0.0,0.0,0.0,2.1769892239033415,3.4831827582453467,3.9185806030260144,False
611,001-019,3443,3443,0.8077258205053732,42428034.0,6.349575377449731,0.0,0.0,0.0,0.0,16.300615484288976,31.744532246150865,True
611,020-049,4655,4655,0.5035445757250269,227337441.0,4.80079302027509,0.0,0.0,0.0,6.669224182984733,13.544630216950418,21.392719865785363,True
611,050-099,7589,7589,0.2681512715772829,740695324.0,4.757421689893103,0.0,0.0,3.007518796992481,6.477732793522267,11.638640001332108,16.663135800530398,True
611,100-249,4237,4237,0.1623790417748407,840773842.0,4.071487276360817,0.0,1.1699601043604413,2.8785054799548075,5.652565086931741,9.696845000366586,13.337711939063226,True
611,1000+,1260,1260,0.047619047619047616,9677233006.0,2.0501728115566675,0.29077971023707877,0.8754557752326273,1.5697585673326593,2.7863308249336787,5.194116299228826,6.9960061602106745,True
611,250-499,1684,1684,0.1342042755344418,784868037.0,2.858569713930139,0.0,0.7496037058450216,1.9616295588297517,3.7243319930563965,6.823530277886655,9.652560386473425,True
611,500-999,991,991,0.12008072653884964,963164391.0,2.5250102918308572,0.0,0.43659655804904346,1.5343698854337153,3.6279484229983705,6.16735293584139,8.792067906072274,True
621,001-019,24145,24145,0.7984675916338787,338774227.0,4.425956523546285,0.0,0.0,0.0,0.0,14.550958358686803,24.667368437742873,True
621,020-049,27363,27363,0.4704162555275372,1331324583.0,5.147054360371561,0.0,0.0,2.7581261291078842,7.026789655001403,13.561528745289186,19.267414654592667,True
621,050-099,13227,13227,0.2593180615407878,1383863637.0,5.349804563150032,0.0,0.0,3.3888827700727764,7.2561710155466805,12.710439491877265,17.62244590705915,True
621,100-249,9877,9877,0.14700820087070973,2363496489.0,4.973732795758767,0.0,1.2433403582063571,3.3542039355992843,6.565957386936558,11.115032249218116,15.89252359076644,True
621,1000+,1223,1223,0.0964840556009812,3839995550.0,2.2956797436913696,0.047616587428697135,0.5486061499110888,1.8308673637774455,3.2818985257375823,5.359305342622735,7.7797463720901545,True
621,250-499,4393,4393,0.10562258137946734,2356821860.0,4.139387946783556,0.0,1.0969402679459428,2.85149805487097,5.563182205670846,9.65100271079635,14.11278447870662,True
621,500-999,1898,1898,0.13487881981032665,1966777613.0,3.4324165352394624,0.0,0.6534243574859747,2.232924529261806,4.934387588751158,8.75944337328118,11.866448052016564,True
622,001-019,2654,2654,0.8266767143933685,34548498.0,4.584859231796416,0.0,0.0,0.0,0.0,12.28049505163601,23.65590221959762,True
622,020-049,3818,3818,0.5240963855421686,195186483.0,4.5423227386089025,0.0,0.0,0.0,5.943426350358213,12.16703537013839,16.494607727179723,True
622,050-099,4190,4190,0.2295942720763723,481749170.0,5.287813988345844,0.0,1.3419680499101159,3.464853967679656,6.972637838120046,12.050715231035193,17.244663790566165,True
622,100-249,10381,10381,0.057219921009536656,2751846368.0,6.1301387301865535,1.0867734240426885,2.6372301548430848,4.7782417981479535,7.857079719895108,11.944271442100144,15.903940201184843,True
622,1000+,11617,11617,0.02806232245846604,48923275843.0,5.574794314167406,2.4391182404686873,3.8827349337751023,5.453584484436108,7.248369490491933,9.583949146794732,11.99514445496132,True
622,250-499,6813,6813,0.014824600029355643,3751624287.0,5.936255417998897,1.8570240544324976,3.2160733498620013,5.087383289442183,7.530505270008956,10.961047863689368,14.45582583927804,True
622,500-999,5975,5975,0.009372384937238494,6732488847.0,5.904146431332365,2.2590485863473995,3.7219633174730857,5.383329142652314,7.450615530199836,10.163521430320161,12.825157399002354,True
623,001-019,19396,19396,0.6816869457620128,325853710.0,6.769295338082847,0.0,0.0,0.0,8.941844562763562,20.40330592531098,31.638567161992533,True
623,020-049,36535,36535,0.34380730806076365,1872636640.0,8.548908879621196,0.0,0.0,4.938271604938271,11.158638649944677,20.81529341724605,31.533875268863657,True
623,050-099,47831,47831,0.1224101524116159,5299004898.0,10.032374195401244,0.0,2.700841336202931,6.311603883740257,12.032029283233117,23.18273144093555,37.21020627719944,True
623,100-249,43422,43422,0.048984385795219014,9463937791.0,8.948854258165104,1.357009991562874,3.243016232227083,6.001005171404728,10.277173220876472,20.026609913295903,33.77622910235765,True
623,1000+,595,595,0.2857142857142857,18371501338.0,0.2372914395941569,0.0,0.0,1.0608039567987588,5.149277232459005,8.95357326116828,11.7909349460489,True
623,250-499,5984,5984,0.026403743315508023,2830171496.0,7.447110547819608,1.8636151921883328,3.535247003597957,5.748920339267589,8.868055556103176,14.80652269380748,22.829022269593214,True
623,500-999,1196,1196,0.07190635451505016,1202403893.0,6.467876597269134,0.19867266790572188,2.6616065442013928,5.241618084808904,8.229599410329193,12.411656278884347,17.013339735761694,True
624,001-019,12014,12014,0.7637755951390045,161420786.0,6.027724335328165,0.0,0.0,0.0,0.0,19.23076923076923,34.12680360812515,True
624,020-049,10554,10554,0.4711957551639189,482793137.0,5.494278598247763,0.0,0.0,2.9203064363857463,7.7495726286246205,14.966055136892875,21.665106084718484,True
624,050-099,4858,4858,0.27748044462741867,496389240.0,5.230169775638166,0.0,0.0,3.3812341504649197,7.296119254691108,13.406398018228483,19.058408299716817,True
624,100-249,4200,4200,0.17666666666666667,942325987.0,4.2902350733961025,0.0,1.0404331725141356,3.031013339634252,6.154501062711522,10.38450969007422,13.986910552790052,True
624,1000+,360,360,0.2611111111111111,961887297.0,2.1405834201384613,0.0,0.0,0.8658668917161391,3.5157506464058175,6.472888633850655,8.280192467800976,True
624,250-499,2103,2103,0.16928197812648596,1041394042.0,3.5047252555723762,0.0,0.6551793322000234,2.45497674932437,4.992285224402545,8.706264209864708,11.313383997750723,True
624,500-999,961,961,0.22372528616024975,883054414.0,2.9443259201012273,0.0,0.19267711361976714,1.4889704513813924,4.1603683312762625,7.79847695745021,11.228070175438596,True
632,050-099,1,1,0.0,123902.0,3.2283578957563237,3.2283578957563237,3.2283578957563237,3.2283578957563237,3.2283578957563237,3.2283578957563237,3.2283578957563237,False
632,250-499,2,2,0.0,1111525.0,2.519061649535548,3.1279101406459233,5.797431339342069,10.24663333716898,14.69583533499589,17.365356533692037,18.255196933257416,False
633,020-049,3,3,0.0,112924.0,5.313308065601643,5.050677871795628,5.1910133232207905,5.4249057422627285,5.512710494832745,5.565393346374755,5.582954296888758,False
653,050-099,1,1,0.0,70280.0,5.691519635742743,5.691519635742743,5.691519635742743,5.691519635742743,5.691519635742743,5.691519635742743,5.691519635742743,False
711,001-019,293,293,0.7610921501706485,4690201.0,9.807682016186513,0.0,0.0,0.0,0.0,18.4855668840746,44.078421559845864,True
711,020-049,961,961,0.4183142559833507,44046964.0,17.613018686145995,0.0,0.0,4.576187806747589,20.130850528434827,57.21830985915493,96.02458229306703,True
711,050-099,795,795,0.2628930817610063,71961618.0,19.905055497779387,0.0,0.0,5.504587155963303,19.080453426201593,58.834128036284746,110.55129678169986,True
711,100-249,834,834,0.18705035971223022,157579570.0,11.153730144078956,0.0,1.2230207465602838,4.301206064891109,11.401173884941198,25.02668805794696,39.77705949055347,True
711,1000+,155,155,0.03870967741935484,271187554.0,4.756855471324469,0.5933544458549886,1.881114325581969,3.54549580213297,6.991787426746502,11.250116798324324,16.616109130441448,True
711,250-499,607,607,0.10378912685337727,238642296.0,11.604816272803543,0.0,1.5082956259426847,3.4938607044321954,9.702357555425532,27.488439135238472,53.907790927021665,True
711,500-999,598,598,0.30267558528428096,603655279.0,3.4844390054609296,0.0,0.0,0.3143098039997753,3.533905147057742,10.25152548963364,21.86906762893476,True
712,001-019,546,546,0.7454212454212454,6788298.0,6.128192957940267,0.0,0.0,0.0,6.009615384615385,25.25919747178338,42.36121229896761,True
712,020-049,848,848,0.42452830188679247,38181281.0,6.600092857020695,0.0,0.0,3.5939386359290957,9.230940938358946,17.398500423519554,24.891366073674998,True
712,050-099,618,618,0.27993527508090615,61916165.0,4.754816452214055,0.0,0.0,3.171325743274111,6.982639694455287,12.309283525684437,16.9061707523246,True
712,100-249,642,642,0.08411214953271028,143036157.0,5.249022455210398,0.7610387455484451,1.9482755241641287,4.029719219842933,7.212952298097576,11.534902587690453,13.751245294805814,True
712,1000+,72,72,0.0,158448309.0,3.125309466066943,1.0610275555453503,1.4627772097149072,2.628711269051781,5.166746335884108,6.911465424454664,8.595362724836713,True
712,250-499,333,333,0.003003003003003003,152377905.0,6.444503880008063,2.4078485067770288,3.60330894632317,5.570613620498466,8.73333842778075,11.580882092695314,14.333865966096221,True
712,500-999,129,129,0.023255813953488372,108269075.0,5.695070360580803,1.0764247044437465,2.508940190211119,5.102797877504651,7.528657836052935,10.121891677596409,13.270025991389433,True
713,001-019,3699,3699,0.8213030548796972,52631732.0,4.008988341861902,0.0,0.0,0.0,0.0,14.917645638789486,25.91154950080244,True
713,020-049,4378,4378,0.5927364093193239,149976395.0,4.540714557114138,0.0,0.0,0.0,6.973929450346351,13.810682739800823,21.139601390791512,True
713,050-099,2635,2635,0.42011385199240986,183126904.0,4.878584088332537,0.0,0.0,2.853433393731007,6.882691462749316,11.944413609210176,17.02586489716578,True
713,100-249,2281,2281,0.18149934239368698,413235240.0,5.123957966411577,0.0,1.3961605584642234,3.78296380081939,7.31815304453462,12.129751013534003,15.298317185109639,True
713,1000+,420,420,0.023809523809523808,2428579084.0,6.0184163226533,0.8139879428181419,2.1077283557244195,4.400485219946992,6.761520414167288,9.716954069238017,11.734763207384216,True
713,250-499,1373,1373,0.041514930808448654,543561692.0,4.871940092496438,0.8524562265476311,2.111698280549675,3.9957872985338314,6.997982248451696,11.09821403128791,15.011843145498892,True
713,500-999,552,552,0.016304347826086956,488473249.0,4.34373838146457,1.1803108485430704,2.0124000832840414,3.844540434986044,6.644647366261179,10.300427529105997,13.646210761044534,True
720,1000+,2,2,0.0,2253331.0,9.230778789267976,8.81768231511506,9.194697658513157,9.823056564176646,10.451415469840136,10.828430813238231,10.954102594370928,False
721,001-019,8148,8148,0.6575846833578792,182302055.0,5.2177140844627345,0.0,0.0,0.0,7.71173575471753,15.811904130513096,23.664930634022475,True
721,020-049,26158,26158,0.5029436501261564,1144635002.0,4.744569221202271,0.0,0.0,0.0,7.074762553281806,13.659149594726635,19.50905476886362,True
721,050-099,8827,8827,0.24277784071598504,886625315.0,5.312277825047213,0.0,1.2168043489375633,3.7931230678779375,7.585218959681816,12.880682178896539,17.096647520916587,True
721,100-249,7516,7516,0.08408728046833422,1670690459.0,5.656822871698701,0.77824209525858,2.3901844362036915,4.6538690221134305,7.763999363688994,11.874554305958236,15.83358280799801,True
721,1000+,1005,1005,0.007960199004975124,3186838616.0,4.287697510440862,1.3365461554039684,2.3950497742665586,3.8880638565887646,5.8640932645789645,8.349280173536275,10.750651386763746,True
721,250-499,2828,2828,0.03536067892503536,1448701911.0,5.664933508878349,1.216358614762826,2.7941887177082334,4.825222292948012,7.542177108453829,11.604973913547672,15.391578168449783,True
721,500-999,1641,1641,0.021328458257160267,1718220630.0,4.795076869726561,1.319151961175892,2.5102864693277223,4.2395885714824075,6.788875861161832,9.453024376986612,12.082815618247468,True
722,001-019,26017,26017,0.8824614675020179,292250092.0,2.696320793630409,0.0,0.0,0.0,0.0,7.935626392175592,17.593864328320052,True
722,020-049,29826,29826,0.596358881512774,1164458207.0,3.7387344378946867,0.0,0.0,0.0,5.9171597633136095,12.029231235691947,17.479120270600784,True
722,050-099,12019,12019,0.3982028454946335,999002713.0,3.693683662698922,0.0,0.0,2.329807557895718,5.794540119220057,10.451760907499716,14.96108339331801,True
722,100-249,5409,5409,0.24662599371418006,929498959.0,3.7110315903000384,0.0,0.4462662022523055,2.605829240009902,5.6622736859986125,9.599862554142602,13.254410379437388,True
722,1000+,249,249,0.24899598393574296,569661783.0,2.029625357543074,0.0,0.04224029872339257,0.5492176851756078,3.962512598758006,6.760332318787275,7.698556510816049,True
722,250-499,1054,1054,0.1204933586337761,387644852.0,4.086214461065512,0.0,1.3794046246794602,3.069220493347707,5.629759726365614,8.82195148190778,11.921216301149633,True
722,500-999,444,444,0.07432432432432433,336745454.0,4.0451919508318,0.38483410050089645,1.6275120818720812,3.296209844660995,5.462637608481447,8.037286389132523,10.982074217234757,True
723,020-049,30,30,0.8333333333333334,995102.0,1.0049221084873712,0.0,0.0,0.0,0.0,4.90996701618022,5.472614431748817,True
723,050-099,21,21,0.6190476190476191,1303431.0,2.30161780715665,0.0,0.0,0.0,3.4301787123109113,6.791248344633216,6.829784691037615,False
723,100-249,11,11,0.18181818181818182,1374454.0,2.328197233228613,0.0,1.2589170375655576,2.0819453697534978,3.369021605106182,5.095325039276464,5.7853055155372175,False
723,500-999,1,1,0.0,401075.0,3.490618961540859,3.490618961540859,3.490618961540859,3.490618961540859,3.490618961540859,3.490618961540859,3.490618961540859,False
733,020-049,1,1,1.0,17854.0,0.0,0.0,0.0,0.0,0.0,0.0,0.0,False
734,001-019,1,1,1.0,15000.0,0.0,0.0,0.0,0.0,0.0,0.0,0.0,False
734,020-049,1,1,1.0,82200.0,0.0,0.0,0.0,0.0,0.0,0.0,0.0,False
758,001-019,1,1,0.0,24322.0,32.89203190527095,32.89203190527095,32.89203190527095,32.89203190527095,32.89203190527095,32.89203190527095,32.89203190527095,False
763,020-049,1,1,1.0,62407.0,0.0,0.0,0.0,0.0,0.0,0.0,0.0,False
772,001-019,1,1,0.0,10928.0,18.301610541727673,18.301610541727673,18.301610541727673,18.301610541727673,18.301610541727673,18.301610541727673,18.301610541727673,False
772,100-249,1,1,0.0,210367.0,7.605755655592369,7.605755655592369,7.605755655592369,7.605755655592369,7.605755655592369,7.605755655592369,7.605755655592369,False
777,020-049,18,18,0.6666666666666666,1107796.0,1.083231930788701,0.0,0.0,0.0,3.0324165327349366,3.104127269972333,3.1450002358750178,False
777,050-099,2,2,0.0,257510.0,4.660013203370743,4.660013203370743,4.660013203370743,4.660013203370743,4.660013203370743,4.660013203370743,4.660013203370743,False
777,100-249,2,2,1.0,929490.0,0.0,0.0,0.0,0.0,0.0,0.0,0.0,False
777,250-499,2,2,1.0,1555210.0,0.0,0.0,0.0,0.0,0.0,0.0,0.0,False
792,500-999,1,1,0.0,279654.0,6.436525134630651,6.436525134630651,6.436525134630651,6.436525134630651,6.436525134630651,6.436525134630651,6.436525134630651,False
803,001-019,4,4,0.75,50544.0,3.9569484013928458,0.0,0.0,0.0,2.9482870452267234,8.255203726634829,10.024175953770856,False
804,250-499,2,2,0.0,1172796.0,7.503436232729307,5.943673845262732,6.566569105965832,7.604727873804331,8.64288664164283,9.26578190234593,9.47341365591363,False
804,500-999,2,2,0.0,1476313.0,4.877014562630011,3.9530114064494986,4.27624487842192,4.814967331709289,5.353689784996658,5.67692325696908,5.784667747626553,False
811,001-019,10769,10769,0.7079580276720215,190293224.0,5.193038297569649,0.0,0.0,0.0,6.78955766031843,17.806584897672067,26.49639038534582,True
811,020-049,12639,12639,0.4710024527256903,745944803.0,3.5394039738353134,0.0,0.0,2.326474112159317,5.460713585107651,10.0696146912394,13.705373576388116,True
811,050-099,4662,4662,0.2807807807807808,626196717.0,3.023969862173519,0.0,0.0,2.0881743560821278,4.486234167934911,7.790973118155181,10.048649057851035,True
811,100-249,2364,2364,0.1802030456852792,699470145.0,2.4950314355446865,0.0,0.713681262162136,1.7930465659957713,3.4818512902635166,6.352081927473016,8.295375393877176,True
811,1000+,118,118,0.01694915254237288,502651820.0,1.469008905607862,0.32228003639050634,0.7452798751810381,1.1895580919173323,1.9807030210195213,4.377755599219269,5.018163521428828,True
811,250-499,586,586,0.11604095563139932,411557874.0,2.0658090968756437,0.0,0.526301668400085,1.327022446188686,3.1577324816705716,5.532521860716578,7.5605649598563645,True
811,500-999,208,208,0.0625,273799096.0,2.0211900188304495,0.20711316832521015,0.6222356999073011,1.6042138725695385,2.917723092952044,4.786720319423617,5.803698655641277,True
812,001-019,1922,1922,0.77159209157128,28524656.0,5.020218298162824,0.0,0.0,0.0,0.0,16.568134140794157,32.035515790672825,True
812,020-049,3087,3087,0.4570780693229673,175781224.0,4.438471767610402,0.0,0.0,2.4498095273092515,6.248878866381534,12.411436033935649,17.862214695972707,True
812,050-099,2820,2820,0.2024822695035461,379488374.0,4.666809634595024,0.0,1.250951795674965,3.4444786587243765,6.6225039743060785,11.009115202782343,14.207057200164462,True
812,100-249,2979,2979,0.09533400469956362,824337729.0,3.936735983122762,0.5532113345893207,1.431354906512444,3.0344409042633895,5.5042211485952635,8.700741935994179,11.486000710605401,True
812,1000+,38,38,0.0,117005022.0,3.584461528497469,0.2841559141628188,0.7581691063333379,2.0134786045575668,4.241375424946372,6.10202696095622,7.340593629376734,True
812,250-499,261,261,0.05363984674329502,143879756.0,4.247991635459821,0.7211538461538461,1.831431950856576,3.5011108069742125,5.926136633006211,8.670659451821642,12.818426981802764,True
812,500-999,203,203,0.5172413793103449,274259397.0,1.3075212879579108,0.0,0.0,0.0,1.152515871632665,4.212137354325308,7.623809224537245,True
813,001-019,1024,1024,0.83203125,11629615.0,4.60892299530122,0.0,0.0,0.0,0.0,17.368541445871525,31.276377791436122,True
813,020-049,980,980,0.503061224489796,43427245.0,5.526484583583416,0.0,0.0,0.0,7.739842808832832,16.66865978808021,25.296183767726596,True
813,050-099,657,657,0.3713850837138508,56047841.0,5.081373250398708,0.0,0.0,3.06550994757978,7.518796992481203,14.651830969245989,22.32935094005702,True
813,100-249,847,847,0.20070838252656434,151986268.0,4.766220064038944,0.0,1.058912736959997,3.725470107759223,7.667295433978934,11.988689450037299,16.939733610527234,True
813,1000+,87,87,0.39080459770114945,191260571.0,1.5057991226011764,0.0,0.0,0.11865711002302541,3.8508683087581588,5.915059055636234,8.607373980309044,True
813,250-499,471,471,0.20382165605095542,196681679.0,3.493970579740678,0.0,0.4653297408781799,2.410161239786942,6.093255253495061,9.764353599791693,13.047622142097728,True
813,500-999,85,85,0.023529411764705882,60024021.0,3.2820193768758013,0.618788223362734,1.6790713443872196,3.320530842197306,5.6022032344880595,8.73035502685228,13.283488936559506,True
814,001-019,32,32,0.78125,248288.0,5.638613223353525,0.0,0.0,0.0,0.0,11.928678111445967,13.791702679343127,True
814,020-049,16,16,0.6875,695459.0,3.7385381453112263,0.0,0.0,0.0,4.716215557063302,11.817501987114763,15.696646758430683,False
814,250-499,1,1,0.0,308892.0,1.942426479157764,1.942426479157764,1.942426479157764,1.942426479157764,1.942426479157764,1.942426479157764,1.942426479157764,False
814,500-999,1,1,0.0,899007.0,5.339224277452789,5.339224277452789,5.339224277452789,5.339224277452789,5.339224277452789,5.339224277452789,5.339224277452789,False
818,500-999,7,7,0.0,9833449.0,5.410105854009107,3.2339029565288633,4.693021099211705,5.923348387542617,6.2618542661744625,6.918909096657333,7.235881036788284,False
819,050-099,1,1,0.0,116267.0,41.28428530881506,41.28428530881506,41.28428530881506,41.28428530881506,41.28428530881506,41.28428530881506,41.28428530881506,False
822,1000+,1,1,0.0,1659239.0,14.705536694834198,14.705536694834198,14.705536694834198,14.705536694834198,14.705536694834198,14.705536694834198,14.705536694834198,False
830,100-249,1,1,0.0,431907.0,5.55675180073488,5.55675180073488,5.55675180073488,5.55675180073488,5.55675180073488,5.55675180073488,5.55675180073488,False
830,250-499,1,1,0.0,546515.0,2.927641510297064,2.927641510297064,2.927641510297064,2.927641510297064,2.927641510297064,2.927641510297064,2.927641510297064,False
831,100-249,1,1,0.0,198989.0,3.015242048555448,3.015242048555448,3.015242048555448,3.015242048555448,3.015242048555448,3.015242048555448,3.015242048555448,False
831,250-499,2,2,0.0,480538.0,1.6648007025458964,1.3941573818475494,1.5543634110097788,1.8213734596134943,2.08838350821721,2.248589537379439,2.301991547100182,False
836,050-099,1,1,0.0,102846.0,1.9446551154152811,1.9446551154152811,1.9446551154152811,1.9446551154152811,1.9446551154152811,1.9446551154152811,1.9446551154152811,False
871,020-049,4,4,1.0,198653.0,0.0,0.0,0.0,0.0,0.0,0.0,0.0,False
874,001-019,4,4,0.75,118665.0,1.685416930013062,0.0,0.0,0.0,1.5756964578343629,4.411950081936217,5.357367956636831,False
874,020-049,26,26,0.7307692307692307,1426637.0,1.401898310502251,0.0,0.0,0.0,1.4844871097035974,4.9559881845925915,5.05709969610267,False
874,050-099,12,12,0.4166666666666667,1846329.0,0.8665844494670235,0.0,0.0,0.8968850546464295,1.438605219162762,1.591429202615308,2.5896901061460906,False
874,100-249,5,5,0.2,1410900.0,0.850520944078248,0.23640382501388874,0.5910095625347218,0.7377542024323757,0.835812911637859,1.3912989898727774,1.5764610159510835,False
874,250-499,2,2,0.0,2412610.0,0.7460799714831655,0.42419532861979464,0.5380846027315469,0.7279000595844675,0.917715516437388,1.0316047905491403,1.0695678819197243,False
900,250-499,1,1,0.0,685855.0,15.746768631853671,15.746768631853671,15.746768631853671,15.746768631853671,15.746768631853671,15.746768631853671,15.746768631853671,False
902,020-049,1,1,0.0,44783.0,13.397941183038206,13.397941183038206,13.397941183038206,13.397941183038206,13.397941183038206,13.397941183038206,13.397941183038206,False
907,001-019,1,1,0.0,23663.0,8.452013692262181,8.452013692262181,8.452013692262181,8.452013692262181,8.452013692262181,8.452013692262181,8.452013692262181,False
909,050-099,2,2,0.0,220388.0,9.074904259760059,7.700415813439361,8.207010671869643,9.051335435920112,9.895660199970582,10.402255058400863,10.571120011210956,False
919,100-249,1,1,1.0,274560.0,0.0,0.0,0.0,0.0,0.0,0.0,0.0,False
921,001-019,6843,6843,0.8167470407715914,90148050.0,4.800991258269036,0.0,0.0,0.0,0.0,15.698587127158556,27.867963982219248,True
921,020-049,4900,4900,0.5210204081632653,248449387.0,4.799367848711979,0.0,0.0,0.0,6.915883569783588,14.756559348054292,20.458552966753544,True
921,050-099,3273,3273,0.307974335472044,362671139.0,5.006739728467889,0.0,0.0,3.024734768569981,7.4203242681705195,13.775837686801445,18.32529322010387,True
921,100-249,3021,3021,0.1519364448857994,785786720.0,5.410119427826421,0.0,1.1370484496344389,3.722638606244106,8.20517629407352,13.322520852641334,17.806901955197834,True
921,1000+,945,945,0.21798941798941798,3304626697.0,4.533220049816719,0.0,0.14593128971155223,3.7636691759885434,6.940791028876708,10.36354923926054,13.198974614584877,True
921,250-499,2252,2252,0.07326820603907638,1323957710.0,5.7003331322418145,0.3149427748978011,1.7453411286951281,4.756678971915944,7.959716571926226,11.929374683084943,16.00058893693212,True
921,500-999,1352,1352,0.08062130177514792,1583957727.0,5.068190812897875,0.167075804136227,1.3922800213845425,4.79743154725875,7.931366487036488,11.678166748303601,14.272117428186547,True
922,001-019,4633,4633,0.7597668897042953,72746411.0,7.35431470289304,0.0,0.0,0.0,0.0,19.531810829206137,35.41996272059762,True
922,020-049,4434,4434,0.39377537212449254,239130124.0,8.30844716159642,0.0,0.0,4.0924904516930365,11.831257727615707,22.498180551251433,33.333333333333336,True
922,050-099,2666,2666,0.1849212303075769,340555940.0,8.774476228486868,0.0,1.8857252625288141,6.443838853107286,12.500175832151918,20.582336228923552,29.68551178541382,True
922,100-249,2205,2205,0.08208616780045351,653423939.0,8.741032672817333,0.6759937153135045,2.4649438763091163,6.436569074626167,12.227821788231594,20.396994598856583,27.293421342137965,True
922,1000+,529,529,0.013232514177693762,1804035096.0,9.834509339279506,1.5554072863512043,4.0662434312865425,8.374413758324364,13.065090970853158,20.732778010007667,27.057319778157176,True
922,250-499,1799,1799,0.03001667593107282,1130932115.0,10.31892175066582,1.0535388244366573,2.8883471241943828,6.927635307109001,14.04093537786633,27.081233069736488,38.99529746710792,True
922,500-999,674,674,0.03412462908011869,862545914.0,8.877208593443061,0.6135379009641582,3.0185079635534313,6.698638766048552,11.478229369204037,20.549782212870028,26.970905358699547,True
923,001-019,2100,2100,0.9004761904761904,30133149.0,2.0110742491599534,0.0,0.0,0.0,0.0,0.0,13.727590497000307,True
923,020-049,1176,1176,0.6921768707482994,63776558.0,2.107357377298411,0.0,0.0,0.0,3.25432942430959,6.853813861838535,10.621288233575688,True
923,050-099,588,588,0.4302721088435374,69337937.0,2.6738609197444108,0.0,0.0,1.5811123477697744,3.612374251648342,7.280657527886156,12.771388981524666,True
923,100-249,469,469,0.24733475479744135,121749020.0,2.6332860831241187,0.0,0.45160387114838346,1.4468011227176711,3.379534384650155,6.681836322302852,11.71139422057133,True
923,1000+,109,109,0.11009174311926606,343082291.0,1.7896580969257898,0.0,0.3568694059605399,1.2551669170276392,2.8606505596147658,4.3019079875899555,5.449057761759084,True
923,250-499,429,429,0.17249417249417248,266559763.0,2.686076817977963,0.0,0.3817179981944739,1.4851205769396418,3.2819772271805148,6.930034274957282,10.34868330957834,True
923,500-999,215,215,0.05116279069767442,249653647.0,2.4081362608734493,0.17998246830519887,0.4610717514141442,1.4677998780677672,3.6715354752104004,5.987417658145149,7.604989887479697,True
924,001-019,1796,1796,0.7616926503340757,19824280.0,7.677454111826508,0.0,0.0,0.0,0.0,24.43401837439376,45.337210211083146,True
924,020-049,1108,1108,0.48104693140794225,45584564.0,6.405677149835194,0.0,0.0,2.646784237188632,8.78076682364261,18.181818181818183,27.49625791074732,True
924,050-099,569,569,0.40421792618629176,55008299.0,4.468416665638034,0.0,0.0,1.9146451205269104,6.433005607436555,15.457558433720118,22.30986542507465,True
924,100-249,581,581,0.16523235800344235,131916200.0,5.038046881277659,0.0,1.198703003350375,4.154980783213878,7.572208103209197,11.588086227559518,13.889193476465127,True
924,1000+,88,88,0.0,390180028.0,2.383515129585259,0.060459492140266025,0.060459492140266025,0.46856106408706166,8.348790184425768,12.475996385215486,14.68672196538068,True
924,250-499,325,325,0.07692307692307693,141504892.0,5.146111839016845,0.3593309534109155,1.835999357400225,5.099543080939948,8.182229949883842,11.22657147151337,14.133020070789334,True
924,500-999,163,163,0.04294478527607362,164435062.0,3.439655710410472,0.3251866759013009,0.7715116534424302,2.246985668725405,6.345992199704494,10.431786078008395,11.685382347381264,True
925,001-019,308,308,0.8116883116883117,4211743.0,3.9413610944447464,0.0,0.0,0.0,0.0,13.298729457136865,19.61332795321339,True
925,020-049,248,248,0.5604838709677419,13180506.0,3.186524098543713,0.0,0.0,0.0,5.070413185001423,10.176249028256064,13.323173418607764,True
925,050-099,115,115,0.4260869565217391,13671137.0,2.428473944778697,0.0,0.0,1.3266822330715347,3.264782341022622,6.023994919235866,10.398616884378923,True
925,100-249,129,129,0.24806201550387597,32502941.0,2.28902363020011,0.0,0.42954957431637186,1.5999616009215778,4.058771004139946,6.543921932937863,8.01842188767779,True
925,250-499,40,40,0.35,26564765.0,1.94995137355817,0.0,0.0,0.5508892819208555,3.743893659910255,5.279190159715665,6.188960746663822,True
925,500-999,23,23,0.043478260869565216,23775925.0,3.5329855725907615,0.2972804524858235,0.7207904565102231,2.0184924966423154,6.074784462650379,8.297423074469627,8.475966619443717,False
926,001-019,1639,1639,0.8773642464917633,16739008.0,3.3215827365636006,0.0,0.0,0.0,0.0,9.671047757773545,22.72686338901652,True
926,020-049,777,777,0.5006435006435006,41861491.0,4.166120122190583,0.0,0.0,0.0,5.6557886997341775,12.345376210974178,17.045218507105186,True
926,050-099,345,345,0.3565217391304348,40847877.0,5.243846577387608,0.0,0.0,2.147720195012994,6.25,14.954572011860222,20.48388422365375,True
926,100-249,410,410,0.2658536585365854,118956906.0,2.67491825989489,0.0,0.0,1.390456074390487,3.296219199273413,6.200836348339153,8.7553393155761,True
926,1000+,93,93,0.010752688172043012,343714304.0,3.3923522717285572,0.7399346009443402,1.579357014146597,2.8959276018099547,4.909135204544247,6.279995325320454,6.5321954260943835,True
926,250-499,355,355,0.05352112676056338,213751184.0,3.7595113391278336,0.3959247995838075,1.4230328017077465,3.5595897572804733,5.698613977481923,7.463840577529751,8.985493311482479,True
926,500-999,100,100,0.02,116847064.0,2.745469068867661,0.1857989736394841,0.5608036248863005,1.2002046963113226,4.604467720196972,6.587706706985502,8.979368113853257,True
927,001-019,1,1,1.0,21390.0,0.0,0.0,0.0,0.0,0.0,0.0,0.0,False
927,020-049,1,1,1.0,53806.0,0.0,0.0,0.0,0.0,0.0,0.0,0.0,False
927,050-099,6,6,0.8333333333333334,847686.0,0.7078092595607336,0.0,0.0,0.0,0.0,1.9395882900589634,2.909382435088445,False
927,100-249,3,3,0.3333333333333333,823425.0,0.7286638127334001,0.1252203094819949,0.3130507737049872,0.6261015474099744,1.1195641759414487,1.4156417530603336,1.5143342787666283,False
927,1000+,3,3,0.0,5685956.0,0.24622068830641672,0.10911584985659059,0.15587978550941514,0.2338196782641227,0.6586255611668901,0.9135090909085506,0.998470267489104,False
927,250-499,4,4,0.25,3595163.0,0.6119333115077119,0.13580928754447755,0.33952321886119385,0.6464586292802162,0.8824321042634187,0.958414551795659,0.9837420343064057,False
927,500-999,6,6,0.0,8999734.0,0.5777948548257092,0.208812438598865,0.3093585097437348,0.6424377833232713,1.0477727691998815,1.1341948881665196,1.1382537254968552,False
928,001-019,305,305,0.9081967213114754,3395560.0,1.8259138404269104,0.0,0.0,0.0,0.0,0.0,8.268853387997018,True
928,020-049,153,153,0.5686274509803921,8600771.0,2.953223612162212,0.0,0.0,0.0,3.849411040110863,8.226480448702683,10.721745630398786,True
928,050-099,88,88,0.5909090909090909,11036355.0,3.008239586348935,0.0,0.0,0.0,1.9149924016098203,7.989953070611265,23.071838756661773,True
928,100-249,62,62,0.3387096774193548,18042673.0,2.22805124273992,0.0,0.0,0.9435449135747134,1.922930316487319,4.948918490438176,7.028276664085632,True
928,1000+,19,19,0.05263157894736842,141810680.0,4.501776593977266,0.05538015092371788,0.2596470289173471,0.6379308076323637,1.900128125538055,36.14796759298776,42.39721484610778,False
928,250-499,30,30,0.23333333333333334,18333974.0,3.8071396850459154,0.0,0.2788496700770758,0.8016600351735601,5.374692874692875,13.722201222201226,16.054730473047304,True
928,500-999,26,26,0.2692307692307692,36598125.0,0.8251788855303379,0.0,0.025800059856138865,0.3265680905364806,2.054174251991193,3.213831015421125,4.196531125245137,False
932,001-019,7,7,1.0,114465.0,0.0,0.0,0.0,0.0,0.0,0.0,0.0,False
932,020-049,6,6,0.8333333333333334,270392.0,0.7396668540489364,0.0,0.0,0.0,0.0,1.929943066679533,2.8949146000192996,False
951,1000+,2,2,0.0,4024321.0,5.5661563776845835,5.392696145713202,5.452402233330924,5.551912379360461,5.6514225253899975,5.71112861300772,5.731030642213627,False
962,001-019,1,1,0.0,23747.0,33.688465911483554,33.688465911483554,33.688465911483554,33.688465911483554,33.688465911483554,33.688465911483554,33.688465911483554,False
990,001-019,1,1,1.0,528.0,0.0,0.0,0.0,0.0,0.0,0.0,0.0,False
990,1000+,1,1,0.0,2380800.0,13.692876344086022,13.692876344086022,13.692876344086022,13.692876344086022,13.692876344086022,13.692876344086022,13.692876344086022,False
994,020-049,1,1,0.0,97760.0,4.091653027823241,4.091653027823241,4.091653027823241,4.091653027823241,4.091653027823241,4.091653027823241,4.091653027823241,False
999,001-019,309,309,0.8705501618122977,4686972.0,2.773645756791378,0.0,0.0,0.0,0.0,8.776785227702259,17.799051236923635,True
999,020-049,823,823,0.5176184690157959,45443931.0,3.463608815003262,0.0,0.0,0.0,4.981692280867811,10.007690817372222,13.501825536658858,True
999,050-099,284,284,0.35563380281690143,32487252.0,3.5398500310213987,0.0,0.0,2.0106379193156028,4.783258594917788,7.815491867980711,10.820571624313589,True
999,100-249,100,100,0.19,22935306.0,3.0346226904493885,0.0,0.8340623149292478,2.3812116911376235,4.346112886903821,6.886084084825079,7.878087272145077,True
999,1000+,2,2,0.0,29238560.0,4.343579163953355,3.9867305171615466,4.117082926806379,4.3343369428811,4.551590958955821,4.6819433686006535,4.725394171815598,False
999,250-499,12,12,0.16666666666666666,7358502.0,4.321531746542979,0.023522604046358368,0.9739808325208277,5.253965163020203,7.76584464653143,8.721468269413347,9.843788497251865,False
999,500-999,5,5,0.4,5876658.0,3.7436243524806105,0.0,0.0,1.5846855983772818,3.459609064175748,7.673288793143794,9.077848702799807,False
