id,establishment_name,establishment_id,ein,company_name,street_address,city,state,zip_code,naics_code,naics_year,industry_description,establishment_type,size,annual_average_employees,total_hours_worked,no_injuries_illnesses,total_deaths,total_dafw_cases,total_djtr_cases,total_other_cases,total_dafw_days,total_djtr_days,total_injuries,total_skin_disorders,total_respiratory_conditions,total_poisonings,total_hearing_loss,total_other_illnesses,change_reason,created_timestamp,year_filing_for
6001,SYNTHETIC SITE 00000,100000,,SYNTHETIC COMPANY 00000,1 Example Way,Nowhere,ZZ,00000,6221,2017,SYNTHETIC INDUSTRY,1,2,122,166376,2,0,0,0,0,0,0,0,0,0,0,0,0,,1/1/2024,2023
6002,SYNTHETIC SITE 00001,100001,,SYNTHETIC COMPANY 00001,1 Example Way,Nowhere,ZZ,00000,6221,2017,SYNTHETIC INDUSTRY,1,2,30,55646,2,0,0,0,0,0,0,0,0,0,0,0,0,,1/1/2024,2023
6003,SYNTHETIC SITE 00002,100002,,SYNTHETIC COMPANY 00002,1 Example Way,Nowhere,ZZ,00000,3251,2017,SYNTHETIC INDUSTRY,1,2,16,32054,2,0,0,0,0,0,0,0,0,0,0,0,0,,1/1/2024,2023
6004,SYNTHETIC SITE 00003,100003,,SYNTHETIC COMPANY 00003,1 Example Way,Nowhere,ZZ,00000,6221,2017,SYNTHETIC INDUSTRY,1,2,64,133017,2,0,0,0,0,0,0,0,0,0,0,0,0,,1/1/2024,2023
6005,SYNTHETIC SITE 00004,100004,,SYNTHETIC COMPANY 00004,1 Example Way,Nowhere,ZZ,00000,3252,2017,SYNTHETIC INDUSTRY,1,2,58,103869,1,0,0,1,0,0,4,1,0,0,0,0,0,,1/1/2024,2023
6006,SYNTHETIC SITE 00005,100005,,SYNTHETIC COMPANY 00005,1 Example Way,Nowhere,ZZ,00000,3252,2017,SYNTHETIC INDUSTRY,1,2,7,11260,2,0,0,0,0,0,0,0,0,0,0,0,0,,1/1/2024,2023
6007,SYNTHETIC SITE 00006,100006,,SYNTHETIC COMPANY 00006,1 Example Way,Nowhere,ZZ,00000,3252,2017,SYNTHETIC INDUSTRY,1,2,29,49352,2,0,0,0,0,0,0,0,0,0,0,0,0,,1/1/2024,2023
6008,SYNTHETIC SITE 00007,100007,,SYNTHETIC COMPANY 00007,1 Example Way,Nowhere,ZZ,00000,6221,2017,SYNTHETIC INDUSTRY,1,2,153,216411,1,0,1,1,1,7,4,3,0,0,0,0,0,,1/1/2024,2023
6009,SYNTHETIC SITE 00008,100008,,SYNTHETIC COMPANY 00008,1 Example Way,Nowhere,ZZ,00000,2361,2017,SYNTHETIC INDUSTRY,1,2,43,77542,2,0,0,0,0,0,0,0,0,0,0,0,0,,1/1/2024,2023
6010,SYNTHETIC SITE 00009,100009,,SYNTHETIC COMPANY 00009,1 Example Way,Nowhere,ZZ,00000,4451,2017,SYNTHETIC INDUSTRY,1,2,26,57880,1,0,0,1,2,0,4,3,0,0,0,0,0,,1/1/2024,2023
6011,SYNTHETIC SITE 00010,100010,,SYNTHETIC COMPANY 00010,1 Example Way,Nowhere,ZZ,00000,4451,2017,SYNTHETIC INDUSTRY,1,2,78,125812,1,0,2,0,3,14,0,5,0,0,0,0,0,,1/1/2024,2023
6012,SYNTHETIC SITE 00011,100011,,SYNTHETIC COMPANY 00011,1 Example Way,Nowhere,ZZ,00000,3252,2017,SYNTHETIC INDUSTRY,1,2,55,91212,1,0,2,4,2,14,16,8,0,0,0,0,0,,1/1/2024,2023
6013,SYNTHETIC SITE 00012,100012,,SYNTHETIC COMPANY 00012,1 Example Way,Nowhere,ZZ,00000,6221,2017,SYNTHETIC INDUSTRY,1,2,66,96327,2,0,0,0,0,0,0,0,0,0,0,0,0,,1/1/2024,2023
6014,SYNTHETIC SITE 00013,100013,,SYNTHETIC COMPANY 00013,1 Example Way,Nowhere,ZZ,00000,3328,2017,SYNTHETIC INDUSTRY,1,2,195,439931,2,0,0,0,0,0,0,0,0,0,0,0,0,,1/1/2024,2023
6015,SYNTHETIC SITE 00014,100014,,SYNTHETIC COMPANY 00014,1 Example Way,Nowhere,ZZ,00000,3251,2017,SYNTHETIC INDUSTRY,1,2,115,267120,2,0,0,0,0,0,0,0,0,0,0,0,0,,1/1/2024,2023
6016,SYNTHETIC SITE 00015,100015,,SYNTHETIC COMPANY 00015,1 Example Way,Nowhere,ZZ,00000,3252,2017,SYNTHETIC INDUSTRY,1,2,90,117980,2,0,0,0,0,0,0,0,0,0,0,0,0,,1/1/2024,2023
6017,SYNTHETIC SITE 00016,100016,,SYNTHETIC COMPANY 00016,1 Example Way,Nowhere,ZZ,00000,3115,2017,SYNTHETIC INDUSTRY,1,2,6,9395,2,0,0,0,0,0,0,0,0,0,0,0,0,,1/1/2024,2023
6018,SYNTHETIC SITE 00017,100017,,SYNTHETIC COMPANY 00017,1 Example Way,Nowhere,ZZ,00000,3251,2017,SYNTHETIC INDUSTRY,1,2,436,807506,1,0,1,0,1,7,0,2,0,0,0,0,0,,1/1/2024,2023
6019,SYNTHETIC SITE 00018,100018,,SYNTHETIC COMPANY 00018,1 Example Way,Nowhere,ZZ,00000,6221,2017,SYNTHETIC INDUSTRY,1,2,420,796400,1,0,9,11,14,63,44,34,0,0,0,0,0,,1/1/2024,2023
6020,SYNTHETIC SITE 00019,100019,,SYNTHETIC COMPANY 00019,1 Example Way,Nowhere,ZZ,00000,3251,2017,SYNTHETIC INDUSTRY,1,2,312,531384,2,0,0,0,0,0,0,0,0,0,0,0,0,,1/1/2024,2023
6021,SYNTHETIC SITE 00020,100020,,SYNTHETIC COMPANY 00020,1 Example Way,Nowhere,ZZ,00000,2361,2017,SYNTHETIC INDUSTRY,1,2,73,116822,1,0,1,2,2,7,8,5,0,0,0,0,0,,1/1/2024,2023
6022,SYNTHETIC SITE 00021,100021,,SYNTHETIC COMPANY 00021,1 Example Way,Nowhere,ZZ,00000,3328,2017,SYNTHETIC INDUSTRY,1,2,24,40472,2,0,0,0,0,0,0,0,0,0,0,0,0,,1/1/2024,2023
6023,SYNTHETIC SITE 00022,100022,,SYNTHETIC COMPANY 00022,1 Example Way,Nowhere,ZZ,00000,3328,2017,SYNTHETIC INDUSTRY,1,2,12,21226,2,0,0,0,0,0,0,0,0,0,0,0,0,,1/1/2024,2023
6024,SYNTHETIC SITE 00023,100023,,SYNTHETIC COMPANY 00023,1 Example Way,Nowhere,ZZ,00000,3328,2017,SYNTHETIC INDUSTRY,1,2,88,157242,1,0,1,4,3,7,16,8,0,0,0,0,0,,1/1/2024,2023
6025,SYNTHETIC SITE 00024,100024,,SYNTHETIC COMPANY 00024,1 Example Way,Nowhere,ZZ,00000,3115,2017,SYNTHETIC INDUSTRY,1,2,18,35962,1,0,1,0,0,7,0,1,0,0,0,0,0,,1/1/2024,2023
6026,SYNTHETIC SITE 00025,100025,,SYNTHETIC COMPANY 00025,1 Example Way,Nowhere,ZZ,00000,3252,2017,SYNTHETIC INDUSTRY,1,2,67,1247710,1,0,0,2,2,0,8,4,0,0,0,0,0,,1/1/2024,2023
6027,SYNTHETIC SITE 00026,100026,,SYNTHETIC COMPANY 00026,1 Example Way,Nowhere,ZZ,00000,4841,2017,SYNTHETIC INDUSTRY,1,2,10,15708,2,0,0,0,0,0,0,0,0,0,0,0,0,,1/1/2024,2023
6028,SYNTHETIC SITE 00027,100027,,SYNTHETIC COMPANY 00027,1 Example Way,Nowhere,ZZ,00000,3251,2017,SYNTHETIC INDUSTRY,1,2,74,137688,2,0,0,0,0,0,0,0,0,0,0,0,0,,1/1/2024,2023
6029,SYNTHETIC SITE 00028,100028,,SYNTHETIC COMPANY 00028,1 Example Way,Nowhere,ZZ,00000,3328,2017,SYNTHETIC INDUSTRY,1,2,78,145803,2,0,0,0,0,0,0,0,0,0,0,0,0,,1/1/2024,2023
6030,SYNTHETIC SITE 00029,100029,,SYNTHETIC COMPANY 00029,1 Example Way,Nowhere,ZZ,00000,4451,2017,SYNTHETIC INDUSTRY,1,2,51,97162,2,0,0,0,0,0,0,0,0,0,0,0,0,,1/1/2024,2023
6031,SYNTHETIC SITE 00030,100030,,SYNTHETIC COMPANY 00030,1 Example Way,Nowhere,ZZ,00000,3328,2017,SYNTHETIC INDUSTRY,1,2,18,41528,2,0,0,0,0,0,0,0,0,0,0,0,0,,1/1/2024,2023
6032,SYNTHETIC SITE 00031,100031,,SYNTHETIC COMPANY 00031,1 Example Way,Nowhere,ZZ,00000,2361,2017,SYNTHETIC INDUSTRY,1,2,12,24648,2,0,0,0,0,0,0,0,0,0,0,0,0,,1/1/2024,2023
6033,SYNTHETIC SITE 00032,100032,,SYNTHETIC COMPANY 00032,1 Example Way,Nowhere,ZZ,00000,3251,2017,SYNTHETIC INDUSTRY,1,2,262,463678,1,0,3,2,8,21,8,13,0,0,0,0,0,,1/1/2024,2023
6034,SYNTHETIC SITE 00033,100033,,SYNTHETIC COMPANY 00033,1 Example Way,Nowhere,ZZ,00000,4451,2017,SYNTHETIC INDUSTRY,1,2,79,119793,2,0,0,0,0,0,0,0,0,0,0,0,0,,1/1/2024,2023
6035,SYNTHETIC SITE 00034,100034,,SYNTHETIC COMPANY 00034,1 Example Way,Nowhere,ZZ,00000,6221,2017,SYNTHETIC INDUSTRY,1,2,2,3413,2,0,0,0,0,0,0,0,0,0,0,0,0,,1/1/2024,2023
6036,SYNTHETIC SITE 00035,100035,,SYNTHETIC COMPANY 00035,1 Example Way,Nowhere,ZZ,00000,2361,2017,SYNTHETIC INDUSTRY,1,2,300,486079,1,0,11,7,12,77,28,30,0,0,0,0,0,,1/1/2024,2023
6037,SYNTHETIC SITE 00036,100036,,SYNTHETIC COMPANY 00036,1 Example Way,Nowhere,ZZ,00000,4841,2017,SYNTHETIC INDUSTRY,1,2,91,180996,1,0,1,0,1,7,0,2,0,0,0,0,0,,1/1/2024,2023
6038,SYNTHETIC SITE 00037,100037,,SYNTHETIC COMPANY 00037,1 Example Way,Nowhere,ZZ,00000,3115,2017,SYNTHETIC INDUSTRY,1,2,147,312316,1,0,4,0,3,28,0,7,0,0,0,0,0,,1/1/2024,2023
6039,SYNTHETIC SITE 00038,100038,,SYNTHETIC COMPANY 00038,1 Example Way,Nowhere,ZZ,00000,3252,2017,SYNTHETIC INDUSTRY,1,2,26,49367,1,0,0,0,2,0,0,2,0,0,0,0,0,,1/1/2024,2023
6040,SYNTHETIC SITE 00039,100039,,SYNTHETIC COMPANY 00039,1 Example Way,Nowhere,ZZ,00000,2361,2017,SYNTHETIC INDUSTRY,1,2,6,10335,1,0,0,1,0,0,4,1,0,0,0,0,0,,1/1/2024,2023
6041,SYNTHETIC SITE 00040,100040,,SYNTHETIC COMPANY 00040,1 Example Way,Nowhere,ZZ,00000,3251,2017,SYNTHETIC INDUSTRY,1,2,79,139219,1,0,0,0,2,0,0,2,0,0,0,0,0,,1/1/2024,2023
6042,SYNTHETIC SITE 00041,100041,,SYNTHETIC COMPANY 00041,1 Example Way,Nowhere,ZZ,00000,3252,2017,SYNTHETIC INDUSTRY,1,2,55,92725,1,0,0,3,1,0,12,4,0,0,0,0,0,,1/1/2024,2023
6043,SYNTHETIC SITE 00042,100042,,SYNTHETIC COMPANY 00042,1 Example Way,Nowhere,ZZ,00000,3252,2017,SYNTHETIC INDUSTRY,1,2,36,59846,2,0,0,0,0,0,0,0,0,0,0,0,0,,1/1/2024,2023
6044,SYNTHETIC SITE 00043,100043,,SYNTHETIC COMPANY 00043,1 Example Way,Nowhere,ZZ,00000,2361,2017,SYNTHETIC INDUSTRY,1,2,25,46700,2,0,0,0,0,0,0,0,0,0,0,0,0,,1/1/2024,2023
6045,SYNTHETIC SITE 00044,100044,,SYNTHETIC COMPANY 00044,1 Example Way,Nowhere,ZZ,00000,6221,2017,SYNTHETIC INDUSTRY,1,2,240,490901,1,0,1,0,3,7,0,4,0,0,0,0,0,,1/1/2024,2023
6046,SYNTHETIC SITE 00045,100045,,SYNTHETIC COMPANY 00045,1 Example Way,Nowhere,ZZ,00000,2361,2017,SYNTHETIC INDUSTRY,1,2,250,537656,2,0,0,0,0,0,0,0,0,0,0,0,0,,1/1/2024,2023
6047,SYNTHETIC SITE 00046,100046,,SYNTHETIC COMPANY 00046,1 Example Way,Nowhere,ZZ,00000,2361,2017,SYNTHETIC INDUSTRY,1,2,67,135494,1,0,1,0,2,7,0,3,0,0,0,0,0,,1/1/2024,2023
6048,SYNTHETIC SITE 00047,100047,,SYNTHETIC COMPANY 00047,1 Example Way,Nowhere,ZZ,00000,4451,2017,SYNTHETIC INDUSTRY,1,2,52,77327,2,0,0,0,0,0,0,0,0,0,0,0,0,,1/1/2024,2023
6049,SYNTHETIC SITE 00048,100048,,SYNTHETIC COMPANY 00048,1 Example Way,Nowhere,ZZ,00000,3115,2017,SYNTHETIC INDUSTRY,1,2,11,18900,2,0,0,0,0,0,0,0,0,0,0,0,0,,1/1/2024,2023
6050,SYNTHETIC SITE 00049,100049,,SYNTHETIC COMPANY 00049,1 Example Way,Nowhere,ZZ,00000,3328,2017,SYNTHETIC INDUSTRY,1,2,50,98530,1,0,0,2,1,0,8,3,0,0,0,0,0,,1/1/2024,2023
6051,SYNTHETIC SITE 00050,100050,,SYNTHETIC COMPANY 00050,1 Example Way,Nowhere,ZZ,00000,3252,2017,SYNTHETIC INDUSTRY,1,2,276,497002,2,0,0,0,0,0,0,0,0,0,0,0,0,,1/1/2024,2023
6052,SYNTHETIC SITE 00051,100051,,SYNTHETIC COMPANY 00051,1 Example Way,Nowhere,ZZ,00000,4841,2017,SYNTHETIC INDUSTRY,1,2,1258,2712142,1,0,26,18,22,182,72,66,0,0,0,0,0,,1/1/2024,2023
6053,SYNTHETIC SITE 00052,100052,,SYNTHETIC COMPANY 00052,1 Example Way,Nowhere,ZZ,00000,6221,2017,SYNTHETIC INDUSTRY,1,2,145,275358,2,0,0,0,0,0,0,0,0,0,0,0,0,,1/1/2024,2023
6054,SYNTHETIC SITE 00053,100053,,SYNTHETIC COMPANY 00053,1 Example Way,Nowhere,ZZ,00000,2361,2017,SYNTHETIC INDUSTRY,1,2,25,40082,2,0,0,0,0,0,0,0,0,0,0,0,0,,1/1/2024,2023
6055,SYNTHETIC SITE 00054,100054,,SYNTHETIC COMPANY 00054,1 Example Way,Nowhere,ZZ,00000,3252,2017,SYNTHETIC INDUSTRY,1,2,95,215878,2,0,0,0,0,0,0,0,0,0,0,0,0,,1/1/2024,2023
6056,SYNTHETIC SITE 00055,100055,,SYNTHETIC COMPANY 00055,1 Example Way,Nowhere,ZZ,00000,6221,2017,SYNTHETIC INDUSTRY,1,2,17,23181,2,0,0,0,0,0,0,0,0,0,0,0,0,,1/1/2024,2023
6057,SYNTHETIC SITE 00056,100056,,SYNTHETIC COMPANY 00056,1 Example Way,Nowhere,ZZ,00000,3115,2017,SYNTHETIC INDUSTRY,1,2,12,15146,2,0,0,0,0,0,0,0,0,0,0,0,0,,1/1/2024,2023
6058,SYNTHETIC SITE 00057,100057,,SYNTHETIC COMPANY 00057,1 Example Way,Nowhere,ZZ,00000,3328,2017,SYNTHETIC INDUSTRY,1,2,5,9246,2,0,0,0,0,0,0,0,0,0,0,0,0,,1/1/2024,2023
6059,SYNTHETIC SITE 00058,100058,,SYNTHETIC COMPANY 00058,1 Example Way,Nowhere,ZZ,00000,2361,2017,SYNTHETIC INDUSTRY,1,2,154,364101,1,0,2,1,3,14,4,6,0,0,0,0,0,,1/1/2024,2023
6060,SYNTHETIC SITE 00059,100059,,SYNTHETIC COMPANY 00059,1 Example Way,Nowhere,ZZ,00000,4841,2017,SYNTHETIC INDUSTRY,1,2,276,528219,1,0,6,3,13,42,12,22,0,0,0,0,0,,1/1/2024,2023
6061,SYNTHETIC SITE 00060,100060,,SYNTHETIC COMPANY 00060,1 Example Way,Nowhere,ZZ,00000,2361,2017,SYNTHETIC INDUSTRY,1,2,6,10897,1,0,1,0,0,7,0,1,0,0,0,0,0,,1/1/2024,2023
6062,SYNTHETIC SITE 00061,100061,,SYNTHETIC COMPANY 00061,1 Example Way,Nowhere,ZZ,00000,4451,2017,SYNTHETIC INDUSTRY,1,2,42,75308,2,0,0,0,0,0,0,0,0,0,0,0,0,,1/1/2024,2023
6063,SYNTHETIC SITE 00062,100062,,SYNTHETIC COMPANY 00062,1 Example Way,Nowhere,ZZ,00000,6221,2017,SYNTHETIC INDUSTRY,1,2,109,163219,1,0,1,0,0,7,0,1,0,0,0,0,0,,1/1/2024,2023
6064,SYNTHETIC SITE 00063,100063,,SYNTHETIC COMPANY 00063,1 Example Way,Nowhere,ZZ,00000,4841,2017,SYNTHETIC INDUSTRY,1,2,84,195239,2,0,0,0,0,0,0,0,0,0,0,0,0,,1/1/2024,2023
6065,SYNTHETIC SITE 00064,100064,,SYNTHETIC COMPANY 00064,1 Example Way,Nowhere,ZZ,00000,3252,2017,SYNTHETIC INDUSTRY,1,2,65,122326,1,0,0,0,1,0,0,1,0,0,0,0,0,,1/1/2024,2023
6066,SYNTHETIC SITE 00065,100065,,SYNTHETIC COMPANY 00065,1 Example Way,Nowhere,ZZ,00000,3251,2017,SYNTHETIC INDUSTRY,1,2,224,412967,1,0,1,1,3,7,4,5,0,0,0,0,0,,1/1/2024,2023
6067,SYNTHETIC SITE 00066,100066,,SYNTHETIC COMPANY 00066,1 Example Way,Nowhere,ZZ,00000,3328,2017,SYNTHETIC INDUSTRY,1,2,130,331318,2,0,0,0,0,0,0,0,0,0,0,0,0,,1/1/2024,2023
6068,SYNTHETIC SITE 00067,100067,,SYNTHETIC COMPANY 00067,1 Example Way,Nowhere,ZZ,00000,3251,2017,SYNTHETIC INDUSTRY,1,2,93,199693,1,0,1,0,4,7,0,5,0,0,0,0,0,,1/1/2024,2023
6069,SYNTHETIC SITE 00068,100068,,SYNTHETIC COMPANY 00068,1 Example Way,Nowhere,ZZ,00000,4841,2017,SYNTHETIC INDUSTRY,1,2,76,145809,2,0,0,0,0,0,0,0,0,0,0,0,0,,1/1/2024,2023
6070,SYNTHETIC SITE 00069,100069,,SYNTHETIC COMPANY 00069,1 Example Way,Nowhere,ZZ,00000,3115,2017,SYNTHETIC INDUSTRY,1,2,293,415409,2,0,0,0,0,0,0,0,0,0,0,0,0,,1/1/2024,2023
6071,SYNTHETIC SITE 00070,100070,,SYNTHETIC COMPANY 00070,1 Example Way,Nowhere,ZZ,00000,3328,2017,SYNTHETIC INDUSTRY,1,2,118,232277,1,0,0,3,0,0,12,3,0,0,0,0,0,,1/1/2024,2023
6072,SYNTHETIC SITE 00071,100071,,SYNTHETIC COMPANY 00071,1 Example Way,Nowhere,ZZ,00000,2361,2017,SYNTHETIC INDUSTRY,1,2,388,784734,1,0,2,1,4,14,4,7,0,0,0,0,0,,1/1/2024,2023
6073,SYNTHETIC SITE 00072,100072,,SYNTHETIC COMPANY 00072,1 Example Way,Nowhere,ZZ,00000,4841,2017,SYNTHETIC INDUSTRY,1,2,44,73668,2,0,0,0,0,0,0,0,0,0,0,0,0,,1/1/2024,2023
6074,SYNTHETIC SITE 00073,100073,,SYNTHETIC COMPANY 00073,1 Example Way,Nowhere,ZZ,00000,3251,2017,SYNTHETIC INDUSTRY,1,2,51,77544,2,0,0,0,0,0,0,0,0,0,0,0,0,,1/1/2024,2023
6075,SYNTHETIC SITE 00074,100074,,SYNTHETIC COMPANY 00074,1 Example Way,Nowhere,ZZ,00000,3251,2017,SYNTHETIC INDUSTRY,1,2,20,42825,2,0,0,0,0,0,0,0,0,0,0,0,0,,1/1/2024,2023
6076,SYNTHETIC SITE 00075,100075,,SYNTHETIC COMPANY 00075,1 Example Way,Nowhere,ZZ,00000,6221,2017,SYNTHETIC INDUSTRY,1,2,31,51985,2,0,0,0,0,0,0,0,0,0,0,0,0,,1/1/2024,2023
6077,SYNTHETIC SITE 00076,100076,,SYNTHETIC COMPANY 00076,1 Example Way,Nowhere,ZZ,00000,3252,2017,SYNTHETIC INDUSTRY,1,2,7,12751,2,0,0,0,0,0,0,0,0,0,0,0,0,,1/1/2024,2023
6078,SYNTHETIC SITE 00077,100077,,SYNTHETIC COMPANY 00077,1 Example Way,Nowhere,ZZ,00000,3115,2017,SYNTHETIC INDUSTRY,1,2,33,61836,1,0,0,0,1,0,0,1,0,0,0,0,0,,1/1/2024,2023
6079,SYNTHETIC SITE 00078,100078,,SYNTHETIC COMPANY 00078,1 Example Way,Nowhere,ZZ,00000,3252,2017,SYNTHETIC INDUSTRY,1,2,94,197763,2,0,0,0,0,0,0,0,0,0,0,0,0,,1/1/2024,2023
6080,SYNTHETIC SITE 00079,100079,,SYNTHETIC COMPANY 00079,1 Example Way,Nowhere,ZZ,00000,3115,2017,SYNTHETIC INDUSTRY,1,2,29,52365,2,0,0,0,0,0,0,0,0,0,0,0,0,,1/1/2024,2023
6081,SYNTHETIC SITE 00080,100080,,SYNTHETIC COMPANY 00080,1 Example Way,Nowhere,ZZ,00000,6221,2017,SYNTHETIC INDUSTRY,1,2,26,48749,2,0,0,0,0,0,0,0,0,0,0,0,0,,1/1/2024,2023
6082,SYNTHETIC SITE 00081,100081,,SYNTHETIC COMPANY 00081,1 Example Way,Nowhere,ZZ,00000,3252,2017,SYNTHETIC INDUSTRY,1,2,82,154369,2,0,0,0,0,0,0,0,0,0,0,0,0,,1/1/2024,2023
6083,SYNTHETIC SITE 00082,100082,,SYNTHETIC COMPANY 00082,1 Example Way,Nowhere,ZZ,00000,3115,2017,SYNTHETIC INDUSTRY,1,2,9,18778,2,0,0,0,0,0,0,0,0,0,0,0,0,,1/1/2024,2023
6084,SYNTHETIC SITE 00083,100083,,SYNTHETIC COMPANY 00083,1 Example Way,Nowhere,ZZ,00000,2361,2017,SYNTHETIC INDUSTRY,1,2,20,34561,2,0,0,0,0,0,0,0,0,0,0,0,0,,1/1/2024,2023
6085,SYNTHETIC SITE 00084,100084,,SYNTHETIC COMPANY 00084,1 Example Way,Nowhere,ZZ,00000,3115,2017,SYNTHETIC INDUSTRY,1,2,15,32172,2,0,0,0,0,0,0,0,0,0,0,0,0,,1/1/2024,2023
6086,SYNTHETIC SITE 00085,100085,,SYNTHETIC COMPANY 00085,1 Example Way,Nowhere,ZZ,00000,2361,2017,SYNTHETIC INDUSTRY,1,2,6,10099,2,0,0,0,0,0,0,0,0,0,0,0,0,,1/1/2024,2023
6087,SYNTHETIC SITE 00086,100086,,SYNTHETIC COMPANY 00086,1 Example Way,Nowhere,ZZ,00000,3252,2017,SYNTHETIC INDUSTRY,1,2,12,28089,2,0,0,0,0,0,0,0,0,0,0,0,0,,1/1/2024,2023
6088,SYNTHETIC SITE 00087,100087,,SYNTHETIC COMPANY 00087,1 Example Way,Nowhere,ZZ,00000,3115,2017,SYNTHETIC INDUSTRY,1,2,32,55429,1,0,0,1,0,0,4,1,0,0,0,0,0,,1/1/2024,2023
6089,SYNTHETIC SITE 00088,100088,,SYNTHETIC COMPANY 00088,1 Example Way,Nowhere,ZZ,00000,3328,2017,SYNTHETIC INDUSTRY,1,2,65,142972,2,0,0,0,0,0,0,0,0,0,0,0,0,,1/1/2024,2023
6090,SYNTHETIC SITE 00089,100089,,SYNTHETIC COMPANY 00089,1 Example Way,Nowhere,ZZ,00000,3251,2017,SYNTHETIC INDUSTRY,1,2,117,225530,1,0,0,0,2,0,0,2,0,0,0,0,0,,1/1/2024,2023
6091,SYNTHETIC SITE 00090,100090,,SYNTHETIC COMPANY 00090,1 Example Way,Nowhere,ZZ,00000,3251,2017,SYNTHETIC INDUSTRY,1,2,45,82520,2,0,0,0,0,0,0,0,0,0,0,0,0,,1/1/2024,2023
6092,SYNTHETIC SITE 00091,100091,,SYNTHETIC COMPANY 00091,1 Example Way,Nowhere,ZZ,00000,3251,2017,SYNTHETIC INDUSTRY,1,2,47,79184,2,0,0,0,0,0,0,0,0,0,0,0,0,,1/1/2024,2023
6093,SYNTHETIC SITE 00092,100092,,SYNTHETIC COMPANY 00092,1 Example Way,Nowhere,ZZ,00000,6221,2017,SYNTHETIC INDUSTRY,1,2,5,11009,2,0,0,0,0,0,0,0,0,0,0,0,0,,1/1/2024,2023
6094,SYNTHETIC SITE 00093,100093,,SYNTHETIC COMPANY 00093,1 Example Way,Nowhere,ZZ,00000,4451,2017,SYNTHETIC INDUSTRY,1,2,357,667262,1,0,0,1,0,0,4,1,0,0,0,0,0,,1/1/2024,2023
6095,SYNTHETIC SITE 00094,100094,,SYNTHETIC COMPANY 00094,1 Example Way,Nowhere,ZZ,00000,6221,2017,SYNTHETIC INDUSTRY,1,2,286,574761,1,0,1,0,1,7,0,2,0,0,0,0,0,,1/1/2024,2023
6096,SYNTHETIC SITE 00095,100095,,SYNTHETIC COMPANY 00095,1 Example Way,Nowhere,ZZ,00000,4841,2017,SYNTHETIC INDUSTRY,1,2,107,213068,1,0,1,1,3,7,4,5,0,0,0,0,0,,1/1/2024,2023
6097,SYNTHETIC SITE 00096,100096,,SYNTHETIC COMPANY 00096,1 Example Way,Nowhere,ZZ,00000,3115,2017,SYNTHETIC INDUSTRY,1,2,5,10749,2,0,0,0,0,0,0,0,0,0,0,0,0,,1/1/2024,2023
6098,SYNTHETIC SITE 00097,100097,,SYNTHETIC COMPANY 00097,1 Example Way,Nowhere,ZZ,00000,4841,2017,SYNTHETIC INDUSTRY,1,2,28,56876,1,0,1,2,1,7,8,4,0,0,0,0,0,,1/1/2024,2023
6099,SYNTHETIC SITE 00098,100098,,SYNTHETIC COMPANY 00098,1 Example Way,Nowhere,ZZ,00000,3328,2017,SYNTHETIC INDUSTRY,1,2,37,55541,1,0,1,0,1,7,0,2,0,0,0,0,0,,1/1/2024,2023
6100,SYNTHETIC SITE 00099,100099,,SYNTHETIC COMPANY 00099,1 Example Way,Nowhere,ZZ,00000,3251,2017,SYNTHETIC INDUSTRY,1,2,81,142382,2,0,0,0,0,0,0,0,0,0,0,0,0,,1/1/2024,2023
6101,SYNTHETIC SITE 00100,100100,,SYNTHETIC COMPANY 00100,1 Example Way,Nowhere,ZZ,00000,3252,2017,SYNTHETIC INDUSTRY,1,2,24,32987,2,0,0,0,0,0,0,0,0,0,0,0,0,,1/1/2024,2023
6102,SYNTHETIC SITE 00101,100101,,SYNTHETIC COMPANY 00101,1 Example Way,Nowhere,ZZ,00000,3115,2017,SYNTHETIC INDUSTRY,1,2,96,137748,1,0,0,1,0,0,4,1,0,0,0,0,0,,1/1/2024,2023
6103,SYNTHETIC SITE 00102,100102,,SYNTHETIC COMPANY 00102,1 Example Way,Nowhere,ZZ,00000,4841,2017,SYNTHETIC INDUSTRY,1,2,156,257051,1,0,1,0,0,7,0,1,0,0,0,0,0,,1/1/2024,2023
6104,SYNTHETIC SITE 00103,100103,,SYNTHETIC COMPANY 00103,1 Example Way,Nowhere,ZZ,00000,4841,2017,SYNTHETIC INDUSTRY,1,2,24,36111,1,0,1,0,0,7,0,1,0,0,0,0,0,,1/1/2024,2023
6105,SYNTHETIC SITE 00104,100104,,SYNTHETIC COMPANY 00104,1 Example Way,Nowhere,ZZ,00000,3328,2017,SYNTHETIC INDUSTRY,1,2,112,209092,2,0,0,0,0,0,0,0,0,0,0,0,0,,1/1/2024,2023
6106,SYNTHETIC SITE 00105,100105,,SYNTHETIC COMPANY 00105,1 Example Way,Nowhere,ZZ,00000,3251,2017,SYNTHETIC INDUSTRY,1,2,180,289381,1,0,2,0,1,14,0,3,0,0,0,0,0,,1/1/2024,2023
6107,SYNTHETIC SITE 00106,100106,,SYNTHETIC COMPANY 00106,1 Example Way,Nowhere,ZZ,00000,3252,2017,SYNTHETIC INDUSTRY,1,2,38,82229,1,0,0,1,0,0,4,1,0,0,0,0,0,,1/1/2024,2023
6108,SYNTHETIC SITE 00107,100107,,SYNTHETIC COMPANY 00107,1 Example Way,Nowhere,ZZ,00000,3115,2017,SYNTHETIC INDUSTRY,1,2,117,225258,1,0,2,3,1,14,12,6,0,0,0,0,0,,1/1/2024,2023
6109,SYNTHETIC SITE 00108,100108,,SYNTHETIC COMPANY 00108,1 Example Way,Nowhere,ZZ,00000,3328,2017,SYNTHETIC INDUSTRY,1,2,97,1781690,2,0,0,0,0,0,0,0,0,0,0,0,0,,1/1/2024,2023
6110,SYNTHETIC SITE 00109,100109,,SYNTHETIC COMPANY 00109,1 Example Way,Nowhere,ZZ,00000,3328,2017,SYNTHETIC INDUSTRY,1,2,17,33336,2,0,0,0,0,0,0,0,0,0,0,0,0,,1/1/2024,2023
6111,SYNTHETIC SITE 00110,100110,,SYNTHETIC COMPANY 00110,1 Example Way,Nowhere,ZZ,00000,4451,2017,SYNTHETIC INDUSTRY,1,2,118,228890,1,0,0,2,0,0,8,2,0,0,0,0,0,,1/1/2024,2023
6112,SYNTHETIC SITE 00111,100111,,SYNTHETIC COMPANY 00111,1 Example Way,Nowhere,ZZ,00000,3115,2017,SYNTHETIC INDUSTRY,1,2,792,1703299,2,0,0,0,0,0,0,0,0,0,0,0,0,,1/1/2024,2023
6113,SYNTHETIC SITE 00112,100112,,SYNTHETIC COMPANY 00112,1 Example Way,Nowhere,ZZ,00000,3251,2017,SYNTHETIC INDUSTRY,1,2,17,31425,2,0,0,0,0,0,0,0,0,0,0,0,0,,1/1/2024,2023
6114,SYNTHETIC SITE 00113,100113,,SYNTHETIC COMPANY 00113,1 Example Way,Nowhere,ZZ,00000,6221,2017,SYNTHETIC INDUSTRY,1,2,106,201151,1,0,3,3,2,21,12,8,0,0,0,0,0,,1/1/2024,2023
6115,SYNTHETIC SITE 00114,100114,,SYNTHETIC COMPANY 00114,1 Example Way,Nowhere,ZZ,00000,3328,2017,SYNTHETIC INDUSTRY,1,2,14,29461,1,0,1,1,1,7,4,3,0,0,0,0,0,,1/1/2024,2023
6116,SYNTHETIC SITE 00115,100115,,SYNTHETIC COMPANY 00115,1 Example Way,Nowhere,ZZ,00000,4451,2017,SYNTHETIC INDUSTRY,1,2,208,472202,1,0,1,2,2,7,8,5,0,0,0,0,0,,1/1/2024,2023
6117,SYNTHETIC SITE 00116,100116,,SYNTHETIC COMPANY 00116,1 Example Way,Nowhere,ZZ,00000,3328,2017,SYNTHETIC INDUSTRY,1,2,16,26420,2,0,0,0,0,0,0,0,0,0,0,0,0,,1/1/2024,2023
6118,SYNTHETIC SITE 00117,100117,,SYNTHETIC COMPANY 00117,1 Example Way,Nowhere,ZZ,00000,4841,2017,SYNTHETIC INDUSTRY,1,2,34,56221,1,0,1,0,0,7,0,1,0,0,0,0,0,,1/1/2024,2023
6119,SYNTHETIC SITE 00118,100118,,SYNTHETIC COMPANY 00118,1 Example Way,Nowhere,ZZ,00000,6221,2017,SYNTHETIC INDUSTRY,1,2,28,59598,2,0,0,0,0,0,0,0,0,0,0,0,0,,1/1/2024,2023
6120,SYNTHETIC SITE 00119,100119,,SYNTHETIC COMPANY 00119,1 Example Way,Nowhere,ZZ,00000,2361,2017,SYNTHETIC INDUSTRY,1,2,91,189101,2,0,0,0,0,0,0,0,0,0,0,0,0,,1/1/2024,2023
6121,SYNTHETIC SITE 00120,100120,,SYNTHETIC COMPANY 00120,1 Example Way,Nowhere,ZZ,00000,3252,2017,SYNTHETIC INDUSTRY,1,2,60,110861,2,0,0,0,0,0,0,0,0,0,0,0,0,,1/1/2024,2023
6122,SYNTHETIC SITE 00121,100121,,SYNTHETIC COMPANY 00121,1 Example Way,Nowhere,ZZ,00000,6221,2017,SYNTHETIC INDUSTRY,1,2,18,35428,2,0,0,0,0,0,0,0,0,0,0,0,0,,1/1/2024,2023
6123,SYNTHETIC SITE 00122,100122,,SYNTHETIC COMPANY 00122,1 Example Way,Nowhere,ZZ,00000,2361,2017,SYNTHETIC INDUSTRY,1,2,9,19214,2,0,0,0,0,0,0,0,0,0,0,0,0,,1/1/2024,2023
6124,SYNTHETIC SITE 00123,100123,,SYNTHETIC COMPANY 00123,1 Example Way,Nowhere,ZZ,00000,4451,2017,SYNTHETIC INDUSTRY,1,2,37,68291,2,0,0,0,0,0,0,0,0,0,0,0,0,,1/1/2024,2023
6125,SYNTHETIC SITE 00124,100124,,SYNTHETIC COMPANY 00124,1 Example Way,Nowhere,ZZ,00000,3328,2017,SYNTHETIC INDUSTRY,1,2,74,132507,2,0,0,0,0,0,0,0,0,0,0,0,0,,1/1/2024,2023
6126,SYNTHETIC SITE 00125,100125,,SYNTHETIC COMPANY 00125,1 Example Way,Nowhere,ZZ,00000,3115,2017,SYNTHETIC INDUSTRY,1,2,34,69667,2,0,0,0,0,0,0,0,0,0,0,0,0,,1/1/2024,2023
6127,SYNTHETIC SITE 00126,100126,,SYNTHETIC COMPANY 00126,1 Example Way,Nowhere,ZZ,00000,3328,2017,SYNTHETIC INDUSTRY,1,2,689,1200351,1,0,2,0,0,14,0,2,0,0,0,0,0,,1/1/2024,2023
6128,SYNTHETIC SITE 00127,100127,,SYNTHETIC COMPANY 00127,1 Example Way,Nowhere,ZZ,00000,6221,2017,SYNTHETIC INDUSTRY,1,2,35,69649,2,0,0,0,0,0,0,0,0,0,0,0,0,,1/1/2024,2023
6129,SYNTHETIC SITE 00128,100128,,SYNTHETIC COMPANY 00128,1 Example Way,Nowhere,ZZ,00000,6221,2017,SYNTHETIC INDUSTRY,1,2,18,35542,2,0,0,0,0,0,0,0,0,0,0,0,0,,1/1/2024,2023
6130,SYNTHETIC SITE 00129,100129,,SYNTHETIC COMPANY 00129,1 Example Way,Nowhere,ZZ,00000,4451,2017,SYNTHETIC INDUSTRY,1,2,39,87056,2,0,0,0,0,0,0,0,0,0,0,0,0,,1/1/2024,2023
6131,SYNTHETIC SITE 00130,100130,,SYNTHETIC COMPANY 00130,1 Example Way,Nowhere,ZZ,00000,4841,2017,SYNTHETIC INDUSTRY,1,2,40,83442,1,0,0,1,0,0,4,1,0,0,0,0,0,,1/1/2024,2023
6132,SYNTHETIC SITE 00131,100131,,SYNTHETIC COMPANY 00131,1 Example Way,Nowhere,ZZ,00000,3252,2017,SYNTHETIC INDUSTRY,1,2,96,158292,2,0,0,0,0,0,0,0,0,0,0,0,0,,1/1/2024,2023
6133,SYNTHETIC SITE 00132,100132,,SYNTHETIC COMPANY 00132,1 Example Way,Nowhere,ZZ,00000,3252,2017,SYNTHETIC INDUSTRY,1,2,15,29307,1,0,1,0,0,7,0,1,0,0,0,0,0,,1/1/2024,2023
6134,SYNTHETIC SITE 00133,100133,,SYNTHETIC COMPANY 00133,1 Example Way,Nowhere,ZZ,00000,3115,2017,SYNTHETIC INDUSTRY,1,2,56,99610,1,0,3,1,3,21,4,7,0,0,0,0,0,,1/1/2024,2023
6135,SYNTHETIC SITE 00134,100134,,SYNTHETIC COMPANY 00134,1 Example Way,Nowhere,ZZ,00000,4841,2017,SYNTHETIC INDUSTRY,1,2,38,71840,1,0,1,0,0,7,0,1,0,0,0,0,0,,1/1/2024,2023
6136,SYNTHETIC SITE 00135,100135,,SYNTHETIC COMPANY 00135,1 Example Way,Nowhere,ZZ,00000,3251,2017,SYNTHETIC INDUSTRY,1,2,110,200779,2,0,0,0,0,0,0,0,0,0,0,0,0,,1/1/2024,2023
6137,SYNTHETIC SITE 00136,100136,,SYNTHETIC COMPANY 00136,1 Example Way,Nowhere,ZZ,00000,3251,2017,SYNTHETIC INDUSTRY,1,2,442,862134,1,0,7,3,12,49,12,22,0,0,0,0,0,,1/1/2024,2023
6138,SYNTHETIC SITE 00137,100137,,SYNTHETIC COMPANY 00137,1 Example Way,Nowhere,ZZ,00000,6221,2017,SYNTHETIC INDUSTRY,1,2,13,28624,2,0,0,0,0,0,0,0,0,0,0,0,0,,1/1/2024,2023
6139,SYNTHETIC SITE 00138,100138,,SYNTHETIC COMPANY 00138,1 Example Way,Nowhere,ZZ,00000,3328,2017,SYNTHETIC INDUSTRY,1,2,3,4614,2,0,0,0,0,0,0,0,0,0,0,0,0,,1/1/2024,2023
6140,SYNTHETIC SITE 00139,100139,,SYNTHETIC COMPANY 00139,1 Example Way,Nowhere,ZZ,00000,3251,2017,SYNTHETIC INDUSTRY,1,2,21,40560,2,0,0,0,0,0,0,0,0,0,0,0,0,,1/1/2024,2023
6141,SYNTHETIC SITE 00140,100140,,SYNTHETIC COMPANY 00140,1 Example Way,Nowhere,ZZ,00000,6221,2017,SYNTHETIC INDUSTRY,1,2,53,85726,2,0,0,0,0,0,0,0,0,0,0,0,0,,1/1/2024,2023
6142,SYNTHETIC SITE 00141,100141,,SYNTHETIC COMPANY 00141,1 Example Way,Nowhere,ZZ,00000,6221,2017,SYNTHETIC INDUSTRY,1,2,57,116004,1,0,1,0,3,7,0,4,0,0,0,0,0,,1/1/2024,2023
6143,SYNTHETIC SITE 00142,100142,,SYNTHETIC COMPANY 00142,1 Example Way,Nowhere,ZZ,00000,3328,2017,SYNTHETIC INDUSTRY,1,2,53,77528,1,0,1,1,1,7,4,3,0,0,0,0,0,,1/1/2024,2023
6144,SYNTHETIC SITE 00143,100143,,SYNTHETIC COMPANY 00143,1 Example Way,Nowhere,ZZ,00000,3115,2017,SYNTHETIC INDUSTRY,1,2,289,553697,1,0,5,4,8,35,16,17,0,0,0,0,0,,1/1/2024,2023
6145,SYNTHETIC SITE 00144,100144,,SYNTHETIC COMPANY 00144,1 Example Way,Nowhere,ZZ,00000,3251,2017,SYNTHETIC INDUSTRY,1,2,65,146267,2,0,0,0,0,0,0,0,0,0,0,0,0,,1/1/2024,2023
6146,SYNTHETIC SITE 00145,100145,,SYNTHETIC COMPANY 00145,1 Example Way,Nowhere,ZZ,00000,2361,2017,SYNTHETIC INDUSTRY,1,2,69,110756,1,0,4,1,0,28,4,5,0,0,0,0,0,,1/1/2024,2023
6147,SYNTHETIC SITE 00146,100146,,SYNTHETIC COMPANY 00146,1 Example Way,Nowhere,ZZ,00000,3328,2017,SYNTHETIC INDUSTRY,1,2,191,257685,1,0,9,4,5,63,16,18,0,0,0,0,0,,1/1/2024,2023
6148,SYNTHETIC SITE 00147,100147,,SYNTHETIC COMPANY 00147,1 Example Way,Nowhere,ZZ,00000,4841,2017,SYNTHETIC INDUSTRY,1,2,25,46848,2,0,0,0,0,0,0,0,0,0,0,0,0,,1/1/2024,2023
6149,SYNTHETIC SITE 00148,100148,,SYNTHETIC COMPANY 00148,1 Example Way,Nowhere,ZZ,00000,3251,2017,SYNTHETIC INDUSTRY,1,2,72,130079,2,0,0,0,0,0,0,0,0,0,0,0,0,,1/1/2024,2023
6150,SYNTHETIC SITE 00149,100149,,SYNTHETIC COMPANY 00149,1 Example Way,Nowhere,ZZ,00000,3328,2017,SYNTHETIC INDUSTRY,1,2,34,54271,2,0,0,0,0,0,0,0,0,0,0,0,0,,1/1/2024,2023
6151,SYNTHETIC SITE 00150,100150,,SYNTHETIC COMPANY 00150,1 Example Way,Nowhere,ZZ,00000,3328,2017,SYNTHETIC INDUSTRY,1,2,195,348623,1,0,1,1,0,7,4,2,0,0,0,0,0,,1/1/2024,2023
6152,SYNTHETIC SITE 00151,100151,,SYNTHETIC COMPANY 00151,1 Example Way,Nowhere,ZZ,00000,3328,2017,SYNTHETIC INDUSTRY,1,2,54,88642,1,0,1,0,0,7,0,1,0,0,0,0,0,,1/1/2024,2023
6153,SYNTHETIC SITE 00152,100152,,SYNTHETIC COMPANY 00152,1 Example Way,Nowhere,ZZ,00000,3251,2017,SYNTHETIC INDUSTRY,1,2,73,143885,2,0,0,0,0,0,0,0,0,0,0,0,0,,1/1/2024,2023
6154,SYNTHETIC SITE 00153,100153,,SYNTHETIC COMPANY 00153,1 Example Way,Nowhere,ZZ,00000,3115,2017,SYNTHETIC INDUSTRY,1,2,396,951400,2,0,0,0,0,0,0,0,0,0,0,0,0,,1/1/2024,2023
6155,SYNTHETIC SITE 00154,100154,,SYNTHETIC COMPANY 00154,1 Example Way,Nowhere,ZZ,00000,4841,2017,SYNTHETIC INDUSTRY,1,2,14,27514,2,0,0,0,0,0,0,0,0,0,0,0,0,,1/1/2024,2023
6156,SYNTHETIC SITE 00155,100155,,SYNTHETIC COMPANY 00155,1 Example Way,Nowhere,ZZ,00000,3251,2017,SYNTHETIC INDUSTRY,1,2,14,27312,2,0,0,0,0,0,0,0,0,0,0,0,0,,1/1/2024,2023
6157,SYNTHETIC SITE 00156,100156,,SYNTHETIC COMPANY 00156,1 Example Way,Nowhere,ZZ,00000,4451,2017,SYNTHETIC INDUSTRY,1,2,14,267540,2,0,0,0,0,0,0,0,0,0,0,0,0,,1/1/2024,2023
6158,SYNTHETIC SITE 00157,100157,,SYNTHETIC COMPANY 00157,1 Example Way,Nowhere,ZZ,00000,4841,2017,SYNTHETIC INDUSTRY,1,2,6,10995,2,0,0,0,0,0,0,0,0,0,0,0,0,,1/1/2024,2023
6159,SYNTHETIC SITE 00158,100158,,SYNTHETIC COMPANY 00158,1 Example Way,Nowhere,ZZ,00000,3328,2017,SYNTHETIC INDUSTRY,1,2,23,35585,2,0,0,0,0,0,0,0,0,0,0,0,0,,1/1/2024,2023
6160,SYNTHETIC SITE 00159,100159,,SYNTHETIC COMPANY 00159,1 Example Way,Nowhere,ZZ,00000,4841,2017,SYNTHETIC INDUSTRY,1,2,243,441382,2,0,0,0,0,0,0,0,0,0,0,0,0,,1/1/2024,2023
6161,SYNTHETIC SITE 00160,100160,,SYNTHETIC COMPANY 00160,1 Example Way,Nowhere,ZZ,00000,4451,2017,SYNTHETIC INDUSTRY,1,2,19,31376,2,0,0,0,0,0,0,0,0,0,0,0,0,,1/1/2024,2023
6162,SYNTHETIC SITE 00161,100161,,SYNTHETIC COMPANY 00161,1 Example Way,Nowhere,ZZ,00000,4451,2017,SYNTHETIC INDUSTRY,1,2,54,111728,1,0,1,0,1,7,0,2,0,0,0,0,0,,1/1/2024,2023
6163,SYNTHETIC SITE 00162,100162,,SYNTHETIC COMPANY 00162,1 Example Way,Nowhere,ZZ,00000,6221,2017,SYNTHETIC INDUSTRY,1,2,52,79392,1,0,1,1,0,7,4,2,0,0,0,0,0,,1/1/2024,2023
6164,SYNTHETIC SITE 00163,100163,,SYNTHETIC COMPANY 00163,1 Example Way,Nowhere,ZZ,00000,3251,2017,SYNTHETIC INDUSTRY,1,2,61,104341,1,0,4,3,1,28,12,8,0,0,0,0,0,,1/1/2024,2023
6165,SYNTHETIC SITE 00164,100164,,SYNTHETIC COMPANY 00164,1 Example Way,Nowhere,ZZ,00000,3251,2017,SYNTHETIC INDUSTRY,1,2,22,3513100000,1,0,0,0,1,0,0,1,0,0,0,0,0,,1/1/2024,2023
6166,SYNTHETIC SITE 00165,100165,,SYNTHETIC COMPANY 00165,1 Example Way,Nowhere,ZZ,00000,6221,2017,SYNTHETIC INDUSTRY,1,2,41,67859,2,0,0,0,0,0,0,0,0,0,0,0,0,,1/1/2024,2023
6167,SYNTHETIC SITE 00166,100166,,SYNTHETIC COMPANY 00166,1 Example Way,Nowhere,ZZ,00000,3115,2017,SYNTHETIC INDUSTRY,1,2,44,75881,2,0,0,0,0,0,0,0,0,0,0,0,0,,1/1/2024,2023
6168,SYNTHETIC SITE 00167,100167,,SYNTHETIC COMPANY 00167,1 Example Way,Nowhere,ZZ,00000,3251,2017,SYNTHETIC INDUSTRY,1,2,119,157471,2,0,0,0,0,0,0,0,0,0,0,0,0,,1/1/2024,2023
6169,SYNTHETIC SITE 00168,100168,,SYNTHETIC COMPANY 00168,1 Example Way,Nowhere,ZZ,00000,2361,2017,SYNTHETIC INDUSTRY,1,2,59,100676,1,0,2,1,0,14,4,3,0,0,0,0,0,,1/1/2024,2023
6170,SYNTHETIC SITE 00169,100169,,SYNTHETIC COMPANY 00169,1 Example Way,Nowhere,ZZ,00000,2361,2017,SYNTHETIC INDUSTRY,1,2,69,104029,2,0,0,0,0,0,0,0,0,0,0,0,0,,1/1/2024,2023
6171,SYNTHETIC SITE 00170,100170,,SYNTHETIC COMPANY 00170,1 Example Way,Nowhere,ZZ,00000,4451,2017,SYNTHETIC INDUSTRY,1,2,34,63224,2,0,0,0,0,0,0,0,0,0,0,0,0,,1/1/2024,2023
6172,SYNTHETIC SITE 00171,100171,,SYNTHETIC COMPANY 00171,1 Example Way,Nowhere,ZZ,00000,6221,2017,SYNTHETIC INDUSTRY,1,2,151,294906,1,0,3,0,0,21,0,3,0,0,0,0,0,,1/1/2024,2023
6173,SYNTHETIC SITE 00172,100172,,SYNTHETIC COMPANY 00172,1 Example Way,Nowhere,ZZ,00000,4451,2017,SYNTHETIC INDUSTRY,1,2,30,56818,1,0,0,0,1,0,0,1,0,0,0,0,0,,1/1/2024,2023
6174,SYNTHETIC SITE 00173,100173,,SYNTHETIC COMPANY 00173,1 Example Way,Nowhere,ZZ,00000,2361,2017,SYNTHETIC INDUSTRY,1,2,9,17144,2,0,0,0,0,0,0,0,0,0,0,0,0,,1/1/2024,2023
6175,SYNTHETIC SITE 00174,100174,,SYNTHETIC COMPANY 00174,1 Example Way,Nowhere,ZZ,00000,3251,2017,SYNTHETIC INDUSTRY,1,2,13,25346,2,0,0,0,0,0,0,0,0,0,0,0,0,,1/1/2024,2023
6176,SYNTHETIC SITE 00175,100175,,SYNTHETIC COMPANY 00175,1 Example Way,Nowhere,ZZ,00000,2361,2017,SYNTHETIC INDUSTRY,1,2,255,537455,2,0,0,0,0,0,0,0,0,0,0,0,0,,1/1/2024,2023
6177,SYNTHETIC SITE 00176,100176,,SYNTHETIC COMPANY 00176,1 Example Way,Nowhere,ZZ,00000,3251,2017,SYNTHETIC INDUSTRY,1,2,60,74872,2,0,0,0,0,0,0,0,0,0,0,0,0,,1/1/2024,2023
6178,SYNTHETIC SITE 00177,100177,,SYNTHETIC COMPANY 00177,1 Example Way,Nowhere,ZZ,00000,4451,2017,SYNTHETIC INDUSTRY,1,2,12,17236,2,0,0,0,0,0,0,0,0,0,0,0,0,,1/1/2024,2023
6179,SYNTHETIC SITE 00178,100178,,SYNTHETIC COMPANY 00178,1 Example Way,Nowhere,ZZ,00000,3251,2017,SYNTHETIC INDUSTRY,1,2,19,36289,2,0,0,0,0,0,0,0,0,0,0,0,0,,1/1/2024,2023
6180,SYNTHETIC SITE 00179,100179,,SYNTHETIC COMPANY 00179,1 Example Way,Nowhere,ZZ,00000,4841,2017,SYNTHETIC INDUSTRY,1,2,18,34828,1,0,0,0,1,0,0,1,0,0,0,0,0,,1/1/2024,2023
6181,SYNTHETIC SITE 00180,100180,,SYNTHETIC COMPANY 00180,1 Example Way,Nowhere,ZZ,00000,6221,2017,SYNTHETIC INDUSTRY,1,2,175,271390,2,0,0,0,0,0,0,0,0,0,0,0,0,,1/1/2024,2023
6182,SYNTHETIC SITE 00181,100181,,SYNTHETIC COMPANY 00181,1 Example Way,Nowhere,ZZ,00000,2361,2017,SYNTHETIC INDUSTRY,1,2,18,36828,2,0,0,0,0,0,0,0,0,0,0,0,0,,1/1/2024,2023
6183,SYNTHETIC SITE 00182,100182,,SYNTHETIC COMPANY 00182,1 Example Way,Nowhere,ZZ,00000,3115,2017,SYNTHETIC INDUSTRY,1,2,20,37051,2,0,0,0,0,0,0,0,0,0,0,0,0,,1/1/2024,2023
6184,SYNTHETIC SITE 00183,100183,,SYNTHETIC COMPANY 00183,1 Example Way,Nowhere,ZZ,00000,3252,2017,SYNTHETIC INDUSTRY,1,2,114,239645,1,0,0,0,7,0,0,7,0,0,0,0,0,,1/1/2024,2023
6185,SYNTHETIC SITE 00184,100184,,SYNTHETIC COMPANY 00184,1 Example Way,Nowhere,ZZ,00000,3115,2017,SYNTHETIC INDUSTRY,1,2,36,50857,2,0,0,0,0,0,0,0,0,0,0,0,0,,1/1/2024,2023
6186,SYNTHETIC SITE 00185,100185,,SYNTHETIC COMPANY 00185,1 Example Way,Nowhere,ZZ,00000,3328,2017,SYNTHETIC INDUSTRY,1,2,42,90816,2,0,0,0,0,0,0,0,0,0,0,0,0,,1/1/2024,2023
6187,SYNTHETIC SITE 00186,100186,,SYNTHETIC COMPANY 00186,1 Example Way,Nowhere,ZZ,00000,6221,2017,SYNTHETIC INDUSTRY,1,2,30,47622000,1,0,1,0,0,7,0,1,0,0,0,0,0,,1/1/2024,2023
6188,SYNTHETIC SITE 00187,100187,,SYNTHETIC COMPANY 00187,1 Example Way,Nowhere,ZZ,00000,4841,2017,SYNTHETIC INDUSTRY,1,2,3,4683,2,0,0,0,0,0,0,0,0,0,0,0,0,,1/1/2024,2023
6189,SYNTHETIC SITE 00188,100188,,SYNTHETIC COMPANY 00188,1 Example Way,Nowhere,ZZ,00000,3252,2017,SYNTHETIC INDUSTRY,1,2,76,129619,1,0,1,2,0,7,8,3,0,0,0,0,0,,1/1/2024,2023
6190,SYNTHETIC SITE 00189,100189,,SYNTHETIC COMPANY 00189,1 Example Way,Nowhere,ZZ,00000,6221,2017,SYNTHETIC INDUSTRY,1,2,25,51192,1,0,0,1,1,0,4,2,0,0,0,0,0,,1/1/2024,2023
6191,SYNTHETIC SITE 00190,100190,,SYNTHETIC COMPANY 00190,1 Example Way,Nowhere,ZZ,00000,4451,2017,SYNTHETIC INDUSTRY,1,2,389,850569,1,0,10,2,7,70,8,19,0,0,0,0,0,,1/1/2024,2023
6192,SYNTHETIC SITE 00191,100191,,SYNTHETIC COMPANY 00191,1 Example Way,Nowhere,ZZ,00000,6221,2017,SYNTHETIC INDUSTRY,1,2,61,103710,2,0,0,0,0,0,0,0,0,0,0,0,0,,1/1/2024,2023
6193,SYNTHETIC SITE 00192,100192,,SYNTHETIC COMPANY 00192,1 Example Way,Nowhere,ZZ,00000,4841,2017,SYNTHETIC INDUSTRY,1,2,83,190350,2,0,0,0,0,0,0,0,0,0,0,0,0,,1/1/2024,2023
6194,SYNTHETIC SITE 00193,100193,,SYNTHETIC COMPANY 00193,1 Example Way,Nowhere,ZZ,00000,3115,2017,SYNTHETIC INDUSTRY,1,2,29,60303,2,0,0,0,0,0,0,0,0,0,0,0,0,,1/1/2024,2023
6195,SYNTHETIC SITE 00194,100194,,SYNTHETIC COMPANY 00194,1 Example Way,Nowhere,ZZ,00000,2361,2017,SYNTHETIC INDUSTRY,1,2,256,40356500,2,0,0,0,0,0,0,0,0,0,0,0,0,,1/1/2024,2023
6196,SYNTHETIC SITE 00195,100195,,SYNTHETIC COMPANY 00195,1 Example Way,Nowhere,ZZ,00000,3115,2017,SYNTHETIC INDUSTRY,1,2,46,81966,1,0,3,0,3,21,0,6,0,0,0,0,0,,1/1/2024,2023
6197,SYNTHETIC SITE 00196,100196,,SYNTHETIC COMPANY 00196,1 Example Way,Nowhere,ZZ,00000,3251,2017,SYNTHETIC INDUSTRY,1,2,71,147107,1,0,0,1,3,0,4,4,0,0,0,0,0,,1/1/2024,2023
6198,SYNTHETIC SITE 00197,100197,,SYNTHETIC COMPANY 00197,1 Example Way,Nowhere,ZZ,00000,2361,2017,SYNTHETIC INDUSTRY,1,2,98,159294,2,0,0,0,0,0,0,0,0,0,0,0,0,,1/1/2024,2023
6199,SYNTHETIC SITE 00198,100198,,SYNTHETIC COMPANY 00198,1 Example Way,Nowhere,ZZ,00000,3251,2017,SYNTHETIC INDUSTRY,1,2,31,60250,2,0,0,0,0,0,0,0,0,0,0,0,0,,1/1/2024,2023
6200,SYNTHETIC SITE 00199,100199,,SYNTHETIC COMPANY 00199,1 Example Way,Nowhere,ZZ,00000,3328,2017,SYNTHETIC INDUSTRY,1,2,142,239704,2,0,0,0,0,0,0,0,0,0,0,0,0,,1/1/2024,2023
6201,SYNTHETIC SITE 00200,100200,,SYNTHETIC COMPANY 00200,1 Example Way,Nowhere,ZZ,00000,3328,2017,SYNTHETIC INDUSTRY,1,2,14,27156,2,0,0,0,0,0,0,0,0,0,0,0,0,,1/1/2024,2023
6202,SYNTHETIC SITE 00201,100201,,SYNTHETIC COMPANY 00201,1 Example Way,Nowhere,ZZ,00000,3328,2017,SYNTHETIC INDUSTRY,1,2,179,367145,1,0,1,1,1,7,4,3,0,0,0,0,0,,1/1/2024,2023
6203,SYNTHETIC SITE 00202,100202,,SYNTHETIC COMPANY 00202,1 Example Way,Nowhere,ZZ,00000,4451,2017,SYNTHETIC INDUSTRY,1,2,19,36698,1,0,0,0,1,0,0,1,0,0,0,0,0,,1/1/2024,2023
6204,SYNTHETIC SITE 00203,100203,,SYNTHETIC COMPANY 00203,1 Example Way,Nowhere,ZZ,00000,3251,2017,SYNTHETIC INDUSTRY,1,2,352,546831,2,0,0,0,0,0,0,0,0,0,0,0,0,,1/1/2024,2023
6205,SYNTHETIC SITE 00204,100204,,SYNTHETIC COMPANY 00204,1 Example Way,Nowhere,ZZ,00000,3115,2017,SYNTHETIC INDUSTRY,1,2,212,387967,1,0,0,0,1,0,0,1,0,0,0,0,0,,1/1/2024,2023
6206,SYNTHETIC SITE 00205,100205,,SYNTHETIC COMPANY 00205,1 Example Way,Nowhere,ZZ,00000,4841,2017,SYNTHETIC INDUSTRY,1,2,59,93642,1,0,1,0,0,7,0,1,0,0,0,0,0,,1/1/2024,2023
6207,SYNTHETIC SITE 00206,100206,,SYNTHETIC COMPANY 00206,1 Example Way,Nowhere,ZZ,00000,3328,2017,SYNTHETIC INDUSTRY,1,2,54,106645,2,0,0,0,0,0,0,0,0,0,0,0,0,,1/1/2024,2023
6208,SYNTHETIC SITE 00207,100207,,SYNTHETIC COMPANY 00207,1 Example Way,Nowhere,ZZ,00000,3115,2017,SYNTHETIC INDUSTRY,1,2,5,7735,2,0,0,0,0,0,0,0,0,0,0,0,0,,1/1/2024,2023
6209,SYNTHETIC SITE 00208,100208,,SYNTHETIC COMPANY 00208,1 Example Way,Nowhere,ZZ,00000,2361,2017,SYNTHETIC INDUSTRY,1,2,13,22196,2,0,0,0,0,0,0,0,0,0,0,0,0,,1/1/2024,2023
6210,SYNTHETIC SITE 00209,100209,,SYNTHETIC COMPANY 00209,1 Example Way,Nowhere,ZZ,00000,4841,2017,SYNTHETIC INDUSTRY,1,2,11,20314,2,0,0,0,0,0,0,0,0,0,0,0,0,,1/1/2024,2023
6211,SYNTHETIC SITE 00210,100210,,SYNTHETIC COMPANY 00210,1 Example Way,Nowhere,ZZ,00000,2361,2017,SYNTHETIC INDUSTRY,1,2,89,156194,1,0,1,0,0,7,0,1,0,0,0,0,0,,1/1/2024,2023
6212,SYNTHETIC SITE 00211,100211,,SYNTHETIC COMPANY 00211,1 Example Way,Nowhere,ZZ,00000,3252,2017,SYNTHETIC INDUSTRY,1,2,16,25645,2,0,0,0,0,0,0,0,0,0,0,0,0,,1/1/2024,2023
6213,SYNTHETIC SITE 00212,100212,,SYNTHETIC COMPANY 00212,1 Example Way,Nowhere,ZZ,00000,3115,2017,SYNTHETIC INDUSTRY,1,2,17,33400,1,0,1,0,0,7,0,1,0,0,0,0,0,,1/1/2024,2023
6214,SYNTHETIC SITE 00213,100213,,SYNTHETIC COMPANY 00213,1 Example Way,Nowhere,ZZ,00000,2361,2017,SYNTHETIC INDUSTRY,1,2,52,106128,2,0,0,0,0,0,0,0,0,0,0,0,0,,1/1/2024,2023
6215,SYNTHETIC SITE 00214,100214,,SYNTHETIC COMPANY 00214,1 Example Way,Nowhere,ZZ,00000,3252,2017,SYNTHETIC INDUSTRY,1,2,44,86234,1,0,2,0,0,14,0,2,0,0,0,0,0,,1/1/2024,2023
6216,SYNTHETIC SITE 00215,100215,,SYNTHETIC COMPANY 00215,1 Example Way,Nowhere,ZZ,00000,4451,2017,SYNTHETIC INDUSTRY,1,2,196,449145,1,0,0,0,1,0,0,1,0,0,0,0,0,,1/1/2024,2023
6217,SYNTHETIC SITE 00216,100216,,SYNTHETIC COMPANY 00216,1 Example Way,Nowhere,ZZ,00000,2361,2017,SYNTHETIC INDUSTRY,1,2,176,283704,1,0,2,1,2,14,4,5,0,0,0,0,0,,1/1/2024,2023
6218,SYNTHETIC SITE 00217,100217,,SYNTHETIC COMPANY 00217,1 Example Way,Nowhere,ZZ,00000,4451,2017,SYNTHETIC INDUSTRY,1,2,722,1300819,1,0,22,17,23,154,68,62,0,0,0,0,0,,1/1/2024,2023
6219,SYNTHETIC SITE 00218,100218,,SYNTHETIC COMPANY 00218,1 Example Way,Nowhere,ZZ,00000,4451,2017,SYNTHETIC INDUSTRY,1,2,20,36810,2,0,0,0,0,0,0,0,0,0,0,0,0,,1/1/2024,2023
6220,SYNTHETIC SITE 00219,100219,,SYNTHETIC COMPANY 00219,1 Example Way,Nowhere,ZZ,00000,6221,2017,SYNTHETIC INDUSTRY,1,2,5,10561,2,0,0,0,0,0,0,0,0,0,0,0,0,,1/1/2024,2023
6221,SYNTHETIC SITE 00220,100220,,SYNTHETIC COMPANY 00220,1 Example Way,Nowhere,ZZ,00000,3252,2017,SYNTHETIC INDUSTRY,1,2,32,62246,2,0,0,0,0,0,0,0,0,0,0,0,0,,1/1/2024,2023
6222,SYNTHETIC SITE 00221,100221,,SYNTHETIC COMPANY 00221,1 Example Way,Nowhere,ZZ,00000,4451,2017,SYNTHETIC INDUSTRY,1,2,137,248442,1,0,2,2,0,14,8,4,0,0,0,0,0,,1/1/2024,2023
6223,SYNTHETIC SITE 00222,100222,,SYNTHETIC COMPANY 00222,1 Example Way,Nowhere,ZZ,00000,3328,2017,SYNTHETIC INDUSTRY,1,2,55,94209,2,0,0,0,0,0,0,0,0,0,0,0,0,,1/1/2024,2023
6224,SYNTHETIC SITE 00223,100223,,SYNTHETIC COMPANY 00223,1 Example Way,Nowhere,ZZ,00000,4451,2017,SYNTHETIC INDUSTRY,1,2,7,10052,2,0,0,0,0,0,0,0,0,0,0,0,0,,1/1/2024,2023
6225,SYNTHETIC SITE 00224,100224,,SYNTHETIC COMPANY 00224,1 Example Way,Nowhere,ZZ,00000,2361,2017,SYNTHETIC INDUSTRY,1,2,27,59733,1,0,0,1,1,0,4,2,0,0,0,0,0,,1/1/2024,2023
6226,SYNTHETIC SITE 00225,100225,,SYNTHETIC COMPANY 00225,1 Example Way,Nowhere,ZZ,00000,6221,2017,SYNTHETIC INDUSTRY,1,2,58,135001,1,0,0,1,1,0,4,2,0,0,0,0,0,,1/1/2024,2023
6227,SYNTHETIC SITE 00226,100226,,SYNTHETIC COMPANY 00226,1 Example Way,Nowhere,ZZ,00000,6221,2017,SYNTHETIC INDUSTRY,1,2,56,124548,2,0,0,0,0,0,0,0,0,0,0,0,0,,1/1/2024,2023
6228,SYNTHETIC SITE 00227,100227,,SYNTHETIC COMPANY 00227,1 Example Way,Nowhere,ZZ,00000,6221,2017,SYNTHETIC INDUSTRY,1,2,26,43074,2,0,0,0,0,0,0,0,0,0,0,0,0,,1/1/2024,2023
6229,SYNTHETIC SITE 00228,100228,,SYNTHETIC COMPANY 00228,1 Example Way,Nowhere,ZZ,00000,3328,2017,SYNTHETIC INDUSTRY,1,2,256,329673,1,0,4,7,12,28,28,23,0,0,0,0,0,,1/1/2024,2023
6230,SYNTHETIC SITE 00229,100229,,SYNTHETIC COMPANY 00229,1 Example Way,Nowhere,ZZ,00000,2361,2017,SYNTHETIC INDUSTRY,1,2,57,108796,2,0,0,0,0,0,0,0,0,0,0,0,0,,1/1/2024,2023
6231,SYNTHETIC SITE 00230,100230,,SYNTHETIC COMPANY 00230,1 Example Way,Nowhere,ZZ,00000,3251,2017,SYNTHETIC INDUSTRY,1,2,10,16558,2,0,0,0,0,0,0,0,0,0,0,0,0,,1/1/2024,2023
6232,SYNTHETIC SITE 00231,100231,,SYNTHETIC COMPANY 00231,1 Example Way,Nowhere,ZZ,00000,3252,2017,SYNTHETIC INDUSTRY,1,2,19,28380,1,0,0,0,1,0,0,1,0,0,0,0,0,,1/1/2024,2023
6233,SYNTHETIC SITE 00232,100232,,SYNTHETIC COMPANY 00232,1 Example Way,Nowhere,ZZ,00000,3251,2017,SYNTHETIC INDUSTRY,1,2,24,54253,2,0,0,0,0,0,0,0,0,0,0,0,0,,1/1/2024,2023
6234,SYNTHETIC SITE 00233,100233,,SYNTHETIC COMPANY 00233,1 Example Way,Nowhere,ZZ,00000,4841,2017,SYNTHETIC INDUSTRY,1,2,372,500300,1,0,1,1,0,7,4,2,0,0,0,0,0,,1/1/2024,2023
6235,SYNTHETIC SITE 00234,100234,,SYNTHETIC COMPANY 00234,1 Example Way,Nowhere,ZZ,00000,2361,2017,SYNTHETIC INDUSTRY,1,2,12,27620,2,0,0,0,0,0,0,0,0,0,0,0,0,,1/1/2024,2023
6236,SYNTHETIC SITE 00235,100235,,SYNTHETIC COMPANY 00235,1 Example Way,Nowhere,ZZ,00000,3251,2017,SYNTHETIC INDUSTRY,1,2,29,60419,2,0,0,0,0,0,0,0,0,0,0,0,0,,1/1/2024,2023
6237,SYNTHETIC SITE 00236,100236,,SYNTHETIC COMPANY 00236,1 Example Way,Nowhere,ZZ,00000,3252,2017,SYNTHETIC INDUSTRY,1,2,56,124148,2,0,0,0,0,0,0,0,0,0,0,0,0,,1/1/2024,2023
6238,SYNTHETIC SITE 00237,100237,,SYNTHETIC COMPANY 00237,1 Example Way,Nowhere,ZZ,00000,3252,2017,SYNTHETIC INDUSTRY,1,2,31,65521,1,0,0,0,2,0,0,2,0,0,0,0,0,,1/1/2024,2023
6239,SYNTHETIC SITE 00238,100238,,SYNTHETIC COMPANY 00238,1 Example Way,Nowhere,ZZ,00000,6221,2017,SYNTHETIC INDUSTRY,1,2,210,468841,2,0,0,0,0,0,0,0,0,0,0,0,0,,1/1/2024,2023
6240,SYNTHETIC SITE 00239,100239,,SYNTHETIC COMPANY 00239,1 Example Way,Nowhere,ZZ,00000,3328,2017,SYNTHETIC INDUSTRY,1,2,35,71245,2,0,0,0,0,0,0,0,0,0,0,0,0,,1/1/2024,2023
6241,SYNTHETIC SITE 00240,100240,,SYNTHETIC COMPANY 00240,1 Example Way,Nowhere,ZZ,00000,3252,2017,SYNTHETIC INDUSTRY,1,2,47,84888,1,0,3,1,0,21,4,4,0,0,0,0,0,,1/1/2024,2023
6242,SYNTHETIC SITE 00241,100241,,SYNTHETIC COMPANY 00241,1 Example Way,Nowhere,ZZ,00000,3252,2017,SYNTHETIC INDUSTRY,1,2,28,48826,2,0,0,0,0,0,0,0,0,0,0,0,0,,1/1/2024,2023
6243,SYNTHETIC SITE 00242,100242,,SYNTHETIC COMPANY 00242,1 Example Way,Nowhere,ZZ,00000,2361,2017,SYNTHETIC INDUSTRY,1,2,20,372320,1,0,1,1,0,7,4,2,0,0,0,0,0,,1/1/2024,2023
6244,SYNTHETIC SITE 00243,100243,,SYNTHETIC COMPANY 00243,1 Example Way,Nowhere,ZZ,00000,3252,2017,SYNTHETIC INDUSTRY,1,2,33,61023,2,0,0,0,0,0,0,0,0,0,0,0,0,,1/1/2024,2023
6245,SYNTHETIC SITE 00244,100244,,SYNTHETIC COMPANY 00244,1 Example Way,Nowhere,ZZ,00000,3115,2017,SYNTHETIC INDUSTRY,1,2,36,59478,1,0,0,0,1,0,0,1,0,0,0,0,0,,1/1/2024,2023
6246,SYNTHETIC SITE 00245,100245,,SYNTHETIC COMPANY 00245,1 Example Way,Nowhere,ZZ,00000,3115,2017,SYNTHETIC INDUSTRY,1,2,1358,2589144,1,0,41,24,59,287,96,124,0,0,0,0,0,,1/1/2024,2023
6247,SYNTHETIC SITE 00246,100246,,SYNTHETIC COMPANY 00246,1 Example Way,Nowhere,ZZ,00000,3252,2017,SYNTHETIC INDUSTRY,1,2,43,8041700,2,0,0,0,0,0,0,0,0,0,0,0,0,,1/1/2024,2023
6248,SYNTHETIC SITE 00247,100247,,SYNTHETIC COMPANY 00247,1 Example Way,Nowhere,ZZ,00000,3251,2017,SYNTHETIC INDUSTRY,1,2,53,102093,2,0,0,0,0,0,0,0,0,0,0,0,0,,1/1/2024,2023
6249,SYNTHETIC SITE 00248,100248,,SYNTHETIC COMPANY 00248,1 Example Way,Nowhere,ZZ,00000,4841,2017,SYNTHETIC INDUSTRY,1,2,115,210254,2,0,0,0,0,0,0,0,0,0,0,0,0,,1/1/2024,2023
6250,SYNTHETIC SITE 00249,100249,,SYNTHETIC COMPANY 00249,1 Example Way,Nowhere,ZZ,00000,6221,2017,SYNTHETIC INDUSTRY,1,2,90,163497,2,0,0,0,0,0,0,0,0,0,0,0,0,,1/1/2024,2023
6251,SYNTHETIC SITE 00250,100250,,SYNTHETIC COMPANY 00250,1 Example Way,Nowhere,ZZ,00000,3251,2017,SYNTHETIC INDUSTRY,1,2,102,209646,1,0,0,1,2,0,4,3,0,0,0,0,0,,1/1/2024,2023
6252,SYNTHETIC SITE 00251,100251,,SYNTHETIC COMPANY 00251,1 Example Way,Nowhere,ZZ,00000,4451,2017,SYNTHETIC INDUSTRY,1,2,36,81691,1,0,1,0,3,7,0,4,0,0,0,0,0,,1/1/2024,2023
6253,SYNTHETIC SITE 00252,100252,,SYNTHETIC COMPANY 00252,1 Example Way,Nowhere,ZZ,00000,3328,2017,SYNTHETIC INDUSTRY,1,2,50,76770,2,0,0,0,0,0,0,0,0,0,0,0,0,,1/1/2024,2023
6254,SYNTHETIC SITE 00253,100253,,SYNTHETIC COMPANY 00253,1 Example Way,Nowhere,ZZ,00000,3252,2017,SYNTHETIC INDUSTRY,1,2,233,327124,1,0,1,1,0,7,4,2,0,0,0,0,0,,1/1/2024,2023
6255,SYNTHETIC SITE 00254,100254,,SYNTHETIC COMPANY 00254,1 Example Way,Nowhere,ZZ,00000,4841,2017,SYNTHETIC INDUSTRY,1,2,12,1698700000,2,0,0,0,0,0,0,0,0,0,0,0,0,,1/1/2024,2023
6256,SYNTHETIC SITE 00255,100255,,SYNTHETIC COMPANY 00255,1 Example Way,Nowhere,ZZ,00000,3252,2017,SYNTHETIC INDUSTRY,1,2,14,27933,2,0,0,0,0,0,0,0,0,0,0,0,0,,1/1/2024,2023
6257,SYNTHETIC SITE 00256,100256,,SYNTHETIC COMPANY 00256,1 Example Way,Nowhere,ZZ,00000,3115,2017,SYNTHETIC INDUSTRY,1,2,311,464521,1,0,5,6,15,35,24,26,0,0,0,0,0,,1/1/2024,2023
6258,SYNTHETIC SITE 00257,100257,,SYNTHETIC COMPANY 00257,1 Example Way,Nowhere,ZZ,00000,3328,2017,SYNTHETIC INDUSTRY,1,2,172,294883,1,0,0,1,0,0,4,1,0,0,0,0,0,,1/1/2024,2023
6259,SYNTHETIC SITE 00258,100258,,SYNTHETIC COMPANY 00258,1 Example Way,Nowhere,ZZ,00000,3115,2017,SYNTHETIC INDUSTRY,1,2,21,40487,2,0,0,0,0,0,0,0,0,0,0,0,0,,1/1/2024,2023
6260,SYNTHETIC SITE 00259,100259,,SYNTHETIC COMPANY 00259,1 Example Way,Nowhere,ZZ,00000,3115,2017,SYNTHETIC INDUSTRY,1,2,9,15332,2,0,0,0,0,0,0,0,0,0,0,0,0,,1/1/2024,2023
6261,SYNTHETIC SITE 00260,100260,,SYNTHETIC COMPANY 00260,1 Example Way,Nowhere,ZZ,00000,3252,2017,SYNTHETIC INDUSTRY,1,2,112,192369,2,0,0,0,0,0,0,0,0,0,0,0,0,,1/1/2024,2023
6262,SYNTHETIC SITE 00261,100261,,SYNTHETIC COMPANY 00261,1 Example Way,Nowhere,ZZ,00000,4841,2017,SYNTHETIC INDUSTRY,1,2,38,67634,1,0,0,0,1,0,0,1,0,0,0,0,0,,1/1/2024,2023
6263,SYNTHETIC SITE 00262,100262,,SYNTHETIC COMPANY 00262,1 Example Way,Nowhere,ZZ,00000,3115,2017,SYNTHETIC INDUSTRY,1,2,23,44476,2,0,0,0,0,0,0,0,0,0,0,0,0,,1/1/2024,2023
6264,SYNTHETIC SITE 00263,100263,,SYNTHETIC COMPANY 00263,1 Example Way,Nowhere,ZZ,00000,3115,2017,SYNTHETIC INDUSTRY,1,2,24,42878,2,0,0,0,0,0,0,0,0,0,0,0,0,,1/1/2024,2023
6265,SYNTHETIC SITE 00264,100264,,SYNTHETIC COMPANY 00264,1 Example Way,Nowhere,ZZ,00000,3115,2017,SYNTHETIC INDUSTRY,1,2,36,69877,2,0,0,0,0,0,0,0,0,0,0,0,0,,1/1/2024,2023
6266,SYNTHETIC SITE 00265,100265,,SYNTHETIC COMPANY 00265,1 Example Way,Nowhere,ZZ,00000,3252,2017,SYNTHETIC INDUSTRY,1,2,13,23819,2,0,0,0,0,0,0,0,0,0,0,0,0,,1/1/2024,2023
6267,SYNTHETIC SITE 00266,100266,,SYNTHETIC COMPANY 00266,1 Example Way,Nowhere,ZZ,00000,4841,2017,SYNTHETIC INDUSTRY,1,2,54,103879,1,0,5,4,8,35,16,17,0,0,0,0,0,,1/1/2024,2023
6268,SYNTHETIC SITE 00267,100267,,SYNTHETIC COMPANY 00267,1 Example Way,Nowhere,ZZ,00000,3115,2017,SYNTHETIC INDUSTRY,1,2,88,187545,1,0,2,1,2,14,4,5,0,0,0,0,0,,1/1/2024,2023
6269,SYNTHETIC SITE 00268,100268,,SYNTHETIC COMPANY 00268,1 Example Way,Nowhere,ZZ,00000,3252,2017,SYNTHETIC INDUSTRY,1,2,177,428548,1,0,8,1,5,56,4,14,0,0,0,0,0,,1/1/2024,2023
6270,SYNTHETIC SITE 00269,100269,,SYNTHETIC COMPANY 00269,1 Example Way,Nowhere,ZZ,00000,6221,2017,SYNTHETIC INDUSTRY,1,2,30,55259,2,0,0,0,0,0,0,0,0,0,0,0,0,,1/1/2024,2023
6271,SYNTHETIC SITE 00270,100270,,SYNTHETIC COMPANY 00270,1 Example Way,Nowhere,ZZ,00000,6221,2017,SYNTHETIC INDUSTRY,1,2,40,86176,1,0,0,2,1,0,8,3,0,0,0,0,0,,1/1/2024,2023
6272,SYNTHETIC SITE 00271,100271,,SYNTHETIC COMPANY 00271,1 Example Way,Nowhere,ZZ,00000,3251,2017,SYNTHETIC INDUSTRY,1,2,9,11646,2,0,0,0,0,0,0,0,0,0,0,0,0,,1/1/2024,2023
6273,SYNTHETIC SITE 00272,100272,,SYNTHETIC COMPANY 00272,1 Example Way,Nowhere,ZZ,00000,4841,2017,SYNTHETIC INDUSTRY,1,2,24,39408,2,0,0,0,0,0,0,0,0,0,0,0,0,,1/1/2024,2023
6274,SYNTHETIC SITE 00273,100273,,SYNTHETIC COMPANY 00273,1 Example Way,Nowhere,ZZ,00000,2361,2017,SYNTHETIC INDUSTRY,1,2,37,81468,2,0,0,0,0,0,0,0,0,0,0,0,0,,1/1/2024,2023
6275,SYNTHETIC SITE 00274,100274,,SYNTHETIC COMPANY 00274,1 Example Way,Nowhere,ZZ,00000,2361,2017,SYNTHETIC INDUSTRY,1,2,20,41322,2,0,0,0,0,0,0,0,0,0,0,0,0,,1/1/2024,2023
6276,SYNTHETIC SITE 00275,100275,,SYNTHETIC COMPANY 00275,1 Example Way,Nowhere,ZZ,00000,3328,2017,SYNTHETIC INDUSTRY,1,2,185,384654,2,0,0,0,0,0,0,0,0,0,0,0,0,,1/1/2024,2023
6277,SYNTHETIC SITE 00276,100276,,SYNTHETIC COMPANY 00276,1 Example Way,Nowhere,ZZ,00000,6221,2017,SYNTHETIC INDUSTRY,1,2,66,100409,1,0,1,1,2,7,4,4,0,0,0,0,0,,1/1/2024,2023
6278,SYNTHETIC SITE 00277,100277,,SYNTHETIC COMPANY 00277,1 Example Way,Nowhere,ZZ,00000,3251,2017,SYNTHETIC INDUSTRY,1,2,17,31653,1,0,0,1,0,0,4,1,0,0,0,0,0,,1/1/2024,2023
6279,SYNTHETIC SITE 00278,100278,,SYNTHETIC COMPANY 00278,1 Example Way,Nowhere,ZZ,00000,6221,2017,SYNTHETIC INDUSTRY,1,2,152,304635,1,0,1,1,2,7,4,4,0,0,0,0,0,,1/1/2024,2023
6280,SYNTHETIC SITE 00279,100279,,SYNTHETIC COMPANY 00279,1 Example Way,Nowhere,ZZ,00000,4841,2017,SYNTHETIC INDUSTRY,1,2,54,85728,2,0,0,0,0,0,0,0,0,0,0,0,0,,1/1/2024,2023
6281,SYNTHETIC SITE 00280,100280,,SYNTHETIC COMPANY 00280,1 Example Way,Nowhere,ZZ,00000,6221,2017,SYNTHETIC INDUSTRY,1,2,56,73333,2,0,0,0,0,0,0,0,0,0,0,0,0,,1/1/2024,2023
6282,SYNTHETIC SITE 00281,100281,,SYNTHETIC COMPANY 00281,1 Example Way,Nowhere,ZZ,00000,2361,2017,SYNTHETIC INDUSTRY,1,2,52,102834,2,0,0,0,0,0,0,0,0,0,0,0,0,,1/1/2024,2023
6283,SYNTHETIC SITE 00282,100282,,SYNTHETIC COMPANY 00282,1 Example Way,Nowhere,ZZ,00000,3328,2017,SYNTHETIC INDUSTRY,1,2,6,6508,2,0,0,0,0,0,0,0,0,0,0,0,0,,1/1/2024,2023
6284,SYNTHETIC SITE 00283,100283,,SYNTHETIC COMPANY 00283,1 Example Way,Nowhere,ZZ,00000,2361,2017,SYNTHETIC INDUSTRY,1,2,21,49330,2,0,0,0,0,0,0,0,0,0,0,0,0,,1/1/2024,2023
6285,SYNTHETIC SITE 00284,100284,,SYNTHETIC COMPANY 00284,1 Example Way,Nowhere,ZZ,00000,2361,2017,SYNTHETIC INDUSTRY,1,2,46,69142,2,0,0,0,0,0,0,0,0,0,0,0,0,,1/1/2024,2023
6286,SYNTHETIC SITE 00285,100285,,SYNTHETIC COMPANY 00285,1 Example Way,Nowhere,ZZ,00000,4841,2017,SYNTHETIC INDUSTRY,1,2,117,241693,1,0,3,1,2,21,4,6,0,0,0,0,0,,1/1/2024,2023
6287,SYNTHETIC SITE 00286,100286,,SYNTHETIC COMPANY 00286,1 Example Way,Nowhere,ZZ,00000,6221,2017,SYNTHETIC INDUSTRY,1,2,55,85884,1,0,0,0,2,0,0,2,0,0,0,0,0,,1/1/2024,2023
6288,SYNTHETIC SITE 00287,100287,,SYNTHETIC COMPANY 00287,1 Example Way,Nowhere,ZZ,00000,3328,2017,SYNTHETIC INDUSTRY,1,2,52,93521,1,0,0,0,1,0,0,1,0,0,0,0,0,,1/1/2024,2023
6289,SYNTHETIC SITE 00288,100288,,SYNTHETIC COMPANY 00288,1 Example Way,Nowhere,ZZ,00000,3252,2017,SYNTHETIC INDUSTRY,1,2,545,737825,1,0,10,1,3,70,4,14,0,0,0,0,0,,1/1/2024,2023
6290,SYNTHETIC SITE 00289,100289,,SYNTHETIC COMPANY 00289,1 Example Way,Nowhere,ZZ,00000,6221,2017,SYNTHETIC INDUSTRY,1,2,47,77124,2,0,0,0,0,0,0,0,0,0,0,0,0,,1/1/2024,2023
6291,SYNTHETIC SITE 00290,100290,,SYNTHETIC COMPANY 00290,1 Example Way,Nowhere,ZZ,00000,4451,2017,SYNTHETIC INDUSTRY,1,2,355,785029,1,0,5,5,10,35,20,20,0,0,0,0,0,,1/1/2024,2023
6292,SYNTHETIC SITE 00291,100291,,SYNTHETIC COMPANY 00291,1 Example Way,Nowhere,ZZ,00000,3115,2017,SYNTHETIC INDUSTRY,1,2,625,908107,1,0,6,1,5,42,4,12,0,0,0,0,0,,1/1/2024,2023
6293,SYNTHETIC SITE 00292,100292,,SYNTHETIC COMPANY 00292,1 Example Way,Nowhere,ZZ,00000,6221,2017,SYNTHETIC INDUSTRY,1,2,100,170276,1,0,1,0,2,7,0,3,0,0,0,0,0,,1/1/2024,2023
6294,SYNTHETIC SITE 00293,100293,,SYNTHETIC COMPANY 00293,1 Example Way,Nowhere,ZZ,00000,4451,2017,SYNTHETIC INDUSTRY,1,2,28,50338,1,0,1,0,1,7,0,2,0,0,0,0,0,,1/1/2024,2023
6295,SYNTHETIC SITE 00294,100294,,SYNTHETIC COMPANY 00294,1 Example Way,Nowhere,ZZ,00000,3328,2017,SYNTHETIC INDUSTRY,1,2,57,112218,1,0,0,0,1,0,0,1,0,0,0,0,0,,1/1/2024,2023
6296,SYNTHETIC SITE 00295,100295,,SYNTHETIC COMPANY 00295,1 Example Way,Nowhere,ZZ,00000,4841,2017,SYNTHETIC INDUSTRY,1,2,545,1029101,1,0,5,4,7,35,16,16,0,0,0,0,0,,1/1/2024,2023
6297,SYNTHETIC SITE 00296,100296,,SYNTHETIC COMPANY 00296,1 Example Way,Nowhere,ZZ,00000,6221,2017,SYNTHETIC INDUSTRY,1,2,24,41579,1,0,0,0,1,0,0,1,0,0,0,0,0,,1/1/2024,2023
6298,SYNTHETIC SITE 00297,100297,,SYNTHETIC COMPANY 00297,1 Example Way,Nowhere,ZZ,00000,3252,2017,SYNTHETIC INDUSTRY,1,2,35,58696,2,0,0,0,0,0,0,0,0,0,0,0,0,,1/1/2024,2023
6299,SYNTHETIC SITE 00298,100298,,SYNTHETIC COMPANY 00298,1 Example Way,Nowhere,ZZ,00000,3328,2017,SYNTHETIC INDUSTRY,1,2,46,93044,2,0,0,0,0,0,0,0,0,0,0,0,0,,1/1/2024,2023
6300,SYNTHETIC SITE 00299,100299,,SYNTHETIC COMPANY 00299,1 Example Way,Nowhere,ZZ,00000,4451,2017,SYNTHETIC INDUSTRY,1,2,59,108383,1,0,0,1,1,0,4,2,0,0,0,0,0,,1/1/2024,2023
6301,SYNTHETIC SITE 00300,100300,,SYNTHETIC COMPANY 00300,1 Example Way,Nowhere,ZZ,00000,3328,2017,SYNTHETIC INDUSTRY,1,2,20,51668,2,0,0,0,0,0,0,0,0,0,0,0,0,,1/1/2024,2023
6302,SYNTHETIC SITE 00301,100301,,SYNTHETIC COMPANY 00301,1 Example Way,Nowhere,ZZ,00000,3115,2017,SYNTHETIC INDUSTRY,1,2,57,92191,2,0,0,0,0,0,0,0,0,0,0,0,0,,1/1/2024,2023
6303,SYNTHETIC SITE 00302,100302,,SYNTHETIC COMPANY 00302,1 Example Way,Nowhere,ZZ,00000,4841,2017,SYNTHETIC INDUSTRY,1,2,89,120475,2,0,0,0,0,0,0,0,0,0,0,0,0,,1/1/2024,2023
6304,SYNTHETIC SITE 00303,100303,,SYNTHETIC COMPANY 00303,1 Example Way,Nowhere,ZZ,00000,4841,2017,SYNTHETIC INDUSTRY,1,2,45,91691,1,0,0,1,0,0,4,1,0,0,0,0,0,,1/1/2024,2023
6305,SYNTHETIC SITE 00304,100304,,SYNTHETIC COMPANY 00304,1 Example Way,Nowhere,ZZ,00000,2361,2017,SYNTHETIC INDUSTRY,1,2,20,36413,1,0,1,0,1,7,0,2,0,0,0,0,0,,1/1/2024,2023
6306,SYNTHETIC SITE 00305,100305,,SYNTHETIC COMPANY 00305,1 Example Way,Nowhere,ZZ,00000,6221,2017,SYNTHETIC INDUSTRY,1,2,60,116716,1,0,0,2,0,0,8,2,0,0,0,0,0,,1/1/2024,2023
6307,SYNTHETIC SITE 00306,100306,,SYNTHETIC COMPANY 00306,1 Example Way,Nowhere,ZZ,00000,3252,2017,SYNTHETIC INDUSTRY,1,2,60,105573,2,0,0,0,0,0,0,0,0,0,0,0,0,,1/1/2024,2023
6308,SYNTHETIC SITE 00307,100307,,SYNTHETIC COMPANY 00307,1 Example Way,Nowhere,ZZ,00000,6221,2017,SYNTHETIC INDUSTRY,1,2,59,96476,2,0,0,0,0,0,0,0,0,0,0,0,0,,1/1/2024,2023
6309,SYNTHETIC SITE 00308,100308,,SYNTHETIC COMPANY 00308,1 Example Way,Nowhere,ZZ,00000,3252,2017,SYNTHETIC INDUSTRY,1,2,62,124971,1,0,2,1,0,14,4,3,0,0,0,0,0,,1/1/2024,2023
6310,SYNTHETIC SITE 00309,100309,,SYNTHETIC COMPANY 00309,1 Example Way,Nowhere,ZZ,00000,4841,2017,SYNTHETIC INDUSTRY,1,2,4,7927,2,0,0,0,0,0,0,0,0,0,0,0,0,,1/1/2024,2023
6311,SYNTHETIC SITE 00310,100310,,SYNTHETIC COMPANY 00310,1 Example Way,Nowhere,ZZ,00000,3251,2017,SYNTHETIC INDUSTRY,1,2,8,10239,2,0,0,0,0,0,0,0,0,0,0,0,0,,1/1/2024,2023
6312,SYNTHETIC SITE 00311,100311,,SYNTHETIC COMPANY 00311,1 Example Way,Nowhere,ZZ,00000,6221,2017,SYNTHETIC INDUSTRY,1,2,13,20383,2,0,0,0,0,0,0,0,0,0,0,0,0,,1/1/2024,2023
6313,SYNTHETIC SITE 00312,100312,,SYNTHETIC COMPANY 00312,1 Example Way,Nowhere,ZZ,00000,3252,2017,SYNTHETIC INDUSTRY,1,2,521,1160540,1,0,2,0,0,14,0,2,0,0,0,0,0,,1/1/2024,2023
6314,SYNTHETIC SITE 00313,100313,,SYNTHETIC COMPANY 00313,1 Example Way,Nowhere,ZZ,00000,2361,2017,SYNTHETIC INDUSTRY,1,2,68,154766,2,0,0,0,0,0,0,0,0,0,0,0,0,,1/1/2024,2023
6315,SYNTHETIC SITE 00314,100314,,SYNTHETIC COMPANY 00314,1 Example Way,Nowhere,ZZ,00000,3328,2017,SYNTHETIC INDUSTRY,1,2,10,17647,1,0,1,0,0,7,0,1,0,0,0,0,0,,1/1/2024,2023
6316,SYNTHETIC SITE 00315,100315,,SYNTHETIC COMPANY 00315,1 Example Way,Nowhere,ZZ,00000,3115,2017,SYNTHETIC INDUSTRY,1,2,157,246337,1,0,2,2,10,14,8,14,0,0,0,0,0,,1/1/2024,2023
6317,SYNTHETIC SITE 00316,100316,,SYNTHETIC COMPANY 00316,1 Example Way,Nowhere,ZZ,00000,3252,2017,SYNTHETIC INDUSTRY,1,2,143,269809,1,0,1,0,1,7,0,2,0,0,0,0,0,,1/1/2024,2023
6318,SYNTHETIC SITE 00317,100317,,SYNTHETIC COMPANY 00317,1 Example Way,Nowhere,ZZ,00000,4451,2017,SYNTHETIC INDUSTRY,1,2,430,765742,2,0,0,0,0,0,0,0,0,0,0,0,0,,1/1/2024,2023
6319,SYNTHETIC SITE 00318,100318,,SYNTHETIC COMPANY 00318,1 Example Way,Nowhere,ZZ,00000,6221,2017,SYNTHETIC INDUSTRY,1,2,27,69375,1,0,1,0,0,7,0,1,0,0,0,0,0,,1/1/2024,2023
6320,SYNTHETIC SITE 00319,100319,,SYNTHETIC COMPANY 00319,1 Example Way,Nowhere,ZZ,00000,4451,2017,SYNTHETIC INDUSTRY,1,2,99,206219,1,0,1,0,1,7,0,2,0,0,0,0,0,,1/1/2024,2023
6321,SYNTHETIC SITE 00320,100320,,SYNTHETIC COMPANY 00320,1 Example Way,Nowhere,ZZ,00000,3251,2017,SYNTHETIC INDUSTRY,1,2,49,86608,1,0,1,0,0,7,0,1,0,0,0,0,0,,1/1/2024,2023
6322,SYNTHETIC SITE 00321,100321,,SYNTHETIC COMPANY 00321,1 Example Way,Nowhere,ZZ,00000,4451,2017,SYNTHETIC INDUSTRY,1,2,22,50163,1,0,1,1,0,7,4,2,0,0,0,0,0,,1/1/2024,2023
6323,SYNTHETIC SITE 00322,100322,,SYNTHETIC COMPANY 00322,1 Example Way,Nowhere,ZZ,00000,3251,2017,SYNTHETIC INDUSTRY,1,2,13,22590,2,0,0,0,0,0,0,0,0,0,0,0,0,,1/1/2024,2023
6324,SYNTHETIC SITE 00323,100323,,SYNTHETIC COMPANY 00323,1 Example Way,Nowhere,ZZ,00000,4841,2017,SYNTHETIC INDUSTRY,1,2,44,67089,2,0,0,0,0,0,0,0,0,0,0,0,0,,1/1/2024,2023
6325,SYNTHETIC SITE 00324,100324,,SYNTHETIC COMPANY 00324,1 Example Way,Nowhere,ZZ,00000,6221,2017,SYNTHETIC INDUSTRY,1,2,630,1066071,1,0,2,4,2,14,16,8,0,0,0,0,0,,1/1/2024,2023
6326,SYNTHETIC SITE 00325,100325,,SYNTHETIC COMPANY 00325,1 Example Way,Nowhere,ZZ,00000,3252,2017,SYNTHETIC INDUSTRY,1,2,37,66127,1,0,1,0,0,7,0,1,0,0,0,0,0,,1/1/2024,2023
6327,SYNTHETIC SITE 00326,100326,,SYNTHETIC COMPANY 00326,1 Example Way,Nowhere,ZZ,00000,3115,2017,SYNTHETIC INDUSTRY,1,2,15,29342,2,0,0,0,0,0,0,0,0,0,0,0,0,,1/1/2024,2023
6328,SYNTHETIC SITE 00327,100327,,SYNTHETIC COMPANY 00327,1 Example Way,Nowhere,ZZ,00000,2361,2017,SYNTHETIC INDUSTRY,1,2,16,23900,2,0,0,0,0,0,0,0,0,0,0,0,0,,1/1/2024,2023
6329,SYNTHETIC SITE 00328,100328,,SYNTHETIC COMPANY 00328,1 Example Way,Nowhere,ZZ,00000,3328,2017,SYNTHETIC INDUSTRY,1,2,276,521806,1,0,6,3,7,42,12,16,0,0,0,0,0,,1/1/2024,2023
6330,SYNTHETIC SITE 00329,100329,,SYNTHETIC COMPANY 00329,1 Example Way,Nowhere,ZZ,00000,2361,2017,SYNTHETIC INDUSTRY,1,2,78,184453,1,0,0,1,6,0,4,7,0,0,0,0,0,,1/1/2024,2023
6331,SYNTHETIC SITE 00330,100330,,SYNTHETIC COMPANY 00330,1 Example Way,Nowhere,ZZ,00000,4451,2017,SYNTHETIC INDUSTRY,1,2,8,15284,2,0,0,0,0,0,0,0,0,0,0,0,0,,1/1/2024,2023
6332,SYNTHETIC SITE 00331,100331,,SYNTHETIC COMPANY 00331,1 Example Way,Nowhere,ZZ,00000,3252,2017,SYNTHETIC INDUSTRY,1,2,70,121541,2,0,0,0,0,0,0,0,0,0,0,0,0,,1/1/2024,2023
6333,SYNTHETIC SITE 00332,100332,,SYNTHETIC COMPANY 00332,1 Example Way,Nowhere,ZZ,00000,4841,2017,SYNTHETIC INDUSTRY,1,2,352,662041,1,0,1,0,5,7,0,6,0,0,0,0,0,,1/1/2024,2023
6334,SYNTHETIC SITE 00333,100333,,SYNTHETIC COMPANY 00333,1 Example Way,Nowhere,ZZ,00000,2361,2017,SYNTHETIC INDUSTRY,1,2,29,49790,2,0,0,0,0,0,0,0,0,0,0,0,0,,1/1/2024,2023
6335,SYNTHETIC SITE 00334,100334,,SYNTHETIC COMPANY 00334,1 Example Way,Nowhere,ZZ,00000,3252,2017,SYNTHETIC INDUSTRY,1,2,172,301372,1,0,2,2,4,14,8,8,0,0,0,0,0,,1/1/2024,2023
6336,SYNTHETIC SITE 00335,100335,,SYNTHETIC COMPANY 00335,1 Example Way,Nowhere,ZZ,00000,4451,2017,SYNTHETIC INDUSTRY,1,2,122,229520,2,0,0,0,0,0,0,0,0,0,0,0,0,,1/1/2024,2023
6337,SYNTHETIC SITE 00336,100336,,SYNTHETIC COMPANY 00336,1 Example Way,Nowhere,ZZ,00000,3252,2017,SYNTHETIC INDUSTRY,1,2,1029,2268886,1,0,4,2,2,28,8,8,0,0,0,0,0,,1/1/2024,2023
6338,SYNTHETIC SITE 00337,100337,,SYNTHETIC COMPANY 00337,1 Example Way,Nowhere,ZZ,00000,3115,2017,SYNTHETIC INDUSTRY,1,2,3,6248,2,0,0,0,0,0,0,0,0,0,0,0,0,,1/1/2024,2023
6339,SYNTHETIC SITE 00338,100338,,SYNTHETIC COMPANY 00338,1 Example Way,Nowhere,ZZ,00000,4841,2017,SYNTHETIC INDUSTRY,1,2,24,35856,2,0,0,0,0,0,0,0,0,0,0,0,0,,1/1/2024,2023
6340,SYNTHETIC SITE 00339,100339,,SYNTHETIC COMPANY 00339,1 Example Way,Nowhere,ZZ,00000,3115,2017,SYNTHETIC INDUSTRY,1,2,82,155916,1,0,2,1,2,14,4,5,0,0,0,0,0,,1/1/2024,2023
6341,SYNTHETIC SITE 00340,100340,,SYNTHETIC COMPANY 00340,1 Example Way,Nowhere,ZZ,00000,3251,2017,SYNTHETIC INDUSTRY,1,2,18,29590,2,0,0,0,0,0,0,0,0,0,0,0,0,,1/1/2024,2023
6342,SYNTHETIC SITE 00341,100341,,SYNTHETIC COMPANY 00341,1 Example Way,Nowhere,ZZ,00000,3328,2017,SYNTHETIC INDUSTRY,1,2,17,37418,1,0,0,0,1,0,0,1,0,0,0,0,0,,1/1/2024,2023
6343,SYNTHETIC SITE 00342,100342,,SYNTHETIC COMPANY 00342,1 Example Way,Nowhere,ZZ,00000,3115,2017,SYNTHETIC INDUSTRY,1,2,138,223655,1,0,1,2,1,7,8,4,0,0,0,0,0,,1/1/2024,2023
6344,SYNTHETIC SITE 00343,100343,,SYNTHETIC COMPANY 00343,1 Example Way,Nowhere,ZZ,00000,2361,2017,SYNTHETIC INDUSTRY,1,2,39,70737,1,0,0,1,1,0,4,2,0,0,0,0,0,,1/1/2024,2023
6345,SYNTHETIC SITE 00344,100344,,SYNTHETIC COMPANY 00344,1 Example Way,Nowhere,ZZ,00000,6221,2017,SYNTHETIC INDUSTRY,1,2,150,349844,1,0,1,4,0,7,16,5,0,0,0,0,0,,1/1/2024,2023
6346,SYNTHETIC SITE 00345,100345,,SYNTHETIC COMPANY 00345,1 Example Way,Nowhere,ZZ,00000,3115,2017,SYNTHETIC INDUSTRY,1,2,378,899581,1,0,6,6,9,42,24,21,0,0,0,0,0,,1/1/2024,2023
6347,SYNTHETIC SITE 00346,100346,,SYNTHETIC COMPANY 00346,1 Example Way,Nowhere,ZZ,00000,3251,2017,SYNTHETIC INDUSTRY,1,2,244,370259,1,0,2,1,0,14,4,3,0,0,0,0,0,,1/1/2024,2023
6348,SYNTHETIC SITE 00347,100347,,SYNTHETIC COMPANY 00347,1 Example Way,Nowhere,ZZ,00000,3251,2017,SYNTHETIC INDUSTRY,1,2,37,76641,1,0,1,0,1,7,0,2,0,0,0,0,0,,1/1/2024,2023
6349,SYNTHETIC SITE 00348,100348,,SYNTHETIC COMPANY 00348,1 Example Way,Nowhere,ZZ,00000,4451,2017,SYNTHETIC INDUSTRY,1,2,70,123634,1,0,1,0,0,7,0,1,0,0,0,0,0,,1/1/2024,2023
6350,SYNTHETIC SITE 00349,100349,,SYNTHETIC COMPANY 00349,1 Example Way,Nowhere,ZZ,00000,3252,2017,SYNTHETIC INDUSTRY,1,2,274,50881600000,2,0,0,0,0,0,0,0,0,0,0,0,0,,1/1/2024,2023
6351,SYNTHETIC SITE 00350,100350,,SYNTHETIC COMPANY 00350,1 Example Way,Nowhere,ZZ,00000,6221,2017,SYNTHETIC INDUSTRY,1,2,30,43263,2,0,0,0,0,0,0,0,0,0,0,0,0,,1/1/2024,2023
6352,SYNTHETIC SITE 00351,100351,,SYNTHETIC COMPANY 00351,1 Example Way,Nowhere,ZZ,00000,3328,2017,SYNTHETIC INDUSTRY,1,2,11,18783,2,0,0,0,0,0,0,0,0,0,0,0,0,,1/1/2024,2023
6353,SYNTHETIC SITE 00352,100352,,SYNTHETIC COMPANY 00352,1 Example Way,Nowhere,ZZ,00000,3328,2017,SYNTHETIC INDUSTRY,1,2,7,7174,2,0,0,0,0,0,0,0,0,0,0,0,0,,1/1/2024,2023
6354,SYNTHETIC SITE 00353,100353,,SYNTHETIC COMPANY 00353,1 Example Way,Nowhere,ZZ,00000,2361,2017,SYNTHETIC INDUSTRY,1,2,206,490912,1,0,1,2,1,7,8,4,0,0,0,0,0,,1/1/2024,2023
6355,SYNTHETIC SITE 00354,100354,,SYNTHETIC COMPANY 00354,1 Example Way,Nowhere,ZZ,00000,6221,2017,SYNTHETIC INDUSTRY,1,2,27,51026,2,0,0,0,0,0,0,0,0,0,0,0,0,,1/1/2024,2023
6356,SYNTHETIC SITE 00355,100355,,SYNTHETIC COMPANY 00355,1 Example Way,Nowhere,ZZ,00000,3252,2017,SYNTHETIC INDUSTRY,1,2,591,853135,1,0,9,4,6,63,16,19,0,0,0,0,0,,1/1/2024,2023
6357,SYNTHETIC SITE 00356,100356,,SYNTHETIC COMPANY 00356,1 Example Way,Nowhere,ZZ,00000,4841,2017,SYNTHETIC INDUSTRY,1,2,27,36825,2,0,0,0,0,0,0,0,0,0,0,0,0,,1/1/2024,2023
6358,SYNTHETIC SITE 00357,100357,,SYNTHETIC COMPANY 00357,1 Example Way,Nowhere,ZZ,00000,3251,2017,SYNTHETIC INDUSTRY,1,2,9,16196,2,0,0,0,0,0,0,0,0,0,0,0,0,,1/1/2024,2023
6359,SYNTHETIC SITE 00358,100358,,SYNTHETIC COMPANY 00358,1 Example Way,Nowhere,ZZ,00000,6221,2017,SYNTHETIC INDUSTRY,1,2,14,28289,1,0,0,0,1,0,0,1,0,0,0,0,0,,1/1/2024,2023
6360,SYNTHETIC SITE 00359,100359,,SYNTHETIC COMPANY 00359,1 Example Way,Nowhere,ZZ,00000,6221,2017,SYNTHETIC INDUSTRY,1,2,42,75069,1,0,0,2,1,0,8,3,0,0,0,0,0,,1/1/2024,2023
6361,SYNTHETIC SITE 00360,100360,,SYNTHETIC COMPANY 00360,1 Example Way,Nowhere,ZZ,00000,3115,2017,SYNTHETIC INDUSTRY,1,2,474,877274,1,0,0,2,0,0,8,2,0,0,0,0,0,,1/1/2024,2023
6362,SYNTHETIC SITE 00361,100361,,SYNTHETIC COMPANY 00361,1 Example Way,Nowhere,ZZ,00000,2361,2017,SYNTHETIC INDUSTRY,1,2,124,229124,1,0,0,1,2,0,4,3,0,0,0,0,0,,1/1/2024,2023
6363,SYNTHETIC SITE 00362,100362,,SYNTHETIC COMPANY 00362,1 Example Way,Nowhere,ZZ,00000,4841,2017,SYNTHETIC INDUSTRY,1,2,62,123911,1,0,1,0,0,7,0,1,0,0,0,0,0,,1/1/2024,2023
6364,SYNTHETIC SITE 00363,100363,,SYNTHETIC COMPANY 00363,1 Example Way,Nowhere,ZZ,00000,3115,2017,SYNTHETIC INDUSTRY,1,2,55,124402,1,0,10,4,5,70,16,19,0,0,0,0,0,,1/1/2024,2023
6365,SYNTHETIC SITE 00364,100364,,SYNTHETIC COMPANY 00364,1 Example Way,Nowhere,ZZ,00000,4841,2017,SYNTHETIC INDUSTRY,1,2,211,365951,1,0,4,3,4,28,12,11,0,0,0,0,0,,1/1/2024,2023
6366,SYNTHETIC SITE 00365,100365,,SYNTHETIC COMPANY 00365,1 Example Way,Nowhere,ZZ,00000,3115,2017,SYNTHETIC INDUSTRY,1,2,86,167488,1,0,0,2,0,0,8,2,0,0,0,0,0,,1/1/2024,2023
6367,SYNTHETIC SITE 00366,100366,,SYNTHETIC COMPANY 00366,1 Example Way,Nowhere,ZZ,00000,3328,2017,SYNTHETIC INDUSTRY,1,2,52,96531,2,0,0,0,0,0,0,0,0,0,0,0,0,,1/1/2024,2023
6368,SYNTHETIC SITE 00367,100367,,SYNTHETIC COMPANY 00367,1 Example Way,Nowhere,ZZ,00000,4841,2017,SYNTHETIC INDUSTRY,1,2,10,210870,2,0,0,0,0,0,0,0,0,0,0,0,0,,1/1/2024,2023
6369,SYNTHETIC SITE 00368,100368,,SYNTHETIC COMPANY 00368,1 Example Way,Nowhere,ZZ,00000,4841,2017,SYNTHETIC INDUSTRY,1,2,15,23486,1,0,1,0,0,7,0,1,0,0,0,0,0,,1/1/2024,2023
6370,SYNTHETIC SITE 00369,100369,,SYNTHETIC COMPANY 00369,1 Example Way,Nowhere,ZZ,00000,3328,2017,SYNTHETIC INDUSTRY,1,2,50,86093,2,0,0,0,0,0,0,0,0,0,0,0,0,,1/1/2024,2023
6371,SYNTHETIC SITE 00370,100370,,SYNTHETIC COMPANY 00370,1 Example Way,Nowhere,ZZ,00000,3115,2017,SYNTHETIC INDUSTRY,1,2,41,86203,1,0,0,0,1,0,0,1,0,0,0,0,0,,1/1/2024,2023
6372,SYNTHETIC SITE 00371,100371,,SYNTHETIC COMPANY 00371,1 Example Way,Nowhere,ZZ,00000,3328,2017,SYNTHETIC INDUSTRY,1,2,4,8935,2,0,0,0,0,0,0,0,0,0,0,0,0,,1/1/2024,2023
6373,SYNTHETIC SITE 00372,100372,,SYNTHETIC COMPANY 00372,1 Example Way,Nowhere,ZZ,00000,6221,2017,SYNTHETIC INDUSTRY,1,2,44,68157,2,0,0,0,0,0,0,0,0,0,0,0,0,,1/1/2024,2023
6374,SYNTHETIC SITE 00373,100373,,SYNTHETIC COMPANY 00373,1 Example Way,Nowhere,ZZ,00000,3251,2017,SYNTHETIC INDUSTRY,1,2,29,45332,1,0,0,0,1,0,0,1,0,0,0,0,0,,1/1/2024,2023
6375,SYNTHETIC SITE 00374,100374,,SYNTHETIC COMPANY 00374,1 Example Way,Nowhere,ZZ,00000,6221,2017,SYNTHETIC INDUSTRY,1,2,94,193587,1,0,1,2,6,7,8,9,0,0,0,0,0,,1/1/2024,2023
6376,SYNTHETIC SITE 00375,100375,,SYNTHETIC COMPANY 00375,1 Example Way,Nowhere,ZZ,00000,3252,2017,SYNTHETIC INDUSTRY,1,2,275,488672,2,0,0,0,0,0,0,0,0,0,0,0,0,,1/1/2024,2023
6377,SYNTHETIC SITE 00376,100376,,SYNTHETIC COMPANY 00376,1 Example Way,Nowhere,ZZ,00000,3115,2017,SYNTHETIC INDUSTRY,1,2,212,306357,2,0,0,0,0,0,0,0,0,0,0,0,0,,1/1/2024,2023
6378,SYNTHETIC SITE 00377,100377,,SYNTHETIC COMPANY 00377,1 Example Way,Nowhere,ZZ,00000,3251,2017,SYNTHETIC INDUSTRY,1,2,11,17719,2,0,0,0,0,0,0,0,0,0,0,0,0,,1/1/2024,2023
6379,SYNTHETIC SITE 00378,100378,,SYNTHETIC COMPANY 00378,1 Example Way,Nowhere,ZZ,00000,4841,2017,SYNTHETIC INDUSTRY,1,2,12,16711,2,0,0,0,0,0,0,0,0,0,0,0,0,,1/1/2024,2023
6380,SYNTHETIC SITE 00379,100379,,SYNTHETIC COMPANY 00379,1 Example Way,Nowhere,ZZ,00000,3328,2017,SYNTHETIC INDUSTRY,1,2,1033,2059911,1,0,7,4,7,49,16,18,0,0,0,0,0,,1/1/2024,2023
6381,SYNTHETIC SITE 00380,100380,,SYNTHETIC COMPANY 00380,1 Example Way,Nowhere,ZZ,00000,6221,2017,SYNTHETIC INDUSTRY,1,2,287,464437,1,0,6,3,3,42,12,12,0,0,0,0,0,,1/1/2024,2023
6382,SYNTHETIC SITE 00381,100381,,SYNTHETIC COMPANY 00381,1 Example Way,Nowhere,ZZ,00000,3252,2017,SYNTHETIC INDUSTRY,1,2,36,62378,2,0,0,0,0,0,0,0,0,0,0,0,0,,1/1/2024,2023
6383,SYNTHETIC SITE 00382,100382,,SYNTHETIC COMPANY 00382,1 Example Way,Nowhere,ZZ,00000,4451,2017,SYNTHETIC INDUSTRY,1,2,71,158162,1,0,2,0,3,14,0,5,0,0,0,0,0,,1/1/2024,2023
6384,SYNTHETIC SITE 00383,100383,,SYNTHETIC COMPANY 00383,1 Example Way,Nowhere,ZZ,00000,3115,2017,SYNTHETIC INDUSTRY,1,2,57,114075,1,0,7,2,6,49,8,15,0,0,0,0,0,,1/1/2024,2023
6385,SYNTHETIC SITE 00384,100384,,SYNTHETIC COMPANY 00384,1 Example Way,Nowhere,ZZ,00000,3251,2017,SYNTHETIC INDUSTRY,1,2,89,187903,1,0,2,0,0,14,0,2,0,0,0,0,0,,1/1/2024,2023
6386,SYNTHETIC SITE 00385,100385,,SYNTHETIC COMPANY 00385,1 Example Way,Nowhere,ZZ,00000,6221,2017,SYNTHETIC INDUSTRY,1,2,64,112946,2,0,0,0,0,0,0,0,0,0,0,0,0,,1/1/2024,2023
6387,SYNTHETIC SITE 00386,100386,,SYNTHETIC COMPANY 00386,1 Example Way,Nowhere,ZZ,00000,6221,2017,SYNTHETIC INDUSTRY,1,2,153,307678,1,0,7,4,3,49,16,14,0,0,0,0,0,,1/1/2024,2023
6388,SYNTHETIC SITE 00387,100387,,SYNTHETIC COMPANY 00387,1 Example Way,Nowhere,ZZ,00000,2361,2017,SYNTHETIC INDUSTRY,1,2,60,120922,1,0,0,1,0,0,4,1,0,0,0,0,0,,1/1/2024,2023
6389,SYNTHETIC SITE 00388,100388,,SYNTHETIC COMPANY 00388,1 Example Way,Nowhere,ZZ,00000,6221,2017,SYNTHETIC INDUSTRY,1,2,33,64167,2,0,0,0,0,0,0,0,0,0,0,0,0,,1/1/2024,2023
6390,SYNTHETIC SITE 00389,100389,,SYNTHETIC COMPANY 00389,1 Example Way,Nowhere,ZZ,00000,4451,2017,SYNTHETIC INDUSTRY,1,2,37,65638,1,0,2,2,2,14,8,6,0,0,0,0,0,,1/1/2024,2023
6391,SYNTHETIC SITE 00390,100390,,SYNTHETIC COMPANY 00390,1 Example Way,Nowhere,ZZ,00000,3251,2017,SYNTHETIC INDUSTRY,1,2,21,28852,2,0,0,0,0,0,0,0,0,0,0,0,0,,1/1/2024,2023
6392,SYNTHETIC SITE 00391,100391,,SYNTHETIC COMPANY 00391,1 Example Way,Nowhere,ZZ,00000,4841,2017,SYNTHETIC INDUSTRY,1,2,326,643768,1,0,2,2,1,14,8,5,0,0,0,0,0,,1/1/2024,2023
6393,SYNTHETIC SITE 00392,100392,,SYNTHETIC COMPANY 00392,1 Example Way,Nowhere,ZZ,00000,3115,2017,SYNTHETIC INDUSTRY,1,2,12,28879,2,0,0,0,0,0,0,0,0,0,0,0,0,,1/1/2024,2023
6394,SYNTHETIC SITE 00393,100393,,SYNTHETIC COMPANY 00393,1 Example Way,Nowhere,ZZ,00000,3252,2017,SYNTHETIC INDUSTRY,1,2,43,92159,1,0,2,0,1,14,0,3,0,0,0,0,0,,1/1/2024,2023
6395,SYNTHETIC SITE 00394,100394,,SYNTHETIC COMPANY 00394,1 Example Way,Nowhere,ZZ,00000,3252,2017,SYNTHETIC INDUSTRY,1,2,18,32760,2,0,0,0,0,0,0,0,0,0,0,0,0,,1/1/2024,2023
6396,SYNTHETIC SITE 00395,100395,,SYNTHETIC COMPANY 00395,1 Example Way,Nowhere,ZZ,00000,2361,2017,SYNTHETIC INDUSTRY,1,2,37,56909,2,0,0,0,0,0,0,0,0,0,0,0,0,,1/1/2024,2023
6397,SYNTHETIC SITE 00396,100396,,SYNTHETIC COMPANY 00396,1 Example Way,Nowhere,ZZ,00000,3251,2017,SYNTHETIC INDUSTRY,1,2,4,5834,2,0,0,0,0,0,0,0,0,0,0,0,0,,1/1/2024,2023
6398,SYNTHETIC SITE 00397,100397,,SYNTHETIC COMPANY 00397,1 Example Way,Nowhere,ZZ,00000,3252,2017,SYNTHETIC INDUSTRY,1,2,738,1398662,2,0,0,0,0,0,0,0,0,0,0,0,0,,1/1/2024,2023
6399,SYNTHETIC SITE 00398,100398,,SYNTHETIC COMPANY 00398,1 Example Way,Nowhere,ZZ,00000,3251,2017,SYNTHETIC INDUSTRY,1,2,55,114028,2,0,0,0,0,0,0,0,0,0,0,0,0,,1/1/2024,2023
6400,SYNTHETIC SITE 00399,100399,,SYNTHETIC COMPANY 00399,1 Example Way,Nowhere,ZZ,00000,3251,2017,SYNTHETIC INDUSTRY,1,2,20,33137,2,0,0,0,0,0,0,0,0,0,0,0,0,,1/1/2024,2023
6401,SYNTHETIC SITE 00400,100400,,SYNTHETIC COMPANY 00400,1 Example Way,Nowhere,ZZ,00000,3115,2017,SYNTHETIC INDUSTRY,1,2,50,66620,2,0,0,0,0,0,0,0,0,0,0,0,0,,1/1/2024,2023
6402,SYNTHETIC SITE 00401,100401,,SYNTHETIC COMPANY 00401,1 Example Way,Nowhere,ZZ,00000,3251,2017,SYNTHETIC INDUSTRY,1,2,43,85399,2,0,0,0,0,0,0,0,0,0,0,0,0,,1/1/2024,2023
6403,SYNTHETIC SITE 00402,100402,,SYNTHETIC COMPANY 00402,1 Example Way,Nowhere,ZZ,00000,3251,2017,SYNTHETIC INDUSTRY,1,2,342,580745,2,0,0,0,0,0,0,0,0,0,0,0,0,,1/1/2024,2023
6404,SYNTHETIC SITE 00403,100403,,SYNTHETIC COMPANY 00403,1 Example Way,Nowhere,ZZ,00000,3251,2017,SYNTHETIC INDUSTRY,1,2,23,43653,2,0,0,0,0,0,0,0,0,0,0,0,0,,1/1/2024,2023
6405,SYNTHETIC SITE 00404,100404,,SYNTHETIC COMPANY 00404,1 Example Way,Nowhere,ZZ,00000,3252,2017,SYNTHETIC INDUSTRY,1,2,260,588393,1,0,2,0,4,14,0,6,0,0,0,0,0,,1/1/2024,2023
6406,SYNTHETIC SITE 00405,100405,,SYNTHETIC COMPANY 00405,1 Example Way,Nowhere,ZZ,00000,2361,2017,SYNTHETIC INDUSTRY,1,2,223,510236,1,0,2,2,3,14,8,7,0,0,0,0,0,,1/1/2024,2023
6407,SYNTHETIC SITE 00406,100406,,SYNTHETIC COMPANY 00406,1 Example Way,Nowhere,ZZ,00000,2361,2017,SYNTHETIC INDUSTRY,1,2,69,127761,2,0,0,0,0,0,0,0,0,0,0,0,0,,1/1/2024,2023
6408,SYNTHETIC SITE 00407,100407,,SYNTHETIC COMPANY 00407,1 Example Way,Nowhere,ZZ,00000,2361,2017,SYNTHETIC INDUSTRY,1,2,472,1028766,1,0,5,2,6,35,8,13,0,0,0,0,0,,1/1/2024,2023
6409,SYNTHETIC SITE 00408,100408,,SYNTHETIC COMPANY 00408,1 Example Way,Nowhere,ZZ,00000,3328,2017,SYNTHETIC INDUSTRY,1,2,151,285535,2,0,0,0,0,0,0,0,0,0,0,0,0,,1/1/2024,2023
6410,SYNTHETIC SITE 00409,100409,,SYNTHETIC COMPANY 00409,1 Example Way,Nowhere,ZZ,00000,2361,2017,SYNTHETIC INDUSTRY,1,2,20,41637,2,0,0,0,0,0,0,0,0,0,0,0,0,,1/1/2024,2023
6411,SYNTHETIC SITE 00410,100410,,SYNTHETIC COMPANY 00410,1 Example Way,Nowhere,ZZ,00000,6221,2017,SYNTHETIC INDUSTRY,1,2,82,128776,1,0,0,2,1,0,8,3,0,0,0,0,0,,1/1/2024,2023
6412,SYNTHETIC SITE 00411,100411,,SYNTHETIC COMPANY 00411,1 Example Way,Nowhere,ZZ,00000,4451,2017,SYNTHETIC INDUSTRY,1,2,191,340716,1,0,2,1,1,14,4,4,0,0,0,0,0,,1/1/2024,2023
6413,SYNTHETIC SITE 00412,100412,,SYNTHETIC COMPANY 00412,1 Example Way,Nowhere,ZZ,00000,3252,2017,SYNTHETIC INDUSTRY,1,2,17,25031000,2,0,0,0,0,0,0,0,0,0,0,0,0,,1/1/2024,2023
6414,SYNTHETIC SITE 00413,100413,,SYNTHETIC COMPANY 00413,1 Example Way,Nowhere,ZZ,00000,4451,2017,SYNTHETIC INDUSTRY,1,2,520,930112,2,0,0,0,0,0,0,0,0,0,0,0,0,,1/1/2024,2023
6415,SYNTHETIC SITE 00414,100414,,SYNTHETIC COMPANY 00414,1 Example Way,Nowhere,ZZ,00000,6221,2017,SYNTHETIC INDUSTRY,1,2,44,88020,1,0,0,0,1,0,0,1,0,0,0,0,0,,1/1/2024,2023
6416,SYNTHETIC SITE 00415,100415,,SYNTHETIC COMPANY 00415,1 Example Way,Nowhere,ZZ,00000,3252,2017,SYNTHETIC INDUSTRY,1,2,23,48871,1,0,1,0,2,7,0,3,0,0,0,0,0,,1/1/2024,2023
6417,SYNTHETIC SITE 00416,100416,,SYNTHETIC COMPANY 00416,1 Example Way,Nowhere,ZZ,00000,4451,2017,SYNTHETIC INDUSTRY,1,2,75,140770,2,0,0,0,0,0,0,0,0,0,0,0,0,,1/1/2024,2023
6418,SYNTHETIC SITE 00417,100417,,SYNTHETIC COMPANY 00417,1 Example Way,Nowhere,ZZ,00000,4841,2017,SYNTHETIC INDUSTRY,1,2,33,53877,2,0,0,0,0,0,0,0,0,0,0,0,0,,1/1/2024,2023
6419,SYNTHETIC SITE 00418,100418,,SYNTHETIC COMPANY 00418,1 Example Way,Nowhere,ZZ,00000,4841,2017,SYNTHETIC INDUSTRY,1,2,5,9196,2,0,0,0,0,0,0,0,0,0,0,0,0,,1/1/2024,2023
6420,SYNTHETIC SITE 00419,100419,,SYNTHETIC COMPANY 00419,1 Example Way,Nowhere,ZZ,00000,3115,2017,SYNTHETIC INDUSTRY,1,2,76,162877,1,0,1,1,1,7,4,3,0,0,0,0,0,,1/1/2024,2023
6421,SYNTHETIC SITE 00420,100420,,SYNTHETIC COMPANY 00420,1 Example Way,Nowhere,ZZ,00000,3328,2017,SYNTHETIC INDUSTRY,1,2,68,104327,2,0,0,0,0,0,0,0,0,0,0,0,0,,1/1/2024,2023
6422,SYNTHETIC SITE 00421,100421,,SYNTHETIC COMPANY 00421,1 Example Way,Nowhere,ZZ,00000,3252,2017,SYNTHETIC INDUSTRY,1,2,256,468215,2,0,0,0,0,0,0,0,0,0,0,0,0,,1/1/2024,2023
6423,SYNTHETIC SITE 00422,100422,,SYNTHETIC COMPANY 00422,1 Example Way,Nowhere,ZZ,00000,6221,2017,SYNTHETIC INDUSTRY,1,2,241,478688,1,0,6,5,18,42,20,29,0,0,0,0,0,,1/1/2024,2023
6424,SYNTHETIC SITE 00423,100423,,SYNTHETIC COMPANY 00423,1 Example Way,Nowhere,ZZ,00000,4451,2017,SYNTHETIC INDUSTRY,1,2,12,19635,2,0,0,0,0,0,0,0,0,0,0,0,0,,1/1/2024,2023
6425,SYNTHETIC SITE 00424,100424,,SYNTHETIC COMPANY 00424,1 Example Way,Nowhere,ZZ,00000,3251,2017,SYNTHETIC INDUSTRY,1,2,16,29527,1,0,0,0,1,0,0,1,0,0,0,0,0,,1/1/2024,2023
6426,SYNTHETIC SITE 00425,100425,,SYNTHETIC COMPANY 00425,1 Example Way,Nowhere,ZZ,00000,6221,2017,SYNTHETIC INDUSTRY,1,2,10,20847,2,0,0,0,0,0,0,0,0,0,0,0,0,,1/1/2024,2023
6427,SYNTHETIC SITE 00426,100426,,SYNTHETIC COMPANY 00426,1 Example Way,Nowhere,ZZ,00000,3252,2017,SYNTHETIC INDUSTRY,1,2,5,9063,2,0,0,0,0,0,0,0,0,0,0,0,0,,1/1/2024,2023
6428,SYNTHETIC SITE 00427,100427,,SYNTHETIC COMPANY 00427,1 Example Way,Nowhere,ZZ,00000,4841,2017,SYNTHETIC INDUSTRY,1,2,30,53244,2,0,0,0,0,0,0,0,0,0,0,0,0,,1/1/2024,2023
6429,SYNTHETIC SITE 00428,100428,,SYNTHETIC COMPANY 00428,1 Example Way,Nowhere,ZZ,00000,3251,2017,SYNTHETIC INDUSTRY,1,2,8,17099,1,0,0,1,0,0,4,1,0,0,0,0,0,,1/1/2024,2023
6430,SYNTHETIC SITE 00429,100429,,SYNTHETIC COMPANY 00429,1 Example Way,Nowhere,ZZ,00000,4841,2017,SYNTHETIC INDUSTRY,1,2,30,53853,1,0,0,0,1,0,0,1,0,0,0,0,0,,1/1/2024,2023
6431,SYNTHETIC SITE 00430,100430,,SYNTHETIC COMPANY 00430,1 Example Way,Nowhere,ZZ,00000,3252,2017,SYNTHETIC INDUSTRY,1,2,9,14253,2,0,0,0,0,0,0,0,0,0,0,0,0,,1/1/2024,2023
6432,SYNTHETIC SITE 00431,100431,,SYNTHETIC COMPANY 00431,1 Example Way,Nowhere,ZZ,00000,2361,2017,SYNTHETIC INDUSTRY,1,2,283,536176,2,0,0,0,0,0,0,0,0,0,0,0,0,,1/1/2024,2023
6433,SYNTHETIC SITE 00432,100432,,SYNTHETIC COMPANY 00432,1 Example Way,Nowhere,ZZ,00000,4841,2017,SYNTHETIC INDUSTRY,1,2,120,230522,1,0,2,6,10,14,24,18,0,0,0,0,0,,1/1/2024,2023
6434,SYNTHETIC SITE 00433,100433,,SYNTHETIC COMPANY 00433,1 Example Way,Nowhere,ZZ,00000,3115,2017,SYNTHETIC INDUSTRY,1,2,162,262304,2,0,0,0,0,0,0,0,0,0,0,0,0,,1/1/2024,2023
6435,SYNTHETIC SITE 00434,100434,,SYNTHETIC COMPANY 00434,1 Example Way,Nowhere,ZZ,00000,6221,2017,SYNTHETIC INDUSTRY,1,2,27,42417,2,0,0,0,0,0,0,0,0,0,0,0,0,,1/1/2024,2023
6436,SYNTHETIC SITE 00435,100435,,SYNTHETIC COMPANY 00435,1 Example Way,Nowhere,ZZ,00000,2361,2017,SYNTHETIC INDUSTRY,1,2,78,169797,2,0,0,0,0,0,0,0,0,0,0,0,0,,1/1/2024,2023
6437,SYNTHETIC SITE 00436,100436,,SYNTHETIC COMPANY 00436,1 Example Way,Nowhere,ZZ,00000,4841,2017,SYNTHETIC INDUSTRY,1,2,46,94929,2,0,0,0,0,0,0,0,0,0,0,0,0,,1/1/2024,2023
6438,SYNTHETIC SITE 00437,100437,,SYNTHETIC COMPANY 00437,1 Example Way,Nowhere,ZZ,00000,3252,2017,SYNTHETIC INDUSTRY,1,2,243,464908,2,0,0,0,0,0,0,0,0,0,0,0,0,,1/1/2024,2023
6439,SYNTHETIC SITE 00438,100438,,SYNTHETIC COMPANY 00438,1 Example Way,Nowhere,ZZ,00000,2361,2017,SYNTHETIC INDUSTRY,1,2,718,1487340,1,0,10,9,9,70,36,28,0,0,0,0,0,,1/1/2024,2023
6440,SYNTHETIC SITE 00439,100439,,SYNTHETIC COMPANY 00439,1 Example Way,Nowhere,ZZ,00000,3115,2017,SYNTHETIC INDUSTRY,1,2,24,47388,2,0,0,0,0,0,0,0,0,0,0,0,0,,1/1/2024,2023
6441,SYNTHETIC SITE 00440,100440,,SYNTHETIC COMPANY 00440,1 Example Way,Nowhere,ZZ,00000,3251,2017,SYNTHETIC INDUSTRY,1,2,139,256352,1,0,0,1,1,0,4,2,0,0,0,0,0,,1/1/2024,2023
6442,SYNTHETIC SITE 00441,100441,,SYNTHETIC COMPANY 00441,1 Example Way,Nowhere,ZZ,00000,3252,2017,SYNTHETIC INDUSTRY,1,2,252,483529,2,0,0,0,0,0,0,0,0,0,0,0,0,,1/1/2024,2023
6443,SYNTHETIC SITE 00442,100442,,SYNTHETIC COMPANY 00442,1 Example Way,Nowhere,ZZ,00000,3251,2017,SYNTHETIC INDUSTRY,1,2,76,132103,2,0,0,0,0,0,0,0,0,0,0,0,0,,1/1/2024,2023
6444,SYNTHETIC SITE 00443,100443,,SYNTHETIC COMPANY 00443,1 Example Way,Nowhere,ZZ,00000,2361,2017,SYNTHETIC INDUSTRY,1,2,23,33679,2,0,0,0,0,0,0,0,0,0,0,0,0,,1/1/2024,2023
6445,SYNTHETIC SITE 00444,100444,,SYNTHETIC COMPANY 00444,1 Example Way,Nowhere,ZZ,00000,2361,2017,SYNTHETIC INDUSTRY,1,2,205,337660,2,0,0,0,0,0,0,0,0,0,0,0,0,,1/1/2024,2023
6446,SYNTHETIC SITE 00445,100445,,SYNTHETIC COMPANY 00445,1 Example Way,Nowhere,ZZ,00000,2361,2017,SYNTHETIC INDUSTRY,1,2,25,52634,1,0,0,1,0,0,4,1,0,0,0,0,0,,1/1/2024,2023
6447,SYNTHETIC SITE 00446,100446,,SYNTHETIC COMPANY 00446,1 Example Way,Nowhere,ZZ,00000,6221,2017,SYNTHETIC INDUSTRY,1,2,2,3675,2,0,0,0,0,0,0,0,0,0,0,0,0,,1/1/2024,2023
6448,SYNTHETIC SITE 00447,100447,,SYNTHETIC COMPANY 00447,1 Example Way,Nowhere,ZZ,00000,4451,2017,SYNTHETIC INDUSTRY,1,2,19,34607,2,0,0,0,0,0,0,0,0,0,0,0,0,,1/1/2024,2023
6449,SYNTHETIC SITE 00448,100448,,SYNTHETIC COMPANY 00448,1 Example Way,Nowhere,ZZ,00000,6221,2017,SYNTHETIC INDUSTRY,1,2,36,60725,1,0,1,0,0,7,0,1,0,0,0,0,0,,1/1/2024,2023
6450,SYNTHETIC SITE 00449,100449,,SYNTHETIC COMPANY 00449,1 Example Way,Nowhere,ZZ,00000,4841,2017,SYNTHETIC INDUSTRY,1,2,619,1083928,1,0,6,6,7,42,24,19,0,0,0,0,0,,1/1/2024,2023
6451,SYNTHETIC SITE 00450,100450,,SYNTHETIC COMPANY 00450,1 Example Way,Nowhere,ZZ,00000,4451,2017,SYNTHETIC INDUSTRY,1,2,138,270647,1,0,0,0,1,0,0,1,0,0,0,0,0,,1/1/2024,2023
6452,SYNTHETIC SITE 00451,100451,,SYNTHETIC COMPANY 00451,1 Example Way,Nowhere,ZZ,00000,2361,2017,SYNTHETIC INDUSTRY,1,2,36,60716,2,0,0,0,0,0,0,0,0,0,0,0,0,,1/1/2024,2023
6453,SYNTHETIC SITE 00452,100452,,SYNTHETIC COMPANY 00452,1 Example Way,Nowhere,ZZ,00000,2361,2017,SYNTHETIC INDUSTRY,1,2,65,126731,2,0,0,0,0,0,0,0,0,0,0,0,0,,1/1/2024,2023
6454,SYNTHETIC SITE 00453,100453,,SYNTHETIC COMPANY 00453,1 Example Way,Nowhere,ZZ,00000,3252,2017,SYNTHETIC INDUSTRY,1,2,20,26800,2,0,0,0,0,0,0,0,0,0,0,0,0,,1/1/2024,2023
6455,SYNTHETIC SITE 00454,100454,,SYNTHETIC COMPANY 00454,1 Example Way,Nowhere,ZZ,00000,2361,2017,SYNTHETIC INDUSTRY,1,2,90,149371,2,0,0,0,0,0,0,0,0,0,0,0,0,,1/1/2024,2023
6456,SYNTHETIC SITE 00455,100455,,SYNTHETIC COMPANY 00455,1 Example Way,Nowhere,ZZ,00000,3328,2017,SYNTHETIC INDUSTRY,1,2,145,277848,2,0,0,0,0,0,0,0,0,0,0,0,0,,1/1/2024,2023
6457,SYNTHETIC SITE 00456,100456,,SYNTHETIC COMPANY 00456,1 Example Way,Nowhere,ZZ,00000,3115,2017,SYNTHETIC INDUSTRY,1,2,152,314274,2,0,0,0,0,0,0,0,0,0,0,0,0,,1/1/2024,2023
6458,SYNTHETIC SITE 00457,100457,,SYNTHETIC COMPANY 00457,1 Example Way,Nowhere,ZZ,00000,4841,2017,SYNTHETIC INDUSTRY,1,2,300,518144,2,0,0,0,0,0,0,0,0,0,0,0,0,,1/1/2024,2023
6459,SYNTHETIC SITE 00458,100458,,SYNTHETIC COMPANY 00458,1 Example Way,Nowhere,ZZ,00000,3115,2017,SYNTHETIC INDUSTRY,1,2,125,220628,1,0,0,2,1,0,8,3,0,0,0,0,0,,1/1/2024,2023
6460,SYNTHETIC SITE 00459,100459,,SYNTHETIC COMPANY 00459,1 Example Way,Nowhere,ZZ,00000,3328,2017,SYNTHETIC INDUSTRY,1,2,394,854257,1,0,1,2,3,7,8,6,0,0,0,0,0,,1/1/2024,2023
6461,SYNTHETIC SITE 00460,100460,,SYNTHETIC COMPANY 00460,1 Example Way,Nowhere,ZZ,00000,3252,2017,SYNTHETIC INDUSTRY,1,2,129,253673,1,0,4,0,6,28,0,10,0,0,0,0,0,,1/1/2024,2023
6462,SYNTHETIC SITE 00461,100461,,SYNTHETIC COMPANY 00461,1 Example Way,Nowhere,ZZ,00000,4451,2017,SYNTHETIC INDUSTRY,1,2,62,77861,2,0,0,0,0,0,0,0,0,0,0,0,0,,1/1/2024,2023
6463,SYNTHETIC SITE 00462,100462,,SYNTHETIC COMPANY 00462,1 Example Way,Nowhere,ZZ,00000,3251,2017,SYNTHETIC INDUSTRY,1,2,18,35686,2,0,0,0,0,0,0,0,0,0,0,0,0,,1/1/2024,2023
6464,SYNTHETIC SITE 00463,100463,,SYNTHETIC COMPANY 00463,1 Example Way,Nowhere,ZZ,00000,6221,2017,SYNTHETIC INDUSTRY,1,2,35,57473,1,0,1,1,2,7,4,4,0,0,0,0,0,,1/1/2024,2023
6465,SYNTHETIC SITE 00464,100464,,SYNTHETIC COMPANY 00464,1 Example Way,Nowhere,ZZ,00000,3252,2017,SYNTHETIC INDUSTRY,1,2,10,17288,2,0,0,0,0,0,0,0,0,0,0,0,0,,1/1/2024,2023
6466,SYNTHETIC SITE 00465,100465,,SYNTHETIC COMPANY 00465,1 Example Way,Nowhere,ZZ,00000,3115,2017,SYNTHETIC INDUSTRY,1,2,50,102196,2,0,0,0,0,0,0,0,0,0,0,0,0,,1/1/2024,2023
6467,SYNTHETIC SITE 00466,100466,,SYNTHETIC COMPANY 00466,1 Example Way,Nowhere,ZZ,00000,3252,2017,SYNTHETIC INDUSTRY,1,2,270,508907,1,0,3,1,1,21,4,5,0,0,0,0,0,,1/1/2024,2023
6468,SYNTHETIC SITE 00467,100467,,SYNTHETIC COMPANY 00467,1 Example Way,Nowhere,ZZ,00000,3328,2017,SYNTHETIC INDUSTRY,1,2,66,141583,1,0,3,0,1,21,0,4,0,0,0,0,0,,1/1/2024,2023
6469,SYNTHETIC SITE 00468,100468,,SYNTHETIC COMPANY 00468,1 Example Way,Nowhere,ZZ,00000,6221,2017,SYNTHETIC INDUSTRY,1,2,16,30550,2,0,0,0,0,0,0,0,0,0,0,0,0,,1/1/2024,2023
6470,SYNTHETIC SITE 00469,100469,,SYNTHETIC COMPANY 00469,1 Example Way,Nowhere,ZZ,00000,4841,2017,SYNTHETIC INDUSTRY,1,2,31,43327,1,0,1,0,0,7,0,1,0,0,0,0,0,,1/1/2024,2023
6471,SYNTHETIC SITE 00470,100470,,SYNTHETIC COMPANY 00470,1 Example Way,Nowhere,ZZ,00000,3252,2017,SYNTHETIC INDUSTRY,1,2,60,117335,1,0,0,0,1,0,0,1,0,0,0,0,0,,1/1/2024,2023
6472,SYNTHETIC SITE 00471,100471,,SYNTHETIC COMPANY 00471,1 Example Way,Nowhere,ZZ,00000,4451,2017,SYNTHETIC INDUSTRY,1,2,12,15590,2,0,0,0,0,0,0,0,0,0,0,0,0,,1/1/2024,2023
6473,SYNTHETIC SITE 00472,100472,,SYNTHETIC COMPANY 00472,1 Example Way,Nowhere,ZZ,00000,2361,2017,SYNTHETIC INDUSTRY,1,2,56,104774,2,0,0,0,0,0,0,0,0,0,0,0,0,,1/1/2024,2023
6474,SYNTHETIC SITE 00473,100473,,SYNTHETIC COMPANY 00473,1 Example Way,Nowhere,ZZ,00000,6221,2017,SYNTHETIC INDUSTRY,1,2,11,23232,2,0,0,0,0,0,0,0,0,0,0,0,0,,1/1/2024,2023
6475,SYNTHETIC SITE 00474,100474,,SYNTHETIC COMPANY 00474,1 Example Way,Nowhere,ZZ,00000,3115,2017,SYNTHETIC INDUSTRY,1,2,52,101095,1,0,1,1,0,7,4,2,0,0,0,0,0,,1/1/2024,2023
6476,SYNTHETIC SITE 00475,100475,,SYNTHETIC COMPANY 00475,1 Example Way,Nowhere,ZZ,00000,3328,2017,SYNTHETIC INDUSTRY,1,2,119,249996,1,0,0,0,1,0,0,1,0,0,0,0,0,,1/1/2024,2023
6477,SYNTHETIC SITE 00476,100476,,SYNTHETIC COMPANY 00476,1 Example Way,Nowhere,ZZ,00000,4841,2017,SYNTHETIC INDUSTRY,1,2,38,76698,2,0,0,0,0,0,0,0,0,0,0,0,0,,1/1/2024,2023
6478,SYNTHETIC SITE 00477,100477,,SYNTHETIC COMPANY 00477,1 Example Way,Nowhere,ZZ,00000,4841,2017,SYNTHETIC INDUSTRY,1,2,16,35357,2,0,0,0,0,0,0,0,0,0,0,0,0,,1/1/2024,2023
6479,SYNTHETIC SITE 00478,100478,,SYNTHETIC COMPANY 00478,1 Example Way,Nowhere,ZZ,00000,3328,2017,SYNTHETIC INDUSTRY,1,2,45,71495,1,0,2,0,1,14,0,3,0,0,0,0,0,,1/1/2024,2023
6480,SYNTHETIC SITE 00479,100479,,SYNTHETIC COMPANY 00479,1 Example Way,Nowhere,ZZ,00000,3252,2017,SYNTHETIC INDUSTRY,1,2,16,25192,2,0,0,0,0,0,0,0,0,0,0,0,0,,1/1/2024,2023
6481,SYNTHETIC SITE 00480,100480,,SYNTHETIC COMPANY 00480,1 Example Way,Nowhere,ZZ,00000,3252,2017,SYNTHETIC INDUSTRY,1,2,72,139189,1,0,0,0,2,0,0,2,0,0,0,0,0,,1/1/2024,2023
6482,SYNTHETIC SITE 00481,100481,,SYNTHETIC COMPANY 00481,1 Example Way,Nowhere,ZZ,00000,2361,2017,SYNTHETIC INDUSTRY,1,2,20,34920,1,0,0,1,1,0,4,2,0,0,0,0,0,,1/1/2024,2023
6483,SYNTHETIC SITE 00482,100482,,SYNTHETIC COMPANY 00482,1 Example Way,Nowhere,ZZ,00000,3251,2017,SYNTHETIC INDUSTRY,1,2,238,523745,1,0,2,0,0,14,0,2,0,0,0,0,0,,1/1/2024,2023
6484,SYNTHETIC SITE 00483,100483,,SYNTHETIC COMPANY 00483,1 Example Way,Nowhere,ZZ,00000,3115,2017,SYNTHETIC INDUSTRY,1,2,64,108256,2,0,0,0,0,0,0,0,0,0,0,0,0,,1/1/2024,2023
6485,SYNTHETIC SITE 00484,100484,,SYNTHETIC COMPANY 00484,1 Example Way,Nowhere,ZZ,00000,3252,2017,SYNTHETIC INDUSTRY,1,2,56,96758,1,0,3,1,3,21,4,7,0,0,0,0,0,,1/1/2024,2023
6486,SYNTHETIC SITE 00485,100485,,SYNTHETIC COMPANY 00485,1 Example Way,Nowhere,ZZ,00000,3115,2017,SYNTHETIC INDUSTRY,1,2,1292,2593190,1,0,41,21,29,287,84,91,0,0,0,0,0,,1/1/2024,2023
6487,SYNTHETIC SITE 00486,100486,,SYNTHETIC COMPANY 00486,1 Example Way,Nowhere,ZZ,00000,6221,2017,SYNTHETIC INDUSTRY,1,2,178,330061,1,0,3,1,1,21,4,5,0,0,0,0,0,,1/1/2024,2023
6488,SYNTHETIC SITE 00487,100487,,SYNTHETIC COMPANY 00487,1 Example Way,Nowhere,ZZ,00000,3252,2017,SYNTHETIC INDUSTRY,1,2,34,70620,1,0,1,0,0,7,0,1,0,0,0,0,0,,1/1/2024,2023
6489,SYNTHETIC SITE 00488,100488,,SYNTHETIC COMPANY 00488,1 Example Way,Nowhere,ZZ,00000,4451,2017,SYNTHETIC INDUSTRY,1,2,300,501322,2,0,0,0,0,0,0,0,0,0,0,0,0,,1/1/2024,2023
6490,SYNTHETIC SITE 00489,100489,,SYNTHETIC COMPANY 00489,1 Example Way,Nowhere,ZZ,00000,4841,2017,SYNTHETIC INDUSTRY,1,2,73,134831,2,0,0,0,0,0,0,0,0,0,0,0,0,,1/1/2024,2023
6491,SYNTHETIC SITE 00490,100490,,SYNTHETIC COMPANY 00490,1 Example Way,Nowhere,ZZ,00000,4451,2017,SYNTHETIC INDUSTRY,1,2,102,172807,1,0,1,1,1,7,4,3,0,0,0,0,0,,1/1/2024,2023
6492,SYNTHETIC SITE 00491,100491,,SYNTHETIC COMPANY 00491,1 Example Way,Nowhere,ZZ,00000,3251,2017,SYNTHETIC INDUSTRY,1,2,50,83266,1,0,0,0,1,0,0,1,0,0,0,0,0,,1/1/2024,2023
6493,SYNTHETIC SITE 00492,100492,,SYNTHETIC COMPANY 00492,1 Example Way,Nowhere,ZZ,00000,4841,2017,SYNTHETIC INDUSTRY,1,2,15,20062,2,0,0,0,0,0,0,0,0,0,0,0,0,,1/1/2024,2023
6494,SYNTHETIC SITE 00493,100493,,SYNTHETIC COMPANY 00493,1 Example Way,Nowhere,ZZ,00000,3115,2017,SYNTHETIC INDUSTRY,1,2,41,76479,2,0,0,0,0,0,0,0,0,0,0,0,0,,1/1/2024,2023
6495,SYNTHETIC SITE 00494,100494,,SYNTHETIC COMPANY 00494,1 Example Way,Nowhere,ZZ,00000,3251,2017,SYNTHETIC INDUSTRY,1,2,158,286496,1,0,2,1,7,14,4,10,0,0,0,0,0,,1/1/2024,2023
6496,SYNTHETIC SITE 00495,100495,,SYNTHETIC COMPANY 00495,1 Example Way,Nowhere,ZZ,00000,3328,2017,SYNTHETIC INDUSTRY,1,2,45,93697,1,0,0,2,1,0,8,3,0,0,0,0,0,,1/1/2024,2023
6497,SYNTHETIC SITE 00496,100496,,SYNTHETIC COMPANY 00496,1 Example Way,Nowhere,ZZ,00000,6221,2017,SYNTHETIC INDUSTRY,1,2,34,49678,2,0,0,0,0,0,0,0,0,0,0,0,0,,1/1/2024,2023
6498,SYNTHETIC SITE 00497,100497,,SYNTHETIC COMPANY 00497,1 Example Way,Nowhere,ZZ,00000,4841,2017,SYNTHETIC INDUSTRY,1,2,16,36540,2,0,0,0,0,0,0,0,0,0,0,0,0,,1/1/2024,2023
6499,SYNTHETIC SITE 00498,100498,,SYNTHETIC COMPANY 00498,1 Example Way,Nowhere,ZZ,00000,3328,2017,SYNTHETIC INDUSTRY,1,2,29,54345,1,0,0,0,1,0,0,1,0,0,0,0,0,,1/1/2024,2023
6500,SYNTHETIC SITE 00499,100499,,SYNTHETIC COMPANY 00499,1 Example Way,Nowhere,ZZ,00000,2361,2017,SYNTHETIC INDUSTRY,1,2,52,101527,2,0,0,0,0,0,0,0,0,0,0,0,0,,1/1/2024,2023
6501,SYNTHETIC SITE 00500,100500,,SYNTHETIC COMPANY 00500,1 Example Way,Nowhere,ZZ,00000,6221,2017,SYNTHETIC INDUSTRY,1,2,50,90907,2,0,0,0,0,0,0,0,0,0,0,0,0,,1/1/2024,2023
6502,SYNTHETIC SITE 00501,100501,,SYNTHETIC COMPANY 00501,1 Example Way,Nowhere,ZZ,00000,3252,2017,SYNTHETIC INDUSTRY,1,2,79,155394,1,0,1,0,0,7,0,1,0,0,0,0,0,,1/1/2024,2023
6503,SYNTHETIC SITE 00502,100502,,SYNTHETIC COMPANY 00502,1 Example Way,Nowhere,ZZ,00000,4451,2017,SYNTHETIC INDUSTRY,1,2,12,20900,1,0,0,0,1,0,0,1,0,0,0,0,0,,1/1/2024,2023
6504,SYNTHETIC SITE 00503,100503,,SYNTHETIC COMPANY 00503,1 Example Way,Nowhere,ZZ,00000,3115,2017,SYNTHETIC INDUSTRY,1,2,25,42040,1,0,1,0,1,7,0,2,0,0,0,0,0,,1/1/2024,2023
6505,SYNTHETIC SITE 00504,100504,,SYNTHETIC COMPANY 00504,1 Example Way,Nowhere,ZZ,00000,3115,2017,SYNTHETIC INDUSTRY,1,2,14,20714,2,0,0,0,0,0,0,0,0,0,0,0,0,,1/1/2024,2023
6506,SYNTHETIC SITE 00505,100505,,SYNTHETIC COMPANY 00505,1 Example Way,Nowhere,ZZ,00000,3115,2017,SYNTHETIC INDUSTRY,1,2,31,65460,1,0,1,0,0,7,0,1,0,0,0,0,0,,1/1/2024,2023
6507,SYNTHETIC SITE 00506,100506,,SYNTHETIC COMPANY 00506,1 Example Way,Nowhere,ZZ,00000,3328,2017,SYNTHETIC INDUSTRY,1,2,12,19157,2,0,0,0,0,0,0,0,0,0,0,0,0,,1/1/2024,2023
6508,SYNTHETIC SITE 00507,100507,,SYNTHETIC COMPANY 00507,1 Example Way,Nowhere,ZZ,00000,3328,2017,SYNTHETIC INDUSTRY,1,2,99,195009,1,0,3,0,7,21,0,10,0,0,0,0,0,,1/1/2024,2023
6509,SYNTHETIC SITE 00508,100508,,SYNTHETIC COMPANY 00508,1 Example Way,Nowhere,ZZ,00000,3115,2017,SYNTHETIC INDUSTRY,1,2,14,26027,2,0,0,0,0,0,0,0,0,0,0,0,0,,1/1/2024,2023
6510,SYNTHETIC SITE 00509,100509,,SYNTHETIC COMPANY 00509,1 Example Way,Nowhere,ZZ,00000,3251,2017,SYNTHETIC INDUSTRY,1,2,32,60237,2,0,0,0,0,0,0,0,0,0,0,0,0,,1/1/2024,2023
6511,SYNTHETIC SITE 00510,100510,,SYNTHETIC COMPANY 00510,1 Example Way,Nowhere,ZZ,00000,3252,2017,SYNTHETIC INDUSTRY,1,2,80,157700,1,0,0,0,2,0,0,2,0,0,0,0,0,,1/1/2024,2023
6512,SYNTHETIC SITE 00511,100511,,SYNTHETIC COMPANY 00511,1 Example Way,Nowhere,ZZ,00000,3252,2017,SYNTHETIC INDUSTRY,1,2,24,39130,2,0,0,0,0,0,0,0,0,0,0,0,0,,1/1/2024,2023
6513,SYNTHETIC SITE 00512,100512,,SYNTHETIC COMPANY 00512,1 Example Way,Nowhere,ZZ,00000,4841,2017,SYNTHETIC INDUSTRY,1,2,206,362263,1,0,1,0,4,7,0,5,0,0,0,0,0,,1/1/2024,2023
6514,SYNTHETIC SITE 00513,100513,,SYNTHETIC COMPANY 00513,1 Example Way,Nowhere,ZZ,00000,6221,2017,SYNTHETIC INDUSTRY,1,2,106,205796,1,0,1,2,3,7,8,6,0,0,0,0,0,,1/1/2024,2023
6515,SYNTHETIC SITE 00514,100514,,SYNTHETIC COMPANY 00514,1 Example Way,Nowhere,ZZ,00000,3328,2017,SYNTHETIC INDUSTRY,1,2,67,151840,1,0,1,1,0,7,4,2,0,0,0,0,0,,1/1/2024,2023
6516,SYNTHETIC SITE 00515,100515,,SYNTHETIC COMPANY 00515,1 Example Way,Nowhere,ZZ,00000,4451,2017,SYNTHETIC INDUSTRY,1,2,21,43179,2,0,0,0,0,0,0,0,0,0,0,0,0,,1/1/2024,2023
6517,SYNTHETIC SITE 00516,100516,,SYNTHETIC COMPANY 00516,1 Example Way,Nowhere,ZZ,00000,3252,2017,SYNTHETIC INDUSTRY,1,2,576,1140574,2,0,0,0,0,0,0,0,0,0,0,0,0,,1/1/2024,2023
6518,SYNTHETIC SITE 00517,100517,,SYNTHETIC COMPANY 00517,1 Example Way,Nowhere,ZZ,00000,3251,2017,SYNTHETIC INDUSTRY,1,2,137,290417,1,0,0,0,1,0,0,1,0,0,0,0,0,,1/1/2024,2023
6519,SYNTHETIC SITE 00518,100518,,SYNTHETIC COMPANY 00518,1 Example Way,Nowhere,ZZ,00000,3251,2017,SYNTHETIC INDUSTRY,1,2,38,71738,2,0,0,0,0,0,0,0,0,0,0,0,0,,1/1/2024,2023
6520,SYNTHETIC SITE 00519,100519,,SYNTHETIC COMPANY 00519,1 Example Way,Nowhere,ZZ,00000,2361,2017,SYNTHETIC INDUSTRY,1,2,56,90788,1,0,1,0,1,7,0,2,0,0,0,0,0,,1/1/2024,2023
6521,SYNTHETIC SITE 00520,100520,,SYNTHETIC COMPANY 00520,1 Example Way,Nowhere,ZZ,00000,6221,2017,SYNTHETIC INDUSTRY,1,2,401,600357,1,0,1,0,2,7,0,3,0,0,0,0,0,,1/1/2024,2023
6522,SYNTHETIC SITE 00521,100521,,SYNTHETIC COMPANY 00521,1 Example Way,Nowhere,ZZ,00000,3251,2017,SYNTHETIC INDUSTRY,1,2,20,41519,2,0,0,0,0,0,0,0,0,0,0,0,0,,1/1/2024,2023
6523,SYNTHETIC SITE 00522,100522,,SYNTHETIC COMPANY 00522,1 Example Way,Nowhere,ZZ,00000,3252,2017,SYNTHETIC INDUSTRY,1,2,51,115991,2,0,0,0,0,0,0,0,0,0,0,0,0,,1/1/2024,2023
6524,SYNTHETIC SITE 00523,100523,,SYNTHETIC COMPANY 00523,1 Example Way,Nowhere,ZZ,00000,3115,2017,SYNTHETIC INDUSTRY,1,2,76,160857,1,0,5,5,8,35,20,18,0,0,0,0,0,,1/1/2024,2023
6525,SYNTHETIC SITE 00524,100524,,SYNTHETIC COMPANY 00524,1 Example Way,Nowhere,ZZ,00000,6221,2017,SYNTHETIC INDUSTRY,1,2,115,227192,1,0,2,1,2,14,4,5,0,0,0,0,0,,1/1/2024,2023
6526,SYNTHETIC SITE 00525,100525,,SYNTHETIC COMPANY 00525,1 Example Way,Nowhere,ZZ,00000,4451,2017,SYNTHETIC INDUSTRY,1,2,56,126993,2,0,0,0,0,0,0,0,0,0,0,0,0,,1/1/2024,2023
6527,SYNTHETIC SITE 00526,100526,,SYNTHETIC COMPANY 00526,1 Example Way,Nowhere,ZZ,00000,2361,2017,SYNTHETIC INDUSTRY,1,2,19,31518,2,0,0,0,0,0,0,0,0,0,0,0,0,,1/1/2024,2023
6528,SYNTHETIC SITE 00527,100527,,SYNTHETIC COMPANY 00527,1 Example Way,Nowhere,ZZ,00000,3251,2017,SYNTHETIC INDUSTRY,1,2,27,45434,2,0,0,0,0,0,0,0,0,0,0,0,0,,1/1/2024,2023
6529,SYNTHETIC SITE 00528,100528,,SYNTHETIC COMPANY 00528,1 Example Way,Nowhere,ZZ,00000,3252,2017,SYNTHETIC INDUSTRY,1,2,24,43192,2,0,0,0,0,0,0,0,0,0,0,0,0,,1/1/2024,2023
6530,SYNTHETIC SITE 00529,100529,,SYNTHETIC COMPANY 00529,1 Example Way,Nowhere,ZZ,00000,3328,2017,SYNTHETIC INDUSTRY,1,2,21,50406,2,0,0,0,0,0,0,0,0,0,0,0,0,,1/1/2024,2023
6531,SYNTHETIC SITE 00530,100530,,SYNTHETIC COMPANY 00530,1 Example Way,Nowhere,ZZ,00000,6221,2017,SYNTHETIC INDUSTRY,1,2,145,297935,2,0,0,0,0,0,0,0,0,0,0,0,0,,1/1/2024,2023
6532,SYNTHETIC SITE 00531,100531,,SYNTHETIC COMPANY 00531,1 Example Way,Nowhere,ZZ,00000,3115,2017,SYNTHETIC INDUSTRY,1,2,23,53237,1,0,1,1,0,7,4,2,0,0,0,0,0,,1/1/2024,2023
6533,SYNTHETIC SITE 00532,100532,,SYNTHETIC COMPANY 00532,1 Example Way,Nowhere,ZZ,00000,2361,2017,SYNTHETIC INDUSTRY,1,2,205,373895,1,0,5,3,4,35,12,12,0,0,0,0,0,,1/1/2024,2023
6534,SYNTHETIC SITE 00533,100533,,SYNTHETIC COMPANY 00533,1 Example Way,Nowhere,ZZ,00000,3252,2017,SYNTHETIC INDUSTRY,1,2,57,76944,1,0,0,0,1,0,0,1,0,0,0,0,0,,1/1/2024,2023
6535,SYNTHETIC SITE 00534,100534,,SYNTHETIC COMPANY 00534,1 Example Way,Nowhere,ZZ,00000,3251,2017,SYNTHETIC INDUSTRY,1,2,12,15984,2,0,0,0,0,0,0,0,0,0,0,0,0,,1/1/2024,2023
6536,SYNTHETIC SITE 00535,100535,,SYNTHETIC COMPANY 00535,1 Example Way,Nowhere,ZZ,00000,6221,2017,SYNTHETIC INDUSTRY,1,2,5,9013,1,0,0,1,1,0,4,2,0,0,0,0,0,,1/1/2024,2023
6537,SYNTHETIC SITE 00536,100536,,SYNTHETIC COMPANY 00536,1 Example Way,Nowhere,ZZ,00000,3252,2017,SYNTHETIC INDUSTRY,1,2,57,137908,1,0,0,0,1,0,0,1,0,0,0,0,0,,1/1/2024,2023
6538,SYNTHETIC SITE 00537,100537,,SYNTHETIC COMPANY 00537,1 Example Way,Nowhere,ZZ,00000,3115,2017,SYNTHETIC INDUSTRY,1,2,19,43360,2,0,0,0,0,0,0,0,0,0,0,0,0,,1/1/2024,2023
6539,SYNTHETIC SITE 00538,100538,,SYNTHETIC COMPANY 00538,1 Example Way,Nowhere,ZZ,00000,3328,2017,SYNTHETIC INDUSTRY,1,2,41,72137,1,0,0,0,3,0,0,3,0,0,0,0,0,,1/1/2024,2023
6540,SYNTHETIC SITE 00539,100539,,SYNTHETIC COMPANY 00539,1 Example Way,Nowhere,ZZ,00000,4451,2017,SYNTHETIC INDUSTRY,1,2,40,59474,2,0,0,0,0,0,0,0,0,0,0,0,0,,1/1/2024,2023
6541,SYNTHETIC SITE 00540,100540,,SYNTHETIC COMPANY 00540,1 Example Way,Nowhere,ZZ,00000,3251,2017,SYNTHETIC INDUSTRY,1,2,43,50933,2,0,0,0,0,0,0,0,0,0,0,0,0,,1/1/2024,2023
6542,SYNTHETIC SITE 00541,100541,,SYNTHETIC COMPANY 00541,1 Example Way,Nowhere,ZZ,00000,3252,2017,SYNTHETIC INDUSTRY,1,2,16,41299,1,0,0,0,1,0,0,1,0,0,0,0,0,,1/1/2024,2023
6543,SYNTHETIC SITE 00542,100542,,SYNTHETIC COMPANY 00542,1 Example Way,Nowhere,ZZ,00000,4451,2017,SYNTHETIC INDUSTRY,1,2,43,76248,2,0,0,0,0,0,0,0,0,0,0,0,0,,1/1/2024,2023
6544,SYNTHETIC SITE 00543,100543,,SYNTHETIC COMPANY 00543,1 Example Way,Nowhere,ZZ,00000,3252,2017,SYNTHETIC INDUSTRY,1,2,43,64137,1,0,1,0,1,7,0,2,0,0,0,0,0,,1/1/2024,2023
6545,SYNTHETIC SITE 00544,100544,,SYNTHETIC COMPANY 00544,1 Example Way,Nowhere,ZZ,00000,3251,2017,SYNTHETIC INDUSTRY,1,2,169,332856,2,0,0,0,0,0,0,0,0,0,0,0,0,,1/1/2024,2023
6546,SYNTHETIC SITE 00545,100545,,SYNTHETIC COMPANY 00545,1 Example Way,Nowhere,ZZ,00000,3115,2017,SYNTHETIC INDUSTRY,1,2,20,34314,2,0,0,0,0,0,0,0,0,0,0,0,0,,1/1/2024,2023
6547,SYNTHETIC SITE 00546,100546,,SYNTHETIC COMPANY 00546,1 Example Way,Nowhere,ZZ,00000,2361,2017,SYNTHETIC INDUSTRY,1,2,105,217743,1,0,2,0,0,14,0,2,0,0,0,0,0,,1/1/2024,2023
6548,SYNTHETIC SITE 00547,100547,,SYNTHETIC COMPANY 00547,1 Example Way,Nowhere,ZZ,00000,2361,2017,SYNTHETIC INDUSTRY,1,2,78,181067,1,0,2,4,4,14,16,10,0,0,0,0,0,,1/1/2024,2023
6549,SYNTHETIC SITE 00548,100548,,SYNTHETIC COMPANY 00548,1 Example Way,Nowhere,ZZ,00000,3328,2017,SYNTHETIC INDUSTRY,1,2,50,73383,1,0,3,0,1,21,0,4,0,0,0,0,0,,1/1/2024,2023
6550,SYNTHETIC SITE 00549,100549,,SYNTHETIC COMPANY 00549,1 Example Way,Nowhere,ZZ,00000,3252,2017,SYNTHETIC INDUSTRY,1,2,31,62410,2,0,0,0,0,0,0,0,0,0,0,0,0,,1/1/2024,2023
6551,SYNTHETIC SITE 00550,100550,,SYNTHETIC COMPANY 00550,1 Example Way,Nowhere,ZZ,00000,3115,2017,SYNTHETIC INDUSTRY,1,2,5,9162,2,0,0,0,0,0,0,0,0,0,0,0,0,,1/1/2024,2023
6552,SYNTHETIC SITE 00551,100551,,SYNTHETIC COMPANY 00551,1 Example Way,Nowhere,ZZ,00000,4841,2017,SYNTHETIC INDUSTRY,1,2,73,153835,1,0,3,1,3,21,4,7,0,0,0,0,0,,1/1/2024,2023
6553,SYNTHETIC SITE 00552,100552,,SYNTHETIC COMPANY 00552,1 Example Way,Nowhere,ZZ,00000,4841,2017,SYNTHETIC INDUSTRY,1,2,5,10478,1,0,0,0,1,0,0,1,0,0,0,0,0,,1/1/2024,2023
6554,SYNTHETIC SITE 00553,100553,,SYNTHETIC COMPANY 00553,1 Example Way,Nowhere,ZZ,00000,3252,2017,SYNTHETIC INDUSTRY,1,2,7,14130,2,0,0,0,0,0,0,0,0,0,0,0,0,,1/1/2024,2023
6555,SYNTHETIC SITE 00554,100554,,SYNTHETIC COMPANY 00554,1 Example Way,Nowhere,ZZ,00000,4841,2017,SYNTHETIC INDUSTRY,1,2,104,185770,1,0,3,1,5,21,4,9,0,0,0,0,0,,1/1/2024,2023
6556,SYNTHETIC SITE 00555,100555,,SYNTHETIC COMPANY 00555,1 Example Way,Nowhere,ZZ,00000,6221,2017,SYNTHETIC INDUSTRY,1,2,71,126528,2,0,0,0,0,0,0,0,0,0,0,0,0,,1/1/2024,2023
6557,SYNTHETIC SITE 00556,100556,,SYNTHETIC COMPANY 00556,1 Example Way,Nowhere,ZZ,00000,3115,2017,SYNTHETIC INDUSTRY,1,2,262,581563,1,0,10,6,17,70,24,33,0,0,0,0,0,,1/1/2024,2023
6558,SYNTHETIC SITE 00557,100557,,SYNTHETIC COMPANY 00557,1 Example Way,Nowhere,ZZ,00000,4841,2017,SYNTHETIC INDUSTRY,1,2,144,310880,1,0,1,0,4,7,0,5,0,0,0,0,0,,1/1/2024,2023
6559,SYNTHETIC SITE 00558,100558,,SYNTHETIC COMPANY 00558,1 Example Way,Nowhere,ZZ,00000,4841,2017,SYNTHETIC INDUSTRY,1,2,11,18760,2,0,0,0,0,0,0,0,0,0,0,0,0,,1/1/2024,2023
6560,SYNTHETIC SITE 00559,100559,,SYNTHETIC COMPANY 00559,1 Example Way,Nowhere,ZZ,00000,4841,2017,SYNTHETIC INDUSTRY,1,2,13,29148,2,0,0,0,0,0,0,0,0,0,0,0,0,,1/1/2024,2023
6561,SYNTHETIC SITE 00560,100560,,SYNTHETIC COMPANY 00560,1 Example Way,Nowhere,ZZ,00000,4451,2017,SYNTHETIC INDUSTRY,1,2,6,11311,2,0,0,0,0,0,0,0,0,0,0,0,0,,1/1/2024,2023
6562,SYNTHETIC SITE 00561,100561,,SYNTHETIC COMPANY 00561,1 Example Way,Nowhere,ZZ,00000,3328,2017,SYNTHETIC INDUSTRY,1,2,7,14847,1,0,0,0,1,0,0,1,0,0,0,0,0,,1/1/2024,2023
6563,SYNTHETIC SITE 00562,100562,,SYNTHETIC COMPANY 00562,1 Example Way,Nowhere,ZZ,00000,3251,2017,SYNTHETIC INDUSTRY,1,2,190,365048,1,0,3,4,2,21,16,9,0,0,0,0,0,,1/1/2024,2023
6564,SYNTHETIC SITE 00563,100563,,SYNTHETIC COMPANY 00563,1 Example Way,Nowhere,ZZ,00000,4841,2017,SYNTHETIC INDUSTRY,1,2,39,53868,2,0,0,0,0,0,0,0,0,0,0,0,0,,1/1/2024,2023
6565,SYNTHETIC SITE 00564,100564,,SYNTHETIC COMPANY 00564,1 Example Way,Nowhere,ZZ,00000,4841,2017,SYNTHETIC INDUSTRY,1,2,25,37126,2,0,0,0,0,0,0,0,0,0,0,0,0,,1/1/2024,2023
6566,SYNTHETIC SITE 00565,100565,,SYNTHETIC COMPANY 00565,1 Example Way,Nowhere,ZZ,00000,3328,2017,SYNTHETIC INDUSTRY,1,2,154,257697,1,0,6,2,4,42,8,12,0,0,0,0,0,,1/1/2024,2023
6567,SYNTHETIC SITE 00566,100566,,SYNTHETIC COMPANY 00566,1 Example Way,Nowhere,ZZ,00000,3252,2017,SYNTHETIC INDUSTRY,1,2,3,5159,2,0,0,0,0,0,0,0,0,0,0,0,0,,1/1/2024,2023
6568,SYNTHETIC SITE 00567,100567,,SYNTHETIC COMPANY 00567,1 Example Way,Nowhere,ZZ,00000,4451,2017,SYNTHETIC INDUSTRY,1,2,7,10906,2,0,0,0,0,0,0,0,0,0,0,0,0,,1/1/2024,2023
6569,SYNTHETIC SITE 00568,100568,,SYNTHETIC COMPANY 00568,1 Example Way,Nowhere,ZZ,00000,3251,2017,SYNTHETIC INDUSTRY,1,2,147,181735,1,0,1,0,0,7,0,1,0,0,0,0,0,,1/1/2024,2023
6570,SYNTHETIC SITE 00569,100569,,SYNTHETIC COMPANY 00569,1 Example Way,Nowhere,ZZ,00000,2361,2017,SYNTHETIC INDUSTRY,1,2,4,7393,2,0,0,0,0,0,0,0,0,0,0,0,0,,1/1/2024,2023
6571,SYNTHETIC SITE 00570,100570,,SYNTHETIC COMPANY 00570,1 Example Way,Nowhere,ZZ,00000,3115,2017,SYNTHETIC INDUSTRY,1,2,167,304286,2,0,0,0,0,0,0,0,0,0,0,0,0,,1/1/2024,2023
6572,SYNTHETIC SITE 00571,100571,,SYNTHETIC COMPANY 00571,1 Example Way,Nowhere,ZZ,00000,4451,2017,SYNTHETIC INDUSTRY,1,2,50,97113,1,0,4,2,2,28,8,8,0,0,0,0,0,,1/1/2024,2023
6573,SYNTHETIC SITE 00572,100572,,SYNTHETIC COMPANY 00572,1 Example Way,Nowhere,ZZ,00000,3115,2017,SYNTHETIC INDUSTRY,1,2,631,1303777,1,0,12,8,9,84,32,29,0,0,0,0,0,,1/1/2024,2023
6574,SYNTHETIC SITE 00573,100573,,SYNTHETIC COMPANY 00573,1 Example Way,Nowhere,ZZ,00000,3252,2017,SYNTHETIC INDUSTRY,1,2,262,478603,2,0,0,0,0,0,0,0,0,0,0,0,0,,1/1/2024,2023
6575,SYNTHETIC SITE 00574,100574,,SYNTHETIC COMPANY 00574,1 Example Way,Nowhere,ZZ,00000,3328,2017,SYNTHETIC INDUSTRY,1,2,22,51844,2,0,0,0,0,0,0,0,0,0,0,0,0,,1/1/2024,2023
6576,SYNTHETIC SITE 00575,100575,,SYNTHETIC COMPANY 00575,1 Example Way,Nowhere,ZZ,00000,4841,2017,SYNTHETIC INDUSTRY,1,2,36,61187,2,0,0,0,0,0,0,0,0,0,0,0,0,,1/1/2024,2023
6577,SYNTHETIC SITE 00576,100576,,SYNTHETIC COMPANY 00576,1 Example Way,Nowhere,ZZ,00000,4451,2017,SYNTHETIC INDUSTRY,1,2,99,194316,1,0,0,1,0,0,4,1,0,0,0,0,0,,1/1/2024,2023
6578,SYNTHETIC SITE 00577,100577,,SYNTHETIC COMPANY 00577,1 Example Way,Nowhere,ZZ,00000,3328,2017,SYNTHETIC INDUSTRY,1,2,82,105703,2,0,0,0,0,0,0,0,0,0,0,0,0,,1/1/2024,2023
6579,SYNTHETIC SITE 00578,100578,,SYNTHETIC COMPANY 00578,1 Example Way,Nowhere,ZZ,00000,3328,2017,SYNTHETIC INDUSTRY,1,2,31,53045,2,0,0,0,0,0,0,0,0,0,0,0,0,,1/1/2024,2023
6580,SYNTHETIC SITE 00579,100579,,SYNTHETIC COMPANY 00579,1 Example Way,Nowhere,ZZ,00000,3328,2017,SYNTHETIC INDUSTRY,1,2,27,54371,2,0,0,0,0,0,0,0,0,0,0,0,0,,1/1/2024,2023
6581,SYNTHETIC SITE 00580,100580,,SYNTHETIC COMPANY 00580,1 Example Way,Nowhere,ZZ,00000,3115,2017,SYNTHETIC INDUSTRY,1,2,56,79816,1,0,0,1,2,0,4,3,0,0,0,0,0,,1/1/2024,2023
6582,SYNTHETIC SITE 00581,100581,,SYNTHETIC COMPANY 00581,1 Example Way,Nowhere,ZZ,00000,3252,2017,SYNTHETIC INDUSTRY,1,2,25,54333,2,0,0,0,0,0,0,0,0,0,0,0,0,,1/1/2024,2023
6583,SYNTHETIC SITE 00582,100582,,SYNTHETIC COMPANY 00582,1 Example Way,Nowhere,ZZ,00000,3251,2017,SYNTHETIC INDUSTRY,1,2,100,168608,2,0,0,0,0,0,0,0,0,0,0,0,0,,1/1/2024,2023
6584,SYNTHETIC SITE 00583,100583,,SYNTHETIC COMPANY 00583,1 Example Way,Nowhere,ZZ,00000,3252,2017,SYNTHETIC INDUSTRY,1,2,36,64470,1,0,0,0,2,0,0,2,0,0,0,0,0,,1/1/2024,2023
6585,SYNTHETIC SITE 00584,100584,,SYNTHETIC COMPANY 00584,1 Example Way,Nowhere,ZZ,00000,3252,2017,SYNTHETIC INDUSTRY,1,2,55,96759,1,0,0,0,1,0,0,1,0,0,0,0,0,,1/1/2024,2023
6586,SYNTHETIC SITE 00585,100585,,SYNTHETIC COMPANY 00585,1 Example Way,Nowhere,ZZ,00000,3115,2017,SYNTHETIC INDUSTRY,1,2,69,139750,1,0,0,0,1,0,0,1,0,0,0,0,0,,1/1/2024,2023
6587,SYNTHETIC SITE 00586,100586,,SYNTHETIC COMPANY 00586,1 Example Way,Nowhere,ZZ,00000,3251,2017,SYNTHETIC INDUSTRY,1,2,130,207238,2,0,0,0,0,0,0,0,0,0,0,0,0,,1/1/2024,2023
6588,SYNTHETIC SITE 00587,100587,,SYNTHETIC COMPANY 00587,1 Example Way,Nowhere,ZZ,00000,3328,2017,SYNTHETIC INDUSTRY,1,2,56,97885,2,0,0,0,0,0,0,0,0,0,0,0,0,,1/1/2024,2023
6589,SYNTHETIC SITE 00588,100588,,SYNTHETIC COMPANY 00588,1 Example Way,Nowhere,ZZ,00000,4451,2017,SYNTHETIC INDUSTRY,1,2,140,212228,1,0,1,3,6,7,12,10,0,0,0,0,0,,1/1/2024,2023
6590,SYNTHETIC SITE 00589,100589,,SYNTHETIC COMPANY 00589,1 Example Way,Nowhere,ZZ,00000,6221,2017,SYNTHETIC INDUSTRY,1,2,230,421442,1,0,0,1,1,0,4,2,0,0,0,0,0,,1/1/2024,2023
6591,SYNTHETIC SITE 00590,100590,,SYNTHETIC COMPANY 00590,1 Example Way,Nowhere,ZZ,00000,3115,2017,SYNTHETIC INDUSTRY,1,2,36,54940,1,0,0,0,2,0,0,2,0,0,0,0,0,,1/1/2024,2023
6592,SYNTHETIC SITE 00591,100591,,SYNTHETIC COMPANY 00591,1 Example Way,Nowhere,ZZ,00000,4451,2017,SYNTHETIC INDUSTRY,1,2,62,109547,1,0,0,1,0,0,4,1,0,0,0,0,0,,1/1/2024,2023
6593,SYNTHETIC SITE 00592,100592,,SYNTHETIC COMPANY 00592,1 Example Way,Nowhere,ZZ,00000,3251,2017,SYNTHETIC INDUSTRY,1,2,63,150978,1,0,0,0,1,0,0,1,0,0,0,0,0,,1/1/2024,2023
6594,SYNTHETIC SITE 00593,100593,,SYNTHETIC COMPANY 00593,1 Example Way,Nowhere,ZZ,00000,2361,2017,SYNTHETIC INDUSTRY,1,2,162,343449,1,0,3,5,4,21,20,12,0,0,0,0,0,,1/1/2024,2023
6595,SYNTHETIC SITE 00594,100594,,SYNTHETIC COMPANY 00594,1 Example Way,Nowhere,ZZ,00000,3115,2017,SYNTHETIC INDUSTRY,1,2,198,422000,1,0,2,2,1,14,8,5,0,0,0,0,0,,1/1/2024,2023
6596,SYNTHETIC SITE 00595,100595,,SYNTHETIC COMPANY 00595,1 Example Way,Nowhere,ZZ,00000,3115,2017,SYNTHETIC INDUSTRY,1,2,82,121105,2,0,0,0,0,0,0,0,0,0,0,0,0,,1/1/2024,2023
6597,SYNTHETIC SITE 00596,100596,,SYNTHETIC COMPANY 00596,1 Example Way,Nowhere,ZZ,00000,3328,2017,SYNTHETIC INDUSTRY,1,2,21,27634,2,0,0,0,0,0,0,0,0,0,0,0,0,,1/1/2024,2023
6598,SYNTHETIC SITE 00597,100597,,SYNTHETIC COMPANY 00597,1 Example Way,Nowhere,ZZ,00000,3115,2017,SYNTHETIC INDUSTRY,1,2,292,577355,2,0,0,0,0,0,0,0,0,0,0,0,0,,1/1/2024,2023
6599,SYNTHETIC SITE 00598,100598,,SYNTHETIC COMPANY 00598,1 Example Way,Nowhere,ZZ,00000,4841,2017,SYNTHETIC INDUSTRY,1,2,126,247833,2,0,0,0,0,0,0,0,0,0,0,0,0,,1/1/2024,2023
6600,SYNTHETIC SITE 00599,100599,,SYNTHETIC COMPANY 00599,1 Example Way,Nowhere,ZZ,00000,3252,2017,SYNTHETIC INDUSTRY,1,2,49,78151,2,0,0,0,0,0,0,0,0,0,0,0,0,,1/1/2024,2023
6601,SYNTHETIC SITE 00600,100600,,SYNTHETIC COMPANY 00600,1 Example Way,Nowhere,ZZ,00000,4451,2017,SYNTHETIC INDUSTRY,1,2,52,102881,1,0,2,1,1,14,4,4,0,0,0,0,0,,1/1/2024,2023
6602,SYNTHETIC SITE 00601,100601,,SYNTHETIC COMPANY 00601,1 Example Way,Nowhere,ZZ,00000,3251,2017,SYNTHETIC INDUSTRY,1,2,75,140713,1,0,0,1,2,0,4,3,0,0,0,0,0,,1/1/2024,2023
6603,SYNTHETIC SITE 00602,100602,,SYNTHETIC COMPANY 00602,1 Example Way,Nowhere,ZZ,00000,3251,2017,SYNTHETIC INDUSTRY,1,2,25,47668,1,0,0,1,1,0,4,2,0,0,0,0,0,,1/1/2024,2023
6604,SYNTHETIC SITE 00603,100603,,SYNTHETIC COMPANY 00603,1 Example Way,Nowhere,ZZ,00000,3115,2017,SYNTHETIC INDUSTRY,1,2,45,80017,2,0,0,0,0,0,0,0,0,0,0,0,0,,1/1/2024,2023
6605,SYNTHETIC SITE 00604,100604,,SYNTHETIC COMPANY 00604,1 Example Way,Nowhere,ZZ,00000,3251,2017,SYNTHETIC INDUSTRY,1,2,37,64069,2,0,0,0,0,0,0,0,0,0,0,0,0,,1/1/2024,2023
6606,SYNTHETIC SITE 00605,100605,,SYNTHETIC COMPANY 00605,1 Example Way,Nowhere,ZZ,00000,6221,2017,SYNTHETIC INDUSTRY,1,2,80,141015,1,0,1,0,1,7,0,2,0,0,0,0,0,,1/1/2024,2023
6607,SYNTHETIC SITE 00606,100606,,SYNTHETIC COMPANY 00606,1 Example Way,Nowhere,ZZ,00000,4841,2017,SYNTHETIC INDUSTRY,1,2,58,87934,2,0,0,0,0,0,0,0,0,0,0,0,0,,1/1/2024,2023
6608,SYNTHETIC SITE 00607,100607,,SYNTHETIC COMPANY 00607,1 Example Way,Nowhere,ZZ,00000,3251,2017,SYNTHETIC INDUSTRY,1,2,66,109149,1,0,0,1,0,0,4,1,0,0,0,0,0,,1/1/2024,2023
6609,SYNTHETIC SITE 00608,100608,,SYNTHETIC COMPANY 00608,1 Example Way,Nowhere,ZZ,00000,3328,2017,SYNTHETIC INDUSTRY,1,2,194,338246,2,0,0,0,0,0,0,0,0,0,0,0,0,,1/1/2024,2023
6610,SYNTHETIC SITE 00609,100609,,SYNTHETIC COMPANY 00609,1 Example Way,Nowhere,ZZ,00000,4451,2017,SYNTHETIC INDUSTRY,1,2,20,33927,2,0,0,0,0,0,0,0,0,0,0,0,0,,1/1/2024,2023
6611,SYNTHETIC SITE 00610,100610,,SYNTHETIC COMPANY 00610,1 Example Way,Nowhere,ZZ,00000,4841,2017,SYNTHETIC INDUSTRY,1,2,42,74816,1,0,3,0,0,21,0,3,0,0,0,0,0,,1/1/2024,2023
6612,SYNTHETIC SITE 00611,100611,,SYNTHETIC COMPANY 00611,1 Example Way,Nowhere,ZZ,00000,4841,2017,SYNTHETIC INDUSTRY,1,2,24,60474,2,0,0,0,0,0,0,0,0,0,0,0,0,,1/1/2024,2023
6613,SYNTHETIC SITE 00612,100612,,SYNTHETIC COMPANY 00612,1 Example Way,Nowhere,ZZ,00000,4841,2017,SYNTHETIC INDUSTRY,1,2,71,142190,1,0,1,2,1,7,8,4,0,0,0,0,0,,1/1/2024,2023
6614,SYNTHETIC SITE 00613,100613,,SYNTHETIC COMPANY 00613,1 Example Way,Nowhere,ZZ,00000,2361,2017,SYNTHETIC INDUSTRY,1,2,781,1313412,1,0,5,2,6,35,8,13,0,0,0,0,0,,1/1/2024,2023
6615,SYNTHETIC SITE 00614,100614,,SYNTHETIC COMPANY 00614,1 Example Way,Nowhere,ZZ,00000,3252,2017,SYNTHETIC INDUSTRY,1,2,6,13185,2,0,0,0,0,0,0,0,0,0,0,0,0,,1/1/2024,2023
6616,SYNTHETIC SITE 00615,100615,,SYNTHETIC COMPANY 00615,1 Example Way,Nowhere,ZZ,00000,4451,2017,SYNTHETIC INDUSTRY,1,2,59,127479,2,0,0,0,0,0,0,0,0,0,0,0,0,,1/1/2024,2023
6617,SYNTHETIC SITE 00616,100616,,SYNTHETIC COMPANY 00616,1 Example Way,Nowhere,ZZ,00000,3115,2017,SYNTHETIC INDUSTRY,1,2,155,297065,2,0,0,0,0,0,0,0,0,0,0,0,0,,1/1/2024,2023
6618,SYNTHETIC SITE 00617,100617,,SYNTHETIC COMPANY 00617,1 Example Way,Nowhere,ZZ,00000,4841,2017,SYNTHETIC INDUSTRY,1,2,9,13225,2,0,0,0,0,0,0,0,0,0,0,0,0,,1/1/2024,2023
6619,SYNTHETIC SITE 00618,100618,,SYNTHETIC COMPANY 00618,1 Example Way,Nowhere,ZZ,00000,4451,2017,SYNTHETIC INDUSTRY,1,2,35,46975,1,0,0,0,1,0,0,1,0,0,0,0,0,,1/1/2024,2023
6620,SYNTHETIC SITE 00619,100619,,SYNTHETIC COMPANY 00619,1 Example Way,Nowhere,ZZ,00000,3252,2017,SYNTHETIC INDUSTRY,1,2,64,132225,2,0,0,0,0,0,0,0,0,0,0,0,0,,1/1/2024,2023
6621,SYNTHETIC SITE 00620,100620,,SYNTHETIC COMPANY 00620,1 Example Way,Nowhere,ZZ,00000,4841,2017,SYNTHETIC INDUSTRY,1,2,132,244891,2,0,0,0,0,0,0,0,0,0,0,0,0,,1/1/2024,2023
6622,SYNTHETIC SITE 00621,100621,,SYNTHETIC COMPANY 00621,1 Example Way,Nowhere,ZZ,00000,3328,2017,SYNTHETIC INDUSTRY,1,2,40,88987,1,0,0,0,1,0,0,1,0,0,0,0,0,,1/1/2024,2023
6623,SYNTHETIC SITE 00622,100622,,SYNTHETIC COMPANY 00622,1 Example Way,Nowhere,ZZ,00000,3252,2017,SYNTHETIC INDUSTRY,1,2,1,1945,2,0,0,0,0,0,0,0,0,0,0,0,0,,1/1/2024,2023
6624,SYNTHETIC SITE 00623,100623,,SYNTHETIC COMPANY 00623,1 Example Way,Nowhere,ZZ,00000,6221,2017,SYNTHETIC INDUSTRY,1,2,29,50976,2,0,0,0,0,0,0,0,0,0,0,0,0,,1/1/2024,2023
6625,SYNTHETIC SITE 00624,100624,,SYNTHETIC COMPANY 00624,1 Example Way,Nowhere,ZZ,00000,2361,2017,SYNTHETIC INDUSTRY,1,2,66,99162,1,0,1,0,0,7,0,1,0,0,0,0,0,,1/1/2024,2023
6626,SYNTHETIC SITE 00625,100625,,SYNTHETIC COMPANY 00625,1 Example Way,Nowhere,ZZ,00000,3252,2017,SYNTHETIC INDUSTRY,1,2,137,303907,2,0,0,0,0,0,0,0,0,0,0,0,0,,1/1/2024,2023
6627,SYNTHETIC SITE 00626,100626,,SYNTHETIC COMPANY 00626,1 Example Way,Nowhere,ZZ,00000,2361,2017,SYNTHETIC INDUSTRY,1,2,160,36377000000,2,0,0,0,0,0,0,0,0,0,0,0,0,,1/1/2024,2023
6628,SYNTHETIC SITE 00627,100627,,SYNTHETIC COMPANY 00627,1 Example Way,Nowhere,ZZ,00000,4841,2017,SYNTHETIC INDUSTRY,1,2,108,232803,2,0,0,0,0,0,0,0,0,0,0,0,0,,1/1/2024,2023
6629,SYNTHETIC SITE 00628,100628,,SYNTHETIC COMPANY 00628,1 Example Way,Nowhere,ZZ,00000,3252,2017,SYNTHETIC INDUSTRY,1,2,105,158756,2,0,0,0,0,0,0,0,0,0,0,0,0,,1/1/2024,2023
6630,SYNTHETIC SITE 00629,100629,,SYNTHETIC COMPANY 00629,1 Example Way,Nowhere,ZZ,00000,4451,2017,SYNTHETIC INDUSTRY,1,2,12,17891,2,0,0,0,0,0,0,0,0,0,0,0,0,,1/1/2024,2023
6631,SYNTHETIC SITE 00630,100630,,SYNTHETIC COMPANY 00630,1 Example Way,Nowhere,ZZ,00000,3328,2017,SYNTHETIC INDUSTRY,1,2,11,19638,1,0,0,1,0,0,4,1,0,0,0,0,0,,1/1/2024,2023
6632,SYNTHETIC SITE 00631,100631,,SYNTHETIC COMPANY 00631,1 Example Way,Nowhere,ZZ,00000,6221,2017,SYNTHETIC INDUSTRY,1,2,1603,3180804,1,0,1,0,1,7,0,2,0,0,0,0,0,,1/1/2024,2023
6633,SYNTHETIC SITE 00632,100632,,SYNTHETIC COMPANY 00632,1 Example Way,Nowhere,ZZ,00000,3328,2017,SYNTHETIC INDUSTRY,1,2,173,285040,2,0,0,0,0,0,0,0,0,0,0,0,0,,1/1/2024,2023
6634,SYNTHETIC SITE 00633,100633,,SYNTHETIC COMPANY 00633,1 Example Way,Nowhere,ZZ,00000,2361,2017,SYNTHETIC INDUSTRY,1,2,95,147857,1,0,0,0,1,0,0,1,0,0,0,0,0,,1/1/2024,2023
6635,SYNTHETIC SITE 00634,100634,,SYNTHETIC COMPANY 00634,1 Example Way,Nowhere,ZZ,00000,3115,2017,SYNTHETIC INDUSTRY,1,2,6,13786,2,0,0,0,0,0,0,0,0,0,0,0,0,,1/1/2024,2023
6636,SYNTHETIC SITE 00635,100635,,SYNTHETIC COMPANY 00635,1 Example Way,Nowhere,ZZ,00000,4841,2017,SYNTHETIC INDUSTRY,1,2,25,47101,2,0,0,0,0,0,0,0,0,0,0,0,0,,1/1/2024,2023
6637,SYNTHETIC SITE 00636,100636,,SYNTHETIC COMPANY 00636,1 Example Way,Nowhere,ZZ,00000,6221,2017,SYNTHETIC INDUSTRY,1,2,166,247241,1,0,2,3,1,14,12,6,0,0,0,0,0,,1/1/2024,2023
6638,SYNTHETIC SITE 00637,100637,,SYNTHETIC COMPANY 00637,1 Example Way,Nowhere,ZZ,00000,3328,2017,SYNTHETIC INDUSTRY,1,2,53,78314,2,0,0,0,0,0,0,0,0,0,0,0,0,,1/1/2024,2023
6639,SYNTHETIC SITE 00638,100638,,SYNTHETIC COMPANY 00638,1 Example Way,Nowhere,ZZ,00000,4451,2017,SYNTHETIC INDUSTRY,1,2,19,35594,2,0,0,0,0,0,0,0,0,0,0,0,0,,1/1/2024,2023
6640,SYNTHETIC SITE 00639,100639,,SYNTHETIC COMPANY 00639,1 Example Way,Nowhere,ZZ,00000,3328,2017,SYNTHETIC INDUSTRY,1,2,37,71707,1,0,2,0,0,14,0,2,0,0,0,0,0,,1/1/2024,2023
6641,SYNTHETIC SITE 00640,100640,,SYNTHETIC COMPANY 00640,1 Example Way,Nowhere,ZZ,00000,4841,2017,SYNTHETIC INDUSTRY,1,2,4,8725,2,0,0,0,0,0,0,0,0,0,0,0,0,,1/1/2024,2023
6642,SYNTHETIC SITE 00641,100641,,SYNTHETIC COMPANY 00641,1 Example Way,Nowhere,ZZ,00000,6221,2017,SYNTHETIC INDUSTRY,1,2,67,140439,1,0,1,1,0,7,4,2,0,0,0,0,0,,1/1/2024,2023
6643,SYNTHETIC SITE 00642,100642,,SYNTHETIC COMPANY 00642,1 Example Way,Nowhere,ZZ,00000,3252,2017,SYNTHETIC INDUSTRY,1,2,334,708660,1,0,2,3,6,14,12,11,0,0,0,0,0,,1/1/2024,2023
6644,SYNTHETIC SITE 00643,100643,,SYNTHETIC COMPANY 00643,1 Example Way,Nowhere,ZZ,00000,3251,2017,SYNTHETIC INDUSTRY,1,2,106,183885,2,0,0,0,0,0,0,0,0,0,0,0,0,,1/1/2024,2023
6645,SYNTHETIC SITE 00644,100644,,SYNTHETIC COMPANY 00644,1 Example Way,Nowhere,ZZ,00000,6221,2017,SYNTHETIC INDUSTRY,1,2,62,115290,2,0,0,0,0,0,0,0,0,0,0,0,0,,1/1/2024,2023
6646,SYNTHETIC SITE 00645,100645,,SYNTHETIC COMPANY 00645,1 Example Way,Nowhere,ZZ,00000,6221,2017,SYNTHETIC INDUSTRY,1,2,119,202120,1,0,1,1,0,7,4,2,0,0,0,0,0,,1/1/2024,2023
6647,SYNTHETIC SITE 00646,100646,,SYNTHETIC COMPANY 00646,1 Example Way,Nowhere,ZZ,00000,2361,2017,SYNTHETIC INDUSTRY,1,2,49,105866,1,0,0,1,0,0,4,1,0,0,0,0,0,,1/1/2024,2023
6648,SYNTHETIC SITE 00647,100647,,SYNTHETIC COMPANY 00647,1 Example Way,Nowhere,ZZ,00000,3251,2017,SYNTHETIC INDUSTRY,1,2,127,187575,1,0,1,0,2,7,0,3,0,0,0,0,0,,1/1/2024,2023
6649,SYNTHETIC SITE 00648,100648,,SYNTHETIC COMPANY 00648,1 Example Way,Nowhere,ZZ,00000,3251,2017,SYNTHETIC INDUSTRY,1,2,30,57135,1,0,0,0,1,0,0,1,0,0,0,0,0,,1/1/2024,2023
6650,SYNTHETIC SITE 00649,100649,,SYNTHETIC COMPANY 00649,1 Example Way,Nowhere,ZZ,00000,2361,2017,SYNTHETIC INDUSTRY,1,2,70,136786,1,0,2,1,0,14,4,3,0,0,0,0,0,,1/1/2024,2023
6651,SYNTHETIC SITE 00650,100650,,SYNTHETIC COMPANY 00650,1 Example Way,Nowhere,ZZ,00000,3328,2017,SYNTHETIC INDUSTRY,1,2,19,35722,2,0,0,0,0,0,0,0,0,0,0,0,0,,1/1/2024,2023
6652,SYNTHETIC SITE 00651,100651,,SYNTHETIC COMPANY 00651,1 Example Way,Nowhere,ZZ,00000,3251,2017,SYNTHETIC INDUSTRY,1,2,35,56955,2,0,0,0,0,0,0,0,0,0,0,0,0,,1/1/2024,2023
6653,SYNTHETIC SITE 00652,100652,,SYNTHETIC COMPANY 00652,1 Example Way,Nowhere,ZZ,00000,3252,2017,SYNTHETIC INDUSTRY,1,2,145,194655,2,0,0,0,0,0,0,0,0,0,0,0,0,,1/1/2024,2023
6654,SYNTHETIC SITE 00653,100653,,SYNTHETIC COMPANY 00653,1 Example Way,Nowhere,ZZ,00000,4451,2017,SYNTHETIC INDUSTRY,1,2,71,112596,1,0,0,0,1,0,0,1,0,0,0,0,0,,1/1/2024,2023
6655,SYNTHETIC SITE 00654,100654,,SYNTHETIC COMPANY 00654,1 Example Way,Nowhere,ZZ,00000,3251,2017,SYNTHETIC INDUSTRY,1,2,42,74448,1,0,0,0,1,0,0,1,0,0,0,0,0,,1/1/2024,2023
6656,SYNTHETIC SITE 00655,100655,,SYNTHETIC COMPANY 00655,1 Example Way,Nowhere,ZZ,00000,3252,2017,SYNTHETIC INDUSTRY,1,2,26,43975,2,0,0,0,0,0,0,0,0,0,0,0,0,,1/1/2024,2023
6657,SYNTHETIC SITE 00656,100656,,SYNTHETIC COMPANY 00656,1 Example Way,Nowhere,ZZ,00000,3115,2017,SYNTHETIC INDUSTRY,1,2,19,4552200000,2,0,0,0,0,0,0,0,0,0,0,0,0,,1/1/2024,2023
6658,SYNTHETIC SITE 00657,100657,,SYNTHETIC COMPANY 00657,1 Example Way,Nowhere,ZZ,00000,2361,2017,SYNTHETIC INDUSTRY,1,2,34,71806,1,0,1,1,3,7,4,5,0,0,0,0,0,,1/1/2024,2023
6659,SYNTHETIC SITE 00658,100658,,SYNTHETIC COMPANY 00658,1 Example Way,Nowhere,ZZ,00000,6221,2017,SYNTHETIC INDUSTRY,1,2,27,43620,2,0,0,0,0,0,0,0,0,0,0,0,0,,1/1/2024,2023
6660,SYNTHETIC SITE 00659,100659,,SYNTHETIC COMPANY 00659,1 Example Way,Nowhere,ZZ,00000,4451,2017,SYNTHETIC INDUSTRY,1,2,60,104786,2,0,0,0,0,0,0,0,0,0,0,0,0,,1/1/2024,2023
6661,SYNTHETIC SITE 00660,100660,,SYNTHETIC COMPANY 00660,1 Example Way,Nowhere,ZZ,00000,3328,2017,SYNTHETIC INDUSTRY,1,2,186,380201,2,0,0,0,0,0,0,0,0,0,0,0,0,,1/1/2024,2023
6662,SYNTHETIC SITE 00661,100661,,SYNTHETIC COMPANY 00661,1 Example Way,Nowhere,ZZ,00000,3328,2017,SYNTHETIC INDUSTRY,1,2,17,34765,2,0,0,0,0,0,0,0,0,0,0,0,0,,1/1/2024,2023
6663,SYNTHETIC SITE 00662,100662,,SYNTHETIC COMPANY 00662,1 Example Way,Nowhere,ZZ,00000,4451,2017,SYNTHETIC INDUSTRY,1,2,14,26660,2,0,0,0,0,0,0,0,0,0,0,0,0,,1/1/2024,2023
6664,SYNTHETIC SITE 00663,100663,,SYNTHETIC COMPANY 00663,1 Example Way,Nowhere,ZZ,00000,3328,2017,SYNTHETIC INDUSTRY,1,2,89,174324,2,0,0,0,0,0,0,0,0,0,0,0,0,,1/1/2024,2023
6665,SYNTHETIC SITE 00664,100664,,SYNTHETIC COMPANY 00664,1 Example Way,Nowhere,ZZ,00000,6221,2017,SYNTHETIC INDUSTRY,1,2,13,24908,2,0,0,0,0,0,0,0,0,0,0,0,0,,1/1/2024,2023
6666,SYNTHETIC SITE 00665,100665,,SYNTHETIC COMPANY 00665,1 Example Way,Nowhere,ZZ,00000,4841,2017,SYNTHETIC INDUSTRY,1,2,34,57022,2,0,0,0,0,0,0,0,0,0,0,0,0,,1/1/2024,2023
6667,SYNTHETIC SITE 00666,100666,,SYNTHETIC COMPANY 00666,1 Example Way,Nowhere,ZZ,00000,6221,2017,SYNTHETIC INDUSTRY,1,2,168,375623,2,0,0,0,0,0,0,0,0,0,0,0,0,,1/1/2024,2023
6668,SYNTHETIC SITE 00667,100667,,SYNTHETIC COMPANY 00667,1 Example Way,Nowhere,ZZ,00000,3115,2017,SYNTHETIC INDUSTRY,1,2,75,169624,2,0,0,0,0,0,0,0,0,0,0,0,0,,1/1/2024,2023
6669,SYNTHETIC SITE 00668,100668,,SYNTHETIC COMPANY 00668,1 Example Way,Nowhere,ZZ,00000,4841,2017,SYNTHETIC INDUSTRY,1,2,11,21756,2,0,0,0,0,0,0,0,0,0,0,0,0,,1/1/2024,2023
6670,SYNTHETIC SITE 00669,100669,,SYNTHETIC COMPANY 00669,1 Example Way,Nowhere,ZZ,00000,2361,2017,SYNTHETIC INDUSTRY,1,2,197,336004,2,0,0,0,0,0,0,0,0,0,0,0,0,,1/1/2024,2023
6671,SYNTHETIC SITE 00670,100670,,SYNTHETIC COMPANY 00670,1 Example Way,Nowhere,ZZ,00000,3252,2017,SYNTHETIC INDUSTRY,1,2,293,527614,1,0,19,14,15,133,56,48,0,0,0,0,0,,1/1/2024,2023
6672,SYNTHETIC SITE 00671,100671,,SYNTHETIC COMPANY 00671,1 Example Way,Nowhere,ZZ,00000,4451,2017,SYNTHETIC INDUSTRY,1,2,37,75602,2,0,0,0,0,0,0,0,0,0,0,0,0,,1/1/2024,2023
6673,SYNTHETIC SITE 00672,100672,,SYNTHETIC COMPANY 00672,1 Example Way,Nowhere,ZZ,00000,3251,2017,SYNTHETIC INDUSTRY,1,2,22,37809,2,0,0,0,0,0,0,0,0,0,0,0,0,,1/1/2024,2023
6674,SYNTHETIC SITE 00673,100673,,SYNTHETIC COMPANY 00673,1 Example Way,Nowhere,ZZ,00000,4841,2017,SYNTHETIC INDUSTRY,1,2,213,410176,2,0,0,0,0,0,0,0,0,0,0,0,0,,1/1/2024,2023
6675,SYNTHETIC SITE 00674,100674,,SYNTHETIC COMPANY 00674,1 Example Way,Nowhere,ZZ,00000,3115,2017,SYNTHETIC INDUSTRY,1,2,4,6221,2,0,0,0,0,0,0,0,0,0,0,0,0,,1/1/2024,2023
6676,SYNTHETIC SITE 00675,100675,,SYNTHETIC COMPANY 00675,1 Example Way,Nowhere,ZZ,00000,4841,2017,SYNTHETIC INDUSTRY,1,2,14,25810,1,0,0,0,2,0,0,2,0,0,0,0,0,,1/1/2024,2023
6677,SYNTHETIC SITE 00676,100676,,SYNTHETIC COMPANY 00676,1 Example Way,Nowhere,ZZ,00000,4451,2017,SYNTHETIC INDUSTRY,1,2,38,61927,2,0,0,0,0,0,0,0,0,0,0,0,0,,1/1/2024,2023
6678,SYNTHETIC SITE 00677,100677,,SYNTHETIC COMPANY 00677,1 Example Way,Nowhere,ZZ,00000,4451,2017,SYNTHETIC INDUSTRY,1,2,79,137279,1,0,2,0,2,14,0,4,0,0,0,0,0,,1/1/2024,2023
6679,SYNTHETIC SITE 00678,100678,,SYNTHETIC COMPANY 00678,1 Example Way,Nowhere,ZZ,00000,3328,2017,SYNTHETIC INDUSTRY,1,2,783,1754053,2,0,0,0,0,0,0,0,0,0,0,0,0,,1/1/2024,2023
6680,SYNTHETIC SITE 00679,100679,,SYNTHETIC COMPANY 00679,1 Example Way,Nowhere,ZZ,00000,3328,2017,SYNTHETIC INDUSTRY,1,2,22,38528,1,0,0,1,0,0,4,1,0,0,0,0,0,,1/1/2024,2023
6681,SYNTHETIC SITE 00680,100680,,SYNTHETIC COMPANY 00680,1 Example Way,Nowhere,ZZ,00000,3252,2017,SYNTHETIC INDUSTRY,1,2,56,109059,1,0,1,2,0,7,8,3,0,0,0,0,0,,1/1/2024,2023
6682,SYNTHETIC SITE 00681,100681,,SYNTHETIC COMPANY 00681,1 Example Way,Nowhere,ZZ,00000,3115,2017,SYNTHETIC INDUSTRY,1,2,451,726591,1,0,0,1,0,0,4,1,0,0,0,0,0,,1/1/2024,2023
6683,SYNTHETIC SITE 00682,100682,,SYNTHETIC COMPANY 00682,1 Example Way,Nowhere,ZZ,00000,3115,2017,SYNTHETIC INDUSTRY,1,2,29,63872,2,0,0,0,0,0,0,0,0,0,0,0,0,,1/1/2024,2023
6684,SYNTHETIC SITE 00683,100683,,SYNTHETIC COMPANY 00683,1 Example Way,Nowhere,ZZ,00000,4451,2017,SYNTHETIC INDUSTRY,1,2,127,259837,1,0,6,2,4,42,8,12,0,0,0,0,0,,1/1/2024,2023
6685,SYNTHETIC SITE 00684,100684,,SYNTHETIC COMPANY 00684,1 Example Way,Nowhere,ZZ,00000,3252,2017,SYNTHETIC INDUSTRY,1,2,54,91467,2,0,0,0,0,0,0,0,0,0,0,0,0,,1/1/2024,2023
6686,SYNTHETIC SITE 00685,100685,,SYNTHETIC COMPANY 00685,1 Example Way,Nowhere,ZZ,00000,6221,2017,SYNTHETIC INDUSTRY,1,2,30,55869,2,0,0,0,0,0,0,0,0,0,0,0,0,,1/1/2024,2023
6687,SYNTHETIC SITE 00686,100686,,SYNTHETIC COMPANY 00686,1 Example Way,Nowhere,ZZ,00000,3115,2017,SYNTHETIC INDUSTRY,1,2,88,154425,1,0,1,0,3,7,0,4,0,0,0,0,0,,1/1/2024,2023
6688,SYNTHETIC SITE 00687,100687,,SYNTHETIC COMPANY 00687,1 Example Way,Nowhere,ZZ,00000,4451,2017,SYNTHETIC INDUSTRY,1,2,14,31773,2,0,0,0,0,0,0,0,0,0,0,0,0,,1/1/2024,2023
6689,SYNTHETIC SITE 00688,100688,,SYNTHETIC COMPANY 00688,1 Example Way,Nowhere,ZZ,00000,4451,2017,SYNTHETIC INDUSTRY,1,2,133,207142,1,0,1,0,2,7,0,3,0,0,0,0,0,,1/1/2024,2023
6690,SYNTHETIC SITE 00689,100689,,SYNTHETIC COMPANY 00689,1 Example Way,Nowhere,ZZ,00000,3328,2017,SYNTHETIC INDUSTRY,1,2,259,586466,2,0,0,0,0,0,0,0,0,0,0,0,0,,1/1/2024,2023
6691,SYNTHETIC SITE 00690,100690,,SYNTHETIC COMPANY 00690,1 Example Way,Nowhere,ZZ,00000,4841,2017,SYNTHETIC INDUSTRY,1,2,20,40271,2,0,0,0,0,0,0,0,0,0,0,0,0,,1/1/2024,2023
6692,SYNTHETIC SITE 00691,100691,,SYNTHETIC COMPANY 00691,1 Example Way,Nowhere,ZZ,00000,6221,2017,SYNTHETIC INDUSTRY,1,2,34,52419,2,0,0,0,0,0,0,0,0,0,0,0,0,,1/1/2024,2023
6693,SYNTHETIC SITE 00692,100692,,SYNTHETIC COMPANY 00692,1 Example Way,Nowhere,ZZ,00000,3251,2017,SYNTHETIC INDUSTRY,1,2,51,81064,2,0,0,0,0,0,0,0,0,0,0,0,0,,1/1/2024,2023
6694,SYNTHETIC SITE 00693,100693,,SYNTHETIC COMPANY 00693,1 Example Way,Nowhere,ZZ,00000,3328,2017,SYNTHETIC INDUSTRY,1,2,69,102293,2,0,0,0,0,0,0,0,0,0,0,0,0,,1/1/2024,2023
6695,SYNTHETIC SITE 00694,100694,,SYNTHETIC COMPANY 00694,1 Example Way,Nowhere,ZZ,00000,4841,2017,SYNTHETIC INDUSTRY,1,2,68,133685,2,0,0,0,0,0,0,0,0,0,0,0,0,,1/1/2024,2023
6696,SYNTHETIC SITE 00695,100695,,SYNTHETIC COMPANY 00695,1 Example Way,Nowhere,ZZ,00000,3115,2017,SYNTHETIC INDUSTRY,1,2,99,170411,1,0,0,1,0,0,4,1,0,0,0,0,0,,1/1/2024,2023
6697,SYNTHETIC SITE 00696,100696,,SYNTHETIC COMPANY 00696,1 Example Way,Nowhere,ZZ,00000,6221,2017,SYNTHETIC INDUSTRY,1,2,29,62110,2,0,0,0,0,0,0,0,0,0,0,0,0,,1/1/2024,2023
6698,SYNTHETIC SITE 00697,100697,,SYNTHETIC COMPANY 00697,1 Example Way,Nowhere,ZZ,00000,3252,2017,SYNTHETIC INDUSTRY,1,2,1027,2075046,1,0,28,11,21,196,44,60,0,0,0,0,0,,1/1/2024,2023
6699,SYNTHETIC SITE 00698,100698,,SYNTHETIC COMPANY 00698,1 Example Way,Nowhere,ZZ,00000,3328,2017,SYNTHETIC INDUSTRY,1,2,279,521968,1,0,9,6,10,63,24,25,0,0,0,0,0,,1/1/2024,2023
6700,SYNTHETIC SITE 00699,100699,,SYNTHETIC COMPANY 00699,1 Example Way,Nowhere,ZZ,00000,3252,2017,SYNTHETIC INDUSTRY,1,2,20,30886,2,0,0,0,0,0,0,0,0,0,0,0,0,,1/1/2024,2023
6701,SYNTHETIC SITE 00700,100700,,SYNTHETIC COMPANY 00700,1 Example Way,Nowhere,ZZ,00000,3251,2017,SYNTHETIC INDUSTRY,1,2,28,62909,1,0,0,0,1,0,0,1,0,0,0,0,0,,1/1/2024,2023
6702,SYNTHETIC SITE 00701,100701,,SYNTHETIC COMPANY 00701,1 Example Way,Nowhere,ZZ,00000,6221,2017,SYNTHETIC INDUSTRY,1,2,3,4949,2,0,0,0,0,0,0,0,0,0,0,0,0,,1/1/2024,2023
6703,SYNTHETIC SITE 00702,100702,,SYNTHETIC COMPANY 00702,1 Example Way,Nowhere,ZZ,00000,2361,2017,SYNTHETIC INDUSTRY,1,2,7,12063,1,0,1,0,0,7,0,1,0,0,0,0,0,,1/1/2024,2023
6704,SYNTHETIC SITE 00703,100703,,SYNTHETIC COMPANY 00703,1 Example Way,Nowhere,ZZ,00000,4841,2017,SYNTHETIC INDUSTRY,1,2,14,26038,2,0,0,0,0,0,0,0,0,0,0,0,0,,1/1/2024,2023
6705,SYNTHETIC SITE 00704,100704,,SYNTHETIC COMPANY 00704,1 Example Way,Nowhere,ZZ,00000,3328,2017,SYNTHETIC INDUSTRY,1,2,42,75728,1,0,3,1,3,21,4,7,0,0,0,0,0,,1/1/2024,2023
6706,SYNTHETIC SITE 00705,100705,,SYNTHETIC COMPANY 00705,1 Example Way,Nowhere,ZZ,00000,4451,2017,SYNTHETIC INDUSTRY,1,2,13,24947,2,0,0,0,0,0,0,0,0,0,0,0,0,,1/1/2024,2023
6707,SYNTHETIC SITE 00706,100706,,SYNTHETIC COMPANY 00706,1 Example Way,Nowhere,ZZ,00000,4841,2017,SYNTHETIC INDUSTRY,1,2,49,102438,1,0,0,1,1,0,4,2,0,0,0,0,0,,1/1/2024,2023
6708,SYNTHETIC SITE 00707,100707,,SYNTHETIC COMPANY 00707,1 Example Way,Nowhere,ZZ,00000,2361,2017,SYNTHETIC INDUSTRY,1,2,116,215383,1,0,0,1,3,0,4,4,0,0,0,0,0,,1/1/2024,2023
6709,SYNTHETIC SITE 00708,100708,,SYNTHETIC COMPANY 00708,1 Example Way,Nowhere,ZZ,00000,2361,2017,SYNTHETIC INDUSTRY,1,2,13,28825,2,0,0,0,0,0,0,0,0,0,0,0,0,,1/1/2024,2023
6710,SYNTHETIC SITE 00709,100709,,SYNTHETIC COMPANY 00709,1 Example Way,Nowhere,ZZ,00000,3328,2017,SYNTHETIC INDUSTRY,1,2,7,11441,2,0,0,0,0,0,0,0,0,0,0,0,0,,1/1/2024,2023
6711,SYNTHETIC SITE 00710,100710,,SYNTHETIC COMPANY 00710,1 Example Way,Nowhere,ZZ,00000,6221,2017,SYNTHETIC INDUSTRY,1,2,10,16849,2,0,0,0,0,0,0,0,0,0,0,0,0,,1/1/2024,2023
6712,SYNTHETIC SITE 00711,100711,,SYNTHETIC COMPANY 00711,1 Example Way,Nowhere,ZZ,00000,3251,2017,SYNTHETIC INDUSTRY,1,2,11,19499,1,0,2,0,0,14,0,2,0,0,0,0,0,,1/1/2024,2023
6713,SYNTHETIC SITE 00712,100712,,SYNTHETIC COMPANY 00712,1 Example Way,Nowhere,ZZ,00000,6221,2017,SYNTHETIC INDUSTRY,1,2,43,75712,1,0,1,1,0,7,4,2,0,0,0,0,0,,1/1/2024,2023
6714,SYNTHETIC SITE 00713,100713,,SYNTHETIC COMPANY 00713,1 Example Way,Nowhere,ZZ,00000,3328,2017,SYNTHETIC INDUSTRY,1,2,21,40794,1,0,0,0,1,0,0,1,0,0,0,0,0,,1/1/2024,2023
6715,SYNTHETIC SITE 00714,100714,,SYNTHETIC COMPANY 00714,1 Example Way,Nowhere,ZZ,00000,3328,2017,SYNTHETIC INDUSTRY,1,2,285,461505,1,0,7,4,6,49,16,17,0,0,0,0,0,,1/1/2024,2023
6716,SYNTHETIC SITE 00715,100715,,SYNTHETIC COMPANY 00715,1 Example Way,Nowhere,ZZ,00000,4451,2017,SYNTHETIC INDUSTRY,1,2,26,50501,1,0,1,0,0,7,0,1,0,0,0,0,0,,1/1/2024,2023
6717,SYNTHETIC SITE 00716,100716,,SYNTHETIC COMPANY 00716,1 Example Way,Nowhere,ZZ,00000,2361,2017,SYNTHETIC INDUSTRY,1,2,77,141912,2,0,0,0,0,0,0,0,0,0,0,0,0,,1/1/2024,2023
6718,SYNTHETIC SITE 00717,100717,,SYNTHETIC COMPANY 00717,1 Example Way,Nowhere,ZZ,00000,4841,2017,SYNTHETIC INDUSTRY,1,2,271,569500,1,0,1,0,0,7,0,1,0,0,0,0,0,,1/1/2024,2023
6719,SYNTHETIC SITE 00718,100718,,SYNTHETIC COMPANY 00718,1 Example Way,Nowhere,ZZ,00000,3328,2017,SYNTHETIC INDUSTRY,1,2,64,106190,2,0,0,0,0,0,0,0,0,0,0,0,0,,1/1/2024,2023
6720,SYNTHETIC SITE 00719,100719,,SYNTHETIC COMPANY 00719,1 Example Way,Nowhere,ZZ,00000,2361,2017,SYNTHETIC INDUSTRY,1,2,105,220115000,1,0,1,0,0,7,0,1,0,0,0,0,0,,1/1/2024,2023
6721,SYNTHETIC SITE 00720,100720,,SYNTHETIC COMPANY 00720,1 Example Way,Nowhere,ZZ,00000,4841,2017,SYNTHETIC INDUSTRY,1,2,78,134648,2,0,0,0,0,0,0,0,0,0,0,0,0,,1/1/2024,2023
6722,SYNTHETIC SITE 00721,100721,,SYNTHETIC COMPANY 00721,1 Example Way,Nowhere,ZZ,00000,6221,2017,SYNTHETIC INDUSTRY,1,2,29,52791,1,0,1,0,0,7,0,1,0,0,0,0,0,,1/1/2024,2023
6723,SYNTHETIC SITE 00722,100722,,SYNTHETIC COMPANY 00722,1 Example Way,Nowhere,ZZ,00000,3115,2017,SYNTHETIC INDUSTRY,1,2,469,683094,1,0,1,0,2,7,0,3,0,0,0,0,0,,1/1/2024,2023
6724,SYNTHETIC SITE 00723,100723,,SYNTHETIC COMPANY 00723,1 Example Way,Nowhere,ZZ,00000,3115,2017,SYNTHETIC INDUSTRY,1,2,267,573909,1,0,2,1,3,14,4,6,0,0,0,0,0,,1/1/2024,2023
6725,SYNTHETIC SITE 00724,100724,,SYNTHETIC COMPANY 00724,1 Example Way,Nowhere,ZZ,00000,3328,2017,SYNTHETIC INDUSTRY,1,2,296,617152,1,0,4,3,4,28,12,11,0,0,0,0,0,,1/1/2024,2023
6726,SYNTHETIC SITE 00725,100725,,SYNTHETIC COMPANY 00725,1 Example Way,Nowhere,ZZ,00000,3251,2017,SYNTHETIC INDUSTRY,1,2,25,48989,2,0,0,0,0,0,0,0,0,0,0,0,0,,1/1/2024,2023
6727,SYNTHETIC SITE 00726,100726,,SYNTHETIC COMPANY 00726,1 Example Way,Nowhere,ZZ,00000,3251,2017,SYNTHETIC INDUSTRY,1,2,273,448967,1,0,4,1,7,28,4,12,0,0,0,0,0,,1/1/2024,2023
6728,SYNTHETIC SITE 00727,100727,,SYNTHETIC COMPANY 00727,1 Example Way,Nowhere,ZZ,00000,4841,2017,SYNTHETIC INDUSTRY,1,2,19,33198,1,0,1,0,0,7,0,1,0,0,0,0,0,,1/1/2024,2023
6729,SYNTHETIC SITE 00728,100728,,SYNTHETIC COMPANY 00728,1 Example Way,Nowhere,ZZ,00000,4841,2017,SYNTHETIC INDUSTRY,1,2,16,25907,2,0,0,0,0,0,0,0,0,0,0,0,0,,1/1/2024,2023
6730,SYNTHETIC SITE 00729,100729,,SYNTHETIC COMPANY 00729,1 Example Way,Nowhere,ZZ,00000,3328,2017,SYNTHETIC INDUSTRY,1,2,45,86407,2,0,0,0,0,0,0,0,0,0,0,0,0,,1/1/2024,2023
6731,SYNTHETIC SITE 00730,100730,,SYNTHETIC COMPANY 00730,1 Example Way,Nowhere,ZZ,00000,3328,2017,SYNTHETIC INDUSTRY,1,2,10,20586,2,0,0,0,0,0,0,0,0,0,0,0,0,,1/1/2024,2023
6732,SYNTHETIC SITE 00731,100731,,SYNTHETIC COMPANY 00731,1 Example Way,Nowhere,ZZ,00000,3252,2017,SYNTHETIC INDUSTRY,1,2,21,44482,2,0,0,0,0,0,0,0,0,0,0,0,0,,1/1/2024,2023
6733,SYNTHETIC SITE 00732,100732,,SYNTHETIC COMPANY 00732,1 Example Way,Nowhere,ZZ,00000,3251,2017,SYNTHETIC INDUSTRY,1,2,483,1072098,1,0,0,0,2,0,0,2,0,0,0,0,0,,1/1/2024,2023
6734,SYNTHETIC SITE 00733,100733,,SYNTHETIC COMPANY 00733,1 Example Way,Nowhere,ZZ,00000,3252,2017,SYNTHETIC INDUSTRY,1,2,27,43452,2,0,0,0,0,0,0,0,0,0,0,0,0,,1/1/2024,2023
6735,SYNTHETIC SITE 00734,100734,,SYNTHETIC COMPANY 00734,1 Example Way,Nowhere,ZZ,00000,4841,2017,SYNTHETIC INDUSTRY,1,2,46,86189,1,0,0,0,1,0,0,1,0,0,0,0,0,,1/1/2024,2023
6736,SYNTHETIC SITE 00735,100735,,SYNTHETIC COMPANY 00735,1 Example Way,Nowhere,ZZ,00000,3115,2017,SYNTHETIC INDUSTRY,1,2,103,228835,2,0,0,0,0,0,0,0,0,0,0,0,0,,1/1/2024,2023
6737,SYNTHETIC SITE 00736,100736,,SYNTHETIC COMPANY 00736,1 Example Way,Nowhere,ZZ,00000,3328,2017,SYNTHETIC INDUSTRY,1,2,485,978709,1,0,12,4,15,84,16,31,0,0,0,0,0,,1/1/2024,2023
6738,SYNTHETIC SITE 00737,100737,,SYNTHETIC COMPANY 00737,1 Example Way,Nowhere,ZZ,00000,3115,2017,SYNTHETIC INDUSTRY,1,2,48,105596,1,0,3,1,3,21,4,7,0,0,0,0,0,,1/1/2024,2023
6739,SYNTHETIC SITE 00738,100738,,SYNTHETIC COMPANY 00738,1 Example Way,Nowhere,ZZ,00000,3252,2017,SYNTHETIC INDUSTRY,1,2,35,68687,1,0,1,0,2,7,0,3,0,0,0,0,0,,1/1/2024,2023
6740,SYNTHETIC SITE 00739,100739,,SYNTHETIC COMPANY 00739,1 Example Way,Nowhere,ZZ,00000,2361,2017,SYNTHETIC INDUSTRY,1,2,7,11528,2,0,0,0,0,0,0,0,0,0,0,0,0,,1/1/2024,2023
6741,SYNTHETIC SITE 00740,100740,,SYNTHETIC COMPANY 00740,1 Example Way,Nowhere,ZZ,00000,3115,2017,SYNTHETIC INDUSTRY,1,2,232,444706,1,0,3,2,2,21,8,7,0,0,0,0,0,,1/1/2024,2023
6742,SYNTHETIC SITE 00741,100741,,SYNTHETIC COMPANY 00741,1 Example Way,Nowhere,ZZ,00000,4451,2017,SYNTHETIC INDUSTRY,1,2,35,82735,1,0,0,0,1,0,0,1,0,0,0,0,0,,1/1/2024,2023
6743,SYNTHETIC SITE 00742,100742,,SYNTHETIC COMPANY 00742,1 Example Way,Nowhere,ZZ,00000,3252,2017,SYNTHETIC INDUSTRY,1,2,181,3277880,2,0,0,0,0,0,0,0,0,0,0,0,0,,1/1/2024,2023
6744,SYNTHETIC SITE 00743,100743,,SYNTHETIC COMPANY 00743,1 Example Way,Nowhere,ZZ,00000,4451,2017,SYNTHETIC INDUSTRY,1,2,19,29758,2,0,0,0,0,0,0,0,0,0,0,0,0,,1/1/2024,2023
6745,SYNTHETIC SITE 00744,100744,,SYNTHETIC COMPANY 00744,1 Example Way,Nowhere,ZZ,00000,3328,2017,SYNTHETIC INDUSTRY,1,2,26,52446,2,0,0,0,0,0,0,0,0,0,0,0,0,,1/1/2024,2023
6746,SYNTHETIC SITE 00745,100745,,SYNTHETIC COMPANY 00745,1 Example Way,Nowhere,ZZ,00000,2361,2017,SYNTHETIC INDUSTRY,1,2,12,22604,2,0,0,0,0,0,0,0,0,0,0,0,0,,1/1/2024,2023
6747,SYNTHETIC SITE 00746,100746,,SYNTHETIC COMPANY 00746,1 Example Way,Nowhere,ZZ,00000,3252,2017,SYNTHETIC INDUSTRY,1,2,54,98805,1,0,1,0,2,7,0,3,0,0,0,0,0,,1/1/2024,2023
6748,SYNTHETIC SITE 00747,100747,,SYNTHETIC COMPANY 00747,1 Example Way,Nowhere,ZZ,00000,2361,2017,SYNTHETIC INDUSTRY,1,2,57,126992,1,0,0,0,1,0,0,1,0,0,0,0,0,,1/1/2024,2023
6749,SYNTHETIC SITE 00748,100748,,SYNTHETIC COMPANY 00748,1 Example Way,Nowhere,ZZ,00000,4841,2017,SYNTHETIC INDUSTRY,1,2,17,31823,1,0,1,0,1,7,0,2,0,0,0,0,0,,1/1/2024,2023
6750,SYNTHETIC SITE 00749,100749,,SYNTHETIC COMPANY 00749,1 Example Way,Nowhere,ZZ,00000,3115,2017,SYNTHETIC INDUSTRY,1,2,29,61626,2,0,0,0,0,0,0,0,0,0,0,0,0,,1/1/2024,2023
6751,SYNTHETIC SITE 00750,100750,,SYNTHETIC COMPANY 00750,1 Example Way,Nowhere,ZZ,00000,3251,2017,SYNTHETIC INDUSTRY,1,2,72,159086,1,0,0,1,1,0,4,2,0,0,0,0,0,,1/1/2024,2023
6752,SYNTHETIC SITE 00751,100751,,SYNTHETIC COMPANY 00751,1 Example Way,Nowhere,ZZ,00000,4451,2017,SYNTHETIC INDUSTRY,1,2,94,133290,2,0,0,0,0,0,0,0,0,0,0,0,0,,1/1/2024,2023
6753,SYNTHETIC SITE 00752,100752,,SYNTHETIC COMPANY 00752,1 Example Way,Nowhere,ZZ,00000,3252,2017,SYNTHETIC INDUSTRY,1,2,14,31511,1,0,1,1,1,7,4,3,0,0,0,0,0,,1/1/2024,2023
6754,SYNTHETIC SITE 00753,100753,,SYNTHETIC COMPANY 00753,1 Example Way,Nowhere,ZZ,00000,6221,2017,SYNTHETIC INDUSTRY,1,2,136,227637,1,0,0,0,1,0,0,1,0,0,0,0,0,,1/1/2024,2023
6755,SYNTHETIC SITE 00754,100754,,SYNTHETIC COMPANY 00754,1 Example Way,Nowhere,ZZ,00000,3115,2017,SYNTHETIC INDUSTRY,1,2,18,34270,1,0,0,0,1,0,0,1,0,0,0,0,0,,1/1/2024,2023
6756,SYNTHETIC SITE 00755,100755,,SYNTHETIC COMPANY 00755,1 Example Way,Nowhere,ZZ,00000,2361,2017,SYNTHETIC INDUSTRY,1,2,8,14338,2,0,0,0,0,0,0,0,0,0,0,0,0,,1/1/2024,2023
6757,SYNTHETIC SITE 00756,100756,,SYNTHETIC COMPANY 00756,1 Example Way,Nowhere,ZZ,00000,6221,2017,SYNTHETIC INDUSTRY,1,2,93,160648,1,0,2,3,5,14,12,10,0,0,0,0,0,,1/1/2024,2023
6758,SYNTHETIC SITE 00757,100757,,SYNTHETIC COMPANY 00757,1 Example Way,Nowhere,ZZ,00000,4451,2017,SYNTHETIC INDUSTRY,1,2,15,31372,1,0,0,0,1,0,0,1,0,0,0,0,0,,1/1/2024,2023
6759,SYNTHETIC SITE 00758,100758,,SYNTHETIC COMPANY 00758,1 Example Way,Nowhere,ZZ,00000,3252,2017,SYNTHETIC INDUSTRY,1,2,70,91334,1,0,0,1,1,0,4,2,0,0,0,0,0,,1/1/2024,2023
6760,SYNTHETIC SITE 00759,100759,,SYNTHETIC COMPANY 00759,1 Example Way,Nowhere,ZZ,00000,4841,2017,SYNTHETIC INDUSTRY,1,2,248,335254,1,0,2,4,3,14,16,9,0,0,0,0,0,,1/1/2024,2023
6761,SYNTHETIC SITE 00760,100760,,SYNTHETIC COMPANY 00760,1 Example Way,Nowhere,ZZ,00000,3251,2017,SYNTHETIC INDUSTRY,1,2,91,179211,1,0,1,0,1,7,0,2,0,0,0,0,0,,1/1/2024,2023
6762,SYNTHETIC SITE 00761,100761,,SYNTHETIC COMPANY 00761,1 Example Way,Nowhere,ZZ,00000,6221,2017,SYNTHETIC INDUSTRY,1,2,143,285577,2,0,0,0,0,0,0,0,0,0,0,0,0,,1/1/2024,2023
6763,SYNTHETIC SITE 00762,100762,,SYNTHETIC COMPANY 00762,1 Example Way,Nowhere,ZZ,00000,6221,2017,SYNTHETIC INDUSTRY,1,2,29,42700,1,0,2,0,2,14,0,4,0,0,0,0,0,,1/1/2024,2023
6764,SYNTHETIC SITE 00763,100763,,SYNTHETIC COMPANY 00763,1 Example Way,Nowhere,ZZ,00000,3252,2017,SYNTHETIC INDUSTRY,1,2,16,27966,2,0,0,0,0,0,0,0,0,0,0,0,0,,1/1/2024,2023
6765,SYNTHETIC SITE 00764,100764,,SYNTHETIC COMPANY 00764,1 Example Way,Nowhere,ZZ,00000,3115,2017,SYNTHETIC INDUSTRY,1,2,20,38556,2,0,0,0,0,0,0,0,0,0,0,0,0,,1/1/2024,2023
6766,SYNTHETIC SITE 00765,100765,,SYNTHETIC COMPANY 00765,1 Example Way,Nowhere,ZZ,00000,3328,2017,SYNTHETIC INDUSTRY,1,2,10,16856,2,0,0,0,0,0,0,0,0,0,0,0,0,,1/1/2024,2023
6767,SYNTHETIC SITE 00766,100766,,SYNTHETIC COMPANY 00766,1 Example Way,Nowhere,ZZ,00000,3115,2017,SYNTHETIC INDUSTRY,1,2,12,20924,1,0,0,1,3,0,4,4,0,0,0,0,0,,1/1/2024,2023
6768,SYNTHETIC SITE 00767,100767,,SYNTHETIC COMPANY 00767,1 Example Way,Nowhere,ZZ,00000,6221,2017,SYNTHETIC INDUSTRY,1,2,883,1542123,2,0,0,0,0,0,0,0,0,0,0,0,0,,1/1/2024,2023
6769,SYNTHETIC SITE 00768,100768,,SYNTHETIC COMPANY 00768,1 Example Way,Nowhere,ZZ,00000,4841,2017,SYNTHETIC INDUSTRY,1,2,7,14388,2,0,0,0,0,0,0,0,0,0,0,0,0,,1/1/2024,2023
6770,SYNTHETIC SITE 00769,100769,,SYNTHETIC COMPANY 00769,1 Example Way,Nowhere,ZZ,00000,3328,2017,SYNTHETIC INDUSTRY,1,2,23,48199,2,0,0,0,0,0,0,0,0,0,0,0,0,,1/1/2024,2023
6771,SYNTHETIC SITE 00770,100770,,SYNTHETIC COMPANY 00770,1 Example Way,Nowhere,ZZ,00000,4841,2017,SYNTHETIC INDUSTRY,1,2,193,293456,1,0,0,0,1,0,0,1,0,0,0,0,0,,1/1/2024,2023
6772,SYNTHETIC SITE 00771,100771,,SYNTHETIC COMPANY 00771,1 Example Way,Nowhere,ZZ,00000,3115,2017,SYNTHETIC INDUSTRY,1,2,289,6540680,1,0,2,0,2,14,0,4,0,0,0,0,0,,1/1/2024,2023
6773,SYNTHETIC SITE 00772,100772,,SYNTHETIC COMPANY 00772,1 Example Way,Nowhere,ZZ,00000,4451,2017,SYNTHETIC INDUSTRY,1,2,16,31285,1,0,0,0,1,0,0,1,0,0,0,0,0,,1/1/2024,2023
6774,SYNTHETIC SITE 00773,100773,,SYNTHETIC COMPANY 00773,1 Example Way,Nowhere,ZZ,00000,3328,2017,SYNTHETIC INDUSTRY,1,2,123,253331,2,0,0,0,0,0,0,0,0,0,0,0,0,,1/1/2024,2023
6775,SYNTHETIC SITE 00774,100774,,SYNTHETIC COMPANY 00774,1 Example Way,Nowhere,ZZ,00000,4451,2017,SYNTHETIC INDUSTRY,1,2,51,102352,2,0,0,0,0,0,0,0,0,0,0,0,0,,1/1/2024,2023
6776,SYNTHETIC SITE 00775,100775,,SYNTHETIC COMPANY 00775,1 Example Way,Nowhere,ZZ,00000,3252,2017,SYNTHETIC INDUSTRY,1,2,1271,2874847,1,0,98,54,109,686,216,261,0,0,0,0,0,,1/1/2024,2023
6777,SYNTHETIC SITE 00776,100776,,SYNTHETIC COMPANY 00776,1 Example Way,Nowhere,ZZ,00000,3251,2017,SYNTHETIC INDUSTRY,1,2,18,34071,2,0,0,0,0,0,0,0,0,0,0,0,0,,1/1/2024,2023
6778,SYNTHETIC SITE 00777,100777,,SYNTHETIC COMPANY 00777,1 Example Way,Nowhere,ZZ,00000,3115,2017,SYNTHETIC INDUSTRY,1,2,61,112024,2,0,0,0,0,0,0,0,0,0,0,0,0,,1/1/2024,2023
6779,SYNTHETIC SITE 00778,100778,,SYNTHETIC COMPANY 00778,1 Example Way,Nowhere,ZZ,00000,3251,2017,SYNTHETIC INDUSTRY,1,2,12,22144,2,0,0,0,0,0,0,0,0,0,0,0,0,,1/1/2024,2023
6780,SYNTHETIC SITE 00779,100779,,SYNTHETIC COMPANY 00779,1 Example Way,Nowhere,ZZ,00000,3251,2017,SYNTHETIC INDUSTRY,1,2,37,80377,2,0,0,0,0,0,0,0,0,0,0,0,0,,1/1/2024,2023
6781,SYNTHETIC SITE 00780,100780,,SYNTHETIC COMPANY 00780,1 Example Way,Nowhere,ZZ,00000,2361,2017,SYNTHETIC INDUSTRY,1,2,294,558304,1,0,2,0,2,14,0,4,0,0,0,0,0,,1/1/2024,2023
6782,SYNTHETIC SITE 00781,100781,,SYNTHETIC COMPANY 00781,1 Example Way,Nowhere,ZZ,00000,3328,2017,SYNTHETIC INDUSTRY,1,2,125,236869,1,0,4,1,1,28,4,6,0,0,0,0,0,,1/1/2024,2023
6783,SYNTHETIC SITE 00782,100782,,SYNTHETIC COMPANY 00782,1 Example Way,Nowhere,ZZ,00000,2361,2017,SYNTHETIC INDUSTRY,1,2,14,26846,2,0,0,0,0,0,0,0,0,0,0,0,0,,1/1/2024,2023
6784,SYNTHETIC SITE 00783,100783,,SYNTHETIC COMPANY 00783,1 Example Way,Nowhere,ZZ,00000,3115,2017,SYNTHETIC INDUSTRY,1,2,788,1295354,1,0,0,0,1,0,0,1,0,0,0,0,0,,1/1/2024,2023
6785,SYNTHETIC SITE 00784,100784,,SYNTHETIC COMPANY 00784,1 Example Way,Nowhere,ZZ,00000,4451,2017,SYNTHETIC INDUSTRY,1,2,82,116383,1,0,0,0,1,0,0,1,0,0,0,0,0,,1/1/2024,2023
6786,SYNTHETIC SITE 00785,100785,,SYNTHETIC COMPANY 00785,1 Example Way,Nowhere,ZZ,00000,4841,2017,SYNTHETIC INDUSTRY,1,2,83,163707,1,0,2,2,0,14,8,4,0,0,0,0,0,,1/1/2024,2023
6787,SYNTHETIC SITE 00786,100786,,SYNTHETIC COMPANY 00786,1 Example Way,Nowhere,ZZ,00000,4841,2017,SYNTHETIC INDUSTRY,1,2,33,55797,2,0,0,0,0,0,0,0,0,0,0,0,0,,1/1/2024,2023
6788,SYNTHETIC SITE 00787,100787,,SYNTHETIC COMPANY 00787,1 Example Way,Nowhere,ZZ,00000,4841,2017,SYNTHETIC INDUSTRY,1,2,6,12523,2,0,0,0,0,0,0,0,0,0,0,0,0,,1/1/2024,2023
6789,SYNTHETIC SITE 00788,100788,,SYNTHETIC COMPANY 00788,1 Example Way,Nowhere,ZZ,00000,4451,2017,SYNTHETIC INDUSTRY,1,2,216,391113,1,0,1,1,3,7,4,5,0,0,0,0,0,,1/1/2024,2023
6790,SYNTHETIC SITE 00789,100789,,SYNTHETIC COMPANY 00789,1 Example Way,Nowhere,ZZ,00000,3251,2017,SYNTHETIC INDUSTRY,1,2,66,123073,1,0,0,1,1,0,4,2,0,0,0,0,0,,1/1/2024,2023
6791,SYNTHETIC SITE 00790,100790,,SYNTHETIC COMPANY 00790,1 Example Way,Nowhere,ZZ,00000,3115,2017,SYNTHETIC INDUSTRY,1,2,124,200868,2,0,0,0,0,0,0,0,0,0,0,0,0,,1/1/2024,2023
6792,SYNTHETIC SITE 00791,100791,,SYNTHETIC COMPANY 00791,1 Example Way,Nowhere,ZZ,00000,4451,2017,SYNTHETIC INDUSTRY,1,2,19,35357,2,0,0,0,0,0,0,0,0,0,0,0,0,,1/1/2024,2023
6793,SYNTHETIC SITE 00792,100792,,SYNTHETIC COMPANY 00792,1 Example Way,Nowhere,ZZ,00000,2361,2017,SYNTHETIC INDUSTRY,1,2,185,407657,1,0,1,1,1,7,4,3,0,0,0,0,0,,1/1/2024,2023
6794,SYNTHETIC SITE 00793,100793,,SYNTHETIC COMPANY 00793,1 Example Way,Nowhere,ZZ,00000,4451,2017,SYNTHETIC INDUSTRY,1,2,38,84566,2,0,0,0,0,0,0,0,0,0,0,0,0,,1/1/2024,2023
6795,SYNTHETIC SITE 00794,100794,,SYNTHETIC COMPANY 00794,1 Example Way,Nowhere,ZZ,00000,3251,2017,SYNTHETIC INDUSTRY,1,2,111,214238,2,0,0,0,0,0,0,0,0,0,0,0,0,,1/1/2024,2023
6796,SYNTHETIC SITE 00795,100795,,SYNTHETIC COMPANY 00795,1 Example Way,Nowhere,ZZ,00000,3252,2017,SYNTHETIC INDUSTRY,1,2,51,100479,2,0,0,0,0,0,0,0,0,0,0,0,0,,1/1/2024,2023
6797,SYNTHETIC SITE 00796,100796,,SYNTHETIC COMPANY 00796,1 Example Way,Nowhere,ZZ,00000,4451,2017,SYNTHETIC INDUSTRY,1,2,16,24403,2,0,0,0,0,0,0,0,0,0,0,0,0,,1/1/2024,2023
6798,SYNTHETIC SITE 00797,100797,,SYNTHETIC COMPANY 00797,1 Example Way,Nowhere,ZZ,00000,3252,2017,SYNTHETIC INDUSTRY,1,2,5,9374,2,0,0,0,0,0,0,0,0,0,0,0,0,,1/1/2024,2023
6799,SYNTHETIC SITE 00798,100798,,SYNTHETIC COMPANY 00798,1 Example Way,Nowhere,ZZ,00000,3328,2017,SYNTHETIC INDUSTRY,1,2,65,119627,1,0,1,0,3,7,0,4,0,0,0,0,0,,1/1/2024,2023
6800,SYNTHETIC SITE 00799,100799,,SYNTHETIC COMPANY 00799,1 Example Way,Nowhere,ZZ,00000,2361,2017,SYNTHETIC INDUSTRY,1,2,25,55369,1,0,1,0,2,7,0,3,0,0,0,0,0,,1/1/2024,2023
6801,SYNTHETIC SITE 00800,100800,,SYNTHETIC COMPANY 00800,1 Example Way,Nowhere,ZZ,00000,2361,2017,SYNTHETIC INDUSTRY,1,2,30,63470,1,0,2,0,0,14,0,2,0,0,0,0,0,,1/1/2024,2023
6802,SYNTHETIC SITE 00801,100801,,SYNTHETIC COMPANY 00801,1 Example Way,Nowhere,ZZ,00000,4451,2017,SYNTHETIC INDUSTRY,1,2,496,1023636,1,0,12,10,15,84,40,37,0,0,0,0,0,,1/1/2024,2023
6803,SYNTHETIC SITE 00802,100802,,SYNTHETIC COMPANY 00802,1 Example Way,Nowhere,ZZ,00000,3328,2017,SYNTHETIC INDUSTRY,1,2,39,84835,2,0,0,0,0,0,0,0,0,0,0,0,0,,1/1/2024,2023
6804,SYNTHETIC SITE 00803,100803,,SYNTHETIC COMPANY 00803,1 Example Way,Nowhere,ZZ,00000,3251,2017,SYNTHETIC INDUSTRY,1,2,20,31567,1,0,0,0,1,0,0,1,0,0,0,0,0,,1/1/2024,2023
6805,SYNTHETIC SITE 00804,100804,,SYNTHETIC COMPANY 00804,1 Example Way,Nowhere,ZZ,00000,2361,2017,SYNTHETIC INDUSTRY,1,2,18,38255,1,0,0,1,1,0,4,2,0,0,0,0,0,,1/1/2024,2023
6806,SYNTHETIC SITE 00805,100805,,SYNTHETIC COMPANY 00805,1 Example Way,Nowhere,ZZ,00000,3328,2017,SYNTHETIC INDUSTRY,1,2,73,141613,1,0,3,0,2,21,0,5,0,0,0,0,0,,1/1/2024,2023
6807,SYNTHETIC SITE 00806,100806,,SYNTHETIC COMPANY 00806,1 Example Way,Nowhere,ZZ,00000,2361,2017,SYNTHETIC INDUSTRY,1,2,26,49778,1,0,1,1,0,7,4,2,0,0,0,0,0,,1/1/2024,2023
6808,SYNTHETIC SITE 00807,100807,,SYNTHETIC COMPANY 00807,1 Example Way,Nowhere,ZZ,00000,4841,2017,SYNTHETIC INDUSTRY,1,2,30,52961,2,0,0,0,0,0,0,0,0,0,0,0,0,,1/1/2024,2023
6809,SYNTHETIC SITE 00808,100808,,SYNTHETIC COMPANY 00808,1 Example Way,Nowhere,ZZ,00000,6221,2017,SYNTHETIC INDUSTRY,1,2,9,14321,1,0,0,0,1,0,0,1,0,0,0,0,0,,1/1/2024,2023
6810,SYNTHETIC SITE 00809,100809,,SYNTHETIC COMPANY 00809,1 Example Way,Nowhere,ZZ,00000,3251,2017,SYNTHETIC INDUSTRY,1,2,541,687078,1,0,0,2,0,0,8,2,0,0,0,0,0,,1/1/2024,2023
6811,SYNTHETIC SITE 00810,100810,,SYNTHETIC COMPANY 00810,1 Example Way,Nowhere,ZZ,00000,3115,2017,SYNTHETIC INDUSTRY,1,2,39,77532,2,0,0,0,0,0,0,0,0,0,0,0,0,,1/1/2024,2023
6812,SYNTHETIC SITE 00811,100811,,SYNTHETIC COMPANY 00811,1 Example Way,Nowhere,ZZ,00000,6221,2017,SYNTHETIC INDUSTRY,1,2,26,52494,1,0,0,0,2,0,0,2,0,0,0,0,0,,1/1/2024,2023
6813,SYNTHETIC SITE 00812,100812,,SYNTHETIC COMPANY 00812,1 Example Way,Nowhere,ZZ,00000,4451,2017,SYNTHETIC INDUSTRY,1,2,19,32209,2,0,0,0,0,0,0,0,0,0,0,0,0,,1/1/2024,2023
6814,SYNTHETIC SITE 00813,100813,,SYNTHETIC COMPANY 00813,1 Example Way,Nowhere,ZZ,00000,3251,2017,SYNTHETIC INDUSTRY,1,2,57,139372,1,0,1,0,1,7,0,2,0,0,0,0,0,,1/1/2024,2023
6815,SYNTHETIC SITE 00814,100814,,SYNTHETIC COMPANY 00814,1 Example Way,Nowhere,ZZ,00000,3115,2017,SYNTHETIC INDUSTRY,1,2,139,238096,1,0,1,0,1,7,0,2,0,0,0,0,0,,1/1/2024,2023
6816,SYNTHETIC SITE 00815,100815,,SYNTHETIC COMPANY 00815,1 Example Way,Nowhere,ZZ,00000,3251,2017,SYNTHETIC INDUSTRY,1,2,113,219131,2,0,0,0,0,0,0,0,0,0,0,0,0,,1/1/2024,2023
6817,SYNTHETIC SITE 00816,100816,,SYNTHETIC COMPANY 00816,1 Example Way,Nowhere,ZZ,00000,6221,2017,SYNTHETIC INDUSTRY,1,2,64,111479,1,0,0,0,1,0,0,1,0,0,0,0,0,,1/1/2024,2023
6818,SYNTHETIC SITE 00817,100817,,SYNTHETIC COMPANY 00817,1 Example Way,Nowhere,ZZ,00000,4451,2017,SYNTHETIC INDUSTRY,1,2,24,54103,2,0,0,0,0,0,0,0,0,0,0,0,0,,1/1/2024,2023
6819,SYNTHETIC SITE 00818,100818,,SYNTHETIC COMPANY 00818,1 Example Way,Nowhere,ZZ,00000,3115,2017,SYNTHETIC INDUSTRY,1,2,4,6144,2,0,0,0,0,0,0,0,0,0,0,0,0,,1/1/2024,2023
6820,SYNTHETIC SITE 00819,100819,,SYNTHETIC COMPANY 00819,1 Example Way,Nowhere,ZZ,00000,3252,2017,SYNTHETIC INDUSTRY,1,2,22,44963,2,0,0,0,0,0,0,0,0,0,0,0,0,,1/1/2024,2023
6821,SYNTHETIC SITE 00820,100820,,SYNTHETIC COMPANY 00820,1 Example Way,Nowhere,ZZ,00000,3328,2017,SYNTHETIC INDUSTRY,1,2,186,342543,1,0,1,0,1,7,0,2,0,0,0,0,0,,1/1/2024,2023
6822,SYNTHETIC SITE 00821,100821,,SYNTHETIC COMPANY 00821,1 Example Way,Nowhere,ZZ,00000,3115,2017,SYNTHETIC INDUSTRY,1,2,23,37221,2,0,0,0,0,0,0,0,0,0,0,0,0,,1/1/2024,2023
6823,SYNTHETIC SITE 00822,100822,,SYNTHETIC COMPANY 00822,1 Example Way,Nowhere,ZZ,00000,4451,2017,SYNTHETIC INDUSTRY,1,2,51,75474,2,0,0,0,0,0,0,0,0,0,0,0,0,,1/1/2024,2023
6824,SYNTHETIC SITE 00823,100823,,SYNTHETIC COMPANY 00823,1 Example Way,Nowhere,ZZ,00000,4841,2017,SYNTHETIC INDUSTRY,1,2,20,34452,2,0,0,0,0,0,0,0,0,0,0,0,0,,1/1/2024,2023
6825,SYNTHETIC SITE 00824,100824,,SYNTHETIC COMPANY 00824,1 Example Way,Nowhere,ZZ,00000,3252,2017,SYNTHETIC INDUSTRY,1,2,8,13599,2,0,0,0,0,0,0,0,0,0,0,0,0,,1/1/2024,2023
6826,SYNTHETIC SITE 00825,100825,,SYNTHETIC COMPANY 00825,1 Example Way,Nowhere,ZZ,00000,3251,2017,SYNTHETIC INDUSTRY,1,2,24,49970,1,0,0,0,1,0,0,1,0,0,0,0,0,,1/1/2024,2023
6827,SYNTHETIC SITE 00826,100826,,SYNTHETIC COMPANY 00826,1 Example Way,Nowhere,ZZ,00000,4841,2017,SYNTHETIC INDUSTRY,1,2,12,26250,2,0,0,0,0,0,0,0,0,0,0,0,0,,1/1/2024,2023
6828,SYNTHETIC SITE 00827,100827,,SYNTHETIC COMPANY 00827,1 Example Way,Nowhere,ZZ,00000,2361,2017,SYNTHETIC INDUSTRY,1,2,142,239198,2,0,0,0,0,0,0,0,0,0,0,0,0,,1/1/2024,2023
6829,SYNTHETIC SITE 00828,100828,,SYNTHETIC COMPANY 00828,1 Example Way,Nowhere,ZZ,00000,3115,2017,SYNTHETIC INDUSTRY,1,2,58,121835,1,0,1,0,1,7,0,2,0,0,0,0,0,,1/1/2024,2023
6830,SYNTHETIC SITE 00829,100829,,SYNTHETIC COMPANY 00829,1 Example Way,Nowhere,ZZ,00000,4841,2017,SYNTHETIC INDUSTRY,1,2,48,103942,1,0,0,1,1,0,4,2,0,0,0,0,0,,1/1/2024,2023
6831,SYNTHETIC SITE 00830,100830,,SYNTHETIC COMPANY 00830,1 Example Way,Nowhere,ZZ,00000,4451,2017,SYNTHETIC INDUSTRY,1,2,156,322926,1,0,2,1,2,14,4,5,0,0,0,0,0,,1/1/2024,2023
6832,SYNTHETIC SITE 00831,100831,,SYNTHETIC COMPANY 00831,1 Example Way,Nowhere,ZZ,00000,3115,2017,SYNTHETIC INDUSTRY,1,2,14,1443000,2,0,0,0,0,0,0,0,0,0,0,0,0,,1/1/2024,2023
6833,SYNTHETIC SITE 00832,100832,,SYNTHETIC COMPANY 00832,1 Example Way,Nowhere,ZZ,00000,2361,2017,SYNTHETIC INDUSTRY,1,2,76,159771,2,0,0,0,0,0,0,0,0,0,0,0,0,,1/1/2024,2023
6834,SYNTHETIC SITE 00833,100833,,SYNTHETIC COMPANY 00833,1 Example Way,Nowhere,ZZ,00000,6221,2017,SYNTHETIC INDUSTRY,1,2,433,858617,1,0,5,2,9,35,8,16,0,0,0,0,0,,1/1/2024,2023
6835,SYNTHETIC SITE 00834,100834,,SYNTHETIC COMPANY 00834,1 Example Way,Nowhere,ZZ,00000,3251,2017,SYNTHETIC INDUSTRY,1,2,345,508388,1,0,1,2,2,7,8,5,0,0,0,0,0,,1/1/2024,2023
6836,SYNTHETIC SITE 00835,100835,,SYNTHETIC COMPANY 00835,1 Example Way,Nowhere,ZZ,00000,3328,2017,SYNTHETIC INDUSTRY,1,2,52,86570,2,0,0,0,0,0,0,0,0,0,0,0,0,,1/1/2024,2023
6837,SYNTHETIC SITE 00836,100836,,SYNTHETIC COMPANY 00836,1 Example Way,Nowhere,ZZ,00000,4841,2017,SYNTHETIC INDUSTRY,1,2,97,170003,1,0,1,1,0,7,4,2,0,0,0,0,0,,1/1/2024,2023
6838,SYNTHETIC SITE 00837,100837,,SYNTHETIC COMPANY 00837,1 Example Way,Nowhere,ZZ,00000,4451,2017,SYNTHETIC INDUSTRY,1,2,51,111954,2,0,0,0,0,0,0,0,0,0,0,0,0,,1/1/2024,2023
6839,SYNTHETIC SITE 00838,100838,,SYNTHETIC COMPANY 00838,1 Example Way,Nowhere,ZZ,00000,2361,2017,SYNTHETIC INDUSTRY,1,2,47,115278,2,0,0,0,0,0,0,0,0,0,0,0,0,,1/1/2024,2023
6840,SYNTHETIC SITE 00839,100839,,SYNTHETIC COMPANY 00839,1 Example Way,Nowhere,ZZ,00000,3115,2017,SYNTHETIC INDUSTRY,1,2,24,53620,2,0,0,0,0,0,0,0,0,0,0,0,0,,1/1/2024,2023
6841,SYNTHETIC SITE 00840,100840,,SYNTHETIC COMPANY 00840,1 Example Way,Nowhere,ZZ,00000,3251,2017,SYNTHETIC INDUSTRY,1,2,5,9877,2,0,0,0,0,0,0,0,0,0,0,0,0,,1/1/2024,2023
6842,SYNTHETIC SITE 00841,100841,,SYNTHETIC COMPANY 00841,1 Example Way,Nowhere,ZZ,00000,2361,2017,SYNTHETIC INDUSTRY,1,2,42,68504,1,0,0,1,0,0,4,1,0,0,0,0,0,,1/1/2024,2023
6843,SYNTHETIC SITE 00842,100842,,SYNTHETIC COMPANY 00842,1 Example Way,Nowhere,ZZ,00000,3251,2017,SYNTHETIC INDUSTRY,1,2,130,248281,2,0,0,0,0,0,0,0,0,0,0,0,0,,1/1/2024,2023
6844,SYNTHETIC SITE 00843,100843,,SYNTHETIC COMPANY 00843,1 Example Way,Nowhere,ZZ,00000,3328,2017,SYNTHETIC INDUSTRY,1,2,12,23467,2,0,0,0,0,0,0,0,0,0,0,0,0,,1/1/2024,2023
6845,SYNTHETIC SITE 00844,100844,,SYNTHETIC COMPANY 00844,1 Example Way,Nowhere,ZZ,00000,6221,2017,SYNTHETIC INDUSTRY,1,2,164,360510,1,0,1,1,7,7,4,9,0,0,0,0,0,,1/1/2024,2023
6846,SYNTHETIC SITE 00845,100845,,SYNTHETIC COMPANY 00845,1 Example Way,Nowhere,ZZ,00000,4451,2017,SYNTHETIC INDUSTRY,1,2,4,7643,2,0,0,0,0,0,0,0,0,0,0,0,0,,1/1/2024,2023
6847,SYNTHETIC SITE 00846,100846,,SYNTHETIC COMPANY 00846,1 Example Way,Nowhere,ZZ,00000,3252,2017,SYNTHETIC INDUSTRY,1,2,151,260296,1,0,1,1,3,7,4,5,0,0,0,0,0,,1/1/2024,2023
6848,SYNTHETIC SITE 00847,100847,,SYNTHETIC COMPANY 00847,1 Example Way,Nowhere,ZZ,00000,4841,2017,SYNTHETIC INDUSTRY,1,2,25,49863,1,0,0,0,1,0,0,1,0,0,0,0,0,,1/1/2024,2023
6849,SYNTHETIC SITE 00848,100848,,SYNTHETIC COMPANY 00848,1 Example Way,Nowhere,ZZ,00000,6221,2017,SYNTHETIC INDUSTRY,1,2,31,55408,2,0,0,0,0,0,0,0,0,0,0,0,0,,1/1/2024,2023
6850,SYNTHETIC SITE 00849,100849,,SYNTHETIC COMPANY 00849,1 Example Way,Nowhere,ZZ,00000,4451,2017,SYNTHETIC INDUSTRY,1,2,18,33406,2,0,0,0,0,0,0,0,0,0,0,0,0,,1/1/2024,2023
6851,SYNTHETIC SITE 00850,100850,,SYNTHETIC COMPANY 00850,1 Example Way,Nowhere,ZZ,00000,6221,2017,SYNTHETIC INDUSTRY,1,2,7,15610,2,0,0,0,0,0,0,0,0,0,0,0,0,,1/1/2024,2023
6852,SYNTHETIC SITE 00851,100851,,SYNTHETIC COMPANY 00851,1 Example Way,Nowhere,ZZ,00000,3328,2017,SYNTHETIC INDUSTRY,1,2,130,264807,2,0,0,0,0,0,0,0,0,0,0,0,0,,1/1/2024,2023
6853,SYNTHETIC SITE 00852,100852,,SYNTHETIC COMPANY 00852,1 Example Way,Nowhere,ZZ,00000,3251,2017,SYNTHETIC INDUSTRY,1,2,113,250148,1,0,0,0,2,0,0,2,0,0,0,0,0,,1/1/2024,2023
6854,SYNTHETIC SITE 00853,100853,,SYNTHETIC COMPANY 00853,1 Example Way,Nowhere,ZZ,00000,3328,2017,SYNTHETIC INDUSTRY,1,2,109,197063,1,0,2,0,0,14,0,2,0,0,0,0,0,,1/1/2024,2023
6855,SYNTHETIC SITE 00854,100854,,SYNTHETIC COMPANY 00854,1 Example Way,Nowhere,ZZ,00000,3251,2017,SYNTHETIC INDUSTRY,1,2,49,120364,2,0,0,0,0,0,0,0,0,0,0,0,0,,1/1/2024,2023
6856,SYNTHETIC SITE 00855,100855,,SYNTHETIC COMPANY 00855,1 Example Way,Nowhere,ZZ,00000,3251,2017,SYNTHETIC INDUSTRY,1,2,79,126620,1,0,3,1,1,21,4,5,0,0,0,0,0,,1/1/2024,2023
6857,SYNTHETIC SITE 00856,100856,,SYNTHETIC COMPANY 00856,1 Example Way,Nowhere,ZZ,00000,2361,2017,SYNTHETIC INDUSTRY,1,2,84,158073,1,0,1,2,2,7,8,5,0,0,0,0,0,,1/1/2024,2023
6858,SYNTHETIC SITE 00857,100857,,SYNTHETIC COMPANY 00857,1 Example Way,Nowhere,ZZ,00000,3115,2017,SYNTHETIC INDUSTRY,1,2,35,58233,1,0,0,1,0,0,4,1,0,0,0,0,0,,1/1/2024,2023
6859,SYNTHETIC SITE 00858,100858,,SYNTHETIC COMPANY 00858,1 Example Way,Nowhere,ZZ,00000,3252,2017,SYNTHETIC INDUSTRY,1,2,42,83095,2,0,0,0,0,0,0,0,0,0,0,0,0,,1/1/2024,2023
6860,SYNTHETIC SITE 00859,100859,,SYNTHETIC COMPANY 00859,1 Example Way,Nowhere,ZZ,00000,4841,2017,SYNTHETIC INDUSTRY,1,2,40,66884,1,0,1,0,0,7,0,1,0,0,0,0,0,,1/1/2024,2023
6861,SYNTHETIC SITE 00860,100860,,SYNTHETIC COMPANY 00860,1 Example Way,Nowhere,ZZ,00000,4841,2017,SYNTHETIC INDUSTRY,1,2,58,125424,1,0,3,3,2,21,12,8,0,0,0,0,0,,1/1/2024,2023
6862,SYNTHETIC SITE 00861,100861,,SYNTHETIC COMPANY 00861,1 Example Way,Nowhere,ZZ,00000,3251,2017,SYNTHETIC INDUSTRY,1,2,741,1270410,1,0,19,5,11,133,20,35,0,0,0,0,0,,1/1/2024,2023
6863,SYNTHETIC SITE 00862,100862,,SYNTHETIC COMPANY 00862,1 Example Way,Nowhere,ZZ,00000,4841,2017,SYNTHETIC INDUSTRY,1,2,68,120814,1,0,0,0,1,0,0,1,0,0,0,0,0,,1/1/2024,2023
6864,SYNTHETIC SITE 00863,100863,,SYNTHETIC COMPANY 00863,1 Example Way,Nowhere,ZZ,00000,3115,2017,SYNTHETIC INDUSTRY,1,2,54,71711,1,0,0,1,0,0,4,1,0,0,0,0,0,,1/1/2024,2023
6865,SYNTHETIC SITE 00864,100864,,SYNTHETIC COMPANY 00864,1 Example Way,Nowhere,ZZ,00000,4841,2017,SYNTHETIC INDUSTRY,1,2,58,130199,2,0,0,0,0,0,0,0,0,0,0,0,0,,1/1/2024,2023
6866,SYNTHETIC SITE 00865,100865,,SYNTHETIC COMPANY 00865,1 Example Way,Nowhere,ZZ,00000,6221,2017,SYNTHETIC INDUSTRY,1,2,103,166718,2,0,0,0,0,0,0,0,0,0,0,0,0,,1/1/2024,2023
6867,SYNTHETIC SITE 00866,100866,,SYNTHETIC COMPANY 00866,1 Example Way,Nowhere,ZZ,00000,3328,2017,SYNTHETIC INDUSTRY,1,2,26,46053,2,0,0,0,0,0,0,0,0,0,0,0,0,,1/1/2024,2023
6868,SYNTHETIC SITE 00867,100867,,SYNTHETIC COMPANY 00867,1 Example Way,Nowhere,ZZ,00000,3115,2017,SYNTHETIC INDUSTRY,1,2,12,20127,1,0,0,0,1,0,0,1,0,0,0,0,0,,1/1/2024,2023
6869,SYNTHETIC SITE 00868,100868,,SYNTHETIC COMPANY 00868,1 Example Way,Nowhere,ZZ,00000,3252,2017,SYNTHETIC INDUSTRY,1,2,23,43735,1,0,1,0,0,7,0,1,0,0,0,0,0,,1/1/2024,2023
6870,SYNTHETIC SITE 00869,100869,,SYNTHETIC COMPANY 00869,1 Example Way,Nowhere,ZZ,00000,2361,2017,SYNTHETIC INDUSTRY,1,2,37,69170,2,0,0,0,0,0,0,0,0,0,0,0,0,,1/1/2024,2023
6871,SYNTHETIC SITE 00870,100870,,SYNTHETIC COMPANY 00870,1 Example Way,Nowhere,ZZ,00000,4451,2017,SYNTHETIC INDUSTRY,1,2,33,72738,1,0,2,0,2,14,0,4,0,0,0,0,0,,1/1/2024,2023
6872,SYNTHETIC SITE 00871,100871,,SYNTHETIC COMPANY 00871,1 Example Way,Nowhere,ZZ,00000,3251,2017,SYNTHETIC INDUSTRY,1,2,90,155924,1,0,1,1,1,7,4,3,0,0,0,0,0,,1/1/2024,2023
6873,SYNTHETIC SITE 00872,100872,,SYNTHETIC COMPANY 00872,1 Example Way,Nowhere,ZZ,00000,2361,2017,SYNTHETIC INDUSTRY,1,2,43,91836,1,0,2,1,0,14,4,3,0,0,0,0,0,,1/1/2024,2023
6874,SYNTHETIC SITE 00873,100873,,SYNTHETIC COMPANY 00873,1 Example Way,Nowhere,ZZ,00000,4841,2017,SYNTHETIC INDUSTRY,1,2,35,77787,2,0,0,0,0,0,0,0,0,0,0,0,0,,1/1/2024,2023
6875,SYNTHETIC SITE 00874,100874,,SYNTHETIC COMPANY 00874,1 Example Way,Nowhere,ZZ,00000,3252,2017,SYNTHETIC INDUSTRY,1,2,16,31511,2,0,0,0,0,0,0,0,0,0,0,0,0,,1/1/2024,2023
6876,SYNTHETIC SITE 00875,100875,,SYNTHETIC COMPANY 00875,1 Example Way,Nowhere,ZZ,00000,4451,2017,SYNTHETIC INDUSTRY,1,2,16,30484,2,0,0,0,0,0,0,0,0,0,0,0,0,,1/1/2024,2023
6877,SYNTHETIC SITE 00876,100876,,SYNTHETIC COMPANY 00876,1 Example Way,Nowhere,ZZ,00000,3328,2017,SYNTHETIC INDUSTRY,1,2,569,734117,2,0,0,0,0,0,0,0,0,0,0,0,0,,1/1/2024,2023
6878,SYNTHETIC SITE 00877,100877,,SYNTHETIC COMPANY 00877,1 Example Way,Nowhere,ZZ,00000,4841,2017,SYNTHETIC INDUSTRY,1,2,31,52110000,2,0,0,0,0,0,0,0,0,0,0,0,0,,1/1/2024,2023
6879,SYNTHETIC SITE 00878,100878,,SYNTHETIC COMPANY 00878,1 Example Way,Nowhere,ZZ,00000,3115,2017,SYNTHETIC INDUSTRY,1,2,299,590272,1,0,15,14,16,105,56,45,0,0,0,0,0,,1/1/2024,2023
6880,SYNTHETIC SITE 00879,100879,,SYNTHETIC COMPANY 00879,1 Example Way,Nowhere,ZZ,00000,3328,2017,SYNTHETIC INDUSTRY,1,2,71,147271,1,0,0,0,1,0,0,1,0,0,0,0,0,,1/1/2024,2023
6881,SYNTHETIC SITE 00880,100880,,SYNTHETIC COMPANY 00880,1 Example Way,Nowhere,ZZ,00000,3252,2017,SYNTHETIC INDUSTRY,1,2,23,43183,2,0,0,0,0,0,0,0,0,0,0,0,0,,1/1/2024,2023
6882,SYNTHETIC SITE 00881,100881,,SYNTHETIC COMPANY 00881,1 Example Way,Nowhere,ZZ,00000,6221,2017,SYNTHETIC INDUSTRY,1,2,16,33435,2,0,0,0,0,0,0,0,0,0,0,0,0,,1/1/2024,2023
6883,SYNTHETIC SITE 00882,100882,,SYNTHETIC COMPANY 00882,1 Example Way,Nowhere,ZZ,00000,2361,2017,SYNTHETIC INDUSTRY,1,2,43,74286,2,0,0,0,0,0,0,0,0,0,0,0,0,,1/1/2024,2023
6884,SYNTHETIC SITE 00883,100883,,SYNTHETIC COMPANY 00883,1 Example Way,Nowhere,ZZ,00000,6221,2017,SYNTHETIC INDUSTRY,1,2,13,25727,1,0,0,0,1,0,0,1,0,0,0,0,0,,1/1/2024,2023
6885,SYNTHETIC SITE 00884,100884,,SYNTHETIC COMPANY 00884,1 Example Way,Nowhere,ZZ,00000,4451,2017,SYNTHETIC INDUSTRY,1,2,35,76081,1,0,0,0,3,0,0,3,0,0,0,0,0,,1/1/2024,2023
6886,SYNTHETIC SITE 00885,100885,,SYNTHETIC COMPANY 00885,1 Example Way,Nowhere,ZZ,00000,3251,2017,SYNTHETIC INDUSTRY,1,2,258,446436,1,0,1,0,1,7,0,2,0,0,0,0,0,,1/1/2024,2023
6887,SYNTHETIC SITE 00886,100886,,SYNTHETIC COMPANY 00886,1 Example Way,Nowhere,ZZ,00000,3251,2017,SYNTHETIC INDUSTRY,1,2,52,94869,1,0,0,0,1,0,0,1,0,0,0,0,0,,1/1/2024,2023
6888,SYNTHETIC SITE 00887,100887,,SYNTHETIC COMPANY 00887,1 Example Way,Nowhere,ZZ,00000,4841,2017,SYNTHETIC INDUSTRY,1,2,2,2894,2,0,0,0,0,0,0,0,0,0,0,0,0,,1/1/2024,2023
6889,SYNTHETIC SITE 00888,100888,,SYNTHETIC COMPANY 00888,1 Example Way,Nowhere,ZZ,00000,4451,2017,SYNTHETIC INDUSTRY,1,2,53,80123,1,0,0,1,1,0,4,2,0,0,0,0,0,,1/1/2024,2023
6890,SYNTHETIC SITE 00889,100889,,SYNTHETIC COMPANY 00889,1 Example Way,Nowhere,ZZ,00000,4841,2017,SYNTHETIC INDUSTRY,1,2,33,72796,2,0,0,0,0,0,0,0,0,0,0,0,0,,1/1/2024,2023
6891,SYNTHETIC SITE 00890,100890,,SYNTHETIC COMPANY 00890,1 Example Way,Nowhere,ZZ,00000,3251,2017,SYNTHETIC INDUSTRY,1,2,7,12436,2,0,0,0,0,0,0,0,0,0,0,0,0,,1/1/2024,2023
6892,SYNTHETIC SITE 00891,100891,,SYNTHETIC COMPANY 00891,1 Example Way,Nowhere,ZZ,00000,4841,2017,SYNTHETIC INDUSTRY,1,2,85,136258,1,0,1,1,0,7,4,2,0,0,0,0,0,,1/1/2024,2023
6893,SYNTHETIC SITE 00892,100892,,SYNTHETIC COMPANY 00892,1 Example Way,Nowhere,ZZ,00000,2361,2017,SYNTHETIC INDUSTRY,1,2,32,48759,1,0,0,0,1,0,0,1,0,0,0,0,0,,1/1/2024,2023
6894,SYNTHETIC SITE 00893,100893,,SYNTHETIC COMPANY 00893,1 Example Way,Nowhere,ZZ,00000,2361,2017,SYNTHETIC INDUSTRY,1,2,12,213240,1,0,0,0,1,0,0,1,0,0,0,0,0,,1/1/2024,2023
6895,SYNTHETIC SITE 00894,100894,,SYNTHETIC COMPANY 00894,1 Example Way,Nowhere,ZZ,00000,2361,2017,SYNTHETIC INDUSTRY,1,2,61,101442,1,0,0,0,1,0,0,1,0,0,0,0,0,,1/1/2024,2023
6896,SYNTHETIC SITE 00895,100895,,SYNTHETIC COMPANY 00895,1 Example Way,Nowhere,ZZ,00000,4451,2017,SYNTHETIC INDUSTRY,1,2,64,97626,1,0,1,4,6,7,16,11,0,0,0,0,0,,1/1/2024,2023
6897,SYNTHETIC SITE 00896,100896,,SYNTHETIC COMPANY 00896,1 Example Way,Nowhere,ZZ,00000,3328,2017,SYNTHETIC INDUSTRY,1,2,186,335644,1,0,3,1,2,21,4,6,0,0,0,0,0,,1/1/2024,2023
6898,SYNTHETIC SITE 00897,100897,,SYNTHETIC COMPANY 00897,1 Example Way,Nowhere,ZZ,00000,6221,2017,SYNTHETIC INDUSTRY,1,2,7,13469,2,0,0,0,0,0,0,0,0,0,0,0,0,,1/1/2024,2023
6899,SYNTHETIC SITE 00898,100898,,SYNTHETIC COMPANY 00898,1 Example Way,Nowhere,ZZ,00000,3328,2017,SYNTHETIC INDUSTRY,1,2,55,107304,1,0,0,0,1,0,0,1,0,0,0,0,0,,1/1/2024,2023
6900,SYNTHETIC SITE 00899,100899,,SYNTHETIC COMPANY 00899,1 Example Way,Nowhere,ZZ,00000,4451,2017,SYNTHETIC INDUSTRY,1,2,40,79126,2,0,0,0,0,0,0,0,0,0,0,0,0,,1/1/2024,2023
6901,SYNTHETIC SITE 00900,100900,,SYNTHETIC COMPANY 00900,1 Example Way,Nowhere,ZZ,00000,2361,2017,SYNTHETIC INDUSTRY,1,2,12,22155,2,0,0,0,0,0,0,0,0,0,0,0,0,,1/1/2024,2023
6902,SYNTHETIC SITE 00901,100901,,SYNTHETIC COMPANY 00901,1 Example Way,Nowhere,ZZ,00000,3252,2017,SYNTHETIC INDUSTRY,1,2,17,42557,2,0,0,0,0,0,0,0,0,0,0,0,0,,1/1/2024,2023
6903,SYNTHETIC SITE 00902,100902,,SYNTHETIC COMPANY 00902,1 Example Way,Nowhere,ZZ,00000,3328,2017,SYNTHETIC INDUSTRY,1,2,4,6951,2,0,0,0,0,0,0,0,0,0,0,0,0,,1/1/2024,2023
6904,SYNTHETIC SITE 00903,100903,,SYNTHETIC COMPANY 00903,1 Example Way,Nowhere,ZZ,00000,2361,2017,SYNTHETIC INDUSTRY,1,2,135,196272,1,0,3,0,2,21,0,5,0,0,0,0,0,,1/1/2024,2023
6905,SYNTHETIC SITE 00904,100904,,SYNTHETIC COMPANY 00904,1 Example Way,Nowhere,ZZ,00000,3251,2017,SYNTHETIC INDUSTRY,1,2,46,74367,1,0,0,0,1,0,0,1,0,0,0,0,0,,1/1/2024,2023
6906,SYNTHETIC SITE 00905,100905,,SYNTHETIC COMPANY 00905,1 Example Way,Nowhere,ZZ,00000,4451,2017,SYNTHETIC INDUSTRY,1,2,43,84643,1,0,0,0,4,0,0,4,0,0,0,0,0,,1/1/2024,2023
6907,SYNTHETIC SITE 00906,100906,,SYNTHETIC COMPANY 00906,1 Example Way,Nowhere,ZZ,00000,3328,2017,SYNTHETIC INDUSTRY,1,2,46,74564,2,0,0,0,0,0,0,0,0,0,0,0,0,,1/1/2024,2023
6908,SYNTHETIC SITE 00907,100907,,SYNTHETIC COMPANY 00907,1 Example Way,Nowhere,ZZ,00000,4841,2017,SYNTHETIC INDUSTRY,1,2,15,32073,2,0,0,0,0,0,0,0,0,0,0,0,0,,1/1/2024,2023
6909,SYNTHETIC SITE 00908,100908,,SYNTHETIC COMPANY 00908,1 Example Way,Nowhere,ZZ,00000,3251,2017,SYNTHETIC INDUSTRY,1,2,57,115510,1,0,0,0,2,0,0,2,0,0,0,0,0,,1/1/2024,2023
6910,SYNTHETIC SITE 00909,100909,,SYNTHETIC COMPANY 00909,1 Example Way,Nowhere,ZZ,00000,2361,2017,SYNTHETIC INDUSTRY,1,2,4,7386,2,0,0,0,0,0,0,0,0,0,0,0,0,,1/1/2024,2023
6911,SYNTHETIC SITE 00910,100910,,SYNTHETIC COMPANY 00910,1 Example Way,Nowhere,ZZ,00000,3252,2017,SYNTHETIC INDUSTRY,1,2,56,103196,2,0,0,0,0,0,0,0,0,0,0,0,0,,1/1/2024,2023
6912,SYNTHETIC SITE 00911,100911,,SYNTHETIC COMPANY 00911,1 Example Way,Nowhere,ZZ,00000,3328,2017,SYNTHETIC INDUSTRY,1,2,47,76205,2,0,0,0,0,0,0,0,0,0,0,0,0,,1/1/2024,2023
6913,SYNTHETIC SITE 00912,100912,,SYNTHETIC COMPANY 00912,1 Example Way,Nowhere,ZZ,00000,6221,2017,SYNTHETIC INDUSTRY,1,2,48,86456,2,0,0,0,0,0,0,0,0,0,0,0,0,,1/1/2024,2023
6914,SYNTHETIC SITE 00913,100913,,SYNTHETIC COMPANY 00913,1 Example Way,Nowhere,ZZ,00000,2361,2017,SYNTHETIC INDUSTRY,1,2,44,81597,1,0,0,0,1,0,0,1,0,0,0,0,0,,1/1/2024,2023
6915,SYNTHETIC SITE 00914,100914,,SYNTHETIC COMPANY 00914,1 Example Way,Nowhere,ZZ,00000,4841,2017,SYNTHETIC INDUSTRY,1,2,50,82976,2,0,0,0,0,0,0,0,0,0,0,0,0,,1/1/2024,2023
6916,SYNTHETIC SITE 00915,100915,,SYNTHETIC COMPANY 00915,1 Example Way,Nowhere,ZZ,00000,3252,2017,SYNTHETIC INDUSTRY,1,2,266,620865,1,0,1,1,0,7,4,2,0,0,0,0,0,,1/1/2024,2023
6917,SYNTHETIC SITE 00916,100916,,SYNTHETIC COMPANY 00916,1 Example Way,Nowhere,ZZ,00000,3328,2017,SYNTHETIC INDUSTRY,1,2,20,27450,1,0,2,1,1,14,4,4,0,0,0,0,0,,1/1/2024,2023
6918,SYNTHETIC SITE 00917,100917,,SYNTHETIC COMPANY 00917,1 Example Way,Nowhere,ZZ,00000,3252,2017,SYNTHETIC INDUSTRY,1,2,6,11562,2,0,0,0,0,0,0,0,0,0,0,0,0,,1/1/2024,2023
6919,SYNTHETIC SITE 00918,100918,,SYNTHETIC COMPANY 00918,1 Example Way,Nowhere,ZZ,00000,3251,2017,SYNTHETIC INDUSTRY,1,2,24,40187,1,0,0,0,1,0,0,1,0,0,0,0,0,,1/1/2024,2023
6920,SYNTHETIC SITE 00919,100919,,SYNTHETIC COMPANY 00919,1 Example Way,Nowhere,ZZ,00000,3252,2017,SYNTHETIC INDUSTRY,1,2,84,156387,1,0,1,3,4,7,12,8,0,0,0,0,0,,1/1/2024,2023
6921,SYNTHETIC SITE 00920,100920,,SYNTHETIC COMPANY 00920,1 Example Way,Nowhere,ZZ,00000,4451,2017,SYNTHETIC INDUSTRY,1,2,73,146793,1,0,0,1,0,0,4,1,0,0,0,0,0,,1/1/2024,2023
6922,SYNTHETIC SITE 00921,100921,,SYNTHETIC COMPANY 00921,1 Example Way,Nowhere,ZZ,00000,4841,2017,SYNTHETIC INDUSTRY,1,2,99,193046,1,0,2,2,0,14,8,4,0,0,0,0,0,,1/1/2024,2023
6923,SYNTHETIC SITE 00922,100922,,SYNTHETIC COMPANY 00922,1 Example Way,Nowhere,ZZ,00000,3252,2017,SYNTHETIC INDUSTRY,1,2,83,178063,2,0,0,0,0,0,0,0,0,0,0,0,0,,1/1/2024,2023
6924,SYNTHETIC SITE 00923,100923,,SYNTHETIC COMPANY 00923,1 Example Way,Nowhere,ZZ,00000,3328,2017,SYNTHETIC INDUSTRY,1,2,79,178154,2,0,0,0,0,0,0,0,0,0,0,0,0,,1/1/2024,2023
6925,SYNTHETIC SITE 00924,100924,,SYNTHETIC COMPANY 00924,1 Example Way,Nowhere,ZZ,00000,4841,2017,SYNTHETIC INDUSTRY,1,2,59,100081,2,0,0,0,0,0,0,0,0,0,0,0,0,,1/1/2024,2023
6926,SYNTHETIC SITE 00925,100925,,SYNTHETIC COMPANY 00925,1 Example Way,Nowhere,ZZ,00000,2361,2017,SYNTHETIC INDUSTRY,1,2,23,44278,1,0,0,2,0,0,8,2,0,0,0,0,0,,1/1/2024,2023
6927,SYNTHETIC SITE 00926,100926,,SYNTHETIC COMPANY 00926,1 Example Way,Nowhere,ZZ,00000,4841,2017,SYNTHETIC INDUSTRY,1,2,6,10211,2,0,0,0,0,0,0,0,0,0,0,0,0,,1/1/2024,2023
6928,SYNTHETIC SITE 00927,100927,,SYNTHETIC COMPANY 00927,1 Example Way,Nowhere,ZZ,00000,3115,2017,SYNTHETIC INDUSTRY,1,2,38,55732,2,0,0,0,0,0,0,0,0,0,0,0,0,,1/1/2024,2023
6929,SYNTHETIC SITE 00928,100928,,SYNTHETIC COMPANY 00928,1 Example Way,Nowhere,ZZ,00000,3251,2017,SYNTHETIC INDUSTRY,1,2,4,8640,2,0,0,0,0,0,0,0,0,0,0,0,0,,1/1/2024,2023
6930,SYNTHETIC SITE 00929,100929,,SYNTHETIC COMPANY 00929,1 Example Way,Nowhere,ZZ,00000,2361,2017,SYNTHETIC INDUSTRY,1,2,72,106350,2,0,0,0,0,0,0,0,0,0,0,0,0,,1/1/2024,2023
6931,SYNTHETIC SITE 00930,100930,,SYNTHETIC COMPANY 00930,1 Example Way,Nowhere,ZZ,00000,3252,2017,SYNTHETIC INDUSTRY,1,2,6,8606,1,0,0,0,1,0,0,1,0,0,0,0,0,,1/1/2024,2023
6932,SYNTHETIC SITE 00931,100931,,SYNTHETIC COMPANY 00931,1 Example Way,Nowhere,ZZ,00000,3252,2017,SYNTHETIC INDUSTRY,1,2,42,71365,1,0,0,0,1,0,0,1,0,0,0,0,0,,1/1/2024,2023
6933,SYNTHETIC SITE 00932,100932,,SYNTHETIC COMPANY 00932,1 Example Way,Nowhere,ZZ,00000,3252,2017,SYNTHETIC INDUSTRY,1,2,65,117150,2,0,0,0,0,0,0,0,0,0,0,0,0,,1/1/2024,2023
6934,SYNTHETIC SITE 00933,100933,,SYNTHETIC COMPANY 00933,1 Example Way,Nowhere,ZZ,00000,3252,2017,SYNTHETIC INDUSTRY,1,2,205,361340,1,0,1,0,0,7,0,1,0,0,0,0,0,,1/1/2024,2023
6935,SYNTHETIC SITE 00934,100934,,SYNTHETIC COMPANY 00934,1 Example Way,Nowhere,ZZ,00000,3115,2017,SYNTHETIC INDUSTRY,1,2,118,195187,2,0,0,0,0,0,0,0,0,0,0,0,0,,1/1/2024,2023
6936,SYNTHETIC SITE 00935,100935,,SYNTHETIC COMPANY 00935,1 Example Way,Nowhere,ZZ,00000,3252,2017,SYNTHETIC INDUSTRY,1,2,7,13285,2,0,0,0,0,0,0,0,0,0,0,0,0,,1/1/2024,2023
6937,SYNTHETIC SITE 00936,100936,,SYNTHETIC COMPANY 00936,1 Example Way,Nowhere,ZZ,00000,3251,2017,SYNTHETIC INDUSTRY,1,2,44,66148,1,0,1,0,0,7,0,1,0,0,0,0,0,,1/1/2024,2023
6938,SYNTHETIC SITE 00937,100937,,SYNTHETIC COMPANY 00937,1 Example Way,Nowhere,ZZ,00000,3252,2017,SYNTHETIC INDUSTRY,1,2,11,18521,1,0,0,1,0,0,4,1,0,0,0,0,0,,1/1/2024,2023
6939,SYNTHETIC SITE 00938,100938,,SYNTHETIC COMPANY 00938,1 Example Way,Nowhere,ZZ,00000,3252,2017,SYNTHETIC INDUSTRY,1,2,17,23888,2,0,0,0,0,0,0,0,0,0,0,0,0,,1/1/2024,2023
6940,SYNTHETIC SITE 00939,100939,,SYNTHETIC COMPANY 00939,1 Example Way,Nowhere,ZZ,00000,2361,2017,SYNTHETIC INDUSTRY,1,2,23,35206,2,0,0,0,0,0,0,0,0,0,0,0,0,,1/1/2024,2023
6941,SYNTHETIC SITE 00940,100940,,SYNTHETIC COMPANY 00940,1 Example Way,Nowhere,ZZ,00000,6221,2017,SYNTHETIC INDUSTRY,1,2,4,8934,2,0,0,0,0,0,0,0,0,0,0,0,0,,1/1/2024,2023
6942,SYNTHETIC SITE 00941,100941,,SYNTHETIC COMPANY 00941,1 Example Way,Nowhere,ZZ,00000,2361,2017,SYNTHETIC INDUSTRY,1,2,89,171659000,1,0,2,0,1,14,0,3,0,0,0,0,0,,1/1/2024,2023
6943,SYNTHETIC SITE 00942,100942,,SYNTHETIC COMPANY 00942,1 Example Way,Nowhere,ZZ,00000,2361,2017,SYNTHETIC INDUSTRY,1,2,46,98186,2,0,0,0,0,0,0,0,0,0,0,0,0,,1/1/2024,2023
6944,SYNTHETIC SITE 00943,100943,,SYNTHETIC COMPANY 00943,1 Example Way,Nowhere,ZZ,00000,4451,2017,SYNTHETIC INDUSTRY,1,2,211,375092,1,0,0,0,1,0,0,1,0,0,0,0,0,,1/1/2024,2023
6945,SYNTHETIC SITE 00944,100944,,SYNTHETIC COMPANY 00944,1 Example Way,Nowhere,ZZ,00000,3115,2017,SYNTHETIC INDUSTRY,1,2,64,128448,1,0,0,1,0,0,4,1,0,0,0,0,0,,1/1/2024,2023
6946,SYNTHETIC SITE 00945,100945,,SYNTHETIC COMPANY 00945,1 Example Way,Nowhere,ZZ,00000,4841,2017,SYNTHETIC INDUSTRY,1,2,14,18346,2,0,0,0,0,0,0,0,0,0,0,0,0,,1/1/2024,2023
6947,SYNTHETIC SITE 00946,100946,,SYNTHETIC COMPANY 00946,1 Example Way,Nowhere,ZZ,00000,3252,2017,SYNTHETIC INDUSTRY,1,2,24,55301,1,0,2,1,4,14,4,7,0,0,0,0,0,,1/1/2024,2023
6948,SYNTHETIC SITE 00947,100947,,SYNTHETIC COMPANY 00947,1 Example Way,Nowhere,ZZ,00000,3115,2017,SYNTHETIC INDUSTRY,1,2,73,106288,1,0,1,2,2,7,8,5,0,0,0,0,0,,1/1/2024,2023
6949,SYNTHETIC SITE 00948,100948,,SYNTHETIC COMPANY 00948,1 Example Way,Nowhere,ZZ,00000,3115,2017,SYNTHETIC INDUSTRY,1,2,33,63008,1,0,2,2,3,14,8,7,0,0,0,0,0,,1/1/2024,2023
6950,SYNTHETIC SITE 00949,100949,,SYNTHETIC COMPANY 00949,1 Example Way,Nowhere,ZZ,00000,3328,2017,SYNTHETIC INDUSTRY,1,2,26,40966,1,0,1,0,2,7,0,3,0,0,0,0,0,,1/1/2024,2023
6951,SYNTHETIC SITE 00950,100950,,SYNTHETIC COMPANY 00950,1 Example Way,Nowhere,ZZ,00000,6221,2017,SYNTHETIC INDUSTRY,1,2,17,3193500,2,0,0,0,0,0,0,0,0,0,0,0,0,,1/1/2024,2023
6952,SYNTHETIC SITE 00951,100951,,SYNTHETIC COMPANY 00951,1 Example Way,Nowhere,ZZ,00000,3115,2017,SYNTHETIC INDUSTRY,1,2,141,293546,1,0,1,0,0,7,0,1,0,0,0,0,0,,1/1/2024,2023
6953,SYNTHETIC SITE 00952,100952,,SYNTHETIC COMPANY 00952,1 Example Way,Nowhere,ZZ,00000,4451,2017,SYNTHETIC INDUSTRY,1,2,7,12371,2,0,0,0,0,0,0,0,0,0,0,0,0,,1/1/2024,2023
6954,SYNTHETIC SITE 00953,100953,,SYNTHETIC COMPANY 00953,1 Example Way,Nowhere,ZZ,00000,6221,2017,SYNTHETIC INDUSTRY,1,2,72,136265,1,0,0,0,1,0,0,1,0,0,0,0,0,,1/1/2024,2023
6955,SYNTHETIC SITE 00954,100954,,SYNTHETIC COMPANY 00954,1 Example Way,Nowhere,ZZ,00000,3328,2017,SYNTHETIC INDUSTRY,1,2,29,77120,2,0,0,0,0,0,0,0,0,0,0,0,0,,1/1/2024,2023
6956,SYNTHETIC SITE 00955,100955,,SYNTHETIC COMPANY 00955,1 Example Way,Nowhere,ZZ,00000,4451,2017,SYNTHETIC INDUSTRY,1,2,109,219539,1,0,0,0,6,0,0,6,0,0,0,0,0,,1/1/2024,2023
6957,SYNTHETIC SITE 00956,100956,,SYNTHETIC COMPANY 00956,1 Example Way,Nowhere,ZZ,00000,3252,2017,SYNTHETIC INDUSTRY,1,2,103,213626,2,0,0,0,0,0,0,0,0,0,0,0,0,,1/1/2024,2023
6958,SYNTHETIC SITE 00957,100957,,SYNTHETIC COMPANY 00957,1 Example Way,Nowhere,ZZ,00000,3328,2017,SYNTHETIC INDUSTRY,1,2,19,32025,2,0,0,0,0,0,0,0,0,0,0,0,0,,1/1/2024,2023
6959,SYNTHETIC SITE 00958,100958,,SYNTHETIC COMPANY 00958,1 Example Way,Nowhere,ZZ,00000,4841,2017,SYNTHETIC INDUSTRY,1,2,23,38767,2,0,0,0,0,0,0,0,0,0,0,0,0,,1/1/2024,2023
6960,SYNTHETIC SITE 00959,100959,,SYNTHETIC COMPANY 00959,1 Example Way,Nowhere,ZZ,00000,3252,2017,SYNTHETIC INDUSTRY,1,2,16,29108,2,0,0,0,0,0,0,0,0,0,0,0,0,,1/1/2024,2023
6961,SYNTHETIC SITE 00960,100960,,SYNTHETIC COMPANY 00960,1 Example Way,Nowhere,ZZ,00000,4841,2017,SYNTHETIC INDUSTRY,1,2,55,119417,2,0,0,0,0,0,0,0,0,0,0,0,0,,1/1/2024,2023
6962,SYNTHETIC SITE 00961,100961,,SYNTHETIC COMPANY 00961,1 Example Way,Nowhere,ZZ,00000,4451,2017,SYNTHETIC INDUSTRY,1,2,261,476370,2,0,0,0,0,0,0,0,0,0,0,0,0,,1/1/2024,2023
6963,SYNTHETIC SITE 00962,100962,,SYNTHETIC COMPANY 00962,1 Example Way,Nowhere,ZZ,00000,4451,2017,SYNTHETIC INDUSTRY,1,2,176,264433,1,0,0,0,1,0,0,1,0,0,0,0,0,,1/1/2024,2023
6964,SYNTHETIC SITE 00963,100963,,SYNTHETIC COMPANY 00963,1 Example Way,Nowhere,ZZ,00000,2361,2017,SYNTHETIC INDUSTRY,1,2,4,7536,2,0,0,0,0,0,0,0,0,0,0,0,0,,1/1/2024,2023
6965,SYNTHETIC SITE 00964,100964,,SYNTHETIC COMPANY 00964,1 Example Way,Nowhere,ZZ,00000,3252,2017,SYNTHETIC INDUSTRY,1,2,88,176809,2,0,0,0,0,0,0,0,0,0,0,0,0,,1/1/2024,2023
6966,SYNTHETIC SITE 00965,100965,,SYNTHETIC COMPANY 00965,1 Example Way,Nowhere,ZZ,00000,3328,2017,SYNTHETIC INDUSTRY,1,2,163,313769,1,0,1,1,0,7,4,2,0,0,0,0,0,,1/1/2024,2023
6967,SYNTHETIC SITE 00966,100966,,SYNTHETIC COMPANY 00966,1 Example Way,Nowhere,ZZ,00000,2361,2017,SYNTHETIC INDUSTRY,1,2,241,517930,1,0,3,3,3,21,12,9,0,0,0,0,0,,1/1/2024,2023
6968,SYNTHETIC SITE 00967,100967,,SYNTHETIC COMPANY 00967,1 Example Way,Nowhere,ZZ,00000,3252,2017,SYNTHETIC INDUSTRY,1,2,8,14403,2,0,0,0,0,0,0,0,0,0,0,0,0,,1/1/2024,2023
6969,SYNTHETIC SITE 00968,100968,,SYNTHETIC COMPANY 00968,1 Example Way,Nowhere,ZZ,00000,2361,2017,SYNTHETIC INDUSTRY,1,2,91,153953,2,0,0,0,0,0,0,0,0,0,0,0,0,,1/1/2024,2023
6970,SYNTHETIC SITE 00969,100969,,SYNTHETIC COMPANY 00969,1 Example Way,Nowhere,ZZ,00000,3115,2017,SYNTHETIC INDUSTRY,1,2,68,123096000,1,0,1,1,1,7,4,3,0,0,0,0,0,,1/1/2024,2023
6971,SYNTHETIC SITE 00970,100970,,SYNTHETIC COMPANY 00970,1 Example Way,Nowhere,ZZ,00000,3115,2017,SYNTHETIC INDUSTRY,1,2,53,80978,2,0,0,0,0,0,0,0,0,0,0,0,0,,1/1/2024,2023
6972,SYNTHETIC SITE 00971,100971,,SYNTHETIC COMPANY 00971,1 Example Way,Nowhere,ZZ,00000,3328,2017,SYNTHETIC INDUSTRY,1,2,380,648389,1,0,6,2,5,42,8,13,0,0,0,0,0,,1/1/2024,2023
6973,SYNTHETIC SITE 00972,100972,,SYNTHETIC COMPANY 00972,1 Example Way,Nowhere,ZZ,00000,6221,2017,SYNTHETIC INDUSTRY,1,2,130,261373,1,0,10,4,5,70,16,19,0,0,0,0,0,,1/1/2024,2023
6974,SYNTHETIC SITE 00973,100973,,SYNTHETIC COMPANY 00973,1 Example Way,Nowhere,ZZ,00000,6221,2017,SYNTHETIC INDUSTRY,1,2,77,147685,2,0,0,0,0,0,0,0,0,0,0,0,0,,1/1/2024,2023
6975,SYNTHETIC SITE 00974,100974,,SYNTHETIC COMPANY 00974,1 Example Way,Nowhere,ZZ,00000,3328,2017,SYNTHETIC INDUSTRY,1,2,17,30959,2,0,0,0,0,0,0,0,0,0,0,0,0,,1/1/2024,2023
6976,SYNTHETIC SITE 00975,100975,,SYNTHETIC COMPANY 00975,1 Example Way,Nowhere,ZZ,00000,6221,2017,SYNTHETIC INDUSTRY,1,2,175,363036,1,0,2,1,2,14,4,5,0,0,0,0,0,,1/1/2024,2023
6977,SYNTHETIC SITE 00976,100976,,SYNTHETIC COMPANY 00976,1 Example Way,Nowhere,ZZ,00000,6221,2017,SYNTHETIC INDUSTRY,1,2,7,14886,2,0,0,0,0,0,0,0,0,0,0,0,0,,1/1/2024,2023
6978,SYNTHETIC SITE 00977,100977,,SYNTHETIC COMPANY 00977,1 Example Way,Nowhere,ZZ,00000,4451,2017,SYNTHETIC INDUSTRY,1,2,91,204504,1,0,0,2,0,0,8,2,0,0,0,0,0,,1/1/2024,2023
6979,SYNTHETIC SITE 00978,100978,,SYNTHETIC COMPANY 00978,1 Example Way,Nowhere,ZZ,00000,3252,2017,SYNTHETIC INDUSTRY,1,2,92,180466,1,0,1,3,4,7,12,8,0,0,0,0,0,,1/1/2024,2023
6980,SYNTHETIC SITE 00979,100979,,SYNTHETIC COMPANY 00979,1 Example Way,Nowhere,ZZ,00000,6221,2017,SYNTHETIC INDUSTRY,1,2,246,548137,1,0,1,5,1,7,20,7,0,0,0,0,0,,1/1/2024,2023
6981,SYNTHETIC SITE 00980,100980,,SYNTHETIC COMPANY 00980,1 Example Way,Nowhere,ZZ,00000,3251,2017,SYNTHETIC INDUSTRY,1,2,104,141646,2,0,0,0,0,0,0,0,0,0,0,0,0,,1/1/2024,2023
6982,SYNTHETIC SITE 00981,100981,,SYNTHETIC COMPANY 00981,1 Example Way,Nowhere,ZZ,00000,6221,2017,SYNTHETIC INDUSTRY,1,2,37,80857,2,0,0,0,0,0,0,0,0,0,0,0,0,,1/1/2024,2023
6983,SYNTHETIC SITE 00982,100982,,SYNTHETIC COMPANY 00982,1 Example Way,Nowhere,ZZ,00000,4451,2017,SYNTHETIC INDUSTRY,1,2,17,35715,2,0,0,0,0,0,0,0,0,0,0,0,0,,1/1/2024,2023
6984,SYNTHETIC SITE 00983,100983,,SYNTHETIC COMPANY 00983,1 Example Way,Nowhere,ZZ,00000,6221,2017,SYNTHETIC INDUSTRY,1,2,33,53005,2,0,0,0,0,0,0,0,0,0,0,0,0,,1/1/2024,2023
6985,SYNTHETIC SITE 00984,100984,,SYNTHETIC COMPANY 00984,1 Example Way,Nowhere,ZZ,00000,3328,2017,SYNTHETIC INDUSTRY,1,2,30,59177,1,0,0,0,1,0,0,1,0,0,0,0,0,,1/1/2024,2023
6986,SYNTHETIC SITE 00985,100985,,SYNTHETIC COMPANY 00985,1 Example Way,Nowhere,ZZ,00000,6221,2017,SYNTHETIC INDUSTRY,1,2,121,213416,1,0,0,1,3,0,4,4,0,0,0,0,0,,1/1/2024,2023
6987,SYNTHETIC SITE 00986,100986,,SYNTHETIC COMPANY 00986,1 Example Way,Nowhere,ZZ,00000,3252,2017,SYNTHETIC INDUSTRY,1,2,82,134555,1,0,1,0,0,7,0,1,0,0,0,0,0,,1/1/2024,2023
6988,SYNTHETIC SITE 00987,100987,,SYNTHETIC COMPANY 00987,1 Example Way,Nowhere,ZZ,00000,4841,2017,SYNTHETIC INDUSTRY,1,2,27,44981,2,0,0,0,0,0,0,0,0,0,0,0,0,,1/1/2024,2023
6989,SYNTHETIC SITE 00988,100988,,SYNTHETIC COMPANY 00988,1 Example Way,Nowhere,ZZ,00000,6221,2017,SYNTHETIC INDUSTRY,1,2,38,66048,2,0,0,0,0,0,0,0,0,0,0,0,0,,1/1/2024,2023
6990,SYNTHETIC SITE 00989,100989,,SYNTHETIC COMPANY 00989,1 Example Way,Nowhere,ZZ,00000,3328,2017,SYNTHETIC INDUSTRY,1,2,14,33707,2,0,0,0,0,0,0,0,0,0,0,0,0,,1/1/2024,2023
6991,SYNTHETIC SITE 00990,100990,,SYNTHETIC COMPANY 00990,1 Example Way,Nowhere,ZZ,00000,3115,2017,SYNTHETIC INDUSTRY,1,2,34,71885,1,0,6,2,3,42,8,11,0,0,0,0,0,,1/1/2024,2023
6992,SYNTHETIC SITE 00991,100991,,SYNTHETIC COMPANY 00991,1 Example Way,Nowhere,ZZ,00000,3328,2017,SYNTHETIC INDUSTRY,1,2,12,19218,2,0,0,0,0,0,0,0,0,0,0,0,0,,1/1/2024,2023
6993,SYNTHETIC SITE 00992,100992,,SYNTHETIC COMPANY 00992,1 Example Way,Nowhere,ZZ,00000,3115,2017,SYNTHETIC INDUSTRY,1,2,70,141482,1,0,0,0,2,0,0,2,0,0,0,0,0,,1/1/2024,2023
6994,SYNTHETIC SITE 00993,100993,,SYNTHETIC COMPANY 00993,1 Example Way,Nowhere,ZZ,00000,3328,2017,SYNTHETIC INDUSTRY,1,2,50,81436,2,0,0,0,0,0,0,0,0,0,0,0,0,,1/1/2024,2023
6995,SYNTHETIC SITE 00994,100994,,SYNTHETIC COMPANY 00994,1 Example Way,Nowhere,ZZ,00000,6221,2017,SYNTHETIC INDUSTRY,1,2,81,128712,2,0,0,0,0,0,0,0,0,0,0,0,0,,1/1/2024,2023
6996,SYNTHETIC SITE 00995,100995,,SYNTHETIC COMPANY 00995,1 Example Way,Nowhere,ZZ,00000,2361,2017,SYNTHETIC INDUSTRY,1,2,43,90106,1,0,1,0,1,7,0,2,0,0,0,0,0,,1/1/2024,2023
6997,SYNTHETIC SITE 00996,100996,,SYNTHETIC COMPANY 00996,1 Example Way,Nowhere,ZZ,00000,4451,2017,SYNTHETIC INDUSTRY,1,2,57,94557,1,0,0,0,1,0,0,1,0,0,0,0,0,,1/1/2024,2023
6998,SYNTHETIC SITE 00997,100997,,SYNTHETIC COMPANY 00997,1 Example Way,Nowhere,ZZ,00000,3328,2017,SYNTHETIC INDUSTRY,1,2,12,27115,2,0,0,0,0,0,0,0,0,0,0,0,0,,1/1/2024,2023
6999,SYNTHETIC SITE 00998,100998,,SYNTHETIC COMPANY 00998,1 Example Way,Nowhere,ZZ,00000,6221,2017,SYNTHETIC INDUSTRY,1,2,321,540324,1,0,2,1,3,14,4,6,0,0,0,0,0,,1/1/2024,2023
7000,SYNTHETIC SITE 00999,100999,,SYNTHETIC COMPANY 00999,1 Example Way,Nowhere,ZZ,00000,4841,2017,SYNTHETIC INDUSTRY,1,2,109,202475,1,0,2,3,6,14,12,11,0,0,0,0,0,,1/1/2024,2023
7001,SYNTHETIC SITE 01000,101000,,SYNTHETIC COMPANY 01000,1 Example Way,Nowhere,ZZ,00000,2361,2017,SYNTHETIC INDUSTRY,1,2,63,147886,2,0,0,0,0,0,0,0,0,0,0,0,0,,1/1/2024,2023
7002,SYNTHETIC SITE 01001,101001,,SYNTHETIC COMPANY 01001,1 Example Way,Nowhere,ZZ,00000,4451,2017,SYNTHETIC INDUSTRY,1,2,54,80850,1,0,0,1,0,0,4,1,0,0,0,0,0,,1/1/2024,2023
7003,SYNTHETIC SITE 01002,101002,,SYNTHETIC COMPANY 01002,1 Example Way,Nowhere,ZZ,00000,3251,2017,SYNTHETIC INDUSTRY,1,2,9,17112,1,0,0,0,1,0,0,1,0,0,0,0,0,,1/1/2024,2023
7004,SYNTHETIC SITE 01003,101003,,SYNTHETIC COMPANY 01003,1 Example Way,Nowhere,ZZ,00000,3252,2017,SYNTHETIC INDUSTRY,1,2,6,10220,2,0,0,0,0,0,0,0,0,0,0,0,0,,1/1/2024,2023
7005,SYNTHETIC SITE 01004,101004,,SYNTHETIC COMPANY 01004,1 Example Way,Nowhere,ZZ,00000,3328,2017,SYNTHETIC INDUSTRY,1,2,52,96906,2,0,0,0,0,0,0,0,0,0,0,0,0,,1/1/2024,2023
7006,SYNTHETIC SITE 01005,101005,,SYNTHETIC COMPANY 01005,1 Example Way,Nowhere,ZZ,00000,2361,2017,SYNTHETIC INDUSTRY,1,2,65,111301,2,0,0,0,0,0,0,0,0,0,0,0,0,,1/1/2024,2023
7007,SYNTHETIC SITE 01006,101006,,SYNTHETIC COMPANY 01006,1 Example Way,Nowhere,ZZ,00000,3328,2017,SYNTHETIC INDUSTRY,1,2,132,220819,1,0,3,2,3,21,8,8,0,0,0,0,0,,1/1/2024,2023
7008,SYNTHETIC SITE 01007,101007,,SYNTHETIC COMPANY 01007,1 Example Way,Nowhere,ZZ,00000,4841,2017,SYNTHETIC INDUSTRY,1,2,48,83533,2,0,0,0,0,0,0,0,0,0,0,0,0,,1/1/2024,2023
7009,SYNTHETIC SITE 01008,101008,,SYNTHETIC COMPANY 01008,1 Example Way,Nowhere,ZZ,00000,3328,2017,SYNTHETIC INDUSTRY,1,2,69,133306,1,0,1,1,8,7,4,10,0,0,0,0,0,,1/1/2024,2023
7010,SYNTHETIC SITE 01009,101009,,SYNTHETIC COMPANY 01009,1 Example Way,Nowhere,ZZ,00000,3328,2017,SYNTHETIC INDUSTRY,1,2,101,249986,2,0,0,0,0,0,0,0,0,0,0,0,0,,1/1/2024,2023
7011,SYNTHETIC SITE 01010,101010,,SYNTHETIC COMPANY 01010,1 Example Way,Nowhere,ZZ,00000,3328,2017,SYNTHETIC INDUSTRY,1,2,41,73815,2,0,0,0,0,0,0,0,0,0,0,0,0,,1/1/2024,2023
7012,SYNTHETIC SITE 01011,101011,,SYNTHETIC COMPANY 01011,1 Example Way,Nowhere,ZZ,00000,2361,2017,SYNTHETIC INDUSTRY,1,2,354,488079,1,0,0,0,2,0,0,2,0,0,0,0,0,,1/1/2024,2023
7013,SYNTHETIC SITE 01012,101012,,SYNTHETIC COMPANY 01012,1 Example Way,Nowhere,ZZ,00000,3251,2017,SYNTHETIC INDUSTRY,1,2,23,38384,2,0,0,0,0,0,0,0,0,0,0,0,0,,1/1/2024,2023
7014,SYNTHETIC SITE 01013,101013,,SYNTHETIC COMPANY 01013,1 Example Way,Nowhere,ZZ,00000,4451,2017,SYNTHETIC INDUSTRY,1,2,55,96937,2,0,0,0,0,0,0,0,0,0,0,0,0,,1/1/2024,2023
7015,SYNTHETIC SITE 01014,101014,,SYNTHETIC COMPANY 01014,1 Example Way,Nowhere,ZZ,00000,3252,2017,SYNTHETIC INDUSTRY,1,2,265,455319,1,0,0,0,2,0,0,2,0,0,0,0,0,,1/1/2024,2023
7016,SYNTHETIC SITE 01015,101015,,SYNTHETIC COMPANY 01015,1 Example Way,Nowhere,ZZ,00000,4451,2017,SYNTHETIC INDUSTRY,1,2,31,35682,1,0,0,0,1,0,0,1,0,0,0,0,0,,1/1/2024,2023
7017,SYNTHETIC SITE 01016,101016,,SYNTHETIC COMPANY 01016,1 Example Way,Nowhere,ZZ,00000,3251,2017,SYNTHETIC INDUSTRY,1,2,53,105679,2,0,0,0,0,0,0,0,0,0,0,0,0,,1/1/2024,2023
7018,SYNTHETIC SITE 01017,101017,,SYNTHETIC COMPANY 01017,1 Example Way,Nowhere,ZZ,00000,6221,2017,SYNTHETIC INDUSTRY,1,2,377,649050,1,0,0,0,1,0,0,1,0,0,0,0,0,,1/1/2024,2023
7019,SYNTHETIC SITE 01018,101018,,SYNTHETIC COMPANY 01018,1 Example Way,Nowhere,ZZ,00000,3252,2017,SYNTHETIC INDUSTRY,1,2,85,165850,2,0,0,0,0,0,0,0,0,0,0,0,0,,1/1/2024,2023
7020,SYNTHETIC SITE 01019,101019,,SYNTHETIC COMPANY 01019,1 Example Way,Nowhere,ZZ,00000,6221,2017,SYNTHETIC INDUSTRY,1,2,85,153605,1,0,0,0,1,0,0,1,0,0,0,0,0,,1/1/2024,2023
7021,SYNTHETIC SITE 01020,101020,,SYNTHETIC COMPANY 01020,1 Example Way,Nowhere,ZZ,00000,4451,2017,SYNTHETIC INDUSTRY,1,2,141,292134,1,0,1,0,3,7,0,4,0,0,0,0,0,,1/1/2024,2023
7022,SYNTHETIC SITE 01021,101021,,SYNTHETIC COMPANY 01021,1 Example Way,Nowhere,ZZ,00000,2361,2017,SYNTHETIC INDUSTRY,1,2,57,95880,2,0,0,0,0,0,0,0,0,0,0,0,0,,1/1/2024,2023
7023,SYNTHETIC SITE 01022,101022,,SYNTHETIC COMPANY 01022,1 Example Way,Nowhere,ZZ,00000,4841,2017,SYNTHETIC INDUSTRY,1,2,4,5357,2,0,0,0,0,0,0,0,0,0,0,0,0,,1/1/2024,2023
7024,SYNTHETIC SITE 01023,101023,,SYNTHETIC COMPANY 01023,1 Example Way,Nowhere,ZZ,00000,3251,2017,SYNTHETIC INDUSTRY,1,2,78,149339,1,0,2,1,3,14,4,6,0,0,0,0,0,,1/1/2024,2023
7025,SYNTHETIC SITE 01024,101024,,SYNTHETIC COMPANY 01024,1 Example Way,Nowhere,ZZ,00000,6221,2017,SYNTHETIC INDUSTRY,1,2,40,57397,1,0,2,1,4,14,4,7,0,0,0,0,0,,1/1/2024,2023
7026,SYNTHETIC SITE 01025,101025,,SYNTHETIC COMPANY 01025,1 Example Way,Nowhere,ZZ,00000,3252,2017,SYNTHETIC INDUSTRY,1,2,6,14008,2,0,0,0,0,0,0,0,0,0,0,0,0,,1/1/2024,2023
7027,SYNTHETIC SITE 01026,101026,,SYNTHETIC COMPANY 01026,1 Example Way,Nowhere,ZZ,00000,2361,2017,SYNTHETIC INDUSTRY,1,2,30,71842,2,0,0,0,0,0,0,0,0,0,0,0,0,,1/1/2024,2023
7028,SYNTHETIC SITE 01027,101027,,SYNTHETIC COMPANY 01027,1 Example Way,Nowhere,ZZ,00000,3252,2017,SYNTHETIC INDUSTRY,1,2,141,333989,1,0,5,3,5,35,12,13,0,0,0,0,0,,1/1/2024,2023
7029,SYNTHETIC SITE 01028,101028,,SYNTHETIC COMPANY 01028,1 Example Way,Nowhere,ZZ,00000,3251,2017,SYNTHETIC INDUSTRY,1,2,130,193373,1,0,0,3,5,0,12,8,0,0,0,0,0,,1/1/2024,2023
7030,SYNTHETIC SITE 01029,101029,,SYNTHETIC COMPANY 01029,1 Example Way,Nowhere,ZZ,00000,3115,2017,SYNTHETIC INDUSTRY,1,2,239,403453,1,0,0,0,2,0,0,2,0,0,0,0,0,,1/1/2024,2023
7031,SYNTHETIC SITE 01030,101030,,SYNTHETIC COMPANY 01030,1 Example Way,Nowhere,ZZ,00000,3251,2017,SYNTHETIC INDUSTRY,1,2,8,17718,2,0,0,0,0,0,0,0,0,0,0,0,0,,1/1/2024,2023
7032,SYNTHETIC SITE 01031,101031,,SYNTHETIC COMPANY 01031,1 Example Way,Nowhere,ZZ,00000,4841,2017,SYNTHETIC INDUSTRY,1,2,65,147613,1,0,4,1,7,28,4,12,0,0,0,0,0,,1/1/2024,2023
7033,SYNTHETIC SITE 01032,101032,,SYNTHETIC COMPANY 01032,1 Example Way,Nowhere,ZZ,00000,4451,2017,SYNTHETIC INDUSTRY,1,2,16,24885,1,0,0,1,0,0,4,1,0,0,0,0,0,,1/1/2024,2023
7034,SYNTHETIC SITE 01033,101033,,SYNTHETIC COMPANY 01033,1 Example Way,Nowhere,ZZ,00000,4451,2017,SYNTHETIC INDUSTRY,1,2,103,194779,2,0,0,0,0,0,0,0,0,0,0,0,0,,1/1/2024,2023
7035,SYNTHETIC SITE 01034,101034,,SYNTHETIC COMPANY 01034,1 Example Way,Nowhere,ZZ,00000,3115,2017,SYNTHETIC INDUSTRY,1,2,91,187912,2,0,0,0,0,0,0,0,0,0,0,0,0,,1/1/2024,2023
7036,SYNTHETIC SITE 01035,101035,,SYNTHETIC COMPANY 01035,1 Example Way,Nowhere,ZZ,00000,4451,2017,SYNTHETIC INDUSTRY,1,2,10,13769,2,0,0,0,0,0,0,0,0,0,0,0,0,,1/1/2024,2023
7037,SYNTHETIC SITE 01036,101036,,SYNTHETIC COMPANY 01036,1 Example Way,Nowhere,ZZ,00000,3252,2017,SYNTHETIC INDUSTRY,1,2,11,19110,2,0,0,0,0,0,0,0,0,0,0,0,0,,1/1/2024,2023
7038,SYNTHETIC SITE 01037,101037,,SYNTHETIC COMPANY 01037,1 Example Way,Nowhere,ZZ,00000,3252,2017,SYNTHETIC INDUSTRY,1,2,97,195409,1,0,2,1,1,14,4,4,0,0,0,0,0,,1/1/2024,2023
7039,SYNTHETIC SITE 01038,101038,,SYNTHETIC COMPANY 01038,1 Example Way,Nowhere,ZZ,00000,3252,2017,SYNTHETIC INDUSTRY,1,2,161,345691,2,0,0,0,0,0,0,0,0,0,0,0,0,,1/1/2024,2023
7040,SYNTHETIC SITE 01039,101039,,SYNTHETIC COMPANY 01039,1 Example Way,Nowhere,ZZ,00000,3251,2017,SYNTHETIC INDUSTRY,1,2,29,55529,1,0,1,0,2,7,0,3,0,0,0,0,0,,1/1/2024,2023
7041,SYNTHETIC SITE 01040,101040,,SYNTHETIC COMPANY 01040,1 Example Way,Nowhere,ZZ,00000,4841,2017,SYNTHETIC INDUSTRY,1,2,123,225564,1,0,0,1,2,0,4,3,0,0,0,0,0,,1/1/2024,2023
7042,SYNTHETIC SITE 01041,101041,,SYNTHETIC COMPANY 01041,1 Example Way,Nowhere,ZZ,00000,4451,2017,SYNTHETIC INDUSTRY,1,2,318,659662,1,0,3,2,7,21,8,12,0,0,0,0,0,,1/1/2024,2023
7043,SYNTHETIC SITE 01042,101042,,SYNTHETIC COMPANY 01042,1 Example Way,Nowhere,ZZ,00000,3115,2017,SYNTHETIC INDUSTRY,1,2,15,28868,2,0,0,0,0,0,0,0,0,0,0,0,0,,1/1/2024,2023
7044,SYNTHETIC SITE 01043,101043,,SYNTHETIC COMPANY 01043,1 Example Way,Nowhere,ZZ,00000,3328,2017,SYNTHETIC INDUSTRY,1,2,88,149829,1,0,1,0,0,7,0,1,0,0,0,0,0,,1/1/2024,2023
7045,SYNTHETIC SITE 01044,101044,,SYNTHETIC COMPANY 01044,1 Example Way,Nowhere,ZZ,00000,4451,2017,SYNTHETIC INDUSTRY,1,2,17,25194,1,0,1,0,0,7,0,1,0,0,0,0,0,,1/1/2024,2023
7046,SYNTHETIC SITE 01045,101045,,SYNTHETIC COMPANY 01045,1 Example Way,Nowhere,ZZ,00000,6221,2017,SYNTHETIC INDUSTRY,1,2,88,152179,1,0,1,0,2,7,0,3,0,0,0,0,0,,1/1/2024,2023
7047,SYNTHETIC SITE 01046,101046,,SYNTHETIC COMPANY 01046,1 Example Way,Nowhere,ZZ,00000,4451,2017,SYNTHETIC INDUSTRY,1,2,219,429502,1,0,4,2,6,28,8,12,0,0,0,0,0,,1/1/2024,2023
7048,SYNTHETIC SITE 01047,101047,,SYNTHETIC COMPANY 01047,1 Example Way,Nowhere,ZZ,00000,3328,2017,SYNTHETIC INDUSTRY,1,2,57,87350,1,0,2,1,2,14,4,5,0,0,0,0,0,,1/1/2024,2023
7049,SYNTHETIC SITE 01048,101048,,SYNTHETIC COMPANY 01048,1 Example Way,Nowhere,ZZ,00000,4451,2017,SYNTHETIC INDUSTRY,1,2,22,36221,2,0,0,0,0,0,0,0,0,0,0,0,0,,1/1/2024,2023
7050,SYNTHETIC SITE 01049,101049,,SYNTHETIC COMPANY 01049,1 Example Way,Nowhere,ZZ,00000,3328,2017,SYNTHETIC INDUSTRY,1,2,369,549731,1,0,0,1,2,0,4,3,0,0,0,0,0,,1/1/2024,2023
7051,SYNTHETIC SITE 01050,101050,,SYNTHETIC COMPANY 01050,1 Example Way,Nowhere,ZZ,00000,4841,2017,SYNTHETIC INDUSTRY,1,2,42,73536,2,0,0,0,0,0,0,0,0,0,0,0,0,,1/1/2024,2023
7052,SYNTHETIC SITE 01051,101051,,SYNTHETIC COMPANY 01051,1 Example Way,Nowhere,ZZ,00000,4451,2017,SYNTHETIC INDUSTRY,1,2,29,51954,2,0,0,0,0,0,0,0,0,0,0,0,0,,1/1/2024,2023
7053,SYNTHETIC SITE 01052,101052,,SYNTHETIC COMPANY 01052,1 Example Way,Nowhere,ZZ,00000,3328,2017,SYNTHETIC INDUSTRY,1,2,17,34163,2,0,0,0,0,0,0,0,0,0,0,0,0,,1/1/2024,2023
7054,SYNTHETIC SITE 01053,101053,,SYNTHETIC COMPANY 01053,1 Example Way,Nowhere,ZZ,00000,2361,2017,SYNTHETIC INDUSTRY,1,2,266,430439,2,0,0,0,0,0,0,0,0,0,0,0,0,,1/1/2024,2023
7055,SYNTHETIC SITE 01054,101054,,SYNTHETIC COMPANY 01054,1 Example Way,Nowhere,ZZ,00000,3115,2017,SYNTHETIC INDUSTRY,1,2,31,66011,2,0,0,0,0,0,0,0,0,0,0,0,0,,1/1/2024,2023
7056,SYNTHETIC SITE 01055,101055,,SYNTHETIC COMPANY 01055,1 Example Way,Nowhere,ZZ,00000,6221,2017,SYNTHETIC INDUSTRY,1,2,21,47632,1,0,1,0,2,7,0,3,0,0,0,0,0,,1/1/2024,2023
7057,SYNTHETIC SITE 01056,101056,,SYNTHETIC COMPANY 01056,1 Example Way,Nowhere,ZZ,00000,4841,2017,SYNTHETIC INDUSTRY,1,2,54,101885,2,0,0,0,0,0,0,0,0,0,0,0,0,,1/1/2024,2023
7058,SYNTHETIC SITE 01057,101057,,SYNTHETIC COMPANY 01057,1 Example Way,Nowhere,ZZ,00000,4841,2017,SYNTHETIC INDUSTRY,1,2,314,511710,1,0,3,4,4,21,16,11,0,0,0,0,0,,1/1/2024,2023
7059,SYNTHETIC SITE 01058,101058,,SYNTHETIC COMPANY 01058,1 Example Way,Nowhere,ZZ,00000,3251,2017,SYNTHETIC INDUSTRY,1,2,50,91577,2,0,0,0,0,0,0,0,0,0,0,0,0,,1/1/2024,2023
7060,SYNTHETIC SITE 01059,101059,,SYNTHETIC COMPANY 01059,1 Example Way,Nowhere,ZZ,00000,3251,2017,SYNTHETIC INDUSTRY,1,2,3,5581,2,0,0,0,0,0,0,0,0,0,0,0,0,,1/1/2024,2023
7061,SYNTHETIC SITE 01060,101060,,SYNTHETIC COMPANY 01060,1 Example Way,Nowhere,ZZ,00000,6221,2017,SYNTHETIC INDUSTRY,1,2,89,135258,1,0,1,0,0,7,0,1,0,0,0,0,0,,1/1/2024,2023
7062,SYNTHETIC SITE 01061,101061,,SYNTHETIC COMPANY 01061,1 Example Way,Nowhere,ZZ,00000,4841,2017,SYNTHETIC INDUSTRY,1,2,57,101071,2,0,0,0,0,0,0,0,0,0,0,0,0,,1/1/2024,2023
7063,SYNTHETIC SITE 01062,101062,,SYNTHETIC COMPANY 01062,1 Example Way,Nowhere,ZZ,00000,3328,2017,SYNTHETIC INDUSTRY,1,2,31,60087,2,0,0,0,0,0,0,0,0,0,0,0,0,,1/1/2024,2023
7064,SYNTHETIC SITE 01063,101063,,SYNTHETIC COMPANY 01063,1 Example Way,Nowhere,ZZ,00000,4841,2017,SYNTHETIC INDUSTRY,1,2,60,61461,2,0,0,0,0,0,0,0,0,0,0,0,0,,1/1/2024,2023
7065,SYNTHETIC SITE 01064,101064,,SYNTHETIC COMPANY 01064,1 Example Way,Nowhere,ZZ,00000,6221,2017,SYNTHETIC INDUSTRY,1,2,23,39152,2,0,0,0,0,0,0,0,0,0,0,0,0,,1/1/2024,2023
7066,SYNTHETIC SITE 01065,101065,,SYNTHETIC COMPANY 01065,1 Example Way,Nowhere,ZZ,00000,6221,2017,SYNTHETIC INDUSTRY,1,2,80,137164,1,0,1,0,1,7,0,2,0,0,0,0,0,,1/1/2024,2023
7067,SYNTHETIC SITE 01066,101066,,SYNTHETIC COMPANY 01066,1 Example Way,Nowhere,ZZ,00000,3251,2017,SYNTHETIC INDUSTRY,1,2,25,37915,1,0,0,1,0,0,4,1,0,0,0,0,0,,1/1/2024,2023
7068,SYNTHETIC SITE 01067,101067,,SYNTHETIC COMPANY 01067,1 Example Way,Nowhere,ZZ,00000,6221,2017,SYNTHETIC INDUSTRY,1,2,12,23969,2,0,0,0,0,0,0,0,0,0,0,0,0,,1/1/2024,2023
7069,SYNTHETIC SITE 01068,101068,,SYNTHETIC COMPANY 01068,1 Example Way,Nowhere,ZZ,00000,6221,2017,SYNTHETIC INDUSTRY,1,2,12,25887,1,0,1,0,0,7,0,1,0,0,0,0,0,,1/1/2024,2023
7070,SYNTHETIC SITE 01069,101069,,SYNTHETIC COMPANY 01069,1 Example Way,Nowhere,ZZ,00000,4451,2017,SYNTHETIC INDUSTRY,1,2,94,192187,2,0,0,0,0,0,0,0,0,0,0,0,0,,1/1/2024,2023
7071,SYNTHETIC SITE 01070,101070,,SYNTHETIC COMPANY 01070,1 Example Way,Nowhere,ZZ,00000,2361,2017,SYNTHETIC INDUSTRY,1,2,134,257543,1,0,3,2,1,21,8,6,0,0,0,0,0,,1/1/2024,2023
7072,SYNTHETIC SITE 01071,101071,,SYNTHETIC COMPANY 01071,1 Example Way,Nowhere,ZZ,00000,3251,2017,SYNTHETIC INDUSTRY,1,2,100,177724,1,0,4,3,6,28,12,13,0,0,0,0,0,,1/1/2024,2023
7073,SYNTHETIC SITE 01072,101072,,SYNTHETIC COMPANY 01072,1 Example Way,Nowhere,ZZ,00000,6221,2017,SYNTHETIC INDUSTRY,1,2,36,72896,2,0,0,0,0,0,0,0,0,0,0,0,0,,1/1/2024,2023
7074,SYNTHETIC SITE 01073,101073,,SYNTHETIC COMPANY 01073,1 Example Way,Nowhere,ZZ,00000,3252,2017,SYNTHETIC INDUSTRY,1,2,39,68928,2,0,0,0,0,0,0,0,0,0,0,0,0,,1/1/2024,2023
7075,SYNTHETIC SITE 01074,101074,,SYNTHETIC COMPANY 01074,1 Example Way,Nowhere,ZZ,00000,3328,2017,SYNTHETIC INDUSTRY,1,2,86,180641,2,0,0,0,0,0,0,0,0,0,0,0,0,,1/1/2024,2023
7076,SYNTHETIC SITE 01075,101075,,SYNTHETIC COMPANY 01075,1 Example Way,Nowhere,ZZ,00000,4451,2017,SYNTHETIC INDUSTRY,1,2,9,18608,1,0,0,0,1,0,0,1,0,0,0,0,0,,1/1/2024,2023
7077,SYNTHETIC SITE 01076,101076,,SYNTHETIC COMPANY 01076,1 Example Way,Nowhere,ZZ,00000,3328,2017,SYNTHETIC INDUSTRY,1,2,57,128055,2,0,0,0,0,0,0,0,0,0,0,0,0,,1/1/2024,2023
7078,SYNTHETIC SITE 01077,101077,,SYNTHETIC COMPANY 01077,1 Example Way,Nowhere,ZZ,00000,3115,2017,SYNTHETIC INDUSTRY,1,2,108,19387900,1,0,4,1,5,28,4,10,0,0,0,0,0,,1/1/2024,2023
7079,SYNTHETIC SITE 01078,101078,,SYNTHETIC COMPANY 01078,1 Example Way,Nowhere,ZZ,00000,2361,2017,SYNTHETIC INDUSTRY,1,2,169,300747,1,0,4,1,4,28,4,9,0,0,0,0,0,,1/1/2024,2023
7080,SYNTHETIC SITE 01079,101079,,SYNTHETIC COMPANY 01079,1 Example Way,Nowhere,ZZ,00000,3328,2017,SYNTHETIC INDUSTRY,1,2,669,1005172,1,0,15,12,17,105,48,44,0,0,0,0,0,,1/1/2024,2023
7081,SYNTHETIC SITE 01080,101080,,SYNTHETIC COMPANY 01080,1 Example Way,Nowhere,ZZ,00000,2361,2017,SYNTHETIC INDUSTRY,1,2,92,210183,2,0,0,0,0,0,0,0,0,0,0,0,0,,1/1/2024,2023
7082,SYNTHETIC SITE 01081,101081,,SYNTHETIC COMPANY 01081,1 Example Way,Nowhere,ZZ,00000,4451,2017,SYNTHETIC INDUSTRY,1,2,70,130974,1,0,0,1,0,0,4,1,0,0,0,0,0,,1/1/2024,2023
7083,SYNTHETIC SITE 01082,101082,,SYNTHETIC COMPANY 01082,1 Example Way,Nowhere,ZZ,00000,4451,2017,SYNTHETIC INDUSTRY,1,2,134,267769,1,0,7,1,8,49,4,16,0,0,0,0,0,,1/1/2024,2023
7084,SYNTHETIC SITE 01083,101083,,SYNTHETIC COMPANY 01083,1 Example Way,Nowhere,ZZ,00000,6221,2017,SYNTHETIC INDUSTRY,1,2,40,64676,1,0,1,0,0,7,0,1,0,0,0,0,0,,1/1/2024,2023
7085,SYNTHETIC SITE 01084,101084,,SYNTHETIC COMPANY 01084,1 Example Way,Nowhere,ZZ,00000,4841,2017,SYNTHETIC INDUSTRY,1,2,38,96738,2,0,0,0,0,0,0,0,0,0,0,0,0,,1/1/2024,2023
7086,SYNTHETIC SITE 01085,101085,,SYNTHETIC COMPANY 01085,1 Example Way,Nowhere,ZZ,00000,4841,2017,SYNTHETIC INDUSTRY,1,2,161,269301,1,0,5,4,3,35,16,12,0,0,0,0,0,,1/1/2024,2023
7087,SYNTHETIC SITE 01086,101086,,SYNTHETIC COMPANY 01086,1 Example Way,Nowhere,ZZ,00000,4451,2017,SYNTHETIC INDUSTRY,1,2,140,239026,1,0,2,3,3,14,12,8,0,0,0,0,0,,1/1/2024,2023
7088,SYNTHETIC SITE 01087,101087,,SYNTHETIC COMPANY 01087,1 Example Way,Nowhere,ZZ,00000,2361,2017,SYNTHETIC INDUSTRY,1,2,74,112831,2,0,0,0,0,0,0,0,0,0,0,0,0,,1/1/2024,2023
7089,SYNTHETIC SITE 01088,101088,,SYNTHETIC COMPANY 01088,1 Example Way,Nowhere,ZZ,00000,3251,2017,SYNTHETIC INDUSTRY,1,2,7,1138400000,2,0,0,0,0,0,0,0,0,0,0,0,0,,1/1/2024,2023
7090,SYNTHETIC SITE 01089,101089,,SYNTHETIC COMPANY 01089,1 Example Way,Nowhere,ZZ,00000,3252,2017,SYNTHETIC INDUSTRY,1,2,68,118733,1,0,1,0,1,7,0,2,0,0,0,0,0,,1/1/2024,2023
7091,SYNTHETIC SITE 01090,101090,,SYNTHETIC COMPANY 01090,1 Example Way,Nowhere,ZZ,00000,3252,2017,SYNTHETIC INDUSTRY,1,2,34,70559,1,0,0,1,0,0,4,1,0,0,0,0,0,,1/1/2024,2023
7092,SYNTHETIC SITE 01091,101091,,SYNTHETIC COMPANY 01091,1 Example Way,Nowhere,ZZ,00000,3252,2017,SYNTHETIC INDUSTRY,1,2,27,55490,2,0,0,0,0,0,0,0,0,0,0,0,0,,1/1/2024,2023
7093,SYNTHETIC SITE 01092,101092,,SYNTHETIC COMPANY 01092,1 Example Way,Nowhere,ZZ,00000,4451,2017,SYNTHETIC INDUSTRY,1,2,70,139738,1,0,2,0,3,14,0,5,0,0,0,0,0,,1/1/2024,2023
7094,SYNTHETIC SITE 01093,101093,,SYNTHETIC COMPANY 01093,1 Example Way,Nowhere,ZZ,00000,3252,2017,SYNTHETIC INDUSTRY,1,2,43,8207000000,2,0,0,0,0,0,0,0,0,0,0,0,0,,1/1/2024,2023
7095,SYNTHETIC SITE 01094,101094,,SYNTHETIC COMPANY 01094,1 Example Way,Nowhere,ZZ,00000,2361,2017,SYNTHETIC INDUSTRY,1,2,7,13311,2,0,0,0,0,0,0,0,0,0,0,0,0,,1/1/2024,2023
7096,SYNTHETIC SITE 01095,101095,,SYNTHETIC COMPANY 01095,1 Example Way,Nowhere,ZZ,00000,2361,2017,SYNTHETIC INDUSTRY,1,2,62,12543600000,1,0,0,1,1,0,4,2,0,0,0,0,0,,1/1/2024,2023
7097,SYNTHETIC SITE 01096,101096,,SYNTHETIC COMPANY 01096,1 Example Way,Nowhere,ZZ,00000,6221,2017,SYNTHETIC INDUSTRY,1,2,131,238115,1,0,0,1,0,0,4,1,0,0,0,0,0,,1/1/2024,2023
7098,SYNTHETIC SITE 01097,101097,,SYNTHETIC COMPANY 01097,1 Example Way,Nowhere,ZZ,00000,3252,2017,SYNTHETIC INDUSTRY,1,2,102,186440,1,0,2,0,2,14,0,4,0,0,0,0,0,,1/1/2024,2023
7099,SYNTHETIC SITE 01098,101098,,SYNTHETIC COMPANY 01098,1 Example Way,Nowhere,ZZ,00000,2361,2017,SYNTHETIC INDUSTRY,1,2,2,3503,2,0,0,0,0,0,0,0,0,0,0,0,0,,1/1/2024,2023
7100,SYNTHETIC SITE 01099,101099,,SYNTHETIC COMPANY 01099,1 Example Way,Nowhere,ZZ,00000,3328,2017,SYNTHETIC INDUSTRY,1,2,14,23534,1,0,1,0,0,7,0,1,0,0,0,0,0,,1/1/2024,2023
7101,SYNTHETIC SITE 01100,101100,,SYNTHETIC COMPANY 01100,1 Example Way,Nowhere,ZZ,00000,3252,2017,SYNTHETIC INDUSTRY,1,2,33,59775,2,0,0,0,0,0,0,0,0,0,0,0,0,,1/1/2024,2023
7102,SYNTHETIC SITE 01101,101101,,SYNTHETIC COMPANY 01101,1 Example Way,Nowhere,ZZ,00000,3115,2017,SYNTHETIC INDUSTRY,1,2,42,55396,1,0,0,0,2,0,0,2,0,0,0,0,0,,1/1/2024,2023
7103,SYNTHETIC SITE 01102,101102,,SYNTHETIC COMPANY 01102,1 Example Way,Nowhere,ZZ,00000,3115,2017,SYNTHETIC INDUSTRY,1,2,24,41268,2,0,0,0,0,0,0,0,0,0,0,0,0,,1/1/2024,2023
7104,SYNTHETIC SITE 01103,101103,,SYNTHETIC COMPANY 01103,1 Example Way,Nowhere,ZZ,00000,6221,2017,SYNTHETIC INDUSTRY,1,2,395,651851,1,0,1,0,0,7,0,1,0,0,0,0,0,,1/1/2024,2023
7105,SYNTHETIC SITE 01104,101104,,SYNTHETIC COMPANY 01104,1 Example Way,Nowhere,ZZ,00000,3115,2017,SYNTHETIC INDUSTRY,1,2,4,6888,2,0,0,0,0,0,0,0,0,0,0,0,0,,1/1/2024,2023
7106,SYNTHETIC SITE 01105,101105,,SYNTHETIC COMPANY 01105,1 Example Way,Nowhere,ZZ,00000,3252,2017,SYNTHETIC INDUSTRY,1,2,56,105958,2,0,0,0,0,0,0,0,0,0,0,0,0,,1/1/2024,2023
7107,SYNTHETIC SITE 01106,101106,,SYNTHETIC COMPANY 01106,1 Example Way,Nowhere,ZZ,00000,6221,2017,SYNTHETIC INDUSTRY,1,2,20,27613,2,0,0,0,0,0,0,0,0,0,0,0,0,,1/1/2024,2023
7108,SYNTHETIC SITE 01107,101107,,SYNTHETIC COMPANY 01107,1 Example Way,Nowhere,ZZ,00000,3328,2017,SYNTHETIC INDUSTRY,1,2,99,194373,1,0,1,0,0,7,0,1,0,0,0,0,0,,1/1/2024,2023
7109,SYNTHETIC SITE 01108,101108,,SYNTHETIC COMPANY 01108,1 Example Way,Nowhere,ZZ,00000,3328,2017,SYNTHETIC INDUSTRY,1,2,35,59727,1,0,1,1,3,7,4,5,0,0,0,0,0,,1/1/2024,2023
7110,SYNTHETIC SITE 01109,101109,,SYNTHETIC COMPANY 01109,1 Example Way,Nowhere,ZZ,00000,3251,2017,SYNTHETIC INDUSTRY,1,2,15,30049,2,0,0,0,0,0,0,0,0,0,0,0,0,,1/1/2024,2023
7111,SYNTHETIC SITE 01110,101110,,SYNTHETIC COMPANY 01110,1 Example Way,Nowhere,ZZ,00000,3328,2017,SYNTHETIC INDUSTRY,1,2,22,45293,1,0,0,1,0,0,4,1,0,0,0,0,0,,1/1/2024,2023
7112,SYNTHETIC SITE 01111,101111,,SYNTHETIC COMPANY 01111,1 Example Way,Nowhere,ZZ,00000,3252,2017,SYNTHETIC INDUSTRY,1,2,39,51201,2,0,0,0,0,0,0,0,0,0,0,0,0,,1/1/2024,2023
7113,SYNTHETIC SITE 01112,101112,,SYNTHETIC COMPANY 01112,1 Example Way,Nowhere,ZZ,00000,6221,2017,SYNTHETIC INDUSTRY,1,2,53,116442,2,0,0,0,0,0,0,0,0,0,0,0,0,,1/1/2024,2023
7114,SYNTHETIC SITE 01113,101113,,SYNTHETIC COMPANY 01113,1 Example Way,Nowhere,ZZ,00000,3251,2017,SYNTHETIC INDUSTRY,1,2,265,380664,2,0,0,0,0,0,0,0,0,0,0,0,0,,1/1/2024,2023
7115,SYNTHETIC SITE 01114,101114,,SYNTHETIC COMPANY 01114,1 Example Way,Nowhere,ZZ,00000,3115,2017,SYNTHETIC INDUSTRY,1,2,19,38935,2,0,0,0,0,0,0,0,0,0,0,0,0,,1/1/2024,2023
7116,SYNTHETIC SITE 01115,101115,,SYNTHETIC COMPANY 01115,1 Example Way,Nowhere,ZZ,00000,4841,2017,SYNTHETIC INDUSTRY,1,2,145,244336,1,0,1,1,6,7,4,8,0,0,0,0,0,,1/1/2024,2023
7117,SYNTHETIC SITE 01116,101116,,SYNTHETIC COMPANY 01116,1 Example Way,Nowhere,ZZ,00000,3328,2017,SYNTHETIC INDUSTRY,1,2,49,85094,1,0,0,0,1,0,0,1,0,0,0,0,0,,1/1/2024,2023
7118,SYNTHETIC SITE 01117,101117,,SYNTHETIC COMPANY 01117,1 Example Way,Nowhere,ZZ,00000,3252,2017,SYNTHETIC INDUSTRY,1,2,23,43787,1,0,1,0,1,7,0,2,0,0,0,0,0,,1/1/2024,2023
7119,SYNTHETIC SITE 01118,101118,,SYNTHETIC COMPANY 01118,1 Example Way,Nowhere,ZZ,00000,4841,2017,SYNTHETIC INDUSTRY,1,2,25,47621,2,0,0,0,0,0,0,0,0,0,0,0,0,,1/1/2024,2023
7120,SYNTHETIC SITE 01119,101119,,SYNTHETIC COMPANY 01119,1 Example Way,Nowhere,ZZ,00000,4841,2017,SYNTHETIC INDUSTRY,1,2,31,59162,1,0,0,0,2,0,0,2,0,0,0,0,0,,1/1/2024,2023
7121,SYNTHETIC SITE 01120,101120,,SYNTHETIC COMPANY 01120,1 Example Way,Nowhere,ZZ,00000,3251,2017,SYNTHETIC INDUSTRY,1,2,51,83564,2,0,0,0,0,0,0,0,0,0,0,0,0,,1/1/2024,2023
7122,SYNTHETIC SITE 01121,101121,,SYNTHETIC COMPANY 01121,1 Example Way,Nowhere,ZZ,00000,6221,2017,SYNTHETIC INDUSTRY,1,2,5,7644,2,0,0,0,0,0,0,0,0,0,0,0,0,,1/1/2024,2023
7123,SYNTHETIC SITE 01122,101122,,SYNTHETIC COMPANY 01122,1 Example Way,Nowhere,ZZ,00000,6221,2017,SYNTHETIC INDUSTRY,1,2,96,179493,1,0,0,2,1,0,8,3,0,0,0,0,0,,1/1/2024,2023
7124,SYNTHETIC SITE 01123,101123,,SYNTHETIC COMPANY 01123,1 Example Way,Nowhere,ZZ,00000,3115,2017,SYNTHETIC INDUSTRY,1,2,44,79894,2,0,0,0,0,0,0,0,0,0,0,0,0,,1/1/2024,2023
7125,SYNTHETIC SITE 01124,101124,,SYNTHETIC COMPANY 01124,1 Example Way,Nowhere,ZZ,00000,3252,2017,SYNTHETIC INDUSTRY,1,2,42,100697,2,0,0,0,0,0,0,0,0,0,0,0,0,,1/1/2024,2023
7126,SYNTHETIC SITE 01125,101125,,SYNTHETIC COMPANY 01125,1 Example Way,Nowhere,ZZ,00000,3251,2017,SYNTHETIC INDUSTRY,1,2,35,85380,1,0,1,1,2,7,4,4,0,0,0,0,0,,1/1/2024,2023
7127,SYNTHETIC SITE 01126,101126,,SYNTHETIC COMPANY 01126,1 Example Way,Nowhere,ZZ,00000,3252,2017,SYNTHETIC INDUSTRY,1,2,48,77645,2,0,0,0,0,0,0,0,0,0,0,0,0,,1/1/2024,2023
7128,SYNTHETIC SITE 01127,101127,,SYNTHETIC COMPANY 01127,1 Example Way,Nowhere,ZZ,00000,4841,2017,SYNTHETIC INDUSTRY,1,2,87,146484,2,0,0,0,0,0,0,0,0,0,0,0,0,,1/1/2024,2023
7129,SYNTHETIC SITE 01128,101128,,SYNTHETIC COMPANY 01128,1 Example Way,Nowhere,ZZ,00000,6221,2017,SYNTHETIC INDUSTRY,1,2,48,92889,1,0,0,2,0,0,8,2,0,0,0,0,0,,1/1/2024,2023
7130,SYNTHETIC SITE 01129,101129,,SYNTHETIC COMPANY 01129,1 Example Way,Nowhere,ZZ,00000,4841,2017,SYNTHETIC INDUSTRY,1,2,65,123804,1,0,0,1,2,0,4,3,0,0,0,0,0,,1/1/2024,2023
7131,SYNTHETIC SITE 01130,101130,,SYNTHETIC COMPANY 01130,1 Example Way,Nowhere,ZZ,00000,3252,2017,SYNTHETIC INDUSTRY,1,2,24,43350,1,0,1,0,0,7,0,1,0,0,0,0,0,,1/1/2024,2023
7132,SYNTHETIC SITE 01131,101131,,SYNTHETIC COMPANY 01131,1 Example Way,Nowhere,ZZ,00000,2361,2017,SYNTHETIC INDUSTRY,1,2,18,38118,2,0,0,0,0,0,0,0,0,0,0,0,0,,1/1/2024,2023
7133,SYNTHETIC SITE 01132,101132,,SYNTHETIC COMPANY 01132,1 Example Way,Nowhere,ZZ,00000,4451,2017,SYNTHETIC INDUSTRY,1,2,55,120555,2,0,0,0,0,0,0,0,0,0,0,0,0,,1/1/2024,2023
7134,SYNTHETIC SITE 01133,101133,,SYNTHETIC COMPANY 01133,1 Example Way,Nowhere,ZZ,00000,3252,2017,SYNTHETIC INDUSTRY,1,2,19,35771,2,0,0,0,0,0,0,0,0,0,0,0,0,,1/1/2024,2023
7135,SYNTHETIC SITE 01134,101134,,SYNTHETIC COMPANY 01134,1 Example Way,Nowhere,ZZ,00000,6221,2017,SYNTHETIC INDUSTRY,1,2,69,126281,1,0,3,0,3,21,0,6,0,0,0,0,0,,1/1/2024,2023
7136,SYNTHETIC SITE 01135,101135,,SYNTHETIC COMPANY 01135,1 Example Way,Nowhere,ZZ,00000,3251,2017,SYNTHETIC INDUSTRY,1,2,247,407044,2,0,0,0,0,0,0,0,0,0,0,0,0,,1/1/2024,2023
7137,SYNTHETIC SITE 01136,101136,,SYNTHETIC COMPANY 01136,1 Example Way,Nowhere,ZZ,00000,3252,2017,SYNTHETIC INDUSTRY,1,2,241,387800,1,0,3,2,1,21,8,6,0,0,0,0,0,,1/1/2024,2023
7138,SYNTHETIC SITE 01137,101137,,SYNTHETIC COMPANY 01137,1 Example Way,Nowhere,ZZ,00000,3251,2017,SYNTHETIC INDUSTRY,1,2,10,14011,2,0,0,0,0,0,0,0,0,0,0,0,0,,1/1/2024,2023
7139,SYNTHETIC SITE 01138,101138,,SYNTHETIC COMPANY 01138,1 Example Way,Nowhere,ZZ,00000,6221,2017,SYNTHETIC INDUSTRY,1,2,22,37902,2,0,0,0,0,0,0,0,0,0,0,0,0,,1/1/2024,2023
7140,SYNTHETIC SITE 01139,101139,,SYNTHETIC COMPANY 01139,1 Example Way,Nowhere,ZZ,00000,4451,2017,SYNTHETIC INDUSTRY,1,2,237,529195,1,0,5,2,3,35,8,10,0,0,0,0,0,,1/1/2024,2023
7141,SYNTHETIC SITE 01140,101140,,SYNTHETIC COMPANY 01140,1 Example Way,Nowhere,ZZ,00000,3115,2017,SYNTHETIC INDUSTRY,1,2,296,552464,2,0,0,0,0,0,0,0,0,0,0,0,0,,1/1/2024,2023
7142,SYNTHETIC SITE 01141,101141,,SYNTHETIC COMPANY 01141,1 Example Way,Nowhere,ZZ,00000,4451,2017,SYNTHETIC INDUSTRY,1,2,8,12524,2,0,0,0,0,0,0,0,0,0,0,0,0,,1/1/2024,2023
7143,SYNTHETIC SITE 01142,101142,,SYNTHETIC COMPANY 01142,1 Example Way,Nowhere,ZZ,00000,4841,2017,SYNTHETIC INDUSTRY,1,2,89,137070,2,0,0,0,0,0,0,0,0,0,0,0,0,,1/1/2024,2023
7144,SYNTHETIC SITE 01143,101143,,SYNTHETIC COMPANY 01143,1 Example Way,Nowhere,ZZ,00000,2361,2017,SYNTHETIC INDUSTRY,1,2,107,202948,2,0,0,0,0,0,0,0,0,0,0,0,0,,1/1/2024,2023
7145,SYNTHETIC SITE 01144,101144,,SYNTHETIC COMPANY 01144,1 Example Way,Nowhere,ZZ,00000,3115,2017,SYNTHETIC INDUSTRY,1,2,7,15235,2,0,0,0,0,0,0,0,0,0,0,0,0,,1/1/2024,2023
7146,SYNTHETIC SITE 01145,101145,,SYNTHETIC COMPANY 01145,1 Example Way,Nowhere,ZZ,00000,3328,2017,SYNTHETIC INDUSTRY,1,2,99,206120,1,0,1,1,1,7,4,3,0,0,0,0,0,,1/1/2024,2023
7147,SYNTHETIC SITE 01146,101146,,SYNTHETIC COMPANY 01146,1 Example Way,Nowhere,ZZ,00000,3252,2017,SYNTHETIC INDUSTRY,1,2,118,220356,1,0,2,0,4,14,0,6,0,0,0,0,0,,1/1/2024,2023
7148,SYNTHETIC SITE 01147,101147,,SYNTHETIC COMPANY 01147,1 Example Way,Nowhere,ZZ,00000,3328,2017,SYNTHETIC INDUSTRY,1,2,256,552682,2,0,0,0,0,0,0,0,0,0,0,0,0,,1/1/2024,2023
7149,SYNTHETIC SITE 01148,101148,,SYNTHETIC COMPANY 01148,1 Example Way,Nowhere,ZZ,00000,3251,2017,SYNTHETIC INDUSTRY,1,2,41,82146,2,0,0,0,0,0,0,0,0,0,0,0,0,,1/1/2024,2023
7150,SYNTHETIC SITE 01149,101149,,SYNTHETIC COMPANY 01149,1 Example Way,Nowhere,ZZ,00000,3251,2017,SYNTHETIC INDUSTRY,1,2,74,108523,1,0,1,0,1,7,0,2,0,0,0,0,0,,1/1/2024,2023
7151,SYNTHETIC SITE 01150,101150,,SYNTHETIC COMPANY 01150,1 Example Way,Nowhere,ZZ,00000,3328,2017,SYNTHETIC INDUSTRY,1,2,4,5598,2,0,0,0,0,0,0,0,0,0,0,0,0,,1/1/2024,2023
7152,SYNTHETIC SITE 01151,101151,,SYNTHETIC COMPANY 01151,1 Example Way,Nowhere,ZZ,00000,2361,2017,SYNTHETIC INDUSTRY,1,2,630,1150126,2,0,0,0,0,0,0,0,0,0,0,0,0,,1/1/2024,2023
7153,SYNTHETIC SITE 01152,101152,,SYNTHETIC COMPANY 01152,1 Example Way,Nowhere,ZZ,00000,3115,2017,SYNTHETIC INDUSTRY,1,2,21,44272,2,0,0,0,0,0,0,0,0,0,0,0,0,,1/1/2024,2023
7154,SYNTHETIC SITE 01153,101153,,SYNTHETIC COMPANY 01153,1 Example Way,Nowhere,ZZ,00000,2361,2017,SYNTHETIC INDUSTRY,1,2,82,182823,2,0,0,0,0,0,0,0,0,0,0,0,0,,1/1/2024,2023
7155,SYNTHETIC SITE 01154,101154,,SYNTHETIC COMPANY 01154,1 Example Way,Nowhere,ZZ,00000,6221,2017,SYNTHETIC INDUSTRY,1,2,48,79515,2,0,0,0,0,0,0,0,0,0,0,0,0,,1/1/2024,2023
7156,SYNTHETIC SITE 01155,101155,,SYNTHETIC COMPANY 01155,1 Example Way,Nowhere,ZZ,00000,6221,2017,SYNTHETIC INDUSTRY,1,2,32,66698,2,0,0,0,0,0,0,0,0,0,0,0,0,,1/1/2024,2023
7157,SYNTHETIC SITE 01156,101156,,SYNTHETIC COMPANY 01156,1 Example Way,Nowhere,ZZ,00000,3115,2017,SYNTHETIC INDUSTRY,1,2,13,28942,2,0,0,0,0,0,0,0,0,0,0,0,0,,1/1/2024,2023
7158,SYNTHETIC SITE 01157,101157,,SYNTHETIC COMPANY 01157,1 Example Way,Nowhere,ZZ,00000,3251,2017,SYNTHETIC INDUSTRY,1,2,12,18245,2,0,0,0,0,0,0,0,0,0,0,0,0,,1/1/2024,2023
7159,SYNTHETIC SITE 01158,101158,,SYNTHETIC COMPANY 01158,1 Example Way,Nowhere,ZZ,00000,3251,2017,SYNTHETIC INDUSTRY,1,2,309,438241,1,0,3,0,7,21,0,10,0,0,0,0,0,,1/1/2024,2023
7160,SYNTHETIC SITE 01159,101159,,SYNTHETIC COMPANY 01159,1 Example Way,Nowhere,ZZ,00000,3115,2017,SYNTHETIC INDUSTRY,1,2,21,34979,2,0,0,0,0,0,0,0,0,0,0,0,0,,1/1/2024,2023
7161,SYNTHETIC SITE 01160,101160,,SYNTHETIC COMPANY 01160,1 Example Way,Nowhere,ZZ,00000,3328,2017,SYNTHETIC INDUSTRY,1,2,12,21165,2,0,0,0,0,0,0,0,0,0,0,0,0,,1/1/2024,2023
7162,SYNTHETIC SITE 01161,101161,,SYNTHETIC COMPANY 01161,1 Example Way,Nowhere,ZZ,00000,2361,2017,SYNTHETIC INDUSTRY,1,2,64,95374,2,0,0,0,0,0,0,0,0,0,0,0,0,,1/1/2024,2023
7163,SYNTHETIC SITE 01162,101162,,SYNTHETIC COMPANY 01162,1 Example Way,Nowhere,ZZ,00000,3251,2017,SYNTHETIC INDUSTRY,1,2,83,116369,1,0,0,0,1,0,0,1,0,0,0,0,0,,1/1/2024,2023
7164,SYNTHETIC SITE 01163,101163,,SYNTHETIC COMPANY 01163,1 Example Way,Nowhere,ZZ,00000,3251,2017,SYNTHETIC INDUSTRY,1,2,49,85079,2,0,0,0,0,0,0,0,0,0,0,0,0,,1/1/2024,2023
7165,SYNTHETIC SITE 01164,101164,,SYNTHETIC COMPANY 01164,1 Example Way,Nowhere,ZZ,00000,6221,2017,SYNTHETIC INDUSTRY,1,2,126,282894,2,0,0,0,0,0,0,0,0,0,0,0,0,,1/1/2024,2023
7166,SYNTHETIC SITE 01165,101165,,SYNTHETIC COMPANY 01165,1 Example Way,Nowhere,ZZ,00000,2361,2017,SYNTHETIC INDUSTRY,1,2,40,78748,1,0,4,2,2,28,8,8,0,0,0,0,0,,1/1/2024,2023
7167,SYNTHETIC SITE 01166,101166,,SYNTHETIC COMPANY 01166,1 Example Way,Nowhere,ZZ,00000,3252,2017,SYNTHETIC INDUSTRY,1,2,16,25526,2,0,0,0,0,0,0,0,0,0,0,0,0,,1/1/2024,2023
7168,SYNTHETIC SITE 01167,101167,,SYNTHETIC COMPANY 01167,1 Example Way,Nowhere,ZZ,00000,4841,2017,SYNTHETIC INDUSTRY,1,2,57,79883,2,0,0,0,0,0,0,0,0,0,0,0,0,,1/1/2024,2023
7169,SYNTHETIC SITE 01168,101168,,SYNTHETIC COMPANY 01168,1 Example Way,Nowhere,ZZ,00000,3251,2017,SYNTHETIC INDUSTRY,1,2,25,50619,2,0,0,0,0,0,0,0,0,0,0,0,0,,1/1/2024,2023
7170,SYNTHETIC SITE 01169,101169,,SYNTHETIC COMPANY 01169,1 Example Way,Nowhere,ZZ,00000,3115,2017,SYNTHETIC INDUSTRY,1,2,23,55633,1,0,2,1,0,14,4,3,0,0,0,0,0,,1/1/2024,2023
7171,SYNTHETIC SITE 01170,101170,,SYNTHETIC COMPANY 01170,1 Example Way,Nowhere,ZZ,00000,3251,2017,SYNTHETIC INDUSTRY,1,2,14,24153,2,0,0,0,0,0,0,0,0,0,0,0,0,,1/1/2024,2023
7172,SYNTHETIC SITE 01171,101171,,SYNTHETIC COMPANY 01171,1 Example Way,Nowhere,ZZ,00000,2361,2017,SYNTHETIC INDUSTRY,1,2,75,164438,1,0,0,1,1,0,4,2,0,0,0,0,0,,1/1/2024,2023
7173,SYNTHETIC SITE 01172,101172,,SYNTHETIC COMPANY 01172,1 Example Way,Nowhere,ZZ,00000,3251,2017,SYNTHETIC INDUSTRY,1,2,70,120033,2,0,0,0,0,0,0,0,0,0,0,0,0,,1/1/2024,2023
7174,SYNTHETIC SITE 01173,101173,,SYNTHETIC COMPANY 01173,1 Example Way,Nowhere,ZZ,00000,2361,2017,SYNTHETIC INDUSTRY,1,2,4,6622,2,0,0,0,0,0,0,0,0,0,0,0,0,,1/1/2024,2023
7175,SYNTHETIC SITE 01174,101174,,SYNTHETIC COMPANY 01174,1 Example Way,Nowhere,ZZ,00000,3252,2017,SYNTHETIC INDUSTRY,1,2,21,35796,2,0,0,0,0,0,0,0,0,0,0,0,0,,1/1/2024,2023
7176,SYNTHETIC SITE 01175,101175,,SYNTHETIC COMPANY 01175,1 Example Way,Nowhere,ZZ,00000,3328,2017,SYNTHETIC INDUSTRY,1,2,18,35003,2,0,0,0,0,0,0,0,0,0,0,0,0,,1/1/2024,2023
7177,SYNTHETIC SITE 01176,101176,,SYNTHETIC COMPANY 01176,1 Example Way,Nowhere,ZZ,00000,4451,2017,SYNTHETIC INDUSTRY,1,2,6,9219,2,0,0,0,0,0,0,0,0,0,0,0,0,,1/1/2024,2023
7178,SYNTHETIC SITE 01177,101177,,SYNTHETIC COMPANY 01177,1 Example Way,Nowhere,ZZ,00000,6221,2017,SYNTHETIC INDUSTRY,1,2,46,74465,2,0,0,0,0,0,0,0,0,0,0,0,0,,1/1/2024,2023
7179,SYNTHETIC SITE 01178,101178,,SYNTHETIC COMPANY 01178,1 Example Way,Nowhere,ZZ,00000,3328,2017,SYNTHETIC INDUSTRY,1,2,79,134487,2,0,0,0,0,0,0,0,0,0,0,0,0,,1/1/2024,2023
7180,SYNTHETIC SITE 01179,101179,,SYNTHETIC COMPANY 01179,1 Example Way,Nowhere,ZZ,00000,6221,2017,SYNTHETIC INDUSTRY,1,2,8,10652,1,0,1,0,0,7,0,1,0,0,0,0,0,,1/1/2024,2023
7181,SYNTHETIC SITE 01180,101180,,SYNTHETIC COMPANY 01180,1 Example Way,Nowhere,ZZ,00000,6221,2017,SYNTHETIC INDUSTRY,1,2,184,276030,1,0,1,0,3,7,0,4,0,0,0,0,0,,1/1/2024,2023
7182,SYNTHETIC SITE 01181,101181,,SYNTHETIC COMPANY 01181,1 Example Way,Nowhere,ZZ,00000,3328,2017,SYNTHETIC INDUSTRY,1,2,52,96479,1,0,1,0,0,7,0,1,0,0,0,0,0,,1/1/2024,2023
7183,SYNTHETIC SITE 01182,101182,,SYNTHETIC COMPANY 01182,1 Example Way,Nowhere,ZZ,00000,3252,2017,SYNTHETIC INDUSTRY,1,2,39,79435,2,0,0,0,0,0,0,0,0,0,0,0,0,,1/1/2024,2023
7184,SYNTHETIC SITE 01183,101183,,SYNTHETIC COMPANY 01183,1 Example Way,Nowhere,ZZ,00000,4841,2017,SYNTHETIC INDUSTRY,1,2,7,15233,2,0,0,0,0,0,0,0,0,0,0,0,0,,1/1/2024,2023
7185,SYNTHETIC SITE 01184,101184,,SYNTHETIC COMPANY 01184,1 Example Way,Nowhere,ZZ,00000,4841,2017,SYNTHETIC INDUSTRY,1,2,43,81121,1,0,1,0,0,7,0,1,0,0,0,0,0,,1/1/2024,2023
7186,SYNTHETIC SITE 01185,101185,,SYNTHETIC COMPANY 01185,1 Example Way,Nowhere,ZZ,00000,4841,2017,SYNTHETIC INDUSTRY,1,2,17,34090,2,0,0,0,0,0,0,0,0,0,0,0,0,,1/1/2024,2023
7187,SYNTHETIC SITE 01186,101186,,SYNTHETIC COMPANY 01186,1 Example Way,Nowhere,ZZ,00000,4451,2017,SYNTHETIC INDUSTRY,1,2,20,39679,2,0,0,0,0,0,0,0,0,0,0,0,0,,1/1/2024,2023
7188,SYNTHETIC SITE 01187,101187,,SYNTHETIC COMPANY 01187,1 Example Way,Nowhere,ZZ,00000,3251,2017,SYNTHETIC INDUSTRY,1,2,47,88307,1,0,0,0,1,0,0,1,0,0,0,0,0,,1/1/2024,2023
7189,SYNTHETIC SITE 01188,101188,,SYNTHETIC COMPANY 01188,1 Example Way,Nowhere,ZZ,00000,4451,2017,SYNTHETIC INDUSTRY,1,2,6,12427,2,0,0,0,0,0,0,0,0,0,0,0,0,,1/1/2024,2023
7190,SYNTHETIC SITE 01189,101189,,SYNTHETIC COMPANY 01189,1 Example Way,Nowhere,ZZ,00000,3251,2017,SYNTHETIC INDUSTRY,1,2,10,19435,2,0,0,0,0,0,0,0,0,0,0,0,0,,1/1/2024,2023
7191,SYNTHETIC SITE 01190,101190,,SYNTHETIC COMPANY 01190,1 Example Way,Nowhere,ZZ,00000,3328,2017,SYNTHETIC INDUSTRY,1,2,7,12671,1,0,0,1,0,0,4,1,0,0,0,0,0,,1/1/2024,2023
7192,SYNTHETIC SITE 01191,101191,,SYNTHETIC COMPANY 01191,1 Example Way,Nowhere,ZZ,00000,3115,2017,SYNTHETIC INDUSTRY,1,2,211,308411,1,0,2,1,0,14,4,3,0,0,0,0,0,,1/1/2024,2023
7193,SYNTHETIC SITE 01192,101192,,SYNTHETIC COMPANY 01192,1 Example Way,Nowhere,ZZ,00000,2361,2017,SYNTHETIC INDUSTRY,1,2,67,123040,2,0,0,0,0,0,0,0,0,0,0,0,0,,1/1/2024,2023
7194,SYNTHETIC SITE 01193,101193,,SYNTHETIC COMPANY 01193,1 Example Way,Nowhere,ZZ,00000,4451,2017,SYNTHETIC INDUSTRY,1,2,20,38278,1,0,0,0,1,0,0,1,0,0,0,0,0,,1/1/2024,2023
7195,SYNTHETIC SITE 01194,101194,,SYNTHETIC COMPANY 01194,1 Example Way,Nowhere,ZZ,00000,6221,2017,SYNTHETIC INDUSTRY,1,2,69,113239,1,0,0,1,0,0,4,1,0,0,0,0,0,,1/1/2024,2023
7196,SYNTHETIC SITE 01195,101195,,SYNTHETIC COMPANY 01195,1 Example Way,Nowhere,ZZ,00000,3115,2017,SYNTHETIC INDUSTRY,1,2,42,74623,2,0,0,0,0,0,0,0,0,0,0,0,0,,1/1/2024,2023
7197,SYNTHETIC SITE 01196,101196,,SYNTHETIC COMPANY 01196,1 Example Way,Nowhere,ZZ,00000,3328,2017,SYNTHETIC INDUSTRY,1,2,40,68491,2,0,0,0,0,0,0,0,0,0,0,0,0,,1/1/2024,2023
7198,SYNTHETIC SITE 01197,101197,,SYNTHETIC COMPANY 01197,1 Example Way,Nowhere,ZZ,00000,3252,2017,SYNTHETIC INDUSTRY,1,2,71,121139,2,0,0,0,0,0,0,0,0,0,0,0,0,,1/1/2024,2023
7199,SYNTHETIC SITE 01198,101198,,SYNTHETIC COMPANY 01198,1 Example Way,Nowhere,ZZ,00000,3328,2017,SYNTHETIC INDUSTRY,1,2,55,85761,2,0,0,0,0,0,0,0,0,0,0,0,0,,1/1/2024,2023
7200,SYNTHETIC SITE 01199,101199,,SYNTHETIC COMPANY 01199,1 Example Way,Nowhere,ZZ,00000,2361,2017,SYNTHETIC INDUSTRY,1,2,71,123318,2,0,0,0,0,0,0,0,0,0,0,0,0,,1/1/2024,2023
7201,SYNTHETIC SITE 01200,101200,,SYNTHETIC COMPANY 01200,1 Example Way,Nowhere,ZZ,00000,3115,2017,SYNTHETIC INDUSTRY,1,2,27,55142,2,0,0,0,0,0,0,0,0,0,0,0,0,,1/1/2024,2023
7202,SYNTHETIC SITE 01201,101201,,SYNTHETIC COMPANY 01201,1 Example Way,Nowhere,ZZ,00000,4841,2017,SYNTHETIC INDUSTRY,1,2,20,34159,2,0,0,0,0,0,0,0,0,0,0,0,0,,1/1/2024,2023
7203,SYNTHETIC SITE 01202,101202,,SYNTHETIC COMPANY 01202,1 Example Way,Nowhere,ZZ,00000,3251,2017,SYNTHETIC INDUSTRY,1,2,16,3322600000,2,0,0,0,0,0,0,0,0,0,0,0,0,,1/1/2024,2023
7204,SYNTHETIC SITE 01203,101203,,SYNTHETIC COMPANY 01203,1 Example Way,Nowhere,ZZ,00000,3328,2017,SYNTHETIC INDUSTRY,1,2,43,56947,2,0,0,0,0,0,0,0,0,0,0,0,0,,1/1/2024,2023
7205,SYNTHETIC SITE 01204,101204,,SYNTHETIC COMPANY 01204,1 Example Way,Nowhere,ZZ,00000,4451,2017,SYNTHETIC INDUSTRY,1,2,25,41317,2,0,0,0,0,0,0,0,0,0,0,0,0,,1/1/2024,2023
7206,SYNTHETIC SITE 01205,101205,,SYNTHETIC COMPANY 01205,1 Example Way,Nowhere,ZZ,00000,4841,2017,SYNTHETIC INDUSTRY,1,2,189,304042,1,0,0,2,1,0,8,3,0,0,0,0,0,,1/1/2024,2023
7207,SYNTHETIC SITE 01206,101206,,SYNTHETIC COMPANY 01206,1 Example Way,Nowhere,ZZ,00000,2361,2017,SYNTHETIC INDUSTRY,1,2,60,107902,2,0,0,0,0,0,0,0,0,0,0,0,0,,1/1/2024,2023
7208,SYNTHETIC SITE 01207,101207,,SYNTHETIC COMPANY 01207,1 Example Way,Nowhere,ZZ,00000,4451,2017,SYNTHETIC INDUSTRY,1,2,210,482904,1,0,1,0,0,7,0,1,0,0,0,0,0,,1/1/2024,2023
7209,SYNTHETIC SITE 01208,101208,,SYNTHETIC COMPANY 01208,1 Example Way,Nowhere,ZZ,00000,3115,2017,SYNTHETIC INDUSTRY,1,2,33,63457,1,0,5,1,2,35,4,8,0,0,0,0,0,,1/1/2024,2023
7210,SYNTHETIC SITE 01209,101209,,SYNTHETIC COMPANY 01209,1 Example Way,Nowhere,ZZ,00000,3252,2017,SYNTHETIC INDUSTRY,1,2,106,187535,1,0,2,0,0,14,0,2,0,0,0,0,0,,1/1/2024,2023
7211,SYNTHETIC SITE 01210,101210,,SYNTHETIC COMPANY 01210,1 Example Way,Nowhere,ZZ,00000,3328,2017,SYNTHETIC INDUSTRY,1,2,5,8467,2,0,0,0,0,0,0,0,0,0,0,0,0,,1/1/2024,2023
7212,SYNTHETIC SITE 01211,101211,,SYNTHETIC COMPANY 01211,1 Example Way,Nowhere,ZZ,00000,3252,2017,SYNTHETIC INDUSTRY,1,2,8,14439,2,0,0,0,0,0,0,0,0,0,0,0,0,,1/1/2024,2023
7213,SYNTHETIC SITE 01212,101212,,SYNTHETIC COMPANY 01212,1 Example Way,Nowhere,ZZ,00000,3328,2017,SYNTHETIC INDUSTRY,1,2,369,681153,1,0,7,3,6,49,12,16,0,0,0,0,0,,1/1/2024,2023
7214,SYNTHETIC SITE 01213,101213,,SYNTHETIC COMPANY 01213,1 Example Way,Nowhere,ZZ,00000,3252,2017,SYNTHETIC INDUSTRY,1,2,68,113023,2,0,0,0,0,0,0,0,0,0,0,0,0,,1/1/2024,2023
7215,SYNTHETIC SITE 01214,101214,,SYNTHETIC COMPANY 01214,1 Example Way,Nowhere,ZZ,00000,3251,2017,SYNTHETIC INDUSTRY,1,2,314,627368,1,0,3,2,1,21,8,6,0,0,0,0,0,,1/1/2024,2023
7216,SYNTHETIC SITE 01215,101215,,SYNTHETIC COMPANY 01215,1 Example Way,Nowhere,ZZ,00000,3328,2017,SYNTHETIC INDUSTRY,1,2,55,115618,2,0,0,0,0,0,0,0,0,0,0,0,0,,1/1/2024,2023
7217,SYNTHETIC SITE 01216,101216,,SYNTHETIC COMPANY 01216,1 Example Way,Nowhere,ZZ,00000,3252,2017,SYNTHETIC INDUSTRY,1,2,16,31879,1,0,0,1,0,0,4,1,0,0,0,0,0,,1/1/2024,2023
7218,SYNTHETIC SITE 01217,101217,,SYNTHETIC COMPANY 01217,1 Example Way,Nowhere,ZZ,00000,4841,2017,SYNTHETIC INDUSTRY,1,2,225,441801,1,0,0,4,4,0,16,8,0,0,0,0,0,,1/1/2024,2023
7219,SYNTHETIC SITE 01218,101218,,SYNTHETIC COMPANY 01218,1 Example Way,Nowhere,ZZ,00000,3115,2017,SYNTHETIC INDUSTRY,1,2,238,442724,1,0,4,1,2,28,4,7,0,0,0,0,0,,1/1/2024,2023
7220,SYNTHETIC SITE 01219,101219,,SYNTHETIC COMPANY 01219,1 Example Way,Nowhere,ZZ,00000,3328,2017,SYNTHETIC INDUSTRY,1,2,18,27754,2,0,0,0,0,0,0,0,0,0,0,0,0,,1/1/2024,2023
7221,SYNTHETIC SITE 01220,101220,,SYNTHETIC COMPANY 01220,1 Example Way,Nowhere,ZZ,00000,4451,2017,SYNTHETIC INDUSTRY,1,2,5,10506,2,0,0,0,0,0,0,0,0,0,0,0,0,,1/1/2024,2023
7222,SYNTHETIC SITE 01221,101221,,SYNTHETIC COMPANY 01221,1 Example Way,Nowhere,ZZ,00000,3251,2017,SYNTHETIC INDUSTRY,1,2,234,443846,1,0,5,3,6,35,12,14,0,0,0,0,0,,1/1/2024,2023
7223,SYNTHETIC SITE 01222,101222,,SYNTHETIC COMPANY 01222,1 Example Way,Nowhere,ZZ,00000,3252,2017,SYNTHETIC INDUSTRY,1,2,376,726721,2,0,0,0,0,0,0,0,0,0,0,0,0,,1/1/2024,2023
7224,SYNTHETIC SITE 01223,101223,,SYNTHETIC COMPANY 01223,1 Example Way,Nowhere,ZZ,00000,4841,2017,SYNTHETIC INDUSTRY,1,2,70,130328,1,0,1,0,1,7,0,2,0,0,0,0,0,,1/1/2024,2023
7225,SYNTHETIC SITE 01224,101224,,SYNTHETIC COMPANY 01224,1 Example Way,Nowhere,ZZ,00000,2361,2017,SYNTHETIC INDUSTRY,1,2,14,33196,2,0,0,0,0,0,0,0,0,0,0,0,0,,1/1/2024,2023
7226,SYNTHETIC SITE 01225,101225,,SYNTHETIC COMPANY 01225,1 Example Way,Nowhere,ZZ,00000,3252,2017,SYNTHETIC INDUSTRY,1,2,17,32897,2,0,0,0,0,0,0,0,0,0,0,0,0,,1/1/2024,2023
7227,SYNTHETIC SITE 01226,101226,,SYNTHETIC COMPANY 01226,1 Example Way,Nowhere,ZZ,00000,2361,2017,SYNTHETIC INDUSTRY,1,2,229,333973,1,0,0,1,1,0,4,2,0,0,0,0,0,,1/1/2024,2023
7228,SYNTHETIC SITE 01227,101227,,SYNTHETIC COMPANY 01227,1 Example Way,Nowhere,ZZ,00000,3328,2017,SYNTHETIC INDUSTRY,1,2,22,37291,2,0,0,0,0,0,0,0,0,0,0,0,0,,1/1/2024,2023
7229,SYNTHETIC SITE 01228,101228,,SYNTHETIC COMPANY 01228,1 Example Way,Nowhere,ZZ,00000,2361,2017,SYNTHETIC INDUSTRY,1,2,27,52200,1,0,1,0,1,7,0,2,0,0,0,0,0,,1/1/2024,2023
7230,SYNTHETIC SITE 01229,101229,,SYNTHETIC COMPANY 01229,1 Example Way,Nowhere,ZZ,00000,4841,2017,SYNTHETIC INDUSTRY,1,2,24,50198,2,0,0,0,0,0,0,0,0,0,0,0,0,,1/1/2024,2023
7231,SYNTHETIC SITE 01230,101230,,SYNTHETIC COMPANY 01230,1 Example Way,Nowhere,ZZ,00000,6221,2017,SYNTHETIC INDUSTRY,1,2,36,74184,2,0,0,0,0,0,0,0,0,0,0,0,0,,1/1/2024,2023
7232,SYNTHETIC SITE 01231,101231,,SYNTHETIC COMPANY 01231,1 Example Way,Nowhere,ZZ,00000,3251,2017,SYNTHETIC INDUSTRY,1,2,13,24186,2,0,0,0,0,0,0,0,0,0,0,0,0,,1/1/2024,2023
7233,SYNTHETIC SITE 01232,101232,,SYNTHETIC COMPANY 01232,1 Example Way,Nowhere,ZZ,00000,3328,2017,SYNTHETIC INDUSTRY,1,2,26,46984,1,0,0,0,1,0,0,1,0,0,0,0,0,,1/1/2024,2023
7234,SYNTHETIC SITE 01233,101233,,SYNTHETIC COMPANY 01233,1 Example Way,Nowhere,ZZ,00000,3251,2017,SYNTHETIC INDUSTRY,1,2,40,72556,2,0,0,0,0,0,0,0,0,0,0,0,0,,1/1/2024,2023
7235,SYNTHETIC SITE 01234,101234,,SYNTHETIC COMPANY 01234,1 Example Way,Nowhere,ZZ,00000,3252,2017,SYNTHETIC INDUSTRY,1,2,78,194742,1,0,5,3,9,35,12,17,0,0,0,0,0,,1/1/2024,2023
7236,SYNTHETIC SITE 01235,101235,,SYNTHETIC COMPANY 01235,1 Example Way,Nowhere,ZZ,00000,4451,2017,SYNTHETIC INDUSTRY,1,2,291,544141,1,0,8,4,5,56,16,17,0,0,0,0,0,,1/1/2024,2023
7237,SYNTHETIC SITE 01236,101236,,SYNTHETIC COMPANY 01236,1 Example Way,Nowhere,ZZ,00000,4451,2017,SYNTHETIC INDUSTRY,1,2,164,283516,2,0,0,0,0,0,0,0,0,0,0,0,0,,1/1/2024,2023
7238,SYNTHETIC SITE 01237,101237,,SYNTHETIC COMPANY 01237,1 Example Way,Nowhere,ZZ,00000,4451,2017,SYNTHETIC INDUSTRY,1,2,40,69001,2,0,0,0,0,0,0,0,0,0,0,0,0,,1/1/2024,2023
7239,SYNTHETIC SITE 01238,101238,,SYNTHETIC COMPANY 01238,1 Example Way,Nowhere,ZZ,00000,2361,2017,SYNTHETIC INDUSTRY,1,2,478,946229,1,0,1,1,2,7,4,4,0,0,0,0,0,,1/1/2024,2023
7240,SYNTHETIC SITE 01239,101239,,SYNTHETIC COMPANY 01239,1 Example Way,Nowhere,ZZ,00000,3252,2017,SYNTHETIC INDUSTRY,1,2,28,57851,2,0,0,0,0,0,0,0,0,0,0,0,0,,1/1/2024,2023
7241,SYNTHETIC SITE 01240,101240,,SYNTHETIC COMPANY 01240,1 Example Way,Nowhere,ZZ,00000,2361,2017,SYNTHETIC INDUSTRY,1,2,20,34511,1,0,0,0,1,0,0,1,0,0,0,0,0,,1/1/2024,2023
7242,SYNTHETIC SITE 01241,101241,,SYNTHETIC COMPANY 01241,1 Example Way,Nowhere,ZZ,00000,6221,2017,SYNTHETIC INDUSTRY,1,2,80,129147,2,0,0,0,0,0,0,0,0,0,0,0,0,,1/1/2024,2023
7243,SYNTHETIC SITE 01242,101242,,SYNTHETIC COMPANY 01242,1 Example Way,Nowhere,ZZ,00000,4841,2017,SYNTHETIC INDUSTRY,1,2,24,37620,2,0,0,0,0,0,0,0,0,0,0,0,0,,1/1/2024,2023
7244,SYNTHETIC SITE 01243,101243,,SYNTHETIC COMPANY 01243,1 Example Way,Nowhere,ZZ,00000,3328,2017,SYNTHETIC INDUSTRY,1,2,19,32498,1,0,2,0,0,14,0,2,0,0,0,0,0,,1/1/2024,2023
7245,SYNTHETIC SITE 01244,101244,,SYNTHETIC COMPANY 01244,1 Example Way,Nowhere,ZZ,00000,3252,2017,SYNTHETIC INDUSTRY,1,2,98,132188,1,0,2,0,0,14,0,2,0,0,0,0,0,,1/1/2024,2023
7246,SYNTHETIC SITE 01245,101245,,SYNTHETIC COMPANY 01245,1 Example Way,Nowhere,ZZ,00000,4841,2017,SYNTHETIC INDUSTRY,1,2,60,117557,1,0,2,1,2,14,4,5,0,0,0,0,0,,1/1/2024,2023
7247,SYNTHETIC SITE 01246,101246,,SYNTHETIC COMPANY 01246,1 Example Way,Nowhere,ZZ,00000,3251,2017,SYNTHETIC INDUSTRY,1,2,233,450948,1,0,2,1,0,14,4,3,0,0,0,0,0,,1/1/2024,2023
7248,SYNTHETIC SITE 01247,101247,,SYNTHETIC COMPANY 01247,1 Example Way,Nowhere,ZZ,00000,4841,2017,SYNTHETIC INDUSTRY,1,2,2,3819,2,0,0,0,0,0,0,0,0,0,0,0,0,,1/1/2024,2023
7249,SYNTHETIC SITE 01248,101248,,SYNTHETIC COMPANY 01248,1 Example Way,Nowhere,ZZ,00000,4841,2017,SYNTHETIC INDUSTRY,1,2,98,167486,2,0,0,0,0,0,0,0,0,0,0,0,0,,1/1/2024,2023
7250,SYNTHETIC SITE 01249,101249,,SYNTHETIC COMPANY 01249,1 Example Way,Nowhere,ZZ,00000,3251,2017,SYNTHETIC INDUSTRY,1,2,34,50001,2,0,0,0,0,0,0,0,0,0,0,0,0,,1/1/2024,2023
7251,SYNTHETIC SITE 01250,101250,,SYNTHETIC COMPANY 01250,1 Example Way,Nowhere,ZZ,00000,2361,2017,SYNTHETIC INDUSTRY,1,2,121,225322,1,0,3,6,6,21,24,15,0,0,0,0,0,,1/1/2024,2023
7252,SYNTHETIC SITE 01251,101251,,SYNTHETIC COMPANY 01251,1 Example Way,Nowhere,ZZ,00000,3328,2017,SYNTHETIC INDUSTRY,1,2,47,81429,2,0,0,0,0,0,0,0,0,0,0,0,0,,1/1/2024,2023
7253,SYNTHETIC SITE 01252,101252,,SYNTHETIC COMPANY 01252,1 Example Way,Nowhere,ZZ,00000,4451,2017,SYNTHETIC INDUSTRY,1,2,42,79141,2,0,0,0,0,0,0,0,0,0,0,0,0,,1/1/2024,2023
7254,SYNTHETIC SITE 01253,101253,,SYNTHETIC COMPANY 01253,1 Example Way,Nowhere,ZZ,00000,6221,2017,SYNTHETIC INDUSTRY,1,2,124,223746,1,0,1,0,1,7,0,2,0,0,0,0,0,,1/1/2024,2023
7255,SYNTHETIC SITE 01254,101254,,SYNTHETIC COMPANY 01254,1 Example Way,Nowhere,ZZ,00000,2361,2017,SYNTHETIC INDUSTRY,1,2,5,7991,2,0,0,0,0,0,0,0,0,0,0,0,0,,1/1/2024,2023
7256,SYNTHETIC SITE 01255,101255,,SYNTHETIC COMPANY 01255,1 Example Way,Nowhere,ZZ,00000,3328,2017,SYNTHETIC INDUSTRY,1,2,45,81730,2,0,0,0,0,0,0,0,0,0,0,0,0,,1/1/2024,2023
7257,SYNTHETIC SITE 01256,101256,,SYNTHETIC COMPANY 01256,1 Example Way,Nowhere,ZZ,00000,4841,2017,SYNTHETIC INDUSTRY,1,2,91,157565,1,0,0,0,1,0,0,1,0,0,0,0,0,,1/1/2024,2023
7258,SYNTHETIC SITE 01257,101257,,SYNTHETIC COMPANY 01257,1 Example Way,Nowhere,ZZ,00000,3252,2017,SYNTHETIC INDUSTRY,1,2,8,12967,2,0,0,0,0,0,0,0,0,0,0,0,0,,1/1/2024,2023
7259,SYNTHETIC SITE 01258,101258,,SYNTHETIC COMPANY 01258,1 Example Way,Nowhere,ZZ,00000,6221,2017,SYNTHETIC INDUSTRY,1,2,118,230130,1,0,0,1,0,0,4,1,0,0,0,0,0,,1/1/2024,2023
7260,SYNTHETIC SITE 01259,101259,,SYNTHETIC COMPANY 01259,1 Example Way,Nowhere,ZZ,00000,3252,2017,SYNTHETIC INDUSTRY,1,2,25,54467,1,0,0,0,1,0,0,1,0,0,0,0,0,,1/1/2024,2023
7261,SYNTHETIC SITE 01260,101260,,SYNTHETIC COMPANY 01260,1 Example Way,Nowhere,ZZ,00000,6221,2017,SYNTHETIC INDUSTRY,1,2,38,59404,1,0,1,0,0,7,0,1,0,0,0,0,0,,1/1/2024,2023
7262,SYNTHETIC SITE 01261,101261,,SYNTHETIC COMPANY 01261,1 Example Way,Nowhere,ZZ,00000,3328,2017,SYNTHETIC INDUSTRY,1,2,68,85247,1,0,1,0,0,7,0,1,0,0,0,0,0,,1/1/2024,2023
7263,SYNTHETIC SITE 01262,101262,,SYNTHETIC COMPANY 01262,1 Example Way,Nowhere,ZZ,00000,4841,2017,SYNTHETIC INDUSTRY,1,2,2,4158,2,0,0,0,0,0,0,0,0,0,0,0,0,,1/1/2024,2023
7264,SYNTHETIC SITE 01263,101263,,SYNTHETIC COMPANY 01263,1 Example Way,Nowhere,ZZ,00000,3328,2017,SYNTHETIC INDUSTRY,1,2,19,38424,2,0,0,0,0,0,0,0,0,0,0,0,0,,1/1/2024,2023
7265,SYNTHETIC SITE 01264,101264,,SYNTHETIC COMPANY 01264,1 Example Way,Nowhere,ZZ,00000,4841,2017,SYNTHETIC INDUSTRY,1,2,7,151630,2,0,0,0,0,0,0,0,0,0,0,0,0,,1/1/2024,2023
7266,SYNTHETIC SITE 01265,101265,,SYNTHETIC COMPANY 01265,1 Example Way,Nowhere,ZZ,00000,3252,2017,SYNTHETIC INDUSTRY,1,2,63,149821,1,0,0,3,0,0,12,3,0,0,0,0,0,,1/1/2024,2023
7267,SYNTHETIC SITE 01266,101266,,SYNTHETIC COMPANY 01266,1 Example Way,Nowhere,ZZ,00000,6221,2017,SYNTHETIC INDUSTRY,1,2,157,316714,1,0,4,5,8,28,20,17,0,0,0,0,0,,1/1/2024,2023
7268,SYNTHETIC SITE 01267,101267,,SYNTHETIC COMPANY 01267,1 Example Way,Nowhere,ZZ,00000,2361,2017,SYNTHETIC INDUSTRY,1,2,229,442450,1,0,3,1,2,21,4,6,0,0,0,0,0,,1/1/2024,2023
7269,SYNTHETIC SITE 01268,101268,,SYNTHETIC COMPANY 01268,1 Example Way,Nowhere,ZZ,00000,4451,2017,SYNTHETIC INDUSTRY,1,2,211,347885,1,0,5,5,5,35,20,15,0,0,0,0,0,,1/1/2024,2023
7270,SYNTHETIC SITE 01269,101269,,SYNTHETIC COMPANY 01269,1 Example Way,Nowhere,ZZ,00000,2361,2017,SYNTHETIC INDUSTRY,1,2,71,150758,1,0,0,0,4,0,0,4,0,0,0,0,0,,1/1/2024,2023
7271,SYNTHETIC SITE 01270,101270,,SYNTHETIC COMPANY 01270,1 Example Way,Nowhere,ZZ,00000,3251,2017,SYNTHETIC INDUSTRY,1,2,83,164294,1,0,1,0,0,7,0,1,0,0,0,0,0,,1/1/2024,2023
7272,SYNTHETIC SITE 01271,101271,,SYNTHETIC COMPANY 01271,1 Example Way,Nowhere,ZZ,00000,4841,2017,SYNTHETIC INDUSTRY,1,2,17,31825,2,0,0,0,0,0,0,0,0,0,0,0,0,,1/1/2024,2023
7273,SYNTHETIC SITE 01272,101272,,SYNTHETIC COMPANY 01272,1 Example Way,Nowhere,ZZ,00000,3251,2017,SYNTHETIC INDUSTRY,1,2,206,373521,1,0,0,4,2,0,16,6,0,0,0,0,0,,1/1/2024,2023
7274,SYNTHETIC SITE 01273,101273,,SYNTHETIC COMPANY 01273,1 Example Way,Nowhere,ZZ,00000,3251,2017,SYNTHETIC INDUSTRY,1,2,75,133252,1,0,2,0,1,14,0,3,0,0,0,0,0,,1/1/2024,2023
7275,SYNTHETIC SITE 01274,101274,,SYNTHETIC COMPANY 01274,1 Example Way,Nowhere,ZZ,00000,4451,2017,SYNTHETIC INDUSTRY,1,2,26,47795,2,0,0,0,0,0,0,0,0,0,0,0,0,,1/1/2024,2023
7276,SYNTHETIC SITE 01275,101275,,SYNTHETIC COMPANY 01275,1 Example Way,Nowhere,ZZ,00000,3115,2017,SYNTHETIC INDUSTRY,1,2,45,85526,2,0,0,0,0,0,0,0,0,0,0,0,0,,1/1/2024,2023
7277,SYNTHETIC SITE 01276,101276,,SYNTHETIC COMPANY 01276,1 Example Way,Nowhere,ZZ,00000,3252,2017,SYNTHETIC INDUSTRY,1,2,87,137786,2,0,0,0,0,0,0,0,0,0,0,0,0,,1/1/2024,2023
7278,SYNTHETIC SITE 01277,101277,,SYNTHETIC COMPANY 01277,1 Example Way,Nowhere,ZZ,00000,3115,2017,SYNTHETIC INDUSTRY,1,2,172,311599,2,0,0,0,0,0,0,0,0,0,0,0,0,,1/1/2024,2023
7279,SYNTHETIC SITE 01278,101278,,SYNTHETIC COMPANY 01278,1 Example Way,Nowhere,ZZ,00000,3252,2017,SYNTHETIC INDUSTRY,1,2,25,47616,2,0,0,0,0,0,0,0,0,0,0,0,0,,1/1/2024,2023
7280,SYNTHETIC SITE 01279,101279,,SYNTHETIC COMPANY 01279,1 Example Way,Nowhere,ZZ,00000,3252,2017,SYNTHETIC INDUSTRY,1,2,31,69144,1,0,3,1,1,21,4,5,0,0,0,0,0,,1/1/2024,2023
7281,SYNTHETIC SITE 01280,101280,,SYNTHETIC COMPANY 01280,1 Example Way,Nowhere,ZZ,00000,2361,2017,SYNTHETIC INDUSTRY,1,2,22,35457,2,0,0,0,0,0,0,0,0,0,0,0,0,,1/1/2024,2023
7282,SYNTHETIC SITE 01281,101281,,SYNTHETIC COMPANY 01281,1 Example Way,Nowhere,ZZ,00000,6221,2017,SYNTHETIC INDUSTRY,1,2,39,80954,1,0,1,0,1,7,0,2,0,0,0,0,0,,1/1/2024,2023
7283,SYNTHETIC SITE 01282,101282,,SYNTHETIC COMPANY 01282,1 Example Way,Nowhere,ZZ,00000,4451,2017,SYNTHETIC INDUSTRY,1,2,20,36407,2,0,0,0,0,0,0,0,0,0,0,0,0,,1/1/2024,2023
7284,SYNTHETIC SITE 01283,101283,,SYNTHETIC COMPANY 01283,1 Example Way,Nowhere,ZZ,00000,4841,2017,SYNTHETIC INDUSTRY,1,2,174,276870,1,0,6,0,2,42,0,8,0,0,0,0,0,,1/1/2024,2023
7285,SYNTHETIC SITE 01284,101284,,SYNTHETIC COMPANY 01284,1 Example Way,Nowhere,ZZ,00000,6221,2017,SYNTHETIC INDUSTRY,1,2,24,41109,2,0,0,0,0,0,0,0,0,0,0,0,0,,1/1/2024,2023
7286,SYNTHETIC SITE 01285,101285,,SYNTHETIC COMPANY 01285,1 Example Way,Nowhere,ZZ,00000,3251,2017,SYNTHETIC INDUSTRY,1,2,11,21449,2,0,0,0,0,0,0,0,0,0,0,0,0,,1/1/2024,2023
7287,SYNTHETIC SITE 01286,101286,,SYNTHETIC COMPANY 01286,1 Example Way,Nowhere,ZZ,00000,2361,2017,SYNTHETIC INDUSTRY,1,2,46,78618,2,0,0,0,0,0,0,0,0,0,0,0,0,,1/1/2024,2023
7288,SYNTHETIC SITE 01287,101287,,SYNTHETIC COMPANY 01287,1 Example Way,Nowhere,ZZ,00000,3328,2017,SYNTHETIC INDUSTRY,1,2,44,84857,1,0,0,0,1,0,0,1,0,0,0,0,0,,1/1/2024,2023
7289,SYNTHETIC SITE 01288,101288,,SYNTHETIC COMPANY 01288,1 Example Way,Nowhere,ZZ,00000,3252,2017,SYNTHETIC INDUSTRY,1,2,9,19826,2,0,0,0,0,0,0,0,0,0,0,0,0,,1/1/2024,2023
7290,SYNTHETIC SITE 01289,101289,,SYNTHETIC COMPANY 01289,1 Example Way,Nowhere,ZZ,00000,4841,2017,SYNTHETIC INDUSTRY,1,2,156,293957,2,0,0,0,0,0,0,0,0,0,0,0,0,,1/1/2024,2023
7291,SYNTHETIC SITE 01290,101290,,SYNTHETIC COMPANY 01290,1 Example Way,Nowhere,ZZ,00000,4451,2017,SYNTHETIC INDUSTRY,1,2,9,17886,2,0,0,0,0,0,0,0,0,0,0,0,0,,1/1/2024,2023
7292,SYNTHETIC SITE 01291,101291,,SYNTHETIC COMPANY 01291,1 Example Way,Nowhere,ZZ,00000,3115,2017,SYNTHETIC INDUSTRY,1,2,106,190979,2,0,0,0,0,0,0,0,0,0,0,0,0,,1/1/2024,2023
7293,SYNTHETIC SITE 01292,101292,,SYNTHETIC COMPANY 01292,1 Example Way,Nowhere,ZZ,00000,3251,2017,SYNTHETIC INDUSTRY,1,2,37,79839,2,0,0,0,0,0,0,0,0,0,0,0,0,,1/1/2024,2023
7294,SYNTHETIC SITE 01293,101293,,SYNTHETIC COMPANY 01293,1 Example Way,Nowhere,ZZ,00000,3328,2017,SYNTHETIC INDUSTRY,1,2,80,153072,1,0,0,1,0,0,4,1,0,0,0,0,0,,1/1/2024,2023
7295,SYNTHETIC SITE 01294,101294,,SYNTHETIC COMPANY 01294,1 Example Way,Nowhere,ZZ,00000,2361,2017,SYNTHETIC INDUSTRY,1,2,20,40365,2,0,0,0,0,0,0,0,0,0,0,0,0,,1/1/2024,2023
7296,SYNTHETIC SITE 01295,101295,,SYNTHETIC COMPANY 01295,1 Example Way,Nowhere,ZZ,00000,6221,2017,SYNTHETIC INDUSTRY,1,2,88,195131,2,0,0,0,0,0,0,0,0,0,0,0,0,,1/1/2024,2023
7297,SYNTHETIC SITE 01296,101296,,SYNTHETIC COMPANY 01296,1 Example Way,Nowhere,ZZ,00000,2361,2017,SYNTHETIC INDUSTRY,1,2,15,22570,2,0,0,0,0,0,0,0,0,0,0,0,0,,1/1/2024,2023
7298,SYNTHETIC SITE 01297,101297,,SYNTHETIC COMPANY 01297,1 Example Way,Nowhere,ZZ,00000,6221,2017,SYNTHETIC INDUSTRY,1,2,116,185578,1,0,2,1,3,14,4,6,0,0,0,0,0,,1/1/2024,2023
7299,SYNTHETIC SITE 01298,101298,,SYNTHETIC COMPANY 01298,1 Example Way,Nowhere,ZZ,00000,3251,2017,SYNTHETIC INDUSTRY,1,2,26,58994,1,0,0,0,2,0,0,2,0,0,0,0,0,,1/1/2024,2023
7300,SYNTHETIC SITE 01299,101299,,SYNTHETIC COMPANY 01299,1 Example Way,Nowhere,ZZ,00000,4451,2017,SYNTHETIC INDUSTRY,1,2,23,30333,1,0,1,1,1,7,4,3,0,0,0,0,0,,1/1/2024,2023
7301,SYNTHETIC SITE 01300,101300,,SYNTHETIC COMPANY 01300,1 Example Way,Nowhere,ZZ,00000,6221,2017,SYNTHETIC INDUSTRY,1,2,11,18652,1,0,0,0,1,0,0,1,0,0,0,0,0,,1/1/2024,2023
7302,SYNTHETIC SITE 01301,101301,,SYNTHETIC COMPANY 01301,1 Example Way,Nowhere,ZZ,00000,3115,2017,SYNTHETIC INDUSTRY,1,2,107,180721,2,0,0,0,0,0,0,0,0,0,0,0,0,,1/1/2024,2023
7303,SYNTHETIC SITE 01302,101302,,SYNTHETIC COMPANY 01302,1 Example Way,Nowhere,ZZ,00000,4451,2017,SYNTHETIC INDUSTRY,1,2,114,191353,2,0,0,0,0,0,0,0,0,0,0,0,0,,1/1/2024,2023
7304,SYNTHETIC SITE 01303,101303,,SYNTHETIC COMPANY 01303,1 Example Way,Nowhere,ZZ,00000,6221,2017,SYNTHETIC INDUSTRY,1,2,19,34564,1,0,2,0,0,14,0,2,0,0,0,0,0,,1/1/2024,2023
7305,SYNTHETIC SITE 01304,101304,,SYNTHETIC COMPANY 01304,1 Example Way,Nowhere,ZZ,00000,4451,2017,SYNTHETIC INDUSTRY,1,2,26,48475,2,0,0,0,0,0,0,0,0,0,0,0,0,,1/1/2024,2023
7306,SYNTHETIC SITE 01305,101305,,SYNTHETIC COMPANY 01305,1 Example Way,Nowhere,ZZ,00000,4451,2017,SYNTHETIC INDUSTRY,1,2,34,59661,2,0,0,0,0,0,0,0,0,0,0,0,0,,1/1/2024,2023
7307,SYNTHETIC SITE 01306,101306,,SYNTHETIC COMPANY 01306,1 Example Way,Nowhere,ZZ,00000,3328,2017,SYNTHETIC INDUSTRY,1,2,12,24346,1,0,1,0,0,7,0,1,0,0,0,0,0,,1/1/2024,2023
7308,SYNTHETIC SITE 01307,101307,,SYNTHETIC COMPANY 01307,1 Example Way,Nowhere,ZZ,00000,4451,2017,SYNTHETIC INDUSTRY,1,2,26,52725,2,0,0,0,0,0,0,0,0,0,0,0,0,,1/1/2024,2023
7309,SYNTHETIC SITE 01308,101308,,SYNTHETIC COMPANY 01308,1 Example Way,Nowhere,ZZ,00000,4451,2017,SYNTHETIC INDUSTRY,1,2,6,10904,2,0,0,0,0,0,0,0,0,0,0,0,0,,1/1/2024,2023
7310,SYNTHETIC SITE 01309,101309,,SYNTHETIC COMPANY 01309,1 Example Way,Nowhere,ZZ,00000,2361,2017,SYNTHETIC INDUSTRY,1,2,8,13256,2,0,0,0,0,0,0,0,0,0,0,0,0,,1/1/2024,2023
7311,SYNTHETIC SITE 01310,101310,,SYNTHETIC COMPANY 01310,1 Example Way,Nowhere,ZZ,00000,3251,2017,SYNTHETIC INDUSTRY,1,2,87,152116,2,0,0,0,0,0,0,0,0,0,0,0,0,,1/1/2024,2023
7312,SYNTHETIC SITE 01311,101311,,SYNTHETIC COMPANY 01311,1 Example Way,Nowhere,ZZ,00000,6221,2017,SYNTHETIC INDUSTRY,1,2,25,50034,2,0,0,0,0,0,0,0,0,0,0,0,0,,1/1/2024,2023
7313,SYNTHETIC SITE 01312,101312,,SYNTHETIC COMPANY 01312,1 Example Way,Nowhere,ZZ,00000,4451,2017,SYNTHETIC INDUSTRY,1,2,38,73868,1,0,1,0,2,7,0,3,0,0,0,0,0,,1/1/2024,2023
7314,SYNTHETIC SITE 01313,101313,,SYNTHETIC COMPANY 01313,1 Example Way,Nowhere,ZZ,00000,6221,2017,SYNTHETIC INDUSTRY,1,2,37,64978,2,0,0,0,0,0,0,0,0,0,0,0,0,,1/1/2024,2023
7315,SYNTHETIC SITE 01314,101314,,SYNTHETIC COMPANY 01314,1 Example Way,Nowhere,ZZ,00000,6221,2017,SYNTHETIC INDUSTRY,1,2,9,15913,1,0,1,0,1,7,0,2,0,0,0,0,0,,1/1/2024,2023
7316,SYNTHETIC SITE 01315,101315,,SYNTHETIC COMPANY 01315,1 Example Way,Nowhere,ZZ,00000,3251,2017,SYNTHETIC INDUSTRY,1,2,5,11073,1,0,0,0,1,0,0,1,0,0,0,0,0,,1/1/2024,2023
7317,SYNTHETIC SITE 01316,101316,,SYNTHETIC COMPANY 01316,1 Example Way,Nowhere,ZZ,00000,4451,2017,SYNTHETIC INDUSTRY,1,2,11,17259,1,0,1,0,2,7,0,3,0,0,0,0,0,,1/1/2024,2023
7318,SYNTHETIC SITE 01317,101317,,SYNTHETIC COMPANY 01317,1 Example Way,Nowhere,ZZ,00000,3252,2017,SYNTHETIC INDUSTRY,1,2,73,142044,2,0,0,0,0,0,0,0,0,0,0,0,0,,1/1/2024,2023
7319,SYNTHETIC SITE 01318,101318,,SYNTHETIC COMPANY 01318,1 Example Way,Nowhere,ZZ,00000,3115,2017,SYNTHETIC INDUSTRY,1,2,4,6470,2,0,0,0,0,0,0,0,0,0,0,0,0,,1/1/2024,2023
7320,SYNTHETIC SITE 01319,101319,,SYNTHETIC COMPANY 01319,1 Example Way,Nowhere,ZZ,00000,3252,2017,SYNTHETIC INDUSTRY,1,2,32,50340,1,0,0,1,0,0,4,1,0,0,0,0,0,,1/1/2024,2023
7321,SYNTHETIC SITE 01320,101320,,SYNTHETIC COMPANY 01320,1 Example Way,Nowhere,ZZ,00000,3115,2017,SYNTHETIC INDUSTRY,1,2,23,55221,2,0,0,0,0,0,0,0,0,0,0,0,0,,1/1/2024,2023
7322,SYNTHETIC SITE 01321,101321,,SYNTHETIC COMPANY 01321,1 Example Way,Nowhere,ZZ,00000,4451,2017,SYNTHETIC INDUSTRY,1,2,115,228092,2,0,0,0,0,0,0,0,0,0,0,0,0,,1/1/2024,2023
7323,SYNTHETIC SITE 01322,101322,,SYNTHETIC COMPANY 01322,1 Example Way,Nowhere,ZZ,00000,3328,2017,SYNTHETIC INDUSTRY,1,2,48,88794,2,0,0,0,0,0,0,0,0,0,0,0,0,,1/1/2024,2023
7324,SYNTHETIC SITE 01323,101323,,SYNTHETIC COMPANY 01323,1 Example Way,Nowhere,ZZ,00000,4451,2017,SYNTHETIC INDUSTRY,1,2,84,186716,1,0,4,2,3,28,8,9,0,0,0,0,0,,1/1/2024,2023
7325,SYNTHETIC SITE 01324,101324,,SYNTHETIC COMPANY 01324,1 Example Way,Nowhere,ZZ,00000,6221,2017,SYNTHETIC INDUSTRY,1,2,85,201516,2,0,0,0,0,0,0,0,0,0,0,0,0,,1/1/2024,2023
7326,SYNTHETIC SITE 01325,101325,,SYNTHETIC COMPANY 01325,1 Example Way,Nowhere,ZZ,00000,6221,2017,SYNTHETIC INDUSTRY,1,2,38,81943,2,0,0,0,0,0,0,0,0,0,0,0,0,,1/1/2024,2023
7327,SYNTHETIC SITE 01326,101326,,SYNTHETIC COMPANY 01326,1 Example Way,Nowhere,ZZ,00000,3251,2017,SYNTHETIC INDUSTRY,1,2,152,351267,2,0,0,0,0,0,0,0,0,0,0,0,0,,1/1/2024,2023
7328,SYNTHETIC SITE 01327,101327,,SYNTHETIC COMPANY 01327,1 Example Way,Nowhere,ZZ,00000,6221,2017,SYNTHETIC INDUSTRY,1,2,20,44820,2,0,0,0,0,0,0,0,0,0,0,0,0,,1/1/2024,2023
7329,SYNTHETIC SITE 01328,101328,,SYNTHETIC COMPANY 01328,1 Example Way,Nowhere,ZZ,00000,3115,2017,SYNTHETIC INDUSTRY,1,2,543,894254,2,0,0,0,0,0,0,0,0,0,0,0,0,,1/1/2024,2023
7330,SYNTHETIC SITE 01329,101329,,SYNTHETIC COMPANY 01329,1 Example Way,Nowhere,ZZ,00000,3251,2017,SYNTHETIC INDUSTRY,1,2,38,66546,2,0,0,0,0,0,0,0,0,0,0,0,0,,1/1/2024,2023
7331,SYNTHETIC SITE 01330,101330,,SYNTHETIC COMPANY 01330,1 Example Way,Nowhere,ZZ,00000,3328,2017,SYNTHETIC INDUSTRY,1,2,286,614114,1,0,2,1,0,14,4,3,0,0,0,0,0,,1/1/2024,2023
7332,SYNTHETIC SITE 01331,101331,,SYNTHETIC COMPANY 01331,1 Example Way,Nowhere,ZZ,00000,6221,2017,SYNTHETIC INDUSTRY,1,2,105,185394,1,0,0,0,1,0,0,1,0,0,0,0,0,,1/1/2024,2023
7333,SYNTHETIC SITE 01332,101332,,SYNTHETIC COMPANY 01332,1 Example Way,Nowhere,ZZ,00000,3252,2017,SYNTHETIC INDUSTRY,1,2,192,350271,1,0,0,1,1,0,4,2,0,0,0,0,0,,1/1/2024,2023
7334,SYNTHETIC SITE 01333,101333,,SYNTHETIC COMPANY 01333,1 Example Way,Nowhere,ZZ,00000,3328,2017,SYNTHETIC INDUSTRY,1,2,25,42117,2,0,0,0,0,0,0,0,0,0,0,0,0,,1/1/2024,2023
7335,SYNTHETIC SITE 01334,101334,,SYNTHETIC COMPANY 01334,1 Example Way,Nowhere,ZZ,00000,3251,2017,SYNTHETIC INDUSTRY,1,2,10,16621,2,0,0,0,0,0,0,0,0,0,0,0,0,,1/1/2024,2023
7336,SYNTHETIC SITE 01335,101335,,SYNTHETIC COMPANY 01335,1 Example Way,Nowhere,ZZ,00000,3252,2017,SYNTHETIC INDUSTRY,1,2,37,63878,2,0,0,0,0,0,0,0,0,0,0,0,0,,1/1/2024,2023
7337,SYNTHETIC SITE 01336,101336,,SYNTHETIC COMPANY 01336,1 Example Way,Nowhere,ZZ,00000,3328,2017,SYNTHETIC INDUSTRY,1,2,33,68585,2,0,0,0,0,0,0,0,0,0,0,0,0,,1/1/2024,2023
7338,SYNTHETIC SITE 01337,101337,,SYNTHETIC COMPANY 01337,1 Example Way,Nowhere,ZZ,00000,3328,2017,SYNTHETIC INDUSTRY,1,2,21,39980,1,0,0,1,0,0,4,1,0,0,0,0,0,,1/1/2024,2023
7339,SYNTHETIC SITE 01338,101338,,SYNTHETIC COMPANY 01338,1 Example Way,Nowhere,ZZ,00000,4451,2017,SYNTHETIC INDUSTRY,1,2,220,425059,2,0,0,0,0,0,0,0,0,0,0,0,0,,1/1/2024,2023
7340,SYNTHETIC SITE 01339,101339,,SYNTHETIC COMPANY 01339,1 Example Way,Nowhere,ZZ,00000,6221,2017,SYNTHETIC INDUSTRY,1,2,49,97777,2,0,0,0,0,0,0,0,0,0,0,0,0,,1/1/2024,2023
7341,SYNTHETIC SITE 01340,101340,,SYNTHETIC COMPANY 01340,1 Example Way,Nowhere,ZZ,00000,3251,2017,SYNTHETIC INDUSTRY,1,2,9,15284,2,0,0,0,0,0,0,0,0,0,0,0,0,,1/1/2024,2023
7342,SYNTHETIC SITE 01341,101341,,SYNTHETIC COMPANY 01341,1 Example Way,Nowhere,ZZ,00000,2361,2017,SYNTHETIC INDUSTRY,1,2,5,9794,1,0,0,0,1,0,0,1,0,0,0,0,0,,1/1/2024,2023
7343,SYNTHETIC SITE 01342,101342,,SYNTHETIC COMPANY 01342,1 Example Way,Nowhere,ZZ,00000,4451,2017,SYNTHETIC INDUSTRY,1,2,15,26863,2,0,0,0,0,0,0,0,0,0,0,0,0,,1/1/2024,2023
7344,SYNTHETIC SITE 01343,101343,,SYNTHETIC COMPANY 01343,1 Example Way,Nowhere,ZZ,00000,2361,2017,SYNTHETIC INDUSTRY,1,2,112,205713,1,0,4,4,3,28,16,11,0,0,0,0,0,,1/1/2024,2023
7345,SYNTHETIC SITE 01344,101344,,SYNTHETIC COMPANY 01344,1 Example Way,Nowhere,ZZ,00000,4451,2017,SYNTHETIC INDUSTRY,1,2,3,4300,2,0,0,0,0,0,0,0,0,0,0,0,0,,1/1/2024,2023
7346,SYNTHETIC SITE 01345,101345,,SYNTHETIC COMPANY 01345,1 Example Way,Nowhere,ZZ,00000,4451,2017,SYNTHETIC INDUSTRY,1,2,241,311841,2,0,0,0,0,0,0,0,0,0,0,0,0,,1/1/2024,2023
7347,SYNTHETIC SITE 01346,101346,,SYNTHETIC COMPANY 01346,1 Example Way,Nowhere,ZZ,00000,6221,2017,SYNTHETIC INDUSTRY,1,2,86,187284,2,0,0,0,0,0,0,0,0,0,0,0,0,,1/1/2024,2023
7348,SYNTHETIC SITE 01347,101347,,SYNTHETIC COMPANY 01347,1 Example Way,Nowhere,ZZ,00000,4451,2017,SYNTHETIC INDUSTRY,1,2,35,44760,2,0,0,0,0,0,0,0,0,0,0,0,0,,1/1/2024,2023
7349,SYNTHETIC SITE 01348,101348,,SYNTHETIC COMPANY 01348,1 Example Way,Nowhere,ZZ,00000,3252,2017,SYNTHETIC INDUSTRY,1,2,19,3464200,1,0,1,0,0,7,0,1,0,0,0,0,0,,1/1/2024,2023
7350,SYNTHETIC SITE 01349,101349,,SYNTHETIC COMPANY 01349,1 Example Way,Nowhere,ZZ,00000,3328,2017,SYNTHETIC INDUSTRY,1,2,32,61077,2,0,0,0,0,0,0,0,0,0,0,0,0,,1/1/2024,2023
7351,SYNTHETIC SITE 01350,101350,,SYNTHETIC COMPANY 01350,1 Example Way,Nowhere,ZZ,00000,4451,2017,SYNTHETIC INDUSTRY,1,2,40,83355,1,0,0,1,1,0,4,2,0,0,0,0,0,,1/1/2024,2023
7352,SYNTHETIC SITE 01351,101351,,SYNTHETIC COMPANY 01351,1 Example Way,Nowhere,ZZ,00000,4451,2017,SYNTHETIC INDUSTRY,1,2,74,132980,2,0,0,0,0,0,0,0,0,0,0,0,0,,1/1/2024,2023
7353,SYNTHETIC SITE 01352,101352,,SYNTHETIC COMPANY 01352,1 Example Way,Nowhere,ZZ,00000,6221,2017,SYNTHETIC INDUSTRY,1,2,52,94681,1,0,0,0,2,0,0,2,0,0,0,0,0,,1/1/2024,2023
7354,SYNTHETIC SITE 01353,101353,,SYNTHETIC COMPANY 01353,1 Example Way,Nowhere,ZZ,00000,3328,2017,SYNTHETIC INDUSTRY,1,2,53,89184,1,0,0,1,1,0,4,2,0,0,0,0,0,,1/1/2024,2023
7355,SYNTHETIC SITE 01354,101354,,SYNTHETIC COMPANY 01354,1 Example Way,Nowhere,ZZ,00000,3252,2017,SYNTHETIC INDUSTRY,1,2,69,122619,1,0,3,0,2,21,0,5,0,0,0,0,0,,1/1/2024,2023
7356,SYNTHETIC SITE 01355,101355,,SYNTHETIC COMPANY 01355,1 Example Way,Nowhere,ZZ,00000,2361,2017,SYNTHETIC INDUSTRY,1,2,49,83827,2,0,0,0,0,0,0,0,0,0,0,0,0,,1/1/2024,2023
7357,SYNTHETIC SITE 01356,101356,,SYNTHETIC COMPANY 01356,1 Example Way,Nowhere,ZZ,00000,3328,2017,SYNTHETIC INDUSTRY,1,2,5,10047,2,0,0,0,0,0,0,0,0,0,0,0,0,,1/1/2024,2023
7358,SYNTHETIC SITE 01357,101357,,SYNTHETIC COMPANY 01357,1 Example Way,Nowhere,ZZ,00000,3115,2017,SYNTHETIC INDUSTRY,1,2,48,98023,1,0,0,1,0,0,4,1,0,0,0,0,0,,1/1/2024,2023
7359,SYNTHETIC SITE 01358,101358,,SYNTHETIC COMPANY 01358,1 Example Way,Nowhere,ZZ,00000,6221,2017,SYNTHETIC INDUSTRY,1,2,44,85086,2,0,0,0,0,0,0,0,0,0,0,0,0,,1/1/2024,2023
7360,SYNTHETIC SITE 01359,101359,,SYNTHETIC COMPANY 01359,1 Example Way,Nowhere,ZZ,00000,3328,2017,SYNTHETIC INDUSTRY,1,2,362,685944,1,0,0,0,2,0,0,2,0,0,0,0,0,,1/1/2024,2023
7361,SYNTHETIC SITE 01360,101360,,SYNTHETIC COMPANY 01360,1 Example Way,Nowhere,ZZ,00000,3252,2017,SYNTHETIC INDUSTRY,1,2,140,306550,2,0,0,0,0,0,0,0,0,0,0,0,0,,1/1/2024,2023
7362,SYNTHETIC SITE 01361,101361,,SYNTHETIC COMPANY 01361,1 Example Way,Nowhere,ZZ,00000,4841,2017,SYNTHETIC INDUSTRY,1,2,30,49143,2,0,0,0,0,0,0,0,0,0,0,0,0,,1/1/2024,2023
7363,SYNTHETIC SITE 01362,101362,,SYNTHETIC COMPANY 01362,1 Example Way,Nowhere,ZZ,00000,3328,2017,SYNTHETIC INDUSTRY,1,2,350,699254,1,0,0,6,4,0,24,10,0,0,0,0,0,,1/1/2024,2023
7364,SYNTHETIC SITE 01363,101363,,SYNTHETIC COMPANY 01363,1 Example Way,Nowhere,ZZ,00000,3115,2017,SYNTHETIC INDUSTRY,1,2,112,252468,2,0,0,0,0,0,0,0,0,0,0,0,0,,1/1/2024,2023
7365,SYNTHETIC SITE 01364,101364,,SYNTHETIC COMPANY 01364,1 Example Way,Nowhere,ZZ,00000,3251,2017,SYNTHETIC INDUSTRY,1,2,33,54921,1,0,0,0,1,0,0,1,0,0,0,0,0,,1/1/2024,2023
7366,SYNTHETIC SITE 01365,101365,,SYNTHETIC COMPANY 01365,1 Example Way,Nowhere,ZZ,00000,3252,2017,SYNTHETIC INDUSTRY,1,2,154,285347,1,0,4,0,1,28,0,5,0,0,0,0,0,,1/1/2024,2023
7367,SYNTHETIC SITE 01366,101366,,SYNTHETIC COMPANY 01366,1 Example Way,Nowhere,ZZ,00000,3252,2017,SYNTHETIC INDUSTRY,1,2,277,572747,1,0,1,1,1,7,4,3,0,0,0,0,0,,1/1/2024,2023
7368,SYNTHETIC SITE 01367,101367,,SYNTHETIC COMPANY 01367,1 Example Way,Nowhere,ZZ,00000,3251,2017,SYNTHETIC INDUSTRY,1,2,52,110538,2,0,0,0,0,0,0,0,0,0,0,0,0,,1/1/2024,2023
7369,SYNTHETIC SITE 01368,101368,,SYNTHETIC COMPANY 01368,1 Example Way,Nowhere,ZZ,00000,4451,2017,SYNTHETIC INDUSTRY,1,2,10,15813,2,0,0,0,0,0,0,0,0,0,0,0,0,,1/1/2024,2023
7370,SYNTHETIC SITE 01369,101369,,SYNTHETIC COMPANY 01369,1 Example Way,Nowhere,ZZ,00000,4841,2017,SYNTHETIC INDUSTRY,1,2,25,41974,2,0,0,0,0,0,0,0,0,0,0,0,0,,1/1/2024,2023
7371,SYNTHETIC SITE 01370,101370,,SYNTHETIC COMPANY 01370,1 Example Way,Nowhere,ZZ,00000,4451,2017,SYNTHETIC INDUSTRY,1,2,8,11750,2,0,0,0,0,0,0,0,0,0,0,0,0,,1/1/2024,2023
7372,SYNTHETIC SITE 01371,101371,,SYNTHETIC COMPANY 01371,1 Example Way,Nowhere,ZZ,00000,3328,2017,SYNTHETIC INDUSTRY,1,2,97,157467,2,0,0,0,0,0,0,0,0,0,0,0,0,,1/1/2024,2023
7373,SYNTHETIC SITE 01372,101372,,SYNTHETIC COMPANY 01372,1 Example Way,Nowhere,ZZ,00000,4841,2017,SYNTHETIC INDUSTRY,1,2,42,72160,2,0,0,0,0,0,0,0,0,0,0,0,0,,1/1/2024,2023
7374,SYNTHETIC SITE 01373,101373,,SYNTHETIC COMPANY 01373,1 Example Way,Nowhere,ZZ,00000,4451,2017,SYNTHETIC INDUSTRY,1,2,31,69266,1,0,0,0,1,0,0,1,0,0,0,0,0,,1/1/2024,2023
7375,SYNTHETIC SITE 01374,101374,,SYNTHETIC COMPANY 01374,1 Example Way,Nowhere,ZZ,00000,3115,2017,SYNTHETIC INDUSTRY,1,2,23,42021,1,0,0,1,0,0,4,1,0,0,0,0,0,,1/1/2024,2023
7376,SYNTHETIC SITE 01375,101375,,SYNTHETIC COMPANY 01375,1 Example Way,Nowhere,ZZ,00000,3328,2017,SYNTHETIC INDUSTRY,1,2,142,279975,1,0,1,4,1,7,16,6,0,0,0,0,0,,1/1/2024,2023
7377,SYNTHETIC SITE 01376,101376,,SYNTHETIC COMPANY 01376,1 Example Way,Nowhere,ZZ,00000,3115,2017,SYNTHETIC INDUSTRY,1,2,257,460689,1,0,3,1,4,21,4,8,0,0,0,0,0,,1/1/2024,2023
7378,SYNTHETIC SITE 01377,101377,,SYNTHETIC COMPANY 01377,1 Example Way,Nowhere,ZZ,00000,4451,2017,SYNTHETIC INDUSTRY,1,2,88,160396,2,0,0,0,0,0,0,0,0,0,0,0,0,,1/1/2024,2023
7379,SYNTHETIC SITE 01378,101378,,SYNTHETIC COMPANY 01378,1 Example Way,Nowhere,ZZ,00000,2361,2017,SYNTHETIC INDUSTRY,1,2,105,212298,2,0,0,0,0,0,0,0,0,0,0,0,0,,1/1/2024,2023
7380,SYNTHETIC SITE 01379,101379,,SYNTHETIC COMPANY 01379,1 Example Way,Nowhere,ZZ,00000,3252,2017,SYNTHETIC INDUSTRY,1,2,32,52460,2,0,0,0,0,0,0,0,0,0,0,0,0,,1/1/2024,2023
7381,SYNTHETIC SITE 01380,101380,,SYNTHETIC COMPANY 01380,1 Example Way,Nowhere,ZZ,00000,3251,2017,SYNTHETIC INDUSTRY,1,2,206,319180,1,0,2,2,4,14,8,8,0,0,0,0,0,,1/1/2024,2023
7382,SYNTHETIC SITE 01381,101381,,SYNTHETIC COMPANY 01381,1 Example Way,Nowhere,ZZ,00000,3252,2017,SYNTHETIC INDUSTRY,1,2,14,28281,2,0,0,0,0,0,0,0,0,0,0,0,0,,1/1/2024,2023
7383,SYNTHETIC SITE 01382,101382,,SYNTHETIC COMPANY 01382,1 Example Way,Nowhere,ZZ,00000,4451,2017,SYNTHETIC INDUSTRY,1,2,28,43391,2,0,0,0,0,0,0,0,0,0,0,0,0,,1/1/2024,2023
7384,SYNTHETIC SITE 01383,101383,,SYNTHETIC COMPANY 01383,1 Example Way,Nowhere,ZZ,00000,3252,2017,SYNTHETIC INDUSTRY,1,2,80,129550,2,0,0,0,0,0,0,0,0,0,0,0,0,,1/1/2024,2023
7385,SYNTHETIC SITE 01384,101384,,SYNTHETIC COMPANY 01384,1 Example Way,Nowhere,ZZ,00000,4451,2017,SYNTHETIC INDUSTRY,1,2,78,159722,2,0,0,0,0,0,0,0,0,0,0,0,0,,1/1/2024,2023
7386,SYNTHETIC SITE 01385,101385,,SYNTHETIC COMPANY 01385,1 Example Way,Nowhere,ZZ,00000,6221,2017,SYNTHETIC INDUSTRY,1,2,230,347987,1,0,2,1,1,14,4,4,0,0,0,0,0,,1/1/2024,2023
7387,SYNTHETIC SITE 01386,101386,,SYNTHETIC COMPANY 01386,1 Example Way,Nowhere,ZZ,00000,3328,2017,SYNTHETIC INDUSTRY,1,2,37,78690,2,0,0,0,0,0,0,0,0,0,0,0,0,,1/1/2024,2023
7388,SYNTHETIC SITE 01387,101387,,SYNTHETIC COMPANY 01387,1 Example Way,Nowhere,ZZ,00000,2361,2017,SYNTHETIC INDUSTRY,1,2,63,124209,2,0,0,0,0,0,0,0,0,0,0,0,0,,1/1/2024,2023
7389,SYNTHETIC SITE 01388,101388,,SYNTHETIC COMPANY 01388,1 Example Way,Nowhere,ZZ,00000,4841,2017,SYNTHETIC INDUSTRY,1,2,75,109461,2,0,0,0,0,0,0,0,0,0,0,0,0,,1/1/2024,2023
7390,SYNTHETIC SITE 01389,101389,,SYNTHETIC COMPANY 01389,1 Example Way,Nowhere,ZZ,00000,2361,2017,SYNTHETIC INDUSTRY,1,2,23,47008,2,0,0,0,0,0,0,0,0,0,0,0,0,,1/1/2024,2023
7391,SYNTHETIC SITE 01390,101390,,SYNTHETIC COMPANY 01390,1 Example Way,Nowhere,ZZ,00000,6221,2017,SYNTHETIC INDUSTRY,1,2,231,456915,1,0,9,3,11,63,12,23,0,0,0,0,0,,1/1/2024,2023
7392,SYNTHETIC SITE 01391,101391,,SYNTHETIC COMPANY 01391,1 Example Way,Nowhere,ZZ,00000,3251,2017,SYNTHETIC INDUSTRY,1,2,28,54808,2,0,0,0,0,0,0,0,0,0,0,0,0,,1/1/2024,2023
7393,SYNTHETIC SITE 01392,101392,,SYNTHETIC COMPANY 01392,1 Example Way,Nowhere,ZZ,00000,3252,2017,SYNTHETIC INDUSTRY,1,2,26,52168,1,0,0,0,2,0,0,2,0,0,0,0,0,,1/1/2024,2023
7394,SYNTHETIC SITE 01393,101393,,SYNTHETIC COMPANY 01393,1 Example Way,Nowhere,ZZ,00000,4451,2017,SYNTHETIC INDUSTRY,1,2,164,378922,2,0,0,0,0,0,0,0,0,0,0,0,0,,1/1/2024,2023
7395,SYNTHETIC SITE 01394,101394,,SYNTHETIC COMPANY 01394,1 Example Way,Nowhere,ZZ,00000,4841,2017,SYNTHETIC INDUSTRY,1,2,87,183882,2,0,0,0,0,0,0,0,0,0,0,0,0,,1/1/2024,2023
7396,SYNTHETIC SITE 01395,101395,,SYNTHETIC COMPANY 01395,1 Example Way,Nowhere,ZZ,00000,3328,2017,SYNTHETIC INDUSTRY,1,2,18,38024,1,0,0,0,1,0,0,1,0,0,0,0,0,,1/1/2024,2023
7397,SYNTHETIC SITE 01396,101396,,SYNTHETIC COMPANY 01396,1 Example Way,Nowhere,ZZ,00000,3251,2017,SYNTHETIC INDUSTRY,1,2,57,125869,1,0,2,1,3,14,4,6,0,0,0,0,0,,1/1/2024,2023
7398,SYNTHETIC SITE 01397,101397,,SYNTHETIC COMPANY 01397,1 Example Way,Nowhere,ZZ,00000,4841,2017,SYNTHETIC INDUSTRY,1,2,30,66418,1,0,1,0,1,7,0,2,0,0,0,0,0,,1/1/2024,2023
7399,SYNTHETIC SITE 01398,101398,,SYNTHETIC COMPANY 01398,1 Example Way,Nowhere,ZZ,00000,3115,2017,SYNTHETIC INDUSTRY,1,2,50,75484,1,0,0,1,0,0,4,1,0,0,0,0,0,,1/1/2024,2023
7400,SYNTHETIC SITE 01399,101399,,SYNTHETIC COMPANY 01399,1 Example Way,Nowhere,ZZ,00000,3328,2017,SYNTHETIC INDUSTRY,1,2,34,59348,2,0,0,0,0,0,0,0,0,0,0,0,0,,1/1/2024,2023
7401,SYNTHETIC SITE 01400,101400,,SYNTHETIC COMPANY 01400,1 Example Way,Nowhere,ZZ,00000,6221,2017,SYNTHETIC INDUSTRY,1,2,34,62128,2,0,0,0,0,0,0,0,0,0,0,0,0,,1/1/2024,2023
7402,SYNTHETIC SITE 01401,101401,,SYNTHETIC COMPANY 01401,1 Example Way,Nowhere,ZZ,00000,3328,2017,SYNTHETIC INDUSTRY,1,2,7,15937,2,0,0,0,0,0,0,0,0,0,0,0,0,,1/1/2024,2023
7403,SYNTHETIC SITE 01402,101402,,SYNTHETIC COMPANY 01402,1 Example Way,Nowhere,ZZ,00000,3115,2017,SYNTHETIC INDUSTRY,1,2,135,19904400,1,0,0,0,2,0,0,2,0,0,0,0,0,,1/1/2024,2023
7404,SYNTHETIC SITE 01403,101403,,SYNTHETIC COMPANY 01403,1 Example Way,Nowhere,ZZ,00000,6221,2017,SYNTHETIC INDUSTRY,1,2,16,28799,2,0,0,0,0,0,0,0,0,0,0,0,0,,1/1/2024,2023
7405,SYNTHETIC SITE 01404,101404,,SYNTHETIC COMPANY 01404,1 Example Way,Nowhere,ZZ,00000,4841,2017,SYNTHETIC INDUSTRY,1,2,145,244449,2,0,0,0,0,0,0,0,0,0,0,0,0,,1/1/2024,2023
7406,SYNTHETIC SITE 01405,101405,,SYNTHETIC COMPANY 01405,1 Example Way,Nowhere,ZZ,00000,3252,2017,SYNTHETIC INDUSTRY,1,2,18,35314,1,0,1,0,1,7,0,2,0,0,0,0,0,,1/1/2024,2023
7407,SYNTHETIC SITE 01406,101406,,SYNTHETIC COMPANY 01406,1 Example Way,Nowhere,ZZ,00000,3251,2017,SYNTHETIC INDUSTRY,1,2,4,7953,2,0,0,0,0,0,0,0,0,0,0,0,0,,1/1/2024,2023
7408,SYNTHETIC SITE 01407,101407,,SYNTHETIC COMPANY 01407,1 Example Way,Nowhere,ZZ,00000,4451,2017,SYNTHETIC INDUSTRY,1,2,21,49802,1,0,0,1,0,0,4,1,0,0,0,0,0,,1/1/2024,2023
7409,SYNTHETIC SITE 01408,101408,,SYNTHETIC COMPANY 01408,1 Example Way,Nowhere,ZZ,00000,3252,2017,SYNTHETIC INDUSTRY,1,2,42,83302,1,0,0,1,0,0,4,1,0,0,0,0,0,,1/1/2024,2023
7410,SYNTHETIC SITE 01409,101409,,SYNTHETIC COMPANY 01409,1 Example Way,Nowhere,ZZ,00000,4451,2017,SYNTHETIC INDUSTRY,1,2,151,243401,1,0,2,2,2,14,8,6,0,0,0,0,0,,1/1/2024,2023
7411,SYNTHETIC SITE 01410,101410,,SYNTHETIC COMPANY 01410,1 Example Way,Nowhere,ZZ,00000,6221,2017,SYNTHETIC INDUSTRY,1,2,47,112000,1,0,2,1,0,14,4,3,0,0,0,0,0,,1/1/2024,2023
7412,SYNTHETIC SITE 01411,101411,,SYNTHETIC COMPANY 01411,1 Example Way,Nowhere,ZZ,00000,3252,2017,SYNTHETIC INDUSTRY,1,2,160,259231,1,0,1,0,0,7,0,1,0,0,0,0,0,,1/1/2024,2023
7413,SYNTHETIC SITE 01412,101412,,SYNTHETIC COMPANY 01412,1 Example Way,Nowhere,ZZ,00000,3251,2017,SYNTHETIC INDUSTRY,1,2,66,115862,1,0,1,0,0,7,0,1,0,0,0,0,0,,1/1/2024,2023
7414,SYNTHETIC SITE 01413,101413,,SYNTHETIC COMPANY 01413,1 Example Way,Nowhere,ZZ,00000,3251,2017,SYNTHETIC INDUSTRY,1,2,110,257922,2,0,0,0,0,0,0,0,0,0,0,0,0,,1/1/2024,2023
7415,SYNTHETIC SITE 01414,101414,,SYNTHETIC COMPANY 01414,1 Example Way,Nowhere,ZZ,00000,4841,2017,SYNTHETIC INDUSTRY,1,2,20,45088,1,0,0,0,1,0,0,1,0,0,0,0,0,,1/1/2024,2023
7416,SYNTHETIC SITE 01415,101415,,SYNTHETIC COMPANY 01415,1 Example Way,Nowhere,ZZ,00000,2361,2017,SYNTHETIC INDUSTRY,1,2,9,17406,1,0,0,1,0,0,4,1,0,0,0,0,0,,1/1/2024,2023
7417,SYNTHETIC SITE 01416,101416,,SYNTHETIC COMPANY 01416,1 Example Way,Nowhere,ZZ,00000,6221,2017,SYNTHETIC INDUSTRY,1,2,45,79674,2,0,0,0,0,0,0,0,0,0,0,0,0,,1/1/2024,2023
7418,SYNTHETIC SITE 01417,101417,,SYNTHETIC COMPANY 01417,1 Example Way,Nowhere,ZZ,00000,6221,2017,SYNTHETIC INDUSTRY,1,2,119,262210,1,0,2,2,3,14,8,7,0,0,0,0,0,,1/1/2024,2023
7419,SYNTHETIC SITE 01418,101418,,SYNTHETIC COMPANY 01418,1 Example Way,Nowhere,ZZ,00000,6221,2017,SYNTHETIC INDUSTRY,1,2,74,143503,2,0,0,0,0,0,0,0,0,0,0,0,0,,1/1/2024,2023
7420,SYNTHETIC SITE 01419,101419,,SYNTHETIC COMPANY 01419,1 Example Way,Nowhere,ZZ,00000,3328,2017,SYNTHETIC INDUSTRY,1,2,82,130275,1,0,1,1,7,7,4,9,0,0,0,0,0,,1/1/2024,2023
7421,SYNTHETIC SITE 01420,101420,,SYNTHETIC COMPANY 01420,1 Example Way,Nowhere,ZZ,00000,4841,2017,SYNTHETIC INDUSTRY,1,2,3,5417,2,0,0,0,0,0,0,0,0,0,0,0,0,,1/1/2024,2023
7422,SYNTHETIC SITE 01421,101421,,SYNTHETIC COMPANY 01421,1 Example Way,Nowhere,ZZ,00000,3328,2017,SYNTHETIC INDUSTRY,1,2,146,268221,2,0,0,0,0,0,0,0,0,0,0,0,0,,1/1/2024,2023
7423,SYNTHETIC SITE 01422,101422,,SYNTHETIC COMPANY 01422,1 Example Way,Nowhere,ZZ,00000,4841,2017,SYNTHETIC INDUSTRY,1,2,77,146003,2,0,0,0,0,0,0,0,0,0,0,0,0,,1/1/2024,2023
7424,SYNTHETIC SITE 01423,101423,,SYNTHETIC COMPANY 01423,1 Example Way,Nowhere,ZZ,00000,3115,2017,SYNTHETIC INDUSTRY,1,2,176,367336,1,0,1,2,4,7,8,7,0,0,0,0,0,,1/1/2024,2023
7425,SYNTHETIC SITE 01424,101424,,SYNTHETIC COMPANY 01424,1 Example Way,Nowhere,ZZ,00000,3251,2017,SYNTHETIC INDUSTRY,1,2,15,29716,2,0,0,0,0,0,0,0,0,0,0,0,0,,1/1/2024,2023
7426,SYNTHETIC SITE 01425,101425,,SYNTHETIC COMPANY 01425,1 Example Way,Nowhere,ZZ,00000,2361,2017,SYNTHETIC INDUSTRY,1,2,260,371009,1,0,4,6,1,28,24,11,0,0,0,0,0,,1/1/2024,2023
7427,SYNTHETIC SITE 01426,101426,,SYNTHETIC COMPANY 01426,1 Example Way,Nowhere,ZZ,00000,4841,2017,SYNTHETIC INDUSTRY,1,2,34,60520,1,0,0,2,0,0,8,2,0,0,0,0,0,,1/1/2024,2023
7428,SYNTHETIC SITE 01427,101427,,SYNTHETIC COMPANY 01427,1 Example Way,Nowhere,ZZ,00000,3251,2017,SYNTHETIC INDUSTRY,1,2,167,285579,1,0,1,0,0,7,0,1,0,0,0,0,0,,1/1/2024,2023
7429,SYNTHETIC SITE 01428,101428,,SYNTHETIC COMPANY 01428,1 Example Way,Nowhere,ZZ,00000,3328,2017,SYNTHETIC INDUSTRY,1,2,97,165802,1,0,1,0,0,7,0,1,0,0,0,0,0,,1/1/2024,2023
7430,SYNTHETIC SITE 01429,101429,,SYNTHETIC COMPANY 01429,1 Example Way,Nowhere,ZZ,00000,3115,2017,SYNTHETIC INDUSTRY,1,2,116,240345,1,0,2,0,1,14,0,3,0,0,0,0,0,,1/1/2024,2023
7431,SYNTHETIC SITE 01430,101430,,SYNTHETIC COMPANY 01430,1 Example Way,Nowhere,ZZ,00000,3251,2017,SYNTHETIC INDUSTRY,1,2,57,72800000,2,0,0,0,0,0,0,0,0,0,0,0,0,,1/1/2024,2023
7432,SYNTHETIC SITE 01431,101431,,SYNTHETIC COMPANY 01431,1 Example Way,Nowhere,ZZ,00000,6221,2017,SYNTHETIC INDUSTRY,1,2,61,80353,1,0,1,0,0,7,0,1,0,0,0,0,0,,1/1/2024,2023
7433,SYNTHETIC SITE 01432,101432,,SYNTHETIC COMPANY 01432,1 Example Way,Nowhere,ZZ,00000,6221,2017,SYNTHETIC INDUSTRY,1,2,19,37637,2,0,0,0,0,0,0,0,0,0,0,0,0,,1/1/2024,2023
7434,SYNTHETIC SITE 01433,101433,,SYNTHETIC COMPANY 01433,1 Example Way,Nowhere,ZZ,00000,3251,2017,SYNTHETIC INDUSTRY,1,2,12,25194,2,0,0,0,0,0,0,0,0,0,0,0,0,,1/1/2024,2023
7435,SYNTHETIC SITE 01434,101434,,SYNTHETIC COMPANY 01434,1 Example Way,Nowhere,ZZ,00000,4841,2017,SYNTHETIC INDUSTRY,1,2,98,147347,1,0,0,0,4,0,0,4,0,0,0,0,0,,1/1/2024,2023
7436,SYNTHETIC SITE 01435,101435,,SYNTHETIC COMPANY 01435,1 Example Way,Nowhere,ZZ,00000,3328,2017,SYNTHETIC INDUSTRY,1,2,23,39931,2,0,0,0,0,0,0,0,0,0,0,0,0,,1/1/2024,2023
7437,SYNTHETIC SITE 01436,101436,,SYNTHETIC COMPANY 01436,1 Example Way,Nowhere,ZZ,00000,3252,2017,SYNTHETIC INDUSTRY,1,2,72,129630,1,0,0,0,1,0,0,1,0,0,0,0,0,,1/1/2024,2023
7438,SYNTHETIC SITE 01437,101437,,SYNTHETIC COMPANY 01437,1 Example Way,Nowhere,ZZ,00000,3328,2017,SYNTHETIC INDUSTRY,1,2,64,129255,1,0,1,2,3,7,8,6,0,0,0,0,0,,1/1/2024,2023
7439,SYNTHETIC SITE 01438,101438,,SYNTHETIC COMPANY 01438,1 Example Way,Nowhere,ZZ,00000,3328,2017,SYNTHETIC INDUSTRY,1,2,13,1909100000,2,0,0,0,0,0,0,0,0,0,0,0,0,,1/1/2024,2023
7440,SYNTHETIC SITE 01439,101439,,SYNTHETIC COMPANY 01439,1 Example Way,Nowhere,ZZ,00000,3252,2017,SYNTHETIC INDUSTRY,1,2,317,543603,1,0,7,0,7,49,0,14,0,0,0,0,0,,1/1/2024,2023
7441,SYNTHETIC SITE 01440,101440,,SYNTHETIC COMPANY 01440,1 Example Way,Nowhere,ZZ,00000,3328,2017,SYNTHETIC INDUSTRY,1,2,216,376740,1,0,0,0,2,0,0,2,0,0,0,0,0,,1/1/2024,2023
7442,SYNTHETIC SITE 01441,101441,,SYNTHETIC COMPANY 01441,1 Example Way,Nowhere,ZZ,00000,3251,2017,SYNTHETIC INDUSTRY,1,2,15,23756,2,0,0,0,0,0,0,0,0,0,0,0,0,,1/1/2024,2023
7443,SYNTHETIC SITE 01442,101442,,SYNTHETIC COMPANY 01442,1 Example Way,Nowhere,ZZ,00000,3115,2017,SYNTHETIC INDUSTRY,1,2,180,232520,1,0,2,0,1,14,0,3,0,0,0,0,0,,1/1/2024,2023
7444,SYNTHETIC SITE 01443,101443,,SYNTHETIC COMPANY 01443,1 Example Way,Nowhere,ZZ,00000,4841,2017,SYNTHETIC INDUSTRY,1,2,17,29773,2,0,0,0,0,0,0,0,0,0,0,0,0,,1/1/2024,2023
7445,SYNTHETIC SITE 01444,101444,,SYNTHETIC COMPANY 01444,1 Example Way,Nowhere,ZZ,00000,3251,2017,SYNTHETIC INDUSTRY,1,2,58,125311,2,0,0,0,0,0,0,0,0,0,0,0,0,,1/1/2024,2023
7446,SYNTHETIC SITE 01445,101445,,SYNTHETIC COMPANY 01445,1 Example Way,Nowhere,ZZ,00000,4841,2017,SYNTHETIC INDUSTRY,1,2,42,68230,2,0,0,0,0,0,0,0,0,0,0,0,0,,1/1/2024,2023
7447,SYNTHETIC SITE 01446,101446,,SYNTHETIC COMPANY 01446,1 Example Way,Nowhere,ZZ,00000,4841,2017,SYNTHETIC INDUSTRY,1,2,77,161827,1,0,1,0,0,7,0,1,0,0,0,0,0,,1/1/2024,2023
7448,SYNTHETIC SITE 01447,101447,,SYNTHETIC COMPANY 01447,1 Example Way,Nowhere,ZZ,00000,4841,2017,SYNTHETIC INDUSTRY,1,2,50,80719,1,0,0,0,1,0,0,1,0,0,0,0,0,,1/1/2024,2023
7449,SYNTHETIC SITE 01448,101448,,SYNTHETIC COMPANY 01448,1 Example Way,Nowhere,ZZ,00000,3115,2017,SYNTHETIC INDUSTRY,1,2,146,253469,2,0,0,0,0,0,0,0,0,0,0,0,0,,1/1/2024,2023
7450,SYNTHETIC SITE 01449,101449,,SYNTHETIC COMPANY 01449,1 Example Way,Nowhere,ZZ,00000,4841,2017,SYNTHETIC INDUSTRY,1,2,114,230888,1,0,4,1,4,28,4,9,0,0,0,0,0,,1/1/2024,2023
7451,SYNTHETIC SITE 01450,101450,,SYNTHETIC COMPANY 01450,1 Example Way,Nowhere,ZZ,00000,3115,2017,SYNTHETIC INDUSTRY,1,2,121,220085,1,0,5,1,7,35,4,13,0,0,0,0,0,,1/1/2024,2023
7452,SYNTHETIC SITE 01451,101451,,SYNTHETIC COMPANY 01451,1 Example Way,Nowhere,ZZ,00000,3252,2017,SYNTHETIC INDUSTRY,1,2,12,20807,2,0,0,0,0,0,0,0,0,0,0,0,0,,1/1/2024,2023
7453,SYNTHETIC SITE 01452,101452,,SYNTHETIC COMPANY 01452,1 Example Way,Nowhere,ZZ,00000,3328,2017,SYNTHETIC INDUSTRY,1,2,132,260815,2,0,0,0,0,0,0,0,0,0,0,0,0,,1/1/2024,2023
7454,SYNTHETIC SITE 01453,101453,,SYNTHETIC COMPANY 01453,1 Example Way,Nowhere,ZZ,00000,3328,2017,SYNTHETIC INDUSTRY,1,2,37,80055,1,0,0,1,1,0,4,2,0,0,0,0,0,,1/1/2024,2023
7455,SYNTHETIC SITE 01454,101454,,SYNTHETIC COMPANY 01454,1 Example Way,Nowhere,ZZ,00000,6221,2017,SYNTHETIC INDUSTRY,1,2,10,22114,1,0,0,0,1,0,0,1,0,0,0,0,0,,1/1/2024,2023
7456,SYNTHETIC SITE 01455,101455,,SYNTHETIC COMPANY 01455,1 Example Way,Nowhere,ZZ,00000,4451,2017,SYNTHETIC INDUSTRY,1,2,12,23445,2,0,0,0,0,0,0,0,0,0,0,0,0,,1/1/2024,2023
7457,SYNTHETIC SITE 01456,101456,,SYNTHETIC COMPANY 01456,1 Example Way,Nowhere,ZZ,00000,4841,2017,SYNTHETIC INDUSTRY,1,2,51,87826,1,0,1,0,0,7,0,1,0,0,0,0,0,,1/1/2024,2023
7458,SYNTHETIC SITE 01457,101457,,SYNTHETIC COMPANY 01457,1 Example Way,Nowhere,ZZ,00000,3328,2017,SYNTHETIC INDUSTRY,1,2,23,41526,1,0,0,3,2,0,12,5,0,0,0,0,0,,1/1/2024,2023
7459,SYNTHETIC SITE 01458,101458,,SYNTHETIC COMPANY 01458,1 Example Way,Nowhere,ZZ,00000,3115,2017,SYNTHETIC INDUSTRY,1,2,272,394620,1,0,0,0,1,0,0,1,0,0,0,0,0,,1/1/2024,2023
7460,SYNTHETIC SITE 01459,101459,,SYNTHETIC COMPANY 01459,1 Example Way,Nowhere,ZZ,00000,2361,2017,SYNTHETIC INDUSTRY,1,2,70,111171,2,0,0,0,0,0,0,0,0,0,0,0,0,,1/1/2024,2023
7461,SYNTHETIC SITE 01460,101460,,SYNTHETIC COMPANY 01460,1 Example Way,Nowhere,ZZ,00000,6221,2017,SYNTHETIC INDUSTRY,1,2,402,608919,2,0,0,0,0,0,0,0,0,0,0,0,0,,1/1/2024,2023
7462,SYNTHETIC SITE 01461,101461,,SYNTHETIC COMPANY 01461,1 Example Way,Nowhere,ZZ,00000,3115,2017,SYNTHETIC INDUSTRY,1,2,27,59325,1,0,1,0,0,7,0,1,0,0,0,0,0,,1/1/2024,2023
7463,SYNTHETIC SITE 01462,101462,,SYNTHETIC COMPANY 01462,1 Example Way,Nowhere,ZZ,00000,3328,2017,SYNTHETIC INDUSTRY,1,2,18,40426,2,0,0,0,0,0,0,0,0,0,0,0,0,,1/1/2024,2023
7464,SYNTHETIC SITE 01463,101463,,SYNTHETIC COMPANY 01463,1 Example Way,Nowhere,ZZ,00000,3115,2017,SYNTHETIC INDUSTRY,1,2,82,154777,2,0,0,0,0,0,0,0,0,0,0,0,0,,1/1/2024,2023
7465,SYNTHETIC SITE 01464,101464,,SYNTHETIC COMPANY 01464,1 Example Way,Nowhere,ZZ,00000,4841,2017,SYNTHETIC INDUSTRY,1,2,102,170530,1,0,2,0,0,14,0,2,0,0,0,0,0,,1/1/2024,2023
7466,SYNTHETIC SITE 01465,101465,,SYNTHETIC COMPANY 01465,1 Example Way,Nowhere,ZZ,00000,6221,2017,SYNTHETIC INDUSTRY,1,2,54,87218,2,0,0,0,0,0,0,0,0,0,0,0,0,,1/1/2024,2023
7467,SYNTHETIC SITE 01466,101466,,SYNTHETIC COMPANY 01466,1 Example Way,Nowhere,ZZ,00000,3251,2017,SYNTHETIC INDUSTRY,1,2,3,5379,2,0,0,0,0,0,0,0,0,0,0,0,0,,1/1/2024,2023
7468,SYNTHETIC SITE 01467,101467,,SYNTHETIC COMPANY 01467,1 Example Way,Nowhere,ZZ,00000,4451,2017,SYNTHETIC INDUSTRY,1,2,28,46823,1,0,0,0,2,0,0,2,0,0,0,0,0,,1/1/2024,2023
7469,SYNTHETIC SITE 01468,101468,,SYNTHETIC COMPANY 01468,1 Example Way,Nowhere,ZZ,00000,4841,2017,SYNTHETIC INDUSTRY,1,2,162,302290,1,0,3,2,0,21,8,5,0,0,0,0,0,,1/1/2024,2023
7470,SYNTHETIC SITE 01469,101469,,SYNTHETIC COMPANY 01469,1 Example Way,Nowhere,ZZ,00000,4451,2017,SYNTHETIC INDUSTRY,1,2,40,90147,1,0,0,1,1,0,4,2,0,0,0,0,0,,1/1/2024,2023
7471,SYNTHETIC SITE 01470,101470,,SYNTHETIC COMPANY 01470,1 Example Way,Nowhere,ZZ,00000,4451,2017,SYNTHETIC INDUSTRY,1,2,102,162565,2,0,0,0,0,0,0,0,0,0,0,0,0,,1/1/2024,2023
7472,SYNTHETIC SITE 01471,101471,,SYNTHETIC COMPANY 01471,1 Example Way,Nowhere,ZZ,00000,3115,2017,SYNTHETIC INDUSTRY,1,2,72,113526,1,0,2,2,0,14,8,4,0,0,0,0,0,,1/1/2024,2023
7473,SYNTHETIC SITE 01472,101472,,SYNTHETIC COMPANY 01472,1 Example Way,Nowhere,ZZ,00000,4841,2017,SYNTHETIC INDUSTRY,1,2,260,467371,2,0,0,0,0,0,0,0,0,0,0,0,0,,1/1/2024,2023
7474,SYNTHETIC SITE 01473,101473,,SYNTHETIC COMPANY 01473,1 Example Way,Nowhere,ZZ,00000,3251,2017,SYNTHETIC INDUSTRY,1,2,136,242588,2,0,0,0,0,0,0,0,0,0,0,0,0,,1/1/2024,2023
7475,SYNTHETIC SITE 01474,101474,,SYNTHETIC COMPANY 01474,1 Example Way,Nowhere,ZZ,00000,6221,2017,SYNTHETIC INDUSTRY,1,2,23,41771,1,0,0,0,1,0,0,1,0,0,0,0,0,,1/1/2024,2023
7476,SYNTHETIC SITE 01475,101475,,SYNTHETIC COMPANY 01475,1 Example Way,Nowhere,ZZ,00000,3252,2017,SYNTHETIC INDUSTRY,1,2,46,83451,1,0,0,0,2,0,0,2,0,0,0,0,0,,1/1/2024,2023
7477,SYNTHETIC SITE 01476,101476,,SYNTHETIC COMPANY 01476,1 Example Way,Nowhere,ZZ,00000,6221,2017,SYNTHETIC INDUSTRY,1,2,60,121341,2,0,0,0,0,0,0,0,0,0,0,0,0,,1/1/2024,2023
7478,SYNTHETIC SITE 01477,101477,,SYNTHETIC COMPANY 01477,1 Example Way,Nowhere,ZZ,00000,2361,2017,SYNTHETIC INDUSTRY,1,2,2,2998,2,0,0,0,0,0,0,0,0,0,0,0,0,,1/1/2024,2023
7479,SYNTHETIC SITE 01478,101478,,SYNTHETIC COMPANY 01478,1 Example Way,Nowhere,ZZ,00000,4841,2017,SYNTHETIC INDUSTRY,1,2,110,212990,1,0,1,0,2,7,0,3,0,0,0,0,0,,1/1/2024,2023
7480,SYNTHETIC SITE 01479,101479,,SYNTHETIC COMPANY 01479,1 Example Way,Nowhere,ZZ,00000,3252,2017,SYNTHETIC INDUSTRY,1,2,107,233174,1,0,0,1,3,0,4,4,0,0,0,0,0,,1/1/2024,2023
7481,SYNTHETIC SITE 01480,101480,,SYNTHETIC COMPANY 01480,1 Example Way,Nowhere,ZZ,00000,3115,2017,SYNTHETIC INDUSTRY,1,2,30,50407,2,0,0,0,0,0,0,0,0,0,0,0,0,,1/1/2024,2023
7482,SYNTHETIC SITE 01481,101481,,SYNTHETIC COMPANY 01481,1 Example Way,Nowhere,ZZ,00000,4451,2017,SYNTHETIC INDUSTRY,1,2,28,42884,2,0,0,0,0,0,0,0,0,0,0,0,0,,1/1/2024,2023
7483,SYNTHETIC SITE 01482,101482,,SYNTHETIC COMPANY 01482,1 Example Way,Nowhere,ZZ,00000,3251,2017,SYNTHETIC INDUSTRY,1,2,251,483413,1,0,4,2,6,28,8,12,0,0,0,0,0,,1/1/2024,2023
7484,SYNTHETIC SITE 01483,101483,,SYNTHETIC COMPANY 01483,1 Example Way,Nowhere,ZZ,00000,2361,2017,SYNTHETIC INDUSTRY,1,2,55,73123,2,0,0,0,0,0,0,0,0,0,0,0,0,,1/1/2024,2023
7485,SYNTHETIC SITE 01484,101484,,SYNTHETIC COMPANY 01484,1 Example Way,Nowhere,ZZ,00000,3328,2017,SYNTHETIC INDUSTRY,1,2,51,87678,1,0,3,1,4,21,4,8,0,0,0,0,0,,1/1/2024,2023
7486,SYNTHETIC SITE 01485,101485,,SYNTHETIC COMPANY 01485,1 Example Way,Nowhere,ZZ,00000,3328,2017,SYNTHETIC INDUSTRY,1,2,101,241715,1,0,3,1,3,21,4,7,0,0,0,0,0,,1/1/2024,2023
7487,SYNTHETIC SITE 01486,101486,,SYNTHETIC COMPANY 01486,1 Example Way,Nowhere,ZZ,00000,3251,2017,SYNTHETIC INDUSTRY,1,2,46,79122,2,0,0,0,0,0,0,0,0,0,0,0,0,,1/1/2024,2023
7488,SYNTHETIC SITE 01487,101487,,SYNTHETIC COMPANY 01487,1 Example Way,Nowhere,ZZ,00000,3252,2017,SYNTHETIC INDUSTRY,1,2,80,175656,1,0,1,0,0,7,0,1,0,0,0,0,0,,1/1/2024,2023
7489,SYNTHETIC SITE 01488,101488,,SYNTHETIC COMPANY 01488,1 Example Way,Nowhere,ZZ,00000,4451,2017,SYNTHETIC INDUSTRY,1,2,97,199986,2,0,0,0,0,0,0,0,0,0,0,0,0,,1/1/2024,2023
7490,SYNTHETIC SITE 01489,101489,,SYNTHETIC COMPANY 01489,1 Example Way,Nowhere,ZZ,00000,3328,2017,SYNTHETIC INDUSTRY,1,2,29,50472,2,0,0,0,0,0,0,0,0,0,0,0,0,,1/1/2024,2023
7491,SYNTHETIC SITE 01490,101490,,SYNTHETIC COMPANY 01490,1 Example Way,Nowhere,ZZ,00000,3115,2017,SYNTHETIC INDUSTRY,1,2,173,276975,1,0,8,2,5,56,8,15,0,0,0,0,0,,1/1/2024,2023
7492,SYNTHETIC SITE 01491,101491,,SYNTHETIC COMPANY 01491,1 Example Way,Nowhere,ZZ,00000,3251,2017,SYNTHETIC INDUSTRY,1,2,85,162718,1,0,0,0,4,0,0,4,0,0,0,0,0,,1/1/2024,2023
7493,SYNTHETIC SITE 01492,101492,,SYNTHETIC COMPANY 01492,1 Example Way,Nowhere,ZZ,00000,2361,2017,SYNTHETIC INDUSTRY,1,2,50,80017,1,0,1,0,0,7,0,1,0,0,0,0,0,,1/1/2024,2023
7494,SYNTHETIC SITE 01493,101493,,SYNTHETIC COMPANY 01493,1 Example Way,Nowhere,ZZ,00000,3328,2017,SYNTHETIC INDUSTRY,1,2,43,89797,1,0,2,0,1,14,0,3,0,0,0,0,0,,1/1/2024,2023
7495,SYNTHETIC SITE 01494,101494,,SYNTHETIC COMPANY 01494,1 Example Way,Nowhere,ZZ,00000,4841,2017,SYNTHETIC INDUSTRY,1,2,26,66296,2,0,0,0,0,0,0,0,0,0,0,0,0,,1/1/2024,2023
7496,SYNTHETIC SITE 01495,101495,,SYNTHETIC COMPANY 01495,1 Example Way,Nowhere,ZZ,00000,4451,2017,SYNTHETIC INDUSTRY,1,2,222,357038,2,0,0,0,0,0,0,0,0,0,0,0,0,,1/1/2024,2023
7497,SYNTHETIC SITE 01496,101496,,SYNTHETIC COMPANY 01496,1 Example Way,Nowhere,ZZ,00000,2361,2017,SYNTHETIC INDUSTRY,1,2,20,41675,2,0,0,0,0,0,0,0,0,0,0,0,0,,1/1/2024,2023
7498,SYNTHETIC SITE 01497,101497,,SYNTHETIC COMPANY 01497,1 Example Way,Nowhere,ZZ,00000,3251,2017,SYNTHETIC INDUSTRY,1,2,1,1909,2,0,0,0,0,0,0,0,0,0,0,0,0,,1/1/2024,2023
7499,SYNTHETIC SITE 01498,101498,,SYNTHETIC COMPANY 01498,1 Example Way,Nowhere,ZZ,00000,3115,2017,SYNTHETIC INDUSTRY,1,2,118,181610,2,0,0,0,0,0,0,0,0,0,0,0,0,,1/1/2024,2023
7500,SYNTHETIC SITE 01499,101499,,SYNTHETIC COMPANY 01499,1 Example Way,Nowhere,ZZ,00000,3252,2017,SYNTHETIC INDUSTRY,1,2,125,222485,1,0,2,0,3,14,0,5,0,0,0,0,0,,1/1/2024,2023
7501,SYNTHETIC SITE 01500,101500,,SYNTHETIC COMPANY 01500,1 Example Way,Nowhere,ZZ,00000,4841,2017,SYNTHETIC INDUSTRY,1,2,61,129361,1,0,2,0,2,14,0,4,0,0,0,0,0,,1/1/2024,2023
7502,SYNTHETIC SITE 01501,101501,,SYNTHETIC COMPANY 01501,1 Example Way,Nowhere,ZZ,00000,2361,2017,SYNTHETIC INDUSTRY,1,2,33,64843,1,0,0,0,1,0,0,1,0,0,0,0,0,,1/1/2024,2023
7503,SYNTHETIC SITE 01502,101502,,SYNTHETIC COMPANY 01502,1 Example Way,Nowhere,ZZ,00000,4841,2017,SYNTHETIC INDUSTRY,1,2,62,118666,2,0,0,0,0,0,0,0,0,0,0,0,0,,1/1/2024,2023
7504,SYNTHETIC SITE 01503,101503,,SYNTHETIC COMPANY 01503,1 Example Way,Nowhere,ZZ,00000,3252,2017,SYNTHETIC INDUSTRY,1,2,7,13921,1,0,1,0,0,7,0,1,0,0,0,0,0,,1/1/2024,2023
7505,SYNTHETIC SITE 01504,101504,,SYNTHETIC COMPANY 01504,1 Example Way,Nowhere,ZZ,00000,2361,2017,SYNTHETIC INDUSTRY,1,2,51,84175,2,0,0,0,0,0,0,0,0,0,0,0,0,,1/1/2024,2023
7506,SYNTHETIC SITE 01505,101505,,SYNTHETIC COMPANY 01505,1 Example Way,Nowhere,ZZ,00000,2361,2017,SYNTHETIC INDUSTRY,1,2,10,14773,2,0,0,0,0,0,0,0,0,0,0,0,0,,1/1/2024,2023
7507,SYNTHETIC SITE 01506,101506,,SYNTHETIC COMPANY 01506,1 Example Way,Nowhere,ZZ,00000,2361,2017,SYNTHETIC INDUSTRY,1,2,56,117651,2,0,0,0,0,0,0,0,0,0,0,0,0,,1/1/2024,2023
7508,SYNTHETIC SITE 01507,101507,,SYNTHETIC COMPANY 01507,1 Example Way,Nowhere,ZZ,00000,3328,2017,SYNTHETIC INDUSTRY,1,2,5,9886,2,0,0,0,0,0,0,0,0,0,0,0,0,,1/1/2024,2023
7509,SYNTHETIC SITE 01508,101508,,SYNTHETIC COMPANY 01508,1 Example Way,Nowhere,ZZ,00000,2361,2017,SYNTHETIC INDUSTRY,1,2,100,213969,1,0,1,1,3,7,4,5,0,0,0,0,0,,1/1/2024,2023
7510,SYNTHETIC SITE 01509,101509,,SYNTHETIC COMPANY 01509,1 Example Way,Nowhere,ZZ,00000,3251,2017,SYNTHETIC INDUSTRY,1,2,1047,1792020,1,0,0,0,1,0,0,1,0,0,0,0,0,,1/1/2024,2023
7511,SYNTHETIC SITE 01510,101510,,SYNTHETIC COMPANY 01510,1 Example Way,Nowhere,ZZ,00000,3328,2017,SYNTHETIC INDUSTRY,1,2,18,36954,1,0,0,1,0,0,4,1,0,0,0,0,0,,1/1/2024,2023
7512,SYNTHETIC SITE 01511,101511,,SYNTHETIC COMPANY 01511,1 Example Way,Nowhere,ZZ,00000,6221,2017,SYNTHETIC INDUSTRY,1,2,30,60477,2,0,0,0,0,0,0,0,0,0,0,0,0,,1/1/2024,2023
7513,SYNTHETIC SITE 01512,101512,,SYNTHETIC COMPANY 01512,1 Example Way,Nowhere,ZZ,00000,3115,2017,SYNTHETIC INDUSTRY,1,2,31,62770,1,0,1,0,0,7,0,1,0,0,0,0,0,,1/1/2024,2023
7514,SYNTHETIC SITE 01513,101513,,SYNTHETIC COMPANY 01513,1 Example Way,Nowhere,ZZ,00000,3115,2017,SYNTHETIC INDUSTRY,1,2,48,96109,1,0,1,1,1,7,4,3,0,0,0,0,0,,1/1/2024,2023
7515,SYNTHETIC SITE 01514,101514,,SYNTHETIC COMPANY 01514,1 Example Way,Nowhere,ZZ,00000,4451,2017,SYNTHETIC INDUSTRY,1,2,94,182465,2,0,0,0,0,0,0,0,0,0,0,0,0,,1/1/2024,2023
7516,SYNTHETIC SITE 01515,101515,,SYNTHETIC COMPANY 01515,1 Example Way,Nowhere,ZZ,00000,3252,2017,SYNTHETIC INDUSTRY,1,2,110,171404,2,0,0,0,0,0,0,0,0,0,0,0,0,,1/1/2024,2023
7517,SYNTHETIC SITE 01516,101516,,SYNTHETIC COMPANY 01516,1 Example Way,Nowhere,ZZ,00000,6221,2017,SYNTHETIC INDUSTRY,1,2,70,134474,1,0,1,1,3,7,4,5,0,0,0,0,0,,1/1/2024,2023
7518,SYNTHETIC SITE 01517,101517,,SYNTHETIC COMPANY 01517,1 Example Way,Nowhere,ZZ,00000,6221,2017,SYNTHETIC INDUSTRY,1,2,45,85343,1,0,3,0,0,21,0,3,0,0,0,0,0,,1/1/2024,2023
7519,SYNTHETIC SITE 01518,101518,,SYNTHETIC COMPANY 01518,1 Example Way,Nowhere,ZZ,00000,2361,2017,SYNTHETIC INDUSTRY,1,2,62,115588,2,0,0,0,0,0,0,0,0,0,0,0,0,,1/1/2024,2023
7520,SYNTHETIC SITE 01519,101519,,SYNTHETIC COMPANY 01519,1 Example Way,Nowhere,ZZ,00000,3328,2017,SYNTHETIC INDUSTRY,1,2,14,19797,2,0,0,0,0,0,0,0,0,0,0,0,0,,1/1/2024,2023
7521,SYNTHETIC SITE 01520,101520,,SYNTHETIC COMPANY 01520,1 Example Way,Nowhere,ZZ,00000,3252,2017,SYNTHETIC INDUSTRY,1,2,21,39681,2,0,0,0,0,0,0,0,0,0,0,0,0,,1/1/2024,2023
7522,SYNTHETIC SITE 01521,101521,,SYNTHETIC COMPANY 01521,1 Example Way,Nowhere,ZZ,00000,3115,2017,SYNTHETIC INDUSTRY,1,2,45,89929,2,0,0,0,0,0,0,0,0,0,0,0,0,,1/1/2024,2023
7523,SYNTHETIC SITE 01522,101522,,SYNTHETIC COMPANY 01522,1 Example Way,Nowhere,ZZ,00000,4451,2017,SYNTHETIC INDUSTRY,1,2,37,63410,2,0,0,0,0,0,0,0,0,0,0,0,0,,1/1/2024,2023
7524,SYNTHETIC SITE 01523,101523,,SYNTHETIC COMPANY 01523,1 Example Way,Nowhere,ZZ,00000,3251,2017,SYNTHETIC INDUSTRY,1,2,177,320638,1,0,2,1,1,14,4,4,0,0,0,0,0,,1/1/2024,2023
7525,SYNTHETIC SITE 01524,101524,,SYNTHETIC COMPANY 01524,1 Example Way,Nowhere,ZZ,00000,4841,2017,SYNTHETIC INDUSTRY,1,2,613,1094963,1,0,6,5,2,42,20,13,0,0,0,0,0,,1/1/2024,2023
7526,SYNTHETIC SITE 01525,101525,,SYNTHETIC COMPANY 01525,1 Example Way,Nowhere,ZZ,00000,4841,2017,SYNTHETIC INDUSTRY,1,2,35,68293,2,0,0,0,0,0,0,0,0,0,0,0,0,,1/1/2024,2023
7527,SYNTHETIC SITE 01526,101526,,SYNTHETIC COMPANY 01526,1 Example Way,Nowhere,ZZ,00000,6221,2017,SYNTHETIC INDUSTRY,1,2,56,102025,1,0,4,2,8,28,8,14,0,0,0,0,0,,1/1/2024,2023
7528,SYNTHETIC SITE 01527,101527,,SYNTHETIC COMPANY 01527,1 Example Way,Nowhere,ZZ,00000,4841,2017,SYNTHETIC INDUSTRY,1,2,17,25934,2,0,0,0,0,0,0,0,0,0,0,0,0,,1/1/2024,2023
7529,SYNTHETIC SITE 01528,101528,,SYNTHETIC COMPANY 01528,1 Example Way,Nowhere,ZZ,00000,3251,2017,SYNTHETIC INDUSTRY,1,2,314,548089,1,0,0,0,1,0,0,1,0,0,0,0,0,,1/1/2024,2023
7530,SYNTHETIC SITE 01529,101529,,SYNTHETIC COMPANY 01529,1 Example Way,Nowhere,ZZ,00000,3251,2017,SYNTHETIC INDUSTRY,1,2,27,39529,2,0,0,0,0,0,0,0,0,0,0,0,0,,1/1/2024,2023
7531,SYNTHETIC SITE 01530,101530,,SYNTHETIC COMPANY 01530,1 Example Way,Nowhere,ZZ,00000,6221,2017,SYNTHETIC INDUSTRY,1,2,84,162317,2,0,0,0,0,0,0,0,0,0,0,0,0,,1/1/2024,2023
7532,SYNTHETIC SITE 01531,101531,,SYNTHETIC COMPANY 01531,1 Example Way,Nowhere,ZZ,00000,3328,2017,SYNTHETIC INDUSTRY,1,2,177,325560,1,0,1,1,1,7,4,3,0,0,0,0,0,,1/1/2024,2023
7533,SYNTHETIC SITE 01532,101532,,SYNTHETIC COMPANY 01532,1 Example Way,Nowhere,ZZ,00000,3251,2017,SYNTHETIC INDUSTRY,1,2,80,174622,2,0,0,0,0,0,0,0,0,0,0,0,0,,1/1/2024,2023
7534,SYNTHETIC SITE 01533,101533,,SYNTHETIC COMPANY 01533,1 Example Way,Nowhere,ZZ,00000,3328,2017,SYNTHETIC INDUSTRY,1,2,5,7209,1,0,0,0,1,0,0,1,0,0,0,0,0,,1/1/2024,2023
7535,SYNTHETIC SITE 01534,101534,,SYNTHETIC COMPANY 01534,1 Example Way,Nowhere,ZZ,00000,6221,2017,SYNTHETIC INDUSTRY,1,2,618,1513218,1,0,1,1,1,7,4,3,0,0,0,0,0,,1/1/2024,2023
7536,SYNTHETIC SITE 01535,101535,,SYNTHETIC COMPANY 01535,1 Example Way,Nowhere,ZZ,00000,2361,2017,SYNTHETIC INDUSTRY,1,2,22,33196,2,0,0,0,0,0,0,0,0,0,0,0,0,,1/1/2024,2023
7537,SYNTHETIC SITE 01536,101536,,SYNTHETIC COMPANY 01536,1 Example Way,Nowhere,ZZ,00000,3251,2017,SYNTHETIC INDUSTRY,1,2,810,1493349,1,0,37,24,43,259,96,104,0,0,0,0,0,,1/1/2024,2023
7538,SYNTHETIC SITE 01537,101537,,SYNTHETIC COMPANY 01537,1 Example Way,Nowhere,ZZ,00000,2361,2017,SYNTHETIC INDUSTRY,1,2,130,266310,1,0,3,0,2,21,0,5,0,0,0,0,0,,1/1/2024,2023
7539,SYNTHETIC SITE 01538,101538,,SYNTHETIC COMPANY 01538,1 Example Way,Nowhere,ZZ,00000,3115,2017,SYNTHETIC INDUSTRY,1,2,375,787719,2,0,0,0,0,0,0,0,0,0,0,0,0,,1/1/2024,2023
7540,SYNTHETIC SITE 01539,101539,,SYNTHETIC COMPANY 01539,1 Example Way,Nowhere,ZZ,00000,3115,2017,SYNTHETIC INDUSTRY,1,2,119,264656,2,0,0,0,0,0,0,0,0,0,0,0,0,,1/1/2024,2023
7541,SYNTHETIC SITE 01540,101540,,SYNTHETIC COMPANY 01540,1 Example Way,Nowhere,ZZ,00000,3328,2017,SYNTHETIC INDUSTRY,1,2,225,351050,1,0,0,0,1,0,0,1,0,0,0,0,0,,1/1/2024,2023
7542,SYNTHETIC SITE 01541,101541,,SYNTHETIC COMPANY 01541,1 Example Way,Nowhere,ZZ,00000,4451,2017,SYNTHETIC INDUSTRY,1,2,243,436905,2,0,0,0,0,0,0,0,0,0,0,0,0,,1/1/2024,2023
7543,SYNTHETIC SITE 01542,101542,,SYNTHETIC COMPANY 01542,1 Example Way,Nowhere,ZZ,00000,6221,2017,SYNTHETIC INDUSTRY,1,2,3,6447,2,0,0,0,0,0,0,0,0,0,0,0,0,,1/1/2024,2023
7544,SYNTHETIC SITE 01543,101543,,SYNTHETIC COMPANY 01543,1 Example Way,Nowhere,ZZ,00000,3251,2017,SYNTHETIC INDUSTRY,1,2,188,342194,1,0,1,1,2,7,4,4,0,0,0,0,0,,1/1/2024,2023
7545,SYNTHETIC SITE 01544,101544,,SYNTHETIC COMPANY 01544,1 Example Way,Nowhere,ZZ,00000,3328,2017,SYNTHETIC INDUSTRY,1,2,2,3756,2,0,0,0,0,0,0,0,0,0,0,0,0,,1/1/2024,2023
7546,SYNTHETIC SITE 01545,101545,,SYNTHETIC COMPANY 01545,1 Example Way,Nowhere,ZZ,00000,6221,2017,SYNTHETIC INDUSTRY,1,2,7,13406,1,0,1,0,1,7,0,2,0,0,0,0,0,,1/1/2024,2023
7547,SYNTHETIC SITE 01546,101546,,SYNTHETIC COMPANY 01546,1 Example Way,Nowhere,ZZ,00000,3252,2017,SYNTHETIC INDUSTRY,1,2,13,27324,2,0,0,0,0,0,0,0,0,0,0,0,0,,1/1/2024,2023
7548,SYNTHETIC SITE 01547,101547,,SYNTHETIC COMPANY 01547,1 Example Way,Nowhere,ZZ,00000,4841,2017,SYNTHETIC INDUSTRY,1,2,12,21563,2,0,0,0,0,0,0,0,0,0,0,0,0,,1/1/2024,2023
7549,SYNTHETIC SITE 01548,101548,,SYNTHETIC COMPANY 01548,1 Example Way,Nowhere,ZZ,00000,4451,2017,SYNTHETIC INDUSTRY,1,2,12,22228,2,0,0,0,0,0,0,0,0,0,0,0,0,,1/1/2024,2023
7550,SYNTHETIC SITE 01549,101549,,SYNTHETIC COMPANY 01549,1 Example Way,Nowhere,ZZ,00000,2361,2017,SYNTHETIC INDUSTRY,1,2,79,139662,2,0,0,0,0,0,0,0,0,0,0,0,0,,1/1/2024,2023
7551,SYNTHETIC SITE 01550,101550,,SYNTHETIC COMPANY 01550,1 Example Way,Nowhere,ZZ,00000,3328,2017,SYNTHETIC INDUSTRY,1,2,166,328961,1,0,8,5,4,56,20,17,0,0,0,0,0,,1/1/2024,2023
7552,SYNTHETIC SITE 01551,101551,,SYNTHETIC COMPANY 01551,1 Example Way,Nowhere,ZZ,00000,4841,2017,SYNTHETIC INDUSTRY,1,2,41,6040500,2,0,0,0,0,0,0,0,0,0,0,0,0,,1/1/2024,2023
7553,SYNTHETIC SITE 01552,101552,,SYNTHETIC COMPANY 01552,1 Example Way,Nowhere,ZZ,00000,3115,2017,SYNTHETIC INDUSTRY,1,2,36,64323,2,0,0,0,0,0,0,0,0,0,0,0,0,,1/1/2024,2023
7554,SYNTHETIC SITE 01553,101553,,SYNTHETIC COMPANY 01553,1 Example Way,Nowhere,ZZ,00000,4451,2017,SYNTHETIC INDUSTRY,1,2,7,10749,2,0,0,0,0,0,0,0,0,0,0,0,0,,1/1/2024,2023
7555,SYNTHETIC SITE 01554,101554,,SYNTHETIC COMPANY 01554,1 Example Way,Nowhere,ZZ,00000,4841,2017,SYNTHETIC INDUSTRY,1,2,27,53054,1,0,1,0,0,7,0,1,0,0,0,0,0,,1/1/2024,2023
7556,SYNTHETIC SITE 01555,101555,,SYNTHETIC COMPANY 01555,1 Example Way,Nowhere,ZZ,00000,4841,2017,SYNTHETIC INDUSTRY,1,2,12,23766,1,0,0,1,0,0,4,1,0,0,0,0,0,,1/1/2024,2023
7557,SYNTHETIC SITE 01556,101556,,SYNTHETIC COMPANY 01556,1 Example Way,Nowhere,ZZ,00000,4841,2017,SYNTHETIC INDUSTRY,1,2,51,69164,2,0,0,0,0,0,0,0,0,0,0,0,0,,1/1/2024,2023
7558,SYNTHETIC SITE 01557,101557,,SYNTHETIC COMPANY 01557,1 Example Way,Nowhere,ZZ,00000,3115,2017,SYNTHETIC INDUSTRY,1,2,22,35461,2,0,0,0,0,0,0,0,0,0,0,0,0,,1/1/2024,2023
7559,SYNTHETIC SITE 01558,101558,,SYNTHETIC COMPANY 01558,1 Example Way,Nowhere,ZZ,00000,3251,2017,SYNTHETIC INDUSTRY,1,2,203,363526,1,0,0,1,1,0,4,2,0,0,0,0,0,,1/1/2024,2023
7560,SYNTHETIC SITE 01559,101559,,SYNTHETIC COMPANY 01559,1 Example Way,Nowhere,ZZ,00000,3252,2017,SYNTHETIC INDUSTRY,1,2,40,78384,2,0,0,0,0,0,0,0,0,0,0,0,0,,1/1/2024,2023
7561,SYNTHETIC SITE 01560,101560,,SYNTHETIC COMPANY 01560,1 Example Way,Nowhere,ZZ,00000,4451,2017,SYNTHETIC INDUSTRY,1,2,18,40196,2,0,0,0,0,0,0,0,0,0,0,0,0,,1/1/2024,2023
7562,SYNTHETIC SITE 01561,101561,,SYNTHETIC COMPANY 01561,1 Example Way,Nowhere,ZZ,00000,3251,2017,SYNTHETIC INDUSTRY,1,2,8,19341,1,0,1,0,0,7,0,1,0,0,0,0,0,,1/1/2024,2023
7563,SYNTHETIC SITE 01562,101562,,SYNTHETIC COMPANY 01562,1 Example Way,Nowhere,ZZ,00000,4451,2017,SYNTHETIC INDUSTRY,1,2,205,377296,1,0,7,2,4,49,8,13,0,0,0,0,0,,1/1/2024,2023
7564,SYNTHETIC SITE 01563,101563,,SYNTHETIC COMPANY 01563,1 Example Way,Nowhere,ZZ,00000,4841,2017,SYNTHETIC INDUSTRY,1,2,120,233648,2,0,0,0,0,0,0,0,0,0,0,0,0,,1/1/2024,2023
7565,SYNTHETIC SITE 01564,101564,,SYNTHETIC COMPANY 01564,1 Example Way,Nowhere,ZZ,00000,2361,2017,SYNTHETIC INDUSTRY,1,2,27,44086,2,0,0,0,0,0,0,0,0,0,0,0,0,,1/1/2024,2023
7566,SYNTHETIC SITE 01565,101565,,SYNTHETIC COMPANY 01565,1 Example Way,Nowhere,ZZ,00000,4841,2017,SYNTHETIC INDUSTRY,1,2,404,649913,1,0,0,1,1,0,4,2,0,0,0,0,0,,1/1/2024,2023
7567,SYNTHETIC SITE 01566,101566,,SYNTHETIC COMPANY 01566,1 Example Way,Nowhere,ZZ,00000,3252,2017,SYNTHETIC INDUSTRY,1,2,10,18547,2,0,0,0,0,0,0,0,0,0,0,0,0,,1/1/2024,2023
7568,SYNTHETIC SITE 01567,101567,,SYNTHETIC COMPANY 01567,1 Example Way,Nowhere,ZZ,00000,3251,2017,SYNTHETIC INDUSTRY,1,2,20,37799,2,0,0,0,0,0,0,0,0,0,0,0,0,,1/1/2024,2023
7569,SYNTHETIC SITE 01568,101568,,SYNTHETIC COMPANY 01568,1 Example Way,Nowhere,ZZ,00000,2361,2017,SYNTHETIC INDUSTRY,1,2,16,28284,2,0,0,0,0,0,0,0,0,0,0,0,0,,1/1/2024,2023
7570,SYNTHETIC SITE 01569,101569,,SYNTHETIC COMPANY 01569,1 Example Way,Nowhere,ZZ,00000,6221,2017,SYNTHETIC INDUSTRY,1,2,101,176186,1,0,2,0,3,14,0,5,0,0,0,0,0,,1/1/2024,2023
7571,SYNTHETIC SITE 01570,101570,,SYNTHETIC COMPANY 01570,1 Example Way,Nowhere,ZZ,00000,4841,2017,SYNTHETIC INDUSTRY,1,2,521,987767,1,0,1,1,2,7,4,4,0,0,0,0,0,,1/1/2024,2023
7572,SYNTHETIC SITE 01571,101571,,SYNTHETIC COMPANY 01571,1 Example Way,Nowhere,ZZ,00000,4451,2017,SYNTHETIC INDUSTRY,1,2,43,78675,2,0,0,0,0,0,0,0,0,0,0,0,0,,1/1/2024,2023
7573,SYNTHETIC SITE 01572,101572,,SYNTHETIC COMPANY 01572,1 Example Way,Nowhere,ZZ,00000,2361,2017,SYNTHETIC INDUSTRY,1,2,168,267208,1,0,0,3,2,0,12,5,0,0,0,0,0,,1/1/2024,2023
7574,SYNTHETIC SITE 01573,101573,,SYNTHETIC COMPANY 01573,1 Example Way,Nowhere,ZZ,00000,3251,2017,SYNTHETIC INDUSTRY,1,2,29,48291,2,0,0,0,0,0,0,0,0,0,0,0,0,,1/1/2024,2023
7575,SYNTHETIC SITE 01574,101574,,SYNTHETIC COMPANY 01574,1 Example Way,Nowhere,ZZ,00000,4451,2017,SYNTHETIC INDUSTRY,1,2,55,103317,2,0,0,0,0,0,0,0,0,0,0,0,0,,1/1/2024,2023
7576,SYNTHETIC SITE 01575,101575,,SYNTHETIC COMPANY 01575,1 Example Way,Nowhere,ZZ,00000,6221,2017,SYNTHETIC INDUSTRY,1,2,34,62085,2,0,0,0,0,0,0,0,0,0,0,0,0,,1/1/2024,2023
7577,SYNTHETIC SITE 01576,101576,,SYNTHETIC COMPANY 01576,1 Example Way,Nowhere,ZZ,00000,4451,2017,SYNTHETIC INDUSTRY,1,2,205,304568,2,0,0,0,0,0,0,0,0,0,0,0,0,,1/1/2024,2023
7578,SYNTHETIC SITE 01577,101577,,SYNTHETIC COMPANY 01577,1 Example Way,Nowhere,ZZ,00000,3251,2017,SYNTHETIC INDUSTRY,1,2,7,10780,2,0,0,0,0,0,0,0,0,0,0,0,0,,1/1/2024,2023
7579,SYNTHETIC SITE 01578,101578,,SYNTHETIC COMPANY 01578,1 Example Way,Nowhere,ZZ,00000,3115,2017,SYNTHETIC INDUSTRY,1,2,86,170183,1,0,4,2,5,28,8,11,0,0,0,0,0,,1/1/2024,2023
7580,SYNTHETIC SITE 01579,101579,,SYNTHETIC COMPANY 01579,1 Example Way,Nowhere,ZZ,00000,3328,2017,SYNTHETIC INDUSTRY,1,2,7,10563,2,0,0,0,0,0,0,0,0,0,0,0,0,,1/1/2024,2023
7581,SYNTHETIC SITE 01580,101580,,SYNTHETIC COMPANY 01580,1 Example Way,Nowhere,ZZ,00000,4451,2017,SYNTHETIC INDUSTRY,1,2,112,259587,2,0,0,0,0,0,0,0,0,0,0,0,0,,1/1/2024,2023
7582,SYNTHETIC SITE 01581,101581,,SYNTHETIC COMPANY 01581,1 Example Way,Nowhere,ZZ,00000,4451,2017,SYNTHETIC INDUSTRY,1,2,46,80667,1,0,0,1,1,0,4,2,0,0,0,0,0,,1/1/2024,2023
7583,SYNTHETIC SITE 01582,101582,,SYNTHETIC COMPANY 01582,1 Example Way,Nowhere,ZZ,00000,3252,2017,SYNTHETIC INDUSTRY,1,2,87,165153,2,0,0,0,0,0,0,0,0,0,0,0,0,,1/1/2024,2023
7584,SYNTHETIC SITE 01583,101583,,SYNTHETIC COMPANY 01583,1 Example Way,Nowhere,ZZ,00000,2361,2017,SYNTHETIC INDUSTRY,1,2,8,16321,2,0,0,0,0,0,0,0,0,0,0,0,0,,1/1/2024,2023
7585,SYNTHETIC SITE 01584,101584,,SYNTHETIC COMPANY 01584,1 Example Way,Nowhere,ZZ,00000,4841,2017,SYNTHETIC INDUSTRY,1,2,63,120173,1,0,0,1,1,0,4,2,0,0,0,0,0,,1/1/2024,2023
7586,SYNTHETIC SITE 01585,101585,,SYNTHETIC COMPANY 01585,1 Example Way,Nowhere,ZZ,00000,2361,2017,SYNTHETIC INDUSTRY,1,2,211,324530,2,0,0,0,0,0,0,0,0,0,0,0,0,,1/1/2024,2023
7587,SYNTHETIC SITE 01586,101586,,SYNTHETIC COMPANY 01586,1 Example Way,Nowhere,ZZ,00000,3328,2017,SYNTHETIC INDUSTRY,1,2,87,168073,1,0,1,1,0,7,4,2,0,0,0,0,0,,1/1/2024,2023
7588,SYNTHETIC SITE 01587,101587,,SYNTHETIC COMPANY 01587,1 Example Way,Nowhere,ZZ,00000,6221,2017,SYNTHETIC INDUSTRY,1,2,10,20865,2,0,0,0,0,0,0,0,0,0,0,0,0,,1/1/2024,2023
7589,SYNTHETIC SITE 01588,101588,,SYNTHETIC COMPANY 01588,1 Example Way,Nowhere,ZZ,00000,3328,2017,SYNTHETIC INDUSTRY,1,2,53,82530,2,0,0,0,0,0,0,0,0,0,0,0,0,,1/1/2024,2023
7590,SYNTHETIC SITE 01589,101589,,SYNTHETIC COMPANY 01589,1 Example Way,Nowhere,ZZ,00000,3252,2017,SYNTHETIC INDUSTRY,1,2,54,96951,2,0,0,0,0,0,0,0,0,0,0,0,0,,1/1/2024,2023
7591,SYNTHETIC SITE 01590,101590,,SYNTHETIC COMPANY 01590,1 Example Way,Nowhere,ZZ,00000,3251,2017,SYNTHETIC INDUSTRY,1,2,33,72582,1,0,0,2,0,0,8,2,0,0,0,0,0,,1/1/2024,2023
7592,SYNTHETIC SITE 01591,101591,,SYNTHETIC COMPANY 01591,1 Example Way,Nowhere,ZZ,00000,3115,2017,SYNTHETIC INDUSTRY,1,2,134,278615,2,0,0,0,0,0,0,0,0,0,0,0,0,,1/1/2024,2023
7593,SYNTHETIC SITE 01592,101592,,SYNTHETIC COMPANY 01592,1 Example Way,Nowhere,ZZ,00000,2361,2017,SYNTHETIC INDUSTRY,1,2,10,16740,2,0,0,0,0,0,0,0,0,0,0,0,0,,1/1/2024,2023
7594,SYNTHETIC SITE 01593,101593,,SYNTHETIC COMPANY 01593,1 Example Way,Nowhere,ZZ,00000,3251,2017,SYNTHETIC INDUSTRY,1,2,50,1017780,1,0,0,0,1,0,0,1,0,0,0,0,0,,1/1/2024,2023
7595,SYNTHETIC SITE 01594,101594,,SYNTHETIC COMPANY 01594,1 Example Way,Nowhere,ZZ,00000,2361,2017,SYNTHETIC INDUSTRY,1,2,527,938481,2,0,0,0,0,0,0,0,0,0,0,0,0,,1/1/2024,2023
7596,SYNTHETIC SITE 01595,101595,,SYNTHETIC COMPANY 01595,1 Example Way,Nowhere,ZZ,00000,3115,2017,SYNTHETIC INDUSTRY,1,2,109,205817,2,0,0,0,0,0,0,0,0,0,0,0,0,,1/1/2024,2023
7597,SYNTHETIC SITE 01596,101596,,SYNTHETIC COMPANY 01596,1 Example Way,Nowhere,ZZ,00000,4841,2017,SYNTHETIC INDUSTRY,1,2,27,43105,1,0,1,0,0,7,0,1,0,0,0,0,0,,1/1/2024,2023
7598,SYNTHETIC SITE 01597,101597,,SYNTHETIC COMPANY 01597,1 Example Way,Nowhere,ZZ,00000,4841,2017,SYNTHETIC INDUSTRY,1,2,88,175669,2,0,0,0,0,0,0,0,0,0,0,0,0,,1/1/2024,2023
7599,SYNTHETIC SITE 01598,101598,,SYNTHETIC COMPANY 01598,1 Example Way,Nowhere,ZZ,00000,3328,2017,SYNTHETIC INDUSTRY,1,2,80,174541,2,0,0,0,0,0,0,0,0,0,0,0,0,,1/1/2024,2023
7600,SYNTHETIC SITE 01599,101599,,SYNTHETIC COMPANY 01599,1 Example Way,Nowhere,ZZ,00000,3252,2017,SYNTHETIC INDUSTRY,1,2,11,19910,2,0,0,0,0,0,0,0,0,0,0,0,0,,1/1/2024,2023
7601,SYNTHETIC SITE 01600,101600,,SYNTHETIC COMPANY 01600,1 Example Way,Nowhere,ZZ,00000,2361,2017,SYNTHETIC INDUSTRY,1,2,66,113471,1,0,1,0,0,7,0,1,0,0,0,0,0,,1/1/2024,2023
7602,SYNTHETIC SITE 01601,101601,,SYNTHETIC COMPANY 01601,1 Example Way,Nowhere,ZZ,00000,2361,2017,SYNTHETIC INDUSTRY,1,2,119,237654,1,0,0,1,2,0,4,3,0,0,0,0,0,,1/1/2024,2023
7603,SYNTHETIC SITE 01602,101602,,SYNTHETIC COMPANY 01602,1 Example Way,Nowhere,ZZ,00000,3251,2017,SYNTHETIC INDUSTRY,1,2,125,20287000000,1,0,0,0,2,0,0,2,0,0,0,0,0,,1/1/2024,2023
7604,SYNTHETIC SITE 01603,101603,,SYNTHETIC COMPANY 01603,1 Example Way,Nowhere,ZZ,00000,3252,2017,SYNTHETIC INDUSTRY,1,2,29,45570,2,0,0,0,0,0,0,0,0,0,0,0,0,,1/1/2024,2023
7605,SYNTHETIC SITE 01604,101604,,SYNTHETIC COMPANY 01604,1 Example Way,Nowhere,ZZ,00000,6221,2017,SYNTHETIC INDUSTRY,1,2,45,91023,2,0,0,0,0,0,0,0,0,0,0,0,0,,1/1/2024,2023
7606,SYNTHETIC SITE 01605,101605,,SYNTHETIC COMPANY 01605,1 Example Way,Nowhere,ZZ,00000,3328,2017,SYNTHETIC INDUSTRY,1,2,339,523367,1,0,7,3,4,49,12,14,0,0,0,0,0,,1/1/2024,2023
7607,SYNTHETIC SITE 01606,101606,,SYNTHETIC COMPANY 01606,1 Example Way,Nowhere,ZZ,00000,4841,2017,SYNTHETIC INDUSTRY,1,2,39,73351,2,0,0,0,0,0,0,0,0,0,0,0,0,,1/1/2024,2023
7608,SYNTHETIC SITE 01607,101607,,SYNTHETIC COMPANY 01607,1 Example Way,Nowhere,ZZ,00000,3251,2017,SYNTHETIC INDUSTRY,1,2,794,1370196,1,0,6,11,8,42,44,25,0,0,0,0,0,,1/1/2024,2023
7609,SYNTHETIC SITE 01608,101608,,SYNTHETIC COMPANY 01608,1 Example Way,Nowhere,ZZ,00000,3328,2017,SYNTHETIC INDUSTRY,1,2,180,311647,2,0,0,0,0,0,0,0,0,0,0,0,0,,1/1/2024,2023
7610,SYNTHETIC SITE 01609,101609,,SYNTHETIC COMPANY 01609,1 Example Way,Nowhere,ZZ,00000,4841,2017,SYNTHETIC INDUSTRY,1,2,197,321602,2,0,0,0,0,0,0,0,0,0,0,0,0,,1/1/2024,2023
7611,SYNTHETIC SITE 01610,101610,,SYNTHETIC COMPANY 01610,1 Example Way,Nowhere,ZZ,00000,3115,2017,SYNTHETIC INDUSTRY,1,2,28,55022,1,0,2,1,0,14,4,3,0,0,0,0,0,,1/1/2024,2023
7612,SYNTHETIC SITE 01611,101611,,SYNTHETIC COMPANY 01611,1 Example Way,Nowhere,ZZ,00000,6221,2017,SYNTHETIC INDUSTRY,1,2,268,514981,1,0,2,2,4,14,8,8,0,0,0,0,0,,1/1/2024,2023
7613,SYNTHETIC SITE 01612,101612,,SYNTHETIC COMPANY 01612,1 Example Way,Nowhere,ZZ,00000,4451,2017,SYNTHETIC INDUSTRY,1,2,31,69973,1,0,1,1,0,7,4,2,0,0,0,0,0,,1/1/2024,2023
7614,SYNTHETIC SITE 01613,101613,,SYNTHETIC COMPANY 01613,1 Example Way,Nowhere,ZZ,00000,4451,2017,SYNTHETIC INDUSTRY,1,2,37,65570,2,0,0,0,0,0,0,0,0,0,0,0,0,,1/1/2024,2023
7615,SYNTHETIC SITE 01614,101614,,SYNTHETIC COMPANY 01614,1 Example Way,Nowhere,ZZ,00000,4451,2017,SYNTHETIC INDUSTRY,1,2,31,42377,2,0,0,0,0,0,0,0,0,0,0,0,0,,1/1/2024,2023
7616,SYNTHETIC SITE 01615,101615,,SYNTHETIC COMPANY 01615,1 Example Way,Nowhere,ZZ,00000,3328,2017,SYNTHETIC INDUSTRY,1,2,131,269168,2,0,0,0,0,0,0,0,0,0,0,0,0,,1/1/2024,2023
7617,SYNTHETIC SITE 01616,101616,,SYNTHETIC COMPANY 01616,1 Example Way,Nowhere,ZZ,00000,3328,2017,SYNTHETIC INDUSTRY,1,2,34,50783,1,0,1,0,0,7,0,1,0,0,0,0,0,,1/1/2024,2023
7618,SYNTHETIC SITE 01617,101617,,SYNTHETIC COMPANY 01617,1 Example Way,Nowhere,ZZ,00000,3251,2017,SYNTHETIC INDUSTRY,1,2,18,28314,2,0,0,0,0,0,0,0,0,0,0,0,0,,1/1/2024,2023
7619,SYNTHETIC SITE 01618,101618,,SYNTHETIC COMPANY 01618,1 Example Way,Nowhere,ZZ,00000,6221,2017,SYNTHETIC INDUSTRY,1,2,51,91820,1,0,2,0,1,14,0,3,0,0,0,0,0,,1/1/2024,2023
7620,SYNTHETIC SITE 01619,101619,,SYNTHETIC COMPANY 01619,1 Example Way,Nowhere,ZZ,00000,3115,2017,SYNTHETIC INDUSTRY,1,2,334,529561,2,0,0,0,0,0,0,0,0,0,0,0,0,,1/1/2024,2023
7621,SYNTHETIC SITE 01620,101620,,SYNTHETIC COMPANY 01620,1 Example Way,Nowhere,ZZ,00000,4841,2017,SYNTHETIC INDUSTRY,1,2,71,129268,1,0,0,1,5,0,4,6,0,0,0,0,0,,1/1/2024,2023
7622,SYNTHETIC SITE 01621,101621,,SYNTHETIC COMPANY 01621,1 Example Way,Nowhere,ZZ,00000,3115,2017,SYNTHETIC INDUSTRY,1,2,30,54196,2,0,0,0,0,0,0,0,0,0,0,0,0,,1/1/2024,2023
7623,SYNTHETIC SITE 01622,101622,,SYNTHETIC COMPANY 01622,1 Example Way,Nowhere,ZZ,00000,4841,2017,SYNTHETIC INDUSTRY,1,2,5,10702,2,0,0,0,0,0,0,0,0,0,0,0,0,,1/1/2024,2023
7624,SYNTHETIC SITE 01623,101623,,SYNTHETIC COMPANY 01623,1 Example Way,Nowhere,ZZ,00000,3252,2017,SYNTHETIC INDUSTRY,1,2,125,192361,1,0,1,0,0,7,0,1,0,0,0,0,0,,1/1/2024,2023
7625,SYNTHETIC SITE 01624,101624,,SYNTHETIC COMPANY 01624,1 Example Way,Nowhere,ZZ,00000,3115,2017,SYNTHETIC INDUSTRY,1,2,9,21791,2,0,0,0,0,0,0,0,0,0,0,0,0,,1/1/2024,2023
7626,SYNTHETIC SITE 01625,101625,,SYNTHETIC COMPANY 01625,1 Example Way,Nowhere,ZZ,00000,3328,2017,SYNTHETIC INDUSTRY,1,2,82,170835,2,0,0,0,0,0,0,0,0,0,0,0,0,,1/1/2024,2023
7627,SYNTHETIC SITE 01626,101626,,SYNTHETIC COMPANY 01626,1 Example Way,Nowhere,ZZ,00000,4841,2017,SYNTHETIC INDUSTRY,1,2,4,5711,2,0,0,0,0,0,0,0,0,0,0,0,0,,1/1/2024,2023
7628,SYNTHETIC SITE 01627,101627,,SYNTHETIC COMPANY 01627,1 Example Way,Nowhere,ZZ,00000,4841,2017,SYNTHETIC INDUSTRY,1,2,10,15215,2,0,0,0,0,0,0,0,0,0,0,0,0,,1/1/2024,2023
7629,SYNTHETIC SITE 01628,101628,,SYNTHETIC COMPANY 01628,1 Example Way,Nowhere,ZZ,00000,6221,2017,SYNTHETIC INDUSTRY,1,2,10,15480,2,0,0,0,0,0,0,0,0,0,0,0,0,,1/1/2024,2023
7630,SYNTHETIC SITE 01629,101629,,SYNTHETIC COMPANY 01629,1 Example Way,Nowhere,ZZ,00000,3328,2017,SYNTHETIC INDUSTRY,1,2,155,372584,1,0,2,1,2,14,4,5,0,0,0,0,0,,1/1/2024,2023
7631,SYNTHETIC SITE 01630,101630,,SYNTHETIC COMPANY 01630,1 Example Way,Nowhere,ZZ,00000,6221,2017,SYNTHETIC INDUSTRY,1,2,28,41144,2,0,0,0,0,0,0,0,0,0,0,0,0,,1/1/2024,2023
7632,SYNTHETIC SITE 01631,101631,,SYNTHETIC COMPANY 01631,1 Example Way,Nowhere,ZZ,00000,2361,2017,SYNTHETIC INDUSTRY,1,2,55,122687,1,0,0,0,4,0,0,4,0,0,0,0,0,,1/1/2024,2023
7633,SYNTHETIC SITE 01632,101632,,SYNTHETIC COMPANY 01632,1 Example Way,Nowhere,ZZ,00000,3252,2017,SYNTHETIC INDUSTRY,1,2,6,8527,2,0,0,0,0,0,0,0,0,0,0,0,0,,1/1/2024,2023
7634,SYNTHETIC SITE 01633,101633,,SYNTHETIC COMPANY 01633,1 Example Way,Nowhere,ZZ,00000,3251,2017,SYNTHETIC INDUSTRY,1,2,118,191663,2,0,0,0,0,0,0,0,0,0,0,0,0,,1/1/2024,2023
7635,SYNTHETIC SITE 01634,101634,,SYNTHETIC COMPANY 01634,1 Example Way,Nowhere,ZZ,00000,4451,2017,SYNTHETIC INDUSTRY,1,2,50,109219,1,0,2,1,1,14,4,4,0,0,0,0,0,,1/1/2024,2023
7636,SYNTHETIC SITE 01635,101635,,SYNTHETIC COMPANY 01635,1 Example Way,Nowhere,ZZ,00000,6221,2017,SYNTHETIC INDUSTRY,1,2,9,15514,2,0,0,0,0,0,0,0,0,0,0,0,0,,1/1/2024,2023
7637,SYNTHETIC SITE 01636,101636,,SYNTHETIC COMPANY 01636,1 Example Way,Nowhere,ZZ,00000,2361,2017,SYNTHETIC INDUSTRY,1,2,104,178974,1,0,0,3,5,0,12,8,0,0,0,0,0,,1/1/2024,2023
7638,SYNTHETIC SITE 01637,101637,,SYNTHETIC COMPANY 01637,1 Example Way,Nowhere,ZZ,00000,2361,2017,SYNTHETIC INDUSTRY,1,2,23,37614,1,0,1,1,0,7,4,2,0,0,0,0,0,,1/1/2024,2023
7639,SYNTHETIC SITE 01638,101638,,SYNTHETIC COMPANY 01638,1 Example Way,Nowhere,ZZ,00000,3251,2017,SYNTHETIC INDUSTRY,1,2,17,24695,2,0,0,0,0,0,0,0,0,0,0,0,0,,1/1/2024,2023
7640,SYNTHETIC SITE 01639,101639,,SYNTHETIC COMPANY 01639,1 Example Way,Nowhere,ZZ,00000,4451,2017,SYNTHETIC INDUSTRY,1,2,57,102737,1,0,1,1,0,7,4,2,0,0,0,0,0,,1/1/2024,2023
7641,SYNTHETIC SITE 01640,101640,,SYNTHETIC COMPANY 01640,1 Example Way,Nowhere,ZZ,00000,4841,2017,SYNTHETIC INDUSTRY,1,2,101,194290,2,0,0,0,0,0,0,0,0,0,0,0,0,,1/1/2024,2023
7642,SYNTHETIC SITE 01641,101641,,SYNTHETIC COMPANY 01641,1 Example Way,Nowhere,ZZ,00000,3252,2017,SYNTHETIC INDUSTRY,1,2,15,29331,2,0,0,0,0,0,0,0,0,0,0,0,0,,1/1/2024,2023
7643,SYNTHETIC SITE 01642,101642,,SYNTHETIC COMPANY 01642,1 Example Way,Nowhere,ZZ,00000,4841,2017,SYNTHETIC INDUSTRY,1,2,19,41161,1,0,1,0,1,7,0,2,0,0,0,0,0,,1/1/2024,2023
7644,SYNTHETIC SITE 01643,101643,,SYNTHETIC COMPANY 01643,1 Example Way,Nowhere,ZZ,00000,4841,2017,SYNTHETIC INDUSTRY,1,2,71,162988,2,0,0,0,0,0,0,0,0,0,0,0,0,,1/1/2024,2023
7645,SYNTHETIC SITE 01644,101644,,SYNTHETIC COMPANY 01644,1 Example Way,Nowhere,ZZ,00000,4451,2017,SYNTHETIC INDUSTRY,1,2,12,27305,2,0,0,0,0,0,0,0,0,0,0,0,0,,1/1/2024,2023
7646,SYNTHETIC SITE 01645,101645,,SYNTHETIC COMPANY 01645,1 Example Way,Nowhere,ZZ,00000,2361,2017,SYNTHETIC INDUSTRY,1,2,15,28747,2,0,0,0,0,0,0,0,0,0,0,0,0,,1/1/2024,2023
7647,SYNTHETIC SITE 01646,101646,,SYNTHETIC COMPANY 01646,1 Example Way,Nowhere,ZZ,00000,6221,2017,SYNTHETIC INDUSTRY,1,2,64,101843,2,0,0,0,0,0,0,0,0,0,0,0,0,,1/1/2024,2023
7648,SYNTHETIC SITE 01647,101647,,SYNTHETIC COMPANY 01647,1 Example Way,Nowhere,ZZ,00000,4451,2017,SYNTHETIC INDUSTRY,1,2,51,88745,2,0,0,0,0,0,0,0,0,0,0,0,0,,1/1/2024,2023
7649,SYNTHETIC SITE 01648,101648,,SYNTHETIC COMPANY 01648,1 Example Way,Nowhere,ZZ,00000,3252,2017,SYNTHETIC INDUSTRY,1,2,6,9994,2,0,0,0,0,0,0,0,0,0,0,0,0,,1/1/2024,2023
7650,SYNTHETIC SITE 01649,101649,,SYNTHETIC COMPANY 01649,1 Example Way,Nowhere,ZZ,00000,3115,2017,SYNTHETIC INDUSTRY,1,2,225,407585,2,0,0,0,0,0,0,0,0,0,0,0,0,,1/1/2024,2023
7651,SYNTHETIC SITE 01650,101650,,SYNTHETIC COMPANY 01650,1 Example Way,Nowhere,ZZ,00000,2361,2017,SYNTHETIC INDUSTRY,1,2,6,8995,2,0,0,0,0,0,0,0,0,0,0,0,0,,1/1/2024,2023
7652,SYNTHETIC SITE 01651,101651,,SYNTHETIC COMPANY 01651,1 Example Way,Nowhere,ZZ,00000,3115,2017,SYNTHETIC INDUSTRY,1,2,25,47516,2,0,0,0,0,0,0,0,0,0,0,0,0,,1/1/2024,2023
7653,SYNTHETIC SITE 01652,101652,,SYNTHETIC COMPANY 01652,1 Example Way,Nowhere,ZZ,00000,3115,2017,SYNTHETIC INDUSTRY,1,2,52,70933,2,0,0,0,0,0,0,0,0,0,0,0,0,,1/1/2024,2023
7654,SYNTHETIC SITE 01653,101653,,SYNTHETIC COMPANY 01653,1 Example Way,Nowhere,ZZ,00000,3252,2017,SYNTHETIC INDUSTRY,1,2,1,1899,2,0,0,0,0,0,0,0,0,0,0,0,0,,1/1/2024,2023
7655,SYNTHETIC SITE 01654,101654,,SYNTHETIC COMPANY 01654,1 Example Way,Nowhere,ZZ,00000,4841,2017,SYNTHETIC INDUSTRY,1,2,98,170986,2,0,0,0,0,0,0,0,0,0,0,0,0,,1/1/2024,2023
7656,SYNTHETIC SITE 01655,101655,,SYNTHETIC COMPANY 01655,1 Example Way,Nowhere,ZZ,00000,3252,2017,SYNTHETIC INDUSTRY,1,2,14,24087,1,0,0,0,1,0,0,1,0,0,0,0,0,,1/1/2024,2023
7657,SYNTHETIC SITE 01656,101656,,SYNTHETIC COMPANY 01656,1 Example Way,Nowhere,ZZ,00000,4451,2017,SYNTHETIC INDUSTRY,1,2,16,28863,1,0,0,0,1,0,0,1,0,0,0,0,0,,1/1/2024,2023
7658,SYNTHETIC SITE 01657,101657,,SYNTHETIC COMPANY 01657,1 Example Way,Nowhere,ZZ,00000,3251,2017,SYNTHETIC INDUSTRY,1,2,29,51577,2,0,0,0,0,0,0,0,0,0,0,0,0,,1/1/2024,2023
7659,SYNTHETIC SITE 01658,101658,,SYNTHETIC COMPANY 01658,1 Example Way,Nowhere,ZZ,00000,4841,2017,SYNTHETIC INDUSTRY,1,2,202,457106,2,0,0,0,0,0,0,0,0,0,0,0,0,,1/1/2024,2023
7660,SYNTHETIC SITE 01659,101659,,SYNTHETIC COMPANY 01659,1 Example Way,Nowhere,ZZ,00000,3252,2017,SYNTHETIC INDUSTRY,1,2,22,44817,2,0,0,0,0,0,0,0,0,0,0,0,0,,1/1/2024,2023
7661,SYNTHETIC SITE 01660,101660,,SYNTHETIC COMPANY 01660,1 Example Way,Nowhere,ZZ,00000,6221,2017,SYNTHETIC INDUSTRY,1,2,2,3029,2,0,0,0,0,0,0,0,0,0,0,0,0,,1/1/2024,2023
7662,SYNTHETIC SITE 01661,101661,,SYNTHETIC COMPANY 01661,1 Example Way,Nowhere,ZZ,00000,4451,2017,SYNTHETIC INDUSTRY,1,2,72,154581,1,0,0,0,1,0,0,1,0,0,0,0,0,,1/1/2024,2023
7663,SYNTHETIC SITE 01662,101662,,SYNTHETIC COMPANY 01662,1 Example Way,Nowhere,ZZ,00000,3115,2017,SYNTHETIC INDUSTRY,1,2,24,45331,1,0,0,0,1,0,0,1,0,0,0,0,0,,1/1/2024,2023
7664,SYNTHETIC SITE 01663,101663,,SYNTHETIC COMPANY 01663,1 Example Way,Nowhere,ZZ,00000,3328,2017,SYNTHETIC INDUSTRY,1,2,7,14365,2,0,0,0,0,0,0,0,0,0,0,0,0,,1/1/2024,2023
7665,SYNTHETIC SITE 01664,101664,,SYNTHETIC COMPANY 01664,1 Example Way,Nowhere,ZZ,00000,3328,2017,SYNTHETIC INDUSTRY,1,2,9,17208,2,0,0,0,0,0,0,0,0,0,0,0,0,,1/1/2024,2023
7666,SYNTHETIC SITE 01665,101665,,SYNTHETIC COMPANY 01665,1 Example Way,Nowhere,ZZ,00000,2361,2017,SYNTHETIC INDUSTRY,1,2,138,199975,1,0,0,0,1,0,0,1,0,0,0,0,0,,1/1/2024,2023
7667,SYNTHETIC SITE 01666,101666,,SYNTHETIC COMPANY 01666,1 Example Way,Nowhere,ZZ,00000,3251,2017,SYNTHETIC INDUSTRY,1,2,213,350483,1,0,2,2,11,14,8,15,0,0,0,0,0,,1/1/2024,2023
7668,SYNTHETIC SITE 01667,101667,,SYNTHETIC COMPANY 01667,1 Example Way,Nowhere,ZZ,00000,3328,2017,SYNTHETIC INDUSTRY,1,2,20,44619,1,0,1,0,1,7,0,2,0,0,0,0,0,,1/1/2024,2023
7669,SYNTHETIC SITE 01668,101668,,SYNTHETIC COMPANY 01668,1 Example Way,Nowhere,ZZ,00000,3251,2017,SYNTHETIC INDUSTRY,1,2,59,107493,1,0,2,1,4,14,4,7,0,0,0,0,0,,1/1/2024,2023
7670,SYNTHETIC SITE 01669,101669,,SYNTHETIC COMPANY 01669,1 Example Way,Nowhere,ZZ,00000,3328,2017,SYNTHETIC INDUSTRY,1,2,120,265081,1,0,1,0,0,7,0,1,0,0,0,0,0,,1/1/2024,2023
7671,SYNTHETIC SITE 01670,101670,,SYNTHETIC COMPANY 01670,1 Example Way,Nowhere,ZZ,00000,3328,2017,SYNTHETIC INDUSTRY,1,2,16,41785,1,0,0,0,1,0,0,1,0,0,0,0,0,,1/1/2024,2023
7672,SYNTHETIC SITE 01671,101671,,SYNTHETIC COMPANY 01671,1 Example Way,Nowhere,ZZ,00000,3115,2017,SYNTHETIC INDUSTRY,1,2,41,78771,1,0,0,1,0,0,4,1,0,0,0,0,0,,1/1/2024,2023
7673,SYNTHETIC SITE 01672,101672,,SYNTHETIC COMPANY 01672,1 Example Way,Nowhere,ZZ,00000,4451,2017,SYNTHETIC INDUSTRY,1,2,135,191368,1,0,0,0,2,0,0,2,0,0,0,0,0,,1/1/2024,2023
7674,SYNTHETIC SITE 01673,101673,,SYNTHETIC COMPANY 01673,1 Example Way,Nowhere,ZZ,00000,3251,2017,SYNTHETIC INDUSTRY,1,2,107,203672,1,0,2,1,3,14,4,6,0,0,0,0,0,,1/1/2024,2023
7675,SYNTHETIC SITE 01674,101674,,SYNTHETIC COMPANY 01674,1 Example Way,Nowhere,ZZ,00000,4451,2017,SYNTHETIC INDUSTRY,1,2,58,102338,1,0,1,1,2,7,4,4,0,0,0,0,0,,1/1/2024,2023
7676,SYNTHETIC SITE 01675,101675,,SYNTHETIC COMPANY 01675,1 Example Way,Nowhere,ZZ,00000,2361,2017,SYNTHETIC INDUSTRY,1,2,24,43182,2,0,0,0,0,0,0,0,0,0,0,0,0,,1/1/2024,2023
7677,SYNTHETIC SITE 01676,101676,,SYNTHETIC COMPANY 01676,1 Example Way,Nowhere,ZZ,00000,3328,2017,SYNTHETIC INDUSTRY,1,2,146,348141,2,0,0,0,0,0,0,0,0,0,0,0,0,,1/1/2024,2023
7678,SYNTHETIC SITE 01677,101677,,SYNTHETIC COMPANY 01677,1 Example Way,Nowhere,ZZ,00000,6221,2017,SYNTHETIC INDUSTRY,1,2,203,444823,2,0,0,0,0,0,0,0,0,0,0,0,0,,1/1/2024,2023
7679,SYNTHETIC SITE 01678,101678,,SYNTHETIC COMPANY 01678,1 Example Way,Nowhere,ZZ,00000,3115,2017,SYNTHETIC INDUSTRY,1,2,125,197817,1,0,2,3,2,14,12,7,0,0,0,0,0,,1/1/2024,2023
7680,SYNTHETIC SITE 01679,101679,,SYNTHETIC COMPANY 01679,1 Example Way,Nowhere,ZZ,00000,3115,2017,SYNTHETIC INDUSTRY,1,2,46,89780,1,0,0,0,1,0,0,1,0,0,0,0,0,,1/1/2024,2023
7681,SYNTHETIC SITE 01680,101680,,SYNTHETIC COMPANY 01680,1 Example Way,Nowhere,ZZ,00000,2361,2017,SYNTHETIC INDUSTRY,1,2,31,56650,2,0,0,0,0,0,0,0,0,0,0,0,0,,1/1/2024,2023
7682,SYNTHETIC SITE 01681,101681,,SYNTHETIC COMPANY 01681,1 Example Way,Nowhere,ZZ,00000,3251,2017,SYNTHETIC INDUSTRY,1,2,202,278929,1,0,1,1,2,7,4,4,0,0,0,0,0,,1/1/2024,2023
7683,SYNTHETIC SITE 01682,101682,,SYNTHETIC COMPANY 01682,1 Example Way,Nowhere,ZZ,00000,6221,2017,SYNTHETIC INDUSTRY,1,2,10,20995,2,0,0,0,0,0,0,0,0,0,0,0,0,,1/1/2024,2023
7684,SYNTHETIC SITE 01683,101683,,SYNTHETIC COMPANY 01683,1 Example Way,Nowhere,ZZ,00000,3251,2017,SYNTHETIC INDUSTRY,1,2,109,150415,2,0,0,0,0,0,0,0,0,0,0,0,0,,1/1/2024,2023
7685,SYNTHETIC SITE 01684,101684,,SYNTHETIC COMPANY 01684,1 Example Way,Nowhere,ZZ,00000,2361,2017,SYNTHETIC INDUSTRY,1,2,181,313558,1,0,2,2,3,14,8,7,0,0,0,0,0,,1/1/2024,2023
7686,SYNTHETIC SITE 01685,101685,,SYNTHETIC COMPANY 01685,1 Example Way,Nowhere,ZZ,00000,3328,2017,SYNTHETIC INDUSTRY,1,2,90,191480,1,0,1,0,0,7,0,1,0,0,0,0,0,,1/1/2024,2023
7687,SYNTHETIC SITE 01686,101686,,SYNTHETIC COMPANY 01686,1 Example Way,Nowhere,ZZ,00000,3328,2017,SYNTHETIC INDUSTRY,1,2,105,190619,1,0,1,0,0,7,0,1,0,0,0,0,0,,1/1/2024,2023
7688,SYNTHETIC SITE 01687,101687,,SYNTHETIC COMPANY 01687,1 Example Way,Nowhere,ZZ,00000,4451,2017,SYNTHETIC INDUSTRY,1,2,35,71632,1,0,1,0,0,7,0,1,0,0,0,0,0,,1/1/2024,2023
7689,SYNTHETIC SITE 01688,101688,,SYNTHETIC COMPANY 01688,1 Example Way,Nowhere,ZZ,00000,3252,2017,SYNTHETIC INDUSTRY,1,2,26,46529,2,0,0,0,0,0,0,0,0,0,0,0,0,,1/1/2024,2023
7690,SYNTHETIC SITE 01689,101689,,SYNTHETIC COMPANY 01689,1 Example Way,Nowhere,ZZ,00000,2361,2017,SYNTHETIC INDUSTRY,1,2,116,197535,1,0,1,2,0,7,8,3,0,0,0,0,0,,1/1/2024,2023
7691,SYNTHETIC SITE 01690,101690,,SYNTHETIC COMPANY 01690,1 Example Way,Nowhere,ZZ,00000,4841,2017,SYNTHETIC INDUSTRY,1,2,120,189051,1,0,3,2,4,21,8,9,0,0,0,0,0,,1/1/2024,2023
7692,SYNTHETIC SITE 01691,101691,,SYNTHETIC COMPANY 01691,1 Example Way,Nowhere,ZZ,00000,6221,2017,SYNTHETIC INDUSTRY,1,2,45,110692,2,0,0,0,0,0,0,0,0,0,0,0,0,,1/1/2024,2023
7693,SYNTHETIC SITE 01692,101692,,SYNTHETIC COMPANY 01692,1 Example Way,Nowhere,ZZ,00000,4451,2017,SYNTHETIC INDUSTRY,1,2,27,61034,1,0,1,0,1,7,0,2,0,0,0,0,0,,1/1/2024,2023
7694,SYNTHETIC SITE 01693,101693,,SYNTHETIC COMPANY 01693,1 Example Way,Nowhere,ZZ,00000,3115,2017,SYNTHETIC INDUSTRY,1,2,2,4603,2,0,0,0,0,0,0,0,0,0,0,0,0,,1/1/2024,2023
7695,SYNTHETIC SITE 01694,101694,,SYNTHETIC COMPANY 01694,1 Example Way,Nowhere,ZZ,00000,4841,2017,SYNTHETIC INDUSTRY,1,2,37,64176,2,0,0,0,0,0,0,0,0,0,0,0,0,,1/1/2024,2023
7696,SYNTHETIC SITE 01695,101695,,SYNTHETIC COMPANY 01695,1 Example Way,Nowhere,ZZ,00000,3251,2017,SYNTHETIC INDUSTRY,1,2,73,171254,1,0,1,2,0,7,8,3,0,0,0,0,0,,1/1/2024,2023
7697,SYNTHETIC SITE 01696,101696,,SYNTHETIC COMPANY 01696,1 Example Way,Nowhere,ZZ,00000,3328,2017,SYNTHETIC INDUSTRY,1,2,12,21095,2,0,0,0,0,0,0,0,0,0,0,0,0,,1/1/2024,2023
7698,SYNTHETIC SITE 01697,101697,,SYNTHETIC COMPANY 01697,1 Example Way,Nowhere,ZZ,00000,3115,2017,SYNTHETIC INDUSTRY,1,2,180,281276,1,0,3,2,2,21,8,7,0,0,0,0,0,,1/1/2024,2023
7699,SYNTHETIC SITE 01698,101698,,SYNTHETIC COMPANY 01698,1 Example Way,Nowhere,ZZ,00000,3328,2017,SYNTHETIC INDUSTRY,1,2,56,98111,1,0,1,1,5,7,4,7,0,0,0,0,0,,1/1/2024,2023
7700,SYNTHETIC SITE 01699,101699,,SYNTHETIC COMPANY 01699,1 Example Way,Nowhere,ZZ,00000,3252,2017,SYNTHETIC INDUSTRY,1,2,18,33304,2,0,0,0,0,0,0,0,0,0,0,0,0,,1/1/2024,2023
7701,SYNTHETIC SITE 01700,101700,,SYNTHETIC COMPANY 01700,1 Example Way,Nowhere,ZZ,00000,3251,2017,SYNTHETIC INDUSTRY,1,2,177,349877,1,0,7,3,7,49,12,17,0,0,0,0,0,,1/1/2024,2023
7702,SYNTHETIC SITE 01701,101701,,SYNTHETIC COMPANY 01701,1 Example Way,Nowhere,ZZ,00000,3252,2017,SYNTHETIC INDUSTRY,1,2,124,263929,2,0,0,0,0,0,0,0,0,0,0,0,0,,1/1/2024,2023
7703,SYNTHETIC SITE 01702,101702,,SYNTHETIC COMPANY 01702,1 Example Way,Nowhere,ZZ,00000,6221,2017,SYNTHETIC INDUSTRY,1,2,33,49526,2,0,0,0,0,0,0,0,0,0,0,0,0,,1/1/2024,2023
7704,SYNTHETIC SITE 01703,101703,,SYNTHETIC COMPANY 01703,1 Example Way,Nowhere,ZZ,00000,3251,2017,SYNTHETIC INDUSTRY,1,2,139,320736,2,0,0,0,0,0,0,0,0,0,0,0,0,,1/1/2024,2023
7705,SYNTHETIC SITE 01704,101704,,SYNTHETIC COMPANY 01704,1 Example Way,Nowhere,ZZ,00000,4841,2017,SYNTHETIC INDUSTRY,1,2,25,54737,2,0,0,0,0,0,0,0,0,0,0,0,0,,1/1/2024,2023
7706,SYNTHETIC SITE 01705,101705,,SYNTHETIC COMPANY 01705,1 Example Way,Nowhere,ZZ,00000,3251,2017,SYNTHETIC INDUSTRY,1,2,327,548157,2,0,0,0,0,0,0,0,0,0,0,0,0,,1/1/2024,2023
7707,SYNTHETIC SITE 01706,101706,,SYNTHETIC COMPANY 01706,1 Example Way,Nowhere,ZZ,00000,4841,2017,SYNTHETIC INDUSTRY,1,2,118,235289,1,0,2,3,9,14,12,14,0,0,0,0,0,,1/1/2024,2023
7708,SYNTHETIC SITE 01707,101707,,SYNTHETIC COMPANY 01707,1 Example Way,Nowhere,ZZ,00000,3115,2017,SYNTHETIC INDUSTRY,1,2,44,6286700,2,0,0,0,0,0,0,0,0,0,0,0,0,,1/1/2024,2023
7709,SYNTHETIC SITE 01708,101708,,SYNTHETIC COMPANY 01708,1 Example Way,Nowhere,ZZ,00000,4841,2017,SYNTHETIC INDUSTRY,1,2,89,144620,2,0,0,0,0,0,0,0,0,0,0,0,0,,1/1/2024,2023
7710,SYNTHETIC SITE 01709,101709,,SYNTHETIC COMPANY 01709,1 Example Way,Nowhere,ZZ,00000,4841,2017,SYNTHETIC INDUSTRY,1,2,40,70313,2,0,0,0,0,0,0,0,0,0,0,0,0,,1/1/2024,2023
7711,SYNTHETIC SITE 01710,101710,,SYNTHETIC COMPANY 01710,1 Example Way,Nowhere,ZZ,00000,2361,2017,SYNTHETIC INDUSTRY,1,2,63,121246,2,0,0,0,0,0,0,0,0,0,0,0,0,,1/1/2024,2023
7712,SYNTHETIC SITE 01711,101711,,SYNTHETIC COMPANY 01711,1 Example Way,Nowhere,ZZ,00000,6221,2017,SYNTHETIC INDUSTRY,1,2,20,33811,2,0,0,0,0,0,0,0,0,0,0,0,0,,1/1/2024,2023
7713,SYNTHETIC SITE 01712,101712,,SYNTHETIC COMPANY 01712,1 Example Way,Nowhere,ZZ,00000,4451,2017,SYNTHETIC INDUSTRY,1,2,75,124848,2,0,0,0,0,0,0,0,0,0,0,0,0,,1/1/2024,2023
7714,SYNTHETIC SITE 01713,101713,,SYNTHETIC COMPANY 01713,1 Example Way,Nowhere,ZZ,00000,3252,2017,SYNTHETIC INDUSTRY,1,2,22,42310,2,0,0,0,0,0,0,0,0,0,0,0,0,,1/1/2024,2023
7715,SYNTHETIC SITE 01714,101714,,SYNTHETIC COMPANY 01714,1 Example Way,Nowhere,ZZ,00000,3252,2017,SYNTHETIC INDUSTRY,1,2,27,47201,2,0,0,0,0,0,0,0,0,0,0,0,0,,1/1/2024,2023
7716,SYNTHETIC SITE 01715,101715,,SYNTHETIC COMPANY 01715,1 Example Way,Nowhere,ZZ,00000,3252,2017,SYNTHETIC INDUSTRY,1,2,71,118280,1,0,0,0,2,0,0,2,0,0,0,0,0,,1/1/2024,2023
7717,SYNTHETIC SITE 01716,101716,,SYNTHETIC COMPANY 01716,1 Example Way,Nowhere,ZZ,00000,3251,2017,SYNTHETIC INDUSTRY,1,2,152,156278,2,0,0,0,0,0,0,0,0,0,0,0,0,,1/1/2024,2023
7718,SYNTHETIC SITE 01717,101717,,SYNTHETIC COMPANY 01717,1 Example Way,Nowhere,ZZ,00000,6221,2017,SYNTHETIC INDUSTRY,1,2,199,348028,2,0,0,0,0,0,0,0,0,0,0,0,0,,1/1/2024,2023
7719,SYNTHETIC SITE 01718,101718,,SYNTHETIC COMPANY 01718,1 Example Way,Nowhere,ZZ,00000,3252,2017,SYNTHETIC INDUSTRY,1,2,45,97804,2,0,0,0,0,0,0,0,0,0,0,0,0,,1/1/2024,2023
7720,SYNTHETIC SITE 01719,101719,,SYNTHETIC COMPANY 01719,1 Example Way,Nowhere,ZZ,00000,3115,2017,SYNTHETIC INDUSTRY,1,2,20,32731,2,0,0,0,0,0,0,0,0,0,0,0,0,,1/1/2024,2023
7721,SYNTHETIC SITE 01720,101720,,SYNTHETIC COMPANY 01720,1 Example Way,Nowhere,ZZ,00000,3328,2017,SYNTHETIC INDUSTRY,1,2,24,44260,1,0,0,0,1,0,0,1,0,0,0,0,0,,1/1/2024,2023
7722,SYNTHETIC SITE 01721,101721,,SYNTHETIC COMPANY 01721,1 Example Way,Nowhere,ZZ,00000,3251,2017,SYNTHETIC INDUSTRY,1,2,64,127685,2,0,0,0,0,0,0,0,0,0,0,0,0,,1/1/2024,2023
7723,SYNTHETIC SITE 01722,101722,,SYNTHETIC COMPANY 01722,1 Example Way,Nowhere,ZZ,00000,4841,2017,SYNTHETIC INDUSTRY,1,2,8,16317,2,0,0,0,0,0,0,0,0,0,0,0,0,,1/1/2024,2023
7724,SYNTHETIC SITE 01723,101723,,SYNTHETIC COMPANY 01723,1 Example Way,Nowhere,ZZ,00000,3328,2017,SYNTHETIC INDUSTRY,1,2,39,73239,2,0,0,0,0,0,0,0,0,0,0,0,0,,1/1/2024,2023
7725,SYNTHETIC SITE 01724,101724,,SYNTHETIC COMPANY 01724,1 Example Way,Nowhere,ZZ,00000,3252,2017,SYNTHETIC INDUSTRY,1,2,41,70116,2,0,0,0,0,0,0,0,0,0,0,0,0,,1/1/2024,2023
7726,SYNTHETIC SITE 01725,101725,,SYNTHETIC COMPANY 01725,1 Example Way,Nowhere,ZZ,00000,3251,2017,SYNTHETIC INDUSTRY,1,2,47,91821,1,0,0,0,1,0,0,1,0,0,0,0,0,,1/1/2024,2023
7727,SYNTHETIC SITE 01726,101726,,SYNTHETIC COMPANY 01726,1 Example Way,Nowhere,ZZ,00000,3115,2017,SYNTHETIC INDUSTRY,1,2,64,112254,1,0,0,0,1,0,0,1,0,0,0,0,0,,1/1/2024,2023
7728,SYNTHETIC SITE 01727,101727,,SYNTHETIC COMPANY 01727,1 Example Way,Nowhere,ZZ,00000,4451,2017,SYNTHETIC INDUSTRY,1,2,46,97610,2,0,0,0,0,0,0,0,0,0,0,0,0,,1/1/2024,2023
7729,SYNTHETIC SITE 01728,101728,,SYNTHETIC COMPANY 01728,1 Example Way,Nowhere,ZZ,00000,2361,2017,SYNTHETIC INDUSTRY,1,2,18,26109,2,0,0,0,0,0,0,0,0,0,0,0,0,,1/1/2024,2023
7730,SYNTHETIC SITE 01729,101729,,SYNTHETIC COMPANY 01729,1 Example Way,Nowhere,ZZ,00000,3251,2017,SYNTHETIC INDUSTRY,1,2,140,224004,1,0,0,2,3,0,8,5,0,0,0,0,0,,1/1/2024,2023
7731,SYNTHETIC SITE 01730,101730,,SYNTHETIC COMPANY 01730,1 Example Way,Nowhere,ZZ,00000,3251,2017,SYNTHETIC INDUSTRY,1,2,146,302543,1,0,1,0,0,7,0,1,0,0,0,0,0,,1/1/2024,2023
7732,SYNTHETIC SITE 01731,101731,,SYNTHETIC COMPANY 01731,1 Example Way,Nowhere,ZZ,00000,3251,2017,SYNTHETIC INDUSTRY,1,2,36,66433,2,0,0,0,0,0,0,0,0,0,0,0,0,,1/1/2024,2023
7733,SYNTHETIC SITE 01732,101732,,SYNTHETIC COMPANY 01732,1 Example Way,Nowhere,ZZ,00000,2361,2017,SYNTHETIC INDUSTRY,1,2,293,646661,2,0,0,0,0,0,0,0,0,0,0,0,0,,1/1/2024,2023
7734,SYNTHETIC SITE 01733,101733,,SYNTHETIC COMPANY 01733,1 Example Way,Nowhere,ZZ,00000,3252,2017,SYNTHETIC INDUSTRY,1,2,100,220193,2,0,0,0,0,0,0,0,0,0,0,0,0,,1/1/2024,2023
7735,SYNTHETIC SITE 01734,101734,,SYNTHETIC COMPANY 01734,1 Example Way,Nowhere,ZZ,00000,3115,2017,SYNTHETIC INDUSTRY,1,2,86,149814,1,0,1,1,1,7,4,3,0,0,0,0,0,,1/1/2024,2023
7736,SYNTHETIC SITE 01735,101735,,SYNTHETIC COMPANY 01735,1 Example Way,Nowhere,ZZ,00000,3115,2017,SYNTHETIC INDUSTRY,1,2,52,102135,2,0,0,0,0,0,0,0,0,0,0,0,0,,1/1/2024,2023
7737,SYNTHETIC SITE 01736,101736,,SYNTHETIC COMPANY 01736,1 Example Way,Nowhere,ZZ,00000,3115,2017,SYNTHETIC INDUSTRY,1,2,119,212528,1,0,1,1,2,7,4,4,0,0,0,0,0,,1/1/2024,2023
7738,SYNTHETIC SITE 01737,101737,,SYNTHETIC COMPANY 01737,1 Example Way,Nowhere,ZZ,00000,2361,2017,SYNTHETIC INDUSTRY,1,2,35,63360,2,0,0,0,0,0,0,0,0,0,0,0,0,,1/1/2024,2023
7739,SYNTHETIC SITE 01738,101738,,SYNTHETIC COMPANY 01738,1 Example Way,Nowhere,ZZ,00000,2361,2017,SYNTHETIC INDUSTRY,1,2,17,33668,1,0,0,0,1,0,0,1,0,0,0,0,0,,1/1/2024,2023
7740,SYNTHETIC SITE 01739,101739,,SYNTHETIC COMPANY 01739,1 Example Way,Nowhere,ZZ,00000,3252,2017,SYNTHETIC INDUSTRY,1,2,31,57136,1,0,0,1,0,0,4,1,0,0,0,0,0,,1/1/2024,2023
7741,SYNTHETIC SITE 01740,101740,,SYNTHETIC COMPANY 01740,1 Example Way,Nowhere,ZZ,00000,2361,2017,SYNTHETIC INDUSTRY,1,2,11,22869,2,0,0,0,0,0,0,0,0,0,0,0,0,,1/1/2024,2023
7742,SYNTHETIC SITE 01741,101741,,SYNTHETIC COMPANY 01741,1 Example Way,Nowhere,ZZ,00000,4451,2017,SYNTHETIC INDUSTRY,1,2,21,45033,2,0,0,0,0,0,0,0,0,0,0,0,0,,1/1/2024,2023
7743,SYNTHETIC SITE 01742,101742,,SYNTHETIC COMPANY 01742,1 Example Way,Nowhere,ZZ,00000,3328,2017,SYNTHETIC INDUSTRY,1,2,31,62011,2,0,0,0,0,0,0,0,0,0,0,0,0,,1/1/2024,2023
7744,SYNTHETIC SITE 01743,101743,,SYNTHETIC COMPANY 01743,1 Example Way,Nowhere,ZZ,00000,6221,2017,SYNTHETIC INDUSTRY,1,2,38,79783,2,0,0,0,0,0,0,0,0,0,0,0,0,,1/1/2024,2023
7745,SYNTHETIC SITE 01744,101744,,SYNTHETIC COMPANY 01744,1 Example Way,Nowhere,ZZ,00000,4451,2017,SYNTHETIC INDUSTRY,1,2,107,213645,1,0,2,1,1,14,4,4,0,0,0,0,0,,1/1/2024,2023
7746,SYNTHETIC SITE 01745,101745,,SYNTHETIC COMPANY 01745,1 Example Way,Nowhere,ZZ,00000,2361,2017,SYNTHETIC INDUSTRY,1,2,70,149923,1,0,0,0,2,0,0,2,0,0,0,0,0,,1/1/2024,2023
7747,SYNTHETIC SITE 01746,101746,,SYNTHETIC COMPANY 01746,1 Example Way,Nowhere,ZZ,00000,4451,2017,SYNTHETIC INDUSTRY,1,2,27,39408,2,0,0,0,0,0,0,0,0,0,0,0,0,,1/1/2024,2023
7748,SYNTHETIC SITE 01747,101747,,SYNTHETIC COMPANY 01747,1 Example Way,Nowhere,ZZ,00000,3115,2017,SYNTHETIC INDUSTRY,1,2,16,31164,1,0,1,0,0,7,0,1,0,0,0,0,0,,1/1/2024,2023
7749,SYNTHETIC SITE 01748,101748,,SYNTHETIC COMPANY 01748,1 Example Way,Nowhere,ZZ,00000,4841,2017,SYNTHETIC INDUSTRY,1,2,22,4564500,2,0,0,0,0,0,0,0,0,0,0,0,0,,1/1/2024,2023
7750,SYNTHETIC SITE 01749,101749,,SYNTHETIC COMPANY 01749,1 Example Way,Nowhere,ZZ,00000,2361,2017,SYNTHETIC INDUSTRY,1,2,36,66701,1,0,0,2,0,0,8,2,0,0,0,0,0,,1/1/2024,2023
7751,SYNTHETIC SITE 01750,101750,,SYNTHETIC COMPANY 01750,1 Example Way,Nowhere,ZZ,00000,4841,2017,SYNTHETIC INDUSTRY,1,2,849,1315090,2,0,0,0,0,0,0,0,0,0,0,0,0,,1/1/2024,2023
7752,SYNTHETIC SITE 01751,101751,,SYNTHETIC COMPANY 01751,1 Example Way,Nowhere,ZZ,00000,3328,2017,SYNTHETIC INDUSTRY,1,2,74,108359,2,0,0,0,0,0,0,0,0,0,0,0,0,,1/1/2024,2023
7753,SYNTHETIC SITE 01752,101752,,SYNTHETIC COMPANY 01752,1 Example Way,Nowhere,ZZ,00000,4451,2017,SYNTHETIC INDUSTRY,1,2,62,91325,1,0,3,1,2,21,4,6,0,0,0,0,0,,1/1/2024,2023
7754,SYNTHETIC SITE 01753,101753,,SYNTHETIC COMPANY 01753,1 Example Way,Nowhere,ZZ,00000,3252,2017,SYNTHETIC INDUSTRY,1,2,59,105462,2,0,0,0,0,0,0,0,0,0,0,0,0,,1/1/2024,2023
7755,SYNTHETIC SITE 01754,101754,,SYNTHETIC COMPANY 01754,1 Example Way,Nowhere,ZZ,00000,4451,2017,SYNTHETIC INDUSTRY,1,2,51,85101,2,0,0,0,0,0,0,0,0,0,0,0,0,,1/1/2024,2023
7756,SYNTHETIC SITE 01755,101755,,SYNTHETIC COMPANY 01755,1 Example Way,Nowhere,ZZ,00000,4451,2017,SYNTHETIC INDUSTRY,1,2,29,52518,1,0,0,1,2,0,4,3,0,0,0,0,0,,1/1/2024,2023
7757,SYNTHETIC SITE 01756,101756,,SYNTHETIC COMPANY 01756,1 Example Way,Nowhere,ZZ,00000,4841,2017,SYNTHETIC INDUSTRY,1,2,347,650874,1,0,1,0,3,7,0,4,0,0,0,0,0,,1/1/2024,2023
7758,SYNTHETIC SITE 01757,101757,,SYNTHETIC COMPANY 01757,1 Example Way,Nowhere,ZZ,00000,2361,2017,SYNTHETIC INDUSTRY,1,2,6,13213,2,0,0,0,0,0,0,0,0,0,0,0,0,,1/1/2024,2023
7759,SYNTHETIC SITE 01758,101758,,SYNTHETIC COMPANY 01758,1 Example Way,Nowhere,ZZ,00000,4841,2017,SYNTHETIC INDUSTRY,1,2,131,245610,2,0,0,0,0,0,0,0,0,0,0,0,0,,1/1/2024,2023
7760,SYNTHETIC SITE 01759,101759,,SYNTHETIC COMPANY 01759,1 Example Way,Nowhere,ZZ,00000,3251,2017,SYNTHETIC INDUSTRY,1,2,603,877640,1,0,1,0,2,7,0,3,0,0,0,0,0,,1/1/2024,2023
7761,SYNTHETIC SITE 01760,101760,,SYNTHETIC COMPANY 01760,1 Example Way,Nowhere,ZZ,00000,4841,2017,SYNTHETIC INDUSTRY,1,2,210,349189,2,0,0,0,0,0,0,0,0,0,0,0,0,,1/1/2024,2023
7762,SYNTHETIC SITE 01761,101761,,SYNTHETIC COMPANY 01761,1 Example Way,Nowhere,ZZ,00000,4841,2017,SYNTHETIC INDUSTRY,1,2,3,4654,2,0,0,0,0,0,0,0,0,0,0,0,0,,1/1/2024,2023
7763,SYNTHETIC SITE 01762,101762,,SYNTHETIC COMPANY 01762,1 Example Way,Nowhere,ZZ,00000,2361,2017,SYNTHETIC INDUSTRY,1,2,48,115347,1,0,3,2,1,21,8,6,0,0,0,0,0,,1/1/2024,2023
7764,SYNTHETIC SITE 01763,101763,,SYNTHETIC COMPANY 01763,1 Example Way,Nowhere,ZZ,00000,3251,2017,SYNTHETIC INDUSTRY,1,2,12,22038,2,0,0,0,0,0,0,0,0,0,0,0,0,,1/1/2024,2023
7765,SYNTHETIC SITE 01764,101764,,SYNTHETIC COMPANY 01764,1 Example Way,Nowhere,ZZ,00000,4841,2017,SYNTHETIC INDUSTRY,1,2,337,818103,1,0,27,16,28,189,64,71,0,0,0,0,0,,1/1/2024,2023
7766,SYNTHETIC SITE 01765,101765,,SYNTHETIC COMPANY 01765,1 Example Way,Nowhere,ZZ,00000,2361,2017,SYNTHETIC INDUSTRY,1,2,67,140967,2,0,0,0,0,0,0,0,0,0,0,0,0,,1/1/2024,2023
7767,SYNTHETIC SITE 01766,101766,,SYNTHETIC COMPANY 01766,1 Example Way,Nowhere,ZZ,00000,4841,2017,SYNTHETIC INDUSTRY,1,2,30,63221,2,0,0,0,0,0,0,0,0,0,0,0,0,,1/1/2024,2023
7768,SYNTHETIC SITE 01767,101767,,SYNTHETIC COMPANY 01767,1 Example Way,Nowhere,ZZ,00000,2361,2017,SYNTHETIC INDUSTRY,1,2,13,24348,2,0,0,0,0,0,0,0,0,0,0,0,0,,1/1/2024,2023
7769,SYNTHETIC SITE 01768,101768,,SYNTHETIC COMPANY 01768,1 Example Way,Nowhere,ZZ,00000,6221,2017,SYNTHETIC INDUSTRY,1,2,24,36925,2,0,0,0,0,0,0,0,0,0,0,0,0,,1/1/2024,2023
7770,SYNTHETIC SITE 01769,101769,,SYNTHETIC COMPANY 01769,1 Example Way,Nowhere,ZZ,00000,4451,2017,SYNTHETIC INDUSTRY,1,2,33,48266,2,0,0,0,0,0,0,0,0,0,0,0,0,,1/1/2024,2023
7771,SYNTHETIC SITE 01770,101770,,SYNTHETIC COMPANY 01770,1 Example Way,Nowhere,ZZ,00000,2361,2017,SYNTHETIC INDUSTRY,1,2,87,171032,2,0,0,0,0,0,0,0,0,0,0,0,0,,1/1/2024,2023
7772,SYNTHETIC SITE 01771,101771,,SYNTHETIC COMPANY 01771,1 Example Way,Nowhere,ZZ,00000,2361,2017,SYNTHETIC INDUSTRY,1,2,25,45428,2,0,0,0,0,0,0,0,0,0,0,0,0,,1/1/2024,2023
7773,SYNTHETIC SITE 01772,101772,,SYNTHETIC COMPANY 01772,1 Example Way,Nowhere,ZZ,00000,3251,2017,SYNTHETIC INDUSTRY,1,2,14,29565,2,0,0,0,0,0,0,0,0,0,0,0,0,,1/1/2024,2023
7774,SYNTHETIC SITE 01773,101773,,SYNTHETIC COMPANY 01773,1 Example Way,Nowhere,ZZ,00000,3115,2017,SYNTHETIC INDUSTRY,1,2,109,202959,1,0,1,0,0,7,0,1,0,0,0,0,0,,1/1/2024,2023
7775,SYNTHETIC SITE 01774,101774,,SYNTHETIC COMPANY 01774,1 Example Way,Nowhere,ZZ,00000,6221,2017,SYNTHETIC INDUSTRY,1,2,17,24909,2,0,0,0,0,0,0,0,0,0,0,0,0,,1/1/2024,2023
7776,SYNTHETIC SITE 01775,101775,,SYNTHETIC COMPANY 01775,1 Example Way,Nowhere,ZZ,00000,2361,2017,SYNTHETIC INDUSTRY,1,2,53,101120,1,0,0,0,1,0,0,1,0,0,0,0,0,,1/1/2024,2023
7777,SYNTHETIC SITE 01776,101776,,SYNTHETIC COMPANY 01776,1 Example Way,Nowhere,ZZ,00000,2361,2017,SYNTHETIC INDUSTRY,1,2,29,37204,1,0,1,0,0,7,0,1,0,0,0,0,0,,1/1/2024,2023
7778,SYNTHETIC SITE 01777,101777,,SYNTHETIC COMPANY 01777,1 Example Way,Nowhere,ZZ,00000,3252,2017,SYNTHETIC INDUSTRY,1,2,408,720936,1,0,2,0,1,14,0,3,0,0,0,0,0,,1/1/2024,2023
7779,SYNTHETIC SITE 01778,101778,,SYNTHETIC COMPANY 01778,1 Example Way,Nowhere,ZZ,00000,2361,2017,SYNTHETIC INDUSTRY,1,2,298,610711,2,0,0,0,0,0,0,0,0,0,0,0,0,,1/1/2024,2023
7780,SYNTHETIC SITE 01779,101779,,SYNTHETIC COMPANY 01779,1 Example Way,Nowhere,ZZ,00000,6221,2017,SYNTHETIC INDUSTRY,1,2,7,14593,2,0,0,0,0,0,0,0,0,0,0,0,0,,1/1/2024,2023
7781,SYNTHETIC SITE 01780,101780,,SYNTHETIC COMPANY 01780,1 Example Way,Nowhere,ZZ,00000,6221,2017,SYNTHETIC INDUSTRY,1,2,84,134013,1,0,0,0,1,0,0,1,0,0,0,0,0,,1/1/2024,2023
7782,SYNTHETIC SITE 01781,101781,,SYNTHETIC COMPANY 01781,1 Example Way,Nowhere,ZZ,00000,3251,2017,SYNTHETIC INDUSTRY,1,2,18,35742,2,0,0,0,0,0,0,0,0,0,0,0,0,,1/1/2024,2023
7783,SYNTHETIC SITE 01782,101782,,SYNTHETIC COMPANY 01782,1 Example Way,Nowhere,ZZ,00000,4451,2017,SYNTHETIC INDUSTRY,1,2,148,242100,1,0,3,3,2,21,12,8,0,0,0,0,0,,1/1/2024,2023
7784,SYNTHETIC SITE 01783,101783,,SYNTHETIC COMPANY 01783,1 Example Way,Nowhere,ZZ,00000,3328,2017,SYNTHETIC INDUSTRY,1,2,71,139986,2,0,0,0,0,0,0,0,0,0,0,0,0,,1/1/2024,2023
7785,SYNTHETIC SITE 01784,101784,,SYNTHETIC COMPANY 01784,1 Example Way,Nowhere,ZZ,00000,3251,2017,SYNTHETIC INDUSTRY,1,2,57,103223,2,0,0,0,0,0,0,0,0,0,0,0,0,,1/1/2024,2023
7786,SYNTHETIC SITE 01785,101785,,SYNTHETIC COMPANY 01785,1 Example Way,Nowhere,ZZ,00000,3251,2017,SYNTHETIC INDUSTRY,1,2,93,171037,2,0,0,0,0,0,0,0,0,0,0,0,0,,1/1/2024,2023
7787,SYNTHETIC SITE 01786,101786,,SYNTHETIC COMPANY 01786,1 Example Way,Nowhere,ZZ,00000,2361,2017,SYNTHETIC INDUSTRY,1,2,679,1489108000,1,0,1,1,2,7,4,4,0,0,0,0,0,,1/1/2024,2023
7788,SYNTHETIC SITE 01787,101787,,SYNTHETIC COMPANY 01787,1 Example Way,Nowhere,ZZ,00000,6221,2017,SYNTHETIC INDUSTRY,1,2,81,151273,1,0,2,0,1,14,0,3,0,0,0,0,0,,1/1/2024,2023
7789,SYNTHETIC SITE 01788,101788,,SYNTHETIC COMPANY 01788,1 Example Way,Nowhere,ZZ,00000,6221,2017,SYNTHETIC INDUSTRY,1,2,27,61811,2,0,0,0,0,0,0,0,0,0,0,0,0,,1/1/2024,2023
7790,SYNTHETIC SITE 01789,101789,,SYNTHETIC COMPANY 01789,1 Example Way,Nowhere,ZZ,00000,2361,2017,SYNTHETIC INDUSTRY,1,2,137,321081,1,0,4,1,6,28,4,11,0,0,0,0,0,,1/1/2024,2023
7791,SYNTHETIC SITE 01790,101790,,SYNTHETIC COMPANY 01790,1 Example Way,Nowhere,ZZ,00000,3251,2017,SYNTHETIC INDUSTRY,1,2,28,52623,1,0,3,0,0,21,0,3,0,0,0,0,0,,1/1/2024,2023
7792,SYNTHETIC SITE 01791,101791,,SYNTHETIC COMPANY 01791,1 Example Way,Nowhere,ZZ,00000,4451,2017,SYNTHETIC INDUSTRY,1,2,1,1973,2,0,0,0,0,0,0,0,0,0,0,0,0,,1/1/2024,2023
7793,SYNTHETIC SITE 01792,101792,,SYNTHETIC COMPANY 01792,1 Example Way,Nowhere,ZZ,00000,4451,2017,SYNTHETIC INDUSTRY,1,2,66,116819,1,0,0,0,1,0,0,1,0,0,0,0,0,,1/1/2024,2023
7794,SYNTHETIC SITE 01793,101793,,SYNTHETIC COMPANY 01793,1 Example Way,Nowhere,ZZ,00000,3251,2017,SYNTHETIC INDUSTRY,1,2,26,44509,2,0,0,0,0,0,0,0,0,0,0,0,0,,1/1/2024,2023
7795,SYNTHETIC SITE 01794,101794,,SYNTHETIC COMPANY 01794,1 Example Way,Nowhere,ZZ,00000,4451,2017,SYNTHETIC INDUSTRY,1,2,99,201225,2,0,0,0,0,0,0,0,0,0,0,0,0,,1/1/2024,2023
7796,SYNTHETIC SITE 01795,101795,,SYNTHETIC COMPANY 01795,1 Example Way,Nowhere,ZZ,00000,3252,2017,SYNTHETIC INDUSTRY,1,2,237,430627,1,0,3,2,0,21,8,5,0,0,0,0,0,,1/1/2024,2023
7797,SYNTHETIC SITE 01796,101796,,SYNTHETIC COMPANY 01796,1 Example Way,Nowhere,ZZ,00000,3328,2017,SYNTHETIC INDUSTRY,1,2,91,127629,1,0,2,0,3,14,0,5,0,0,0,0,0,,1/1/2024,2023
7798,SYNTHETIC SITE 01797,101797,,SYNTHETIC COMPANY 01797,1 Example Way,Nowhere,ZZ,00000,3251,2017,SYNTHETIC INDUSTRY,1,2,70,140533,2,0,0,0,0,0,0,0,0,0,0,0,0,,1/1/2024,2023
7799,SYNTHETIC SITE 01798,101798,,SYNTHETIC COMPANY 01798,1 Example Way,Nowhere,ZZ,00000,2361,2017,SYNTHETIC INDUSTRY,1,2,64,103484,1,0,0,1,0,0,4,1,0,0,0,0,0,,1/1/2024,2023
7800,SYNTHETIC SITE 01799,101799,,SYNTHETIC COMPANY 01799,1 Example Way,Nowhere,ZZ,00000,4451,2017,SYNTHETIC INDUSTRY,1,2,180,332182,2,0,0,0,0,0,0,0,0,0,0,0,0,,1/1/2024,2023
7801,SYNTHETIC SITE 01800,101800,,SYNTHETIC COMPANY 01800,1 Example Way,Nowhere,ZZ,00000,2361,2017,SYNTHETIC INDUSTRY,1,2,9,17900,2,0,0,0,0,0,0,0,0,0,0,0,0,,1/1/2024,2023
7802,SYNTHETIC SITE 01801,101801,,SYNTHETIC COMPANY 01801,1 Example Way,Nowhere,ZZ,00000,4451,2017,SYNTHETIC INDUSTRY,1,2,41,97953,1,0,0,0,1,0,0,1,0,0,0,0,0,,1/1/2024,2023
7803,SYNTHETIC SITE 01802,101802,,SYNTHETIC COMPANY 01802,1 Example Way,Nowhere,ZZ,00000,3115,2017,SYNTHETIC INDUSTRY,1,2,59,88880,1,0,0,0,1,0,0,1,0,0,0,0,0,,1/1/2024,2023
7804,SYNTHETIC SITE 01803,101803,,SYNTHETIC COMPANY 01803,1 Example Way,Nowhere,ZZ,00000,6221,2017,SYNTHETIC INDUSTRY,1,2,44,56740,2,0,0,0,0,0,0,0,0,0,0,0,0,,1/1/2024,2023
7805,SYNTHETIC SITE 01804,101804,,SYNTHETIC COMPANY 01804,1 Example Way,Nowhere,ZZ,00000,2361,2017,SYNTHETIC INDUSTRY,1,2,9,13648,2,0,0,0,0,0,0,0,0,0,0,0,0,,1/1/2024,2023
7806,SYNTHETIC SITE 01805,101805,,SYNTHETIC COMPANY 01805,1 Example Way,Nowhere,ZZ,00000,3252,2017,SYNTHETIC INDUSTRY,1,2,7,10319,2,0,0,0,0,0,0,0,0,0,0,0,0,,1/1/2024,2023
7807,SYNTHETIC SITE 01806,101806,,SYNTHETIC COMPANY 01806,1 Example Way,Nowhere,ZZ,00000,3251,2017,SYNTHETIC INDUSTRY,1,2,107,173478,1,0,0,1,0,0,4,1,0,0,0,0,0,,1/1/2024,2023
7808,SYNTHETIC SITE 01807,101807,,SYNTHETIC COMPANY 01807,1 Example Way,Nowhere,ZZ,00000,2361,2017,SYNTHETIC INDUSTRY,1,2,567,931696,1,0,8,2,13,56,8,23,0,0,0,0,0,,1/1/2024,2023
7809,SYNTHETIC SITE 01808,101808,,SYNTHETIC COMPANY 01808,1 Example Way,Nowhere,ZZ,00000,6221,2017,SYNTHETIC INDUSTRY,1,2,9,1359000000,2,0,0,0,0,0,0,0,0,0,0,0,0,,1/1/2024,2023
7810,SYNTHETIC SITE 01809,101809,,SYNTHETIC COMPANY 01809,1 Example Way,Nowhere,ZZ,00000,3115,2017,SYNTHETIC INDUSTRY,1,2,32,55061,2,0,0,0,0,0,0,0,0,0,0,0,0,,1/1/2024,2023
7811,SYNTHETIC SITE 01810,101810,,SYNTHETIC COMPANY 01810,1 Example Way,Nowhere,ZZ,00000,3328,2017,SYNTHETIC INDUSTRY,1,2,8,15992,2,0,0,0,0,0,0,0,0,0,0,0,0,,1/1/2024,2023
7812,SYNTHETIC SITE 01811,101811,,SYNTHETIC COMPANY 01811,1 Example Way,Nowhere,ZZ,00000,2361,2017,SYNTHETIC INDUSTRY,1,2,33,56564,2,0,0,0,0,0,0,0,0,0,0,0,0,,1/1/2024,2023
7813,SYNTHETIC SITE 01812,101812,,SYNTHETIC COMPANY 01812,1 Example Way,Nowhere,ZZ,00000,3328,2017,SYNTHETIC INDUSTRY,1,2,18,33043,2,0,0,0,0,0,0,0,0,0,0,0,0,,1/1/2024,2023
7814,SYNTHETIC SITE 01813,101813,,SYNTHETIC COMPANY 01813,1 Example Way,Nowhere,ZZ,00000,3251,2017,SYNTHETIC INDUSTRY,1,2,260,512194,1,0,4,3,4,28,12,11,0,0,0,0,0,,1/1/2024,2023
7815,SYNTHETIC SITE 01814,101814,,SYNTHETIC COMPANY 01814,1 Example Way,Nowhere,ZZ,00000,3251,2017,SYNTHETIC INDUSTRY,1,2,56,97422,2,0,0,0,0,0,0,0,0,0,0,0,0,,1/1/2024,2023
7816,SYNTHETIC SITE 01815,101815,,SYNTHETIC COMPANY 01815,1 Example Way,Nowhere,ZZ,00000,4841,2017,SYNTHETIC INDUSTRY,1,2,88,194664,1,0,3,1,4,21,4,8,0,0,0,0,0,,1/1/2024,2023
7817,SYNTHETIC SITE 01816,101816,,SYNTHETIC COMPANY 01816,1 Example Way,Nowhere,ZZ,00000,4841,2017,SYNTHETIC INDUSTRY,1,2,3,4725,2,0,0,0,0,0,0,0,0,0,0,0,0,,1/1/2024,2023
7818,SYNTHETIC SITE 01817,101817,,SYNTHETIC COMPANY 01817,1 Example Way,Nowhere,ZZ,00000,6221,2017,SYNTHETIC INDUSTRY,1,2,1133,2224961,1,0,18,20,18,126,80,56,0,0,0,0,0,,1/1/2024,2023
7819,SYNTHETIC SITE 01818,101818,,SYNTHETIC COMPANY 01818,1 Example Way,Nowhere,ZZ,00000,3328,2017,SYNTHETIC INDUSTRY,1,2,18,38893,2,0,0,0,0,0,0,0,0,0,0,0,0,,1/1/2024,2023
7820,SYNTHETIC SITE 01819,101819,,SYNTHETIC COMPANY 01819,1 Example Way,Nowhere,ZZ,00000,4841,2017,SYNTHETIC INDUSTRY,1,2,173,308607,2,0,0,0,0,0,0,0,0,0,0,0,0,,1/1/2024,2023
7821,SYNTHETIC SITE 01820,101820,,SYNTHETIC COMPANY 01820,1 Example Way,Nowhere,ZZ,00000,2361,2017,SYNTHETIC INDUSTRY,1,2,83,147532,1,0,1,0,1,7,0,2,0,0,0,0,0,,1/1/2024,2023
7822,SYNTHETIC SITE 01821,101821,,SYNTHETIC COMPANY 01821,1 Example Way,Nowhere,ZZ,00000,3251,2017,SYNTHETIC INDUSTRY,1,2,71,145334,1,0,5,0,1,35,0,6,0,0,0,0,0,,1/1/2024,2023
7823,SYNTHETIC SITE 01822,101822,,SYNTHETIC COMPANY 01822,1 Example Way,Nowhere,ZZ,00000,4841,2017,SYNTHETIC INDUSTRY,1,2,15,23116,2,0,0,0,0,0,0,0,0,0,0,0,0,,1/1/2024,2023
7824,SYNTHETIC SITE 01823,101823,,SYNTHETIC COMPANY 01823,1 Example Way,Nowhere,ZZ,00000,3328,2017,SYNTHETIC INDUSTRY,1,2,155,242815,2,0,0,0,0,0,0,0,0,0,0,0,0,,1/1/2024,2023
7825,SYNTHETIC SITE 01824,101824,,SYNTHETIC COMPANY 01824,1 Example Way,Nowhere,ZZ,00000,3115,2017,SYNTHETIC INDUSTRY,1,2,288,464655,1,0,1,0,2,7,0,3,0,0,0,0,0,,1/1/2024,2023
7826,SYNTHETIC SITE 01825,101825,,SYNTHETIC COMPANY 01825,1 Example Way,Nowhere,ZZ,00000,4451,2017,SYNTHETIC INDUSTRY,1,2,22,46682,1,0,0,1,0,0,4,1,0,0,0,0,0,,1/1/2024,2023
7827,SYNTHETIC SITE 01826,101826,,SYNTHETIC COMPANY 01826,1 Example Way,Nowhere,ZZ,00000,3252,2017,SYNTHETIC INDUSTRY,1,2,44,92126,1,0,0,0,2,0,0,2,0,0,0,0,0,,1/1/2024,2023
7828,SYNTHETIC SITE 01827,101827,,SYNTHETIC COMPANY 01827,1 Example Way,Nowhere,ZZ,00000,3115,2017,SYNTHETIC INDUSTRY,1,2,147,290038,2,0,0,0,0,0,0,0,0,0,0,0,0,,1/1/2024,2023
7829,SYNTHETIC SITE 01828,101828,,SYNTHETIC COMPANY 01828,1 Example Way,Nowhere,ZZ,00000,3251,2017,SYNTHETIC INDUSTRY,1,2,67,117386,1,0,0,1,2,0,4,3,0,0,0,0,0,,1/1/2024,2023
7830,SYNTHETIC SITE 01829,101829,,SYNTHETIC COMPANY 01829,1 Example Way,Nowhere,ZZ,00000,4841,2017,SYNTHETIC INDUSTRY,1,2,122,163307,2,0,0,0,0,0,0,0,0,0,0,0,0,,1/1/2024,2023
7831,SYNTHETIC SITE 01830,101830,,SYNTHETIC COMPANY 01830,1 Example Way,Nowhere,ZZ,00000,4451,2017,SYNTHETIC INDUSTRY,1,2,54,111180,2,0,0,0,0,0,0,0,0,0,0,0,0,,1/1/2024,2023
7832,SYNTHETIC SITE 01831,101831,,SYNTHETIC COMPANY 01831,1 Example Way,Nowhere,ZZ,00000,4451,2017,SYNTHETIC INDUSTRY,1,2,207,334660,2,0,0,0,0,0,0,0,0,0,0,0,0,,1/1/2024,2023
7833,SYNTHETIC SITE 01832,101832,,SYNTHETIC COMPANY 01832,1 Example Way,Nowhere,ZZ,00000,3115,2017,SYNTHETIC INDUSTRY,1,2,26,57379,1,0,2,1,1,14,4,4,0,0,0,0,0,,1/1/2024,2023
7834,SYNTHETIC SITE 01833,101833,,SYNTHETIC COMPANY 01833,1 Example Way,Nowhere,ZZ,00000,6221,2017,SYNTHETIC INDUSTRY,1,2,45,67414,2,0,0,0,0,0,0,0,0,0,0,0,0,,1/1/2024,2023
7835,SYNTHETIC SITE 01834,101834,,SYNTHETIC COMPANY 01834,1 Example Way,Nowhere,ZZ,00000,4451,2017,SYNTHETIC INDUSTRY,1,2,27,51340,2,0,0,0,0,0,0,0,0,0,0,0,0,,1/1/2024,2023
7836,SYNTHETIC SITE 01835,101835,,SYNTHETIC COMPANY 01835,1 Example Way,Nowhere,ZZ,00000,6221,2017,SYNTHETIC INDUSTRY,1,2,52,102388,2,0,0,0,0,0,0,0,0,0,0,0,0,,1/1/2024,2023
7837,SYNTHETIC SITE 01836,101836,,SYNTHETIC COMPANY 01836,1 Example Way,Nowhere,ZZ,00000,3115,2017,SYNTHETIC INDUSTRY,1,2,96,174075,2,0,0,0,0,0,0,0,0,0,0,0,0,,1/1/2024,2023
7838,SYNTHETIC SITE 01837,101837,,SYNTHETIC COMPANY 01837,1 Example Way,Nowhere,ZZ,00000,4841,2017,SYNTHETIC INDUSTRY,1,2,14,18306,2,0,0,0,0,0,0,0,0,0,0,0,0,,1/1/2024,2023
7839,SYNTHETIC SITE 01838,101838,,SYNTHETIC COMPANY 01838,1 Example Way,Nowhere,ZZ,00000,3252,2017,SYNTHETIC INDUSTRY,1,2,119,202265,1,0,1,2,4,7,8,7,0,0,0,0,0,,1/1/2024,2023
7840,SYNTHETIC SITE 01839,101839,,SYNTHETIC COMPANY 01839,1 Example Way,Nowhere,ZZ,00000,6221,2017,SYNTHETIC INDUSTRY,1,2,10,18233,2,0,0,0,0,0,0,0,0,0,0,0,0,,1/1/2024,2023
7841,SYNTHETIC SITE 01840,101840,,SYNTHETIC COMPANY 01840,1 Example Way,Nowhere,ZZ,00000,4841,2017,SYNTHETIC INDUSTRY,1,2,4,6539,2,0,0,0,0,0,0,0,0,0,0,0,0,,1/1/2024,2023
7842,SYNTHETIC SITE 01841,101841,,SYNTHETIC COMPANY 01841,1 Example Way,Nowhere,ZZ,00000,3251,2017,SYNTHETIC INDUSTRY,1,2,31,60103,2,0,0,0,0,0,0,0,0,0,0,0,0,,1/1/2024,2023
7843,SYNTHETIC SITE 01842,101842,,SYNTHETIC COMPANY 01842,1 Example Way,Nowhere,ZZ,00000,3252,2017,SYNTHETIC INDUSTRY,1,2,80,165988,2,0,0,0,0,0,0,0,0,0,0,0,0,,1/1/2024,2023
7844,SYNTHETIC SITE 01843,101843,,SYNTHETIC COMPANY 01843,1 Example Way,Nowhere,ZZ,00000,4841,2017,SYNTHETIC INDUSTRY,1,2,12,18367,2,0,0,0,0,0,0,0,0,0,0,0,0,,1/1/2024,2023
7845,SYNTHETIC SITE 01844,101844,,SYNTHETIC COMPANY 01844,1 Example Way,Nowhere,ZZ,00000,3252,2017,SYNTHETIC INDUSTRY,1,2,200,479650,1,0,1,1,4,7,4,6,0,0,0,0,0,,1/1/2024,2023
7846,SYNTHETIC SITE 01845,101845,,SYNTHETIC COMPANY 01845,1 Example Way,Nowhere,ZZ,00000,2361,2017,SYNTHETIC INDUSTRY,1,2,52,84315,2,0,0,0,0,0,0,0,0,0,0,0,0,,1/1/2024,2023
7847,SYNTHETIC SITE 01846,101846,,SYNTHETIC COMPANY 01846,1 Example Way,Nowhere,ZZ,00000,3252,2017,SYNTHETIC INDUSTRY,1,2,37,63464,1,0,1,0,0,7,0,1,0,0,0,0,0,,1/1/2024,2023
7848,SYNTHETIC SITE 01847,101847,,SYNTHETIC COMPANY 01847,1 Example Way,Nowhere,ZZ,00000,4841,2017,SYNTHETIC INDUSTRY,1,2,5,8361,2,0,0,0,0,0,0,0,0,0,0,0,0,,1/1/2024,2023
7849,SYNTHETIC SITE 01848,101848,,SYNTHETIC COMPANY 01848,1 Example Way,Nowhere,ZZ,00000,4841,2017,SYNTHETIC INDUSTRY,1,2,72,146407,2,0,0,0,0,0,0,0,0,0,0,0,0,,1/1/2024,2023
7850,SYNTHETIC SITE 01849,101849,,SYNTHETIC COMPANY 01849,1 Example Way,Nowhere,ZZ,00000,3328,2017,SYNTHETIC INDUSTRY,1,2,76,123223,2,0,0,0,0,0,0,0,0,0,0,0,0,,1/1/2024,2023
7851,SYNTHETIC SITE 01850,101850,,SYNTHETIC COMPANY 01850,1 Example Way,Nowhere,ZZ,00000,4841,2017,SYNTHETIC INDUSTRY,1,2,1,1752,2,0,0,0,0,0,0,0,0,0,0,0,0,,1/1/2024,2023
7852,SYNTHETIC SITE 01851,101851,,SYNTHETIC COMPANY 01851,1 Example Way,Nowhere,ZZ,00000,3115,2017,SYNTHETIC INDUSTRY,1,2,206,316639,1,0,1,0,2,7,0,3,0,0,0,0,0,,1/1/2024,2023
7853,SYNTHETIC SITE 01852,101852,,SYNTHETIC COMPANY 01852,1 Example Way,Nowhere,ZZ,00000,2361,2017,SYNTHETIC INDUSTRY,1,2,345,830304,1,0,8,5,12,56,20,25,0,0,0,0,0,,1/1/2024,2023
7854,SYNTHETIC SITE 01853,101853,,SYNTHETIC COMPANY 01853,1 Example Way,Nowhere,ZZ,00000,6221,2017,SYNTHETIC INDUSTRY,1,2,89,161772,2,0,0,0,0,0,0,0,0,0,0,0,0,,1/1/2024,2023
7855,SYNTHETIC SITE 01854,101854,,SYNTHETIC COMPANY 01854,1 Example Way,Nowhere,ZZ,00000,4451,2017,SYNTHETIC INDUSTRY,1,2,10,18970,2,0,0,0,0,0,0,0,0,0,0,0,0,,1/1/2024,2023
7856,SYNTHETIC SITE 01855,101855,,SYNTHETIC COMPANY 01855,1 Example Way,Nowhere,ZZ,00000,3251,2017,SYNTHETIC INDUSTRY,1,2,33,62013,2,0,0,0,0,0,0,0,0,0,0,0,0,,1/1/2024,2023
7857,SYNTHETIC SITE 01856,101856,,SYNTHETIC COMPANY 01856,1 Example Way,Nowhere,ZZ,00000,3328,2017,SYNTHETIC INDUSTRY,1,2,113,243600,1,0,3,3,5,21,12,11,0,0,0,0,0,,1/1/2024,2023
7858,SYNTHETIC SITE 01857,101857,,SYNTHETIC COMPANY 01857,1 Example Way,Nowhere,ZZ,00000,3251,2017,SYNTHETIC INDUSTRY,1,2,11,20860,2,0,0,0,0,0,0,0,0,0,0,0,0,,1/1/2024,2023
7859,SYNTHETIC SITE 01858,101858,,SYNTHETIC COMPANY 01858,1 Example Way,Nowhere,ZZ,00000,3251,2017,SYNTHETIC INDUSTRY,1,2,116,187336,1,0,0,0,1,0,0,1,0,0,0,0,0,,1/1/2024,2023
7860,SYNTHETIC SITE 01859,101859,,SYNTHETIC COMPANY 01859,1 Example Way,Nowhere,ZZ,00000,3251,2017,SYNTHETIC INDUSTRY,1,2,35,69522,2,0,0,0,0,0,0,0,0,0,0,0,0,,1/1/2024,2023
7861,SYNTHETIC SITE 01860,101860,,SYNTHETIC COMPANY 01860,1 Example Way,Nowhere,ZZ,00000,4451,2017,SYNTHETIC INDUSTRY,1,2,54,95211,1,0,0,0,2,0,0,2,0,0,0,0,0,,1/1/2024,2023
7862,SYNTHETIC SITE 01861,101861,,SYNTHETIC COMPANY 01861,1 Example Way,Nowhere,ZZ,00000,4841,2017,SYNTHETIC INDUSTRY,1,2,52,103997,1,0,4,1,5,28,4,10,0,0,0,0,0,,1/1/2024,2023
7863,SYNTHETIC SITE 01862,101862,,SYNTHETIC COMPANY 01862,1 Example Way,Nowhere,ZZ,00000,3252,2017,SYNTHETIC INDUSTRY,1,2,20,48919,2,0,0,0,0,0,0,0,0,0,0,0,0,,1/1/2024,2023
7864,SYNTHETIC SITE 01863,101863,,SYNTHETIC COMPANY 01863,1 Example Way,Nowhere,ZZ,00000,3252,2017,SYNTHETIC INDUSTRY,1,2,70,138487,2,0,0,0,0,0,0,0,0,0,0,0,0,,1/1/2024,2023
7865,SYNTHETIC SITE 01864,101864,,SYNTHETIC COMPANY 01864,1 Example Way,Nowhere,ZZ,00000,3251,2017,SYNTHETIC INDUSTRY,1,2,15,28253,2,0,0,0,0,0,0,0,0,0,0,0,0,,1/1/2024,2023
7866,SYNTHETIC SITE 01865,101865,,SYNTHETIC COMPANY 01865,1 Example Way,Nowhere,ZZ,00000,3251,2017,SYNTHETIC INDUSTRY,1,2,55,80377,2,0,0,0,0,0,0,0,0,0,0,0,0,,1/1/2024,2023
7867,SYNTHETIC SITE 01866,101866,,SYNTHETIC COMPANY 01866,1 Example Way,Nowhere,ZZ,00000,4451,2017,SYNTHETIC INDUSTRY,1,2,166,297076,2,0,0,0,0,0,0,0,0,0,0,0,0,,1/1/2024,2023
7868,SYNTHETIC SITE 01867,101867,,SYNTHETIC COMPANY 01867,1 Example Way,Nowhere,ZZ,00000,3115,2017,SYNTHETIC INDUSTRY,1,2,20,40534,1,0,2,0,2,14,0,4,0,0,0,0,0,,1/1/2024,2023
7869,SYNTHETIC SITE 01868,101868,,SYNTHETIC COMPANY 01868,1 Example Way,Nowhere,ZZ,00000,3252,2017,SYNTHETIC INDUSTRY,1,2,37,62445,1,0,0,1,0,0,4,1,0,0,0,0,0,,1/1/2024,2023
7870,SYNTHETIC SITE 01869,101869,,SYNTHETIC COMPANY 01869,1 Example Way,Nowhere,ZZ,00000,3251,2017,SYNTHETIC INDUSTRY,1,2,140,211441,2,0,0,0,0,0,0,0,0,0,0,0,0,,1/1/2024,2023
7871,SYNTHETIC SITE 01870,101870,,SYNTHETIC COMPANY 01870,1 Example Way,Nowhere,ZZ,00000,4451,2017,SYNTHETIC INDUSTRY,1,2,153,280079,1,0,3,3,1,21,12,7,0,0,0,0,0,,1/1/2024,2023
7872,SYNTHETIC SITE 01871,101871,,SYNTHETIC COMPANY 01871,1 Example Way,Nowhere,ZZ,00000,4841,2017,SYNTHETIC INDUSTRY,1,2,10,19988,2,0,0,0,0,0,0,0,0,0,0,0,0,,1/1/2024,2023
7873,SYNTHETIC SITE 01872,101872,,SYNTHETIC COMPANY 01872,1 Example Way,Nowhere,ZZ,00000,3252,2017,SYNTHETIC INDUSTRY,1,2,43,65643,2,0,0,0,0,0,0,0,0,0,0,0,0,,1/1/2024,2023
7874,SYNTHETIC SITE 01873,101873,,SYNTHETIC COMPANY 01873,1 Example Way,Nowhere,ZZ,00000,3252,2017,SYNTHETIC INDUSTRY,1,2,76,149217,1,0,8,1,4,56,4,13,0,0,0,0,0,,1/1/2024,2023
7875,SYNTHETIC SITE 01874,101874,,SYNTHETIC COMPANY 01874,1 Example Way,Nowhere,ZZ,00000,4841,2017,SYNTHETIC INDUSTRY,1,2,162,270364,1,0,0,1,1,0,4,2,0,0,0,0,0,,1/1/2024,2023
7876,SYNTHETIC SITE 01875,101875,,SYNTHETIC COMPANY 01875,1 Example Way,Nowhere,ZZ,00000,4841,2017,SYNTHETIC INDUSTRY,1,2,99,146657,1,0,2,2,2,14,8,6,0,0,0,0,0,,1/1/2024,2023
7877,SYNTHETIC SITE 01876,101876,,SYNTHETIC COMPANY 01876,1 Example Way,Nowhere,ZZ,00000,3252,2017,SYNTHETIC INDUSTRY,1,2,23,58884,1,0,1,1,0,7,4,2,0,0,0,0,0,,1/1/2024,2023
7878,SYNTHETIC SITE 01877,101877,,SYNTHETIC COMPANY 01877,1 Example Way,Nowhere,ZZ,00000,3251,2017,SYNTHETIC INDUSTRY,1,2,123,247560,1,0,1,0,1,7,0,2,0,0,0,0,0,,1/1/2024,2023
7879,SYNTHETIC SITE 01878,101878,,SYNTHETIC COMPANY 01878,1 Example Way,Nowhere,ZZ,00000,3115,2017,SYNTHETIC INDUSTRY,1,2,174,315672,1,0,2,4,5,14,16,11,0,0,0,0,0,,1/1/2024,2023
7880,SYNTHETIC SITE 01879,101879,,SYNTHETIC COMPANY 01879,1 Example Way,Nowhere,ZZ,00000,6221,2017,SYNTHETIC INDUSTRY,1,2,19,31468,2,0,0,0,0,0,0,0,0,0,0,0,0,,1/1/2024,2023
7881,SYNTHETIC SITE 01880,101880,,SYNTHETIC COMPANY 01880,1 Example Way,Nowhere,ZZ,00000,2361,2017,SYNTHETIC INDUSTRY,1,2,1056,2021175,2,0,0,0,0,0,0,0,0,0,0,0,0,,1/1/2024,2023
7882,SYNTHETIC SITE 01881,101881,,SYNTHETIC COMPANY 01881,1 Example Way,Nowhere,ZZ,00000,3328,2017,SYNTHETIC INDUSTRY,1,2,148,271924,1,0,0,2,1,0,8,3,0,0,0,0,0,,1/1/2024,2023
7883,SYNTHETIC SITE 01882,101882,,SYNTHETIC COMPANY 01882,1 Example Way,Nowhere,ZZ,00000,6221,2017,SYNTHETIC INDUSTRY,1,2,66,136527,1,0,1,2,1,7,8,4,0,0,0,0,0,,1/1/2024,2023
7884,SYNTHETIC SITE 01883,101883,,SYNTHETIC COMPANY 01883,1 Example Way,Nowhere,ZZ,00000,4841,2017,SYNTHETIC INDUSTRY,1,2,9,21207,2,0,0,0,0,0,0,0,0,0,0,0,0,,1/1/2024,2023
7885,SYNTHETIC SITE 01884,101884,,SYNTHETIC COMPANY 01884,1 Example Way,Nowhere,ZZ,00000,4841,2017,SYNTHETIC INDUSTRY,1,2,34,54887,2,0,0,0,0,0,0,0,0,0,0,0,0,,1/1/2024,2023
7886,SYNTHETIC SITE 01885,101885,,SYNTHETIC COMPANY 01885,1 Example Way,Nowhere,ZZ,00000,4451,2017,SYNTHETIC INDUSTRY,1,2,26,42898,2,0,0,0,0,0,0,0,0,0,0,0,0,,1/1/2024,2023
7887,SYNTHETIC SITE 01886,101886,,SYNTHETIC COMPANY 01886,1 Example Way,Nowhere,ZZ,00000,6221,2017,SYNTHETIC INDUSTRY,1,2,332,583067,1,0,1,1,3,7,4,5,0,0,0,0,0,,1/1/2024,2023
7888,SYNTHETIC SITE 01887,101887,,SYNTHETIC COMPANY 01887,1 Example Way,Nowhere,ZZ,00000,6221,2017,SYNTHETIC INDUSTRY,1,2,130,225331,1,0,0,0,2,0,0,2,0,0,0,0,0,,1/1/2024,2023
7889,SYNTHETIC SITE 01888,101888,,SYNTHETIC COMPANY 01888,1 Example Way,Nowhere,ZZ,00000,3328,2017,SYNTHETIC INDUSTRY,1,2,244,495303,1,0,4,2,3,28,8,9,0,0,0,0,0,,1/1/2024,2023
7890,SYNTHETIC SITE 01889,101889,,SYNTHETIC COMPANY 01889,1 Example Way,Nowhere,ZZ,00000,3252,2017,SYNTHETIC INDUSTRY,1,2,46,75633,1,0,0,1,1,0,4,2,0,0,0,0,0,,1/1/2024,2023
7891,SYNTHETIC SITE 01890,101890,,SYNTHETIC COMPANY 01890,1 Example Way,Nowhere,ZZ,00000,6221,2017,SYNTHETIC INDUSTRY,1,2,65,122021,1,0,1,0,0,7,0,1,0,0,0,0,0,,1/1/2024,2023
7892,SYNTHETIC SITE 01891,101891,,SYNTHETIC COMPANY 01891,1 Example Way,Nowhere,ZZ,00000,4451,2017,SYNTHETIC INDUSTRY,1,2,530,1203398,1,0,2,0,4,14,0,6,0,0,0,0,0,,1/1/2024,2023
7893,SYNTHETIC SITE 01892,101892,,SYNTHETIC COMPANY 01892,1 Example Way,Nowhere,ZZ,00000,3115,2017,SYNTHETIC INDUSTRY,1,2,194,269925,1,0,7,7,4,49,28,18,0,0,0,0,0,,1/1/2024,2023
7894,SYNTHETIC SITE 01893,101893,,SYNTHETIC COMPANY 01893,1 Example Way,Nowhere,ZZ,00000,3252,2017,SYNTHETIC INDUSTRY,1,2,162,260138,2,0,0,0,0,0,0,0,0,0,0,0,0,,1/1/2024,2023
7895,SYNTHETIC SITE 01894,101894,,SYNTHETIC COMPANY 01894,1 Example Way,Nowhere,ZZ,00000,4841,2017,SYNTHETIC INDUSTRY,1,2,45,94931,2,0,0,0,0,0,0,0,0,0,0,0,0,,1/1/2024,2023
7896,SYNTHETIC SITE 01895,101895,,SYNTHETIC COMPANY 01895,1 Example Way,Nowhere,ZZ,00000,6221,2017,SYNTHETIC INDUSTRY,1,2,79,169920,2,0,0,0,0,0,0,0,0,0,0,0,0,,1/1/2024,2023
7897,SYNTHETIC SITE 01896,101896,,SYNTHETIC COMPANY 01896,1 Example Way,Nowhere,ZZ,00000,4841,2017,SYNTHETIC INDUSTRY,1,2,15,30229,1,0,0,1,0,0,4,1,0,0,0,0,0,,1/1/2024,2023
7898,SYNTHETIC SITE 01897,101897,,SYNTHETIC COMPANY 01897,1 Example Way,Nowhere,ZZ,00000,3252,2017,SYNTHETIC INDUSTRY,1,2,58,108463,1,0,1,2,2,7,8,5,0,0,0,0,0,,1/1/2024,2023
7899,SYNTHETIC SITE 01898,101898,,SYNTHETIC COMPANY 01898,1 Example Way,Nowhere,ZZ,00000,4451,2017,SYNTHETIC INDUSTRY,1,2,28,59040,2,0,0,0,0,0,0,0,0,0,0,0,0,,1/1/2024,2023
7900,SYNTHETIC SITE 01899,101899,,SYNTHETIC COMPANY 01899,1 Example Way,Nowhere,ZZ,00000,3251,2017,SYNTHETIC INDUSTRY,1,2,269,584967,2,0,0,0,0,0,0,0,0,0,0,0,0,,1/1/2024,2023
7901,SYNTHETIC SITE 01900,101900,,SYNTHETIC COMPANY 01900,1 Example Way,Nowhere,ZZ,00000,3115,2017,SYNTHETIC INDUSTRY,1,2,153,296745,1,0,0,0,2,0,0,2,0,0,0,0,0,,1/1/2024,2023
7902,SYNTHETIC SITE 01901,101901,,SYNTHETIC COMPANY 01901,1 Example Way,Nowhere,ZZ,00000,3115,2017,SYNTHETIC INDUSTRY,1,2,15,31881,2,0,0,0,0,0,0,0,0,0,0,0,0,,1/1/2024,2023
7903,SYNTHETIC SITE 01902,101902,,SYNTHETIC COMPANY 01902,1 Example Way,Nowhere,ZZ,00000,3252,2017,SYNTHETIC INDUSTRY,1,2,29,61292,2,0,0,0,0,0,0,0,0,0,0,0,0,,1/1/2024,2023
7904,SYNTHETIC SITE 01903,101903,,SYNTHETIC COMPANY 01903,1 Example Way,Nowhere,ZZ,00000,3251,2017,SYNTHETIC INDUSTRY,1,2,15,32480,2,0,0,0,0,0,0,0,0,0,0,0,0,,1/1/2024,2023
7905,SYNTHETIC SITE 01904,101904,,SYNTHETIC COMPANY 01904,1 Example Way,Nowhere,ZZ,00000,3251,2017,SYNTHETIC INDUSTRY,1,2,94,171072,1,0,0,0,1,0,0,1,0,0,0,0,0,,1/1/2024,2023
7906,SYNTHETIC SITE 01905,101905,,SYNTHETIC COMPANY 01905,1 Example Way,Nowhere,ZZ,00000,3251,2017,SYNTHETIC INDUSTRY,1,2,17,26575,2,0,0,0,0,0,0,0,0,0,0,0,0,,1/1/2024,2023
7907,SYNTHETIC SITE 01906,101906,,SYNTHETIC COMPANY 01906,1 Example Way,Nowhere,ZZ,00000,4451,2017,SYNTHETIC INDUSTRY,1,2,79,140228,2,0,0,0,0,0,0,0,0,0,0,0,0,,1/1/2024,2023
7908,SYNTHETIC SITE 01907,101907,,SYNTHETIC COMPANY 01907,1 Example Way,Nowhere,ZZ,00000,3115,2017,SYNTHETIC INDUSTRY,1,2,53,73991,1,0,1,0,1,7,0,2,0,0,0,0,0,,1/1/2024,2023
7909,SYNTHETIC SITE 01908,101908,,SYNTHETIC COMPANY 01908,1 Example Way,Nowhere,ZZ,00000,3328,2017,SYNTHETIC INDUSTRY,1,2,88,173092,2,0,0,0,0,0,0,0,0,0,0,0,0,,1/1/2024,2023
7910,SYNTHETIC SITE 01909,101909,,SYNTHETIC COMPANY 01909,1 Example Way,Nowhere,ZZ,00000,3328,2017,SYNTHETIC INDUSTRY,1,2,204,424313,1,0,1,1,1,7,4,3,0,0,0,0,0,,1/1/2024,2023
7911,SYNTHETIC SITE 01910,101910,,SYNTHETIC COMPANY 01910,1 Example Way,Nowhere,ZZ,00000,3251,2017,SYNTHETIC INDUSTRY,1,2,23,56549,1,0,1,0,1,7,0,2,0,0,0,0,0,,1/1/2024,2023
7912,SYNTHETIC SITE 01911,101911,,SYNTHETIC COMPANY 01911,1 Example Way,Nowhere,ZZ,00000,3328,2017,SYNTHETIC INDUSTRY,1,2,119,200782,1,0,0,0,1,0,0,1,0,0,0,0,0,,1/1/2024,2023
7913,SYNTHETIC SITE 01912,101912,,SYNTHETIC COMPANY 01912,1 Example Way,Nowhere,ZZ,00000,6221,2017,SYNTHETIC INDUSTRY,1,2,21,31493,2,0,0,0,0,0,0,0,0,0,0,0,0,,1/1/2024,2023
7914,SYNTHETIC SITE 01913,101913,,SYNTHETIC COMPANY 01913,1 Example Way,Nowhere,ZZ,00000,6221,2017,SYNTHETIC INDUSTRY,1,2,312,555940,1,0,0,0,4,0,0,4,0,0,0,0,0,,1/1/2024,2023
7915,SYNTHETIC SITE 01914,101914,,SYNTHETIC COMPANY 01914,1 Example Way,Nowhere,ZZ,00000,3328,2017,SYNTHETIC INDUSTRY,1,2,18,32399,2,0,0,0,0,0,0,0,0,0,0,0,0,,1/1/2024,2023
7916,SYNTHETIC SITE 01915,101915,,SYNTHETIC COMPANY 01915,1 Example Way,Nowhere,ZZ,00000,3251,2017,SYNTHETIC INDUSTRY,1,2,142,224027,2,0,0,0,0,0,0,0,0,0,0,0,0,,1/1/2024,2023
7917,SYNTHETIC SITE 01916,101916,,SYNTHETIC COMPANY 01916,1 Example Way,Nowhere,ZZ,00000,3328,2017,SYNTHETIC INDUSTRY,1,2,21,32090,1,0,1,0,0,7,0,1,0,0,0,0,0,,1/1/2024,2023
7918,SYNTHETIC SITE 01917,101917,,SYNTHETIC COMPANY 01917,1 Example Way,Nowhere,ZZ,00000,4451,2017,SYNTHETIC INDUSTRY,1,2,57,119337,1,0,1,0,1,7,0,2,0,0,0,0,0,,1/1/2024,2023
7919,SYNTHETIC SITE 01918,101918,,SYNTHETIC COMPANY 01918,1 Example Way,Nowhere,ZZ,00000,3328,2017,SYNTHETIC INDUSTRY,1,2,69,119121,1,0,1,1,5,7,4,7,0,0,0,0,0,,1/1/2024,2023
7920,SYNTHETIC SITE 01919,101919,,SYNTHETIC COMPANY 01919,1 Example Way,Nowhere,ZZ,00000,4451,2017,SYNTHETIC INDUSTRY,1,2,32,55847,2,0,0,0,0,0,0,0,0,0,0,0,0,,1/1/2024,2023
7921,SYNTHETIC SITE 01920,101920,,SYNTHETIC COMPANY 01920,1 Example Way,Nowhere,ZZ,00000,3328,2017,SYNTHETIC INDUSTRY,1,2,35,65768,1,0,2,2,1,14,8,5,0,0,0,0,0,,1/1/2024,2023
7922,SYNTHETIC SITE 01921,101921,,SYNTHETIC COMPANY 01921,1 Example Way,Nowhere,ZZ,00000,4841,2017,SYNTHETIC INDUSTRY,1,2,34,64026,1,0,1,0,0,7,0,1,0,0,0,0,0,,1/1/2024,2023
7923,SYNTHETIC SITE 01922,101922,,SYNTHETIC COMPANY 01922,1 Example Way,Nowhere,ZZ,00000,4451,2017,SYNTHETIC INDUSTRY,1,2,11,20087,2,0,0,0,0,0,0,0,0,0,0,0,0,,1/1/2024,2023
7924,SYNTHETIC SITE 01923,101923,,SYNTHETIC COMPANY 01923,1 Example Way,Nowhere,ZZ,00000,3252,2017,SYNTHETIC INDUSTRY,1,2,24,33882,2,0,0,0,0,0,0,0,0,0,0,0,0,,1/1/2024,2023
7925,SYNTHETIC SITE 01924,101924,,SYNTHETIC COMPANY 01924,1 Example Way,Nowhere,ZZ,00000,4451,2017,SYNTHETIC INDUSTRY,1,2,27,49060,2,0,0,0,0,0,0,0,0,0,0,0,0,,1/1/2024,2023
7926,SYNTHETIC SITE 01925,101925,,SYNTHETIC COMPANY 01925,1 Example Way,Nowhere,ZZ,00000,3251,2017,SYNTHETIC INDUSTRY,1,2,34,63907,2,0,0,0,0,0,0,0,0,0,0,0,0,,1/1/2024,2023
7927,SYNTHETIC SITE 01926,101926,,SYNTHETIC COMPANY 01926,1 Example Way,Nowhere,ZZ,00000,3252,2017,SYNTHETIC INDUSTRY,1,2,105,179936,1,0,2,4,4,14,16,10,0,0,0,0,0,,1/1/2024,2023
7928,SYNTHETIC SITE 01927,101927,,SYNTHETIC COMPANY 01927,1 Example Way,Nowhere,ZZ,00000,4451,2017,SYNTHETIC INDUSTRY,1,2,45,75814,2,0,0,0,0,0,0,0,0,0,0,0,0,,1/1/2024,2023
7929,SYNTHETIC SITE 01928,101928,,SYNTHETIC COMPANY 01928,1 Example Way,Nowhere,ZZ,00000,4841,2017,SYNTHETIC INDUSTRY,1,2,220,405676,1,0,8,4,12,56,16,24,0,0,0,0,0,,1/1/2024,2023
7930,SYNTHETIC SITE 01929,101929,,SYNTHETIC COMPANY 01929,1 Example Way,Nowhere,ZZ,00000,3115,2017,SYNTHETIC INDUSTRY,1,2,11,18793,2,0,0,0,0,0,0,0,0,0,0,0,0,,1/1/2024,2023
7931,SYNTHETIC SITE 01930,101930,,SYNTHETIC COMPANY 01930,1 Example Way,Nowhere,ZZ,00000,3328,2017,SYNTHETIC INDUSTRY,1,2,92,162878,2,0,0,0,0,0,0,0,0,0,0,0,0,,1/1/2024,2023
7932,SYNTHETIC SITE 01931,101931,,SYNTHETIC COMPANY 01931,1 Example Way,Nowhere,ZZ,00000,4451,2017,SYNTHETIC INDUSTRY,1,2,90,202688,2,0,0,0,0,0,0,0,0,0,0,0,0,,1/1/2024,2023
7933,SYNTHETIC SITE 01932,101932,,SYNTHETIC COMPANY 01932,1 Example Way,Nowhere,ZZ,00000,3251,2017,SYNTHETIC INDUSTRY,1,2,25,58075,1,0,0,1,0,0,4,1,0,0,0,0,0,,1/1/2024,2023
7934,SYNTHETIC SITE 01933,101933,,SYNTHETIC COMPANY 01933,1 Example Way,Nowhere,ZZ,00000,3115,2017,SYNTHETIC INDUSTRY,1,2,37,65642,2,0,0,0,0,0,0,0,0,0,0,0,0,,1/1/2024,2023
7935,SYNTHETIC SITE 01934,101934,,SYNTHETIC COMPANY 01934,1 Example Way,Nowhere,ZZ,00000,2361,2017,SYNTHETIC INDUSTRY,1,2,23,42373,1,0,1,0,0,7,0,1,0,0,0,0,0,,1/1/2024,2023
7936,SYNTHETIC SITE 01935,101935,,SYNTHETIC COMPANY 01935,1 Example Way,Nowhere,ZZ,00000,2361,2017,SYNTHETIC INDUSTRY,1,2,23,46955,2,0,0,0,0,0,0,0,0,0,0,0,0,,1/1/2024,2023
7937,SYNTHETIC SITE 01936,101936,,SYNTHETIC COMPANY 01936,1 Example Way,Nowhere,ZZ,00000,4451,2017,SYNTHETIC INDUSTRY,1,2,77,146247,1,0,2,2,2,14,8,6,0,0,0,0,0,,1/1/2024,2023
7938,SYNTHETIC SITE 01937,101937,,SYNTHETIC COMPANY 01937,1 Example Way,Nowhere,ZZ,00000,3328,2017,SYNTHETIC INDUSTRY,1,2,91,155686,2,0,0,0,0,0,0,0,0,0,0,0,0,,1/1/2024,2023
7939,SYNTHETIC SITE 01938,101938,,SYNTHETIC COMPANY 01938,1 Example Way,Nowhere,ZZ,00000,3252,2017,SYNTHETIC INDUSTRY,1,2,76,134868,1,0,1,0,0,7,0,1,0,0,0,0,0,,1/1/2024,2023
7940,SYNTHETIC SITE 01939,101939,,SYNTHETIC COMPANY 01939,1 Example Way,Nowhere,ZZ,00000,3115,2017,SYNTHETIC INDUSTRY,1,2,166,253627,2,0,0,0,0,0,0,0,0,0,0,0,0,,1/1/2024,2023
7941,SYNTHETIC SITE 01940,101940,,SYNTHETIC COMPANY 01940,1 Example Way,Nowhere,ZZ,00000,6221,2017,SYNTHETIC INDUSTRY,1,2,61,98292,2,0,0,0,0,0,0,0,0,0,0,0,0,,1/1/2024,2023
7942,SYNTHETIC SITE 01941,101941,,SYNTHETIC COMPANY 01941,1 Example Way,Nowhere,ZZ,00000,4451,2017,SYNTHETIC INDUSTRY,1,2,129,218838,1,0,2,3,1,14,12,6,0,0,0,0,0,,1/1/2024,2023
7943,SYNTHETIC SITE 01942,101942,,SYNTHETIC COMPANY 01942,1 Example Way,Nowhere,ZZ,00000,3115,2017,SYNTHETIC INDUSTRY,1,2,16,29040,2,0,0,0,0,0,0,0,0,0,0,0,0,,1/1/2024,2023
7944,SYNTHETIC SITE 01943,101943,,SYNTHETIC COMPANY 01943,1 Example Way,Nowhere,ZZ,00000,6221,2017,SYNTHETIC INDUSTRY,1,2,31,61750,1,0,1,1,0,7,4,2,0,0,0,0,0,,1/1/2024,2023
7945,SYNTHETIC SITE 01944,101944,,SYNTHETIC COMPANY 01944,1 Example Way,Nowhere,ZZ,00000,2361,2017,SYNTHETIC INDUSTRY,1,2,25,56203,1,0,0,0,1,0,0,1,0,0,0,0,0,,1/1/2024,2023
7946,SYNTHETIC SITE 01945,101945,,SYNTHETIC COMPANY 01945,1 Example Way,Nowhere,ZZ,00000,2361,2017,SYNTHETIC INDUSTRY,1,2,35,71386,2,0,0,0,0,0,0,0,0,0,0,0,0,,1/1/2024,2023
7947,SYNTHETIC SITE 01946,101946,,SYNTHETIC COMPANY 01946,1 Example Way,Nowhere,ZZ,00000,6221,2017,SYNTHETIC INDUSTRY,1,2,11,18529,2,0,0,0,0,0,0,0,0,0,0,0,0,,1/1/2024,2023
7948,SYNTHETIC SITE 01947,101947,,SYNTHETIC COMPANY 01947,1 Example Way,Nowhere,ZZ,00000,3328,2017,SYNTHETIC INDUSTRY,1,2,57,127046,2,0,0,0,0,0,0,0,0,0,0,0,0,,1/1/2024,2023
7949,SYNTHETIC SITE 01948,101948,,SYNTHETIC COMPANY 01948,1 Example Way,Nowhere,ZZ,00000,3251,2017,SYNTHETIC INDUSTRY,1,2,44,70164,1,0,2,0,1,14,0,3,0,0,0,0,0,,1/1/2024,2023
7950,SYNTHETIC SITE 01949,101949,,SYNTHETIC COMPANY 01949,1 Example Way,Nowhere,ZZ,00000,2361,2017,SYNTHETIC INDUSTRY,1,2,136,256367,2,0,0,0,0,0,0,0,0,0,0,0,0,,1/1/2024,2023
7951,SYNTHETIC SITE 01950,101950,,SYNTHETIC COMPANY 01950,1 Example Way,Nowhere,ZZ,00000,6221,2017,SYNTHETIC INDUSTRY,1,2,77,126191,1,0,0,0,3,0,0,3,0,0,0,0,0,,1/1/2024,2023
7952,SYNTHETIC SITE 01951,101951,,SYNTHETIC COMPANY 01951,1 Example Way,Nowhere,ZZ,00000,3252,2017,SYNTHETIC INDUSTRY,1,2,54,107947,2,0,0,0,0,0,0,0,0,0,0,0,0,,1/1/2024,2023
7953,SYNTHETIC SITE 01952,101952,,SYNTHETIC COMPANY 01952,1 Example Way,Nowhere,ZZ,00000,2361,2017,SYNTHETIC INDUSTRY,1,2,14,28415,2,0,0,0,0,0,0,0,0,0,0,0,0,,1/1/2024,2023
7954,SYNTHETIC SITE 01953,101953,,SYNTHETIC COMPANY 01953,1 Example Way,Nowhere,ZZ,00000,3251,2017,SYNTHETIC INDUSTRY,1,2,35,66607,2,0,0,0,0,0,0,0,0,0,0,0,0,,1/1/2024,2023
7955,SYNTHETIC SITE 01954,101954,,SYNTHETIC COMPANY 01954,1 Example Way,Nowhere,ZZ,00000,3251,2017,SYNTHETIC INDUSTRY,1,2,195,314099,1,0,1,3,1,7,12,5,0,0,0,0,0,,1/1/2024,2023
7956,SYNTHETIC SITE 01955,101955,,SYNTHETIC COMPANY 01955,1 Example Way,Nowhere,ZZ,00000,2361,2017,SYNTHETIC INDUSTRY,1,2,66,114248,2,0,0,0,0,0,0,0,0,0,0,0,0,,1/1/2024,2023
7957,SYNTHETIC SITE 01956,101956,,SYNTHETIC COMPANY 01956,1 Example Way,Nowhere,ZZ,00000,3328,2017,SYNTHETIC INDUSTRY,1,2,129,229850,1,0,7,2,7,49,8,16,0,0,0,0,0,,1/1/2024,2023
7958,SYNTHETIC SITE 01957,101957,,SYNTHETIC COMPANY 01957,1 Example Way,Nowhere,ZZ,00000,4841,2017,SYNTHETIC INDUSTRY,1,2,190,367602,1,0,2,1,3,14,4,6,0,0,0,0,0,,1/1/2024,2023
7959,SYNTHETIC SITE 01958,101958,,SYNTHETIC COMPANY 01958,1 Example Way,Nowhere,ZZ,00000,3328,2017,SYNTHETIC INDUSTRY,1,2,178,312296,1,0,1,0,0,7,0,1,0,0,0,0,0,,1/1/2024,2023
7960,SYNTHETIC SITE 01959,101959,,SYNTHETIC COMPANY 01959,1 Example Way,Nowhere,ZZ,00000,3251,2017,SYNTHETIC INDUSTRY,1,2,47,75014,2,0,0,0,0,0,0,0,0,0,0,0,0,,1/1/2024,2023
7961,SYNTHETIC SITE 01960,101960,,SYNTHETIC COMPANY 01960,1 Example Way,Nowhere,ZZ,00000,4451,2017,SYNTHETIC INDUSTRY,1,2,42,68304,2,0,0,0,0,0,0,0,0,0,0,0,0,,1/1/2024,2023
7962,SYNTHETIC SITE 01961,101961,,SYNTHETIC COMPANY 01961,1 Example Way,Nowhere,ZZ,00000,6221,2017,SYNTHETIC INDUSTRY,1,2,17,32009,2,0,0,0,0,0,0,0,0,0,0,0,0,,1/1/2024,2023
7963,SYNTHETIC SITE 01962,101962,,SYNTHETIC COMPANY 01962,1 Example Way,Nowhere,ZZ,00000,3251,2017,SYNTHETIC INDUSTRY,1,2,44,66815,1,0,1,0,0,7,0,1,0,0,0,0,0,,1/1/2024,2023
7964,SYNTHETIC SITE 01963,101963,,SYNTHETIC COMPANY 01963,1 Example Way,Nowhere,ZZ,00000,3328,2017,SYNTHETIC INDUSTRY,1,2,16,29992,2,0,0,0,0,0,0,0,0,0,0,0,0,,1/1/2024,2023
7965,SYNTHETIC SITE 01964,101964,,SYNTHETIC COMPANY 01964,1 Example Way,Nowhere,ZZ,00000,3328,2017,SYNTHETIC INDUSTRY,1,2,21,372580,2,0,0,0,0,0,0,0,0,0,0,0,0,,1/1/2024,2023
7966,SYNTHETIC SITE 01965,101965,,SYNTHETIC COMPANY 01965,1 Example Way,Nowhere,ZZ,00000,4841,2017,SYNTHETIC INDUSTRY,1,2,719,1250315,1,0,4,1,4,28,4,9,0,0,0,0,0,,1/1/2024,2023
7967,SYNTHETIC SITE 01966,101966,,SYNTHETIC COMPANY 01966,1 Example Way,Nowhere,ZZ,00000,3328,2017,SYNTHETIC INDUSTRY,1,2,29,54497,2,0,0,0,0,0,0,0,0,0,0,0,0,,1/1/2024,2023
7968,SYNTHETIC SITE 01967,101967,,SYNTHETIC COMPANY 01967,1 Example Way,Nowhere,ZZ,00000,3115,2017,SYNTHETIC INDUSTRY,1,2,41,80556,1,0,1,0,3,7,0,4,0,0,0,0,0,,1/1/2024,2023
7969,SYNTHETIC SITE 01968,101968,,SYNTHETIC COMPANY 01968,1 Example Way,Nowhere,ZZ,00000,6221,2017,SYNTHETIC INDUSTRY,1,2,11,23397,2,0,0,0,0,0,0,0,0,0,0,0,0,,1/1/2024,2023
7970,SYNTHETIC SITE 01969,101969,,SYNTHETIC COMPANY 01969,1 Example Way,Nowhere,ZZ,00000,3328,2017,SYNTHETIC INDUSTRY,1,2,33,51749,2,0,0,0,0,0,0,0,0,0,0,0,0,,1/1/2024,2023
7971,SYNTHETIC SITE 01970,101970,,SYNTHETIC COMPANY 01970,1 Example Way,Nowhere,ZZ,00000,2361,2017,SYNTHETIC INDUSTRY,1,2,151,275236,1,0,1,0,0,7,0,1,0,0,0,0,0,,1/1/2024,2023
7972,SYNTHETIC SITE 01971,101971,,SYNTHETIC COMPANY 01971,1 Example Way,Nowhere,ZZ,00000,3252,2017,SYNTHETIC INDUSTRY,1,2,10,16454,2,0,0,0,0,0,0,0,0,0,0,0,0,,1/1/2024,2023
7973,SYNTHETIC SITE 01972,101972,,SYNTHETIC COMPANY 01972,1 Example Way,Nowhere,ZZ,00000,3251,2017,SYNTHETIC INDUSTRY,1,2,59,133531,1,0,1,1,6,7,4,8,0,0,0,0,0,,1/1/2024,2023
7974,SYNTHETIC SITE 01973,101973,,SYNTHETIC COMPANY 01973,1 Example Way,Nowhere,ZZ,00000,3328,2017,SYNTHETIC INDUSTRY,1,2,29,36792,2,0,0,0,0,0,0,0,0,0,0,0,0,,1/1/2024,2023
7975,SYNTHETIC SITE 01974,101974,,SYNTHETIC COMPANY 01974,1 Example Way,Nowhere,ZZ,00000,2361,2017,SYNTHETIC INDUSTRY,1,2,150,230947,1,0,0,0,2,0,0,2,0,0,0,0,0,,1/1/2024,2023
7976,SYNTHETIC SITE 01975,101975,,SYNTHETIC COMPANY 01975,1 Example Way,Nowhere,ZZ,00000,2361,2017,SYNTHETIC INDUSTRY,1,2,260,445901,1,0,2,6,5,14,24,13,0,0,0,0,0,,1/1/2024,2023
7977,SYNTHETIC SITE 01976,101976,,SYNTHETIC COMPANY 01976,1 Example Way,Nowhere,ZZ,00000,3251,2017,SYNTHETIC INDUSTRY,1,2,36,59888,2,0,0,0,0,0,0,0,0,0,0,0,0,,1/1/2024,2023
7978,SYNTHETIC SITE 01977,101977,,SYNTHETIC COMPANY 01977,1 Example Way,Nowhere,ZZ,00000,4451,2017,SYNTHETIC INDUSTRY,1,2,167,315384,1,0,7,7,2,49,28,16,0,0,0,0,0,,1/1/2024,2023
7979,SYNTHETIC SITE 01978,101978,,SYNTHETIC COMPANY 01978,1 Example Way,Nowhere,ZZ,00000,4451,2017,SYNTHETIC INDUSTRY,1,2,28,42161,2,0,0,0,0,0,0,0,0,0,0,0,0,,1/1/2024,2023
7980,SYNTHETIC SITE 01979,101979,,SYNTHETIC COMPANY 01979,1 Example Way,Nowhere,ZZ,00000,3252,2017,SYNTHETIC INDUSTRY,1,2,21,31015,2,0,0,0,0,0,0,0,0,0,0,0,0,,1/1/2024,2023
7981,SYNTHETIC SITE 01980,101980,,SYNTHETIC COMPANY 01980,1 Example Way,Nowhere,ZZ,00000,3328,2017,SYNTHETIC INDUSTRY,1,2,34,62891,1,0,0,0,1,0,0,1,0,0,0,0,0,,1/1/2024,2023
7982,SYNTHETIC SITE 01981,101981,,SYNTHETIC COMPANY 01981,1 Example Way,Nowhere,ZZ,00000,6221,2017,SYNTHETIC INDUSTRY,1,2,38,68011,1,0,1,0,1,7,0,2,0,0,0,0,0,,1/1/2024,2023
7983,SYNTHETIC SITE 01982,101982,,SYNTHETIC COMPANY 01982,1 Example Way,Nowhere,ZZ,00000,3115,2017,SYNTHETIC INDUSTRY,1,2,67,128054,2,0,0,0,0,0,0,0,0,0,0,0,0,,1/1/2024,2023
7984,SYNTHETIC SITE 01983,101983,,SYNTHETIC COMPANY 01983,1 Example Way,Nowhere,ZZ,00000,4451,2017,SYNTHETIC INDUSTRY,1,2,19,32557000,2,0,0,0,0,0,0,0,0,0,0,0,0,,1/1/2024,2023
7985,SYNTHETIC SITE 01984,101984,,SYNTHETIC COMPANY 01984,1 Example Way,Nowhere,ZZ,00000,3328,2017,SYNTHETIC INDUSTRY,1,2,105,196254,1,0,0,0,1,0,0,1,0,0,0,0,0,,1/1/2024,2023
7986,SYNTHETIC SITE 01985,101985,,SYNTHETIC COMPANY 01985,1 Example Way,Nowhere,ZZ,00000,4451,2017,SYNTHETIC INDUSTRY,1,2,179,354944,2,0,0,0,0,0,0,0,0,0,0,0,0,,1/1/2024,2023
7987,SYNTHETIC SITE 01986,101986,,SYNTHETIC COMPANY 01986,1 Example Way,Nowhere,ZZ,00000,4451,2017,SYNTHETIC INDUSTRY,1,2,16,31183,2,0,0,0,0,0,0,0,0,0,0,0,0,,1/1/2024,2023
7988,SYNTHETIC SITE 01987,101987,,SYNTHETIC COMPANY 01987,1 Example Way,Nowhere,ZZ,00000,6221,2017,SYNTHETIC INDUSTRY,1,2,13,23673,1,0,1,0,2,7,0,3,0,0,0,0,0,,1/1/2024,2023
7989,SYNTHETIC SITE 01988,101988,,SYNTHETIC COMPANY 01988,1 Example Way,Nowhere,ZZ,00000,3115,2017,SYNTHETIC INDUSTRY,1,2,60,115489,2,0,0,0,0,0,0,0,0,0,0,0,0,,1/1/2024,2023
7990,SYNTHETIC SITE 01989,101989,,SYNTHETIC COMPANY 01989,1 Example Way,Nowhere,ZZ,00000,3328,2017,SYNTHETIC INDUSTRY,1,2,13,20697,2,0,0,0,0,0,0,0,0,0,0,0,0,,1/1/2024,2023
7991,SYNTHETIC SITE 01990,101990,,SYNTHETIC COMPANY 01990,1 Example Way,Nowhere,ZZ,00000,2361,2017,SYNTHETIC INDUSTRY,1,2,7,15654,1,0,1,0,0,7,0,1,0,0,0,0,0,,1/1/2024,2023
7992,SYNTHETIC SITE 01991,101991,,SYNTHETIC COMPANY 01991,1 Example Way,Nowhere,ZZ,00000,4451,2017,SYNTHETIC INDUSTRY,1,2,10,15821,2,0,0,0,0,0,0,0,0,0,0,0,0,,1/1/2024,2023
7993,SYNTHETIC SITE 01992,101992,,SYNTHETIC COMPANY 01992,1 Example Way,Nowhere,ZZ,00000,3252,2017,SYNTHETIC INDUSTRY,1,2,4,8984,2,0,0,0,0,0,0,0,0,0,0,0,0,,1/1/2024,2023
7994,SYNTHETIC SITE 01993,101993,,SYNTHETIC COMPANY 01993,1 Example Way,Nowhere,ZZ,00000,3251,2017,SYNTHETIC INDUSTRY,1,2,16,33371,1,0,3,2,0,21,8,5,0,0,0,0,0,,1/1/2024,2023
7995,SYNTHETIC SITE 01994,101994,,SYNTHETIC COMPANY 01994,1 Example Way,Nowhere,ZZ,00000,3115,2017,SYNTHETIC INDUSTRY,1,2,11,20792,2,0,0,0,0,0,0,0,0,0,0,0,0,,1/1/2024,2023
7996,SYNTHETIC SITE 01995,101995,,SYNTHETIC COMPANY 01995,1 Example Way,Nowhere,ZZ,00000,3252,2017,SYNTHETIC INDUSTRY,1,2,130,232455,2,0,0,0,0,0,0,0,0,0,0,0,0,,1/1/2024,2023
7997,SYNTHETIC SITE 01996,101996,,SYNTHETIC COMPANY 01996,1 Example Way,Nowhere,ZZ,00000,6221,2017,SYNTHETIC INDUSTRY,1,2,218,381690,1,0,0,0,1,0,0,1,0,0,0,0,0,,1/1/2024,2023
7998,SYNTHETIC SITE 01997,101997,,SYNTHETIC COMPANY 01997,1 Example Way,Nowhere,ZZ,00000,4451,2017,SYNTHETIC INDUSTRY,1,2,218,527335,1,0,9,6,7,63,24,22,0,0,0,0,0,,1/1/2024,2023
7999,SYNTHETIC SITE 01998,101998,,SYNTHETIC COMPANY 01998,1 Example Way,Nowhere,ZZ,00000,3251,2017,SYNTHETIC INDUSTRY,1,2,22,39073,2,0,0,0,0,0,0,0,0,0,0,0,0,,1/1/2024,2023
8000,SYNTHETIC SITE 01999,101999,,SYNTHETIC COMPANY 01999,1 Example Way,Nowhere,ZZ,00000,4451,2017,SYNTHETIC INDUSTRY,1,2,110,159470,2,0,0,0,0,0,0,0,0,0,0,0,0,,1/1/2024,2023
8001,SYNTHETIC SITE 02000,102000,,SYNTHETIC COMPANY 02000,1 Example Way,Nowhere,ZZ,00000,3251,2017,SYNTHETIC INDUSTRY,1,2,75,164975,2,0,0,0,0,0,0,0,0,0,0,0,0,,1/1/2024,2023
8002,SYNTHETIC SITE 02001,102001,,SYNTHETIC COMPANY 02001,1 Example Way,Nowhere,ZZ,00000,6221,2017,SYNTHETIC INDUSTRY,1,2,4,6528,2,0,0,0,0,0,0,0,0,0,0,0,0,,1/1/2024,2023
8003,SYNTHETIC SITE 02002,102002,,SYNTHETIC COMPANY 02002,1 Example Way,Nowhere,ZZ,00000,3115,2017,SYNTHETIC INDUSTRY,1,2,342,625041,1,0,3,7,12,21,28,22,0,0,0,0,0,,1/1/2024,2023
8004,SYNTHETIC SITE 02003,102003,,SYNTHETIC COMPANY 02003,1 Example Way,Nowhere,ZZ,00000,6221,2017,SYNTHETIC INDUSTRY,1,2,207,385869,1,0,0,0,1,0,0,1,0,0,0,0,0,,1/1/2024,2023
8005,SYNTHETIC SITE 02004,102004,,SYNTHETIC COMPANY 02004,1 Example Way,Nowhere,ZZ,00000,4451,2017,SYNTHETIC INDUSTRY,1,2,361,446709,2,0,0,0,0,0,0,0,0,0,0,0,0,,1/1/2024,2023
8006,SYNTHETIC SITE 02005,102005,,SYNTHETIC COMPANY 02005,1 Example Way,Nowhere,ZZ,00000,3115,2017,SYNTHETIC INDUSTRY,1,2,317,477866,2,0,0,0,0,0,0,0,0,0,0,0,0,,1/1/2024,2023
8007,SYNTHETIC SITE 02006,102006,,SYNTHETIC COMPANY 02006,1 Example Way,Nowhere,ZZ,00000,3251,2017,SYNTHETIC INDUSTRY,1,2,198,402749,1,0,2,1,7,14,4,10,0,0,0,0,0,,1/1/2024,2023
8008,SYNTHETIC SITE 02007,102007,,SYNTHETIC COMPANY 02007,1 Example Way,Nowhere,ZZ,00000,3251,2017,SYNTHETIC INDUSTRY,1,2,15,22671,2,0,0,0,0,0,0,0,0,0,0,0,0,,1/1/2024,2023
8009,SYNTHETIC SITE 02008,102008,,SYNTHETIC COMPANY 02008,1 Example Way,Nowhere,ZZ,00000,3252,2017,SYNTHETIC INDUSTRY,1,2,26,50433,2,0,0,0,0,0,0,0,0,0,0,0,0,,1/1/2024,2023
8010,SYNTHETIC SITE 02009,102009,,SYNTHETIC COMPANY 02009,1 Example Way,Nowhere,ZZ,00000,3328,2017,SYNTHETIC INDUSTRY,1,2,31,46853,2,0,0,0,0,0,0,0,0,0,0,0,0,,1/1/2024,2023
8011,SYNTHETIC SITE 02010,102010,,SYNTHETIC COMPANY 02010,1 Example Way,Nowhere,ZZ,00000,2361,2017,SYNTHETIC INDUSTRY,1,2,35,50493,2,0,0,0,0,0,0,0,0,0,0,0,0,,1/1/2024,2023
8012,SYNTHETIC SITE 02011,102011,,SYNTHETIC COMPANY 02011,1 Example Way,Nowhere,ZZ,00000,2361,2017,SYNTHETIC INDUSTRY,1,2,128,223793,1,0,1,1,0,7,4,2,0,0,0,0,0,,1/1/2024,2023
8013,SYNTHETIC SITE 02012,102012,,SYNTHETIC COMPANY 02012,1 Example Way,Nowhere,ZZ,00000,2361,2017,SYNTHETIC INDUSTRY,1,2,47,91764,2,0,0,0,0,0,0,0,0,0,0,0,0,,1/1/2024,2023
8014,SYNTHETIC SITE 02013,102013,,SYNTHETIC COMPANY 02013,1 Example Way,Nowhere,ZZ,00000,2361,2017,SYNTHETIC INDUSTRY,1,2,521,787215,2,0,0,0,0,0,0,0,0,0,0,0,0,,1/1/2024,2023
8015,SYNTHETIC SITE 02014,102014,,SYNTHETIC COMPANY 02014,1 Example Way,Nowhere,ZZ,00000,3252,2017,SYNTHETIC INDUSTRY,1,2,77,154127,1,0,0,0,1,0,0,1,0,0,0,0,0,,1/1/2024,2023
8016,SYNTHETIC SITE 02015,102015,,SYNTHETIC COMPANY 02015,1 Example Way,Nowhere,ZZ,00000,3115,2017,SYNTHETIC INDUSTRY,1,2,174,265770,1,0,4,3,6,28,12,13,0,0,0,0,0,,1/1/2024,2023
8017,SYNTHETIC SITE 02016,102016,,SYNTHETIC COMPANY 02016,1 Example Way,Nowhere,ZZ,00000,3115,2017,SYNTHETIC INDUSTRY,1,2,77,140812,1,0,0,0,1,0,0,1,0,0,0,0,0,,1/1/2024,2023
8018,SYNTHETIC SITE 02017,102017,,SYNTHETIC COMPANY 02017,1 Example Way,Nowhere,ZZ,00000,3115,2017,SYNTHETIC INDUSTRY,1,2,108,232371,1,0,1,0,1,7,0,2,0,0,0,0,0,,1/1/2024,2023
8019,SYNTHETIC SITE 02018,102018,,SYNTHETIC COMPANY 02018,1 Example Way,Nowhere,ZZ,00000,2361,2017,SYNTHETIC INDUSTRY,1,2,16,36268,2,0,0,0,0,0,0,0,0,0,0,0,0,,1/1/2024,2023
8020,SYNTHETIC SITE 02019,102019,,SYNTHETIC COMPANY 02019,1 Example Way,Nowhere,ZZ,00000,3115,2017,SYNTHETIC INDUSTRY,1,2,64,123422,1,0,0,0,1,0,0,1,0,0,0,0,0,,1/1/2024,2023
8021,SYNTHETIC SITE 02020,102020,,SYNTHETIC COMPANY 02020,1 Example Way,Nowhere,ZZ,00000,6221,2017,SYNTHETIC INDUSTRY,1,2,127,248431,2,0,0,0,0,0,0,0,0,0,0,0,0,,1/1/2024,2023
8022,SYNTHETIC SITE 02021,102021,,SYNTHETIC COMPANY 02021,1 Example Way,Nowhere,ZZ,00000,6221,2017,SYNTHETIC INDUSTRY,1,2,42,84595,1,0,0,0,1,0,0,1,0,0,0,0,0,,1/1/2024,2023
8023,SYNTHETIC SITE 02022,102022,,SYNTHETIC COMPANY 02022,1 Example Way,Nowhere,ZZ,00000,3328,2017,SYNTHETIC INDUSTRY,1,2,62,90045,2,0,0,0,0,0,0,0,0,0,0,0,0,,1/1/2024,2023
8024,SYNTHETIC SITE 02023,102023,,SYNTHETIC COMPANY 02023,1 Example Way,Nowhere,ZZ,00000,3328,2017,SYNTHETIC INDUSTRY,1,2,641,1089156,1,0,3,0,0,21,0,3,0,0,0,0,0,,1/1/2024,2023
8025,SYNTHETIC SITE 02024,102024,,SYNTHETIC COMPANY 02024,1 Example Way,Nowhere,ZZ,00000,4841,2017,SYNTHETIC INDUSTRY,1,2,399,543995,2,0,0,0,0,0,0,0,0,0,0,0,0,,1/1/2024,2023
8026,SYNTHETIC SITE 02025,102025,,SYNTHETIC COMPANY 02025,1 Example Way,Nowhere,ZZ,00000,3115,2017,SYNTHETIC INDUSTRY,1,2,170,332738,1,0,0,1,0,0,4,1,0,0,0,0,0,,1/1/2024,2023
8027,SYNTHETIC SITE 02026,102026,,SYNTHETIC COMPANY 02026,1 Example Way,Nowhere,ZZ,00000,4841,2017,SYNTHETIC INDUSTRY,1,2,6,14444,1,0,0,0,1,0,0,1,0,0,0,0,0,,1/1/2024,2023
8028,SYNTHETIC SITE 02027,102027,,SYNTHETIC COMPANY 02027,1 Example Way,Nowhere,ZZ,00000,3328,2017,SYNTHETIC INDUSTRY,1,2,64,97855,2,0,0,0,0,0,0,0,0,0,0,0,0,,1/1/2024,2023
8029,SYNTHETIC SITE 02028,102028,,SYNTHETIC COMPANY 02028,1 Example Way,Nowhere,ZZ,00000,3115,2017,SYNTHETIC INDUSTRY,1,2,6,10852,1,0,0,0,1,0,0,1,0,0,0,0,0,,1/1/2024,2023
8030,SYNTHETIC SITE 02029,102029,,SYNTHETIC COMPANY 02029,1 Example Way,Nowhere,ZZ,00000,2361,2017,SYNTHETIC INDUSTRY,1,2,18,34600,2,0,0,0,0,0,0,0,0,0,0,0,0,,1/1/2024,2023
8031,SYNTHETIC SITE 02030,102030,,SYNTHETIC COMPANY 02030,1 Example Way,Nowhere,ZZ,00000,4451,2017,SYNTHETIC INDUSTRY,1,2,942,1311302,2,0,0,0,0,0,0,0,0,0,0,0,0,,1/1/2024,2023
8032,SYNTHETIC SITE 02031,102031,,SYNTHETIC COMPANY 02031,1 Example Way,Nowhere,ZZ,00000,6221,2017,SYNTHETIC INDUSTRY,1,2,10,22710,1,0,2,0,2,14,0,4,0,0,0,0,0,,1/1/2024,2023
8033,SYNTHETIC SITE 02032,102032,,SYNTHETIC COMPANY 02032,1 Example Way,Nowhere,ZZ,00000,4841,2017,SYNTHETIC INDUSTRY,1,2,8,14610,1,0,0,1,0,0,4,1,0,0,0,0,0,,1/1/2024,2023
8034,SYNTHETIC SITE 02033,102033,,SYNTHETIC COMPANY 02033,1 Example Way,Nowhere,ZZ,00000,3251,2017,SYNTHETIC INDUSTRY,1,2,168,371636,1,0,2,0,1,14,0,3,0,0,0,0,0,,1/1/2024,2023
8035,SYNTHETIC SITE 02034,102034,,SYNTHETIC COMPANY 02034,1 Example Way,Nowhere,ZZ,00000,4841,2017,SYNTHETIC INDUSTRY,1,2,92,147305,2,0,0,0,0,0,0,0,0,0,0,0,0,,1/1/2024,2023
8036,SYNTHETIC SITE 02035,102035,,SYNTHETIC COMPANY 02035,1 Example Way,Nowhere,ZZ,00000,2361,2017,SYNTHETIC INDUSTRY,1,2,47,80171,1,0,0,1,0,0,4,1,0,0,0,0,0,,1/1/2024,2023
8037,SYNTHETIC SITE 02036,102036,,SYNTHETIC COMPANY 02036,1 Example Way,Nowhere,ZZ,00000,2361,2017,SYNTHETIC INDUSTRY,1,2,30,70631,1,0,0,0,1,0,0,1,0,0,0,0,0,,1/1/2024,2023
8038,SYNTHETIC SITE 02037,102037,,SYNTHETIC COMPANY 02037,1 Example Way,Nowhere,ZZ,00000,3115,2017,SYNTHETIC INDUSTRY,1,2,6,11803,2,0,0,0,0,0,0,0,0,0,0,0,0,,1/1/2024,2023
8039,SYNTHETIC SITE 02038,102038,,SYNTHETIC COMPANY 02038,1 Example Way,Nowhere,ZZ,00000,3251,2017,SYNTHETIC INDUSTRY,1,2,69,128370,1,0,0,0,1,0,0,1,0,0,0,0,0,,1/1/2024,2023
8040,SYNTHETIC SITE 02039,102039,,SYNTHETIC COMPANY 02039,1 Example Way,Nowhere,ZZ,00000,6221,2017,SYNTHETIC INDUSTRY,1,2,49,76927,2,0,0,0,0,0,0,0,0,0,0,0,0,,1/1/2024,2023
8041,SYNTHETIC SITE 02040,102040,,SYNTHETIC COMPANY 02040,1 Example Way,Nowhere,ZZ,00000,3251,2017,SYNTHETIC INDUSTRY,1,2,80,155929,2,0,0,0,0,0,0,0,0,0,0,0,0,,1/1/2024,2023
8042,SYNTHETIC SITE 02041,102041,,SYNTHETIC COMPANY 02041,1 Example Way,Nowhere,ZZ,00000,3328,2017,SYNTHETIC INDUSTRY,1,2,165,310519,2,0,0,0,0,0,0,0,0,0,0,0,0,,1/1/2024,2023
8043,SYNTHETIC SITE 02042,102042,,SYNTHETIC COMPANY 02042,1 Example Way,Nowhere,ZZ,00000,3115,2017,SYNTHETIC INDUSTRY,1,2,451,835830,2,0,0,0,0,0,0,0,0,0,0,0,0,,1/1/2024,2023
8044,SYNTHETIC SITE 02043,102043,,SYNTHETIC COMPANY 02043,1 Example Way,Nowhere,ZZ,00000,3252,2017,SYNTHETIC INDUSTRY,1,2,60,120205,2,0,0,0,0,0,0,0,0,0,0,0,0,,1/1/2024,2023
8045,SYNTHETIC SITE 02044,102044,,SYNTHETIC COMPANY 02044,1 Example Way,Nowhere,ZZ,00000,3251,2017,SYNTHETIC INDUSTRY,1,2,233,374478,1,0,5,2,2,35,8,9,0,0,0,0,0,,1/1/2024,2023
8046,SYNTHETIC SITE 02045,102045,,SYNTHETIC COMPANY 02045,1 Example Way,Nowhere,ZZ,00000,4841,2017,SYNTHETIC INDUSTRY,1,2,95,213432,2,0,0,0,0,0,0,0,0,0,0,0,0,,1/1/2024,2023
8047,SYNTHETIC SITE 02046,102046,,SYNTHETIC COMPANY 02046,1 Example Way,Nowhere,ZZ,00000,2361,2017,SYNTHETIC INDUSTRY,1,2,144,306315,1,0,3,1,9,21,4,13,0,0,0,0,0,,1/1/2024,2023
8048,SYNTHETIC SITE 02047,102047,,SYNTHETIC COMPANY 02047,1 Example Way,Nowhere,ZZ,00000,4841,2017,SYNTHETIC INDUSTRY,1,2,43,95202,2,0,0,0,0,0,0,0,0,0,0,0,0,,1/1/2024,2023
8049,SYNTHETIC SITE 02048,102048,,SYNTHETIC COMPANY 02048,1 Example Way,Nowhere,ZZ,00000,2361,2017,SYNTHETIC INDUSTRY,1,2,93,214369,2,0,0,0,0,0,0,0,0,0,0,0,0,,1/1/2024,2023
8050,SYNTHETIC SITE 02049,102049,,SYNTHETIC COMPANY 02049,1 Example Way,Nowhere,ZZ,00000,6221,2017,SYNTHETIC INDUSTRY,1,2,22,38796,1,0,2,2,1,14,8,5,0,0,0,0,0,,1/1/2024,2023
8051,SYNTHETIC SITE 02050,102050,,SYNTHETIC COMPANY 02050,1 Example Way,Nowhere,ZZ,00000,3328,2017,SYNTHETIC INDUSTRY,1,2,580,1076089,1,0,9,6,11,63,24,26,0,0,0,0,0,,1/1/2024,2023
8052,SYNTHETIC SITE 02051,102051,,SYNTHETIC COMPANY 02051,1 Example Way,Nowhere,ZZ,00000,3115,2017,SYNTHETIC INDUSTRY,1,2,9,2191600000,2,0,0,0,0,0,0,0,0,0,0,0,0,,1/1/2024,2023
8053,SYNTHETIC SITE 02052,102052,,SYNTHETIC COMPANY 02052,1 Example Way,Nowhere,ZZ,00000,2361,2017,SYNTHETIC INDUSTRY,1,2,21,39632,2,0,0,0,0,0,0,0,0,0,0,0,0,,1/1/2024,2023
8054,SYNTHETIC SITE 02053,102053,,SYNTHETIC COMPANY 02053,1 Example Way,Nowhere,ZZ,00000,4841,2017,SYNTHETIC INDUSTRY,1,2,8,11547,2,0,0,0,0,0,0,0,0,0,0,0,0,,1/1/2024,2023
8055,SYNTHETIC SITE 02054,102054,,SYNTHETIC COMPANY 02054,1 Example Way,Nowhere,ZZ,00000,2361,2017,SYNTHETIC INDUSTRY,1,2,34,66950,2,0,0,0,0,0,0,0,0,0,0,0,0,,1/1/2024,2023
8056,SYNTHETIC SITE 02055,102055,,SYNTHETIC COMPANY 02055,1 Example Way,Nowhere,ZZ,00000,3252,2017,SYNTHETIC INDUSTRY,1,2,85,1541430,2,0,0,0,0,0,0,0,0,0,0,0,0,,1/1/2024,2023
8057,SYNTHETIC SITE 02056,102056,,SYNTHETIC COMPANY 02056,1 Example Way,Nowhere,ZZ,00000,6221,2017,SYNTHETIC INDUSTRY,1,2,178,357588,1,0,1,1,1,7,4,3,0,0,0,0,0,,1/1/2024,2023
8058,SYNTHETIC SITE 02057,102057,,SYNTHETIC COMPANY 02057,1 Example Way,Nowhere,ZZ,00000,3328,2017,SYNTHETIC INDUSTRY,1,2,64,113466,2,0,0,0,0,0,0,0,0,0,0,0,0,,1/1/2024,2023
8059,SYNTHETIC SITE 02058,102058,,SYNTHETIC COMPANY 02058,1 Example Way,Nowhere,ZZ,00000,6221,2017,SYNTHETIC INDUSTRY,1,2,44,84321,1,0,1,1,0,7,4,2,0,0,0,0,0,,1/1/2024,2023
8060,SYNTHETIC SITE 02059,102059,,SYNTHETIC COMPANY 02059,1 Example Way,Nowhere,ZZ,00000,4841,2017,SYNTHETIC INDUSTRY,1,2,80,184955,1,0,0,0,1,0,0,1,0,0,0,0,0,,1/1/2024,2023
8061,SYNTHETIC SITE 02060,102060,,SYNTHETIC COMPANY 02060,1 Example Way,Nowhere,ZZ,00000,3252,2017,SYNTHETIC INDUSTRY,1,2,34,55127,2,0,0,0,0,0,0,0,0,0,0,0,0,,1/1/2024,2023
8062,SYNTHETIC SITE 02061,102061,,SYNTHETIC COMPANY 02061,1 Example Way,Nowhere,ZZ,00000,6221,2017,SYNTHETIC INDUSTRY,1,2,19,36608,1,0,1,0,1,7,0,2,0,0,0,0,0,,1/1/2024,2023
8063,SYNTHETIC SITE 02062,102062,,SYNTHETIC COMPANY 02062,1 Example Way,Nowhere,ZZ,00000,2361,2017,SYNTHETIC INDUSTRY,1,2,10,17763,2,0,0,0,0,0,0,0,0,0,0,0,0,,1/1/2024,2023
8064,SYNTHETIC SITE 02063,102063,,SYNTHETIC COMPANY 02063,1 Example Way,Nowhere,ZZ,00000,3115,2017,SYNTHETIC INDUSTRY,1,2,10,19209,2,0,0,0,0,0,0,0,0,0,0,0,0,,1/1/2024,2023
8065,SYNTHETIC SITE 02064,102064,,SYNTHETIC COMPANY 02064,1 Example Way,Nowhere,ZZ,00000,6221,2017,SYNTHETIC INDUSTRY,1,2,12,23345,2,0,0,0,0,0,0,0,0,0,0,0,0,,1/1/2024,2023
8066,SYNTHETIC SITE 02065,102065,,SYNTHETIC COMPANY 02065,1 Example Way,Nowhere,ZZ,00000,3251,2017,SYNTHETIC INDUSTRY,1,2,36,71273,2,0,0,0,0,0,0,0,0,0,0,0,0,,1/1/2024,2023
8067,SYNTHETIC SITE 02066,102066,,SYNTHETIC COMPANY 02066,1 Example Way,Nowhere,ZZ,00000,3115,2017,SYNTHETIC INDUSTRY,1,2,90,152201,1,0,0,1,0,0,4,1,0,0,0,0,0,,1/1/2024,2023
8068,SYNTHETIC SITE 02067,102067,,SYNTHETIC COMPANY 02067,1 Example Way,Nowhere,ZZ,00000,6221,2017,SYNTHETIC INDUSTRY,1,2,84,172577,1,0,0,0,2,0,0,2,0,0,0,0,0,,1/1/2024,2023
8069,SYNTHETIC SITE 02068,102068,,SYNTHETIC COMPANY 02068,1 Example Way,Nowhere,ZZ,00000,3328,2017,SYNTHETIC INDUSTRY,1,2,27,49202,2,0,0,0,0,0,0,0,0,0,0,0,0,,1/1/2024,2023
8070,SYNTHETIC SITE 02069,102069,,SYNTHETIC COMPANY 02069,1 Example Way,Nowhere,ZZ,00000,3115,2017,SYNTHETIC INDUSTRY,1,2,86,144932,2,0,0,0,0,0,0,0,0,0,0,0,0,,1/1/2024,2023
8071,SYNTHETIC SITE 02070,102070,,SYNTHETIC COMPANY 02070,1 Example Way,Nowhere,ZZ,00000,4841,2017,SYNTHETIC INDUSTRY,1,2,114,243190,1,0,1,0,0,7,0,1,0,0,0,0,0,,1/1/2024,2023
8072,SYNTHETIC SITE 02071,102071,,SYNTHETIC COMPANY 02071,1 Example Way,Nowhere,ZZ,00000,3328,2017,SYNTHETIC INDUSTRY,1,2,22,38074,2,0,0,0,0,0,0,0,0,0,0,0,0,,1/1/2024,2023
8073,SYNTHETIC SITE 02072,102072,,SYNTHETIC COMPANY 02072,1 Example Way,Nowhere,ZZ,00000,4451,2017,SYNTHETIC INDUSTRY,1,2,21,37605,2,0,0,0,0,0,0,0,0,0,0,0,0,,1/1/2024,2023
8074,SYNTHETIC SITE 02073,102073,,SYNTHETIC COMPANY 02073,1 Example Way,Nowhere,ZZ,00000,6221,2017,SYNTHETIC INDUSTRY,1,2,11,16145,2,0,0,0,0,0,0,0,0,0,0,0,0,,1/1/2024,2023
8075,SYNTHETIC SITE 02074,102074,,SYNTHETIC COMPANY 02074,1 Example Way,Nowhere,ZZ,00000,4841,2017,SYNTHETIC INDUSTRY,1,2,264,482669,1,0,1,0,1,7,0,2,0,0,0,0,0,,1/1/2024,2023
8076,SYNTHETIC SITE 02075,102075,,SYNTHETIC COMPANY 02075,1 Example Way,Nowhere,ZZ,00000,4841,2017,SYNTHETIC INDUSTRY,1,2,35,56453,2,0,0,0,0,0,0,0,0,0,0,0,0,,1/1/2024,2023
8077,SYNTHETIC SITE 02076,102076,,SYNTHETIC COMPANY 02076,1 Example Way,Nowhere,ZZ,00000,3251,2017,SYNTHETIC INDUSTRY,1,2,198,408150,1,0,11,1,6,77,4,18,0,0,0,0,0,,1/1/2024,2023
8078,SYNTHETIC SITE 02077,102077,,SYNTHETIC COMPANY 02077,1 Example Way,Nowhere,ZZ,00000,3328,2017,SYNTHETIC INDUSTRY,1,2,1268,2051561,1,0,3,2,8,21,8,13,0,0,0,0,0,,1/1/2024,2023
8079,SYNTHETIC SITE 02078,102078,,SYNTHETIC COMPANY 02078,1 Example Way,Nowhere,ZZ,00000,4841,2017,SYNTHETIC INDUSTRY,1,2,26,36045,2,0,0,0,0,0,0,0,0,0,0,0,0,,1/1/2024,2023
8080,SYNTHETIC SITE 02079,102079,,SYNTHETIC COMPANY 02079,1 Example Way,Nowhere,ZZ,00000,3328,2017,SYNTHETIC INDUSTRY,1,2,135,253335,1,0,5,3,1,35,12,9,0,0,0,0,0,,1/1/2024,2023
8081,SYNTHETIC SITE 02080,102080,,SYNTHETIC COMPANY 02080,1 Example Way,Nowhere,ZZ,00000,4451,2017,SYNTHETIC INDUSTRY,1,2,292,552380,1,0,1,0,1,7,0,2,0,0,0,0,0,,1/1/2024,2023
8082,SYNTHETIC SITE 02081,102081,,SYNTHETIC COMPANY 02081,1 Example Way,Nowhere,ZZ,00000,2361,2017,SYNTHETIC INDUSTRY,1,2,52,128391,1,0,3,1,3,21,4,7,0,0,0,0,0,,1/1/2024,2023
8083,SYNTHETIC SITE 02082,102082,,SYNTHETIC COMPANY 02082,1 Example Way,Nowhere,ZZ,00000,3115,2017,SYNTHETIC INDUSTRY,1,2,53,102545,1,0,0,1,1,0,4,2,0,0,0,0,0,,1/1/2024,2023
8084,SYNTHETIC SITE 02083,102083,,SYNTHETIC COMPANY 02083,1 Example Way,Nowhere,ZZ,00000,2361,2017,SYNTHETIC INDUSTRY,1,2,56,103649,1,0,1,0,1,7,0,2,0,0,0,0,0,,1/1/2024,2023
8085,SYNTHETIC SITE 02084,102084,,SYNTHETIC COMPANY 02084,1 Example Way,Nowhere,ZZ,00000,4841,2017,SYNTHETIC INDUSTRY,1,2,349,610334,1,0,0,1,3,0,4,4,0,0,0,0,0,,1/1/2024,2023
8086,SYNTHETIC SITE 02085,102085,,SYNTHETIC COMPANY 02085,1 Example Way,Nowhere,ZZ,00000,3115,2017,SYNTHETIC INDUSTRY,1,2,37,72496,2,0,0,0,0,0,0,0,0,0,0,0,0,,1/1/2024,2023
8087,SYNTHETIC SITE 02086,102086,,SYNTHETIC COMPANY 02086,1 Example Way,Nowhere,ZZ,00000,3328,2017,SYNTHETIC INDUSTRY,1,2,600,955714,1,0,22,21,30,154,84,73,0,0,0,0,0,,1/1/2024,2023
8088,SYNTHETIC SITE 02087,102087,,SYNTHETIC COMPANY 02087,1 Example Way,Nowhere,ZZ,00000,3251,2017,SYNTHETIC INDUSTRY,1,2,36,68196,1,0,0,0,4,0,0,4,0,0,0,0,0,,1/1/2024,2023
8089,SYNTHETIC SITE 02088,102088,,SYNTHETIC COMPANY 02088,1 Example Way,Nowhere,ZZ,00000,2361,2017,SYNTHETIC INDUSTRY,1,2,121,182527,1,0,7,7,9,49,28,23,0,0,0,0,0,,1/1/2024,2023
8090,SYNTHETIC SITE 02089,102089,,SYNTHETIC COMPANY 02089,1 Example Way,Nowhere,ZZ,00000,3328,2017,SYNTHETIC INDUSTRY,1,2,133,239137,2,0,0,0,0,0,0,0,0,0,0,0,0,,1/1/2024,2023
8091,SYNTHETIC SITE 02090,102090,,SYNTHETIC COMPANY 02090,1 Example Way,Nowhere,ZZ,00000,4451,2017,SYNTHETIC INDUSTRY,1,2,53,111530,2,0,0,0,0,0,0,0,0,0,0,0,0,,1/1/2024,2023
8092,SYNTHETIC SITE 02091,102091,,SYNTHETIC COMPANY 02091,1 Example Way,Nowhere,ZZ,00000,3328,2017,SYNTHETIC INDUSTRY,1,2,31,56978,2,0,0,0,0,0,0,0,0,0,0,0,0,,1/1/2024,2023
8093,SYNTHETIC SITE 02092,102092,,SYNTHETIC COMPANY 02092,1 Example Way,Nowhere,ZZ,00000,3328,2017,SYNTHETIC INDUSTRY,1,2,38,44526,1,0,0,1,0,0,4,1,0,0,0,0,0,,1/1/2024,2023
8094,SYNTHETIC SITE 02093,102093,,SYNTHETIC COMPANY 02093,1 Example Way,Nowhere,ZZ,00000,4451,2017,SYNTHETIC INDUSTRY,1,2,11,22037,2,0,0,0,0,0,0,0,0,0,0,0,0,,1/1/2024,2023
8095,SYNTHETIC SITE 02094,102094,,SYNTHETIC COMPANY 02094,1 Example Way,Nowhere,ZZ,00000,3115,2017,SYNTHETIC INDUSTRY,1,2,38,45755,2,0,0,0,0,0,0,0,0,0,0,0,0,,1/1/2024,2023
8096,SYNTHETIC SITE 02095,102095,,SYNTHETIC COMPANY 02095,1 Example Way,Nowhere,ZZ,00000,3328,2017,SYNTHETIC INDUSTRY,1,2,42,65907,1,0,0,1,1,0,4,2,0,0,0,0,0,,1/1/2024,2023
8097,SYNTHETIC SITE 02096,102096,,SYNTHETIC COMPANY 02096,1 Example Way,Nowhere,ZZ,00000,3328,2017,SYNTHETIC INDUSTRY,1,2,48,86748,2,0,0,0,0,0,0,0,0,0,0,0,0,,1/1/2024,2023
8098,SYNTHETIC SITE 02097,102097,,SYNTHETIC COMPANY 02097,1 Example Way,Nowhere,ZZ,00000,4451,2017,SYNTHETIC INDUSTRY,1,2,19,29771,2,0,0,0,0,0,0,0,0,0,0,0,0,,1/1/2024,2023
8099,SYNTHETIC SITE 02098,102098,,SYNTHETIC COMPANY 02098,1 Example Way,Nowhere,ZZ,00000,3252,2017,SYNTHETIC INDUSTRY,1,2,23,43585,2,0,0,0,0,0,0,0,0,0,0,0,0,,1/1/2024,2023
8100,SYNTHETIC SITE 02099,102099,,SYNTHETIC COMPANY 02099,1 Example Way,Nowhere,ZZ,00000,4841,2017,SYNTHETIC INDUSTRY,1,2,30,64756,2,0,0,0,0,0,0,0,0,0,0,0,0,,1/1/2024,2023
8101,SYNTHETIC SITE 02100,102100,,SYNTHETIC COMPANY 02100,1 Example Way,Nowhere,ZZ,00000,3251,2017,SYNTHETIC INDUSTRY,1,2,11,16697,2,0,0,0,0,0,0,0,0,0,0,0,0,,1/1/2024,2023
8102,SYNTHETIC SITE 02101,102101,,SYNTHETIC COMPANY 02101,1 Example Way,Nowhere,ZZ,00000,6221,2017,SYNTHETIC INDUSTRY,1,2,44,84386,2,0,0,0,0,0,0,0,0,0,0,0,0,,1/1/2024,2023
8103,SYNTHETIC SITE 02102,102102,,SYNTHETIC COMPANY 02102,1 Example Way,Nowhere,ZZ,00000,4451,2017,SYNTHETIC INDUSTRY,1,2,105,199778,2,0,0,0,0,0,0,0,0,0,0,0,0,,1/1/2024,2023
8104,SYNTHETIC SITE 02103,102103,,SYNTHETIC COMPANY 02103,1 Example Way,Nowhere,ZZ,00000,3115,2017,SYNTHETIC INDUSTRY,1,2,8,18376,1,0,0,1,0,0,4,1,0,0,0,0,0,,1/1/2024,2023
8105,SYNTHETIC SITE 02104,102104,,SYNTHETIC COMPANY 02104,1 Example Way,Nowhere,ZZ,00000,6221,2017,SYNTHETIC INDUSTRY,1,2,211,324918,1,0,2,0,0,14,0,2,0,0,0,0,0,,1/1/2024,2023
8106,SYNTHETIC SITE 02105,102105,,SYNTHETIC COMPANY 02105,1 Example Way,Nowhere,ZZ,00000,2361,2017,SYNTHETIC INDUSTRY,1,2,2,3110,2,0,0,0,0,0,0,0,0,0,0,0,0,,1/1/2024,2023
8107,SYNTHETIC SITE 02106,102106,,SYNTHETIC COMPANY 02106,1 Example Way,Nowhere,ZZ,00000,6221,2017,SYNTHETIC INDUSTRY,1,2,166,293649,1,0,5,1,0,35,4,6,0,0,0,0,0,,1/1/2024,2023
8108,SYNTHETIC SITE 02107,102107,,SYNTHETIC COMPANY 02107,1 Example Way,Nowhere,ZZ,00000,3252,2017,SYNTHETIC INDUSTRY,1,2,323,569495,1,0,9,7,16,63,28,32,0,0,0,0,0,,1/1/2024,2023
8109,SYNTHETIC SITE 02108,102108,,SYNTHETIC COMPANY 02108,1 Example Way,Nowhere,ZZ,00000,2361,2017,SYNTHETIC INDUSTRY,1,2,14,29157,2,0,0,0,0,0,0,0,0,0,0,0,0,,1/1/2024,2023
8110,SYNTHETIC SITE 02109,102109,,SYNTHETIC COMPANY 02109,1 Example Way,Nowhere,ZZ,00000,3252,2017,SYNTHETIC INDUSTRY,1,2,30,51750,1,0,0,2,1,0,8,3,0,0,0,0,0,,1/1/2024,2023
8111,SYNTHETIC SITE 02110,102110,,SYNTHETIC COMPANY 02110,1 Example Way,Nowhere,ZZ,00000,3115,2017,SYNTHETIC INDUSTRY,1,2,80,146353,1,0,1,0,0,7,0,1,0,0,0,0,0,,1/1/2024,2023
8112,SYNTHETIC SITE 02111,102111,,SYNTHETIC COMPANY 02111,1 Example Way,Nowhere,ZZ,00000,3115,2017,SYNTHETIC INDUSTRY,1,2,40,69078,2,0,0,0,0,0,0,0,0,0,0,0,0,,1/1/2024,2023
8113,SYNTHETIC SITE 02112,102112,,SYNTHETIC COMPANY 02112,1 Example Way,Nowhere,ZZ,00000,4451,2017,SYNTHETIC INDUSTRY,1,2,70,116762,2,0,0,0,0,0,0,0,0,0,0,0,0,,1/1/2024,2023
8114,SYNTHETIC SITE 02113,102113,,SYNTHETIC COMPANY 02113,1 Example Way,Nowhere,ZZ,00000,2361,2017,SYNTHETIC INDUSTRY,1,2,280,582779,1,0,2,2,1,14,8,5,0,0,0,0,0,,1/1/2024,2023
8115,SYNTHETIC SITE 02114,102114,,SYNTHETIC COMPANY 02114,1 Example Way,Nowhere,ZZ,00000,3251,2017,SYNTHETIC INDUSTRY,1,2,72,148469,2,0,0,0,0,0,0,0,0,0,0,0,0,,1/1/2024,2023
8116,SYNTHETIC SITE 02115,102115,,SYNTHETIC COMPANY 02115,1 Example Way,Nowhere,ZZ,00000,3252,2017,SYNTHETIC INDUSTRY,1,2,30,55679,2,0,0,0,0,0,0,0,0,0,0,0,0,,1/1/2024,2023
8117,SYNTHETIC SITE 02116,102116,,SYNTHETIC COMPANY 02116,1 Example Way,Nowhere,ZZ,00000,6221,2017,SYNTHETIC INDUSTRY,1,2,130,200584,1,0,1,0,1,7,0,2,0,0,0,0,0,,1/1/2024,2023
8118,SYNTHETIC SITE 02117,102117,,SYNTHETIC COMPANY 02117,1 Example Way,Nowhere,ZZ,00000,3252,2017,SYNTHETIC INDUSTRY,1,2,39,63778,1,0,0,1,1,0,4,2,0,0,0,0,0,,1/1/2024,2023
8119,SYNTHETIC SITE 02118,102118,,SYNTHETIC COMPANY 02118,1 Example Way,Nowhere,ZZ,00000,3328,2017,SYNTHETIC INDUSTRY,1,2,2,3411,2,0,0,0,0,0,0,0,0,0,0,0,0,,1/1/2024,2023
8120,SYNTHETIC SITE 02119,102119,,SYNTHETIC COMPANY 02119,1 Example Way,Nowhere,ZZ,00000,3115,2017,SYNTHETIC INDUSTRY,1,2,65,132876000,2,0,0,0,0,0,0,0,0,0,0,0,0,,1/1/2024,2023
8121,SYNTHETIC SITE 02120,102120,,SYNTHETIC COMPANY 02120,1 Example Way,Nowhere,ZZ,00000,3115,2017,SYNTHETIC INDUSTRY,1,2,13,21026,2,0,0,0,0,0,0,0,0,0,0,0,0,,1/1/2024,2023
8122,SYNTHETIC SITE 02121,102121,,SYNTHETIC COMPANY 02121,1 Example Way,Nowhere,ZZ,00000,4451,2017,SYNTHETIC INDUSTRY,1,2,40,80220,2,0,0,0,0,0,0,0,0,0,0,0,0,,1/1/2024,2023
8123,SYNTHETIC SITE 02122,102122,,SYNTHETIC COMPANY 02122,1 Example Way,Nowhere,ZZ,00000,3115,2017,SYNTHETIC INDUSTRY,1,2,72,108899,1,0,2,0,3,14,0,5,0,0,0,0,0,,1/1/2024,2023
8124,SYNTHETIC SITE 02123,102123,,SYNTHETIC COMPANY 02123,1 Example Way,Nowhere,ZZ,00000,4451,2017,SYNTHETIC INDUSTRY,1,2,76,122607,1,0,0,1,0,0,4,1,0,0,0,0,0,,1/1/2024,2023
8125,SYNTHETIC SITE 02124,102124,,SYNTHETIC COMPANY 02124,1 Example Way,Nowhere,ZZ,00000,2361,2017,SYNTHETIC INDUSTRY,1,2,212,362041,1,0,0,1,1,0,4,2,0,0,0,0,0,,1/1/2024,2023
8126,SYNTHETIC SITE 02125,102125,,SYNTHETIC COMPANY 02125,1 Example Way,Nowhere,ZZ,00000,4451,2017,SYNTHETIC INDUSTRY,1,2,42,110419,1,0,1,0,0,7,0,1,0,0,0,0,0,,1/1/2024,2023
8127,SYNTHETIC SITE 02126,102126,,SYNTHETIC COMPANY 02126,1 Example Way,Nowhere,ZZ,00000,2361,2017,SYNTHETIC INDUSTRY,1,2,5,8971,2,0,0,0,0,0,0,0,0,0,0,0,0,,1/1/2024,2023
8128,SYNTHETIC SITE 02127,102127,,SYNTHETIC COMPANY 02127,1 Example Way,Nowhere,ZZ,00000,3328,2017,SYNTHETIC INDUSTRY,1,2,14,28853,2,0,0,0,0,0,0,0,0,0,0,0,0,,1/1/2024,2023
8129,SYNTHETIC SITE 02128,102128,,SYNTHETIC COMPANY 02128,1 Example Way,Nowhere,ZZ,00000,4451,2017,SYNTHETIC INDUSTRY,1,2,17,29882,1,0,0,1,0,0,4,1,0,0,0,0,0,,1/1/2024,2023
8130,SYNTHETIC SITE 02129,102129,,SYNTHETIC COMPANY 02129,1 Example Way,Nowhere,ZZ,00000,3252,2017,SYNTHETIC INDUSTRY,1,2,11,19917,2,0,0,0,0,0,0,0,0,0,0,0,0,,1/1/2024,2023
8131,SYNTHETIC SITE 02130,102130,,SYNTHETIC COMPANY 02130,1 Example Way,Nowhere,ZZ,00000,3251,2017,SYNTHETIC INDUSTRY,1,2,35,79731,2,0,0,0,0,0,0,0,0,0,0,0,0,,1/1/2024,2023
8132,SYNTHETIC SITE 02131,102131,,SYNTHETIC COMPANY 02131,1 Example Way,Nowhere,ZZ,00000,6221,2017,SYNTHETIC INDUSTRY,1,2,94,165769,1,0,1,2,1,7,8,4,0,0,0,0,0,,1/1/2024,2023
8133,SYNTHETIC SITE 02132,102132,,SYNTHETIC COMPANY 02132,1 Example Way,Nowhere,ZZ,00000,6221,2017,SYNTHETIC INDUSTRY,1,2,19,40060,1,0,0,0,1,0,0,1,0,0,0,0,0,,1/1/2024,2023
8134,SYNTHETIC SITE 02133,102133,,SYNTHETIC COMPANY 02133,1 Example Way,Nowhere,ZZ,00000,3328,2017,SYNTHETIC INDUSTRY,1,2,9,17076,2,0,0,0,0,0,0,0,0,0,0,0,0,,1/1/2024,2023
8135,SYNTHETIC SITE 02134,102134,,SYNTHETIC COMPANY 02134,1 Example Way,Nowhere,ZZ,00000,3251,2017,SYNTHETIC INDUSTRY,1,2,108,206963,1,0,1,0,0,7,0,1,0,0,0,0,0,,1/1/2024,2023
8136,SYNTHETIC SITE 02135,102135,,SYNTHETIC COMPANY 02135,1 Example Way,Nowhere,ZZ,00000,3251,2017,SYNTHETIC INDUSTRY,1,2,154,244076,2,0,0,0,0,0,0,0,0,0,0,0,0,,1/1/2024,2023
8137,SYNTHETIC SITE 02136,102136,,SYNTHETIC COMPANY 02136,1 Example Way,Nowhere,ZZ,00000,3251,2017,SYNTHETIC INDUSTRY,1,2,358,707363,2,0,0,0,0,0,0,0,0,0,0,0,0,,1/1/2024,2023
8138,SYNTHETIC SITE 02137,102137,,SYNTHETIC COMPANY 02137,1 Example Way,Nowhere,ZZ,00000,3115,2017,SYNTHETIC INDUSTRY,1,2,1,1731,2,0,0,0,0,0,0,0,0,0,0,0,0,,1/1/2024,2023
8139,SYNTHETIC SITE 02138,102138,,SYNTHETIC COMPANY 02138,1 Example Way,Nowhere,ZZ,00000,3115,2017,SYNTHETIC INDUSTRY,1,2,171,381728,1,0,3,0,4,21,0,7,0,0,0,0,0,,1/1/2024,2023
8140,SYNTHETIC SITE 02139,102139,,SYNTHETIC COMPANY 02139,1 Example Way,Nowhere,ZZ,00000,3328,2017,SYNTHETIC INDUSTRY,1,2,47,75869,1,0,0,2,1,0,8,3,0,0,0,0,0,,1/1/2024,2023
8141,SYNTHETIC SITE 02140,102140,,SYNTHETIC COMPANY 02140,1 Example Way,Nowhere,ZZ,00000,3115,2017,SYNTHETIC INDUSTRY,1,2,103,177739,1,0,2,2,0,14,8,4,0,0,0,0,0,,1/1/2024,2023
8142,SYNTHETIC SITE 02141,102141,,SYNTHETIC COMPANY 02141,1 Example Way,Nowhere,ZZ,00000,4451,2017,SYNTHETIC INDUSTRY,1,2,15,31119,2,0,0,0,0,0,0,0,0,0,0,0,0,,1/1/2024,2023
8143,SYNTHETIC SITE 02142,102142,,SYNTHETIC COMPANY 02142,1 Example Way,Nowhere,ZZ,00000,2361,2017,SYNTHETIC INDUSTRY,1,2,16,35967,1,0,0,0,2,0,0,2,0,0,0,0,0,,1/1/2024,2023
8144,SYNTHETIC SITE 02143,102143,,SYNTHETIC COMPANY 02143,1 Example Way,Nowhere,ZZ,00000,3115,2017,SYNTHETIC INDUSTRY,1,2,21,35063,2,0,0,0,0,0,0,0,0,0,0,0,0,,1/1/2024,2023
8145,SYNTHETIC SITE 02144,102144,,SYNTHETIC COMPANY 02144,1 Example Way,Nowhere,ZZ,00000,3252,2017,SYNTHETIC INDUSTRY,1,2,111,223606,1,0,3,3,2,21,12,8,0,0,0,0,0,,1/1/2024,2023
8146,SYNTHETIC SITE 02145,102145,,SYNTHETIC COMPANY 02145,1 Example Way,Nowhere,ZZ,00000,3251,2017,SYNTHETIC INDUSTRY,1,2,5,9154,2,0,0,0,0,0,0,0,0,0,0,0,0,,1/1/2024,2023
8147,SYNTHETIC SITE 02146,102146,,SYNTHETIC COMPANY 02146,1 Example Way,Nowhere,ZZ,00000,4451,2017,SYNTHETIC INDUSTRY,1,2,36,59915,2,0,0,0,0,0,0,0,0,0,0,0,0,,1/1/2024,2023
8148,SYNTHETIC SITE 02147,102147,,SYNTHETIC COMPANY 02147,1 Example Way,Nowhere,ZZ,00000,3115,2017,SYNTHETIC INDUSTRY,1,2,77,141912,1,0,0,2,4,0,8,6,0,0,0,0,0,,1/1/2024,2023
8149,SYNTHETIC SITE 02148,102148,,SYNTHETIC COMPANY 02148,1 Example Way,Nowhere,ZZ,00000,3251,2017,SYNTHETIC INDUSTRY,1,2,7,12758,1,0,1,0,0,7,0,1,0,0,0,0,0,,1/1/2024,2023
8150,SYNTHETIC SITE 02149,102149,,SYNTHETIC COMPANY 02149,1 Example Way,Nowhere,ZZ,00000,3328,2017,SYNTHETIC INDUSTRY,1,2,53,103758,1,0,1,1,9,7,4,11,0,0,0,0,0,,1/1/2024,2023
8151,SYNTHETIC SITE 02150,102150,,SYNTHETIC COMPANY 02150,1 Example Way,Nowhere,ZZ,00000,3115,2017,SYNTHETIC INDUSTRY,1,2,54,89285,1,0,1,1,1,7,4,3,0,0,0,0,0,,1/1/2024,2023
8152,SYNTHETIC SITE 02151,102151,,SYNTHETIC COMPANY 02151,1 Example Way,Nowhere,ZZ,00000,4451,2017,SYNTHETIC INDUSTRY,1,2,291,578962,2,0,0,0,0,0,0,0,0,0,0,0,0,,1/1/2024,2023
8153,SYNTHETIC SITE 02152,102152,,SYNTHETIC COMPANY 02152,1 Example Way,Nowhere,ZZ,00000,4451,2017,SYNTHETIC INDUSTRY,1,2,18,31996,1,0,2,0,0,14,0,2,0,0,0,0,0,,1/1/2024,2023
8154,SYNTHETIC SITE 02153,102153,,SYNTHETIC COMPANY 02153,1 Example Way,Nowhere,ZZ,00000,4841,2017,SYNTHETIC INDUSTRY,1,2,142,247871,2,0,0,0,0,0,0,0,0,0,0,0,0,,1/1/2024,2023
8155,SYNTHETIC SITE 02154,102154,,SYNTHETIC COMPANY 02154,1 Example Way,Nowhere,ZZ,00000,4451,2017,SYNTHETIC INDUSTRY,1,2,91,170889,2,0,0,0,0,0,0,0,0,0,0,0,0,,1/1/2024,2023
8156,SYNTHETIC SITE 02155,102155,,SYNTHETIC COMPANY 02155,1 Example Way,Nowhere,ZZ,00000,3252,2017,SYNTHETIC INDUSTRY,1,2,68,130772,1,0,1,0,0,7,0,1,0,0,0,0,0,,1/1/2024,2023
8157,SYNTHETIC SITE 02156,102156,,SYNTHETIC COMPANY 02156,1 Example Way,Nowhere,ZZ,00000,4841,2017,SYNTHETIC INDUSTRY,1,2,41,69068,1,0,2,2,1,14,8,5,0,0,0,0,0,,1/1/2024,2023
8158,SYNTHETIC SITE 02157,102157,,SYNTHETIC COMPANY 02157,1 Example Way,Nowhere,ZZ,00000,3328,2017,SYNTHETIC INDUSTRY,1,2,29,57000,2,0,0,0,0,0,0,0,0,0,0,0,0,,1/1/2024,2023
8159,SYNTHETIC SITE 02158,102158,,SYNTHETIC COMPANY 02158,1 Example Way,Nowhere,ZZ,00000,3115,2017,SYNTHETIC INDUSTRY,1,2,1,1920,2,0,0,0,0,0,0,0,0,0,0,0,0,,1/1/2024,2023
8160,SYNTHETIC SITE 02159,102159,,SYNTHETIC COMPANY 02159,1 Example Way,Nowhere,ZZ,00000,3252,2017,SYNTHETIC INDUSTRY,1,2,61,112275,2,0,0,0,0,0,0,0,0,0,0,0,0,,1/1/2024,2023
8161,SYNTHETIC SITE 02160,102160,,SYNTHETIC COMPANY 02160,1 Example Way,Nowhere,ZZ,00000,4841,2017,SYNTHETIC INDUSTRY,1,2,79,118659,1,0,1,0,1,7,0,2,0,0,0,0,0,,1/1/2024,2023
8162,SYNTHETIC SITE 02161,102161,,SYNTHETIC COMPANY 02161,1 Example Way,Nowhere,ZZ,00000,6221,2017,SYNTHETIC INDUSTRY,1,2,18,42454,2,0,0,0,0,0,0,0,0,0,0,0,0,,1/1/2024,2023
8163,SYNTHETIC SITE 02162,102162,,SYNTHETIC COMPANY 02162,1 Example Way,Nowhere,ZZ,00000,4451,2017,SYNTHETIC INDUSTRY,1,2,5,10996,2,0,0,0,0,0,0,0,0,0,0,0,0,,1/1/2024,2023
8164,SYNTHETIC SITE 02163,102163,,SYNTHETIC COMPANY 02163,1 Example Way,Nowhere,ZZ,00000,3328,2017,SYNTHETIC INDUSTRY,1,2,25,50713,1,0,0,0,2,0,0,2,0,0,0,0,0,,1/1/2024,2023
8165,SYNTHETIC SITE 02164,102164,,SYNTHETIC COMPANY 02164,1 Example Way,Nowhere,ZZ,00000,3328,2017,SYNTHETIC INDUSTRY,1,2,22,37407,2,0,0,0,0,0,0,0,0,0,0,0,0,,1/1/2024,2023
8166,SYNTHETIC SITE 02165,102165,,SYNTHETIC COMPANY 02165,1 Example Way,Nowhere,ZZ,00000,3252,2017,SYNTHETIC INDUSTRY,1,2,25,52885,2,0,0,0,0,0,0,0,0,0,0,0,0,,1/1/2024,2023
8167,SYNTHETIC SITE 02166,102166,,SYNTHETIC COMPANY 02166,1 Example Way,Nowhere,ZZ,00000,6221,2017,SYNTHETIC INDUSTRY,1,2,334,738867,2,0,0,0,0,0,0,0,0,0,0,0,0,,1/1/2024,2023
8168,SYNTHETIC SITE 02167,102167,,SYNTHETIC COMPANY 02167,1 Example Way,Nowhere,ZZ,00000,3252,2017,SYNTHETIC INDUSTRY,1,2,58,104872,2,0,0,0,0,0,0,0,0,0,0,0,0,,1/1/2024,2023
8169,SYNTHETIC SITE 02168,102168,,SYNTHETIC COMPANY 02168,1 Example Way,Nowhere,ZZ,00000,3115,2017,SYNTHETIC INDUSTRY,1,2,80,130474,1,0,0,1,1,0,4,2,0,0,0,0,0,,1/1/2024,2023
8170,SYNTHETIC SITE 02169,102169,,SYNTHETIC COMPANY 02169,1 Example Way,Nowhere,ZZ,00000,2361,2017,SYNTHETIC INDUSTRY,1,2,39,675300,2,0,0,0,0,0,0,0,0,0,0,0,0,,1/1/2024,2023
8171,SYNTHETIC SITE 02170,102170,,SYNTHETIC COMPANY 02170,1 Example Way,Nowhere,ZZ,00000,6221,2017,SYNTHETIC INDUSTRY,1,2,8,15300,2,0,0,0,0,0,0,0,0,0,0,0,0,,1/1/2024,2023
8172,SYNTHETIC SITE 02171,102171,,SYNTHETIC COMPANY 02171,1 Example Way,Nowhere,ZZ,00000,3251,2017,SYNTHETIC INDUSTRY,1,2,53,107935,2,0,0,0,0,0,0,0,0,0,0,0,0,,1/1/2024,2023
8173,SYNTHETIC SITE 02172,102172,,SYNTHETIC COMPANY 02172,1 Example Way,Nowhere,ZZ,00000,4451,2017,SYNTHETIC INDUSTRY,1,2,70,132908,1,0,3,1,2,21,4,6,0,0,0,0,0,,1/1/2024,2023
8174,SYNTHETIC SITE 02173,102173,,SYNTHETIC COMPANY 02173,1 Example Way,Nowhere,ZZ,00000,4841,2017,SYNTHETIC INDUSTRY,1,2,117,208809,1,0,4,3,8,28,12,15,0,0,0,0,0,,1/1/2024,2023
8175,SYNTHETIC SITE 02174,102174,,SYNTHETIC COMPANY 02174,1 Example Way,Nowhere,ZZ,00000,6221,2017,SYNTHETIC INDUSTRY,1,2,52,106732,1,0,2,3,1,14,12,6,0,0,0,0,0,,1/1/2024,2023
8176,SYNTHETIC SITE 02175,102175,,SYNTHETIC COMPANY 02175,1 Example Way,Nowhere,ZZ,00000,4451,2017,SYNTHETIC INDUSTRY,1,2,39,65431,1,0,0,0,1,0,0,1,0,0,0,0,0,,1/1/2024,2023
8177,SYNTHETIC SITE 02176,102176,,SYNTHETIC COMPANY 02176,1 Example Way,Nowhere,ZZ,00000,3328,2017,SYNTHETIC INDUSTRY,1,2,80,117094,1,0,1,1,1,7,4,3,0,0,0,0,0,,1/1/2024,2023
8178,SYNTHETIC SITE 02177,102177,,SYNTHETIC COMPANY 02177,1 Example Way,Nowhere,ZZ,00000,3252,2017,SYNTHETIC INDUSTRY,1,2,49,96777,1,0,0,1,0,0,4,1,0,0,0,0,0,,1/1/2024,2023
8179,SYNTHETIC SITE 02178,102178,,SYNTHETIC COMPANY 02178,1 Example Way,Nowhere,ZZ,00000,3115,2017,SYNTHETIC INDUSTRY,1,2,147,341138,1,0,2,0,2,14,0,4,0,0,0,0,0,,1/1/2024,2023
8180,SYNTHETIC SITE 02179,102179,,SYNTHETIC COMPANY 02179,1 Example Way,Nowhere,ZZ,00000,3328,2017,SYNTHETIC INDUSTRY,1,2,18,29436,2,0,0,0,0,0,0,0,0,0,0,0,0,,1/1/2024,2023
8181,SYNTHETIC SITE 02180,102180,,SYNTHETIC COMPANY 02180,1 Example Way,Nowhere,ZZ,00000,3328,2017,SYNTHETIC INDUSTRY,1,2,49,92973,2,0,0,0,0,0,0,0,0,0,0,0,0,,1/1/2024,2023
8182,SYNTHETIC SITE 02181,102181,,SYNTHETIC COMPANY 02181,1 Example Way,Nowhere,ZZ,00000,3115,2017,SYNTHETIC INDUSTRY,1,2,11,23423,1,0,1,0,0,7,0,1,0,0,0,0,0,,1/1/2024,2023
8183,SYNTHETIC SITE 02182,102182,,SYNTHETIC COMPANY 02182,1 Example Way,Nowhere,ZZ,00000,4841,2017,SYNTHETIC INDUSTRY,1,2,313,530937,2,0,0,0,0,0,0,0,0,0,0,0,0,,1/1/2024,2023
8184,SYNTHETIC SITE 02183,102183,,SYNTHETIC COMPANY 02183,1 Example Way,Nowhere,ZZ,00000,2361,2017,SYNTHETIC INDUSTRY,1,2,31,49540,2,0,0,0,0,0,0,0,0,0,0,0,0,,1/1/2024,2023
8185,SYNTHETIC SITE 02184,102184,,SYNTHETIC COMPANY 02184,1 Example Way,Nowhere,ZZ,00000,3252,2017,SYNTHETIC INDUSTRY,1,2,38,54907,1,0,1,1,0,7,4,2,0,0,0,0,0,,1/1/2024,2023
8186,SYNTHETIC SITE 02185,102185,,SYNTHETIC COMPANY 02185,1 Example Way,Nowhere,ZZ,00000,6221,2017,SYNTHETIC INDUSTRY,1,2,52,103106,2,0,0,0,0,0,0,0,0,0,0,0,0,,1/1/2024,2023
8187,SYNTHETIC SITE 02186,102186,,SYNTHETIC COMPANY 02186,1 Example Way,Nowhere,ZZ,00000,3252,2017,SYNTHETIC INDUSTRY,1,2,16,32353,2,0,0,0,0,0,0,0,0,0,0,0,0,,1/1/2024,2023
8188,SYNTHETIC SITE 02187,102187,,SYNTHETIC COMPANY 02187,1 Example Way,Nowhere,ZZ,00000,2361,2017,SYNTHETIC INDUSTRY,1,2,5,12799,2,0,0,0,0,0,0,0,0,0,0,0,0,,1/1/2024,2023
8189,SYNTHETIC SITE 02188,102188,,SYNTHETIC COMPANY 02188,1 Example Way,Nowhere,ZZ,00000,4451,2017,SYNTHETIC INDUSTRY,1,2,121,254698,1,0,1,1,1,7,4,3,0,0,0,0,0,,1/1/2024,2023
8190,SYNTHETIC SITE 02189,102189,,SYNTHETIC COMPANY 02189,1 Example Way,Nowhere,ZZ,00000,3328,2017,SYNTHETIC INDUSTRY,1,2,424,808915,1,0,4,0,2,28,0,6,0,0,0,0,0,,1/1/2024,2023
8191,SYNTHETIC SITE 02190,102190,,SYNTHETIC COMPANY 02190,1 Example Way,Nowhere,ZZ,00000,3328,2017,SYNTHETIC INDUSTRY,1,2,33,78700,1,0,1,0,0,7,0,1,0,0,0,0,0,,1/1/2024,2023
8192,SYNTHETIC SITE 02191,102191,,SYNTHETIC COMPANY 02191,1 Example Way,Nowhere,ZZ,00000,3115,2017,SYNTHETIC INDUSTRY,1,2,12,18573,2,0,0,0,0,0,0,0,0,0,0,0,0,,1/1/2024,2023
8193,SYNTHETIC SITE 02192,102192,,SYNTHETIC COMPANY 02192,1 Example Way,Nowhere,ZZ,00000,3251,2017,SYNTHETIC INDUSTRY,1,2,47,72789,1,0,1,0,1,7,0,2,0,0,0,0,0,,1/1/2024,2023
8194,SYNTHETIC SITE 02193,102193,,SYNTHETIC COMPANY 02193,1 Example Way,Nowhere,ZZ,00000,3328,2017,SYNTHETIC INDUSTRY,1,2,35,74537,2,0,0,0,0,0,0,0,0,0,0,0,0,,1/1/2024,2023
8195,SYNTHETIC SITE 02194,102194,,SYNTHETIC COMPANY 02194,1 Example Way,Nowhere,ZZ,00000,6221,2017,SYNTHETIC INDUSTRY,1,2,10,21016,2,0,0,0,0,0,0,0,0,0,0,0,0,,1/1/2024,2023
8196,SYNTHETIC SITE 02195,102195,,SYNTHETIC COMPANY 02195,1 Example Way,Nowhere,ZZ,00000,3252,2017,SYNTHETIC INDUSTRY,1,2,13,23671,1,0,1,1,0,7,4,2,0,0,0,0,0,,1/1/2024,2023
8197,SYNTHETIC SITE 02196,102196,,SYNTHETIC COMPANY 02196,1 Example Way,Nowhere,ZZ,00000,2361,2017,SYNTHETIC INDUSTRY,1,2,24,30490,2,0,0,0,0,0,0,0,0,0,0,0,0,,1/1/2024,2023
8198,SYNTHETIC SITE 02197,102197,,SYNTHETIC COMPANY 02197,1 Example Way,Nowhere,ZZ,00000,4451,2017,SYNTHETIC INDUSTRY,1,2,56,107665,1,0,3,1,1,21,4,5,0,0,0,0,0,,1/1/2024,2023
8199,SYNTHETIC SITE 02198,102198,,SYNTHETIC COMPANY 02198,1 Example Way,Nowhere,ZZ,00000,3115,2017,SYNTHETIC INDUSTRY,1,2,226,423694,2,0,0,0,0,0,0,0,0,0,0,0,0,,1/1/2024,2023
8200,SYNTHETIC SITE 02199,102199,,SYNTHETIC COMPANY 02199,1 Example Way,Nowhere,ZZ,00000,2361,2017,SYNTHETIC INDUSTRY,1,2,399,789050,1,0,3,3,4,21,12,10,0,0,0,0,0,,1/1/2024,2023
8201,SYNTHETIC SITE 02200,102200,,SYNTHETIC COMPANY 02200,1 Example Way,Nowhere,ZZ,00000,3252,2017,SYNTHETIC INDUSTRY,1,2,63,117989,1,0,1,1,3,7,4,5,0,0,0,0,0,,1/1/2024,2023
8202,SYNTHETIC SITE 02201,102201,,SYNTHETIC COMPANY 02201,1 Example Way,Nowhere,ZZ,00000,4841,2017,SYNTHETIC INDUSTRY,1,2,36,56673,1,0,1,0,0,7,0,1,0,0,0,0,0,,1/1/2024,2023
8203,SYNTHETIC SITE 02202,102202,,SYNTHETIC COMPANY 02202,1 Example Way,Nowhere,ZZ,00000,3251,2017,SYNTHETIC INDUSTRY,1,2,6,10375,2,0,0,0,0,0,0,0,0,0,0,0,0,,1/1/2024,2023
8204,SYNTHETIC SITE 02203,102203,,SYNTHETIC COMPANY 02203,1 Example Way,Nowhere,ZZ,00000,3251,2017,SYNTHETIC INDUSTRY,1,2,3,4258,2,0,0,0,0,0,0,0,0,0,0,0,0,,1/1/2024,2023
8205,SYNTHETIC SITE 02204,102204,,SYNTHETIC COMPANY 02204,1 Example Way,Nowhere,ZZ,00000,3115,2017,SYNTHETIC INDUSTRY,1,2,194,408726,2,0,0,0,0,0,0,0,0,0,0,0,0,,1/1/2024,2023
8206,SYNTHETIC SITE 02205,102205,,SYNTHETIC COMPANY 02205,1 Example Way,Nowhere,ZZ,00000,3328,2017,SYNTHETIC INDUSTRY,1,2,218,397467,1,0,5,0,5,35,0,10,0,0,0,0,0,,1/1/2024,2023
8207,SYNTHETIC SITE 02206,102206,,SYNTHETIC COMPANY 02206,1 Example Way,Nowhere,ZZ,00000,3252,2017,SYNTHETIC INDUSTRY,1,2,103,202536,2,0,0,0,0,0,0,0,0,0,0,0,0,,1/1/2024,2023
8208,SYNTHETIC SITE 02207,102207,,SYNTHETIC COMPANY 02207,1 Example Way,Nowhere,ZZ,00000,3251,2017,SYNTHETIC INDUSTRY,1,2,171,370060,2,0,0,0,0,0,0,0,0,0,0,0,0,,1/1/2024,2023
8209,SYNTHETIC SITE 02208,102208,,SYNTHETIC COMPANY 02208,1 Example Way,Nowhere,ZZ,00000,4451,2017,SYNTHETIC INDUSTRY,1,2,52,116472,1,0,4,3,6,28,12,13,0,0,0,0,0,,1/1/2024,2023
8210,SYNTHETIC SITE 02209,102209,,SYNTHETIC COMPANY 02209,1 Example Way,Nowhere,ZZ,00000,4451,2017,SYNTHETIC INDUSTRY,1,2,13,31530,2,0,0,0,0,0,0,0,0,0,0,0,0,,1/1/2024,2023
8211,SYNTHETIC SITE 02210,102210,,SYNTHETIC COMPANY 02210,1 Example Way,Nowhere,ZZ,00000,6221,2017,SYNTHETIC INDUSTRY,1,2,38,64088,1,0,0,1,0,0,4,1,0,0,0,0,0,,1/1/2024,2023
8212,SYNTHETIC SITE 02211,102211,,SYNTHETIC COMPANY 02211,1 Example Way,Nowhere,ZZ,00000,6221,2017,SYNTHETIC INDUSTRY,1,2,49,113110,2,0,0,0,0,0,0,0,0,0,0,0,0,,1/1/2024,2023
8213,SYNTHETIC SITE 02212,102212,,SYNTHETIC COMPANY 02212,1 Example Way,Nowhere,ZZ,00000,3251,2017,SYNTHETIC INDUSTRY,1,2,87,162134,1,0,2,3,2,14,12,7,0,0,0,0,0,,1/1/2024,2023
8214,SYNTHETIC SITE 02213,102213,,SYNTHETIC COMPANY 02213,1 Example Way,Nowhere,ZZ,00000,2361,2017,SYNTHETIC INDUSTRY,1,2,14,24988,2,0,0,0,0,0,0,0,0,0,0,0,0,,1/1/2024,2023
8215,SYNTHETIC SITE 02214,102214,,SYNTHETIC COMPANY 02214,1 Example Way,Nowhere,ZZ,00000,3115,2017,SYNTHETIC INDUSTRY,1,2,11,22522,2,0,0,0,0,0,0,0,0,0,0,0,0,,1/1/2024,2023
8216,SYNTHETIC SITE 02215,102215,,SYNTHETIC COMPANY 02215,1 Example Way,Nowhere,ZZ,00000,6221,2017,SYNTHETIC INDUSTRY,1,2,54,112784,1,0,1,0,1,7,0,2,0,0,0,0,0,,1/1/2024,2023
8217,SYNTHETIC SITE 02216,102216,,SYNTHETIC COMPANY 02216,1 Example Way,Nowhere,ZZ,00000,3115,2017,SYNTHETIC INDUSTRY,1,2,14,21968,2,0,0,0,0,0,0,0,0,0,0,0,0,,1/1/2024,2023
8218,SYNTHETIC SITE 02217,102217,,SYNTHETIC COMPANY 02217,1 Example Way,Nowhere,ZZ,00000,3115,2017,SYNTHETIC INDUSTRY,1,2,16,26793,2,0,0,0,0,0,0,0,0,0,0,0,0,,1/1/2024,2023
8219,SYNTHETIC SITE 02218,102218,,SYNTHETIC COMPANY 02218,1 Example Way,Nowhere,ZZ,00000,4841,2017,SYNTHETIC INDUSTRY,1,2,285,598610,1,0,3,0,2,21,0,5,0,0,0,0,0,,1/1/2024,2023
8220,SYNTHETIC SITE 02219,102219,,SYNTHETIC COMPANY 02219,1 Example Way,Nowhere,ZZ,00000,3251,2017,SYNTHETIC INDUSTRY,1,2,54,115397,2,0,0,0,0,0,0,0,0,0,0,0,0,,1/1/2024,2023
8221,SYNTHETIC SITE 02220,102220,,SYNTHETIC COMPANY 02220,1 Example Way,Nowhere,ZZ,00000,4841,2017,SYNTHETIC INDUSTRY,1,2,63,97962,2,0,0,0,0,0,0,0,0,0,0,0,0,,1/1/2024,2023
8222,SYNTHETIC SITE 02221,102221,,SYNTHETIC COMPANY 02221,1 Example Way,Nowhere,ZZ,00000,3115,2017,SYNTHETIC INDUSTRY,1,2,229,341450,1,0,1,3,6,7,12,10,0,0,0,0,0,,1/1/2024,2023
8223,SYNTHETIC SITE 02222,102222,,SYNTHETIC COMPANY 02222,1 Example Way,Nowhere,ZZ,00000,3252,2017,SYNTHETIC INDUSTRY,1,2,32,58056,1,0,0,1,1,0,4,2,0,0,0,0,0,,1/1/2024,2023
8224,SYNTHETIC SITE 02223,102223,,SYNTHETIC COMPANY 02223,1 Example Way,Nowhere,ZZ,00000,3115,2017,SYNTHETIC INDUSTRY,1,2,532,876114,1,0,5,5,6,35,20,16,0,0,0,0,0,,1/1/2024,2023
8225,SYNTHETIC SITE 02224,102224,,SYNTHETIC COMPANY 02224,1 Example Way,Nowhere,ZZ,00000,6221,2017,SYNTHETIC INDUSTRY,1,2,33,48436,2,0,0,0,0,0,0,0,0,0,0,0,0,,1/1/2024,2023
8226,SYNTHETIC SITE 02225,102225,,SYNTHETIC COMPANY 02225,1 Example Way,Nowhere,ZZ,00000,4451,2017,SYNTHETIC INDUSTRY,1,2,7,15655,2,0,0,0,0,0,0,0,0,0,0,0,0,,1/1/2024,2023
8227,SYNTHETIC SITE 02226,102226,,SYNTHETIC COMPANY 02226,1 Example Way,Nowhere,ZZ,00000,6221,2017,SYNTHETIC INDUSTRY,1,2,50,107509,2,0,0,0,0,0,0,0,0,0,0,0,0,,1/1/2024,2023
8228,SYNTHETIC SITE 02227,102227,,SYNTHETIC COMPANY 02227,1 Example Way,Nowhere,ZZ,00000,2361,2017,SYNTHETIC INDUSTRY,1,2,52,84804,1,0,1,0,2,7,0,3,0,0,0,0,0,,1/1/2024,2023
8229,SYNTHETIC SITE 02228,102228,,SYNTHETIC COMPANY 02228,1 Example Way,Nowhere,ZZ,00000,2361,2017,SYNTHETIC INDUSTRY,1,2,19,35402,1,0,1,0,0,7,0,1,0,0,0,0,0,,1/1/2024,2023
8230,SYNTHETIC SITE 02229,102229,,SYNTHETIC COMPANY 02229,1 Example Way,Nowhere,ZZ,00000,2361,2017,SYNTHETIC INDUSTRY,1,2,32,50051,2,0,0,0,0,0,0,0,0,0,0,0,0,,1/1/2024,2023
8231,SYNTHETIC SITE 02230,102230,,SYNTHETIC COMPANY 02230,1 Example Way,Nowhere,ZZ,00000,3251,2017,SYNTHETIC INDUSTRY,1,2,428,845819,1,0,1,2,3,7,8,6,0,0,0,0,0,,1/1/2024,2023
8232,SYNTHETIC SITE 02231,102231,,SYNTHETIC COMPANY 02231,1 Example Way,Nowhere,ZZ,00000,6221,2017,SYNTHETIC INDUSTRY,1,2,66,89255,1,0,0,1,0,0,4,1,0,0,0,0,0,,1/1/2024,2023
8233,SYNTHETIC SITE 02232,102232,,SYNTHETIC COMPANY 02232,1 Example Way,Nowhere,ZZ,00000,3115,2017,SYNTHETIC INDUSTRY,1,2,41,81875,1,0,0,1,2,0,4,3,0,0,0,0,0,,1/1/2024,2023
8234,SYNTHETIC SITE 02233,102233,,SYNTHETIC COMPANY 02233,1 Example Way,Nowhere,ZZ,00000,3115,2017,SYNTHETIC INDUSTRY,1,2,141,272658,1,0,4,1,6,28,4,11,0,0,0,0,0,,1/1/2024,2023
8235,SYNTHETIC SITE 02234,102234,,SYNTHETIC COMPANY 02234,1 Example Way,Nowhere,ZZ,00000,3252,2017,SYNTHETIC INDUSTRY,1,2,82,134137,2,0,0,0,0,0,0,0,0,0,0,0,0,,1/1/2024,2023
8236,SYNTHETIC SITE 02235,102235,,SYNTHETIC COMPANY 02235,1 Example Way,Nowhere,ZZ,00000,4841,2017,SYNTHETIC INDUSTRY,1,2,51,86569,1,0,0,0,1,0,0,1,0,0,0,0,0,,1/1/2024,2023
8237,SYNTHETIC SITE 02236,102236,,SYNTHETIC COMPANY 02236,1 Example Way,Nowhere,ZZ,00000,4451,2017,SYNTHETIC INDUSTRY,1,2,45,73044,1,0,1,0,4,7,0,5,0,0,0,0,0,,1/1/2024,2023
8238,SYNTHETIC SITE 02237,102237,,SYNTHETIC COMPANY 02237,1 Example Way,Nowhere,ZZ,00000,2361,2017,SYNTHETIC INDUSTRY,1,2,68,133275,2,0,0,0,0,0,0,0,0,0,0,0,0,,1/1/2024,2023
8239,SYNTHETIC SITE 02238,102238,,SYNTHETIC COMPANY 02238,1 Example Way,Nowhere,ZZ,00000,2361,2017,SYNTHETIC INDUSTRY,1,2,975,2062193,1,0,10,9,10,70,36,29,0,0,0,0,0,,1/1/2024,2023
8240,SYNTHETIC SITE 02239,102239,,SYNTHETIC COMPANY 02239,1 Example Way,Nowhere,ZZ,00000,4841,2017,SYNTHETIC INDUSTRY,1,2,23,37785,1,0,1,0,0,7,0,1,0,0,0,0,0,,1/1/2024,2023
8241,SYNTHETIC SITE 02240,102240,,SYNTHETIC COMPANY 02240,1 Example Way,Nowhere,ZZ,00000,6221,2017,SYNTHETIC INDUSTRY,1,2,26,36825,1,0,1,0,1,7,0,2,0,0,0,0,0,,1/1/2024,2023
8242,SYNTHETIC SITE 02241,102241,,SYNTHETIC COMPANY 02241,1 Example Way,Nowhere,ZZ,00000,3328,2017,SYNTHETIC INDUSTRY,1,2,17,37998,1,0,2,0,1,14,0,3,0,0,0,0,0,,1/1/2024,2023
8243,SYNTHETIC SITE 02242,102242,,SYNTHETIC COMPANY 02242,1 Example Way,Nowhere,ZZ,00000,3251,2017,SYNTHETIC INDUSTRY,1,2,95,195289,2,0,0,0,0,0,0,0,0,0,0,0,0,,1/1/2024,2023
8244,SYNTHETIC SITE 02243,102243,,SYNTHETIC COMPANY 02243,1 Example Way,Nowhere,ZZ,00000,2361,2017,SYNTHETIC INDUSTRY,1,2,100,188582,1,0,3,2,2,21,8,7,0,0,0,0,0,,1/1/2024,2023
8245,SYNTHETIC SITE 02244,102244,,SYNTHETIC COMPANY 02244,1 Example Way,Nowhere,ZZ,00000,6221,2017,SYNTHETIC INDUSTRY,1,2,83,135325,1,0,0,0,1,0,0,1,0,0,0,0,0,,1/1/2024,2023
8246,SYNTHETIC SITE 02245,102245,,SYNTHETIC COMPANY 02245,1 Example Way,Nowhere,ZZ,00000,4841,2017,SYNTHETIC INDUSTRY,1,2,9,12753,2,0,0,0,0,0,0,0,0,0,0,0,0,,1/1/2024,2023
8247,SYNTHETIC SITE 02246,102246,,SYNTHETIC COMPANY 02246,1 Example Way,Nowhere,ZZ,00000,6221,2017,SYNTHETIC INDUSTRY,1,2,2,3268,2,0,0,0,0,0,0,0,0,0,0,0,0,,1/1/2024,2023
8248,SYNTHETIC SITE 02247,102247,,SYNTHETIC COMPANY 02247,1 Example Way,Nowhere,ZZ,00000,3251,2017,SYNTHETIC INDUSTRY,1,2,16,35188,2,0,0,0,0,0,0,0,0,0,0,0,0,,1/1/2024,2023
8249,SYNTHETIC SITE 02248,102248,,SYNTHETIC COMPANY 02248,1 Example Way,Nowhere,ZZ,00000,3328,2017,SYNTHETIC INDUSTRY,1,2,59,96632,1,0,0,0,1,0,0,1,0,0,0,0,0,,1/1/2024,2023
8250,SYNTHETIC SITE 02249,102249,,SYNTHETIC COMPANY 02249,1 Example Way,Nowhere,ZZ,00000,2361,2017,SYNTHETIC INDUSTRY,1,2,49,70675,2,0,0,0,0,0,0,0,0,0,0,0,0,,1/1/2024,2023
8251,SYNTHETIC SITE 02250,102250,,SYNTHETIC COMPANY 02250,1 Example Way,Nowhere,ZZ,00000,3115,2017,SYNTHETIC INDUSTRY,1,2,133,268110,2,0,0,0,0,0,0,0,0,0,0,0,0,,1/1/2024,2023
8252,SYNTHETIC SITE 02251,102251,,SYNTHETIC COMPANY 02251,1 Example Way,Nowhere,ZZ,00000,3252,2017,SYNTHETIC INDUSTRY,1,2,103,174621,2,0,0,0,0,0,0,0,0,0,0,0,0,,1/1/2024,2023
8253,SYNTHETIC SITE 02252,102252,,SYNTHETIC COMPANY 02252,1 Example Way,Nowhere,ZZ,00000,6221,2017,SYNTHETIC INDUSTRY,1,2,24,42942,1,0,2,0,0,14,0,2,0,0,0,0,0,,1/1/2024,2023
8254,SYNTHETIC SITE 02253,102253,,SYNTHETIC COMPANY 02253,1 Example Way,Nowhere,ZZ,00000,3251,2017,SYNTHETIC INDUSTRY,1,2,50,104716,1,0,0,1,1,0,4,2,0,0,0,0,0,,1/1/2024,2023
8255,SYNTHETIC SITE 02254,102254,,SYNTHETIC COMPANY 02254,1 Example Way,Nowhere,ZZ,00000,2361,2017,SYNTHETIC INDUSTRY,1,2,78,134495,1,0,2,1,1,14,4,4,0,0,0,0,0,,1/1/2024,2023
8256,SYNTHETIC SITE 02255,102255,,SYNTHETIC COMPANY 02255,1 Example Way,Nowhere,ZZ,00000,4451,2017,SYNTHETIC INDUSTRY,1,2,16,34763,1,0,1,0,0,7,0,1,0,0,0,0,0,,1/1/2024,2023
8257,SYNTHETIC SITE 02256,102256,,SYNTHETIC COMPANY 02256,1 Example Way,Nowhere,ZZ,00000,3252,2017,SYNTHETIC INDUSTRY,1,2,45,73156,2,0,0,0,0,0,0,0,0,0,0,0,0,,1/1/2024,2023
8258,SYNTHETIC SITE 02257,102257,,SYNTHETIC COMPANY 02257,1 Example Way,Nowhere,ZZ,00000,3251,2017,SYNTHETIC INDUSTRY,1,2,12,26967,2,0,0,0,0,0,0,0,0,0,0,0,0,,1/1/2024,2023
8259,SYNTHETIC SITE 02258,102258,,SYNTHETIC COMPANY 02258,1 Example Way,Nowhere,ZZ,00000,3115,2017,SYNTHETIC INDUSTRY,1,2,29,64090,1,0,1,1,2,7,4,4,0,0,0,0,0,,1/1/2024,2023
8260,SYNTHETIC SITE 02259,102259,,SYNTHETIC COMPANY 02259,1 Example Way,Nowhere,ZZ,00000,6221,2017,SYNTHETIC INDUSTRY,1,2,75,135694,1,0,1,0,2,7,0,3,0,0,0,0,0,,1/1/2024,2023
8261,SYNTHETIC SITE 02260,102260,,SYNTHETIC COMPANY 02260,1 Example Way,Nowhere,ZZ,00000,3328,2017,SYNTHETIC INDUSTRY,1,2,41,68227,1,0,0,1,0,0,4,1,0,0,0,0,0,,1/1/2024,2023
8262,SYNTHETIC SITE 02261,102261,,SYNTHETIC COMPANY 02261,1 Example Way,Nowhere,ZZ,00000,3251,2017,SYNTHETIC INDUSTRY,1,2,156,276571,2,0,0,0,0,0,0,0,0,0,0,0,0,,1/1/2024,2023
8263,SYNTHETIC SITE 02262,102262,,SYNTHETIC COMPANY 02262,1 Example Way,Nowhere,ZZ,00000,3328,2017,SYNTHETIC INDUSTRY,1,2,80,151319,2,0,0,0,0,0,0,0,0,0,0,0,0,,1/1/2024,2023
8264,SYNTHETIC SITE 02263,102263,,SYNTHETIC COMPANY 02263,1 Example Way,Nowhere,ZZ,00000,2361,2017,SYNTHETIC INDUSTRY,1,2,98,199069,1,0,0,1,1,0,4,2,0,0,0,0,0,,1/1/2024,2023
8265,SYNTHETIC SITE 02264,102264,,SYNTHETIC COMPANY 02264,1 Example Way,Nowhere,ZZ,00000,3252,2017,SYNTHETIC INDUSTRY,1,2,95,155879,2,0,0,0,0,0,0,0,0,0,0,0,0,,1/1/2024,2023
8266,SYNTHETIC SITE 02265,102265,,SYNTHETIC COMPANY 02265,1 Example Way,Nowhere,ZZ,00000,4451,2017,SYNTHETIC INDUSTRY,1,2,40,64421,1,0,0,0,1,0,0,1,0,0,0,0,0,,1/1/2024,2023
8267,SYNTHETIC SITE 02266,102266,,SYNTHETIC COMPANY 02266,1 Example Way,Nowhere,ZZ,00000,3328,2017,SYNTHETIC INDUSTRY,1,2,154,291712,2,0,0,0,0,0,0,0,0,0,0,0,0,,1/1/2024,2023
8268,SYNTHETIC SITE 02267,102267,,SYNTHETIC COMPANY 02267,1 Example Way,Nowhere,ZZ,00000,3252,2017,SYNTHETIC INDUSTRY,1,2,220,473722,2,0,0,0,0,0,0,0,0,0,0,0,0,,1/1/2024,2023
8269,SYNTHETIC SITE 02268,102268,,SYNTHETIC COMPANY 02268,1 Example Way,Nowhere,ZZ,00000,4451,2017,SYNTHETIC INDUSTRY,1,2,8,12983,2,0,0,0,0,0,0,0,0,0,0,0,0,,1/1/2024,2023
8270,SYNTHETIC SITE 02269,102269,,SYNTHETIC COMPANY 02269,1 Example Way,Nowhere,ZZ,00000,3251,2017,SYNTHETIC INDUSTRY,1,2,22,32429,2,0,0,0,0,0,0,0,0,0,0,0,0,,1/1/2024,2023
8271,SYNTHETIC SITE 02270,102270,,SYNTHETIC COMPANY 02270,1 Example Way,Nowhere,ZZ,00000,3251,2017,SYNTHETIC INDUSTRY,1,2,72,157223,2,0,0,0,0,0,0,0,0,0,0,0,0,,1/1/2024,2023
8272,SYNTHETIC SITE 02271,102271,,SYNTHETIC COMPANY 02271,1 Example Way,Nowhere,ZZ,00000,2361,2017,SYNTHETIC INDUSTRY,1,2,419,783456,1,0,2,0,1,14,0,3,0,0,0,0,0,,1/1/2024,2023
8273,SYNTHETIC SITE 02272,102272,,SYNTHETIC COMPANY 02272,1 Example Way,Nowhere,ZZ,00000,4841,2017,SYNTHETIC INDUSTRY,1,2,181,337891,1,0,0,1,1,0,4,2,0,0,0,0,0,,1/1/2024,2023
8274,SYNTHETIC SITE 02273,102273,,SYNTHETIC COMPANY 02273,1 Example Way,Nowhere,ZZ,00000,3251,2017,SYNTHETIC INDUSTRY,1,2,46,93348,1,0,1,1,1,7,4,3,0,0,0,0,0,,1/1/2024,2023
8275,SYNTHETIC SITE 02274,102274,,SYNTHETIC COMPANY 02274,1 Example Way,Nowhere,ZZ,00000,3251,2017,SYNTHETIC INDUSTRY,1,2,100,157582,2,0,0,0,0,0,0,0,0,0,0,0,0,,1/1/2024,2023
8276,SYNTHETIC SITE 02275,102275,,SYNTHETIC COMPANY 02275,1 Example Way,Nowhere,ZZ,00000,3115,2017,SYNTHETIC INDUSTRY,1,2,10,16416,1,0,0,1,0,0,4,1,0,0,0,0,0,,1/1/2024,2023
8277,SYNTHETIC SITE 02276,102276,,SYNTHETIC COMPANY 02276,1 Example Way,Nowhere,ZZ,00000,4841,2017,SYNTHETIC INDUSTRY,1,2,98,186241,2,0,0,0,0,0,0,0,0,0,0,0,0,,1/1/2024,2023
8278,SYNTHETIC SITE 02277,102277,,SYNTHETIC COMPANY 02277,1 Example Way,Nowhere,ZZ,00000,3115,2017,SYNTHETIC INDUSTRY,1,2,49,102562,1,0,0,0,1,0,0,1,0,0,0,0,0,,1/1/2024,2023
8279,SYNTHETIC SITE 02278,102278,,SYNTHETIC COMPANY 02278,1 Example Way,Nowhere,ZZ,00000,3328,2017,SYNTHETIC INDUSTRY,1,2,21,32149,2,0,0,0,0,0,0,0,0,0,0,0,0,,1/1/2024,2023
8280,SYNTHETIC SITE 02279,102279,,SYNTHETIC COMPANY 02279,1 Example Way,Nowhere,ZZ,00000,2361,2017,SYNTHETIC INDUSTRY,1,2,97,174375,2,0,0,0,0,0,0,0,0,0,0,0,0,,1/1/2024,2023
8281,SYNTHETIC SITE 02280,102280,,SYNTHETIC COMPANY 02280,1 Example Way,Nowhere,ZZ,00000,6221,2017,SYNTHETIC INDUSTRY,1,2,68,124575,2,0,0,0,0,0,0,0,0,0,0,0,0,,1/1/2024,2023
8282,SYNTHETIC SITE 02281,102281,,SYNTHETIC COMPANY 02281,1 Example Way,Nowhere,ZZ,00000,3328,2017,SYNTHETIC INDUSTRY,1,2,85,167807,2,0,0,0,0,0,0,0,0,0,0,0,0,,1/1/2024,2023
8283,SYNTHETIC SITE 02282,102282,,SYNTHETIC COMPANY 02282,1 Example Way,Nowhere,ZZ,00000,3115,2017,SYNTHETIC INDUSTRY,1,2,180,324510,1,0,5,10,8,35,40,23,0,0,0,0,0,,1/1/2024,2023
8284,SYNTHETIC SITE 02283,102283,,SYNTHETIC COMPANY 02283,1 Example Way,Nowhere,ZZ,00000,3252,2017,SYNTHETIC INDUSTRY,1,2,13,21621,2,0,0,0,0,0,0,0,0,0,0,0,0,,1/1/2024,2023
8285,SYNTHETIC SITE 02284,102284,,SYNTHETIC COMPANY 02284,1 Example Way,Nowhere,ZZ,00000,3251,2017,SYNTHETIC INDUSTRY,1,2,376,659146,1,0,4,4,5,28,16,13,0,0,0,0,0,,1/1/2024,2023
8286,SYNTHETIC SITE 02285,102285,,SYNTHETIC COMPANY 02285,1 Example Way,Nowhere,ZZ,00000,3328,2017,SYNTHETIC INDUSTRY,1,2,86,185652,2,0,0,0,0,0,0,0,0,0,0,0,0,,1/1/2024,2023
8287,SYNTHETIC SITE 02286,102286,,SYNTHETIC COMPANY 02286,1 Example Way,Nowhere,ZZ,00000,3115,2017,SYNTHETIC INDUSTRY,1,2,33,50826,2,0,0,0,0,0,0,0,0,0,0,0,0,,1/1/2024,2023
8288,SYNTHETIC SITE 02287,102287,,SYNTHETIC COMPANY 02287,1 Example Way,Nowhere,ZZ,00000,3115,2017,SYNTHETIC INDUSTRY,1,2,45,84934,2,0,0,0,0,0,0,0,0,0,0,0,0,,1/1/2024,2023
8289,SYNTHETIC SITE 02288,102288,,SYNTHETIC COMPANY 02288,1 Example Way,Nowhere,ZZ,00000,2361,2017,SYNTHETIC INDUSTRY,1,2,403,802967,1,0,2,3,10,14,12,15,0,0,0,0,0,,1/1/2024,2023
8290,SYNTHETIC SITE 02289,102289,,SYNTHETIC COMPANY 02289,1 Example Way,Nowhere,ZZ,00000,4451,2017,SYNTHETIC INDUSTRY,1,2,96,191791,1,0,2,0,1,14,0,3,0,0,0,0,0,,1/1/2024,2023
8291,SYNTHETIC SITE 02290,102290,,SYNTHETIC COMPANY 02290,1 Example Way,Nowhere,ZZ,00000,3251,2017,SYNTHETIC INDUSTRY,1,2,21,40494,2,0,0,0,0,0,0,0,0,0,0,0,0,,1/1/2024,2023
8292,SYNTHETIC SITE 02291,102291,,SYNTHETIC COMPANY 02291,1 Example Way,Nowhere,ZZ,00000,2361,2017,SYNTHETIC INDUSTRY,1,2,3,5454,2,0,0,0,0,0,0,0,0,0,0,0,0,,1/1/2024,2023
8293,SYNTHETIC SITE 02292,102292,,SYNTHETIC COMPANY 02292,1 Example Way,Nowhere,ZZ,00000,3115,2017,SYNTHETIC INDUSTRY,1,2,197,368899,1,0,1,3,4,7,12,8,0,0,0,0,0,,1/1/2024,2023
8294,SYNTHETIC SITE 02293,102293,,SYNTHETIC COMPANY 02293,1 Example Way,Nowhere,ZZ,00000,6221,2017,SYNTHETIC INDUSTRY,1,2,12,25299,2,0,0,0,0,0,0,0,0,0,0,0,0,,1/1/2024,2023
8295,SYNTHETIC SITE 02294,102294,,SYNTHETIC COMPANY 02294,1 Example Way,Nowhere,ZZ,00000,6221,2017,SYNTHETIC INDUSTRY,1,2,22,41503,2,0,0,0,0,0,0,0,0,0,0,0,0,,1/1/2024,2023
8296,SYNTHETIC SITE 02295,102295,,SYNTHETIC COMPANY 02295,1 Example Way,Nowhere,ZZ,00000,4841,2017,SYNTHETIC INDUSTRY,1,2,27,47214,1,0,1,2,0,7,8,3,0,0,0,0,0,,1/1/2024,2023
8297,SYNTHETIC SITE 02296,102296,,SYNTHETIC COMPANY 02296,1 Example Way,Nowhere,ZZ,00000,2361,2017,SYNTHETIC INDUSTRY,1,2,73,11803100000,2,0,0,0,0,0,0,0,0,0,0,0,0,,1/1/2024,2023
8298,SYNTHETIC SITE 02297,102297,,SYNTHETIC COMPANY 02297,1 Example Way,Nowhere,ZZ,00000,3115,2017,SYNTHETIC INDUSTRY,1,2,88,185057,1,0,9,4,3,63,16,16,0,0,0,0,0,,1/1/2024,2023
8299,SYNTHETIC SITE 02298,102298,,SYNTHETIC COMPANY 02298,1 Example Way,Nowhere,ZZ,00000,2361,2017,SYNTHETIC INDUSTRY,1,2,44,64704,1,0,0,0,1,0,0,1,0,0,0,0,0,,1/1/2024,2023
8300,SYNTHETIC SITE 02299,102299,,SYNTHETIC COMPANY 02299,1 Example Way,Nowhere,ZZ,00000,3251,2017,SYNTHETIC INDUSTRY,1,2,13,22593,1,0,1,0,0,7,0,1,0,0,0,0,0,,1/1/2024,2023
8301,SYNTHETIC SITE 02300,102300,,SYNTHETIC COMPANY 02300,1 Example Way,Nowhere,ZZ,00000,3328,2017,SYNTHETIC INDUSTRY,1,2,197,330455,1,0,3,2,1,21,8,6,0,0,0,0,0,,1/1/2024,2023
8302,SYNTHETIC SITE 02301,102301,,SYNTHETIC COMPANY 02301,1 Example Way,Nowhere,ZZ,00000,4451,2017,SYNTHETIC INDUSTRY,1,2,207,459570,1,0,5,7,10,35,28,22,0,0,0,0,0,,1/1/2024,2023
8303,SYNTHETIC SITE 02302,102302,,SYNTHETIC COMPANY 02302,1 Example Way,Nowhere,ZZ,00000,3328,2017,SYNTHETIC INDUSTRY,1,2,18,30040,2,0,0,0,0,0,0,0,0,0,0,0,0,,1/1/2024,2023
8304,SYNTHETIC SITE 02303,102303,,SYNTHETIC COMPANY 02303,1 Example Way,Nowhere,ZZ,00000,3252,2017,SYNTHETIC INDUSTRY,1,2,155,272745,1,0,3,2,5,21,8,10,0,0,0,0,0,,1/1/2024,2023
8305,SYNTHETIC SITE 02304,102304,,SYNTHETIC COMPANY 02304,1 Example Way,Nowhere,ZZ,00000,6221,2017,SYNTHETIC INDUSTRY,1,2,65,112966,2,0,0,0,0,0,0,0,0,0,0,0,0,,1/1/2024,2023
8306,SYNTHETIC SITE 02305,102305,,SYNTHETIC COMPANY 02305,1 Example Way,Nowhere,ZZ,00000,4841,2017,SYNTHETIC INDUSTRY,1,2,153,374837,1,0,3,4,4,21,16,11,0,0,0,0,0,,1/1/2024,2023
8307,SYNTHETIC SITE 02306,102306,,SYNTHETIC COMPANY 02306,1 Example Way,Nowhere,ZZ,00000,2361,2017,SYNTHETIC INDUSTRY,1,2,4,5056,2,0,0,0,0,0,0,0,0,0,0,0,0,,1/1/2024,2023
8308,SYNTHETIC SITE 02307,102307,,SYNTHETIC COMPANY 02307,1 Example Way,Nowhere,ZZ,00000,6221,2017,SYNTHETIC INDUSTRY,1,2,90,202069,1,0,4,1,4,28,4,9,0,0,0,0,0,,1/1/2024,2023
8309,SYNTHETIC SITE 02308,102308,,SYNTHETIC COMPANY 02308,1 Example Way,Nowhere,ZZ,00000,3328,2017,SYNTHETIC INDUSTRY,1,2,52,67478,1,0,0,0,1,0,0,1,0,0,0,0,0,,1/1/2024,2023
8310,SYNTHETIC SITE 02309,102309,,SYNTHETIC COMPANY 02309,1 Example Way,Nowhere,ZZ,00000,4451,2017,SYNTHETIC INDUSTRY,1,2,78,120487,2,0,0,0,0,0,0,0,0,0,0,0,0,,1/1/2024,2023
8311,SYNTHETIC SITE 02310,102310,,SYNTHETIC COMPANY 02310,1 Example Way,Nowhere,ZZ,00000,3252,2017,SYNTHETIC INDUSTRY,1,2,115,209330,1,0,4,0,0,28,0,4,0,0,0,0,0,,1/1/2024,2023
8312,SYNTHETIC SITE 02311,102311,,SYNTHETIC COMPANY 02311,1 Example Way,Nowhere,ZZ,00000,3115,2017,SYNTHETIC INDUSTRY,1,2,40,75046,2,0,0,0,0,0,0,0,0,0,0,0,0,,1/1/2024,2023
8313,SYNTHETIC SITE 02312,102312,,SYNTHETIC COMPANY 02312,1 Example Way,Nowhere,ZZ,00000,4451,2017,SYNTHETIC INDUSTRY,1,2,29,52351,2,0,0,0,0,0,0,0,0,0,0,0,0,,1/1/2024,2023
8314,SYNTHETIC SITE 02313,102313,,SYNTHETIC COMPANY 02313,1 Example Way,Nowhere,ZZ,00000,3115,2017,SYNTHETIC INDUSTRY,1,2,108,276869,1,0,3,0,4,21,0,7,0,0,0,0,0,,1/1/2024,2023
8315,SYNTHETIC SITE 02314,102314,,SYNTHETIC COMPANY 02314,1 Example Way,Nowhere,ZZ,00000,4841,2017,SYNTHETIC INDUSTRY,1,2,210,413767,1,0,0,1,0,0,4,1,0,0,0,0,0,,1/1/2024,2023
8316,SYNTHETIC SITE 02315,102315,,SYNTHETIC COMPANY 02315,1 Example Way,Nowhere,ZZ,00000,3328,2017,SYNTHETIC INDUSTRY,1,2,180,321156,1,0,0,0,1,0,0,1,0,0,0,0,0,,1/1/2024,2023
8317,SYNTHETIC SITE 02316,102316,,SYNTHETIC COMPANY 02316,1 Example Way,Nowhere,ZZ,00000,3115,2017,SYNTHETIC INDUSTRY,1,2,60,113644,2,0,0,0,0,0,0,0,0,0,0,0,0,,1/1/2024,2023
8318,SYNTHETIC SITE 02317,102317,,SYNTHETIC COMPANY 02317,1 Example Way,Nowhere,ZZ,00000,6221,2017,SYNTHETIC INDUSTRY,1,2,16,24275,2,0,0,0,0,0,0,0,0,0,0,0,0,,1/1/2024,2023
8319,SYNTHETIC SITE 02318,102318,,SYNTHETIC COMPANY 02318,1 Example Way,Nowhere,ZZ,00000,4841,2017,SYNTHETIC INDUSTRY,1,2,38,76037,1,0,1,0,0,7,0,1,0,0,0,0,0,,1/1/2024,2023
8320,SYNTHETIC SITE 02319,102319,,SYNTHETIC COMPANY 02319,1 Example Way,Nowhere,ZZ,00000,3252,2017,SYNTHETIC INDUSTRY,1,2,140,261636,1,0,0,0,2,0,0,2,0,0,0,0,0,,1/1/2024,2023
8321,SYNTHETIC SITE 02320,102320,,SYNTHETIC COMPANY 02320,1 Example Way,Nowhere,ZZ,00000,4841,2017,SYNTHETIC INDUSTRY,1,2,49,80354,1,0,1,0,0,7,0,1,0,0,0,0,0,,1/1/2024,2023
8322,SYNTHETIC SITE 02321,102321,,SYNTHETIC COMPANY 02321,1 Example Way,Nowhere,ZZ,00000,3251,2017,SYNTHETIC INDUSTRY,1,2,18,38436,2,0,0,0,0,0,0,0,0,0,0,0,0,,1/1/2024,2023
8323,SYNTHETIC SITE 02322,102322,,SYNTHETIC COMPANY 02322,1 Example Way,Nowhere,ZZ,00000,3251,2017,SYNTHETIC INDUSTRY,1,2,93,140643,1,0,3,1,2,21,4,6,0,0,0,0,0,,1/1/2024,2023
8324,SYNTHETIC SITE 02323,102323,,SYNTHETIC COMPANY 02323,1 Example Way,Nowhere,ZZ,00000,6221,2017,SYNTHETIC INDUSTRY,1,2,274,473202,1,0,5,3,15,35,12,23,0,0,0,0,0,,1/1/2024,2023
8325,SYNTHETIC SITE 02324,102324,,SYNTHETIC COMPANY 02324,1 Example Way,Nowhere,ZZ,00000,2361,2017,SYNTHETIC INDUSTRY,1,2,17,32455,1,0,1,0,0,7,0,1,0,0,0,0,0,,1/1/2024,2023
8326,SYNTHETIC SITE 02325,102325,,SYNTHETIC COMPANY 02325,1 Example Way,Nowhere,ZZ,00000,4451,2017,SYNTHETIC INDUSTRY,1,2,23,44218,2,0,0,0,0,0,0,0,0,0,0,0,0,,1/1/2024,2023
8327,SYNTHETIC SITE 02326,102326,,SYNTHETIC COMPANY 02326,1 Example Way,Nowhere,ZZ,00000,4841,2017,SYNTHETIC INDUSTRY,1,2,97,225125,1,0,2,3,4,14,12,9,0,0,0,0,0,,1/1/2024,2023
8328,SYNTHETIC SITE 02327,102327,,SYNTHETIC COMPANY 02327,1 Example Way,Nowhere,ZZ,00000,3328,2017,SYNTHETIC INDUSTRY,1,2,123,289321,1,0,2,0,0,14,0,2,0,0,0,0,0,,1/1/2024,2023
8329,SYNTHETIC SITE 02328,102328,,SYNTHETIC COMPANY 02328,1 Example Way,Nowhere,ZZ,00000,3252,2017,SYNTHETIC INDUSTRY,1,2,307,578943,1,0,1,2,3,7,8,6,0,0,0,0,0,,1/1/2024,2023
8330,SYNTHETIC SITE 02329,102329,,SYNTHETIC COMPANY 02329,1 Example Way,Nowhere,ZZ,00000,4451,2017,SYNTHETIC INDUSTRY,1,2,11,19498,2,0,0,0,0,0,0,0,0,0,0,0,0,,1/1/2024,2023
8331,SYNTHETIC SITE 02330,102330,,SYNTHETIC COMPANY 02330,1 Example Way,Nowhere,ZZ,00000,4841,2017,SYNTHETIC INDUSTRY,1,2,245,438011,1,0,0,2,3,0,8,5,0,0,0,0,0,,1/1/2024,2023
8332,SYNTHETIC SITE 02331,102331,,SYNTHETIC COMPANY 02331,1 Example Way,Nowhere,ZZ,00000,4451,2017,SYNTHETIC INDUSTRY,1,2,20,30888,2,0,0,0,0,0,0,0,0,0,0,0,0,,1/1/2024,2023
8333,SYNTHETIC SITE 02332,102332,,SYNTHETIC COMPANY 02332,1 Example Way,Nowhere,ZZ,00000,3328,2017,SYNTHETIC INDUSTRY,1,2,31,57036,2,0,0,0,0,0,0,0,0,0,0,0,0,,1/1/2024,2023
8334,SYNTHETIC SITE 02333,102333,,SYNTHETIC COMPANY 02333,1 Example Way,Nowhere,ZZ,00000,2361,2017,SYNTHETIC INDUSTRY,1,2,65,15756900,2,0,0,0,0,0,0,0,0,0,0,0,0,,1/1/2024,2023
8335,SYNTHETIC SITE 02334,102334,,SYNTHETIC COMPANY 02334,1 Example Way,Nowhere,ZZ,00000,4451,2017,SYNTHETIC INDUSTRY,1,2,84,152540,2,0,0,0,0,0,0,0,0,0,0,0,0,,1/1/2024,2023
8336,SYNTHETIC SITE 02335,102335,,SYNTHETIC COMPANY 02335,1 Example Way,Nowhere,ZZ,00000,2361,2017,SYNTHETIC INDUSTRY,1,2,62,98109,1,0,1,0,1,7,0,2,0,0,0,0,0,,1/1/2024,2023
8337,SYNTHETIC SITE 02336,102336,,SYNTHETIC COMPANY 02336,1 Example Way,Nowhere,ZZ,00000,2361,2017,SYNTHETIC INDUSTRY,1,2,39,77495,2,0,0,0,0,0,0,0,0,0,0,0,0,,1/1/2024,2023
8338,SYNTHETIC SITE 02337,102337,,SYNTHETIC COMPANY 02337,1 Example Way,Nowhere,ZZ,00000,2361,2017,SYNTHETIC INDUSTRY,1,2,72,111256,1,0,2,1,3,14,4,6,0,0,0,0,0,,1/1/2024,2023
8339,SYNTHETIC SITE 02338,102338,,SYNTHETIC COMPANY 02338,1 Example Way,Nowhere,ZZ,00000,2361,2017,SYNTHETIC INDUSTRY,1,2,163,267781,1,0,3,3,1,21,12,7,0,0,0,0,0,,1/1/2024,2023
8340,SYNTHETIC SITE 02339,102339,,SYNTHETIC COMPANY 02339,1 Example Way,Nowhere,ZZ,00000,3252,2017,SYNTHETIC INDUSTRY,1,2,792,1342236,2,0,0,0,0,0,0,0,0,0,0,0,0,,1/1/2024,2023
8341,SYNTHETIC SITE 02340,102340,,SYNTHETIC COMPANY 02340,1 Example Way,Nowhere,ZZ,00000,3252,2017,SYNTHETIC INDUSTRY,1,2,115,246905,1,0,0,0,1,0,0,1,0,0,0,0,0,,1/1/2024,2023
8342,SYNTHETIC SITE 02341,102341,,SYNTHETIC COMPANY 02341,1 Example Way,Nowhere,ZZ,00000,3328,2017,SYNTHETIC INDUSTRY,1,2,78,143038,2,0,0,0,0,0,0,0,0,0,0,0,0,,1/1/2024,2023
8343,SYNTHETIC SITE 02342,102342,,SYNTHETIC COMPANY 02342,1 Example Way,Nowhere,ZZ,00000,2361,2017,SYNTHETIC INDUSTRY,1,2,6,10795,2,0,0,0,0,0,0,0,0,0,0,0,0,,1/1/2024,2023
8344,SYNTHETIC SITE 02343,102343,,SYNTHETIC COMPANY 02343,1 Example Way,Nowhere,ZZ,00000,3328,2017,SYNTHETIC INDUSTRY,1,2,28,64205,2,0,0,0,0,0,0,0,0,0,0,0,0,,1/1/2024,2023
8345,SYNTHETIC SITE 02344,102344,,SYNTHETIC COMPANY 02344,1 Example Way,Nowhere,ZZ,00000,4841,2017,SYNTHETIC INDUSTRY,1,2,59,107247,1,0,2,2,3,14,8,7,0,0,0,0,0,,1/1/2024,2023
8346,SYNTHETIC SITE 02345,102345,,SYNTHETIC COMPANY 02345,1 Example Way,Nowhere,ZZ,00000,3115,2017,SYNTHETIC INDUSTRY,1,2,33,53344,2,0,0,0,0,0,0,0,0,0,0,0,0,,1/1/2024,2023
8347,SYNTHETIC SITE 02346,102346,,SYNTHETIC COMPANY 02346,1 Example Way,Nowhere,ZZ,00000,4841,2017,SYNTHETIC INDUSTRY,1,2,19,46861,2,0,0,0,0,0,0,0,0,0,0,0,0,,1/1/2024,2023
8348,SYNTHETIC SITE 02347,102347,,SYNTHETIC COMPANY 02347,1 Example Way,Nowhere,ZZ,00000,4841,2017,SYNTHETIC INDUSTRY,1,2,50,95810,1,0,0,0,1,0,0,1,0,0,0,0,0,,1/1/2024,2023
8349,SYNTHETIC SITE 02348,102348,,SYNTHETIC COMPANY 02348,1 Example Way,Nowhere,ZZ,00000,3328,2017,SYNTHETIC INDUSTRY,1,2,62,124702,1,0,0,1,1,0,4,2,0,0,0,0,0,,1/1/2024,2023
8350,SYNTHETIC SITE 02349,102349,,SYNTHETIC COMPANY 02349,1 Example Way,Nowhere,ZZ,00000,3252,2017,SYNTHETIC INDUSTRY,1,2,48,102291,1,0,0,0,2,0,0,2,0,0,0,0,0,,1/1/2024,2023
8351,SYNTHETIC SITE 02350,102350,,SYNTHETIC COMPANY 02350,1 Example Way,Nowhere,ZZ,00000,6221,2017,SYNTHETIC INDUSTRY,1,2,8,14538,1,0,0,0,1,0,0,1,0,0,0,0,0,,1/1/2024,2023
8352,SYNTHETIC SITE 02351,102351,,SYNTHETIC COMPANY 02351,1 Example Way,Nowhere,ZZ,00000,4841,2017,SYNTHETIC INDUSTRY,1,2,172,317078,2,0,0,0,0,0,0,0,0,0,0,0,0,,1/1/2024,2023
8353,SYNTHETIC SITE 02352,102352,,SYNTHETIC COMPANY 02352,1 Example Way,Nowhere,ZZ,00000,3328,2017,SYNTHETIC INDUSTRY,1,2,209,590700,1,0,9,6,11,63,24,26,0,0,0,0,0,,1/1/2024,2023
8354,SYNTHETIC SITE 02353,102353,,SYNTHETIC COMPANY 02353,1 Example Way,Nowhere,ZZ,00000,6221,2017,SYNTHETIC INDUSTRY,1,2,18,28086,1,0,0,0,2,0,0,2,0,0,0,0,0,,1/1/2024,2023
8355,SYNTHETIC SITE 02354,102354,,SYNTHETIC COMPANY 02354,1 Example Way,Nowhere,ZZ,00000,6221,2017,SYNTHETIC INDUSTRY,1,2,28,54197,1,0,1,0,0,7,0,1,0,0,0,0,0,,1/1/2024,2023
8356,SYNTHETIC SITE 02355,102355,,SYNTHETIC COMPANY 02355,1 Example Way,Nowhere,ZZ,00000,4451,2017,SYNTHETIC INDUSTRY,1,2,77,140972,1,0,1,2,0,7,8,3,0,0,0,0,0,,1/1/2024,2023
8357,SYNTHETIC SITE 02356,102356,,SYNTHETIC COMPANY 02356,1 Example Way,Nowhere,ZZ,00000,3115,2017,SYNTHETIC INDUSTRY,1,2,50,88715,2,0,0,0,0,0,0,0,0,0,0,0,0,,1/1/2024,2023
8358,SYNTHETIC SITE 02357,102357,,SYNTHETIC COMPANY 02357,1 Example Way,Nowhere,ZZ,00000,2361,2017,SYNTHETIC INDUSTRY,1,2,25,51524,1,0,0,2,0,0,8,2,0,0,0,0,0,,1/1/2024,2023
8359,SYNTHETIC SITE 02358,102358,,SYNTHETIC COMPANY 02358,1 Example Way,Nowhere,ZZ,00000,6221,2017,SYNTHETIC INDUSTRY,1,2,25,38629,2,0,0,0,0,0,0,0,0,0,0,0,0,,1/1/2024,2023
8360,SYNTHETIC SITE 02359,102359,,SYNTHETIC COMPANY 02359,1 Example Way,Nowhere,ZZ,00000,6221,2017,SYNTHETIC INDUSTRY,1,2,11,27989,2,0,0,0,0,0,0,0,0,0,0,0,0,,1/1/2024,2023
8361,SYNTHETIC SITE 02360,102360,,SYNTHETIC COMPANY 02360,1 Example Way,Nowhere,ZZ,00000,3251,2017,SYNTHETIC INDUSTRY,1,2,964,1694250,1,0,3,1,2,21,4,6,0,0,0,0,0,,1/1/2024,2023
8362,SYNTHETIC SITE 02361,102361,,SYNTHETIC COMPANY 02361,1 Example Way,Nowhere,ZZ,00000,3252,2017,SYNTHETIC INDUSTRY,1,2,19,27910,2,0,0,0,0,0,0,0,0,0,0,0,0,,1/1/2024,2023
8363,SYNTHETIC SITE 02362,102362,,SYNTHETIC COMPANY 02362,1 Example Way,Nowhere,ZZ,00000,4841,2017,SYNTHETIC INDUSTRY,1,2,5,9815,2,0,0,0,0,0,0,0,0,0,0,0,0,,1/1/2024,2023
8364,SYNTHETIC SITE 02363,102363,,SYNTHETIC COMPANY 02363,1 Example Way,Nowhere,ZZ,00000,3251,2017,SYNTHETIC INDUSTRY,1,2,16,29845,1,0,0,0,2,0,0,2,0,0,0,0,0,,1/1/2024,2023
8365,SYNTHETIC SITE 02364,102364,,SYNTHETIC COMPANY 02364,1 Example Way,Nowhere,ZZ,00000,3252,2017,SYNTHETIC INDUSTRY,1,2,84,149819,2,0,0,0,0,0,0,0,0,0,0,0,0,,1/1/2024,2023
8366,SYNTHETIC SITE 02365,102365,,SYNTHETIC COMPANY 02365,1 Example Way,Nowhere,ZZ,00000,3252,2017,SYNTHETIC INDUSTRY,1,2,8,15701,2,0,0,0,0,0,0,0,0,0,0,0,0,,1/1/2024,2023
8367,SYNTHETIC SITE 02366,102366,,SYNTHETIC COMPANY 02366,1 Example Way,Nowhere,ZZ,00000,2361,2017,SYNTHETIC INDUSTRY,1,2,152,312916,1,0,3,2,4,21,8,9,0,0,0,0,0,,1/1/2024,2023
8368,SYNTHETIC SITE 02367,102367,,SYNTHETIC COMPANY 02367,1 Example Way,Nowhere,ZZ,00000,4841,2017,SYNTHETIC INDUSTRY,1,2,13,23877,2,0,0,0,0,0,0,0,0,0,0,0,0,,1/1/2024,2023
8369,SYNTHETIC SITE 02368,102368,,SYNTHETIC COMPANY 02368,1 Example Way,Nowhere,ZZ,00000,2361,2017,SYNTHETIC INDUSTRY,1,2,22,40124,1,0,0,0,1,0,0,1,0,0,0,0,0,,1/1/2024,2023
8370,SYNTHETIC SITE 02369,102369,,SYNTHETIC COMPANY 02369,1 Example Way,Nowhere,ZZ,00000,2361,2017,SYNTHETIC INDUSTRY,1,2,38,70613,1,0,0,0,2,0,0,2,0,0,0,0,0,,1/1/2024,2023
8371,SYNTHETIC SITE 02370,102370,,SYNTHETIC COMPANY 02370,1 Example Way,Nowhere,ZZ,00000,3252,2017,SYNTHETIC INDUSTRY,1,2,205,391912,1,0,8,2,3,56,8,13,0,0,0,0,0,,1/1/2024,2023
8372,SYNTHETIC SITE 02371,102371,,SYNTHETIC COMPANY 02371,1 Example Way,Nowhere,ZZ,00000,4451,2017,SYNTHETIC INDUSTRY,1,2,12,17803,2,0,0,0,0,0,0,0,0,0,0,0,0,,1/1/2024,2023
8373,SYNTHETIC SITE 02372,102372,,SYNTHETIC COMPANY 02372,1 Example Way,Nowhere,ZZ,00000,3115,2017,SYNTHETIC INDUSTRY,1,2,120,199037,1,0,4,1,4,28,4,9,0,0,0,0,0,,1/1/2024,2023
8374,SYNTHETIC SITE 02373,102373,,SYNTHETIC COMPANY 02373,1 Example Way,Nowhere,ZZ,00000,3251,2017,SYNTHETIC INDUSTRY,1,2,157,229823,2,0,0,0,0,0,0,0,0,0,0,0,0,,1/1/2024,2023
8375,SYNTHETIC SITE 02374,102374,,SYNTHETIC COMPANY 02374,1 Example Way,Nowhere,ZZ,00000,3115,2017,SYNTHETIC INDUSTRY,1,2,30,54413,1,0,0,0,1,0,0,1,0,0,0,0,0,,1/1/2024,2023
8376,SYNTHETIC SITE 02375,102375,,SYNTHETIC COMPANY 02375,1 Example Way,Nowhere,ZZ,00000,3328,2017,SYNTHETIC INDUSTRY,1,2,225,426945,1,0,1,0,2,7,0,3,0,0,0,0,0,,1/1/2024,2023
8377,SYNTHETIC SITE 02376,102376,,SYNTHETIC COMPANY 02376,1 Example Way,Nowhere,ZZ,00000,3328,2017,SYNTHETIC INDUSTRY,1,2,11,22381,2,0,0,0,0,0,0,0,0,0,0,0,0,,1/1/2024,2023
8378,SYNTHETIC SITE 02377,102377,,SYNTHETIC COMPANY 02377,1 Example Way,Nowhere,ZZ,00000,3115,2017,SYNTHETIC INDUSTRY,1,2,90,193734,2,0,0,0,0,0,0,0,0,0,0,0,0,,1/1/2024,2023
8379,SYNTHETIC SITE 02378,102378,,SYNTHETIC COMPANY 02378,1 Example Way,Nowhere,ZZ,00000,3328,2017,SYNTHETIC INDUSTRY,1,2,75,148717,2,0,0,0,0,0,0,0,0,0,0,0,0,,1/1/2024,2023
8380,SYNTHETIC SITE 02379,102379,,SYNTHETIC COMPANY 02379,1 Example Way,Nowhere,ZZ,00000,3328,2017,SYNTHETIC INDUSTRY,1,2,85,145650,1,0,0,1,0,0,4,1,0,0,0,0,0,,1/1/2024,2023
8381,SYNTHETIC SITE 02380,102380,,SYNTHETIC COMPANY 02380,1 Example Way,Nowhere,ZZ,00000,3252,2017,SYNTHETIC INDUSTRY,1,2,49,76826,1,0,0,0,1,0,0,1,0,0,0,0,0,,1/1/2024,2023
8382,SYNTHETIC SITE 02381,102381,,SYNTHETIC COMPANY 02381,1 Example Way,Nowhere,ZZ,00000,4451,2017,SYNTHETIC INDUSTRY,1,2,942,1477008,2,0,0,0,0,0,0,0,0,0,0,0,0,,1/1/2024,2023
8383,SYNTHETIC SITE 02382,102382,,SYNTHETIC COMPANY 02382,1 Example Way,Nowhere,ZZ,00000,4841,2017,SYNTHETIC INDUSTRY,1,2,40,76736,2,0,0,0,0,0,0,0,0,0,0,0,0,,1/1/2024,2023
8384,SYNTHETIC SITE 02383,102383,,SYNTHETIC COMPANY 02383,1 Example Way,Nowhere,ZZ,00000,4451,2017,SYNTHETIC INDUSTRY,1,2,39,77236,1,0,1,1,1,7,4,3,0,0,0,0,0,,1/1/2024,2023
8385,SYNTHETIC SITE 02384,102384,,SYNTHETIC COMPANY 02384,1 Example Way,Nowhere,ZZ,00000,4841,2017,SYNTHETIC INDUSTRY,1,2,345,766410,1,0,12,3,8,84,12,23,0,0,0,0,0,,1/1/2024,2023
8386,SYNTHETIC SITE 02385,102385,,SYNTHETIC COMPANY 02385,1 Example Way,Nowhere,ZZ,00000,2361,2017,SYNTHETIC INDUSTRY,1,2,99,160425,1,0,5,1,5,35,4,11,0,0,0,0,0,,1/1/2024,2023
8387,SYNTHETIC SITE 02386,102386,,SYNTHETIC COMPANY 02386,1 Example Way,Nowhere,ZZ,00000,6221,2017,SYNTHETIC INDUSTRY,1,2,698,1138573,1,0,4,3,10,28,12,17,0,0,0,0,0,,1/1/2024,2023
8388,SYNTHETIC SITE 02387,102387,,SYNTHETIC COMPANY 02387,1 Example Way,Nowhere,ZZ,00000,3115,2017,SYNTHETIC INDUSTRY,1,2,174,321313,2,0,0,0,0,0,0,0,0,0,0,0,0,,1/1/2024,2023
8389,SYNTHETIC SITE 02388,102388,,SYNTHETIC COMPANY 02388,1 Example Way,Nowhere,ZZ,00000,6221,2017,SYNTHETIC INDUSTRY,1,2,17,23637,1,0,0,0,1,0,0,1,0,0,0,0,0,,1/1/2024,2023
8390,SYNTHETIC SITE 02389,102389,,SYNTHETIC COMPANY 02389,1 Example Way,Nowhere,ZZ,00000,4451,2017,SYNTHETIC INDUSTRY,1,2,82,147780,1,0,1,0,0,7,0,1,0,0,0,0,0,,1/1/2024,2023
8391,SYNTHETIC SITE 02390,102390,,SYNTHETIC COMPANY 02390,1 Example Way,Nowhere,ZZ,00000,3251,2017,SYNTHETIC INDUSTRY,1,2,21,34766,2,0,0,0,0,0,0,0,0,0,0,0,0,,1/1/2024,2023
8392,SYNTHETIC SITE 02391,102391,,SYNTHETIC COMPANY 02391,1 Example Way,Nowhere,ZZ,00000,3251,2017,SYNTHETIC INDUSTRY,1,2,71,148145,1,0,1,0,0,7,0,1,0,0,0,0,0,,1/1/2024,2023
8393,SYNTHETIC SITE 02392,102392,,SYNTHETIC COMPANY 02392,1 Example Way,Nowhere,ZZ,00000,3328,2017,SYNTHETIC INDUSTRY,1,2,225,450293,1,0,5,2,6,35,8,13,0,0,0,0,0,,1/1/2024,2023
8394,SYNTHETIC SITE 02393,102393,,SYNTHETIC COMPANY 02393,1 Example Way,Nowhere,ZZ,00000,4841,2017,SYNTHETIC INDUSTRY,1,2,229,395027,1,0,0,0,1,0,0,1,0,0,0,0,0,,1/1/2024,2023
8395,SYNTHETIC SITE 02394,102394,,SYNTHETIC COMPANY 02394,1 Example Way,Nowhere,ZZ,00000,3252,2017,SYNTHETIC INDUSTRY,1,2,164,240230,1,0,0,1,1,0,4,2,0,0,0,0,0,,1/1/2024,2023
8396,SYNTHETIC SITE 02395,102395,,SYNTHETIC COMPANY 02395,1 Example Way,Nowhere,ZZ,00000,3328,2017,SYNTHETIC INDUSTRY,1,2,53,88538,1,0,1,1,0,7,4,2,0,0,0,0,0,,1/1/2024,2023
8397,SYNTHETIC SITE 02396,102396,,SYNTHETIC COMPANY 02396,1 Example Way,Nowhere,ZZ,00000,4451,2017,SYNTHETIC INDUSTRY,1,2,922,1819140,1,0,2,2,3,14,8,7,0,0,0,0,0,,1/1/2024,2023
8398,SYNTHETIC SITE 02397,102397,,SYNTHETIC COMPANY 02397,1 Example Way,Nowhere,ZZ,00000,2361,2017,SYNTHETIC INDUSTRY,1,2,2106,3768716,1,0,13,11,19,91,44,43,0,0,0,0,0,,1/1/2024,2023
8399,SYNTHETIC SITE 02398,102398,,SYNTHETIC COMPANY 02398,1 Example Way,Nowhere,ZZ,00000,3328,2017,SYNTHETIC INDUSTRY,1,2,36,78863,2,0,0,0,0,0,0,0,0,0,0,0,0,,1/1/2024,2023
8400,SYNTHETIC SITE 02399,102399,,SYNTHETIC COMPANY 02399,1 Example Way,Nowhere,ZZ,00000,3251,2017,SYNTHETIC INDUSTRY,1,2,833,1992570,1,0,0,2,3,0,8,5,0,0,0,0,0,,1/1/2024,2023
8401,SYNTHETIC SITE 02400,102400,,SYNTHETIC COMPANY 02400,1 Example Way,Nowhere,ZZ,00000,3252,2017,SYNTHETIC INDUSTRY,1,2,92,191583,2,0,0,0,0,0,0,0,0,0,0,0,0,,1/1/2024,2023
8402,SYNTHETIC SITE 02401,102401,,SYNTHETIC COMPANY 02401,1 Example Way,Nowhere,ZZ,00000,3252,2017,SYNTHETIC INDUSTRY,1,2,126,252982,1,0,3,4,6,21,16,13,0,0,0,0,0,,1/1/2024,2023
8403,SYNTHETIC SITE 02402,102402,,SYNTHETIC COMPANY 02402,1 Example Way,Nowhere,ZZ,00000,3252,2017,SYNTHETIC INDUSTRY,1,2,17,38675,2,0,0,0,0,0,0,0,0,0,0,0,0,,1/1/2024,2023
8404,SYNTHETIC SITE 02403,102403,,SYNTHETIC COMPANY 02403,1 Example Way,Nowhere,ZZ,00000,3252,2017,SYNTHETIC INDUSTRY,1,2,425,824758,1,0,0,1,0,0,4,1,0,0,0,0,0,,1/1/2024,2023
8405,SYNTHETIC SITE 02404,102404,,SYNTHETIC COMPANY 02404,1 Example Way,Nowhere,ZZ,00000,6221,2017,SYNTHETIC INDUSTRY,1,2,47,74042,2,0,0,0,0,0,0,0,0,0,0,0,0,,1/1/2024,2023
8406,SYNTHETIC SITE 02405,102405,,SYNTHETIC COMPANY 02405,1 Example Way,Nowhere,ZZ,00000,2361,2017,SYNTHETIC INDUSTRY,1,2,59,124932,2,0,0,0,0,0,0,0,0,0,0,0,0,,1/1/2024,2023
8407,SYNTHETIC SITE 02406,102406,,SYNTHETIC COMPANY 02406,1 Example Way,Nowhere,ZZ,00000,2361,2017,SYNTHETIC INDUSTRY,1,2,17,32542,1,0,0,1,3,0,4,4,0,0,0,0,0,,1/1/2024,2023
8408,SYNTHETIC SITE 02407,102407,,SYNTHETIC COMPANY 02407,1 Example Way,Nowhere,ZZ,00000,3328,2017,SYNTHETIC INDUSTRY,1,2,12,19635,2,0,0,0,0,0,0,0,0,0,0,0,0,,1/1/2024,2023
8409,SYNTHETIC SITE 02408,102408,,SYNTHETIC COMPANY 02408,1 Example Way,Nowhere,ZZ,00000,4451,2017,SYNTHETIC INDUSTRY,1,2,182,331824,1,0,5,2,3,35,8,10,0,0,0,0,0,,1/1/2024,2023
8410,SYNTHETIC SITE 02409,102409,,SYNTHETIC COMPANY 02409,1 Example Way,Nowhere,ZZ,00000,3251,2017,SYNTHETIC INDUSTRY,1,2,47,110808,1,0,1,0,0,7,0,1,0,0,0,0,0,,1/1/2024,2023
8411,SYNTHETIC SITE 02410,102410,,SYNTHETIC COMPANY 02410,1 Example Way,Nowhere,ZZ,00000,4451,2017,SYNTHETIC INDUSTRY,1,2,18,33256,2,0,0,0,0,0,0,0,0,0,0,0,0,,1/1/2024,2023
8412,SYNTHETIC SITE 02411,102411,,SYNTHETIC COMPANY 02411,1 Example Way,Nowhere,ZZ,00000,3115,2017,SYNTHETIC INDUSTRY,1,2,19,32467,2,0,0,0,0,0,0,0,0,0,0,0,0,,1/1/2024,2023
8413,SYNTHETIC SITE 02412,102412,,SYNTHETIC COMPANY 02412,1 Example Way,Nowhere,ZZ,00000,3251,2017,SYNTHETIC INDUSTRY,1,2,2100,3894498,1,0,5,0,4,35,0,9,0,0,0,0,0,,1/1/2024,2023
8414,SYNTHETIC SITE 02413,102413,,SYNTHETIC COMPANY 02413,1 Example Way,Nowhere,ZZ,00000,3251,2017,SYNTHETIC INDUSTRY,1,2,20,37440,2,0,0,0,0,0,0,0,0,0,0,0,0,,1/1/2024,2023
8415,SYNTHETIC SITE 02414,102414,,SYNTHETIC COMPANY 02414,1 Example Way,Nowhere,ZZ,00000,6221,2017,SYNTHETIC INDUSTRY,1,2,12,21309,2,0,0,0,0,0,0,0,0,0,0,0,0,,1/1/2024,2023
8416,SYNTHETIC SITE 02415,102415,,SYNTHETIC COMPANY 02415,1 Example Way,Nowhere,ZZ,00000,2361,2017,SYNTHETIC INDUSTRY,1,2,122,214915,2,0,0,0,0,0,0,0,0,0,0,0,0,,1/1/2024,2023
8417,SYNTHETIC SITE 02416,102416,,SYNTHETIC COMPANY 02416,1 Example Way,Nowhere,ZZ,00000,4841,2017,SYNTHETIC INDUSTRY,1,2,370,747625,2,0,0,0,0,0,0,0,0,0,0,0,0,,1/1/2024,2023
8418,SYNTHETIC SITE 02417,102417,,SYNTHETIC COMPANY 02417,1 Example Way,Nowhere,ZZ,00000,4841,2017,SYNTHETIC INDUSTRY,1,2,30,59770,2,0,0,0,0,0,0,0,0,0,0,0,0,,1/1/2024,2023
8419,SYNTHETIC SITE 02418,102418,,SYNTHETIC COMPANY 02418,1 Example Way,Nowhere,ZZ,00000,3251,2017,SYNTHETIC INDUSTRY,1,2,38,76072,2,0,0,0,0,0,0,0,0,0,0,0,0,,1/1/2024,2023
8420,SYNTHETIC SITE 02419,102419,,SYNTHETIC COMPANY 02419,1 Example Way,Nowhere,ZZ,00000,3115,2017,SYNTHETIC INDUSTRY,1,2,37,605530,1,0,0,0,1,0,0,1,0,0,0,0,0,,1/1/2024,2023
8421,SYNTHETIC SITE 02420,102420,,SYNTHETIC COMPANY 02420,1 Example Way,Nowhere,ZZ,00000,2361,2017,SYNTHETIC INDUSTRY,1,2,66,125766,1,0,0,1,0,0,4,1,0,0,0,0,0,,1/1/2024,2023
8422,SYNTHETIC SITE 02421,102421,,SYNTHETIC COMPANY 02421,1 Example Way,Nowhere,ZZ,00000,3252,2017,SYNTHETIC INDUSTRY,1,2,129,242917,1,0,3,3,5,21,12,11,0,0,0,0,0,,1/1/2024,2023
8423,SYNTHETIC SITE 02422,102422,,SYNTHETIC COMPANY 02422,1 Example Way,Nowhere,ZZ,00000,6221,2017,SYNTHETIC INDUSTRY,1,2,91,181944,1,0,0,0,1,0,0,1,0,0,0,0,0,,1/1/2024,2023
8424,SYNTHETIC SITE 02423,102423,,SYNTHETIC COMPANY 02423,1 Example Way,Nowhere,ZZ,00000,2361,2017,SYNTHETIC INDUSTRY,1,2,17,38480,2,0,0,0,0,0,0,0,0,0,0,0,0,,1/1/2024,2023
8425,SYNTHETIC SITE 02424,102424,,SYNTHETIC COMPANY 02424,1 Example Way,Nowhere,ZZ,00000,3328,2017,SYNTHETIC INDUSTRY,1,2,15,31699,2,0,0,0,0,0,0,0,0,0,0,0,0,,1/1/2024,2023
8426,SYNTHETIC SITE 02425,102425,,SYNTHETIC COMPANY 02425,1 Example Way,Nowhere,ZZ,00000,3251,2017,SYNTHETIC INDUSTRY,1,2,15,27395,2,0,0,0,0,0,0,0,0,0,0,0,0,,1/1/2024,2023
8427,SYNTHETIC SITE 02426,102426,,SYNTHETIC COMPANY 02426,1 Example Way,Nowhere,ZZ,00000,3328,2017,SYNTHETIC INDUSTRY,1,2,89,177618,1,0,6,6,4,42,24,16,0,0,0,0,0,,1/1/2024,2023
8428,SYNTHETIC SITE 02427,102427,,SYNTHETIC COMPANY 02427,1 Example Way,Nowhere,ZZ,00000,3252,2017,SYNTHETIC INDUSTRY,1,2,77,159143,2,0,0,0,0,0,0,0,0,0,0,0,0,,1/1/2024,2023
8429,SYNTHETIC SITE 02428,102428,,SYNTHETIC COMPANY 02428,1 Example Way,Nowhere,ZZ,00000,3252,2017,SYNTHETIC INDUSTRY,1,2,8,16424,2,0,0,0,0,0,0,0,0,0,0,0,0,,1/1/2024,2023
8430,SYNTHETIC SITE 02429,102429,,SYNTHETIC COMPANY 02429,1 Example Way,Nowhere,ZZ,00000,4451,2017,SYNTHETIC INDUSTRY,1,2,83,145040,1,0,1,1,0,7,4,2,0,0,0,0,0,,1/1/2024,2023
8431,SYNTHETIC SITE 02430,102430,,SYNTHETIC COMPANY 02430,1 Example Way,Nowhere,ZZ,00000,2361,2017,SYNTHETIC INDUSTRY,1,2,244,436948,1,0,7,0,3,49,0,10,0,0,0,0,0,,1/1/2024,2023
8432,SYNTHETIC SITE 02431,102431,,SYNTHETIC COMPANY 02431,1 Example Way,Nowhere,ZZ,00000,3328,2017,SYNTHETIC INDUSTRY,1,2,16,36228,2,0,0,0,0,0,0,0,0,0,0,0,0,,1/1/2024,2023
8433,SYNTHETIC SITE 02432,102432,,SYNTHETIC COMPANY 02432,1 Example Way,Nowhere,ZZ,00000,4451,2017,SYNTHETIC INDUSTRY,1,2,62,121549,2,0,0,0,0,0,0,0,0,0,0,0,0,,1/1/2024,2023
8434,SYNTHETIC SITE 02433,102433,,SYNTHETIC COMPANY 02433,1 Example Way,Nowhere,ZZ,00000,4451,2017,SYNTHETIC INDUSTRY,1,2,404,539989,2,0,0,0,0,0,0,0,0,0,0,0,0,,1/1/2024,2023
8435,SYNTHETIC SITE 02434,102434,,SYNTHETIC COMPANY 02434,1 Example Way,Nowhere,ZZ,00000,4841,2017,SYNTHETIC INDUSTRY,1,2,26,46092,2,0,0,0,0,0,0,0,0,0,0,0,0,,1/1/2024,2023
8436,SYNTHETIC SITE 02435,102435,,SYNTHETIC COMPANY 02435,1 Example Way,Nowhere,ZZ,00000,3252,2017,SYNTHETIC INDUSTRY,1,2,44,85192,2,0,0,0,0,0,0,0,0,0,0,0,0,,1/1/2024,2023
8437,SYNTHETIC SITE 02436,102436,,SYNTHETIC COMPANY 02436,1 Example Way,Nowhere,ZZ,00000,3115,2017,SYNTHETIC INDUSTRY,1,2,359,631761,1,0,1,1,5,7,4,7,0,0,0,0,0,,1/1/2024,2023
8438,SYNTHETIC SITE 02437,102437,,SYNTHETIC COMPANY 02437,1 Example Way,Nowhere,ZZ,00000,4841,2017,SYNTHETIC INDUSTRY,1,2,11,16906,2,0,0,0,0,0,0,0,0,0,0,0,0,,1/1/2024,2023
8439,SYNTHETIC SITE 02438,102438,,SYNTHETIC COMPANY 02438,1 Example Way,Nowhere,ZZ,00000,4841,2017,SYNTHETIC INDUSTRY,1,2,381,625096,1,0,12,3,18,84,12,33,0,0,0,0,0,,1/1/2024,2023
8440,SYNTHETIC SITE 02439,102439,,SYNTHETIC COMPANY 02439,1 Example Way,Nowhere,ZZ,00000,4451,2017,SYNTHETIC INDUSTRY,1,2,15,19630,2,0,0,0,0,0,0,0,0,0,0,0,0,,1/1/2024,2023
8441,SYNTHETIC SITE 02440,102440,,SYNTHETIC COMPANY 02440,1 Example Way,Nowhere,ZZ,00000,2361,2017,SYNTHETIC INDUSTRY,1,2,777,1375721,1,0,2,0,4,14,0,6,0,0,0,0,0,,1/1/2024,2023
8442,SYNTHETIC SITE 02441,102441,,SYNTHETIC COMPANY 02441,1 Example Way,Nowhere,ZZ,00000,4841,2017,SYNTHETIC INDUSTRY,1,2,40,84313,1,0,0,1,0,0,4,1,0,0,0,0,0,,1/1/2024,2023
8443,SYNTHETIC SITE 02442,102442,,SYNTHETIC COMPANY 02442,1 Example Way,Nowhere,ZZ,00000,4451,2017,SYNTHETIC INDUSTRY,1,2,9,18238,2,0,0,0,0,0,0,0,0,0,0,0,0,,1/1/2024,2023
8444,SYNTHETIC SITE 02443,102443,,SYNTHETIC COMPANY 02443,1 Example Way,Nowhere,ZZ,00000,3251,2017,SYNTHETIC INDUSTRY,1,2,281,505894,1,0,1,0,0,7,0,1,0,0,0,0,0,,1/1/2024,2023
8445,SYNTHETIC SITE 02444,102444,,SYNTHETIC COMPANY 02444,1 Example Way,Nowhere,ZZ,00000,3328,2017,SYNTHETIC INDUSTRY,1,2,12,19622,2,0,0,0,0,0,0,0,0,0,0,0,0,,1/1/2024,2023
8446,SYNTHETIC SITE 02445,102445,,SYNTHETIC COMPANY 02445,1 Example Way,Nowhere,ZZ,00000,4841,2017,SYNTHETIC INDUSTRY,1,2,150,297274,1,0,4,1,1,28,4,6,0,0,0,0,0,,1/1/2024,2023
8447,SYNTHETIC SITE 02446,102446,,SYNTHETIC COMPANY 02446,1 Example Way,Nowhere,ZZ,00000,3251,2017,SYNTHETIC INDUSTRY,1,2,77,150639,1,0,0,1,2,0,4,3,0,0,0,0,0,,1/1/2024,2023
8448,SYNTHETIC SITE 02447,102447,,SYNTHETIC COMPANY 02447,1 Example Way,Nowhere,ZZ,00000,4451,2017,SYNTHETIC INDUSTRY,1,2,28,47411,2,0,0,0,0,0,0,0,0,0,0,0,0,,1/1/2024,2023
8449,SYNTHETIC SITE 02448,102448,,SYNTHETIC COMPANY 02448,1 Example Way,Nowhere,ZZ,00000,2361,2017,SYNTHETIC INDUSTRY,1,2,24,49862,2,0,0,0,0,0,0,0,0,0,0,0,0,,1/1/2024,2023
8450,SYNTHETIC SITE 02449,102449,,SYNTHETIC COMPANY 02449,1 Example Way,Nowhere,ZZ,00000,3251,2017,SYNTHETIC INDUSTRY,1,2,12,23160000,2,0,0,0,0,0,0,0,0,0,0,0,0,,1/1/2024,2023
8451,SYNTHETIC SITE 02450,102450,,SYNTHETIC COMPANY 02450,1 Example Way,Nowhere,ZZ,00000,3328,2017,SYNTHETIC INDUSTRY,1,2,220,208047,2,0,0,0,0,0,0,0,0,0,0,0,0,,1/1/2024,2023
8452,SYNTHETIC SITE 02451,102451,,SYNTHETIC COMPANY 02451,1 Example Way,Nowhere,ZZ,00000,3115,2017,SYNTHETIC INDUSTRY,1,2,11,21768,2,0,0,0,0,0,0,0,0,0,0,0,0,,1/1/2024,2023
8453,SYNTHETIC SITE 02452,102452,,SYNTHETIC COMPANY 02452,1 Example Way,Nowhere,ZZ,00000,6221,2017,SYNTHETIC INDUSTRY,1,2,276,564343,1,0,1,0,2,7,0,3,0,0,0,0,0,,1/1/2024,2023
8454,SYNTHETIC SITE 02453,102453,,SYNTHETIC COMPANY 02453,1 Example Way,Nowhere,ZZ,00000,4841,2017,SYNTHETIC INDUSTRY,1,2,116,243819,1,0,1,0,0,7,0,1,0,0,0,0,0,,1/1/2024,2023
8455,SYNTHETIC SITE 02454,102454,,SYNTHETIC COMPANY 02454,1 Example Way,Nowhere,ZZ,00000,6221,2017,SYNTHETIC INDUSTRY,1,2,12,20335,2,0,0,0,0,0,0,0,0,0,0,0,0,,1/1/2024,2023
8456,SYNTHETIC SITE 02455,102455,,SYNTHETIC COMPANY 02455,1 Example Way,Nowhere,ZZ,00000,3328,2017,SYNTHETIC INDUSTRY,1,2,121,249977,1,0,0,0,3,0,0,3,0,0,0,0,0,,1/1/2024,2023
8457,SYNTHETIC SITE 02456,102456,,SYNTHETIC COMPANY 02456,1 Example Way,Nowhere,ZZ,00000,3252,2017,SYNTHETIC INDUSTRY,1,2,92,128110,2,0,0,0,0,0,0,0,0,0,0,0,0,,1/1/2024,2023
8458,SYNTHETIC SITE 02457,102457,,SYNTHETIC COMPANY 02457,1 Example Way,Nowhere,ZZ,00000,3328,2017,SYNTHETIC INDUSTRY,1,2,194,375554,1,0,0,0,1,0,0,1,0,0,0,0,0,,1/1/2024,2023
8459,SYNTHETIC SITE 02458,102458,,SYNTHETIC COMPANY 02458,1 Example Way,Nowhere,ZZ,00000,3328,2017,SYNTHETIC INDUSTRY,1,2,41,80481,2,0,0,0,0,0,0,0,0,0,0,0,0,,1/1/2024,2023
8460,SYNTHETIC SITE 02459,102459,,SYNTHETIC COMPANY 02459,1 Example Way,Nowhere,ZZ,00000,4451,2017,SYNTHETIC INDUSTRY,1,2,41,72675,1,0,1,0,0,7,0,1,0,0,0,0,0,,1/1/2024,2023
8461,SYNTHETIC SITE 02460,102460,,SYNTHETIC COMPANY 02460,1 Example Way,Nowhere,ZZ,00000,4841,2017,SYNTHETIC INDUSTRY,1,2,54,103031,2,0,0,0,0,0,0,0,0,0,0,0,0,,1/1/2024,2023
8462,SYNTHETIC SITE 02461,102461,,SYNTHETIC COMPANY 02461,1 Example Way,Nowhere,ZZ,00000,4841,2017,SYNTHETIC INDUSTRY,1,2,229,465674,1,0,0,0,1,0,0,1,0,0,0,0,0,,1/1/2024,2023
8463,SYNTHETIC SITE 02462,102462,,SYNTHETIC COMPANY 02462,1 Example Way,Nowhere,ZZ,00000,2361,2017,SYNTHETIC INDUSTRY,1,2,40,73808,1,0,1,0,0,7,0,1,0,0,0,0,0,,1/1/2024,2023
8464,SYNTHETIC SITE 02463,102463,,SYNTHETIC COMPANY 02463,1 Example Way,Nowhere,ZZ,00000,6221,2017,SYNTHETIC INDUSTRY,1,2,80,128122,2,0,0,0,0,0,0,0,0,0,0,0,0,,1/1/2024,2023
8465,SYNTHETIC SITE 02464,102464,,SYNTHETIC COMPANY 02464,1 Example Way,Nowhere,ZZ,00000,3252,2017,SYNTHETIC INDUSTRY,1,2,19,34972,1,0,1,0,0,7,0,1,0,0,0,0,0,,1/1/2024,2023
8466,SYNTHETIC SITE 02465,102465,,SYNTHETIC COMPANY 02465,1 Example Way,Nowhere,ZZ,00000,3115,2017,SYNTHETIC INDUSTRY,1,2,33,62958,1,0,1,0,0,7,0,1,0,0,0,0,0,,1/1/2024,2023
8467,SYNTHETIC SITE 02466,102466,,SYNTHETIC COMPANY 02466,1 Example Way,Nowhere,ZZ,00000,3328,2017,SYNTHETIC INDUSTRY,1,2,65,105815,1,0,0,0,4,0,0,4,0,0,0,0,0,,1/1/2024,2023
8468,SYNTHETIC SITE 02467,102467,,SYNTHETIC COMPANY 02467,1 Example Way,Nowhere,ZZ,00000,6221,2017,SYNTHETIC INDUSTRY,1,2,71,135599,2,0,0,0,0,0,0,0,0,0,0,0,0,,1/1/2024,2023
8469,SYNTHETIC SITE 02468,102468,,SYNTHETIC COMPANY 02468,1 Example Way,Nowhere,ZZ,00000,4841,2017,SYNTHETIC INDUSTRY,1,2,52,79742,1,0,1,0,0,7,0,1,0,0,0,0,0,,1/1/2024,2023
8470,SYNTHETIC SITE 02469,102469,,SYNTHETIC COMPANY 02469,1 Example Way,Nowhere,ZZ,00000,3328,2017,SYNTHETIC INDUSTRY,1,2,60,104059,1,0,0,1,2,0,4,3,0,0,0,0,0,,1/1/2024,2023
8471,SYNTHETIC SITE 02470,102470,,SYNTHETIC COMPANY 02470,1 Example Way,Nowhere,ZZ,00000,3252,2017,SYNTHETIC INDUSTRY,1,2,25,49718,1,0,2,0,1,14,0,3,0,0,0,0,0,,1/1/2024,2023
8472,SYNTHETIC SITE 02471,102471,,SYNTHETIC COMPANY 02471,1 Example Way,Nowhere,ZZ,00000,3251,2017,SYNTHETIC INDUSTRY,1,2,49,93376,2,0,0,0,0,0,0,0,0,0,0,0,0,,1/1/2024,2023
8473,SYNTHETIC SITE 02472,102472,,SYNTHETIC COMPANY 02472,1 Example Way,Nowhere,ZZ,00000,4451,2017,SYNTHETIC INDUSTRY,1,2,68,111234,1,0,4,0,2,28,0,6,0,0,0,0,0,,1/1/2024,2023
8474,SYNTHETIC SITE 02473,102473,,SYNTHETIC COMPANY 02473,1 Example Way,Nowhere,ZZ,00000,3115,2017,SYNTHETIC INDUSTRY,1,2,78,173283,1,0,0,1,0,0,4,1,0,0,0,0,0,,1/1/2024,2023
8475,SYNTHETIC SITE 02474,102474,,SYNTHETIC COMPANY 02474,1 Example Way,Nowhere,ZZ,00000,3328,2017,SYNTHETIC INDUSTRY,1,2,152,276695,2,0,0,0,0,0,0,0,0,0,0,0,0,,1/1/2024,2023
8476,SYNTHETIC SITE 02475,102475,,SYNTHETIC COMPANY 02475,1 Example Way,Nowhere,ZZ,00000,4841,2017,SYNTHETIC INDUSTRY,1,2,81,141721,2,0,0,0,0,0,0,0,0,0,0,0,0,,1/1/2024,2023
8477,SYNTHETIC SITE 02476,102476,,SYNTHETIC COMPANY 02476,1 Example Way,Nowhere,ZZ,00000,2361,2017,SYNTHETIC INDUSTRY,1,2,43,68145,1,0,0,1,0,0,4,1,0,0,0,0,0,,1/1/2024,2023
8478,SYNTHETIC SITE 02477,102477,,SYNTHETIC COMPANY 02477,1 Example Way,Nowhere,ZZ,00000,2361,2017,SYNTHETIC INDUSTRY,1,2,17,36169,1,0,0,1,0,0,4,1,0,0,0,0,0,,1/1/2024,2023
8479,SYNTHETIC SITE 02478,102478,,SYNTHETIC COMPANY 02478,1 Example Way,Nowhere,ZZ,00000,3328,2017,SYNTHETIC INDUSTRY,1,2,139,197038,1,0,1,0,4,7,0,5,0,0,0,0,0,,1/1/2024,2023
8480,SYNTHETIC SITE 02479,102479,,SYNTHETIC COMPANY 02479,1 Example Way,Nowhere,ZZ,00000,4451,2017,SYNTHETIC INDUSTRY,1,2,50,95122,1,0,2,1,0,14,4,3,0,0,0,0,0,,1/1/2024,2023
8481,SYNTHETIC SITE 02480,102480,,SYNTHETIC COMPANY 02480,1 Example Way,Nowhere,ZZ,00000,3252,2017,SYNTHETIC INDUSTRY,1,2,50,90756,1,0,1,1,0,7,4,2,0,0,0,0,0,,1/1/2024,2023
8482,SYNTHETIC SITE 02481,102481,,SYNTHETIC COMPANY 02481,1 Example Way,Nowhere,ZZ,00000,3328,2017,SYNTHETIC INDUSTRY,1,2,13,17459,2,0,0,0,0,0,0,0,0,0,0,0,0,,1/1/2024,2023
8483,SYNTHETIC SITE 02482,102482,,SYNTHETIC COMPANY 02482,1 Example Way,Nowhere,ZZ,00000,6221,2017,SYNTHETIC INDUSTRY,1,2,18,31150,2,0,0,0,0,0,0,0,0,0,0,0,0,,1/1/2024,2023
8484,SYNTHETIC SITE 02483,102483,,SYNTHETIC COMPANY 02483,1 Example Way,Nowhere,ZZ,00000,2361,2017,SYNTHETIC INDUSTRY,1,2,10,17477,2,0,0,0,0,0,0,0,0,0,0,0,0,,1/1/2024,2023
8485,SYNTHETIC SITE 02484,102484,,SYNTHETIC COMPANY 02484,1 Example Way,Nowhere,ZZ,00000,3328,2017,SYNTHETIC INDUSTRY,1,2,97,146808,1,0,2,1,0,14,4,3,0,0,0,0,0,,1/1/2024,2023
8486,SYNTHETIC SITE 02485,102485,,SYNTHETIC COMPANY 02485,1 Example Way,Nowhere,ZZ,00000,3251,2017,SYNTHETIC INDUSTRY,1,2,15,22026,2,0,0,0,0,0,0,0,0,0,0,0,0,,1/1/2024,2023
8487,SYNTHETIC SITE 02486,102486,,SYNTHETIC COMPANY 02486,1 Example Way,Nowhere,ZZ,00000,3328,2017,SYNTHETIC INDUSTRY,1,2,3,5717,2,0,0,0,0,0,0,0,0,0,0,0,0,,1/1/2024,2023
8488,SYNTHETIC SITE 02487,102487,,SYNTHETIC COMPANY 02487,1 Example Way,Nowhere,ZZ,00000,4841,2017,SYNTHETIC INDUSTRY,1,2,66,115264,2,0,0,0,0,0,0,0,0,0,0,0,0,,1/1/2024,2023
8489,SYNTHETIC SITE 02488,102488,,SYNTHETIC COMPANY 02488,1 Example Way,Nowhere,ZZ,00000,6221,2017,SYNTHETIC INDUSTRY,1,2,25,49144,2,0,0,0,0,0,0,0,0,0,0,0,0,,1/1/2024,2023
8490,SYNTHETIC SITE 02489,102489,,SYNTHETIC COMPANY 02489,1 Example Way,Nowhere,ZZ,00000,3251,2017,SYNTHETIC INDUSTRY,1,2,30,62583,2,0,0,0,0,0,0,0,0,0,0,0,0,,1/1/2024,2023
8491,SYNTHETIC SITE 02490,102490,,SYNTHETIC COMPANY 02490,1 Example Way,Nowhere,ZZ,00000,4841,2017,SYNTHETIC INDUSTRY,1,2,46,89138,2,0,0,0,0,0,0,0,0,0,0,0,0,,1/1/2024,2023
8492,SYNTHETIC SITE 02491,102491,,SYNTHETIC COMPANY 02491,1 Example Way,Nowhere,ZZ,00000,3251,2017,SYNTHETIC INDUSTRY,1,2,24,46916,2,0,0,0,0,0,0,0,0,0,0,0,0,,1/1/2024,2023
8493,SYNTHETIC SITE 02492,102492,,SYNTHETIC COMPANY 02492,1 Example Way,Nowhere,ZZ,00000,3328,2017,SYNTHETIC INDUSTRY,1,2,109,233216,1,0,1,0,0,7,0,1,0,0,0,0,0,,1/1/2024,2023
8494,SYNTHETIC SITE 02493,102493,,SYNTHETIC COMPANY 02493,1 Example Way,Nowhere,ZZ,00000,4841,2017,SYNTHETIC INDUSTRY,1,2,67,129938,2,0,0,0,0,0,0,0,0,0,0,0,0,,1/1/2024,2023
8495,SYNTHETIC SITE 02494,102494,,SYNTHETIC COMPANY 02494,1 Example Way,Nowhere,ZZ,00000,2361,2017,SYNTHETIC INDUSTRY,1,2,67,115303,1,0,2,0,2,14,0,4,0,0,0,0,0,,1/1/2024,2023
8496,SYNTHETIC SITE 02495,102495,,SYNTHETIC COMPANY 02495,1 Example Way,Nowhere,ZZ,00000,3328,2017,SYNTHETIC INDUSTRY,1,2,234,458643,1,0,1,0,0,7,0,1,0,0,0,0,0,,1/1/2024,2023
8497,SYNTHETIC SITE 02496,102496,,SYNTHETIC COMPANY 02496,1 Example Way,Nowhere,ZZ,00000,6221,2017,SYNTHETIC INDUSTRY,1,2,49,73393,2,0,0,0,0,0,0,0,0,0,0,0,0,,1/1/2024,2023
8498,SYNTHETIC SITE 02497,102497,,SYNTHETIC COMPANY 02497,1 Example Way,Nowhere,ZZ,00000,4841,2017,SYNTHETIC INDUSTRY,1,2,1464,2164256,1,0,0,1,0,0,4,1,0,0,0,0,0,,1/1/2024,2023
8499,SYNTHETIC SITE 02498,102498,,SYNTHETIC COMPANY 02498,1 Example Way,Nowhere,ZZ,00000,2361,2017,SYNTHETIC INDUSTRY,1,2,18,25839,2,0,0,0,0,0,0,0,0,0,0,0,0,,1/1/2024,2023
8500,SYNTHETIC SITE 02499,102499,,SYNTHETIC COMPANY 02499,1 Example Way,Nowhere,ZZ,00000,2361,2017,SYNTHETIC INDUSTRY,1,2,40,87772,2,0,0,0,0,0,0,0,0,0,0,0,0,,1/1/2024,2023
8501,SYNTHETIC SITE 02500,102500,,SYNTHETIC COMPANY 02500,1 Example Way,Nowhere,ZZ,00000,3251,2017,SYNTHETIC INDUSTRY,1,2,26,44663,2,0,0,0,0,0,0,0,0,0,0,0,0,,1/1/2024,2023
8502,SYNTHETIC SITE 02501,102501,,SYNTHETIC COMPANY 02501,1 Example Way,Nowhere,ZZ,00000,3115,2017,SYNTHETIC INDUSTRY,1,2,46,87851,2,0,0,0,0,0,0,0,0,0,0,0,0,,1/1/2024,2023
8503,SYNTHETIC SITE 02502,102502,,SYNTHETIC COMPANY 02502,1 Example Way,Nowhere,ZZ,00000,3252,2017,SYNTHETIC INDUSTRY,1,2,80,134102,2,0,0,0,0,0,0,0,0,0,0,0,0,,1/1/2024,2023
8504,SYNTHETIC SITE 02503,102503,,SYNTHETIC COMPANY 02503,1 Example Way,Nowhere,ZZ,00000,3252,2017,SYNTHETIC INDUSTRY,1,2,25,49188,1,0,1,0,0,7,0,1,0,0,0,0,0,,1/1/2024,2023
8505,SYNTHETIC SITE 02504,102504,,SYNTHETIC COMPANY 02504,1 Example Way,Nowhere,ZZ,00000,3115,2017,SYNTHETIC INDUSTRY,1,2,24,41363,1,0,1,0,0,7,0,1,0,0,0,0,0,,1/1/2024,2023
8506,SYNTHETIC SITE 02505,102505,,SYNTHETIC COMPANY 02505,1 Example Way,Nowhere,ZZ,00000,2361,2017,SYNTHETIC INDUSTRY,1,2,124,268290,2,0,0,0,0,0,0,0,0,0,0,0,0,,1/1/2024,2023
8507,SYNTHETIC SITE 02506,102506,,SYNTHETIC COMPANY 02506,1 Example Way,Nowhere,ZZ,00000,3252,2017,SYNTHETIC INDUSTRY,1,2,64,116527,2,0,0,0,0,0,0,0,0,0,0,0,0,,1/1/2024,2023
8508,SYNTHETIC SITE 02507,102507,,SYNTHETIC COMPANY 02507,1 Example Way,Nowhere,ZZ,00000,3252,2017,SYNTHETIC INDUSTRY,1,2,46,85601,2,0,0,0,0,0,0,0,0,0,0,0,0,,1/1/2024,2023
8509,SYNTHETIC SITE 02508,102508,,SYNTHETIC COMPANY 02508,1 Example Way,Nowhere,ZZ,00000,3115,2017,SYNTHETIC INDUSTRY,1,2,51,8623400000,2,0,0,0,0,0,0,0,0,0,0,0,0,,1/1/2024,2023
8510,SYNTHETIC SITE 02509,102509,,SYNTHETIC COMPANY 02509,1 Example Way,Nowhere,ZZ,00000,3328,2017,SYNTHETIC INDUSTRY,1,2,357,544672,1,0,2,1,2,14,4,5,0,0,0,0,0,,1/1/2024,2023
8511,SYNTHETIC SITE 02510,102510,,SYNTHETIC COMPANY 02510,1 Example Way,Nowhere,ZZ,00000,4841,2017,SYNTHETIC INDUSTRY,1,2,242,510464,1,0,4,2,6,28,8,12,0,0,0,0,0,,1/1/2024,2023
8512,SYNTHETIC SITE 02511,102511,,SYNTHETIC COMPANY 02511,1 Example Way,Nowhere,ZZ,00000,3252,2017,SYNTHETIC INDUSTRY,1,2,63,130375,1,0,0,1,0,0,4,1,0,0,0,0,0,,1/1/2024,2023
8513,SYNTHETIC SITE 02512,102512,,SYNTHETIC COMPANY 02512,1 Example Way,Nowhere,ZZ,00000,3251,2017,SYNTHETIC INDUSTRY,1,2,62,110945,2,0,0,0,0,0,0,0,0,0,0,0,0,,1/1/2024,2023
8514,SYNTHETIC SITE 02513,102513,,SYNTHETIC COMPANY 02513,1 Example Way,Nowhere,ZZ,00000,2361,2017,SYNTHETIC INDUSTRY,1,2,81,103694,2,0,0,0,0,0,0,0,0,0,0,0,0,,1/1/2024,2023
8515,SYNTHETIC SITE 02514,102514,,SYNTHETIC COMPANY 02514,1 Example Way,Nowhere,ZZ,00000,4841,2017,SYNTHETIC INDUSTRY,1,2,50,95720,1,0,1,0,0,7,0,1,0,0,0,0,0,,1/1/2024,2023
8516,SYNTHETIC SITE 02515,102515,,SYNTHETIC COMPANY 02515,1 Example Way,Nowhere,ZZ,00000,4451,2017,SYNTHETIC INDUSTRY,1,2,17,38434,2,0,0,0,0,0,0,0,0,0,0,0,0,,1/1/2024,2023
8517,SYNTHETIC SITE 02516,102516,,SYNTHETIC COMPANY 02516,1 Example Way,Nowhere,ZZ,00000,2361,2017,SYNTHETIC INDUSTRY,1,2,2,5015,2,0,0,0,0,0,0,0,0,0,0,0,0,,1/1/2024,2023
8518,SYNTHETIC SITE 02517,102517,,SYNTHETIC COMPANY 02517,1 Example Way,Nowhere,ZZ,00000,4841,2017,SYNTHETIC INDUSTRY,1,2,42,77010,1,0,2,0,0,14,0,2,0,0,0,0,0,,1/1/2024,2023
8519,SYNTHETIC SITE 02518,102518,,SYNTHETIC COMPANY 02518,1 Example Way,Nowhere,ZZ,00000,3252,2017,SYNTHETIC INDUSTRY,1,2,44,91499,2,0,0,0,0,0,0,0,0,0,0,0,0,,1/1/2024,2023
8520,SYNTHETIC SITE 02519,102519,,SYNTHETIC COMPANY 02519,1 Example Way,Nowhere,ZZ,00000,3251,2017,SYNTHETIC INDUSTRY,1,2,110,199817,1,0,2,0,4,14,0,6,0,0,0,0,0,,1/1/2024,2023
8521,SYNTHETIC SITE 02520,102520,,SYNTHETIC COMPANY 02520,1 Example Way,Nowhere,ZZ,00000,3251,2017,SYNTHETIC INDUSTRY,1,2,20,45148,1,0,1,0,2,7,0,3,0,0,0,0,0,,1/1/2024,2023
8522,SYNTHETIC SITE 02521,102521,,SYNTHETIC COMPANY 02521,1 Example Way,Nowhere,ZZ,00000,6221,2017,SYNTHETIC INDUSTRY,1,2,57,124832,2,0,0,0,0,0,0,0,0,0,0,0,0,,1/1/2024,2023
8523,SYNTHETIC SITE 02522,102522,,SYNTHETIC COMPANY 02522,1 Example Way,Nowhere,ZZ,00000,3328,2017,SYNTHETIC INDUSTRY,1,2,153,286865,1,0,2,2,2,14,8,6,0,0,0,0,0,,1/1/2024,2023
8524,SYNTHETIC SITE 02523,102523,,SYNTHETIC COMPANY 02523,1 Example Way,Nowhere,ZZ,00000,4841,2017,SYNTHETIC INDUSTRY,1,2,542,1009626,1,0,8,6,12,56,24,26,0,0,0,0,0,,1/1/2024,2023
8525,SYNTHETIC SITE 02524,102524,,SYNTHETIC COMPANY 02524,1 Example Way,Nowhere,ZZ,00000,6221,2017,SYNTHETIC INDUSTRY,1,2,133,237196,1,0,1,0,1,7,0,2,0,0,0,0,0,,1/1/2024,2023
8526,SYNTHETIC SITE 02525,102525,,SYNTHETIC COMPANY 02525,1 Example Way,Nowhere,ZZ,00000,3251,2017,SYNTHETIC INDUSTRY,1,2,39,76817,2,0,0,0,0,0,0,0,0,0,0,0,0,,1/1/2024,2023
8527,SYNTHETIC SITE 02526,102526,,SYNTHETIC COMPANY 02526,1 Example Way,Nowhere,ZZ,00000,3251,2017,SYNTHETIC INDUSTRY,1,2,6,9614,2,0,0,0,0,0,0,0,0,0,0,0,0,,1/1/2024,2023
8528,SYNTHETIC SITE 02527,102527,,SYNTHETIC COMPANY 02527,1 Example Way,Nowhere,ZZ,00000,3252,2017,SYNTHETIC INDUSTRY,1,2,5,8935,2,0,0,0,0,0,0,0,0,0,0,0,0,,1/1/2024,2023
8529,SYNTHETIC SITE 02528,102528,,SYNTHETIC COMPANY 02528,1 Example Way,Nowhere,ZZ,00000,3252,2017,SYNTHETIC INDUSTRY,1,2,291,552026,1,0,1,1,4,7,4,6,0,0,0,0,0,,1/1/2024,2023
8530,SYNTHETIC SITE 02529,102529,,SYNTHETIC COMPANY 02529,1 Example Way,Nowhere,ZZ,00000,2361,2017,SYNTHETIC INDUSTRY,1,2,86,174448,2,0,0,0,0,0,0,0,0,0,0,0,0,,1/1/2024,2023
8531,SYNTHETIC SITE 02530,102530,,SYNTHETIC COMPANY 02530,1 Example Way,Nowhere,ZZ,00000,3115,2017,SYNTHETIC INDUSTRY,1,2,518,1059122,1,0,31,11,34,217,44,76,0,0,0,0,0,,1/1/2024,2023
8532,SYNTHETIC SITE 02531,102531,,SYNTHETIC COMPANY 02531,1 Example Way,Nowhere,ZZ,00000,3115,2017,SYNTHETIC INDUSTRY,1,2,868,1611891,1,0,0,0,1,0,0,1,0,0,0,0,0,,1/1/2024,2023
8533,SYNTHETIC SITE 02532,102532,,SYNTHETIC COMPANY 02532,1 Example Way,Nowhere,ZZ,00000,3115,2017,SYNTHETIC INDUSTRY,1,2,290,490035,2,0,0,0,0,0,0,0,0,0,0,0,0,,1/1/2024,2023
8534,SYNTHETIC SITE 02533,102533,,SYNTHETIC COMPANY 02533,1 Example Way,Nowhere,ZZ,00000,3115,2017,SYNTHETIC INDUSTRY,1,2,65,108342,1,0,1,0,0,7,0,1,0,0,0,0,0,,1/1/2024,2023
8535,SYNTHETIC SITE 02534,102534,,SYNTHETIC COMPANY 02534,1 Example Way,Nowhere,ZZ,00000,4451,2017,SYNTHETIC INDUSTRY,1,2,37,75291,2,0,0,0,0,0,0,0,0,0,0,0,0,,1/1/2024,2023
8536,SYNTHETIC SITE 02535,102535,,SYNTHETIC COMPANY 02535,1 Example Way,Nowhere,ZZ,00000,4451,2017,SYNTHETIC INDUSTRY,1,2,69,105657,1,0,0,0,1,0,0,1,0,0,0,0,0,,1/1/2024,2023
8537,SYNTHETIC SITE 02536,102536,,SYNTHETIC COMPANY 02536,1 Example Way,Nowhere,ZZ,00000,2361,2017,SYNTHETIC INDUSTRY,1,2,45,92998,1,0,1,0,1,7,0,2,0,0,0,0,0,,1/1/2024,2023
8538,SYNTHETIC SITE 02537,102537,,SYNTHETIC COMPANY 02537,1 Example Way,Nowhere,ZZ,00000,3251,2017,SYNTHETIC INDUSTRY,1,2,13,26904,1,0,1,0,0,7,0,1,0,0,0,0,0,,1/1/2024,2023
8539,SYNTHETIC SITE 02538,102538,,SYNTHETIC COMPANY 02538,1 Example Way,Nowhere,ZZ,00000,3328,2017,SYNTHETIC INDUSTRY,1,2,82,161733,1,0,1,0,0,7,0,1,0,0,0,0,0,,1/1/2024,2023
8540,SYNTHETIC SITE 02539,102539,,SYNTHETIC COMPANY 02539,1 Example Way,Nowhere,ZZ,00000,2361,2017,SYNTHETIC INDUSTRY,1,2,8,15616,2,0,0,0,0,0,0,0,0,0,0,0,0,,1/1/2024,2023
8541,SYNTHETIC SITE 02540,102540,,SYNTHETIC COMPANY 02540,1 Example Way,Nowhere,ZZ,00000,3252,2017,SYNTHETIC INDUSTRY,1,2,101,204563,1,0,0,0,1,0,0,1,0,0,0,0,0,,1/1/2024,2023
8542,SYNTHETIC SITE 02541,102541,,SYNTHETIC COMPANY 02541,1 Example Way,Nowhere,ZZ,00000,6221,2017,SYNTHETIC INDUSTRY,1,2,23,34893,2,0,0,0,0,0,0,0,0,0,0,0,0,,1/1/2024,2023
8543,SYNTHETIC SITE 02542,102542,,SYNTHETIC COMPANY 02542,1 Example Way,Nowhere,ZZ,00000,3328,2017,SYNTHETIC INDUSTRY,1,2,25,38108,1,0,1,1,1,7,4,3,0,0,0,0,0,,1/1/2024,2023
8544,SYNTHETIC SITE 02543,102543,,SYNTHETIC COMPANY 02543,1 Example Way,Nowhere,ZZ,00000,4841,2017,SYNTHETIC INDUSTRY,1,2,17,24582,1,0,0,2,0,0,8,2,0,0,0,0,0,,1/1/2024,2023
8545,SYNTHETIC SITE 02544,102544,,SYNTHETIC COMPANY 02544,1 Example Way,Nowhere,ZZ,00000,4451,2017,SYNTHETIC INDUSTRY,1,2,42,62688,2,0,0,0,0,0,0,0,0,0,0,0,0,,1/1/2024,2023
8546,SYNTHETIC SITE 02545,102545,,SYNTHETIC COMPANY 02545,1 Example Way,Nowhere,ZZ,00000,2361,2017,SYNTHETIC INDUSTRY,1,2,184,301056,1,0,7,3,6,49,12,16,0,0,0,0,0,,1/1/2024,2023
8547,SYNTHETIC SITE 02546,102546,,SYNTHETIC COMPANY 02546,1 Example Way,Nowhere,ZZ,00000,3252,2017,SYNTHETIC INDUSTRY,1,2,32,56060,1,0,0,0,1,0,0,1,0,0,0,0,0,,1/1/2024,2023
8548,SYNTHETIC SITE 02547,102547,,SYNTHETIC COMPANY 02547,1 Example Way,Nowhere,ZZ,00000,3115,2017,SYNTHETIC INDUSTRY,1,2,206,286060,1,0,1,1,0,7,4,2,0,0,0,0,0,,1/1/2024,2023
8549,SYNTHETIC SITE 02548,102548,,SYNTHETIC COMPANY 02548,1 Example Way,Nowhere,ZZ,00000,3252,2017,SYNTHETIC INDUSTRY,1,2,109,229273,2,0,0,0,0,0,0,0,0,0,0,0,0,,1/1/2024,2023
8550,SYNTHETIC SITE 02549,102549,,SYNTHETIC COMPANY 02549,1 Example Way,Nowhere,ZZ,00000,3328,2017,SYNTHETIC INDUSTRY,1,2,33,76225,2,0,0,0,0,0,0,0,0,0,0,0,0,,1/1/2024,2023
8551,SYNTHETIC SITE 02550,102550,,SYNTHETIC COMPANY 02550,1 Example Way,Nowhere,ZZ,00000,4841,2017,SYNTHETIC INDUSTRY,1,2,474,1055229,2,0,0,0,0,0,0,0,0,0,0,0,0,,1/1/2024,2023
8552,SYNTHETIC SITE 02551,102551,,SYNTHETIC COMPANY 02551,1 Example Way,Nowhere,ZZ,00000,2361,2017,SYNTHETIC INDUSTRY,1,2,185,359097,2,0,0,0,0,0,0,0,0,0,0,0,0,,1/1/2024,2023
8553,SYNTHETIC SITE 02552,102552,,SYNTHETIC COMPANY 02552,1 Example Way,Nowhere,ZZ,00000,3328,2017,SYNTHETIC INDUSTRY,1,2,3,4254,2,0,0,0,0,0,0,0,0,0,0,0,0,,1/1/2024,2023
8554,SYNTHETIC SITE 02553,102553,,SYNTHETIC COMPANY 02553,1 Example Way,Nowhere,ZZ,00000,3115,2017,SYNTHETIC INDUSTRY,1,2,119,218734,2,0,0,0,0,0,0,0,0,0,0,0,0,,1/1/2024,2023
8555,SYNTHETIC SITE 02554,102554,,SYNTHETIC COMPANY 02554,1 Example Way,Nowhere,ZZ,00000,3252,2017,SYNTHETIC INDUSTRY,1,2,716,1228358,1,0,2,2,4,14,8,8,0,0,0,0,0,,1/1/2024,2023
8556,SYNTHETIC SITE 02555,102555,,SYNTHETIC COMPANY 02555,1 Example Way,Nowhere,ZZ,00000,3251,2017,SYNTHETIC INDUSTRY,1,2,49,102652,2,0,0,0,0,0,0,0,0,0,0,0,0,,1/1/2024,2023
8557,SYNTHETIC SITE 02556,102556,,SYNTHETIC COMPANY 02556,1 Example Way,Nowhere,ZZ,00000,4451,2017,SYNTHETIC INDUSTRY,1,2,23,48441,2,0,0,0,0,0,0,0,0,0,0,0,0,,1/1/2024,2023
8558,SYNTHETIC SITE 02557,102557,,SYNTHETIC COMPANY 02557,1 Example Way,Nowhere,ZZ,00000,3328,2017,SYNTHETIC INDUSTRY,1,2,26,65111,1,0,1,2,0,7,8,3,0,0,0,0,0,,1/1/2024,2023
8559,SYNTHETIC SITE 02558,102558,,SYNTHETIC COMPANY 02558,1 Example Way,Nowhere,ZZ,00000,3252,2017,SYNTHETIC INDUSTRY,1,2,19,36585,2,0,0,0,0,0,0,0,0,0,0,0,0,,1/1/2024,2023
8560,SYNTHETIC SITE 02559,102559,,SYNTHETIC COMPANY 02559,1 Example Way,Nowhere,ZZ,00000,3115,2017,SYNTHETIC INDUSTRY,1,2,250,523040,2,0,0,0,0,0,0,0,0,0,0,0,0,,1/1/2024,2023
8561,SYNTHETIC SITE 02560,102560,,SYNTHETIC COMPANY 02560,1 Example Way,Nowhere,ZZ,00000,3328,2017,SYNTHETIC INDUSTRY,1,2,25,47005,2,0,0,0,0,0,0,0,0,0,0,0,0,,1/1/2024,2023
8562,SYNTHETIC SITE 02561,102561,,SYNTHETIC COMPANY 02561,1 Example Way,Nowhere,ZZ,00000,3251,2017,SYNTHETIC INDUSTRY,1,2,25,43403,2,0,0,0,0,0,0,0,0,0,0,0,0,,1/1/2024,2023
8563,SYNTHETIC SITE 02562,102562,,SYNTHETIC COMPANY 02562,1 Example Way,Nowhere,ZZ,00000,3251,2017,SYNTHETIC INDUSTRY,1,2,76,127539,1,0,3,2,2,21,8,7,0,0,0,0,0,,1/1/2024,2023
8564,SYNTHETIC SITE 02563,102563,,SYNTHETIC COMPANY 02563,1 Example Way,Nowhere,ZZ,00000,2361,2017,SYNTHETIC INDUSTRY,1,2,11,23683,2,0,0,0,0,0,0,0,0,0,0,0,0,,1/1/2024,2023
8565,SYNTHETIC SITE 02564,102564,,SYNTHETIC COMPANY 02564,1 Example Way,Nowhere,ZZ,00000,3115,2017,SYNTHETIC INDUSTRY,1,2,74,120365,1,0,1,1,3,7,4,5,0,0,0,0,0,,1/1/2024,2023
8566,SYNTHETIC SITE 02565,102565,,SYNTHETIC COMPANY 02565,1 Example Way,Nowhere,ZZ,00000,4841,2017,SYNTHETIC INDUSTRY,1,2,98,130939,1,0,1,2,1,7,8,4,0,0,0,0,0,,1/1/2024,2023
8567,SYNTHETIC SITE 02566,102566,,SYNTHETIC COMPANY 02566,1 Example Way,Nowhere,ZZ,00000,4841,2017,SYNTHETIC INDUSTRY,1,2,509,818094,1,0,3,5,6,21,20,14,0,0,0,0,0,,1/1/2024,2023
8568,SYNTHETIC SITE 02567,102567,,SYNTHETIC COMPANY 02567,1 Example Way,Nowhere,ZZ,00000,3115,2017,SYNTHETIC INDUSTRY,1,2,43,82387,1,0,0,0,2,0,0,2,0,0,0,0,0,,1/1/2024,2023
8569,SYNTHETIC SITE 02568,102568,,SYNTHETIC COMPANY 02568,1 Example Way,Nowhere,ZZ,00000,2361,2017,SYNTHETIC INDUSTRY,1,2,17,4015400000,2,0,0,0,0,0,0,0,0,0,0,0,0,,1/1/2024,2023
8570,SYNTHETIC SITE 02569,102569,,SYNTHETIC COMPANY 02569,1 Example Way,Nowhere,ZZ,00000,6221,2017,SYNTHETIC INDUSTRY,1,2,26,40761,2,0,0,0,0,0,0,0,0,0,0,0,0,,1/1/2024,2023
8571,SYNTHETIC SITE 02570,102570,,SYNTHETIC COMPANY 02570,1 Example Way,Nowhere,ZZ,00000,3251,2017,SYNTHETIC INDUSTRY,1,2,8,19790,2,0,0,0,0,0,0,0,0,0,0,0,0,,1/1/2024,2023
8572,SYNTHETIC SITE 02571,102571,,SYNTHETIC COMPANY 02571,1 Example Way,Nowhere,ZZ,00000,3115,2017,SYNTHETIC INDUSTRY,1,2,165,307538,2,0,0,0,0,0,0,0,0,0,0,0,0,,1/1/2024,2023
8573,SYNTHETIC SITE 02572,102572,,SYNTHETIC COMPANY 02572,1 Example Way,Nowhere,ZZ,00000,3252,2017,SYNTHETIC INDUSTRY,1,2,51,91484,1,0,0,0,1,0,0,1,0,0,0,0,0,,1/1/2024,2023
8574,SYNTHETIC SITE 02573,102573,,SYNTHETIC COMPANY 02573,1 Example Way,Nowhere,ZZ,00000,3252,2017,SYNTHETIC INDUSTRY,1,2,19,32766,2,0,0,0,0,0,0,0,0,0,0,0,0,,1/1/2024,2023
8575,SYNTHETIC SITE 02574,102574,,SYNTHETIC COMPANY 02574,1 Example Way,Nowhere,ZZ,00000,3328,2017,SYNTHETIC INDUSTRY,1,2,2,2865,2,0,0,0,0,0,0,0,0,0,0,0,0,,1/1/2024,2023
8576,SYNTHETIC SITE 02575,102575,,SYNTHETIC COMPANY 02575,1 Example Way,Nowhere,ZZ,00000,4451,2017,SYNTHETIC INDUSTRY,1,2,75,133109,2,0,0,0,0,0,0,0,0,0,0,0,0,,1/1/2024,2023
8577,SYNTHETIC SITE 02576,102576,,SYNTHETIC COMPANY 02576,1 Example Way,Nowhere,ZZ,00000,4841,2017,SYNTHETIC INDUSTRY,1,2,418,771053,1,0,2,0,3,14,0,5,0,0,0,0,0,,1/1/2024,2023
8578,SYNTHETIC SITE 02577,102577,,SYNTHETIC COMPANY 02577,1 Example Way,Nowhere,ZZ,00000,2361,2017,SYNTHETIC INDUSTRY,1,2,38,62262,2,0,0,0,0,0,0,0,0,0,0,0,0,,1/1/2024,2023
8579,SYNTHETIC SITE 02578,102578,,SYNTHETIC COMPANY 02578,1 Example Way,Nowhere,ZZ,00000,4841,2017,SYNTHETIC INDUSTRY,1,2,157,311324,2,0,0,0,0,0,0,0,0,0,0,0,0,,1/1/2024,2023
8580,SYNTHETIC SITE 02579,102579,,SYNTHETIC COMPANY 02579,1 Example Way,Nowhere,ZZ,00000,3115,2017,SYNTHETIC INDUSTRY,1,2,391,701833,1,0,4,1,4,28,4,9,0,0,0,0,0,,1/1/2024,2023
8581,SYNTHETIC SITE 02580,102580,,SYNTHETIC COMPANY 02580,1 Example Way,Nowhere,ZZ,00000,6221,2017,SYNTHETIC INDUSTRY,1,2,19,36474,2,0,0,0,0,0,0,0,0,0,0,0,0,,1/1/2024,2023
8582,SYNTHETIC SITE 02581,102581,,SYNTHETIC COMPANY 02581,1 Example Way,Nowhere,ZZ,00000,2361,2017,SYNTHETIC INDUSTRY,1,2,52,81731,2,0,0,0,0,0,0,0,0,0,0,0,0,,1/1/2024,2023
8583,SYNTHETIC SITE 02582,102582,,SYNTHETIC COMPANY 02582,1 Example Way,Nowhere,ZZ,00000,2361,2017,SYNTHETIC INDUSTRY,1,2,169,290213,1,0,0,2,2,0,8,4,0,0,0,0,0,,1/1/2024,2023
8584,SYNTHETIC SITE 02583,102583,,SYNTHETIC COMPANY 02583,1 Example Way,Nowhere,ZZ,00000,6221,2017,SYNTHETIC INDUSTRY,1,2,12,16598,2,0,0,0,0,0,0,0,0,0,0,0,0,,1/1/2024,2023
8585,SYNTHETIC SITE 02584,102584,,SYNTHETIC COMPANY 02584,1 Example Way,Nowhere,ZZ,00000,4841,2017,SYNTHETIC INDUSTRY,1,2,58,109333,2,0,0,0,0,0,0,0,0,0,0,0,0,,1/1/2024,2023
8586,SYNTHETIC SITE 02585,102585,,SYNTHETIC COMPANY 02585,1 Example Way,Nowhere,ZZ,00000,3252,2017,SYNTHETIC INDUSTRY,1,2,137,299050,1,0,2,0,1,14,0,3,0,0,0,0,0,,1/1/2024,2023
8587,SYNTHETIC SITE 02586,102586,,SYNTHETIC COMPANY 02586,1 Example Way,Nowhere,ZZ,00000,3252,2017,SYNTHETIC INDUSTRY,1,2,26,55956,2,0,0,0,0,0,0,0,0,0,0,0,0,,1/1/2024,2023
8588,SYNTHETIC SITE 02587,102587,,SYNTHETIC COMPANY 02587,1 Example Way,Nowhere,ZZ,00000,3252,2017,SYNTHETIC INDUSTRY,1,2,95,230992,2,0,0,0,0,0,0,0,0,0,0,0,0,,1/1/2024,2023
8589,SYNTHETIC SITE 02588,102588,,SYNTHETIC COMPANY 02588,1 Example Way,Nowhere,ZZ,00000,3252,2017,SYNTHETIC INDUSTRY,1,2,12,31189,2,0,0,0,0,0,0,0,0,0,0,0,0,,1/1/2024,2023
8590,SYNTHETIC SITE 02589,102589,,SYNTHETIC COMPANY 02589,1 Example Way,Nowhere,ZZ,00000,4451,2017,SYNTHETIC INDUSTRY,1,2,11,22034,2,0,0,0,0,0,0,0,0,0,0,0,0,,1/1/2024,2023
8591,SYNTHETIC SITE 02590,102590,,SYNTHETIC COMPANY 02590,1 Example Way,Nowhere,ZZ,00000,3252,2017,SYNTHETIC INDUSTRY,1,2,60,113520,1,0,0,0,1,0,0,1,0,0,0,0,0,,1/1/2024,2023
8592,SYNTHETIC SITE 02591,102591,,SYNTHETIC COMPANY 02591,1 Example Way,Nowhere,ZZ,00000,4451,2017,SYNTHETIC INDUSTRY,1,2,17,41072,2,0,0,0,0,0,0,0,0,0,0,0,0,,1/1/2024,2023
8593,SYNTHETIC SITE 02592,102592,,SYNTHETIC COMPANY 02592,1 Example Way,Nowhere,ZZ,00000,4451,2017,SYNTHETIC INDUSTRY,1,2,75,141598,1,0,1,0,0,7,0,1,0,0,0,0,0,,1/1/2024,2023
8594,SYNTHETIC SITE 02593,102593,,SYNTHETIC COMPANY 02593,1 Example Way,Nowhere,ZZ,00000,4841,2017,SYNTHETIC INDUSTRY,1,2,45,87680,1,0,0,1,0,0,4,1,0,0,0,0,0,,1/1/2024,2023
8595,SYNTHETIC SITE 02594,102594,,SYNTHETIC COMPANY 02594,1 Example Way,Nowhere,ZZ,00000,3252,2017,SYNTHETIC INDUSTRY,1,2,48,81561,1,0,1,3,0,7,12,4,0,0,0,0,0,,1/1/2024,2023
8596,SYNTHETIC SITE 02595,102595,,SYNTHETIC COMPANY 02595,1 Example Way,Nowhere,ZZ,00000,4841,2017,SYNTHETIC INDUSTRY,1,2,13,22834,2,0,0,0,0,0,0,0,0,0,0,0,0,,1/1/2024,2023
8597,SYNTHETIC SITE 02596,102596,,SYNTHETIC COMPANY 02596,1 Example Way,Nowhere,ZZ,00000,4451,2017,SYNTHETIC INDUSTRY,1,2,807,1499873,1,0,4,4,9,28,16,17,0,0,0,0,0,,1/1/2024,2023
8598,SYNTHETIC SITE 02597,102597,,SYNTHETIC COMPANY 02597,1 Example Way,Nowhere,ZZ,00000,3252,2017,SYNTHETIC INDUSTRY,1,2,7,16438,2,0,0,0,0,0,0,0,0,0,0,0,0,,1/1/2024,2023
8599,SYNTHETIC SITE 02598,102598,,SYNTHETIC COMPANY 02598,1 Example Way,Nowhere,ZZ,00000,6221,2017,SYNTHETIC INDUSTRY,1,2,96,166107,1,0,0,1,1,0,4,2,0,0,0,0,0,,1/1/2024,2023
8600,SYNTHETIC SITE 02599,102599,,SYNTHETIC COMPANY 02599,1 Example Way,Nowhere,ZZ,00000,3328,2017,SYNTHETIC INDUSTRY,1,2,56,125054,2,0,0,0,0,0,0,0,0,0,0,0,0,,1/1/2024,2023
8601,SYNTHETIC SITE 02600,102600,,SYNTHETIC COMPANY 02600,1 Example Way,Nowhere,ZZ,00000,3251,2017,SYNTHETIC INDUSTRY,1,2,30,52622,2,0,0,0,0,0,0,0,0,0,0,0,0,,1/1/2024,2023
8602,SYNTHETIC SITE 02601,102601,,SYNTHETIC COMPANY 02601,1 Example Way,Nowhere,ZZ,00000,4841,2017,SYNTHETIC INDUSTRY,1,2,287,397200,1,0,2,2,3,14,8,7,0,0,0,0,0,,1/1/2024,2023
8603,SYNTHETIC SITE 02602,102602,,SYNTHETIC COMPANY 02602,1 Example Way,Nowhere,ZZ,00000,3251,2017,SYNTHETIC INDUSTRY,1,2,19,26098,2,0,0,0,0,0,0,0,0,0,0,0,0,,1/1/2024,2023
8604,SYNTHETIC SITE 02603,102603,,SYNTHETIC COMPANY 02603,1 Example Way,Nowhere,ZZ,00000,3328,2017,SYNTHETIC INDUSTRY,1,2,54,94988,2,0,0,0,0,0,0,0,0,0,0,0,0,,1/1/2024,2023
8605,SYNTHETIC SITE 02604,102604,,SYNTHETIC COMPANY 02604,1 Example Way,Nowhere,ZZ,00000,6221,2017,SYNTHETIC INDUSTRY,1,2,104,212942,1,0,3,0,1,21,0,4,0,0,0,0,0,,1/1/2024,2023
8606,SYNTHETIC SITE 02605,102605,,SYNTHETIC COMPANY 02605,1 Example Way,Nowhere,ZZ,00000,6221,2017,SYNTHETIC INDUSTRY,1,2,36,72585,2,0,0,0,0,0,0,0,0,0,0,0,0,,1/1/2024,2023
8607,SYNTHETIC SITE 02606,102606,,SYNTHETIC COMPANY 02606,1 Example Way,Nowhere,ZZ,00000,3252,2017,SYNTHETIC INDUSTRY,1,2,17,32760,1,0,3,0,1,21,0,4,0,0,0,0,0,,1/1/2024,2023
8608,SYNTHETIC SITE 02607,102607,,SYNTHETIC COMPANY 02607,1 Example Way,Nowhere,ZZ,00000,3252,2017,SYNTHETIC INDUSTRY,1,2,23,46196,1,0,1,0,2,7,0,3,0,0,0,0,0,,1/1/2024,2023
8609,SYNTHETIC SITE 02608,102608,,SYNTHETIC COMPANY 02608,1 Example Way,Nowhere,ZZ,00000,3115,2017,SYNTHETIC INDUSTRY,1,2,109,154603,2,0,0,0,0,0,0,0,0,0,0,0,0,,1/1/2024,2023
8610,SYNTHETIC SITE 02609,102609,,SYNTHETIC COMPANY 02609,1 Example Way,Nowhere,ZZ,00000,3251,2017,SYNTHETIC INDUSTRY,1,2,17,30473,2,0,0,0,0,0,0,0,0,0,0,0,0,,1/1/2024,2023
8611,SYNTHETIC SITE 02610,102610,,SYNTHETIC COMPANY 02610,1 Example Way,Nowhere,ZZ,00000,4451,2017,SYNTHETIC INDUSTRY,1,2,68,131918,2,0,0,0,0,0,0,0,0,0,0,0,0,,1/1/2024,2023
8612,SYNTHETIC SITE 02611,102611,,SYNTHETIC COMPANY 02611,1 Example Way,Nowhere,ZZ,00000,6221,2017,SYNTHETIC INDUSTRY,1,2,527,959636,2,0,0,0,0,0,0,0,0,0,0,0,0,,1/1/2024,2023
8613,SYNTHETIC SITE 02612,102612,,SYNTHETIC COMPANY 02612,1 Example Way,Nowhere,ZZ,00000,6221,2017,SYNTHETIC INDUSTRY,1,2,33,66541,2,0,0,0,0,0,0,0,0,0,0,0,0,,1/1/2024,2023
8614,SYNTHETIC SITE 02613,102613,,SYNTHETIC COMPANY 02613,1 Example Way,Nowhere,ZZ,00000,4841,2017,SYNTHETIC INDUSTRY,1,2,38,60084,2,0,0,0,0,0,0,0,0,0,0,0,0,,1/1/2024,2023
8615,SYNTHETIC SITE 02614,102614,,SYNTHETIC COMPANY 02614,1 Example Way,Nowhere,ZZ,00000,3328,2017,SYNTHETIC INDUSTRY,1,2,9,15806,2,0,0,0,0,0,0,0,0,0,0,0,0,,1/1/2024,2023
8616,SYNTHETIC SITE 02615,102615,,SYNTHETIC COMPANY 02615,1 Example Way,Nowhere,ZZ,00000,3252,2017,SYNTHETIC INDUSTRY,1,2,46,72726,2,0,0,0,0,0,0,0,0,0,0,0,0,,1/1/2024,2023
8617,SYNTHETIC SITE 02616,102616,,SYNTHETIC COMPANY 02616,1 Example Way,Nowhere,ZZ,00000,3252,2017,SYNTHETIC INDUSTRY,1,2,43,90467,1,0,1,0,1,7,0,2,0,0,0,0,0,,1/1/2024,2023
8618,SYNTHETIC SITE 02617,102617,,SYNTHETIC COMPANY 02617,1 Example Way,Nowhere,ZZ,00000,4451,2017,SYNTHETIC INDUSTRY,1,2,23,39477,2,0,0,0,0,0,0,0,0,0,0,0,0,,1/1/2024,2023
8619,SYNTHETIC SITE 02618,102618,,SYNTHETIC COMPANY 02618,1 Example Way,Nowhere,ZZ,00000,3251,2017,SYNTHETIC INDUSTRY,1,2,26,50422,1,0,0,1,1,0,4,2,0,0,0,0,0,,1/1/2024,2023
8620,SYNTHETIC SITE 02619,102619,,SYNTHETIC COMPANY 02619,1 Example Way,Nowhere,ZZ,00000,4451,2017,SYNTHETIC INDUSTRY,1,2,69,130257,2,0,0,0,0,0,0,0,0,0,0,0,0,,1/1/2024,2023
8621,SYNTHETIC SITE 02620,102620,,SYNTHETIC COMPANY 02620,1 Example Way,Nowhere,ZZ,00000,6221,2017,SYNTHETIC INDUSTRY,1,2,64,141902,1,0,0,0,1,0,0,1,0,0,0,0,0,,1/1/2024,2023
8622,SYNTHETIC SITE 02621,102621,,SYNTHETIC COMPANY 02621,1 Example Way,Nowhere,ZZ,00000,3251,2017,SYNTHETIC INDUSTRY,1,2,24,37563,2,0,0,0,0,0,0,0,0,0,0,0,0,,1/1/2024,2023
8623,SYNTHETIC SITE 02622,102622,,SYNTHETIC COMPANY 02622,1 Example Way,Nowhere,ZZ,00000,4451,2017,SYNTHETIC INDUSTRY,1,2,56,123773,1,0,0,0,1,0,0,1,0,0,0,0,0,,1/1/2024,2023
8624,SYNTHETIC SITE 02623,102623,,SYNTHETIC COMPANY 02623,1 Example Way,Nowhere,ZZ,00000,6221,2017,SYNTHETIC INDUSTRY,1,2,69,134775,1,0,1,1,1,7,4,3,0,0,0,0,0,,1/1/2024,2023
8625,SYNTHETIC SITE 02624,102624,,SYNTHETIC COMPANY 02624,1 Example Way,Nowhere,ZZ,00000,4841,2017,SYNTHETIC INDUSTRY,1,2,15,26195,2,0,0,0,0,0,0,0,0,0,0,0,0,,1/1/2024,2023
8626,SYNTHETIC SITE 02625,102625,,SYNTHETIC COMPANY 02625,1 Example Way,Nowhere,ZZ,00000,3252,2017,SYNTHETIC INDUSTRY,1,2,24,42632,1,0,1,0,0,7,0,1,0,0,0,0,0,,1/1/2024,2023
8627,SYNTHETIC SITE 02626,102626,,SYNTHETIC COMPANY 02626,1 Example Way,Nowhere,ZZ,00000,4841,2017,SYNTHETIC INDUSTRY,1,2,33,63712,1,0,0,2,0,0,8,2,0,0,0,0,0,,1/1/2024,2023
8628,SYNTHETIC SITE 02627,102627,,SYNTHETIC COMPANY 02627,1 Example Way,Nowhere,ZZ,00000,6221,2017,SYNTHETIC INDUSTRY,1,2,87,169270,1,0,2,3,3,14,12,8,0,0,0,0,0,,1/1/2024,2023
8629,SYNTHETIC SITE 02628,102628,,SYNTHETIC COMPANY 02628,1 Example Way,Nowhere,ZZ,00000,2361,2017,SYNTHETIC INDUSTRY,1,2,85,155119,1,0,0,1,0,0,4,1,0,0,0,0,0,,1/1/2024,2023
8630,SYNTHETIC SITE 02629,102629,,SYNTHETIC COMPANY 02629,1 Example Way,Nowhere,ZZ,00000,3115,2017,SYNTHETIC INDUSTRY,1,2,19,32679,1,0,0,1,0,0,4,1,0,0,0,0,0,,1/1/2024,2023
8631,SYNTHETIC SITE 02630,102630,,SYNTHETIC COMPANY 02630,1 Example Way,Nowhere,ZZ,00000,4451,2017,SYNTHETIC INDUSTRY,1,2,106,180848,1,0,0,0,1,0,0,1,0,0,0,0,0,,1/1/2024,2023
8632,SYNTHETIC SITE 02631,102631,,SYNTHETIC COMPANY 02631,1 Example Way,Nowhere,ZZ,00000,3252,2017,SYNTHETIC INDUSTRY,1,2,277,509385,1,0,3,0,1,21,0,4,0,0,0,0,0,,1/1/2024,2023
8633,SYNTHETIC SITE 02632,102632,,SYNTHETIC COMPANY 02632,1 Example Way,Nowhere,ZZ,00000,3328,2017,SYNTHETIC INDUSTRY,1,2,41,52623,2,0,0,0,0,0,0,0,0,0,0,0,0,,1/1/2024,2023
8634,SYNTHETIC SITE 02633,102633,,SYNTHETIC COMPANY 02633,1 Example Way,Nowhere,ZZ,00000,3252,2017,SYNTHETIC INDUSTRY,1,2,40,75187,1,0,0,0,2,0,0,2,0,0,0,0,0,,1/1/2024,2023
8635,SYNTHETIC SITE 02634,102634,,SYNTHETIC COMPANY 02634,1 Example Way,Nowhere,ZZ,00000,4451,2017,SYNTHETIC INDUSTRY,1,2,74,165222,1,0,0,0,1,0,0,1,0,0,0,0,0,,1/1/2024,2023
8636,SYNTHETIC SITE 02635,102635,,SYNTHETIC COMPANY 02635,1 Example Way,Nowhere,ZZ,00000,3251,2017,SYNTHETIC INDUSTRY,1,2,15,25529,2,0,0,0,0,0,0,0,0,0,0,0,0,,1/1/2024,2023
8637,SYNTHETIC SITE 02636,102636,,SYNTHETIC COMPANY 02636,1 Example Way,Nowhere,ZZ,00000,4841,2017,SYNTHETIC INDUSTRY,1,2,20,45874,1,0,0,0,1,0,0,1,0,0,0,0,0,,1/1/2024,2023
8638,SYNTHETIC SITE 02637,102637,,SYNTHETIC COMPANY 02637,1 Example Way,Nowhere,ZZ,00000,3328,2017,SYNTHETIC INDUSTRY,1,2,72,116254,1,0,1,0,1,7,0,2,0,0,0,0,0,,1/1/2024,2023
8639,SYNTHETIC SITE 02638,102638,,SYNTHETIC COMPANY 02638,1 Example Way,Nowhere,ZZ,00000,6221,2017,SYNTHETIC INDUSTRY,1,2,281,447585,1,0,0,0,1,0,0,1,0,0,0,0,0,,1/1/2024,2023
8640,SYNTHETIC SITE 02639,102639,,SYNTHETIC COMPANY 02639,1 Example Way,Nowhere,ZZ,00000,6221,2017,SYNTHETIC INDUSTRY,1,2,179,324676,1,0,6,0,1,42,0,7,0,0,0,0,0,,1/1/2024,2023
8641,SYNTHETIC SITE 02640,102640,,SYNTHETIC COMPANY 02640,1 Example Way,Nowhere,ZZ,00000,3252,2017,SYNTHETIC INDUSTRY,1,2,275,461512,2,0,0,0,0,0,0,0,0,0,0,0,0,,1/1/2024,2023
8642,SYNTHETIC SITE 02641,102641,,SYNTHETIC COMPANY 02641,1 Example Way,Nowhere,ZZ,00000,3252,2017,SYNTHETIC INDUSTRY,1,2,203,398765,1,0,0,5,5,0,20,10,0,0,0,0,0,,1/1/2024,2023
8643,SYNTHETIC SITE 02642,102642,,SYNTHETIC COMPANY 02642,1 Example Way,Nowhere,ZZ,00000,3252,2017,SYNTHETIC INDUSTRY,1,2,6,9437,2,0,0,0,0,0,0,0,0,0,0,0,0,,1/1/2024,2023
8644,SYNTHETIC SITE 02643,102643,,SYNTHETIC COMPANY 02643,1 Example Way,Nowhere,ZZ,00000,2361,2017,SYNTHETIC INDUSTRY,1,2,147,271428,2,0,0,0,0,0,0,0,0,0,0,0,0,,1/1/2024,2023
8645,SYNTHETIC SITE 02644,102644,,SYNTHETIC COMPANY 02644,1 Example Way,Nowhere,ZZ,00000,3115,2017,SYNTHETIC INDUSTRY,1,2,58,103518,2,0,0,0,0,0,0,0,0,0,0,0,0,,1/1/2024,2023
8646,SYNTHETIC SITE 02645,102645,,SYNTHETIC COMPANY 02645,1 Example Way,Nowhere,ZZ,00000,3328,2017,SYNTHETIC INDUSTRY,1,2,50,114565,1,0,0,2,0,0,8,2,0,0,0,0,0,,1/1/2024,2023
8647,SYNTHETIC SITE 02646,102646,,SYNTHETIC COMPANY 02646,1 Example Way,Nowhere,ZZ,00000,3252,2017,SYNTHETIC INDUSTRY,1,2,75,144361,1,0,0,0,1,0,0,1,0,0,0,0,0,,1/1/2024,2023
8648,SYNTHETIC SITE 02647,102647,,SYNTHETIC COMPANY 02647,1 Example Way,Nowhere,ZZ,00000,4451,2017,SYNTHETIC INDUSTRY,1,2,188,375420,1,0,1,0,2,7,0,3,0,0,0,0,0,,1/1/2024,2023
8649,SYNTHETIC SITE 02648,102648,,SYNTHETIC COMPANY 02648,1 Example Way,Nowhere,ZZ,00000,6221,2017,SYNTHETIC INDUSTRY,1,2,83,123203,2,0,0,0,0,0,0,0,0,0,0,0,0,,1/1/2024,2023
8650,SYNTHETIC SITE 02649,102649,,SYNTHETIC COMPANY 02649,1 Example Way,Nowhere,ZZ,00000,3115,2017,SYNTHETIC INDUSTRY,1,2,79,149502,2,0,0,0,0,0,0,0,0,0,0,0,0,,1/1/2024,2023
8651,SYNTHETIC SITE 02650,102650,,SYNTHETIC COMPANY 02650,1 Example Way,Nowhere,ZZ,00000,3328,2017,SYNTHETIC INDUSTRY,1,2,11,18588,2,0,0,0,0,0,0,0,0,0,0,0,0,,1/1/2024,2023
8652,SYNTHETIC SITE 02651,102651,,SYNTHETIC COMPANY 02651,1 Example Way,Nowhere,ZZ,00000,3251,2017,SYNTHETIC INDUSTRY,1,2,84,18547000000,2,0,0,0,0,0,0,0,0,0,0,0,0,,1/1/2024,2023
8653,SYNTHETIC SITE 02652,102652,,SYNTHETIC COMPANY 02652,1 Example Way,Nowhere,ZZ,00000,3115,2017,SYNTHETIC INDUSTRY,1,2,172,346935,1,0,0,1,2,0,4,3,0,0,0,0,0,,1/1/2024,2023
8654,SYNTHETIC SITE 02653,102653,,SYNTHETIC COMPANY 02653,1 Example Way,Nowhere,ZZ,00000,2361,2017,SYNTHETIC INDUSTRY,1,2,46,75285,2,0,0,0,0,0,0,0,0,0,0,0,0,,1/1/2024,2023
8655,SYNTHETIC SITE 02654,102654,,SYNTHETIC COMPANY 02654,1 Example Way,Nowhere,ZZ,00000,3115,2017,SYNTHETIC INDUSTRY,1,2,81,136281,2,0,0,0,0,0,0,0,0,0,0,0,0,,1/1/2024,2023
8656,SYNTHETIC SITE 02655,102655,,SYNTHETIC COMPANY 02655,1 Example Way,Nowhere,ZZ,00000,4841,2017,SYNTHETIC INDUSTRY,1,2,13,30899,2,0,0,0,0,0,0,0,0,0,0,0,0,,1/1/2024,2023
8657,SYNTHETIC SITE 02656,102656,,SYNTHETIC COMPANY 02656,1 Example Way,Nowhere,ZZ,00000,3252,2017,SYNTHETIC INDUSTRY,1,2,76,118199,2,0,0,0,0,0,0,0,0,0,0,0,0,,1/1/2024,2023
8658,SYNTHETIC SITE 02657,102657,,SYNTHETIC COMPANY 02657,1 Example Way,Nowhere,ZZ,00000,3252,2017,SYNTHETIC INDUSTRY,1,2,17,24172,1,0,1,0,0,7,0,1,0,0,0,0,0,,1/1/2024,2023
8659,SYNTHETIC SITE 02658,102658,,SYNTHETIC COMPANY 02658,1 Example Way,Nowhere,ZZ,00000,4451,2017,SYNTHETIC INDUSTRY,1,2,125,183709,2,0,0,0,0,0,0,0,0,0,0,0,0,,1/1/2024,2023
8660,SYNTHETIC SITE 02659,102659,,SYNTHETIC COMPANY 02659,1 Example Way,Nowhere,ZZ,00000,4451,2017,SYNTHETIC INDUSTRY,1,2,45,90169,2,0,0,0,0,0,0,0,0,0,0,0,0,,1/1/2024,2023
8661,SYNTHETIC SITE 02660,102660,,SYNTHETIC COMPANY 02660,1 Example Way,Nowhere,ZZ,00000,4451,2017,SYNTHETIC INDUSTRY,1,2,709,1292334,1,0,12,10,14,84,40,36,0,0,0,0,0,,1/1/2024,2023
8662,SYNTHETIC SITE 02661,102661,,SYNTHETIC COMPANY 02661,1 Example Way,Nowhere,ZZ,00000,6221,2017,SYNTHETIC INDUSTRY,1,2,58,121431,1,0,3,1,4,21,4,8,0,0,0,0,0,,1/1/2024,2023
8663,SYNTHETIC SITE 02662,102662,,SYNTHETIC COMPANY 02662,1 Example Way,Nowhere,ZZ,00000,4841,2017,SYNTHETIC INDUSTRY,1,2,54,100682,2,0,0,0,0,0,0,0,0,0,0,0,0,,1/1/2024,2023
8664,SYNTHETIC SITE 02663,102663,,SYNTHETIC COMPANY 02663,1 Example Way,Nowhere,ZZ,00000,2361,2017,SYNTHETIC INDUSTRY,1,2,20,33978,2,0,0,0,0,0,0,0,0,0,0,0,0,,1/1/2024,2023
8665,SYNTHETIC SITE 02664,102664,,SYNTHETIC COMPANY 02664,1 Example Way,Nowhere,ZZ,00000,3328,2017,SYNTHETIC INDUSTRY,1,2,425,920836,1,0,8,6,12,56,24,26,0,0,0,0,0,,1/1/2024,2023
8666,SYNTHETIC SITE 02665,102665,,SYNTHETIC COMPANY 02665,1 Example Way,Nowhere,ZZ,00000,3251,2017,SYNTHETIC INDUSTRY,1,2,56,121925,1,0,0,1,0,0,4,1,0,0,0,0,0,,1/1/2024,2023
8667,SYNTHETIC SITE 02666,102666,,SYNTHETIC COMPANY 02666,1 Example Way,Nowhere,ZZ,00000,2361,2017,SYNTHETIC INDUSTRY,1,2,18,26231,2,0,0,0,0,0,0,0,0,0,0,0,0,,1/1/2024,2023
8668,SYNTHETIC SITE 02667,102667,,SYNTHETIC COMPANY 02667,1 Example Way,Nowhere,ZZ,00000,3251,2017,SYNTHETIC INDUSTRY,1,2,53,96527,1,0,0,1,0,0,4,1,0,0,0,0,0,,1/1/2024,2023
8669,SYNTHETIC SITE 02668,102668,,SYNTHETIC COMPANY 02668,1 Example Way,Nowhere,ZZ,00000,3252,2017,SYNTHETIC INDUSTRY,1,2,134,172381,1,0,0,1,0,0,4,1,0,0,0,0,0,,1/1/2024,2023
8670,SYNTHETIC SITE 02669,102669,,SYNTHETIC COMPANY 02669,1 Example Way,Nowhere,ZZ,00000,3115,2017,SYNTHETIC INDUSTRY,1,2,49,84021,1,0,1,0,0,7,0,1,0,0,0,0,0,,1/1/2024,2023
8671,SYNTHETIC SITE 02670,102670,,SYNTHETIC COMPANY 02670,1 Example Way,Nowhere,ZZ,00000,3115,2017,SYNTHETIC INDUSTRY,1,2,57,90877,2,0,0,0,0,0,0,0,0,0,0,0,0,,1/1/2024,2023
8672,SYNTHETIC SITE 02671,102671,,SYNTHETIC COMPANY 02671,1 Example Way,Nowhere,ZZ,00000,6221,2017,SYNTHETIC INDUSTRY,1,2,122,176689,1,0,0,1,0,0,4,1,0,0,0,0,0,,1/1/2024,2023
8673,SYNTHETIC SITE 02672,102672,,SYNTHETIC COMPANY 02672,1 Example Way,Nowhere,ZZ,00000,4841,2017,SYNTHETIC INDUSTRY,1,2,65,119583,1,0,0,0,3,0,0,3,0,0,0,0,0,,1/1/2024,2023
8674,SYNTHETIC SITE 02673,102673,,SYNTHETIC COMPANY 02673,1 Example Way,Nowhere,ZZ,00000,3328,2017,SYNTHETIC INDUSTRY,1,2,56,93984,1,0,1,1,1,7,4,3,0,0,0,0,0,,1/1/2024,2023
8675,SYNTHETIC SITE 02674,102674,,SYNTHETIC COMPANY 02674,1 Example Way,Nowhere,ZZ,00000,4451,2017,SYNTHETIC INDUSTRY,1,2,93,190968,1,0,1,2,1,7,8,4,0,0,0,0,0,,1/1/2024,2023
8676,SYNTHETIC SITE 02675,102675,,SYNTHETIC COMPANY 02675,1 Example Way,Nowhere,ZZ,00000,3115,2017,SYNTHETIC INDUSTRY,1,2,92,183954,1,0,1,0,0,7,0,1,0,0,0,0,0,,1/1/2024,2023
8677,SYNTHETIC SITE 02676,102676,,SYNTHETIC COMPANY 02676,1 Example Way,Nowhere,ZZ,00000,3115,2017,SYNTHETIC INDUSTRY,1,2,11,27617,2,0,0,0,0,0,0,0,0,0,0,0,0,,1/1/2024,2023
8678,SYNTHETIC SITE 02677,102677,,SYNTHETIC COMPANY 02677,1 Example Way,Nowhere,ZZ,00000,4841,2017,SYNTHETIC INDUSTRY,1,2,44,95946,2,0,0,0,0,0,0,0,0,0,0,0,0,,1/1/2024,2023
8679,SYNTHETIC SITE 02678,102678,,SYNTHETIC COMPANY 02678,1 Example Way,Nowhere,ZZ,00000,4841,2017,SYNTHETIC INDUSTRY,1,2,99,207343,1,0,0,1,2,0,4,3,0,0,0,0,0,,1/1/2024,2023
8680,SYNTHETIC SITE 02679,102679,,SYNTHETIC COMPANY 02679,1 Example Way,Nowhere,ZZ,00000,3251,2017,SYNTHETIC INDUSTRY,1,2,382,621319,1,0,1,0,2,7,0,3,0,0,0,0,0,,1/1/2024,2023
8681,SYNTHETIC SITE 02680,102680,,SYNTHETIC COMPANY 02680,1 Example Way,Nowhere,ZZ,00000,6221,2017,SYNTHETIC INDUSTRY,1,2,477,987531,1,0,1,1,2,7,4,4,0,0,0,0,0,,1/1/2024,2023
8682,SYNTHETIC SITE 02681,102681,,SYNTHETIC COMPANY 02681,1 Example Way,Nowhere,ZZ,00000,3115,2017,SYNTHETIC INDUSTRY,1,2,99,21078200,1,0,5,4,6,35,16,15,0,0,0,0,0,,1/1/2024,2023
8683,SYNTHETIC SITE 02682,102682,,SYNTHETIC COMPANY 02682,1 Example Way,Nowhere,ZZ,00000,3252,2017,SYNTHETIC INDUSTRY,1,2,12,21045,2,0,0,0,0,0,0,0,0,0,0,0,0,,1/1/2024,2023
8684,SYNTHETIC SITE 02683,102683,,SYNTHETIC COMPANY 02683,1 Example Way,Nowhere,ZZ,00000,3251,2017,SYNTHETIC INDUSTRY,1,2,13,20455,2,0,0,0,0,0,0,0,0,0,0,0,0,,1/1/2024,2023
8685,SYNTHETIC SITE 02684,102684,,SYNTHETIC COMPANY 02684,1 Example Way,Nowhere,ZZ,00000,6221,2017,SYNTHETIC INDUSTRY,1,2,43,78821,1,0,0,0,1,0,0,1,0,0,0,0,0,,1/1/2024,2023
8686,SYNTHETIC SITE 02685,102685,,SYNTHETIC COMPANY 02685,1 Example Way,Nowhere,ZZ,00000,4451,2017,SYNTHETIC INDUSTRY,1,2,81,200357,1,0,0,1,0,0,4,1,0,0,0,0,0,,1/1/2024,2023
8687,SYNTHETIC SITE 02686,102686,,SYNTHETIC COMPANY 02686,1 Example Way,Nowhere,ZZ,00000,4841,2017,SYNTHETIC INDUSTRY,1,2,74,125284,2,0,0,0,0,0,0,0,0,0,0,0,0,,1/1/2024,2023
8688,SYNTHETIC SITE 02687,102687,,SYNTHETIC COMPANY 02687,1 Example Way,Nowhere,ZZ,00000,3115,2017,SYNTHETIC INDUSTRY,1,2,42,92121,2,0,0,0,0,0,0,0,0,0,0,0,0,,1/1/2024,2023
8689,SYNTHETIC SITE 02688,102688,,SYNTHETIC COMPANY 02688,1 Example Way,Nowhere,ZZ,00000,2361,2017,SYNTHETIC INDUSTRY,1,2,48,109964,1,0,0,0,1,0,0,1,0,0,0,0,0,,1/1/2024,2023
8690,SYNTHETIC SITE 02689,102689,,SYNTHETIC COMPANY 02689,1 Example Way,Nowhere,ZZ,00000,3252,2017,SYNTHETIC INDUSTRY,1,2,22,51805,1,0,1,2,2,7,8,5,0,0,0,0,0,,1/1/2024,2023
8691,SYNTHETIC SITE 02690,102690,,SYNTHETIC COMPANY 02690,1 Example Way,Nowhere,ZZ,00000,4841,2017,SYNTHETIC INDUSTRY,1,2,11,20068,2,0,0,0,0,0,0,0,0,0,0,0,0,,1/1/2024,2023
8692,SYNTHETIC SITE 02691,102691,,SYNTHETIC COMPANY 02691,1 Example Way,Nowhere,ZZ,00000,4451,2017,SYNTHETIC INDUSTRY,1,2,5,11334,2,0,0,0,0,0,0,0,0,0,0,0,0,,1/1/2024,2023
8693,SYNTHETIC SITE 02692,102692,,SYNTHETIC COMPANY 02692,1 Example Way,Nowhere,ZZ,00000,3251,2017,SYNTHETIC INDUSTRY,1,2,139,226320,2,0,0,0,0,0,0,0,0,0,0,0,0,,1/1/2024,2023
8694,SYNTHETIC SITE 02693,102693,,SYNTHETIC COMPANY 02693,1 Example Way,Nowhere,ZZ,00000,6221,2017,SYNTHETIC INDUSTRY,1,2,40,86107,2,0,0,0,0,0,0,0,0,0,0,0,0,,1/1/2024,2023
8695,SYNTHETIC SITE 02694,102694,,SYNTHETIC COMPANY 02694,1 Example Way,Nowhere,ZZ,00000,4451,2017,SYNTHETIC INDUSTRY,1,2,579,1052751,1,0,2,2,3,14,8,7,0,0,0,0,0,,1/1/2024,2023
8696,SYNTHETIC SITE 02695,102695,,SYNTHETIC COMPANY 02695,1 Example Way,Nowhere,ZZ,00000,3115,2017,SYNTHETIC INDUSTRY,1,2,35,67126,2,0,0,0,0,0,0,0,0,0,0,0,0,,1/1/2024,2023
8697,SYNTHETIC SITE 02696,102696,,SYNTHETIC COMPANY 02696,1 Example Way,Nowhere,ZZ,00000,3252,2017,SYNTHETIC INDUSTRY,1,2,15,30428,2,0,0,0,0,0,0,0,0,0,0,0,0,,1/1/2024,2023
8698,SYNTHETIC SITE 02697,102697,,SYNTHETIC COMPANY 02697,1 Example Way,Nowhere,ZZ,00000,4451,2017,SYNTHETIC INDUSTRY,1,2,92,153216,1,0,1,1,0,7,4,2,0,0,0,0,0,,1/1/2024,2023
8699,SYNTHETIC SITE 02698,102698,,SYNTHETIC COMPANY 02698,1 Example Way,Nowhere,ZZ,00000,3328,2017,SYNTHETIC INDUSTRY,1,2,33,49565,1,0,0,1,3,0,4,4,0,0,0,0,0,,1/1/2024,2023
8700,SYNTHETIC SITE 02699,102699,,SYNTHETIC COMPANY 02699,1 Example Way,Nowhere,ZZ,00000,4451,2017,SYNTHETIC INDUSTRY,1,2,929,2015446,1,0,1,0,2,7,0,3,0,0,0,0,0,,1/1/2024,2023
8701,SYNTHETIC SITE 02700,102700,,SYNTHETIC COMPANY 02700,1 Example Way,Nowhere,ZZ,00000,3252,2017,SYNTHETIC INDUSTRY,1,2,40,62697,2,0,0,0,0,0,0,0,0,0,0,0,0,,1/1/2024,2023
8702,SYNTHETIC SITE 02701,102701,,SYNTHETIC COMPANY 02701,1 Example Way,Nowhere,ZZ,00000,4841,2017,SYNTHETIC INDUSTRY,1,2,27,43224,2,0,0,0,0,0,0,0,0,0,0,0,0,,1/1/2024,2023
8703,SYNTHETIC SITE 02702,102702,,SYNTHETIC COMPANY 02702,1 Example Way,Nowhere,ZZ,00000,4841,2017,SYNTHETIC INDUSTRY,1,2,400,753546,1,0,14,6,14,98,24,34,0,0,0,0,0,,1/1/2024,2023
8704,SYNTHETIC SITE 02703,102703,,SYNTHETIC COMPANY 02703,1 Example Way,Nowhere,ZZ,00000,4451,2017,SYNTHETIC INDUSTRY,1,2,50,90970,1,0,0,0,2,0,0,2,0,0,0,0,0,,1/1/2024,2023
8705,SYNTHETIC SITE 02704,102704,,SYNTHETIC COMPANY 02704,1 Example Way,Nowhere,ZZ,00000,3251,2017,SYNTHETIC INDUSTRY,1,2,11,21640,2,0,0,0,0,0,0,0,0,0,0,0,0,,1/1/2024,2023
8706,SYNTHETIC SITE 02705,102705,,SYNTHETIC COMPANY 02705,1 Example Way,Nowhere,ZZ,00000,2361,2017,SYNTHETIC INDUSTRY,1,2,152,374052,2,0,0,0,0,0,0,0,0,0,0,0,0,,1/1/2024,2023
8707,SYNTHETIC SITE 02706,102706,,SYNTHETIC COMPANY 02706,1 Example Way,Nowhere,ZZ,00000,3115,2017,SYNTHETIC INDUSTRY,1,2,120,251540,1,0,2,1,0,14,4,3,0,0,0,0,0,,1/1/2024,2023
8708,SYNTHETIC SITE 02707,102707,,SYNTHETIC COMPANY 02707,1 Example Way,Nowhere,ZZ,00000,4841,2017,SYNTHETIC INDUSTRY,1,2,62,109819,1,0,1,0,2,7,0,3,0,0,0,0,0,,1/1/2024,2023
8709,SYNTHETIC SITE 02708,102708,,SYNTHETIC COMPANY 02708,1 Example Way,Nowhere,ZZ,00000,4841,2017,SYNTHETIC INDUSTRY,1,2,151,306528,1,0,0,0,2,0,0,2,0,0,0,0,0,,1/1/2024,2023
8710,SYNTHETIC SITE 02709,102709,,SYNTHETIC COMPANY 02709,1 Example Way,Nowhere,ZZ,00000,6221,2017,SYNTHETIC INDUSTRY,1,2,19,40560,2,0,0,0,0,0,0,0,0,0,0,0,0,,1/1/2024,2023
8711,SYNTHETIC SITE 02710,102710,,SYNTHETIC COMPANY 02710,1 Example Way,Nowhere,ZZ,00000,3251,2017,SYNTHETIC INDUSTRY,1,2,135,305608,1,0,2,0,4,14,0,6,0,0,0,0,0,,1/1/2024,2023
8712,SYNTHETIC SITE 02711,102711,,SYNTHETIC COMPANY 02711,1 Example Way,Nowhere,ZZ,00000,4451,2017,SYNTHETIC INDUSTRY,1,2,510,1174191,1,0,9,9,10,63,36,28,0,0,0,0,0,,1/1/2024,2023
8713,SYNTHETIC SITE 02712,102712,,SYNTHETIC COMPANY 02712,1 Example Way,Nowhere,ZZ,00000,3252,2017,SYNTHETIC INDUSTRY,1,2,15,31156,1,0,1,0,0,7,0,1,0,0,0,0,0,,1/1/2024,2023
8714,SYNTHETIC SITE 02713,102713,,SYNTHETIC COMPANY 02713,1 Example Way,Nowhere,ZZ,00000,3115,2017,SYNTHETIC INDUSTRY,1,2,17,30900,2,0,0,0,0,0,0,0,0,0,0,0,0,,1/1/2024,2023
8715,SYNTHETIC SITE 02714,102714,,SYNTHETIC COMPANY 02714,1 Example Way,Nowhere,ZZ,00000,3328,2017,SYNTHETIC INDUSTRY,1,2,18,39755,1,0,1,0,0,7,0,1,0,0,0,0,0,,1/1/2024,2023
8716,SYNTHETIC SITE 02715,102715,,SYNTHETIC COMPANY 02715,1 Example Way,Nowhere,ZZ,00000,6221,2017,SYNTHETIC INDUSTRY,1,2,37,72109,1,0,1,1,1,7,4,3,0,0,0,0,0,,1/1/2024,2023
8717,SYNTHETIC SITE 02716,102716,,SYNTHETIC COMPANY 02716,1 Example Way,Nowhere,ZZ,00000,3328,2017,SYNTHETIC INDUSTRY,1,2,129,275572,1,0,0,1,1,0,4,2,0,0,0,0,0,,1/1/2024,2023
8718,SYNTHETIC SITE 02717,102717,,SYNTHETIC COMPANY 02717,1 Example Way,Nowhere,ZZ,00000,4451,2017,SYNTHETIC INDUSTRY,1,2,34,72525,2,0,0,0,0,0,0,0,0,0,0,0,0,,1/1/2024,2023
8719,SYNTHETIC SITE 02718,102718,,SYNTHETIC COMPANY 02718,1 Example Way,Nowhere,ZZ,00000,4451,2017,SYNTHETIC INDUSTRY,1,2,130,267044,2,0,0,0,0,0,0,0,0,0,0,0,0,,1/1/2024,2023
8720,SYNTHETIC SITE 02719,102719,,SYNTHETIC COMPANY 02719,1 Example Way,Nowhere,ZZ,00000,3252,2017,SYNTHETIC INDUSTRY,1,2,13,22419,2,0,0,0,0,0,0,0,0,0,0,0,0,,1/1/2024,2023
8721,SYNTHETIC SITE 02720,102720,,SYNTHETIC COMPANY 02720,1 Example Way,Nowhere,ZZ,00000,3115,2017,SYNTHETIC INDUSTRY,1,2,34,63896,2,0,0,0,0,0,0,0,0,0,0,0,0,,1/1/2024,2023
8722,SYNTHETIC SITE 02721,102721,,SYNTHETIC COMPANY 02721,1 Example Way,Nowhere,ZZ,00000,2361,2017,SYNTHETIC INDUSTRY,1,2,43,73609,1,0,0,1,0,0,4,1,0,0,0,0,0,,1/1/2024,2023
8723,SYNTHETIC SITE 02722,102722,,SYNTHETIC COMPANY 02722,1 Example Way,Nowhere,ZZ,00000,4451,2017,SYNTHETIC INDUSTRY,1,2,76,178642,1,0,1,1,3,7,4,5,0,0,0,0,0,,1/1/2024,2023
8724,SYNTHETIC SITE 02723,102723,,SYNTHETIC COMPANY 02723,1 Example Way,Nowhere,ZZ,00000,2361,2017,SYNTHETIC INDUSTRY,1,2,129,248052,1,0,0,0,1,0,0,1,0,0,0,0,0,,1/1/2024,2023
8725,SYNTHETIC SITE 02724,102724,,SYNTHETIC COMPANY 02724,1 Example Way,Nowhere,ZZ,00000,4451,2017,SYNTHETIC INDUSTRY,1,2,6,11593,2,0,0,0,0,0,0,0,0,0,0,0,0,,1/1/2024,2023
8726,SYNTHETIC SITE 02725,102725,,SYNTHETIC COMPANY 02725,1 Example Way,Nowhere,ZZ,00000,6221,2017,SYNTHETIC INDUSTRY,1,2,26,42628,2,0,0,0,0,0,0,0,0,0,0,0,0,,1/1/2024,2023
8727,SYNTHETIC SITE 02726,102726,,SYNTHETIC COMPANY 02726,1 Example Way,Nowhere,ZZ,00000,2361,2017,SYNTHETIC INDUSTRY,1,2,2,3846,2,0,0,0,0,0,0,0,0,0,0,0,0,,1/1/2024,2023
8728,SYNTHETIC SITE 02727,102727,,SYNTHETIC COMPANY 02727,1 Example Way,Nowhere,ZZ,00000,4451,2017,SYNTHETIC INDUSTRY,1,2,50,83630,2,0,0,0,0,0,0,0,0,0,0,0,0,,1/1/2024,2023
8729,SYNTHETIC SITE 02728,102728,,SYNTHETIC COMPANY 02728,1 Example Way,Nowhere,ZZ,00000,4841,2017,SYNTHETIC INDUSTRY,1,2,75,140868000,1,0,0,0,1,0,0,1,0,0,0,0,0,,1/1/2024,2023
8730,SYNTHETIC SITE 02729,102729,,SYNTHETIC COMPANY 02729,1 Example Way,Nowhere,ZZ,00000,3252,2017,SYNTHETIC INDUSTRY,1,2,31,52143,2,0,0,0,0,0,0,0,0,0,0,0,0,,1/1/2024,2023
8731,SYNTHETIC SITE 02730,102730,,SYNTHETIC COMPANY 02730,1 Example Way,Nowhere,ZZ,00000,4451,2017,SYNTHETIC INDUSTRY,1,2,40,80377,2,0,0,0,0,0,0,0,0,0,0,0,0,,1/1/2024,2023
8732,SYNTHETIC SITE 02731,102731,,SYNTHETIC COMPANY 02731,1 Example Way,Nowhere,ZZ,00000,3252,2017,SYNTHETIC INDUSTRY,1,2,256,519407,1,0,1,2,0,7,8,3,0,0,0,0,0,,1/1/2024,2023
8733,SYNTHETIC SITE 02732,102732,,SYNTHETIC COMPANY 02732,1 Example Way,Nowhere,ZZ,00000,2361,2017,SYNTHETIC INDUSTRY,1,2,114,189267,2,0,0,0,0,0,0,0,0,0,0,0,0,,1/1/2024,2023
8734,SYNTHETIC SITE 02733,102733,,SYNTHETIC COMPANY 02733,1 Example Way,Nowhere,ZZ,00000,2361,2017,SYNTHETIC INDUSTRY,1,2,30,47239,1,0,1,0,0,7,0,1,0,0,0,0,0,,1/1/2024,2023
8735,SYNTHETIC SITE 02734,102734,,SYNTHETIC COMPANY 02734,1 Example Way,Nowhere,ZZ,00000,4451,2017,SYNTHETIC INDUSTRY,1,2,133,270227,1,0,1,0,2,7,0,3,0,0,0,0,0,,1/1/2024,2023
8736,SYNTHETIC SITE 02735,102735,,SYNTHETIC COMPANY 02735,1 Example Way,Nowhere,ZZ,00000,3115,2017,SYNTHETIC INDUSTRY,1,2,34,49717,1,0,1,1,0,7,4,2,0,0,0,0,0,,1/1/2024,2023
8737,SYNTHETIC SITE 02736,102736,,SYNTHETIC COMPANY 02736,1 Example Way,Nowhere,ZZ,00000,6221,2017,SYNTHETIC INDUSTRY,1,2,92,149693,1,0,0,2,2,0,8,4,0,0,0,0,0,,1/1/2024,2023
8738,SYNTHETIC SITE 02737,102737,,SYNTHETIC COMPANY 02737,1 Example Way,Nowhere,ZZ,00000,4841,2017,SYNTHETIC INDUSTRY,1,2,36,62410,1,0,0,0,1,0,0,1,0,0,0,0,0,,1/1/2024,2023
8739,SYNTHETIC SITE 02738,102738,,SYNTHETIC COMPANY 02738,1 Example Way,Nowhere,ZZ,00000,3252,2017,SYNTHETIC INDUSTRY,1,2,22,46013,1,0,0,1,0,0,4,1,0,0,0,0,0,,1/1/2024,2023
8740,SYNTHETIC SITE 02739,102739,,SYNTHETIC COMPANY 02739,1 Example Way,Nowhere,ZZ,00000,3328,2017,SYNTHETIC INDUSTRY,1,2,116,234137,1,0,1,0,3,7,0,4,0,0,0,0,0,,1/1/2024,2023
8741,SYNTHETIC SITE 02740,102740,,SYNTHETIC COMPANY 02740,1 Example Way,Nowhere,ZZ,00000,4841,2017,SYNTHETIC INDUSTRY,1,2,30,52536,1,0,0,1,0,0,4,1,0,0,0,0,0,,1/1/2024,2023
8742,SYNTHETIC SITE 02741,102741,,SYNTHETIC COMPANY 02741,1 Example Way,Nowhere,ZZ,00000,3251,2017,SYNTHETIC INDUSTRY,1,2,221,408903,1,0,1,0,0,7,0,1,0,0,0,0,0,,1/1/2024,2023
8743,SYNTHETIC SITE 02742,102742,,SYNTHETIC COMPANY 02742,1 Example Way,Nowhere,ZZ,00000,3251,2017,SYNTHETIC INDUSTRY,1,2,142,311992,1,0,0,0,1,0,0,1,0,0,0,0,0,,1/1/2024,2023
8744,SYNTHETIC SITE 02743,102743,,SYNTHETIC COMPANY 02743,1 Example Way,Nowhere,ZZ,00000,2361,2017,SYNTHETIC INDUSTRY,1,2,21,40841,2,0,0,0,0,0,0,0,0,0,0,0,0,,1/1/2024,2023
8745,SYNTHETIC SITE 02744,102744,,SYNTHETIC COMPANY 02744,1 Example Way,Nowhere,ZZ,00000,6221,2017,SYNTHETIC INDUSTRY,1,2,16,30099,2,0,0,0,0,0,0,0,0,0,0,0,0,,1/1/2024,2023
8746,SYNTHETIC SITE 02745,102745,,SYNTHETIC COMPANY 02745,1 Example Way,Nowhere,ZZ,00000,3115,2017,SYNTHETIC INDUSTRY,1,2,53,104287,2,0,0,0,0,0,0,0,0,0,0,0,0,,1/1/2024,2023
8747,SYNTHETIC SITE 02746,102746,,SYNTHETIC COMPANY 02746,1 Example Way,Nowhere,ZZ,00000,2361,2017,SYNTHETIC INDUSTRY,1,2,13,24017,2,0,0,0,0,0,0,0,0,0,0,0,0,,1/1/2024,2023
8748,SYNTHETIC SITE 02747,102747,,SYNTHETIC COMPANY 02747,1 Example Way,Nowhere,ZZ,00000,4841,2017,SYNTHETIC INDUSTRY,1,2,38,68868,2,0,0,0,0,0,0,0,0,0,0,0,0,,1/1/2024,2023
8749,SYNTHETIC SITE 02748,102748,,SYNTHETIC COMPANY 02748,1 Example Way,Nowhere,ZZ,00000,4451,2017,SYNTHETIC INDUSTRY,1,2,99,189932,2,0,0,0,0,0,0,0,0,0,0,0,0,,1/1/2024,2023
8750,SYNTHETIC SITE 02749,102749,,SYNTHETIC COMPANY 02749,1 Example Way,Nowhere,ZZ,00000,4451,2017,SYNTHETIC INDUSTRY,1,2,41,70988,2,0,0,0,0,0,0,0,0,0,0,0,0,,1/1/2024,2023
8751,SYNTHETIC SITE 02750,102750,,SYNTHETIC COMPANY 02750,1 Example Way,Nowhere,ZZ,00000,4841,2017,SYNTHETIC INDUSTRY,1,2,58,108377,1,0,1,1,1,7,4,3,0,0,0,0,0,,1/1/2024,2023
8752,SYNTHETIC SITE 02751,102751,,SYNTHETIC COMPANY 02751,1 Example Way,Nowhere,ZZ,00000,3251,2017,SYNTHETIC INDUSTRY,1,2,71,156102,2,0,0,0,0,0,0,0,0,0,0,0,0,,1/1/2024,2023
8753,SYNTHETIC SITE 02752,102752,,SYNTHETIC COMPANY 02752,1 Example Way,Nowhere,ZZ,00000,3115,2017,SYNTHETIC INDUSTRY,1,2,564,1006168,1,0,20,9,27,140,36,56,0,0,0,0,0,,1/1/2024,2023
8754,SYNTHETIC SITE 02753,102753,,SYNTHETIC COMPANY 02753,1 Example Way,Nowhere,ZZ,00000,4451,2017,SYNTHETIC INDUSTRY,1,2,15,28302,2,0,0,0,0,0,0,0,0,0,0,0,0,,1/1/2024,2023
8755,SYNTHETIC SITE 02754,102754,,SYNTHETIC COMPANY 02754,1 Example Way,Nowhere,ZZ,00000,3252,2017,SYNTHETIC INDUSTRY,1,2,22,36224,2,0,0,0,0,0,0,0,0,0,0,0,0,,1/1/2024,2023
8756,SYNTHETIC SITE 02755,102755,,SYNTHETIC COMPANY 02755,1 Example Way,Nowhere,ZZ,00000,4451,2017,SYNTHETIC INDUSTRY,1,2,34,55837,1,0,0,1,0,0,4,1,0,0,0,0,0,,1/1/2024,2023
8757,SYNTHETIC SITE 02756,102756,,SYNTHETIC COMPANY 02756,1 Example Way,Nowhere,ZZ,00000,6221,2017,SYNTHETIC INDUSTRY,1,2,27,49818,2,0,0,0,0,0,0,0,0,0,0,0,0,,1/1/2024,2023
8758,SYNTHETIC SITE 02757,102757,,SYNTHETIC COMPANY 02757,1 Example Way,Nowhere,ZZ,00000,3251,2017,SYNTHETIC INDUSTRY,1,2,84,137878,2,0,0,0,0,0,0,0,0,0,0,0,0,,1/1/2024,2023
8759,SYNTHETIC SITE 02758,102758,,SYNTHETIC COMPANY 02758,1 Example Way,Nowhere,ZZ,00000,4451,2017,SYNTHETIC INDUSTRY,1,2,41,91298,2,0,0,0,0,0,0,0,0,0,0,0,0,,1/1/2024,2023
8760,SYNTHETIC SITE 02759,102759,,SYNTHETIC COMPANY 02759,1 Example Way,Nowhere,ZZ,00000,3251,2017,SYNTHETIC INDUSTRY,1,2,104,175506,2,0,0,0,0,0,0,0,0,0,0,0,0,,1/1/2024,2023
8761,SYNTHETIC SITE 02760,102760,,SYNTHETIC COMPANY 02760,1 Example Way,Nowhere,ZZ,00000,3252,2017,SYNTHETIC INDUSTRY,1,2,12,21671,2,0,0,0,0,0,0,0,0,0,0,0,0,,1/1/2024,2023
8762,SYNTHETIC SITE 02761,102761,,SYNTHETIC COMPANY 02761,1 Example Way,Nowhere,ZZ,00000,3115,2017,SYNTHETIC INDUSTRY,1,2,39,63375,1,0,0,0,4,0,0,4,0,0,0,0,0,,1/1/2024,2023
8763,SYNTHETIC SITE 02762,102762,,SYNTHETIC COMPANY 02762,1 Example Way,Nowhere,ZZ,00000,6221,2017,SYNTHETIC INDUSTRY,1,2,19,37923,2,0,0,0,0,0,0,0,0,0,0,0,0,,1/1/2024,2023
8764,SYNTHETIC SITE 02763,102763,,SYNTHETIC COMPANY 02763,1 Example Way,Nowhere,ZZ,00000,6221,2017,SYNTHETIC INDUSTRY,1,2,77,117443,1,0,5,4,0,35,16,9,0,0,0,0,0,,1/1/2024,2023
8765,SYNTHETIC SITE 02764,102764,,SYNTHETIC COMPANY 02764,1 Example Way,Nowhere,ZZ,00000,3252,2017,SYNTHETIC INDUSTRY,1,2,33,47477,1,0,0,0,1,0,0,1,0,0,0,0,0,,1/1/2024,2023
8766,SYNTHETIC SITE 02765,102765,,SYNTHETIC COMPANY 02765,1 Example Way,Nowhere,ZZ,00000,4451,2017,SYNTHETIC INDUSTRY,1,2,31,67084,2,0,0,0,0,0,0,0,0,0,0,0,0,,1/1/2024,2023
8767,SYNTHETIC SITE 02766,102766,,SYNTHETIC COMPANY 02766,1 Example Way,Nowhere,ZZ,00000,6221,2017,SYNTHETIC INDUSTRY,1,2,78,194823,2,0,0,0,0,0,0,0,0,0,0,0,0,,1/1/2024,2023
8768,SYNTHETIC SITE 02767,102767,,SYNTHETIC COMPANY 02767,1 Example Way,Nowhere,ZZ,00000,3252,2017,SYNTHETIC INDUSTRY,1,2,30,52369,1,0,1,0,1,7,0,2,0,0,0,0,0,,1/1/2024,2023
8769,SYNTHETIC SITE 02768,102768,,SYNTHETIC COMPANY 02768,1 Example Way,Nowhere,ZZ,00000,3251,2017,SYNTHETIC INDUSTRY,1,2,51,80835,1,0,1,1,0,7,4,2,0,0,0,0,0,,1/1/2024,2023
8770,SYNTHETIC SITE 02769,102769,,SYNTHETIC COMPANY 02769,1 Example Way,Nowhere,ZZ,00000,4451,2017,SYNTHETIC INDUSTRY,1,2,83,206429,1,0,0,1,1,0,4,2,0,0,0,0,0,,1/1/2024,2023
8771,SYNTHETIC SITE 02770,102770,,SYNTHETIC COMPANY 02770,1 Example Way,Nowhere,ZZ,00000,4841,2017,SYNTHETIC INDUSTRY,1,2,26,53694,2,0,0,0,0,0,0,0,0,0,0,0,0,,1/1/2024,2023
8772,SYNTHETIC SITE 02771,102771,,SYNTHETIC COMPANY 02771,1 Example Way,Nowhere,ZZ,00000,3328,2017,SYNTHETIC INDUSTRY,1,2,14,26303,2,0,0,0,0,0,0,0,0,0,0,0,0,,1/1/2024,2023
8773,SYNTHETIC SITE 02772,102772,,SYNTHETIC COMPANY 02772,1 Example Way,Nowhere,ZZ,00000,4841,2017,SYNTHETIC INDUSTRY,1,2,1401,2912493,1,0,87,42,91,609,168,220,0,0,0,0,0,,1/1/2024,2023
8774,SYNTHETIC SITE 02773,102773,,SYNTHETIC COMPANY 02773,1 Example Way,Nowhere,ZZ,00000,3115,2017,SYNTHETIC INDUSTRY,1,2,54,103615,1,0,0,0,1,0,0,1,0,0,0,0,0,,1/1/2024,2023
8775,SYNTHETIC SITE 02774,102774,,SYNTHETIC COMPANY 02774,1 Example Way,Nowhere,ZZ,00000,6221,2017,SYNTHETIC INDUSTRY,1,2,673,1239133,1,0,7,8,6,49,32,21,0,0,0,0,0,,1/1/2024,2023
8776,SYNTHETIC SITE 02775,102775,,SYNTHETIC COMPANY 02775,1 Example Way,Nowhere,ZZ,00000,3328,2017,SYNTHETIC INDUSTRY,1,2,75,152914,1,0,0,1,4,0,4,5,0,0,0,0,0,,1/1/2024,2023
8777,SYNTHETIC SITE 02776,102776,,SYNTHETIC COMPANY 02776,1 Example Way,Nowhere,ZZ,00000,3328,2017,SYNTHETIC INDUSTRY,1,2,20,33763,1,0,1,0,0,7,0,1,0,0,0,0,0,,1/1/2024,2023
8778,SYNTHETIC SITE 02777,102777,,SYNTHETIC COMPANY 02777,1 Example Way,Nowhere,ZZ,00000,4841,2017,SYNTHETIC INDUSTRY,1,2,129,260653,2,0,0,0,0,0,0,0,0,0,0,0,0,,1/1/2024,2023
8779,SYNTHETIC SITE 02778,102778,,SYNTHETIC COMPANY 02778,1 Example Way,Nowhere,ZZ,00000,3115,2017,SYNTHETIC INDUSTRY,1,2,167,304870,1,0,2,4,1,14,16,7,0,0,0,0,0,,1/1/2024,2023
8780,SYNTHETIC SITE 02779,102779,,SYNTHETIC COMPANY 02779,1 Example Way,Nowhere,ZZ,00000,3115,2017,SYNTHETIC INDUSTRY,1,2,214,374627,1,0,1,4,5,7,16,10,0,0,0,0,0,,1/1/2024,2023
8781,SYNTHETIC SITE 02780,102780,,SYNTHETIC COMPANY 02780,1 Example Way,Nowhere,ZZ,00000,6221,2017,SYNTHETIC INDUSTRY,1,2,187,314044,1,0,0,0,2,0,0,2,0,0,0,0,0,,1/1/2024,2023
8782,SYNTHETIC SITE 02781,102781,,SYNTHETIC COMPANY 02781,1 Example Way,Nowhere,ZZ,00000,3252,2017,SYNTHETIC INDUSTRY,1,2,38,67476,2,0,0,0,0,0,0,0,0,0,0,0,0,,1/1/2024,2023
8783,SYNTHETIC SITE 02782,102782,,SYNTHETIC COMPANY 02782,1 Example Way,Nowhere,ZZ,00000,3251,2017,SYNTHETIC INDUSTRY,1,2,6,12528,2,0,0,0,0,0,0,0,0,0,0,0,0,,1/1/2024,2023
8784,SYNTHETIC SITE 02783,102783,,SYNTHETIC COMPANY 02783,1 Example Way,Nowhere,ZZ,00000,3252,2017,SYNTHETIC INDUSTRY,1,2,74,134563,1,0,1,0,0,7,0,1,0,0,0,0,0,,1/1/2024,2023
8785,SYNTHETIC SITE 02784,102784,,SYNTHETIC COMPANY 02784,1 Example Way,Nowhere,ZZ,00000,3115,2017,SYNTHETIC INDUSTRY,1,2,34,71584,1,0,0,1,0,0,4,1,0,0,0,0,0,,1/1/2024,2023
8786,SYNTHETIC SITE 02785,102785,,SYNTHETIC COMPANY 02785,1 Example Way,Nowhere,ZZ,00000,4451,2017,SYNTHETIC INDUSTRY,1,2,56,100472,1,0,2,0,0,14,0,2,0,0,0,0,0,,1/1/2024,2023
8787,SYNTHETIC SITE 02786,102786,,SYNTHETIC COMPANY 02786,1 Example Way,Nowhere,ZZ,00000,3115,2017,SYNTHETIC INDUSTRY,1,2,179,296187,1,0,1,0,2,7,0,3,0,0,0,0,0,,1/1/2024,2023
8788,SYNTHETIC SITE 02787,102787,,SYNTHETIC COMPANY 02787,1 Example Way,Nowhere,ZZ,00000,3328,2017,SYNTHETIC INDUSTRY,1,2,7,10440,2,0,0,0,0,0,0,0,0,0,0,0,0,,1/1/2024,2023
8789,SYNTHETIC SITE 02788,102788,,SYNTHETIC COMPANY 02788,1 Example Way,Nowhere,ZZ,00000,4841,2017,SYNTHETIC INDUSTRY,1,2,10,20553,2,0,0,0,0,0,0,0,0,0,0,0,0,,1/1/2024,2023
8790,SYNTHETIC SITE 02789,102789,,SYNTHETIC COMPANY 02789,1 Example Way,Nowhere,ZZ,00000,4841,2017,SYNTHETIC INDUSTRY,1,2,15,22547,2,0,0,0,0,0,0,0,0,0,0,0,0,,1/1/2024,2023
8791,SYNTHETIC SITE 02790,102790,,SYNTHETIC COMPANY 02790,1 Example Way,Nowhere,ZZ,00000,4451,2017,SYNTHETIC INDUSTRY,1,2,73,155696,1,0,0,0,1,0,0,1,0,0,0,0,0,,1/1/2024,2023
8792,SYNTHETIC SITE 02791,102791,,SYNTHETIC COMPANY 02791,1 Example Way,Nowhere,ZZ,00000,4841,2017,SYNTHETIC INDUSTRY,1,2,78,184359,1,0,1,2,4,7,8,7,0,0,0,0,0,,1/1/2024,2023
8793,SYNTHETIC SITE 02792,102792,,SYNTHETIC COMPANY 02792,1 Example Way,Nowhere,ZZ,00000,3252,2017,SYNTHETIC INDUSTRY,1,2,152,272038,2,0,0,0,0,0,0,0,0,0,0,0,0,,1/1/2024,2023
8794,SYNTHETIC SITE 02793,102793,,SYNTHETIC COMPANY 02793,1 Example Way,Nowhere,ZZ,00000,3328,2017,SYNTHETIC INDUSTRY,1,2,51,95225,2,0,0,0,0,0,0,0,0,0,0,0,0,,1/1/2024,2023
8795,SYNTHETIC SITE 02794,102794,,SYNTHETIC COMPANY 02794,1 Example Way,Nowhere,ZZ,00000,4451,2017,SYNTHETIC INDUSTRY,1,2,173,350885,2,0,0,0,0,0,0,0,0,0,0,0,0,,1/1/2024,2023
8796,SYNTHETIC SITE 02795,102795,,SYNTHETIC COMPANY 02795,1 Example Way,Nowhere,ZZ,00000,3328,2017,SYNTHETIC INDUSTRY,1,2,128,192010,2,0,0,0,0,0,0,0,0,0,0,0,0,,1/1/2024,2023
8797,SYNTHETIC SITE 02796,102796,,SYNTHETIC COMPANY 02796,1 Example Way,Nowhere,ZZ,00000,4841,2017,SYNTHETIC INDUSTRY,1,2,31,55488,1,0,1,0,3,7,0,4,0,0,0,0,0,,1/1/2024,2023
8798,SYNTHETIC SITE 02797,102797,,SYNTHETIC COMPANY 02797,1 Example Way,Nowhere,ZZ,00000,4841,2017,SYNTHETIC INDUSTRY,1,2,87,168781,1,0,3,0,2,21,0,5,0,0,0,0,0,,1/1/2024,2023
8799,SYNTHETIC SITE 02798,102798,,SYNTHETIC COMPANY 02798,1 Example Way,Nowhere,ZZ,00000,6221,2017,SYNTHETIC INDUSTRY,1,2,27,40024,2,0,0,0,0,0,0,0,0,0,0,0,0,,1/1/2024,2023
8800,SYNTHETIC SITE 02799,102799,,SYNTHETIC COMPANY 02799,1 Example Way,Nowhere,ZZ,00000,3115,2017,SYNTHETIC INDUSTRY,1,2,8,12193,2,0,0,0,0,0,0,0,0,0,0,0,0,,1/1/2024,2023
8801,SYNTHETIC SITE 02800,102800,,SYNTHETIC COMPANY 02800,1 Example Way,Nowhere,ZZ,00000,3252,2017,SYNTHETIC INDUSTRY,1,2,20,38574,2,0,0,0,0,0,0,0,0,0,0,0,0,,1/1/2024,2023
8802,SYNTHETIC SITE 02801,102801,,SYNTHETIC COMPANY 02801,1 Example Way,Nowhere,ZZ,00000,6221,2017,SYNTHETIC INDUSTRY,1,2,20,39304,1,0,2,1,1,14,4,4,0,0,0,0,0,,1/1/2024,2023
8803,SYNTHETIC SITE 02802,102802,,SYNTHETIC COMPANY 02802,1 Example Way,Nowhere,ZZ,00000,6221,2017,SYNTHETIC INDUSTRY,1,2,101,140344,1,0,3,0,2,21,0,5,0,0,0,0,0,,1/1/2024,2023
8804,SYNTHETIC SITE 02803,102803,,SYNTHETIC COMPANY 02803,1 Example Way,Nowhere,ZZ,00000,3252,2017,SYNTHETIC INDUSTRY,1,2,145,227821,1,0,0,1,2,0,4,3,0,0,0,0,0,,1/1/2024,2023
8805,SYNTHETIC SITE 02804,102804,,SYNTHETIC COMPANY 02804,1 Example Way,Nowhere,ZZ,00000,3251,2017,SYNTHETIC INDUSTRY,1,2,115,163817,2,0,0,0,0,0,0,0,0,0,0,0,0,,1/1/2024,2023
8806,SYNTHETIC SITE 02805,102805,,SYNTHETIC COMPANY 02805,1 Example Way,Nowhere,ZZ,00000,4451,2017,SYNTHETIC INDUSTRY,1,2,360,633136,2,0,0,0,0,0,0,0,0,0,0,0,0,,1/1/2024,2023
8807,SYNTHETIC SITE 02806,102806,,SYNTHETIC COMPANY 02806,1 Example Way,Nowhere,ZZ,00000,4451,2017,SYNTHETIC INDUSTRY,1,2,33,56625,2,0,0,0,0,0,0,0,0,0,0,0,0,,1/1/2024,2023
8808,SYNTHETIC SITE 02807,102807,,SYNTHETIC COMPANY 02807,1 Example Way,Nowhere,ZZ,00000,3251,2017,SYNTHETIC INDUSTRY,1,2,2,4857,2,0,0,0,0,0,0,0,0,0,0,0,0,,1/1/2024,2023
8809,SYNTHETIC SITE 02808,102808,,SYNTHETIC COMPANY 02808,1 Example Way,Nowhere,ZZ,00000,3328,2017,SYNTHETIC INDUSTRY,1,2,14,27782,2,0,0,0,0,0,0,0,0,0,0,0,0,,1/1/2024,2023
8810,SYNTHETIC SITE 02809,102809,,SYNTHETIC COMPANY 02809,1 Example Way,Nowhere,ZZ,00000,3328,2017,SYNTHETIC INDUSTRY,1,2,50,109038,1,0,0,1,0,0,4,1,0,0,0,0,0,,1/1/2024,2023
8811,SYNTHETIC SITE 02810,102810,,SYNTHETIC COMPANY 02810,1 Example Way,Nowhere,ZZ,00000,3252,2017,SYNTHETIC INDUSTRY,1,2,19,31907,2,0,0,0,0,0,0,0,0,0,0,0,0,,1/1/2024,2023
8812,SYNTHETIC SITE 02811,102811,,SYNTHETIC COMPANY 02811,1 Example Way,Nowhere,ZZ,00000,4451,2017,SYNTHETIC INDUSTRY,1,2,4,6168,2,0,0,0,0,0,0,0,0,0,0,0,0,,1/1/2024,2023
8813,SYNTHETIC SITE 02812,102812,,SYNTHETIC COMPANY 02812,1 Example Way,Nowhere,ZZ,00000,3328,2017,SYNTHETIC INDUSTRY,1,2,67,129951,2,0,0,0,0,0,0,0,0,0,0,0,0,,1/1/2024,2023
8814,SYNTHETIC SITE 02813,102813,,SYNTHETIC COMPANY 02813,1 Example Way,Nowhere,ZZ,00000,4841,2017,SYNTHETIC INDUSTRY,1,2,203,342725,2,0,0,0,0,0,0,0,0,0,0,0,0,,1/1/2024,2023
8815,SYNTHETIC SITE 02814,102814,,SYNTHETIC COMPANY 02814,1 Example Way,Nowhere,ZZ,00000,6221,2017,SYNTHETIC INDUSTRY,1,2,13,28029,2,0,0,0,0,0,0,0,0,0,0,0,0,,1/1/2024,2023
8816,SYNTHETIC SITE 02815,102815,,SYNTHETIC COMPANY 02815,1 Example Way,Nowhere,ZZ,00000,3328,2017,SYNTHETIC INDUSTRY,1,2,51,111871,1,0,3,1,5,21,4,9,0,0,0,0,0,,1/1/2024,2023
8817,SYNTHETIC SITE 02816,102816,,SYNTHETIC COMPANY 02816,1 Example Way,Nowhere,ZZ,00000,3115,2017,SYNTHETIC INDUSTRY,1,2,13,24728,2,0,0,0,0,0,0,0,0,0,0,0,0,,1/1/2024,2023
8818,SYNTHETIC SITE 02817,102817,,SYNTHETIC COMPANY 02817,1 Example Way,Nowhere,ZZ,00000,3115,2017,SYNTHETIC INDUSTRY,1,2,53,126857,1,0,1,1,1,7,4,3,0,0,0,0,0,,1/1/2024,2023
8819,SYNTHETIC SITE 02818,102818,,SYNTHETIC COMPANY 02818,1 Example Way,Nowhere,ZZ,00000,3252,2017,SYNTHETIC INDUSTRY,1,2,119,201908,1,0,1,1,4,7,4,6,0,0,0,0,0,,1/1/2024,2023
8820,SYNTHETIC SITE 02819,102819,,SYNTHETIC COMPANY 02819,1 Example Way,Nowhere,ZZ,00000,2361,2017,SYNTHETIC INDUSTRY,1,2,22,42206,1,0,0,1,0,0,4,1,0,0,0,0,0,,1/1/2024,2023
8821,SYNTHETIC SITE 02820,102820,,SYNTHETIC COMPANY 02820,1 Example Way,Nowhere,ZZ,00000,3115,2017,SYNTHETIC INDUSTRY,1,2,24,49123,2,0,0,0,0,0,0,0,0,0,0,0,0,,1/1/2024,2023
8822,SYNTHETIC SITE 02821,102821,,SYNTHETIC COMPANY 02821,1 Example Way,Nowhere,ZZ,00000,3251,2017,SYNTHETIC INDUSTRY,1,2,66,110508,1,0,2,3,3,14,12,8,0,0,0,0,0,,1/1/2024,2023
8823,SYNTHETIC SITE 02822,102822,,SYNTHETIC COMPANY 02822,1 Example Way,Nowhere,ZZ,00000,3251,2017,SYNTHETIC INDUSTRY,1,2,39,63294,2,0,0,0,0,0,0,0,0,0,0,0,0,,1/1/2024,2023
8824,SYNTHETIC SITE 02823,102823,,SYNTHETIC COMPANY 02823,1 Example Way,Nowhere,ZZ,00000,3328,2017,SYNTHETIC INDUSTRY,1,2,85,189261,1,0,2,2,1,14,8,5,0,0,0,0,0,,1/1/2024,2023
8825,SYNTHETIC SITE 02824,102824,,SYNTHETIC COMPANY 02824,1 Example Way,Nowhere,ZZ,00000,3328,2017,SYNTHETIC INDUSTRY,1,2,14,26031,2,0,0,0,0,0,0,0,0,0,0,0,0,,1/1/2024,2023
8826,SYNTHETIC SITE 02825,102825,,SYNTHETIC COMPANY 02825,1 Example Way,Nowhere,ZZ,00000,3252,2017,SYNTHETIC INDUSTRY,1,2,134,308658,1,0,2,5,4,14,20,11,0,0,0,0,0,,1/1/2024,2023
8827,SYNTHETIC SITE 02826,102826,,SYNTHETIC COMPANY 02826,1 Example Way,Nowhere,ZZ,00000,2361,2017,SYNTHETIC INDUSTRY,1,2,41,83742,2,0,0,0,0,0,0,0,0,0,0,0,0,,1/1/2024,2023
8828,SYNTHETIC SITE 02827,102827,,SYNTHETIC COMPANY 02827,1 Example Way,Nowhere,ZZ,00000,3251,2017,SYNTHETIC INDUSTRY,1,2,75,139628,1,0,0,1,0,0,4,1,0,0,0,0,0,,1/1/2024,2023
8829,SYNTHETIC SITE 02828,102828,,SYNTHETIC COMPANY 02828,1 Example Way,Nowhere,ZZ,00000,3251,2017,SYNTHETIC INDUSTRY,1,2,31,48955,2,0,0,0,0,0,0,0,0,0,0,0,0,,1/1/2024,2023
8830,SYNTHETIC SITE 02829,102829,,SYNTHETIC COMPANY 02829,1 Example Way,Nowhere,ZZ,00000,3328,2017,SYNTHETIC INDUSTRY,1,2,218,344500,1,0,1,3,2,7,12,6,0,0,0,0,0,,1/1/2024,2023
8831,SYNTHETIC SITE 02830,102830,,SYNTHETIC COMPANY 02830,1 Example Way,Nowhere,ZZ,00000,3251,2017,SYNTHETIC INDUSTRY,1,2,92,163526,2,0,0,0,0,0,0,0,0,0,0,0,0,,1/1/2024,2023
8832,SYNTHETIC SITE 02831,102831,,SYNTHETIC COMPANY 02831,1 Example Way,Nowhere,ZZ,00000,3252,2017,SYNTHETIC INDUSTRY,1,2,131,220864,1,0,0,1,1,0,4,2,0,0,0,0,0,,1/1/2024,2023
8833,SYNTHETIC SITE 02832,102832,,SYNTHETIC COMPANY 02832,1 Example Way,Nowhere,ZZ,00000,3328,2017,SYNTHETIC INDUSTRY,1,2,18,34149,2,0,0,0,0,0,0,0,0,0,0,0,0,,1/1/2024,2023
8834,SYNTHETIC SITE 02833,102833,,SYNTHETIC COMPANY 02833,1 Example Way,Nowhere,ZZ,00000,3328,2017,SYNTHETIC INDUSTRY,1,2,433,792982,1,0,1,0,4,7,0,5,0,0,0,0,0,,1/1/2024,2023
8835,SYNTHETIC SITE 02834,102834,,SYNTHETIC COMPANY 02834,1 Example Way,Nowhere,ZZ,00000,3115,2017,SYNTHETIC INDUSTRY,1,2,12,20616,2,0,0,0,0,0,0,0,0,0,0,0,0,,1/1/2024,2023
8836,SYNTHETIC SITE 02835,102835,,SYNTHETIC COMPANY 02835,1 Example Way,Nowhere,ZZ,00000,4841,2017,SYNTHETIC INDUSTRY,1,2,90,201453,1,0,1,1,1,7,4,3,0,0,0,0,0,,1/1/2024,2023
8837,SYNTHETIC SITE 02836,102836,,SYNTHETIC COMPANY 02836,1 Example Way,Nowhere,ZZ,00000,2361,2017,SYNTHETIC INDUSTRY,1,2,13,25600,2,0,0,0,0,0,0,0,0,0,0,0,0,,1/1/2024,2023
8838,SYNTHETIC SITE 02837,102837,,SYNTHETIC COMPANY 02837,1 Example Way,Nowhere,ZZ,00000,6221,2017,SYNTHETIC INDUSTRY,1,2,82,167010,2,0,0,0,0,0,0,0,0,0,0,0,0,,1/1/2024,2023
8839,SYNTHETIC SITE 02838,102838,,SYNTHETIC COMPANY 02838,1 Example Way,Nowhere,ZZ,00000,4841,2017,SYNTHETIC INDUSTRY,1,2,43,91136,1,0,1,0,3,7,0,4,0,0,0,0,0,,1/1/2024,2023
8840,SYNTHETIC SITE 02839,102839,,SYNTHETIC COMPANY 02839,1 Example Way,Nowhere,ZZ,00000,3115,2017,SYNTHETIC INDUSTRY,1,2,1389,2788810,1,0,2,3,2,14,12,7,0,0,0,0,0,,1/1/2024,2023
8841,SYNTHETIC SITE 02840,102840,,SYNTHETIC COMPANY 02840,1 Example Way,Nowhere,ZZ,00000,2361,2017,SYNTHETIC INDUSTRY,1,2,24,47119,2,0,0,0,0,0,0,0,0,0,0,0,0,,1/1/2024,2023
8842,SYNTHETIC SITE 02841,102841,,SYNTHETIC COMPANY 02841,1 Example Way,Nowhere,ZZ,00000,4451,2017,SYNTHETIC INDUSTRY,1,2,74,162948,1,0,4,0,1,28,0,5,0,0,0,0,0,,1/1/2024,2023
8843,SYNTHETIC SITE 02842,102842,,SYNTHETIC COMPANY 02842,1 Example Way,Nowhere,ZZ,00000,3252,2017,SYNTHETIC INDUSTRY,1,2,14,31495,1,0,1,0,1,7,0,2,0,0,0,0,0,,1/1/2024,2023
8844,SYNTHETIC SITE 02843,102843,,SYNTHETIC COMPANY 02843,1 Example Way,Nowhere,ZZ,00000,3252,2017,SYNTHETIC INDUSTRY,1,2,109,210195,1,0,1,1,0,7,4,2,0,0,0,0,0,,1/1/2024,2023
8845,SYNTHETIC SITE 02844,102844,,SYNTHETIC COMPANY 02844,1 Example Way,Nowhere,ZZ,00000,4841,2017,SYNTHETIC INDUSTRY,1,2,51,99745,1,0,4,3,3,28,12,10,0,0,0,0,0,,1/1/2024,2023
8846,SYNTHETIC SITE 02845,102845,,SYNTHETIC COMPANY 02845,1 Example Way,Nowhere,ZZ,00000,6221,2017,SYNTHETIC INDUSTRY,1,2,6,10406,2,0,0,0,0,0,0,0,0,0,0,0,0,,1/1/2024,2023
8847,SYNTHETIC SITE 02846,102846,,SYNTHETIC COMPANY 02846,1 Example Way,Nowhere,ZZ,00000,3251,2017,SYNTHETIC INDUSTRY,1,2,165,2573470,1,0,2,0,0,14,0,2,0,0,0,0,0,,1/1/2024,2023
8848,SYNTHETIC SITE 02847,102847,,SYNTHETIC COMPANY 02847,1 Example Way,Nowhere,ZZ,00000,2361,2017,SYNTHETIC INDUSTRY,1,2,15,27433,2,0,0,0,0,0,0,0,0,0,0,0,0,,1/1/2024,2023
8849,SYNTHETIC SITE 02848,102848,,SYNTHETIC COMPANY 02848,1 Example Way,Nowhere,ZZ,00000,2361,2017,SYNTHETIC INDUSTRY,1,2,23,4045900,1,0,0,3,1,0,12,4,0,0,0,0,0,,1/1/2024,2023
8850,SYNTHETIC SITE 02849,102849,,SYNTHETIC COMPANY 02849,1 Example Way,Nowhere,ZZ,00000,6221,2017,SYNTHETIC INDUSTRY,1,2,457,910287,1,0,2,1,2,14,4,5,0,0,0,0,0,,1/1/2024,2023
8851,SYNTHETIC SITE 02850,102850,,SYNTHETIC COMPANY 02850,1 Example Way,Nowhere,ZZ,00000,3251,2017,SYNTHETIC INDUSTRY,1,2,25,55254,2,0,0,0,0,0,0,0,0,0,0,0,0,,1/1/2024,2023
8852,SYNTHETIC SITE 02851,102851,,SYNTHETIC COMPANY 02851,1 Example Way,Nowhere,ZZ,00000,6221,2017,SYNTHETIC INDUSTRY,1,2,17,26574,2,0,0,0,0,0,0,0,0,0,0,0,0,,1/1/2024,2023
8853,SYNTHETIC SITE 02852,102852,,SYNTHETIC COMPANY 02852,1 Example Way,Nowhere,ZZ,00000,6221,2017,SYNTHETIC INDUSTRY,1,2,36,61341,2,0,0,0,0,0,0,0,0,0,0,0,0,,1/1/2024,2023
8854,SYNTHETIC SITE 02853,102853,,SYNTHETIC COMPANY 02853,1 Example Way,Nowhere,ZZ,00000,4841,2017,SYNTHETIC INDUSTRY,1,2,59,125916,2,0,0,0,0,0,0,0,0,0,0,0,0,,1/1/2024,2023
8855,SYNTHETIC SITE 02854,102854,,SYNTHETIC COMPANY 02854,1 Example Way,Nowhere,ZZ,00000,6221,2017,SYNTHETIC INDUSTRY,1,2,36,63441,2,0,0,0,0,0,0,0,0,0,0,0,0,,1/1/2024,2023
8856,SYNTHETIC SITE 02855,102855,,SYNTHETIC COMPANY 02855,1 Example Way,Nowhere,ZZ,00000,3251,2017,SYNTHETIC INDUSTRY,1,2,77,177106,1,0,0,2,2,0,8,4,0,0,0,0,0,,1/1/2024,2023
8857,SYNTHETIC SITE 02856,102856,,SYNTHETIC COMPANY 02856,1 Example Way,Nowhere,ZZ,00000,3251,2017,SYNTHETIC INDUSTRY,1,2,18,36654,2,0,0,0,0,0,0,0,0,0,0,0,0,,1/1/2024,2023
8858,SYNTHETIC SITE 02857,102857,,SYNTHETIC COMPANY 02857,1 Example Way,Nowhere,ZZ,00000,3115,2017,SYNTHETIC INDUSTRY,1,2,5,1040600,2,0,0,0,0,0,0,0,0,0,0,0,0,,1/1/2024,2023
8859,SYNTHETIC SITE 02858,102858,,SYNTHETIC COMPANY 02858,1 Example Way,Nowhere,ZZ,00000,3115,2017,SYNTHETIC INDUSTRY,1,2,221,295100,2,0,0,0,0,0,0,0,0,0,0,0,0,,1/1/2024,2023
8860,SYNTHETIC SITE 02859,102859,,SYNTHETIC COMPANY 02859,1 Example Way,Nowhere,ZZ,00000,3328,2017,SYNTHETIC INDUSTRY,1,2,83,154331,2,0,0,0,0,0,0,0,0,0,0,0,0,,1/1/2024,2023
8861,SYNTHETIC SITE 02860,102860,,SYNTHETIC COMPANY 02860,1 Example Way,Nowhere,ZZ,00000,4841,2017,SYNTHETIC INDUSTRY,1,2,9,12341,2,0,0,0,0,0,0,0,0,0,0,0,0,,1/1/2024,2023
8862,SYNTHETIC SITE 02861,102861,,SYNTHETIC COMPANY 02861,1 Example Way,Nowhere,ZZ,00000,2361,2017,SYNTHETIC INDUSTRY,1,2,238,444206,1,0,4,0,2,28,0,6,0,0,0,0,0,,1/1/2024,2023
8863,SYNTHETIC SITE 02862,102862,,SYNTHETIC COMPANY 02862,1 Example Way,Nowhere,ZZ,00000,2361,2017,SYNTHETIC INDUSTRY,1,2,26,51939,2,0,0,0,0,0,0,0,0,0,0,0,0,,1/1/2024,2023
8864,SYNTHETIC SITE 02863,102863,,SYNTHETIC COMPANY 02863,1 Example Way,Nowhere,ZZ,00000,3115,2017,SYNTHETIC INDUSTRY,1,2,174,301540,1,0,13,14,10,91,56,37,0,0,0,0,0,,1/1/2024,2023
8865,SYNTHETIC SITE 02864,102864,,SYNTHETIC COMPANY 02864,1 Example Way,Nowhere,ZZ,00000,3251,2017,SYNTHETIC INDUSTRY,1,2,8,14511,2,0,0,0,0,0,0,0,0,0,0,0,0,,1/1/2024,2023
8866,SYNTHETIC SITE 02865,102865,,SYNTHETIC COMPANY 02865,1 Example Way,Nowhere,ZZ,00000,3252,2017,SYNTHETIC INDUSTRY,1,2,21,43061,2,0,0,0,0,0,0,0,0,0,0,0,0,,1/1/2024,2023
8867,SYNTHETIC SITE 02866,102866,,SYNTHETIC COMPANY 02866,1 Example Way,Nowhere,ZZ,00000,3251,2017,SYNTHETIC INDUSTRY,1,2,71,157287,1,0,1,0,0,7,0,1,0,0,0,0,0,,1/1/2024,2023
8868,SYNTHETIC SITE 02867,102867,,SYNTHETIC COMPANY 02867,1 Example Way,Nowhere,ZZ,00000,2361,2017,SYNTHETIC INDUSTRY,1,2,156,277970,1,0,0,0,4,0,0,4,0,0,0,0,0,,1/1/2024,2023
8869,SYNTHETIC SITE 02868,102868,,SYNTHETIC COMPANY 02868,1 Example Way,Nowhere,ZZ,00000,3328,2017,SYNTHETIC INDUSTRY,1,2,10,21085,2,0,0,0,0,0,0,0,0,0,0,0,0,,1/1/2024,2023
8870,SYNTHETIC SITE 02869,102869,,SYNTHETIC COMPANY 02869,1 Example Way,Nowhere,ZZ,00000,3251,2017,SYNTHETIC INDUSTRY,1,2,52,70455,2,0,0,0,0,0,0,0,0,0,0,0,0,,1/1/2024,2023
8871,SYNTHETIC SITE 02870,102870,,SYNTHETIC COMPANY 02870,1 Example Way,Nowhere,ZZ,00000,4451,2017,SYNTHETIC INDUSTRY,1,2,36,58759,2,0,0,0,0,0,0,0,0,0,0,0,0,,1/1/2024,2023
8872,SYNTHETIC SITE 02871,102871,,SYNTHETIC COMPANY 02871,1 Example Way,Nowhere,ZZ,00000,3251,2017,SYNTHETIC INDUSTRY,1,2,34,75099,2,0,0,0,0,0,0,0,0,0,0,0,0,,1/1/2024,2023
8873,SYNTHETIC SITE 02872,102872,,SYNTHETIC COMPANY 02872,1 Example Way,Nowhere,ZZ,00000,3251,2017,SYNTHETIC INDUSTRY,1,2,9,14982,1,0,0,0,1,0,0,1,0,0,0,0,0,,1/1/2024,2023
8874,SYNTHETIC SITE 02873,102873,,SYNTHETIC COMPANY 02873,1 Example Way,Nowhere,ZZ,00000,3251,2017,SYNTHETIC INDUSTRY,1,2,289,596774,2,0,0,0,0,0,0,0,0,0,0,0,0,,1/1/2024,2023
8875,SYNTHETIC SITE 02874,102874,,SYNTHETIC COMPANY 02874,1 Example Way,Nowhere,ZZ,00000,3252,2017,SYNTHETIC INDUSTRY,1,2,104,220062,2,0,0,0,0,0,0,0,0,0,0,0,0,,1/1/2024,2023
8876,SYNTHETIC SITE 02875,102875,,SYNTHETIC COMPANY 02875,1 Example Way,Nowhere,ZZ,00000,2361,2017,SYNTHETIC INDUSTRY,1,2,73,144441,2,0,0,0,0,0,0,0,0,0,0,0,0,,1/1/2024,2023
8877,SYNTHETIC SITE 02876,102876,,SYNTHETIC COMPANY 02876,1 Example Way,Nowhere,ZZ,00000,3252,2017,SYNTHETIC INDUSTRY,1,2,202,411265,1,0,0,1,2,0,4,3,0,0,0,0,0,,1/1/2024,2023
8878,SYNTHETIC SITE 02877,102877,,SYNTHETIC COMPANY 02877,1 Example Way,Nowhere,ZZ,00000,3115,2017,SYNTHETIC INDUSTRY,1,2,26,49416,1,0,1,4,1,7,16,6,0,0,0,0,0,,1/1/2024,2023
8879,SYNTHETIC SITE 02878,102878,,SYNTHETIC COMPANY 02878,1 Example Way,Nowhere,ZZ,00000,4451,2017,SYNTHETIC INDUSTRY,1,2,115,235404,2,0,0,0,0,0,0,0,0,0,0,0,0,,1/1/2024,2023
8880,SYNTHETIC SITE 02879,102879,,SYNTHETIC COMPANY 02879,1 Example Way,Nowhere,ZZ,00000,4451,2017,SYNTHETIC INDUSTRY,1,2,51,103451,1,0,0,0,1,0,0,1,0,0,0,0,0,,1/1/2024,2023
8881,SYNTHETIC SITE 02880,102880,,SYNTHETIC COMPANY 02880,1 Example Way,Nowhere,ZZ,00000,3251,2017,SYNTHETIC INDUSTRY,1,2,166,283835,1,0,1,0,2,7,0,3,0,0,0,0,0,,1/1/2024,2023
8882,SYNTHETIC SITE 02881,102881,,SYNTHETIC COMPANY 02881,1 Example Way,Nowhere,ZZ,00000,6221,2017,SYNTHETIC INDUSTRY,1,2,36,67774,1,0,1,0,0,7,0,1,0,0,0,0,0,,1/1/2024,2023
8883,SYNTHETIC SITE 02882,102882,,SYNTHETIC COMPANY 02882,1 Example Way,Nowhere,ZZ,00000,4451,2017,SYNTHETIC INDUSTRY,1,2,29,50895,1,0,0,1,2,0,4,3,0,0,0,0,0,,1/1/2024,2023
8884,SYNTHETIC SITE 02883,102883,,SYNTHETIC COMPANY 02883,1 Example Way,Nowhere,ZZ,00000,4451,2017,SYNTHETIC INDUSTRY,1,2,14,27756,2,0,0,0,0,0,0,0,0,0,0,0,0,,1/1/2024,2023
8885,SYNTHETIC SITE 02884,102884,,SYNTHETIC COMPANY 02884,1 Example Way,Nowhere,ZZ,00000,2361,2017,SYNTHETIC INDUSTRY,1,2,12,20263,1,0,1,0,0,7,0,1,0,0,0,0,0,,1/1/2024,2023
8886,SYNTHETIC SITE 02885,102885,,SYNTHETIC COMPANY 02885,1 Example Way,Nowhere,ZZ,00000,2361,2017,SYNTHETIC INDUSTRY,1,2,14,22335,2,0,0,0,0,0,0,0,0,0,0,0,0,,1/1/2024,2023
8887,SYNTHETIC SITE 02886,102886,,SYNTHETIC COMPANY 02886,1 Example Way,Nowhere,ZZ,00000,3252,2017,SYNTHETIC INDUSTRY,1,2,23,50285,2,0,0,0,0,0,0,0,0,0,0,0,0,,1/1/2024,2023
8888,SYNTHETIC SITE 02887,102887,,SYNTHETIC COMPANY 02887,1 Example Way,Nowhere,ZZ,00000,3328,2017,SYNTHETIC INDUSTRY,1,2,21,35304,1,0,1,0,1,7,0,2,0,0,0,0,0,,1/1/2024,2023
8889,SYNTHETIC SITE 02888,102888,,SYNTHETIC COMPANY 02888,1 Example Way,Nowhere,ZZ,00000,3252,2017,SYNTHETIC INDUSTRY,1,2,114,224908,2,0,0,0,0,0,0,0,0,0,0,0,0,,1/1/2024,2023
8890,SYNTHETIC SITE 02889,102889,,SYNTHETIC COMPANY 02889,1 Example Way,Nowhere,ZZ,00000,6221,2017,SYNTHETIC INDUSTRY,1,2,4,6135,2,0,0,0,0,0,0,0,0,0,0,0,0,,1/1/2024,2023
8891,SYNTHETIC SITE 02890,102890,,SYNTHETIC COMPANY 02890,1 Example Way,Nowhere,ZZ,00000,3251,2017,SYNTHETIC INDUSTRY,1,2,22,45875,2,0,0,0,0,0,0,0,0,0,0,0,0,,1/1/2024,2023
8892,SYNTHETIC SITE 02891,102891,,SYNTHETIC COMPANY 02891,1 Example Way,Nowhere,ZZ,00000,6221,2017,SYNTHETIC INDUSTRY,1,2,20,41780,2,0,0,0,0,0,0,0,0,0,0,0,0,,1/1/2024,2023
8893,SYNTHETIC SITE 02892,102892,,SYNTHETIC COMPANY 02892,1 Example Way,Nowhere,ZZ,00000,4841,2017,SYNTHETIC INDUSTRY,1,2,222,387102,1,0,2,1,4,14,4,7,0,0,0,0,0,,1/1/2024,2023
8894,SYNTHETIC SITE 02893,102893,,SYNTHETIC COMPANY 02893,1 Example Way,Nowhere,ZZ,00000,3252,2017,SYNTHETIC INDUSTRY,1,2,28,48564,2,0,0,0,0,0,0,0,0,0,0,0,0,,1/1/2024,2023
8895,SYNTHETIC SITE 02894,102894,,SYNTHETIC COMPANY 02894,1 Example Way,Nowhere,ZZ,00000,3251,2017,SYNTHETIC INDUSTRY,1,2,25,4792600,1,0,1,0,0,7,0,1,0,0,0,0,0,,1/1/2024,2023
8896,SYNTHETIC SITE 02895,102895,,SYNTHETIC COMPANY 02895,1 Example Way,Nowhere,ZZ,00000,3251,2017,SYNTHETIC INDUSTRY,1,2,8,18096,2,0,0,0,0,0,0,0,0,0,0,0,0,,1/1/2024,2023
8897,SYNTHETIC SITE 02896,102896,,SYNTHETIC COMPANY 02896,1 Example Way,Nowhere,ZZ,00000,3251,2017,SYNTHETIC INDUSTRY,1,2,23,36839,1,0,0,0,2,0,0,2,0,0,0,0,0,,1/1/2024,2023
8898,SYNTHETIC SITE 02897,102897,,SYNTHETIC COMPANY 02897,1 Example Way,Nowhere,ZZ,00000,3115,2017,SYNTHETIC INDUSTRY,1,2,130,282858,1,0,5,2,8,35,8,15,0,0,0,0,0,,1/1/2024,2023
8899,SYNTHETIC SITE 02898,102898,,SYNTHETIC COMPANY 02898,1 Example Way,Nowhere,ZZ,00000,4451,2017,SYNTHETIC INDUSTRY,1,2,126,209196,1,0,2,1,4,14,4,7,0,0,0,0,0,,1/1/2024,2023
8900,SYNTHETIC SITE 02899,102899,,SYNTHETIC COMPANY 02899,1 Example Way,Nowhere,ZZ,00000,4841,2017,SYNTHETIC INDUSTRY,1,2,7,12059,2,0,0,0,0,0,0,0,0,0,0,0,0,,1/1/2024,2023
8901,SYNTHETIC SITE 02900,102900,,SYNTHETIC COMPANY 02900,1 Example Way,Nowhere,ZZ,00000,6221,2017,SYNTHETIC INDUSTRY,1,2,16,24045,2,0,0,0,0,0,0,0,0,0,0,0,0,,1/1/2024,2023
8902,SYNTHETIC SITE 02901,102901,,SYNTHETIC COMPANY 02901,1 Example Way,Nowhere,ZZ,00000,4841,2017,SYNTHETIC INDUSTRY,1,2,108,195261,1,0,1,0,3,7,0,4,0,0,0,0,0,,1/1/2024,2023
8903,SYNTHETIC SITE 02902,102902,,SYNTHETIC COMPANY 02902,1 Example Way,Nowhere,ZZ,00000,3251,2017,SYNTHETIC INDUSTRY,1,2,8,13370,2,0,0,0,0,0,0,0,0,0,0,0,0,,1/1/2024,2023
8904,SYNTHETIC SITE 02903,102903,,SYNTHETIC COMPANY 02903,1 Example Way,Nowhere,ZZ,00000,4841,2017,SYNTHETIC INDUSTRY,1,2,4,8712,1,0,1,1,0,7,4,2,0,0,0,0,0,,1/1/2024,2023
8905,SYNTHETIC SITE 02904,102904,,SYNTHETIC COMPANY 02904,1 Example Way,Nowhere,ZZ,00000,2361,2017,SYNTHETIC INDUSTRY,1,2,130,198485,1,0,2,2,2,14,8,6,0,0,0,0,0,,1/1/2024,2023
8906,SYNTHETIC SITE 02905,102905,,SYNTHETIC COMPANY 02905,1 Example Way,Nowhere,ZZ,00000,3328,2017,SYNTHETIC INDUSTRY,1,2,117,199756,2,0,0,0,0,0,0,0,0,0,0,0,0,,1/1/2024,2023
8907,SYNTHETIC SITE 02906,102906,,SYNTHETIC COMPANY 02906,1 Example Way,Nowhere,ZZ,00000,3251,2017,SYNTHETIC INDUSTRY,1,2,5,9111,2,0,0,0,0,0,0,0,0,0,0,0,0,,1/1/2024,2023
8908,SYNTHETIC SITE 02907,102907,,SYNTHETIC COMPANY 02907,1 Example Way,Nowhere,ZZ,00000,2361,2017,SYNTHETIC INDUSTRY,1,2,10,18563,2,0,0,0,0,0,0,0,0,0,0,0,0,,1/1/2024,2023
8909,SYNTHETIC SITE 02908,102908,,SYNTHETIC COMPANY 02908,1 Example Way,Nowhere,ZZ,00000,4841,2017,SYNTHETIC INDUSTRY,1,2,9,12506,2,0,0,0,0,0,0,0,0,0,0,0,0,,1/1/2024,2023
8910,SYNTHETIC SITE 02909,102909,,SYNTHETIC COMPANY 02909,1 Example Way,Nowhere,ZZ,00000,3328,2017,SYNTHETIC INDUSTRY,1,2,30,61248,2,0,0,0,0,0,0,0,0,0,0,0,0,,1/1/2024,2023
8911,SYNTHETIC SITE 02910,102910,,SYNTHETIC COMPANY 02910,1 Example Way,Nowhere,ZZ,00000,4841,2017,SYNTHETIC INDUSTRY,1,2,301,659646,2,0,0,0,0,0,0,0,0,0,0,0,0,,1/1/2024,2023
8912,SYNTHETIC SITE 02911,102911,,SYNTHETIC COMPANY 02911,1 Example Way,Nowhere,ZZ,00000,6221,2017,SYNTHETIC INDUSTRY,1,2,15,26405,2,0,0,0,0,0,0,0,0,0,0,0,0,,1/1/2024,2023
8913,SYNTHETIC SITE 02912,102912,,SYNTHETIC COMPANY 02912,1 Example Way,Nowhere,ZZ,00000,3115,2017,SYNTHETIC INDUSTRY,1,2,194,345902,2,0,0,0,0,0,0,0,0,0,0,0,0,,1/1/2024,2023
8914,SYNTHETIC SITE 02913,102913,,SYNTHETIC COMPANY 02913,1 Example Way,Nowhere,ZZ,00000,4841,2017,SYNTHETIC INDUSTRY,1,2,446,757357,1,0,2,4,9,14,16,15,0,0,0,0,0,,1/1/2024,2023
8915,SYNTHETIC SITE 02914,102914,,SYNTHETIC COMPANY 02914,1 Example Way,Nowhere,ZZ,00000,4451,2017,SYNTHETIC INDUSTRY,1,2,23,41878,2,0,0,0,0,0,0,0,0,0,0,0,0,,1/1/2024,2023
8916,SYNTHETIC SITE 02915,102915,,SYNTHETIC COMPANY 02915,1 Example Way,Nowhere,ZZ,00000,2361,2017,SYNTHETIC INDUSTRY,1,2,68,94602,1,0,0,0,1,0,0,1,0,0,0,0,0,,1/1/2024,2023
8917,SYNTHETIC SITE 02916,102916,,SYNTHETIC COMPANY 02916,1 Example Way,Nowhere,ZZ,00000,3115,2017,SYNTHETIC INDUSTRY,1,2,68,120251,2,0,0,0,0,0,0,0,0,0,0,0,0,,1/1/2024,2023
8918,SYNTHETIC SITE 02917,102917,,SYNTHETIC COMPANY 02917,1 Example Way,Nowhere,ZZ,00000,3328,2017,SYNTHETIC INDUSTRY,1,2,107,197505,1,0,0,1,0,0,4,1,0,0,0,0,0,,1/1/2024,2023
8919,SYNTHETIC SITE 02918,102918,,SYNTHETIC COMPANY 02918,1 Example Way,Nowhere,ZZ,00000,3252,2017,SYNTHETIC INDUSTRY,1,2,36,85926,2,0,0,0,0,0,0,0,0,0,0,0,0,,1/1/2024,2023
8920,SYNTHETIC SITE 02919,102919,,SYNTHETIC COMPANY 02919,1 Example Way,Nowhere,ZZ,00000,3252,2017,SYNTHETIC INDUSTRY,1,2,22,33195,2,0,0,0,0,0,0,0,0,0,0,0,0,,1/1/2024,2023
8921,SYNTHETIC SITE 02920,102920,,SYNTHETIC COMPANY 02920,1 Example Way,Nowhere,ZZ,00000,6221,2017,SYNTHETIC INDUSTRY,1,2,101,193997,2,0,0,0,0,0,0,0,0,0,0,0,0,,1/1/2024,2023
8922,SYNTHETIC SITE 02921,102921,,SYNTHETIC COMPANY 02921,1 Example Way,Nowhere,ZZ,00000,3328,2017,SYNTHETIC INDUSTRY,1,2,128,205118,1,0,3,0,1,21,0,4,0,0,0,0,0,,1/1/2024,2023
8923,SYNTHETIC SITE 02922,102922,,SYNTHETIC COMPANY 02922,1 Example Way,Nowhere,ZZ,00000,4451,2017,SYNTHETIC INDUSTRY,1,2,248,409316,1,0,3,2,5,21,8,10,0,0,0,0,0,,1/1/2024,2023
8924,SYNTHETIC SITE 02923,102923,,SYNTHETIC COMPANY 02923,1 Example Way,Nowhere,ZZ,00000,4841,2017,SYNTHETIC INDUSTRY,1,2,9,15157,2,0,0,0,0,0,0,0,0,0,0,0,0,,1/1/2024,2023
8925,SYNTHETIC SITE 02924,102924,,SYNTHETIC COMPANY 02924,1 Example Way,Nowhere,ZZ,00000,2361,2017,SYNTHETIC INDUSTRY,1,2,73,150974,1,0,1,0,3,7,0,4,0,0,0,0,0,,1/1/2024,2023
8926,SYNTHETIC SITE 02925,102925,,SYNTHETIC COMPANY 02925,1 Example Way,Nowhere,ZZ,00000,3252,2017,SYNTHETIC INDUSTRY,1,2,13,23529,2,0,0,0,0,0,0,0,0,0,0,0,0,,1/1/2024,2023
8927,SYNTHETIC SITE 02926,102926,,SYNTHETIC COMPANY 02926,1 Example Way,Nowhere,ZZ,00000,3328,2017,SYNTHETIC INDUSTRY,1,2,78,140352,1,0,0,0,1,0,0,1,0,0,0,0,0,,1/1/2024,2023
8928,SYNTHETIC SITE 02927,102927,,SYNTHETIC COMPANY 02927,1 Example Way,Nowhere,ZZ,00000,3251,2017,SYNTHETIC INDUSTRY,1,2,51,92450,1,0,1,0,0,7,0,1,0,0,0,0,0,,1/1/2024,2023
8929,SYNTHETIC SITE 02928,102928,,SYNTHETIC COMPANY 02928,1 Example Way,Nowhere,ZZ,00000,3251,2017,SYNTHETIC INDUSTRY,1,2,126,237648,1,0,6,1,3,42,4,10,0,0,0,0,0,,1/1/2024,2023
8930,SYNTHETIC SITE 02929,102929,,SYNTHETIC COMPANY 02929,1 Example Way,Nowhere,ZZ,00000,6221,2017,SYNTHETIC INDUSTRY,1,2,165,294526,1,0,1,5,7,7,20,13,0,0,0,0,0,,1/1/2024,2023
8931,SYNTHETIC SITE 02930,102930,,SYNTHETIC COMPANY 02930,1 Example Way,Nowhere,ZZ,00000,3252,2017,SYNTHETIC INDUSTRY,1,2,155,313409,1,0,3,1,7,21,4,11,0,0,0,0,0,,1/1/2024,2023
8932,SYNTHETIC SITE 02931,102931,,SYNTHETIC COMPANY 02931,1 Example Way,Nowhere,ZZ,00000,4841,2017,SYNTHETIC INDUSTRY,1,2,23,41656,2,0,0,0,0,0,0,0,0,0,0,0,0,,1/1/2024,2023
8933,SYNTHETIC SITE 02932,102932,,SYNTHETIC COMPANY 02932,1 Example Way,Nowhere,ZZ,00000,3115,2017,SYNTHETIC INDUSTRY,1,2,15,25582,2,0,0,0,0,0,0,0,0,0,0,0,0,,1/1/2024,2023
8934,SYNTHETIC SITE 02933,102933,,SYNTHETIC COMPANY 02933,1 Example Way,Nowhere,ZZ,00000,4841,2017,SYNTHETIC INDUSTRY,1,2,182,342983,2,0,0,0,0,0,0,0,0,0,0,0,0,,1/1/2024,2023
8935,SYNTHETIC SITE 02934,102934,,SYNTHETIC COMPANY 02934,1 Example Way,Nowhere,ZZ,00000,3251,2017,SYNTHETIC INDUSTRY,1,2,55,102032,1,0,6,1,0,42,4,7,0,0,0,0,0,,1/1/2024,2023
8936,SYNTHETIC SITE 02935,102935,,SYNTHETIC COMPANY 02935,1 Example Way,Nowhere,ZZ,00000,2361,2017,SYNTHETIC INDUSTRY,1,2,115,232152,2,0,0,0,0,0,0,0,0,0,0,0,0,,1/1/2024,2023
8937,SYNTHETIC SITE 02936,102936,,SYNTHETIC COMPANY 02936,1 Example Way,Nowhere,ZZ,00000,3115,2017,SYNTHETIC INDUSTRY,1,2,4,6090,2,0,0,0,0,0,0,0,0,0,0,0,0,,1/1/2024,2023
8938,SYNTHETIC SITE 02937,102937,,SYNTHETIC COMPANY 02937,1 Example Way,Nowhere,ZZ,00000,3252,2017,SYNTHETIC INDUSTRY,1,2,54,102441,2,0,0,0,0,0,0,0,0,0,0,0,0,,1/1/2024,2023
8939,SYNTHETIC SITE 02938,102938,,SYNTHETIC COMPANY 02938,1 Example Way,Nowhere,ZZ,00000,6221,2017,SYNTHETIC INDUSTRY,1,2,19,33227,2,0,0,0,0,0,0,0,0,0,0,0,0,,1/1/2024,2023
8940,SYNTHETIC SITE 02939,102939,,SYNTHETIC COMPANY 02939,1 Example Way,Nowhere,ZZ,00000,6221,2017,SYNTHETIC INDUSTRY,1,2,6,1054200,2,0,0,0,0,0,0,0,0,0,0,0,0,,1/1/2024,2023
8941,SYNTHETIC SITE 02940,102940,,SYNTHETIC COMPANY 02940,1 Example Way,Nowhere,ZZ,00000,3251,2017,SYNTHETIC INDUSTRY,1,2,22,44791,2,0,0,0,0,0,0,0,0,0,0,0,0,,1/1/2024,2023
8942,SYNTHETIC SITE 02941,102941,,SYNTHETIC COMPANY 02941,1 Example Way,Nowhere,ZZ,00000,3115,2017,SYNTHETIC INDUSTRY,1,2,407,751529,1,0,25,7,12,175,28,44,0,0,0,0,0,,1/1/2024,2023
8943,SYNTHETIC SITE 02942,102942,,SYNTHETIC COMPANY 02942,1 Example Way,Nowhere,ZZ,00000,3328,2017,SYNTHETIC INDUSTRY,1,2,14,29456,2,0,0,0,0,0,0,0,0,0,0,0,0,,1/1/2024,2023
8944,SYNTHETIC SITE 02943,102943,,SYNTHETIC COMPANY 02943,1 Example Way,Nowhere,ZZ,00000,3252,2017,SYNTHETIC INDUSTRY,1,2,26,65976,2,0,0,0,0,0,0,0,0,0,0,0,0,,1/1/2024,2023
8945,SYNTHETIC SITE 02944,102944,,SYNTHETIC COMPANY 02944,1 Example Way,Nowhere,ZZ,00000,3115,2017,SYNTHETIC INDUSTRY,1,2,573,956779,2,0,0,0,0,0,0,0,0,0,0,0,0,,1/1/2024,2023
8946,SYNTHETIC SITE 02945,102945,,SYNTHETIC COMPANY 02945,1 Example Way,Nowhere,ZZ,00000,6221,2017,SYNTHETIC INDUSTRY,1,2,46,82719,2,0,0,0,0,0,0,0,0,0,0,0,0,,1/1/2024,2023
8947,SYNTHETIC SITE 02946,102946,,SYNTHETIC COMPANY 02946,1 Example Way,Nowhere,ZZ,00000,4841,2017,SYNTHETIC INDUSTRY,1,2,7,11927,2,0,0,0,0,0,0,0,0,0,0,0,0,,1/1/2024,2023
8948,SYNTHETIC SITE 02947,102947,,SYNTHETIC COMPANY 02947,1 Example Way,Nowhere,ZZ,00000,3252,2017,SYNTHETIC INDUSTRY,1,2,73,129640,2,0,0,0,0,0,0,0,0,0,0,0,0,,1/1/2024,2023
8949,SYNTHETIC SITE 02948,102948,,SYNTHETIC COMPANY 02948,1 Example Way,Nowhere,ZZ,00000,3115,2017,SYNTHETIC INDUSTRY,1,2,123,218463,2,0,0,0,0,0,0,0,0,0,0,0,0,,1/1/2024,2023
8950,SYNTHETIC SITE 02949,102949,,SYNTHETIC COMPANY 02949,1 Example Way,Nowhere,ZZ,00000,3115,2017,SYNTHETIC INDUSTRY,1,2,42,71388,2,0,0,0,0,0,0,0,0,0,0,0,0,,1/1/2024,2023
8951,SYNTHETIC SITE 02950,102950,,SYNTHETIC COMPANY 02950,1 Example Way,Nowhere,ZZ,00000,3115,2017,SYNTHETIC INDUSTRY,1,2,2,3157,2,0,0,0,0,0,0,0,0,0,0,0,0,,1/1/2024,2023
8952,SYNTHETIC SITE 02951,102951,,SYNTHETIC COMPANY 02951,1 Example Way,Nowhere,ZZ,00000,6221,2017,SYNTHETIC INDUSTRY,1,2,11,17896,2,0,0,0,0,0,0,0,0,0,0,0,0,,1/1/2024,2023
8953,SYNTHETIC SITE 02952,102952,,SYNTHETIC COMPANY 02952,1 Example Way,Nowhere,ZZ,00000,4841,2017,SYNTHETIC INDUSTRY,1,2,13,24976,1,0,1,0,0,7,0,1,0,0,0,0,0,,1/1/2024,2023
8954,SYNTHETIC SITE 02953,102953,,SYNTHETIC COMPANY 02953,1 Example Way,Nowhere,ZZ,00000,6221,2017,SYNTHETIC INDUSTRY,1,2,57,117656,2,0,0,0,0,0,0,0,0,0,0,0,0,,1/1/2024,2023
8955,SYNTHETIC SITE 02954,102954,,SYNTHETIC COMPANY 02954,1 Example Way,Nowhere,ZZ,00000,3328,2017,SYNTHETIC INDUSTRY,1,2,46,71288,1,0,0,0,1,0,0,1,0,0,0,0,0,,1/1/2024,2023
8956,SYNTHETIC SITE 02955,102955,,SYNTHETIC COMPANY 02955,1 Example Way,Nowhere,ZZ,00000,4451,2017,SYNTHETIC INDUSTRY,1,2,31,51283,2,0,0,0,0,0,0,0,0,0,0,0,0,,1/1/2024,2023
8957,SYNTHETIC SITE 02956,102956,,SYNTHETIC COMPANY 02956,1 Example Way,Nowhere,ZZ,00000,3328,2017,SYNTHETIC INDUSTRY,1,2,34,51873,1,0,1,0,4,7,0,5,0,0,0,0,0,,1/1/2024,2023
8958,SYNTHETIC SITE 02957,102957,,SYNTHETIC COMPANY 02957,1 Example Way,Nowhere,ZZ,00000,4841,2017,SYNTHETIC INDUSTRY,1,2,7,13872,2,0,0,0,0,0,0,0,0,0,0,0,0,,1/1/2024,2023
8959,SYNTHETIC SITE 02958,102958,,SYNTHETIC COMPANY 02958,1 Example Way,Nowhere,ZZ,00000,3252,2017,SYNTHETIC INDUSTRY,1,2,20,40521,2,0,0,0,0,0,0,0,0,0,0,0,0,,1/1/2024,2023
8960,SYNTHETIC SITE 02959,102959,,SYNTHETIC COMPANY 02959,1 Example Way,Nowhere,ZZ,00000,4841,2017,SYNTHETIC INDUSTRY,1,2,43,76932,2,0,0,0,0,0,0,0,0,0,0,0,0,,1/1/2024,2023
8961,SYNTHETIC SITE 02960,102960,,SYNTHETIC COMPANY 02960,1 Example Way,Nowhere,ZZ,00000,2361,2017,SYNTHETIC INDUSTRY,1,2,27,47878,2,0,0,0,0,0,0,0,0,0,0,0,0,,1/1/2024,2023
8962,SYNTHETIC SITE 02961,102961,,SYNTHETIC COMPANY 02961,1 Example Way,Nowhere,ZZ,00000,6221,2017,SYNTHETIC INDUSTRY,1,2,95,149906,1,0,0,2,0,0,8,2,0,0,0,0,0,,1/1/2024,2023
8963,SYNTHETIC SITE 02962,102962,,SYNTHETIC COMPANY 02962,1 Example Way,Nowhere,ZZ,00000,3328,2017,SYNTHETIC INDUSTRY,1,2,37,80898,2,0,0,0,0,0,0,0,0,0,0,0,0,,1/1/2024,2023
8964,SYNTHETIC SITE 02963,102963,,SYNTHETIC COMPANY 02963,1 Example Way,Nowhere,ZZ,00000,4451,2017,SYNTHETIC INDUSTRY,1,2,69,141126,2,0,0,0,0,0,0,0,0,0,0,0,0,,1/1/2024,2023
8965,SYNTHETIC SITE 02964,102964,,SYNTHETIC COMPANY 02964,1 Example Way,Nowhere,ZZ,00000,6221,2017,SYNTHETIC INDUSTRY,1,2,22,32170,2,0,0,0,0,0,0,0,0,0,0,0,0,,1/1/2024,2023
8966,SYNTHETIC SITE 02965,102965,,SYNTHETIC COMPANY 02965,1 Example Way,Nowhere,ZZ,00000,3115,2017,SYNTHETIC INDUSTRY,1,2,24,51537,1,0,1,0,0,7,0,1,0,0,0,0,0,,1/1/2024,2023
8967,SYNTHETIC SITE 02966,102966,,SYNTHETIC COMPANY 02966,1 Example Way,Nowhere,ZZ,00000,3115,2017,SYNTHETIC INDUSTRY,1,2,209,408494,1,0,2,2,5,14,8,9,0,0,0,0,0,,1/1/2024,2023
8968,SYNTHETIC SITE 02967,102967,,SYNTHETIC COMPANY 02967,1 Example Way,Nowhere,ZZ,00000,4451,2017,SYNTHETIC INDUSTRY,1,2,132,219137,1,0,1,3,6,7,12,10,0,0,0,0,0,,1/1/2024,2023
8969,SYNTHETIC SITE 02968,102968,,SYNTHETIC COMPANY 02968,1 Example Way,Nowhere,ZZ,00000,2361,2017,SYNTHETIC INDUSTRY,1,2,28,51114,1,0,1,0,0,7,0,1,0,0,0,0,0,,1/1/2024,2023
8970,SYNTHETIC SITE 02969,102969,,SYNTHETIC COMPANY 02969,1 Example Way,Nowhere,ZZ,00000,3328,2017,SYNTHETIC INDUSTRY,1,2,17,33380,2,0,0,0,0,0,0,0,0,0,0,0,0,,1/1/2024,2023
8971,SYNTHETIC SITE 02970,102970,,SYNTHETIC COMPANY 02970,1 Example Way,Nowhere,ZZ,00000,2361,2017,SYNTHETIC INDUSTRY,1,2,7,12219,2,0,0,0,0,0,0,0,0,0,0,0,0,,1/1/2024,2023
8972,SYNTHETIC SITE 02971,102971,,SYNTHETIC COMPANY 02971,1 Example Way,Nowhere,ZZ,00000,3252,2017,SYNTHETIC INDUSTRY,1,2,78,141351,2,0,0,0,0,0,0,0,0,0,0,0,0,,1/1/2024,2023
8973,SYNTHETIC SITE 02972,102972,,SYNTHETIC COMPANY 02972,1 Example Way,Nowhere,ZZ,00000,4451,2017,SYNTHETIC INDUSTRY,1,2,29,51254,2,0,0,0,0,0,0,0,0,0,0,0,0,,1/1/2024,2023
8974,SYNTHETIC SITE 02973,102973,,SYNTHETIC COMPANY 02973,1 Example Way,Nowhere,ZZ,00000,3328,2017,SYNTHETIC INDUSTRY,1,2,59,124581,2,0,0,0,0,0,0,0,0,0,0,0,0,,1/1/2024,2023
8975,SYNTHETIC SITE 02974,102974,,SYNTHETIC COMPANY 02974,1 Example Way,Nowhere,ZZ,00000,6221,2017,SYNTHETIC INDUSTRY,1,2,7,14866,1,0,1,0,0,7,0,1,0,0,0,0,0,,1/1/2024,2023
8976,SYNTHETIC SITE 02975,102975,,SYNTHETIC COMPANY 02975,1 Example Way,Nowhere,ZZ,00000,3115,2017,SYNTHETIC INDUSTRY,1,2,55,67645,2,0,0,0,0,0,0,0,0,0,0,0,0,,1/1/2024,2023
8977,SYNTHETIC SITE 02976,102976,,SYNTHETIC COMPANY 02976,1 Example Way,Nowhere,ZZ,00000,4451,2017,SYNTHETIC INDUSTRY,1,2,71,146011,1,0,1,1,0,7,4,2,0,0,0,0,0,,1/1/2024,2023
8978,SYNTHETIC SITE 02977,102977,,SYNTHETIC COMPANY 02977,1 Example Way,Nowhere,ZZ,00000,3252,2017,SYNTHETIC INDUSTRY,1,2,6,10147,2,0,0,0,0,0,0,0,0,0,0,0,0,,1/1/2024,2023
8979,SYNTHETIC SITE 02978,102978,,SYNTHETIC COMPANY 02978,1 Example Way,Nowhere,ZZ,00000,3115,2017,SYNTHETIC INDUSTRY,1,2,15,31367,2,0,0,0,0,0,0,0,0,0,0,0,0,,1/1/2024,2023
8980,SYNTHETIC SITE 02979,102979,,SYNTHETIC COMPANY 02979,1 Example Way,Nowhere,ZZ,00000,4841,2017,SYNTHETIC INDUSTRY,1,2,104,222822,1,0,2,0,3,14,0,5,0,0,0,0,0,,1/1/2024,2023
8981,SYNTHETIC SITE 02980,102980,,SYNTHETIC COMPANY 02980,1 Example Way,Nowhere,ZZ,00000,6221,2017,SYNTHETIC INDUSTRY,1,2,149,266516,1,0,11,6,10,77,24,27,0,0,0,0,0,,1/1/2024,2023
8982,SYNTHETIC SITE 02981,102981,,SYNTHETIC COMPANY 02981,1 Example Way,Nowhere,ZZ,00000,2361,2017,SYNTHETIC INDUSTRY,1,2,104,211948,2,0,0,0,0,0,0,0,0,0,0,0,0,,1/1/2024,2023
8983,SYNTHETIC SITE 02982,102982,,SYNTHETIC COMPANY 02982,1 Example Way,Nowhere,ZZ,00000,3251,2017,SYNTHETIC INDUSTRY,1,2,133,287108,1,0,0,0,1,0,0,1,0,0,0,0,0,,1/1/2024,2023
8984,SYNTHETIC SITE 02983,102983,,SYNTHETIC COMPANY 02983,1 Example Way,Nowhere,ZZ,00000,6221,2017,SYNTHETIC INDUSTRY,1,2,381,759263,1,0,17,12,16,119,48,45,0,0,0,0,0,,1/1/2024,2023
8985,SYNTHETIC SITE 02984,102984,,SYNTHETIC COMPANY 02984,1 Example Way,Nowhere,ZZ,00000,4841,2017,SYNTHETIC INDUSTRY,1,2,25,57002,2,0,0,0,0,0,0,0,0,0,0,0,0,,1/1/2024,2023
8986,SYNTHETIC SITE 02985,102985,,SYNTHETIC COMPANY 02985,1 Example Way,Nowhere,ZZ,00000,6221,2017,SYNTHETIC INDUSTRY,1,2,19,32043,2,0,0,0,0,0,0,0,0,0,0,0,0,,1/1/2024,2023
8987,SYNTHETIC SITE 02986,102986,,SYNTHETIC COMPANY 02986,1 Example Way,Nowhere,ZZ,00000,3252,2017,SYNTHETIC INDUSTRY,1,2,32,70258,1,0,1,0,0,7,0,1,0,0,0,0,0,,1/1/2024,2023
8988,SYNTHETIC SITE 02987,102987,,SYNTHETIC COMPANY 02987,1 Example Way,Nowhere,ZZ,00000,3115,2017,SYNTHETIC INDUSTRY,1,2,36,53940,2,0,0,0,0,0,0,0,0,0,0,0,0,,1/1/2024,2023
8989,SYNTHETIC SITE 02988,102988,,SYNTHETIC COMPANY 02988,1 Example Way,Nowhere,ZZ,00000,4451,2017,SYNTHETIC INDUSTRY,1,2,54,117506,2,0,0,0,0,0,0,0,0,0,0,0,0,,1/1/2024,2023
8990,SYNTHETIC SITE 02989,102989,,SYNTHETIC COMPANY 02989,1 Example Way,Nowhere,ZZ,00000,2361,2017,SYNTHETIC INDUSTRY,1,2,118,260902,2,0,0,0,0,0,0,0,0,0,0,0,0,,1/1/2024,2023
8991,SYNTHETIC SITE 02990,102990,,SYNTHETIC COMPANY 02990,1 Example Way,Nowhere,ZZ,00000,4841,2017,SYNTHETIC INDUSTRY,1,2,22,39895,2,0,0,0,0,0,0,0,0,0,0,0,0,,1/1/2024,2023
8992,SYNTHETIC SITE 02991,102991,,SYNTHETIC COMPANY 02991,1 Example Way,Nowhere,ZZ,00000,3252,2017,SYNTHETIC INDUSTRY,1,2,18,49118,2,0,0,0,0,0,0,0,0,0,0,0,0,,1/1/2024,2023
8993,SYNTHETIC SITE 02992,102992,,SYNTHETIC COMPANY 02992,1 Example Way,Nowhere,ZZ,00000,6221,2017,SYNTHETIC INDUSTRY,1,2,5,8760,2,0,0,0,0,0,0,0,0,0,0,0,0,,1/1/2024,2023
8994,SYNTHETIC SITE 02993,102993,,SYNTHETIC COMPANY 02993,1 Example Way,Nowhere,ZZ,00000,3252,2017,SYNTHETIC INDUSTRY,1,2,509,439697,1,0,0,2,0,0,8,2,0,0,0,0,0,,1/1/2024,2023
8995,SYNTHETIC SITE 02994,102994,,SYNTHETIC COMPANY 02994,1 Example Way,Nowhere,ZZ,00000,4451,2017,SYNTHETIC INDUSTRY,1,2,35,54629,2,0,0,0,0,0,0,0,0,0,0,0,0,,1/1/2024,2023
8996,SYNTHETIC SITE 02995,102995,,SYNTHETIC COMPANY 02995,1 Example Way,Nowhere,ZZ,00000,3328,2017,SYNTHETIC INDUSTRY,1,2,14,27296,2,0,0,0,0,0,0,0,0,0,0,0,0,,1/1/2024,2023
8997,SYNTHETIC SITE 02996,102996,,SYNTHETIC COMPANY 02996,1 Example Way,Nowhere,ZZ,00000,4451,2017,SYNTHETIC INDUSTRY,1,2,90,186898,1,0,1,2,2,7,8,5,0,0,0,0,0,,1/1/2024,2023
8998,SYNTHETIC SITE 02997,102997,,SYNTHETIC COMPANY 02997,1 Example Way,Nowhere,ZZ,00000,3328,2017,SYNTHETIC INDUSTRY,1,2,361,810953,1,0,0,0,2,0,0,2,0,0,0,0,0,,1/1/2024,2023
8999,SYNTHETIC SITE 02998,102998,,SYNTHETIC COMPANY 02998,1 Example Way,Nowhere,ZZ,00000,2361,2017,SYNTHETIC INDUSTRY,1,2,30,55358,1,0,0,1,0,0,4,1,0,0,0,0,0,,1/1/2024,2023
9000,SYNTHETIC SITE 02999,102999,,SYNTHETIC COMPANY 02999,1 Example Way,Nowhere,ZZ,00000,3251,2017,SYNTHETIC INDUSTRY,1,2,189,336264,1,0,5,1,4,35,4,10,0,0,0,0,0,,1/1/2024,2023
