id,establishment_name,establishment_id,ein,company_name,street_address,city,state,zip_code,naics_code,naics_year,industry_description,establishment_type,size,annual_average_employees,total_hours_worked,no_injuries_illnesses,total_deaths,total_dafw_cases,total_djtr_cases,total_other_cases,total_dafw_days,total_djtr_days,total_injuries,total_skin_disorders,total_respiratory_conditions,total_poisonings,total_hearing_loss,total_other_illnesses,change_reason,created_timestamp,year_filing_for
9001,SYNTHETIC SITE 00000,100000,,SYNTHETIC COMPANY 00000,1 Example Way,Nowhere,ZZ,00000,6221,2017,SYNTHETIC INDUSTRY,1,2,49,90248,1,0,1,1,0,7,4,2,0,0,0,0,0,,1/1/2025,2024
9002,SYNTHETIC SITE 00001,100001,,SYNTHETIC COMPANY 00001,1 Example Way,Nowhere,ZZ,00000,3252,2017,SYNTHETIC INDUSTRY,1,2,112,190042,2,0,0,0,0,0,0,0,0,0,0,0,0,,1/1/2025,2024
9003,SYNTHETIC SITE 00002,100002,,SYNTHETIC COMPANY 00002,1 Example Way,Nowhere,ZZ,00000,4451,2017,SYNTHETIC INDUSTRY,1,2,33,57583,2,0,0,0,0,0,0,0,0,0,0,0,0,,1/1/2025,2024
9004,SYNTHETIC SITE 00003,100003,,SYNTHETIC COMPANY 00003,1 Example Way,Nowhere,ZZ,00000,3328,2017,SYNTHETIC INDUSTRY,1,2,54,100724,1,0,1,0,1,7,0,2,0,0,0,0,0,,1/1/2025,2024
9005,SYNTHETIC SITE 00004,100004,,SYNTHETIC COMPANY 00004,1 Example Way,Nowhere,ZZ,00000,6221,2017,SYNTHETIC INDUSTRY,1,2,26,55219,2,0,0,0,0,0,0,0,0,0,0,0,0,,1/1/2025,2024
9006,SYNTHETIC SITE 00005,100005,,SYNTHETIC COMPANY 00005,1 Example Way,Nowhere,ZZ,00000,4841,2017,SYNTHETIC INDUSTRY,1,2,9,18180,2,0,0,0,0,0,0,0,0,0,0,0,0,,1/1/2025,2024
9007,SYNTHETIC SITE 00006,100006,,SYNTHETIC COMPANY 00006,1 Example Way,Nowhere,ZZ,00000,4841,2017,SYNTHETIC INDUSTRY,1,2,30,55557,2,0,0,0,0,0,0,0,0,0,0,0,0,,1/1/2025,2024
9008,SYNTHETIC SITE 00007,100007,,SYNTHETIC COMPANY 00007,1 Example Way,Nowhere,ZZ,00000,3115,2017,SYNTHETIC INDUSTRY,1,2,76,162610000,1,0,2,1,1,14,4,4,0,0,0,0,0,,1/1/2025,2024
9009,SYNTHETIC SITE 00008,100008,,SYNTHETIC COMPANY 00008,1 Example Way,Nowhere,ZZ,00000,6221,2017,SYNTHETIC INDUSTRY,1,2,67,97212,1,0,0,1,0,0,4,1,0,0,0,0,0,,1/1/2025,2024
9010,SYNTHETIC SITE 00009,100009,,SYNTHETIC COMPANY 00009,1 Example Way,Nowhere,ZZ,00000,4841,2017,SYNTHETIC INDUSTRY,1,2,21,38090,2,0,0,0,0,0,0,0,0,0,0,0,0,,1/1/2025,2024
9011,SYNTHETIC SITE 00010,100010,,SYNTHETIC COMPANY 00010,1 Example Way,Nowhere,ZZ,00000,2361,2017,SYNTHETIC INDUSTRY,1,2,24,42380,2,0,0,0,0,0,0,0,0,0,0,0,0,,1/1/2025,2024
9012,SYNTHETIC SITE 00011,100011,,SYNTHETIC COMPANY 00011,1 Example Way,Nowhere,ZZ,00000,3115,2017,SYNTHETIC INDUSTRY,1,2,68,120151,2,0,0,0,0,0,0,0,0,0,0,0,0,,1/1/2025,2024
9013,SYNTHETIC SITE 00012,100012,,SYNTHETIC COMPANY 00012,1 Example Way,Nowhere,ZZ,00000,4451,2017,SYNTHETIC INDUSTRY,1,2,44,86827,1,0,0,0,1,0,0,1,0,0,0,0,0,,1/1/2025,2024
9014,SYNTHETIC SITE 00013,100013,,SYNTHETIC COMPANY 00013,1 Example Way,Nowhere,ZZ,00000,4841,2017,SYNTHETIC INDUSTRY,1,2,18,35259,2,0,0,0,0,0,0,0,0,0,0,0,0,,1/1/2025,2024
9015,SYNTHETIC SITE 00014,100014,,SYNTHETIC COMPANY 00014,1 Example Way,Nowhere,ZZ,00000,6221,2017,SYNTHETIC INDUSTRY,1,2,41,70003,2,0,0,0,0,0,0,0,0,0,0,0,0,,1/1/2025,2024
9016,SYNTHETIC SITE 00015,100015,,SYNTHETIC COMPANY 00015,1 Example Way,Nowhere,ZZ,00000,4451,2017,SYNTHETIC INDUSTRY,1,2,42,77836,2,0,0,0,0,0,0,0,0,0,0,0,0,,1/1/2025,2024
9017,SYNTHETIC SITE 00016,100016,,SYNTHETIC COMPANY 00016,1 Example Way,Nowhere,ZZ,00000,3252,2017,SYNTHETIC INDUSTRY,1,2,43,70497,2,0,0,0,0,0,0,0,0,0,0,0,0,,1/1/2025,2024
9018,SYNTHETIC SITE 00017,100017,,SYNTHETIC COMPANY 00017,1 Example Way,Nowhere,ZZ,00000,4841,2017,SYNTHETIC INDUSTRY,1,2,112,197732,1,0,2,0,0,14,0,2,0,0,0,0,0,,1/1/2025,2024
9019,SYNTHETIC SITE 00018,100018,,SYNTHETIC COMPANY 00018,1 Example Way,Nowhere,ZZ,00000,6221,2017,SYNTHETIC INDUSTRY,1,2,57,110616,1,0,2,1,2,14,4,5,0,0,0,0,0,,1/1/2025,2024
9020,SYNTHETIC SITE 00019,100019,,SYNTHETIC COMPANY 00019,1 Example Way,Nowhere,ZZ,00000,3328,2017,SYNTHETIC INDUSTRY,1,2,60,132811,1,0,0,1,1,0,4,2,0,0,0,0,0,,1/1/2025,2024
9021,SYNTHETIC SITE 00020,100020,,SYNTHETIC COMPANY 00020,1 Example Way,Nowhere,ZZ,00000,3115,2017,SYNTHETIC INDUSTRY,1,2,497,760369,2,0,0,0,0,0,0,0,0,0,0,0,0,,1/1/2025,2024
9022,SYNTHETIC SITE 00021,100021,,SYNTHETIC COMPANY 00021,1 Example Way,Nowhere,ZZ,00000,3115,2017,SYNTHETIC INDUSTRY,1,2,30,58734,2,0,0,0,0,0,0,0,0,0,0,0,0,,1/1/2025,2024
9023,SYNTHETIC SITE 00022,100022,,SYNTHETIC COMPANY 00022,1 Example Way,Nowhere,ZZ,00000,3252,2017,SYNTHETIC INDUSTRY,1,2,145,288552,1,0,1,0,0,7,0,1,0,0,0,0,0,,1/1/2025,2024
9024,SYNTHETIC SITE 00023,100023,,SYNTHETIC COMPANY 00023,1 Example Way,Nowhere,ZZ,00000,4451,2017,SYNTHETIC INDUSTRY,1,2,20,38942,2,0,0,0,0,0,0,0,0,0,0,0,0,,1/1/2025,2024
9025,SYNTHETIC SITE 00024,100024,,SYNTHETIC COMPANY 00024,1 Example Way,Nowhere,ZZ,00000,3328,2017,SYNTHETIC INDUSTRY,1,2,15,22575,2,0,0,0,0,0,0,0,0,0,0,0,0,,1/1/2025,2024
9026,SYNTHETIC SITE 00025,100025,,SYNTHETIC COMPANY 00025,1 Example Way,Nowhere,ZZ,00000,3115,2017,SYNTHETIC INDUSTRY,1,2,170,281032,2,0,0,0,0,0,0,0,0,0,0,0,0,,1/1/2025,2024
9027,SYNTHETIC SITE 00026,100026,,SYNTHETIC COMPANY 00026,1 Example Way,Nowhere,ZZ,00000,2361,2017,SYNTHETIC INDUSTRY,1,2,4,7488,2,0,0,0,0,0,0,0,0,0,0,0,0,,1/1/2025,2024
9028,SYNTHETIC SITE 00027,100027,,SYNTHETIC COMPANY 00027,1 Example Way,Nowhere,ZZ,00000,6221,2017,SYNTHETIC INDUSTRY,1,2,59,100911,2,0,0,0,0,0,0,0,0,0,0,0,0,,1/1/2025,2024
9029,SYNTHETIC SITE 00028,100028,,SYNTHETIC COMPANY 00028,1 Example Way,Nowhere,ZZ,00000,4451,2017,SYNTHETIC INDUSTRY,1,2,56,120613,1,0,0,0,2,0,0,2,0,0,0,0,0,,1/1/2025,2024
9030,SYNTHETIC SITE 00029,100029,,SYNTHETIC COMPANY 00029,1 Example Way,Nowhere,ZZ,00000,3328,2017,SYNTHETIC INDUSTRY,1,2,26,57630,2,0,0,0,0,0,0,0,0,0,0,0,0,,1/1/2025,2024
9031,SYNTHETIC SITE 00030,100030,,SYNTHETIC COMPANY 00030,1 Example Way,Nowhere,ZZ,00000,2361,2017,SYNTHETIC INDUSTRY,1,2,159,310371,2,0,0,0,0,0,0,0,0,0,0,0,0,,1/1/2025,2024
9032,SYNTHETIC SITE 00031,100031,,SYNTHETIC COMPANY 00031,1 Example Way,Nowhere,ZZ,00000,3328,2017,SYNTHETIC INDUSTRY,1,2,14,28346,2,0,0,0,0,0,0,0,0,0,0,0,0,,1/1/2025,2024
9033,SYNTHETIC SITE 00032,100032,,SYNTHETIC COMPANY 00032,1 Example Way,Nowhere,ZZ,00000,3115,2017,SYNTHETIC INDUSTRY,1,2,57,71191,2,0,0,0,0,0,0,0,0,0,0,0,0,,1/1/2025,2024
9034,SYNTHETIC SITE 00033,100033,,SYNTHETIC COMPANY 00033,1 Example Way,Nowhere,ZZ,00000,3251,2017,SYNTHETIC INDUSTRY,1,2,72,121567,2,0,0,0,0,0,0,0,0,0,0,0,0,,1/1/2025,2024
9035,SYNTHETIC SITE 00034,100034,,SYNTHETIC COMPANY 00034,1 Example Way,Nowhere,ZZ,00000,3252,2017,SYNTHETIC INDUSTRY,1,2,93,175469,2,0,0,0,0,0,0,0,0,0,0,0,0,,1/1/2025,2024
9036,SYNTHETIC SITE 00035,100035,,SYNTHETIC COMPANY 00035,1 Example Way,Nowhere,ZZ,00000,2361,2017,SYNTHETIC INDUSTRY,1,2,383,720230,1,0,7,2,3,49,8,12,0,0,0,0,0,,1/1/2025,2024
9037,SYNTHETIC SITE 00036,100036,,SYNTHETIC COMPANY 00036,1 Example Way,Nowhere,ZZ,00000,4841,2017,SYNTHETIC INDUSTRY,1,2,285,521333,2,0,0,0,0,0,0,0,0,0,0,0,0,,1/1/2025,2024
9038,SYNTHETIC SITE 00037,100037,,SYNTHETIC COMPANY 00037,1 Example Way,Nowhere,ZZ,00000,3328,2017,SYNTHETIC INDUSTRY,1,2,68,143478,2,0,0,0,0,0,0,0,0,0,0,0,0,,1/1/2025,2024
9039,SYNTHETIC SITE 00038,100038,,SYNTHETIC COMPANY 00038,1 Example Way,Nowhere,ZZ,00000,6221,2017,SYNTHETIC INDUSTRY,1,2,74,1392480,1,0,1,1,1,7,4,3,0,0,0,0,0,,1/1/2025,2024
9040,SYNTHETIC SITE 00039,100039,,SYNTHETIC COMPANY 00039,1 Example Way,Nowhere,ZZ,00000,4451,2017,SYNTHETIC INDUSTRY,1,2,28,54642,1,0,1,0,0,7,0,1,0,0,0,0,0,,1/1/2025,2024
9041,SYNTHETIC SITE 00040,100040,,SYNTHETIC COMPANY 00040,1 Example Way,Nowhere,ZZ,00000,6221,2017,SYNTHETIC INDUSTRY,1,2,6,9257,2,0,0,0,0,0,0,0,0,0,0,0,0,,1/1/2025,2024
9042,SYNTHETIC SITE 00041,100041,,SYNTHETIC COMPANY 00041,1 Example Way,Nowhere,ZZ,00000,2361,2017,SYNTHETIC INDUSTRY,1,2,165,218497000,2,0,0,0,0,0,0,0,0,0,0,0,0,,1/1/2025,2024
9043,SYNTHETIC SITE 00042,100042,,SYNTHETIC COMPANY 00042,1 Example Way,Nowhere,ZZ,00000,3328,2017,SYNTHETIC INDUSTRY,1,2,35,70929,1,0,0,1,2,0,4,3,0,0,0,0,0,,1/1/2025,2024
9044,SYNTHETIC SITE 00043,100043,,SYNTHETIC COMPANY 00043,1 Example Way,Nowhere,ZZ,00000,2361,2017,SYNTHETIC INDUSTRY,1,2,178,343327,1,0,0,0,1,0,0,1,0,0,0,0,0,,1/1/2025,2024
9045,SYNTHETIC SITE 00044,100044,,SYNTHETIC COMPANY 00044,1 Example Way,Nowhere,ZZ,00000,4451,2017,SYNTHETIC INDUSTRY,1,2,20,33408,2,0,0,0,0,0,0,0,0,0,0,0,0,,1/1/2025,2024
9046,SYNTHETIC SITE 00045,100045,,SYNTHETIC COMPANY 00045,1 Example Way,Nowhere,ZZ,00000,4841,2017,SYNTHETIC INDUSTRY,1,2,48,93916,1,0,0,0,1,0,0,1,0,0,0,0,0,,1/1/2025,2024
9047,SYNTHETIC SITE 00046,100046,,SYNTHETIC COMPANY 00046,1 Example Way,Nowhere,ZZ,00000,3251,2017,SYNTHETIC INDUSTRY,1,2,30,55749,1,0,0,0,4,0,0,4,0,0,0,0,0,,1/1/2025,2024
9048,SYNTHETIC SITE 00047,100047,,SYNTHETIC COMPANY 00047,1 Example Way,Nowhere,ZZ,00000,3115,2017,SYNTHETIC INDUSTRY,1,2,19,24801,2,0,0,0,0,0,0,0,0,0,0,0,0,,1/1/2025,2024
9049,SYNTHETIC SITE 00048,100048,,SYNTHETIC COMPANY 00048,1 Example Way,Nowhere,ZZ,00000,3252,2017,SYNTHETIC INDUSTRY,1,2,42,79337,2,0,0,0,0,0,0,0,0,0,0,0,0,,1/1/2025,2024
9050,SYNTHETIC SITE 00049,100049,,SYNTHETIC COMPANY 00049,1 Example Way,Nowhere,ZZ,00000,3328,2017,SYNTHETIC INDUSTRY,1,2,20,41251,2,0,0,0,0,0,0,0,0,0,0,0,0,,1/1/2025,2024
9051,SYNTHETIC SITE 00050,100050,,SYNTHETIC COMPANY 00050,1 Example Way,Nowhere,ZZ,00000,3115,2017,SYNTHETIC INDUSTRY,1,2,117,172401,1,0,1,1,0,7,4,2,0,0,0,0,0,,1/1/2025,2024
9052,SYNTHETIC SITE 00051,100051,,SYNTHETIC COMPANY 00051,1 Example Way,Nowhere,ZZ,00000,2361,2017,SYNTHETIC INDUSTRY,1,2,25,52388,1,0,4,0,2,28,0,6,0,0,0,0,0,,1/1/2025,2024
9053,SYNTHETIC SITE 00052,100052,,SYNTHETIC COMPANY 00052,1 Example Way,Nowhere,ZZ,00000,3115,2017,SYNTHETIC INDUSTRY,1,2,28,40230,2,0,0,0,0,0,0,0,0,0,0,0,0,,1/1/2025,2024
9054,SYNTHETIC SITE 00053,100053,,SYNTHETIC COMPANY 00053,1 Example Way,Nowhere,ZZ,00000,3328,2017,SYNTHETIC INDUSTRY,1,2,8,10975,2,0,0,0,0,0,0,0,0,0,0,0,0,,1/1/2025,2024
9055,SYNTHETIC SITE 00054,100054,,SYNTHETIC COMPANY 00054,1 Example Way,Nowhere,ZZ,00000,4841,2017,SYNTHETIC INDUSTRY,1,2,46,84108,2,0,0,0,0,0,0,0,0,0,0,0,0,,1/1/2025,2024
9056,SYNTHETIC SITE 00055,100055,,SYNTHETIC COMPANY 00055,1 Example Way,Nowhere,ZZ,00000,6221,2017,SYNTHETIC INDUSTRY,1,2,2,3665,2,0,0,0,0,0,0,0,0,0,0,0,0,,1/1/2025,2024
9057,SYNTHETIC SITE 00056,100056,,SYNTHETIC COMPANY 00056,1 Example Way,Nowhere,ZZ,00000,4841,2017,SYNTHETIC INDUSTRY,1,2,55,68196,1,0,2,1,0,14,4,3,0,0,0,0,0,,1/1/2025,2024
9058,SYNTHETIC SITE 00057,100057,,SYNTHETIC COMPANY 00057,1 Example Way,Nowhere,ZZ,00000,3328,2017,SYNTHETIC INDUSTRY,1,2,28,52034,1,0,1,0,1,7,0,2,0,0,0,0,0,,1/1/2025,2024
9059,SYNTHETIC SITE 00058,100058,,SYNTHETIC COMPANY 00058,1 Example Way,Nowhere,ZZ,00000,3328,2017,SYNTHETIC INDUSTRY,1,2,28,63461,2,0,0,0,0,0,0,0,0,0,0,0,0,,1/1/2025,2024
9060,SYNTHETIC SITE 00059,100059,,SYNTHETIC COMPANY 00059,1 Example Way,Nowhere,ZZ,00000,4841,2017,SYNTHETIC INDUSTRY,1,2,29,53544,1,0,1,0,1,7,0,2,0,0,0,0,0,,1/1/2025,2024
9061,SYNTHETIC SITE 00060,100060,,SYNTHETIC COMPANY 00060,1 Example Way,Nowhere,ZZ,00000,3328,2017,SYNTHETIC INDUSTRY,1,2,119,272241,1,0,0,0,1,0,0,1,0,0,0,0,0,,1/1/2025,2024
9062,SYNTHETIC SITE 00061,100061,,SYNTHETIC COMPANY 00061,1 Example Way,Nowhere,ZZ,00000,6221,2017,SYNTHETIC INDUSTRY,1,2,81,150021,1,0,1,1,1,7,4,3,0,0,0,0,0,,1/1/2025,2024
9063,SYNTHETIC SITE 00062,100062,,SYNTHETIC COMPANY 00062,1 Example Way,Nowhere,ZZ,00000,4841,2017,SYNTHETIC INDUSTRY,1,2,72,137478,1,0,0,0,1,0,0,1,0,0,0,0,0,,1/1/2025,2024
9064,SYNTHETIC SITE 00063,100063,,SYNTHETIC COMPANY 00063,1 Example Way,Nowhere,ZZ,00000,4451,2017,SYNTHETIC INDUSTRY,1,2,4,7164,2,0,0,0,0,0,0,0,0,0,0,0,0,,1/1/2025,2024
9065,SYNTHETIC SITE 00064,100064,,SYNTHETIC COMPANY 00064,1 Example Way,Nowhere,ZZ,00000,4841,2017,SYNTHETIC INDUSTRY,1,2,183,360155,1,0,1,0,0,7,0,1,0,0,0,0,0,,1/1/2025,2024
9066,SYNTHETIC SITE 00065,100065,,SYNTHETIC COMPANY 00065,1 Example Way,Nowhere,ZZ,00000,3328,2017,SYNTHETIC INDUSTRY,1,2,9,20043,2,0,0,0,0,0,0,0,0,0,0,0,0,,1/1/2025,2024
9067,SYNTHETIC SITE 00066,100066,,SYNTHETIC COMPANY 00066,1 Example Way,Nowhere,ZZ,00000,3251,2017,SYNTHETIC INDUSTRY,1,2,39,83326,1,0,0,0,2,0,0,2,0,0,0,0,0,,1/1/2025,2024
9068,SYNTHETIC SITE 00067,100067,,SYNTHETIC COMPANY 00067,1 Example Way,Nowhere,ZZ,00000,4841,2017,SYNTHETIC INDUSTRY,1,2,54,99809,1,0,1,0,0,7,0,1,0,0,0,0,0,,1/1/2025,2024
9069,SYNTHETIC SITE 00068,100068,,SYNTHETIC COMPANY 00068,1 Example Way,Nowhere,ZZ,00000,6221,2017,SYNTHETIC INDUSTRY,1,2,21,29006,2,0,0,0,0,0,0,0,0,0,0,0,0,,1/1/2025,2024
9070,SYNTHETIC SITE 00069,100069,,SYNTHETIC COMPANY 00069,1 Example Way,Nowhere,ZZ,00000,4841,2017,SYNTHETIC INDUSTRY,1,2,14,24181,2,0,0,0,0,0,0,0,0,0,0,0,0,,1/1/2025,2024
9071,SYNTHETIC SITE 00070,100070,,SYNTHETIC COMPANY 00070,1 Example Way,Nowhere,ZZ,00000,6221,2017,SYNTHETIC INDUSTRY,1,2,120,187555,2,0,0,0,0,0,0,0,0,0,0,0,0,,1/1/2025,2024
9072,SYNTHETIC SITE 00071,100071,,SYNTHETIC COMPANY 00071,1 Example Way,Nowhere,ZZ,00000,3115,2017,SYNTHETIC INDUSTRY,1,2,149,294153,1,0,6,6,6,42,24,18,0,0,0,0,0,,1/1/2025,2024
9073,SYNTHETIC SITE 00072,100072,,SYNTHETIC COMPANY 00072,1 Example Way,Nowhere,ZZ,00000,3115,2017,SYNTHETIC INDUSTRY,1,2,13,25403,1,0,0,1,0,0,4,1,0,0,0,0,0,,1/1/2025,2024
9074,SYNTHETIC SITE 00073,100073,,SYNTHETIC COMPANY 00073,1 Example Way,Nowhere,ZZ,00000,4841,2017,SYNTHETIC INDUSTRY,1,2,14,34788,1,0,1,0,1,7,0,2,0,0,0,0,0,,1/1/2025,2024
9075,SYNTHETIC SITE 00074,100074,,SYNTHETIC COMPANY 00074,1 Example Way,Nowhere,ZZ,00000,6221,2017,SYNTHETIC INDUSTRY,1,2,68,115307,1,0,1,0,0,7,0,1,0,0,0,0,0,,1/1/2025,2024
9076,SYNTHETIC SITE 00075,100075,,SYNTHETIC COMPANY 00075,1 Example Way,Nowhere,ZZ,00000,4841,2017,SYNTHETIC INDUSTRY,1,2,17,31786,2,0,0,0,0,0,0,0,0,0,0,0,0,,1/1/2025,2024
9077,SYNTHETIC SITE 00076,100076,,SYNTHETIC COMPANY 00076,1 Example Way,Nowhere,ZZ,00000,3251,2017,SYNTHETIC INDUSTRY,1,2,60,105609,2,0,0,0,0,0,0,0,0,0,0,0,0,,1/1/2025,2024
9078,SYNTHETIC SITE 00077,100077,,SYNTHETIC COMPANY 00077,1 Example Way,Nowhere,ZZ,00000,3115,2017,SYNTHETIC INDUSTRY,1,2,26,51555,2,0,0,0,0,0,0,0,0,0,0,0,0,,1/1/2025,2024
9079,SYNTHETIC SITE 00078,100078,,SYNTHETIC COMPANY 00078,1 Example Way,Nowhere,ZZ,00000,3115,2017,SYNTHETIC INDUSTRY,1,2,45,88892,2,0,0,0,0,0,0,0,0,0,0,0,0,,1/1/2025,2024
9080,SYNTHETIC SITE 00079,100079,,SYNTHETIC COMPANY 00079,1 Example Way,Nowhere,ZZ,00000,3252,2017,SYNTHETIC INDUSTRY,1,2,40,62059,2,0,0,0,0,0,0,0,0,0,0,0,0,,1/1/2025,2024
9081,SYNTHETIC SITE 00080,100080,,SYNTHETIC COMPANY 00080,1 Example Way,Nowhere,ZZ,00000,4451,2017,SYNTHETIC INDUSTRY,1,2,82,169135,2,0,0,0,0,0,0,0,0,0,0,0,0,,1/1/2025,2024
9082,SYNTHETIC SITE 00081,100081,,SYNTHETIC COMPANY 00081,1 Example Way,Nowhere,ZZ,00000,4451,2017,SYNTHETIC INDUSTRY,1,2,79,138284,1,0,1,0,1,7,0,2,0,0,0,0,0,,1/1/2025,2024
9083,SYNTHETIC SITE 00082,100082,,SYNTHETIC COMPANY 00082,1 Example Way,Nowhere,ZZ,00000,3115,2017,SYNTHETIC INDUSTRY,1,2,49,83890,2,0,0,0,0,0,0,0,0,0,0,0,0,,1/1/2025,2024
9084,SYNTHETIC SITE 00083,100083,,SYNTHETIC COMPANY 00083,1 Example Way,Nowhere,ZZ,00000,3251,2017,SYNTHETIC INDUSTRY,1,2,88,176456,2,0,0,0,0,0,0,0,0,0,0,0,0,,1/1/2025,2024
9085,SYNTHETIC SITE 00084,100084,,SYNTHETIC COMPANY 00084,1 Example Way,Nowhere,ZZ,00000,3251,2017,SYNTHETIC INDUSTRY,1,2,35,50747,1,0,0,0,3,0,0,3,0,0,0,0,0,,1/1/2025,2024
9086,SYNTHETIC SITE 00085,100085,,SYNTHETIC COMPANY 00085,1 Example Way,Nowhere,ZZ,00000,3251,2017,SYNTHETIC INDUSTRY,1,2,18,28831,1,0,0,1,0,0,4,1,0,0,0,0,0,,1/1/2025,2024
9087,SYNTHETIC SITE 00086,100086,,SYNTHETIC COMPANY 00086,1 Example Way,Nowhere,ZZ,00000,4451,2017,SYNTHETIC INDUSTRY,1,2,55,755550,1,0,1,0,0,7,0,1,0,0,0,0,0,,1/1/2025,2024
9088,SYNTHETIC SITE 00087,100087,,SYNTHETIC COMPANY 00087,1 Example Way,Nowhere,ZZ,00000,3251,2017,SYNTHETIC INDUSTRY,1,2,22,43257,2,0,0,0,0,0,0,0,0,0,0,0,0,,1/1/2025,2024
9089,SYNTHETIC SITE 00088,100088,,SYNTHETIC COMPANY 00088,1 Example Way,Nowhere,ZZ,00000,4451,2017,SYNTHETIC INDUSTRY,1,2,122,246357,2,0,0,0,0,0,0,0,0,0,0,0,0,,1/1/2025,2024
9090,SYNTHETIC SITE 00089,100089,,SYNTHETIC COMPANY 00089,1 Example Way,Nowhere,ZZ,00000,4451,2017,SYNTHETIC INDUSTRY,1,2,41,84879,1,0,2,2,2,14,8,6,0,0,0,0,0,,1/1/2025,2024
9091,SYNTHETIC SITE 00090,100090,,SYNTHETIC COMPANY 00090,1 Example Way,Nowhere,ZZ,00000,3328,2017,SYNTHETIC INDUSTRY,1,2,219,392079,1,0,5,5,4,35,20,14,0,0,0,0,0,,1/1/2025,2024
9092,SYNTHETIC SITE 00091,100091,,SYNTHETIC COMPANY 00091,1 Example Way,Nowhere,ZZ,00000,3251,2017,SYNTHETIC INDUSTRY,1,2,8,16589,2,0,0,0,0,0,0,0,0,0,0,0,0,,1/1/2025,2024
9093,SYNTHETIC SITE 00092,100092,,SYNTHETIC COMPANY 00092,1 Example Way,Nowhere,ZZ,00000,3251,2017,SYNTHETIC INDUSTRY,1,2,37,51693,2,0,0,0,0,0,0,0,0,0,0,0,0,,1/1/2025,2024
9094,SYNTHETIC SITE 00093,100093,,SYNTHETIC COMPANY 00093,1 Example Way,Nowhere,ZZ,00000,3252,2017,SYNTHETIC INDUSTRY,1,2,37,73253,1,0,3,0,3,21,0,6,0,0,0,0,0,,1/1/2025,2024
9095,SYNTHETIC SITE 00094,100094,,SYNTHETIC COMPANY 00094,1 Example Way,Nowhere,ZZ,00000,3115,2017,SYNTHETIC INDUSTRY,1,2,35,52726,1,0,2,0,2,14,0,4,0,0,0,0,0,,1/1/2025,2024
9096,SYNTHETIC SITE 00095,100095,,SYNTHETIC COMPANY 00095,1 Example Way,Nowhere,ZZ,00000,2361,2017,SYNTHETIC INDUSTRY,1,2,54,102605,1,0,0,0,2,0,0,2,0,0,0,0,0,,1/1/2025,2024
9097,SYNTHETIC SITE 00096,100096,,SYNTHETIC COMPANY 00096,1 Example Way,Nowhere,ZZ,00000,3252,2017,SYNTHETIC INDUSTRY,1,2,576,1034771,2,0,0,0,0,0,0,0,0,0,0,0,0,,1/1/2025,2024
9098,SYNTHETIC SITE 00097,100097,,SYNTHETIC COMPANY 00097,1 Example Way,Nowhere,ZZ,00000,3251,2017,SYNTHETIC INDUSTRY,1,2,50,118835,1,0,2,1,2,14,4,5,0,0,0,0,0,,1/1/2025,2024
9099,SYNTHETIC SITE 00098,100098,,SYNTHETIC COMPANY 00098,1 Example Way,Nowhere,ZZ,00000,2361,2017,SYNTHETIC INDUSTRY,1,2,384,659319,1,0,9,5,6,63,20,20,0,0,0,0,0,,1/1/2025,2024
9100,SYNTHETIC SITE 00099,100099,,SYNTHETIC COMPANY 00099,1 Example Way,Nowhere,ZZ,00000,3252,2017,SYNTHETIC INDUSTRY,1,2,72,102645,2,0,0,0,0,0,0,0,0,0,0,0,0,,1/1/2025,2024
9101,SYNTHETIC SITE 00100,100100,,SYNTHETIC COMPANY 00100,1 Example Way,Nowhere,ZZ,00000,3328,2017,SYNTHETIC INDUSTRY,1,2,61,94706,1,0,1,0,0,7,0,1,0,0,0,0,0,,1/1/2025,2024
9102,SYNTHETIC SITE 00101,100101,,SYNTHETIC COMPANY 00101,1 Example Way,Nowhere,ZZ,00000,3115,2017,SYNTHETIC INDUSTRY,1,2,8,16332,2,0,0,0,0,0,0,0,0,0,0,0,0,,1/1/2025,2024
9103,SYNTHETIC SITE 00102,100102,,SYNTHETIC COMPANY 00102,1 Example Way,Nowhere,ZZ,00000,4841,2017,SYNTHETIC INDUSTRY,1,2,6,10959,2,0,0,0,0,0,0,0,0,0,0,0,0,,1/1/2025,2024
9104,SYNTHETIC SITE 00103,100103,,SYNTHETIC COMPANY 00103,1 Example Way,Nowhere,ZZ,00000,3328,2017,SYNTHETIC INDUSTRY,1,2,44,90517,2,0,0,0,0,0,0,0,0,0,0,0,0,,1/1/2025,2024
9105,SYNTHETIC SITE 00104,100104,,SYNTHETIC COMPANY 00104,1 Example Way,Nowhere,ZZ,00000,3252,2017,SYNTHETIC INDUSTRY,1,2,9,17324,2,0,0,0,0,0,0,0,0,0,0,0,0,,1/1/2025,2024
9106,SYNTHETIC SITE 00105,100105,,SYNTHETIC COMPANY 00105,1 Example Way,Nowhere,ZZ,00000,3328,2017,SYNTHETIC INDUSTRY,1,2,56,112842,2,0,0,0,0,0,0,0,0,0,0,0,0,,1/1/2025,2024
9107,SYNTHETIC SITE 00106,100106,,SYNTHETIC COMPANY 00106,1 Example Way,Nowhere,ZZ,00000,4451,2017,SYNTHETIC INDUSTRY,1,2,25,57531,1,0,2,1,3,14,4,6,0,0,0,0,0,,1/1/2025,2024
9108,SYNTHETIC SITE 00107,100107,,SYNTHETIC COMPANY 00107,1 Example Way,Nowhere,ZZ,00000,3328,2017,SYNTHETIC INDUSTRY,1,2,50,119156,2,0,0,0,0,0,0,0,0,0,0,0,0,,1/1/2025,2024
9109,SYNTHETIC SITE 00108,100108,,SYNTHETIC COMPANY 00108,1 Example Way,Nowhere,ZZ,00000,4451,2017,SYNTHETIC INDUSTRY,1,2,220,428997,1,0,3,0,1,21,0,4,0,0,0,0,0,,1/1/2025,2024
9110,SYNTHETIC SITE 00109,100109,,SYNTHETIC COMPANY 00109,1 Example Way,Nowhere,ZZ,00000,6221,2017,SYNTHETIC INDUSTRY,1,2,19,42769,1,0,0,2,2,0,8,4,0,0,0,0,0,,1/1/2025,2024
9111,SYNTHETIC SITE 00110,100110,,SYNTHETIC COMPANY 00110,1 Example Way,Nowhere,ZZ,00000,4841,2017,SYNTHETIC INDUSTRY,1,2,178,310921,1,0,0,4,5,0,16,9,0,0,0,0,0,,1/1/2025,2024
9112,SYNTHETIC SITE 00111,100111,,SYNTHETIC COMPANY 00111,1 Example Way,Nowhere,ZZ,00000,3328,2017,SYNTHETIC INDUSTRY,1,2,29,51040,2,0,0,0,0,0,0,0,0,0,0,0,0,,1/1/2025,2024
9113,SYNTHETIC SITE 00112,100112,,SYNTHETIC COMPANY 00112,1 Example Way,Nowhere,ZZ,00000,6221,2017,SYNTHETIC INDUSTRY,1,2,36,82376,2,0,0,0,0,0,0,0,0,0,0,0,0,,1/1/2025,2024
9114,SYNTHETIC SITE 00113,100113,,SYNTHETIC COMPANY 00113,1 Example Way,Nowhere,ZZ,00000,3328,2017,SYNTHETIC INDUSTRY,1,2,50,76689,1,0,1,2,1,7,8,4,0,0,0,0,0,,1/1/2025,2024
9115,SYNTHETIC SITE 00114,100114,,SYNTHETIC COMPANY 00114,1 Example Way,Nowhere,ZZ,00000,6221,2017,SYNTHETIC INDUSTRY,1,2,14,24565,2,0,0,0,0,0,0,0,0,0,0,0,0,,1/1/2025,2024
9116,SYNTHETIC SITE 00115,100115,,SYNTHETIC COMPANY 00115,1 Example Way,Nowhere,ZZ,00000,4841,2017,SYNTHETIC INDUSTRY,1,2,54,95021,1,0,0,1,1,0,4,2,0,0,0,0,0,,1/1/2025,2024
9117,SYNTHETIC SITE 00116,100116,,SYNTHETIC COMPANY 00116,1 Example Way,Nowhere,ZZ,00000,4841,2017,SYNTHETIC INDUSTRY,1,2,48,91392,2,0,0,0,0,0,0,0,0,0,0,0,0,,1/1/2025,2024
9118,SYNTHETIC SITE 00117,100117,,SYNTHETIC COMPANY 00117,1 Example Way,Nowhere,ZZ,00000,3252,2017,SYNTHETIC INDUSTRY,1,2,40,57811,1,0,0,1,1,0,4,2,0,0,0,0,0,,1/1/2025,2024
9119,SYNTHETIC SITE 00118,100118,,SYNTHETIC COMPANY 00118,1 Example Way,Nowhere,ZZ,00000,4451,2017,SYNTHETIC INDUSTRY,1,2,24,54716,1,0,1,0,0,7,0,1,0,0,0,0,0,,1/1/2025,2024
9120,SYNTHETIC SITE 00119,100119,,SYNTHETIC COMPANY 00119,1 Example Way,Nowhere,ZZ,00000,4451,2017,SYNTHETIC INDUSTRY,1,2,76,97454,2,0,0,0,0,0,0,0,0,0,0,0,0,,1/1/2025,2024
9121,SYNTHETIC SITE 00120,100120,,SYNTHETIC COMPANY 00120,1 Example Way,Nowhere,ZZ,00000,6221,2017,SYNTHETIC INDUSTRY,1,2,37,40956,1,0,0,1,0,0,4,1,0,0,0,0,0,,1/1/2025,2024
9122,SYNTHETIC SITE 00121,100121,,SYNTHETIC COMPANY 00121,1 Example Way,Nowhere,ZZ,00000,4451,2017,SYNTHETIC INDUSTRY,1,2,21,46475,2,0,0,0,0,0,0,0,0,0,0,0,0,,1/1/2025,2024
9123,SYNTHETIC SITE 00122,100122,,SYNTHETIC COMPANY 00122,1 Example Way,Nowhere,ZZ,00000,3252,2017,SYNTHETIC INDUSTRY,1,2,55,82471,1,0,0,0,1,0,0,1,0,0,0,0,0,,1/1/2025,2024
9124,SYNTHETIC SITE 00123,100123,,SYNTHETIC COMPANY 00123,1 Example Way,Nowhere,ZZ,00000,6221,2017,SYNTHETIC INDUSTRY,1,2,41,81244,1,0,2,0,1,14,0,3,0,0,0,0,0,,1/1/2025,2024
9125,SYNTHETIC SITE 00124,100124,,SYNTHETIC COMPANY 00124,1 Example Way,Nowhere,ZZ,00000,3115,2017,SYNTHETIC INDUSTRY,1,2,29,49034,1,0,0,0,1,0,0,1,0,0,0,0,0,,1/1/2025,2024
9126,SYNTHETIC SITE 00125,100125,,SYNTHETIC COMPANY 00125,1 Example Way,Nowhere,ZZ,00000,4841,2017,SYNTHETIC INDUSTRY,1,2,182,264215,1,0,4,1,3,28,4,8,0,0,0,0,0,,1/1/2025,2024
9127,SYNTHETIC SITE 00126,100126,,SYNTHETIC COMPANY 00126,1 Example Way,Nowhere,ZZ,00000,4841,2017,SYNTHETIC INDUSTRY,1,2,45,107788,2,0,0,0,0,0,0,0,0,0,0,0,0,,1/1/2025,2024
9128,SYNTHETIC SITE 00127,100127,,SYNTHETIC COMPANY 00127,1 Example Way,Nowhere,ZZ,00000,4841,2017,SYNTHETIC INDUSTRY,1,2,36,62963,1,0,1,0,0,7,0,1,0,0,0,0,0,,1/1/2025,2024
9129,SYNTHETIC SITE 00128,100128,,SYNTHETIC COMPANY 00128,1 Example Way,Nowhere,ZZ,00000,3328,2017,SYNTHETIC INDUSTRY,1,2,64,106402,1,0,1,0,0,7,0,1,0,0,0,0,0,,1/1/2025,2024
9130,SYNTHETIC SITE 00129,100129,,SYNTHETIC COMPANY 00129,1 Example Way,Nowhere,ZZ,00000,3115,2017,SYNTHETIC INDUSTRY,1,2,155,306841,2,0,0,0,0,0,0,0,0,0,0,0,0,,1/1/2025,2024
9131,SYNTHETIC SITE 00130,100130,,SYNTHETIC COMPANY 00130,1 Example Way,Nowhere,ZZ,00000,3328,2017,SYNTHETIC INDUSTRY,1,2,48,75890,2,0,0,0,0,0,0,0,0,0,0,0,0,,1/1/2025,2024
9132,SYNTHETIC SITE 00131,100131,,SYNTHETIC COMPANY 00131,1 Example Way,Nowhere,ZZ,00000,6221,2017,SYNTHETIC INDUSTRY,1,2,38,81048,2,0,0,0,0,0,0,0,0,0,0,0,0,,1/1/2025,2024
9133,SYNTHETIC SITE 00132,100132,,SYNTHETIC COMPANY 00132,1 Example Way,Nowhere,ZZ,00000,4451,2017,SYNTHETIC INDUSTRY,1,2,68,122142,1,0,0,2,2,0,8,4,0,0,0,0,0,,1/1/2025,2024
9134,SYNTHETIC SITE 00133,100133,,SYNTHETIC COMPANY 00133,1 Example Way,Nowhere,ZZ,00000,6221,2017,SYNTHETIC INDUSTRY,1,2,17,31213,1,0,1,2,0,7,8,3,0,0,0,0,0,,1/1/2025,2024
9135,SYNTHETIC SITE 00134,100134,,SYNTHETIC COMPANY 00134,1 Example Way,Nowhere,ZZ,00000,3115,2017,SYNTHETIC INDUSTRY,1,2,4,8220000,2,0,0,0,0,0,0,0,0,0,0,0,0,,1/1/2025,2024
9136,SYNTHETIC SITE 00135,100135,,SYNTHETIC COMPANY 00135,1 Example Way,Nowhere,ZZ,00000,3115,2017,SYNTHETIC INDUSTRY,1,2,22,40295,1,0,0,1,4,0,4,5,0,0,0,0,0,,1/1/2025,2024
9137,SYNTHETIC SITE 00136,100136,,SYNTHETIC COMPANY 00136,1 Example Way,Nowhere,ZZ,00000,6221,2017,SYNTHETIC INDUSTRY,1,2,25,58371,2,0,0,0,0,0,0,0,0,0,0,0,0,,1/1/2025,2024
9138,SYNTHETIC SITE 00137,100137,,SYNTHETIC COMPANY 00137,1 Example Way,Nowhere,ZZ,00000,4841,2017,SYNTHETIC INDUSTRY,1,2,33,49718,2,0,0,0,0,0,0,0,0,0,0,0,0,,1/1/2025,2024
9139,SYNTHETIC SITE 00138,100138,,SYNTHETIC COMPANY 00138,1 Example Way,Nowhere,ZZ,00000,2361,2017,SYNTHETIC INDUSTRY,1,2,292,649666,1,0,2,0,0,14,0,2,0,0,0,0,0,,1/1/2025,2024
9140,SYNTHETIC SITE 00139,100139,,SYNTHETIC COMPANY 00139,1 Example Way,Nowhere,ZZ,00000,3252,2017,SYNTHETIC INDUSTRY,1,2,33,49066,2,0,0,0,0,0,0,0,0,0,0,0,0,,1/1/2025,2024
9141,SYNTHETIC SITE 00140,100140,,SYNTHETIC COMPANY 00140,1 Example Way,Nowhere,ZZ,00000,2361,2017,SYNTHETIC INDUSTRY,1,2,383,619269,1,0,0,0,1,0,0,1,0,0,0,0,0,,1/1/2025,2024
9142,SYNTHETIC SITE 00141,100141,,SYNTHETIC COMPANY 00141,1 Example Way,Nowhere,ZZ,00000,4841,2017,SYNTHETIC INDUSTRY,1,2,19,24503,2,0,0,0,0,0,0,0,0,0,0,0,0,,1/1/2025,2024
9143,SYNTHETIC SITE 00142,100142,,SYNTHETIC COMPANY 00142,1 Example Way,Nowhere,ZZ,00000,6221,2017,SYNTHETIC INDUSTRY,1,2,42,95580,2,0,0,0,0,0,0,0,0,0,0,0,0,,1/1/2025,2024
9144,SYNTHETIC SITE 00143,100143,,SYNTHETIC COMPANY 00143,1 Example Way,Nowhere,ZZ,00000,6221,2017,SYNTHETIC INDUSTRY,1,2,108,209935,1,0,0,0,1,0,0,1,0,0,0,0,0,,1/1/2025,2024
9145,SYNTHETIC SITE 00144,100144,,SYNTHETIC COMPANY 00144,1 Example Way,Nowhere,ZZ,00000,3252,2017,SYNTHETIC INDUSTRY,1,2,183,440859,1,0,6,3,5,42,12,14,0,0,0,0,0,,1/1/2025,2024
9146,SYNTHETIC SITE 00145,100145,,SYNTHETIC COMPANY 00145,1 Example Way,Nowhere,ZZ,00000,3251,2017,SYNTHETIC INDUSTRY,1,2,15,32559,2,0,0,0,0,0,0,0,0,0,0,0,0,,1/1/2025,2024
9147,SYNTHETIC SITE 00146,100146,,SYNTHETIC COMPANY 00146,1 Example Way,Nowhere,ZZ,00000,3328,2017,SYNTHETIC INDUSTRY,1,2,15,27627,2,0,0,0,0,0,0,0,0,0,0,0,0,,1/1/2025,2024
9148,SYNTHETIC SITE 00147,100147,,SYNTHETIC COMPANY 00147,1 Example Way,Nowhere,ZZ,00000,6221,2017,SYNTHETIC INDUSTRY,1,2,122,235154,2,0,0,0,0,0,0,0,0,0,0,0,0,,1/1/2025,2024
9149,SYNTHETIC SITE 00148,100148,,SYNTHETIC COMPANY 00148,1 Example Way,Nowhere,ZZ,00000,3252,2017,SYNTHETIC INDUSTRY,1,2,95,159834,1,0,0,1,1,0,4,2,0,0,0,0,0,,1/1/2025,2024
9150,SYNTHETIC SITE 00149,100149,,SYNTHETIC COMPANY 00149,1 Example Way,Nowhere,ZZ,00000,6221,2017,SYNTHETIC INDUSTRY,1,2,340,440273,2,0,0,0,0,0,0,0,0,0,0,0,0,,1/1/2025,2024
9151,SYNTHETIC SITE 00150,100150,,SYNTHETIC COMPANY 00150,1 Example Way,Nowhere,ZZ,00000,3328,2017,SYNTHETIC INDUSTRY,1,2,416,714588,1,0,2,2,1,14,8,5,0,0,0,0,0,,1/1/2025,2024
9152,SYNTHETIC SITE 00151,100151,,SYNTHETIC COMPANY 00151,1 Example Way,Nowhere,ZZ,00000,4451,2017,SYNTHETIC INDUSTRY,1,2,48,93902,2,0,0,0,0,0,0,0,0,0,0,0,0,,1/1/2025,2024
9153,SYNTHETIC SITE 00152,100152,,SYNTHETIC COMPANY 00152,1 Example Way,Nowhere,ZZ,00000,3251,2017,SYNTHETIC INDUSTRY,1,2,4,8355,2,0,0,0,0,0,0,0,0,0,0,0,0,,1/1/2025,2024
9154,SYNTHETIC SITE 00153,100153,,SYNTHETIC COMPANY 00153,1 Example Way,Nowhere,ZZ,00000,3252,2017,SYNTHETIC INDUSTRY,1,2,9,15184,2,0,0,0,0,0,0,0,0,0,0,0,0,,1/1/2025,2024
9155,SYNTHETIC SITE 00154,100154,,SYNTHETIC COMPANY 00154,1 Example Way,Nowhere,ZZ,00000,2361,2017,SYNTHETIC INDUSTRY,1,2,242,421327,1,0,1,1,0,7,4,2,0,0,0,0,0,,1/1/2025,2024
9156,SYNTHETIC SITE 00155,100155,,SYNTHETIC COMPANY 00155,1 Example Way,Nowhere,ZZ,00000,6221,2017,SYNTHETIC INDUSTRY,1,2,41,73484,2,0,0,0,0,0,0,0,0,0,0,0,0,,1/1/2025,2024
9157,SYNTHETIC SITE 00156,100156,,SYNTHETIC COMPANY 00156,1 Example Way,Nowhere,ZZ,00000,3252,2017,SYNTHETIC INDUSTRY,1,2,70,146685,1,0,0,1,2,0,4,3,0,0,0,0,0,,1/1/2025,2024
9158,SYNTHETIC SITE 00157,100157,,SYNTHETIC COMPANY 00157,1 Example Way,Nowhere,ZZ,00000,3115,2017,SYNTHETIC INDUSTRY,1,2,121,193663,1,0,1,1,2,7,4,4,0,0,0,0,0,,1/1/2025,2024
9159,SYNTHETIC SITE 00158,100158,,SYNTHETIC COMPANY 00158,1 Example Way,Nowhere,ZZ,00000,3328,2017,SYNTHETIC INDUSTRY,1,2,10,16824,2,0,0,0,0,0,0,0,0,0,0,0,0,,1/1/2025,2024
9160,SYNTHETIC SITE 00159,100159,,SYNTHETIC COMPANY 00159,1 Example Way,Nowhere,ZZ,00000,3328,2017,SYNTHETIC INDUSTRY,1,2,18,31655,2,0,0,0,0,0,0,0,0,0,0,0,0,,1/1/2025,2024
9161,SYNTHETIC SITE 00160,100160,,SYNTHETIC COMPANY 00160,1 Example Way,Nowhere,ZZ,00000,3252,2017,SYNTHETIC INDUSTRY,1,2,91,135497,2,0,0,0,0,0,0,0,0,0,0,0,0,,1/1/2025,2024
9162,SYNTHETIC SITE 00161,100161,,SYNTHETIC COMPANY 00161,1 Example Way,Nowhere,ZZ,00000,4451,2017,SYNTHETIC INDUSTRY,1,2,23,52708,1,0,1,1,1,7,4,3,0,0,0,0,0,,1/1/2025,2024
9163,SYNTHETIC SITE 00162,100162,,SYNTHETIC COMPANY 00162,1 Example Way,Nowhere,ZZ,00000,2361,2017,SYNTHETIC INDUSTRY,1,2,16,28314,2,0,0,0,0,0,0,0,0,0,0,0,0,,1/1/2025,2024
9164,SYNTHETIC SITE 00163,100163,,SYNTHETIC COMPANY 00163,1 Example Way,Nowhere,ZZ,00000,4841,2017,SYNTHETIC INDUSTRY,1,2,16,25912,2,0,0,0,0,0,0,0,0,0,0,0,0,,1/1/2025,2024
9165,SYNTHETIC SITE 00164,100164,,SYNTHETIC COMPANY 00164,1 Example Way,Nowhere,ZZ,00000,4451,2017,SYNTHETIC INDUSTRY,1,2,30,76260,1,0,0,1,1,0,4,2,0,0,0,0,0,,1/1/2025,2024
9166,SYNTHETIC SITE 00165,100165,,SYNTHETIC COMPANY 00165,1 Example Way,Nowhere,ZZ,00000,3252,2017,SYNTHETIC INDUSTRY,1,2,35,59318,1,0,2,2,1,14,8,5,0,0,0,0,0,,1/1/2025,2024
9167,SYNTHETIC SITE 00166,100166,,SYNTHETIC COMPANY 00166,1 Example Way,Nowhere,ZZ,00000,2361,2017,SYNTHETIC INDUSTRY,1,2,29,48135,2,0,0,0,0,0,0,0,0,0,0,0,0,,1/1/2025,2024
9168,SYNTHETIC SITE 00167,100167,,SYNTHETIC COMPANY 00167,1 Example Way,Nowhere,ZZ,00000,4841,2017,SYNTHETIC INDUSTRY,1,2,119,211235,2,0,0,0,0,0,0,0,0,0,0,0,0,,1/1/2025,2024
9169,SYNTHETIC SITE 00168,100168,,SYNTHETIC COMPANY 00168,1 Example Way,Nowhere,ZZ,00000,6221,2017,SYNTHETIC INDUSTRY,1,2,27,58933,2,0,0,0,0,0,0,0,0,0,0,0,0,,1/1/2025,2024
9170,SYNTHETIC SITE 00169,100169,,SYNTHETIC COMPANY 00169,1 Example Way,Nowhere,ZZ,00000,3251,2017,SYNTHETIC INDUSTRY,1,2,26,48299,1,0,0,0,1,0,0,1,0,0,0,0,0,,1/1/2025,2024
9171,SYNTHETIC SITE 00170,100170,,SYNTHETIC COMPANY 00170,1 Example Way,Nowhere,ZZ,00000,3328,2017,SYNTHETIC INDUSTRY,1,2,90,163247,1,0,3,4,0,21,16,7,0,0,0,0,0,,1/1/2025,2024
9172,SYNTHETIC SITE 00171,100171,,SYNTHETIC COMPANY 00171,1 Example Way,Nowhere,ZZ,00000,4451,2017,SYNTHETIC INDUSTRY,1,2,44,76771,2,0,0,0,0,0,0,0,0,0,0,0,0,,1/1/2025,2024
9173,SYNTHETIC SITE 00172,100172,,SYNTHETIC COMPANY 00172,1 Example Way,Nowhere,ZZ,00000,3115,2017,SYNTHETIC INDUSTRY,1,2,349,671142,1,0,3,1,3,21,4,7,0,0,0,0,0,,1/1/2025,2024
9174,SYNTHETIC SITE 00173,100173,,SYNTHETIC COMPANY 00173,1 Example Way,Nowhere,ZZ,00000,6221,2017,SYNTHETIC INDUSTRY,1,2,13,29157,2,0,0,0,0,0,0,0,0,0,0,0,0,,1/1/2025,2024
9175,SYNTHETIC SITE 00174,100174,,SYNTHETIC COMPANY 00174,1 Example Way,Nowhere,ZZ,00000,4451,2017,SYNTHETIC INDUSTRY,1,2,47,79814,1,0,0,0,1,0,0,1,0,0,0,0,0,,1/1/2025,2024
9176,SYNTHETIC SITE 00175,100175,,SYNTHETIC COMPANY 00175,1 Example Way,Nowhere,ZZ,00000,3252,2017,SYNTHETIC INDUSTRY,1,2,65,116289,2,0,0,0,0,0,0,0,0,0,0,0,0,,1/1/2025,2024
9177,SYNTHETIC SITE 00176,100176,,SYNTHETIC COMPANY 00176,1 Example Way,Nowhere,ZZ,00000,3115,2017,SYNTHETIC INDUSTRY,1,2,58,126367,2,0,0,0,0,0,0,0,0,0,0,0,0,,1/1/2025,2024
9178,SYNTHETIC SITE 00177,100177,,SYNTHETIC COMPANY 00177,1 Example Way,Nowhere,ZZ,00000,6221,2017,SYNTHETIC INDUSTRY,1,2,128,172864,1,0,2,2,4,14,8,8,0,0,0,0,0,,1/1/2025,2024
9179,SYNTHETIC SITE 00178,100178,,SYNTHETIC COMPANY 00178,1 Example Way,Nowhere,ZZ,00000,4451,2017,SYNTHETIC INDUSTRY,1,2,57,102516,2,0,0,0,0,0,0,0,0,0,0,0,0,,1/1/2025,2024
9180,SYNTHETIC SITE 00179,100179,,SYNTHETIC COMPANY 00179,1 Example Way,Nowhere,ZZ,00000,3251,2017,SYNTHETIC INDUSTRY,1,2,172,323401,2,0,0,0,0,0,0,0,0,0,0,0,0,,1/1/2025,2024
9181,SYNTHETIC SITE 00180,100180,,SYNTHETIC COMPANY 00180,1 Example Way,Nowhere,ZZ,00000,4451,2017,SYNTHETIC INDUSTRY,1,2,190,301297,1,0,4,1,0,28,4,5,0,0,0,0,0,,1/1/2025,2024
9182,SYNTHETIC SITE 00181,100181,,SYNTHETIC COMPANY 00181,1 Example Way,Nowhere,ZZ,00000,3328,2017,SYNTHETIC INDUSTRY,1,2,45,94741,2,0,0,0,0,0,0,0,0,0,0,0,0,,1/1/2025,2024
9183,SYNTHETIC SITE 00182,100182,,SYNTHETIC COMPANY 00182,1 Example Way,Nowhere,ZZ,00000,3251,2017,SYNTHETIC INDUSTRY,1,2,37,62708,2,0,0,0,0,0,0,0,0,0,0,0,0,,1/1/2025,2024
9184,SYNTHETIC SITE 00183,100183,,SYNTHETIC COMPANY 00183,1 Example Way,Nowhere,ZZ,00000,3251,2017,SYNTHETIC INDUSTRY,1,2,197,374889,2,0,0,0,0,0,0,0,0,0,0,0,0,,1/1/2025,2024
9185,SYNTHETIC SITE 00184,100184,,SYNTHETIC COMPANY 00184,1 Example Way,Nowhere,ZZ,00000,2361,2017,SYNTHETIC INDUSTRY,1,2,53,102687,2,0,0,0,0,0,0,0,0,0,0,0,0,,1/1/2025,2024
9186,SYNTHETIC SITE 00185,100185,,SYNTHETIC COMPANY 00185,1 Example Way,Nowhere,ZZ,00000,3115,2017,SYNTHETIC INDUSTRY,1,2,27,568190,2,0,0,0,0,0,0,0,0,0,0,0,0,,1/1/2025,2024
9187,SYNTHETIC SITE 00186,100186,,SYNTHETIC COMPANY 00186,1 Example Way,Nowhere,ZZ,00000,4841,2017,SYNTHETIC INDUSTRY,1,2,164,313110,2,0,0,0,0,0,0,0,0,0,0,0,0,,1/1/2025,2024
9188,SYNTHETIC SITE 00187,100187,,SYNTHETIC COMPANY 00187,1 Example Way,Nowhere,ZZ,00000,3115,2017,SYNTHETIC INDUSTRY,1,2,9,16410,2,0,0,0,0,0,0,0,0,0,0,0,0,,1/1/2025,2024
9189,SYNTHETIC SITE 00188,100188,,SYNTHETIC COMPANY 00188,1 Example Way,Nowhere,ZZ,00000,4841,2017,SYNTHETIC INDUSTRY,1,2,199,313247,2,0,0,0,0,0,0,0,0,0,0,0,0,,1/1/2025,2024
9190,SYNTHETIC SITE 00189,100189,,SYNTHETIC COMPANY 00189,1 Example Way,Nowhere,ZZ,00000,3115,2017,SYNTHETIC INDUSTRY,1,2,85,142868,2,0,0,0,0,0,0,0,0,0,0,0,0,,1/1/2025,2024
9191,SYNTHETIC SITE 00190,100190,,SYNTHETIC COMPANY 00190,1 Example Way,Nowhere,ZZ,00000,3328,2017,SYNTHETIC INDUSTRY,1,2,47,84950,1,0,0,3,1,0,12,4,0,0,0,0,0,,1/1/2025,2024
9192,SYNTHETIC SITE 00191,100191,,SYNTHETIC COMPANY 00191,1 Example Way,Nowhere,ZZ,00000,2361,2017,SYNTHETIC INDUSTRY,1,2,53,70537,1,0,4,0,0,28,0,4,0,0,0,0,0,,1/1/2025,2024
9193,SYNTHETIC SITE 00192,100192,,SYNTHETIC COMPANY 00192,1 Example Way,Nowhere,ZZ,00000,3252,2017,SYNTHETIC INDUSTRY,1,2,83,159656,1,0,2,2,4,14,8,8,0,0,0,0,0,,1/1/2025,2024
9194,SYNTHETIC SITE 00193,100193,,SYNTHETIC COMPANY 00193,1 Example Way,Nowhere,ZZ,00000,6221,2017,SYNTHETIC INDUSTRY,1,2,57,115428,2,0,0,0,0,0,0,0,0,0,0,0,0,,1/1/2025,2024
9195,SYNTHETIC SITE 00194,100194,,SYNTHETIC COMPANY 00194,1 Example Way,Nowhere,ZZ,00000,2361,2017,SYNTHETIC INDUSTRY,1,2,10,18293,1,0,0,1,0,0,4,1,0,0,0,0,0,,1/1/2025,2024
9196,SYNTHETIC SITE 00195,100195,,SYNTHETIC COMPANY 00195,1 Example Way,Nowhere,ZZ,00000,2361,2017,SYNTHETIC INDUSTRY,1,2,120,176832,2,0,0,0,0,0,0,0,0,0,0,0,0,,1/1/2025,2024
9197,SYNTHETIC SITE 00196,100196,,SYNTHETIC COMPANY 00196,1 Example Way,Nowhere,ZZ,00000,3252,2017,SYNTHETIC INDUSTRY,1,2,42,83811,1,0,1,2,0,7,8,3,0,0,0,0,0,,1/1/2025,2024
9198,SYNTHETIC SITE 00197,100197,,SYNTHETIC COMPANY 00197,1 Example Way,Nowhere,ZZ,00000,2361,2017,SYNTHETIC INDUSTRY,1,2,20,32194,2,0,0,0,0,0,0,0,0,0,0,0,0,,1/1/2025,2024
9199,SYNTHETIC SITE 00198,100198,,SYNTHETIC COMPANY 00198,1 Example Way,Nowhere,ZZ,00000,4451,2017,SYNTHETIC INDUSTRY,1,2,123,245124,1,0,5,7,2,35,28,14,0,0,0,0,0,,1/1/2025,2024
9200,SYNTHETIC SITE 00199,100199,,SYNTHETIC COMPANY 00199,1 Example Way,Nowhere,ZZ,00000,4451,2017,SYNTHETIC INDUSTRY,1,2,22,29482,2,0,0,0,0,0,0,0,0,0,0,0,0,,1/1/2025,2024
9201,SYNTHETIC SITE 00200,100200,,SYNTHETIC COMPANY 00200,1 Example Way,Nowhere,ZZ,00000,4451,2017,SYNTHETIC INDUSTRY,1,2,118,214319,2,0,0,0,0,0,0,0,0,0,0,0,0,,1/1/2025,2024
9202,SYNTHETIC SITE 00201,100201,,SYNTHETIC COMPANY 00201,1 Example Way,Nowhere,ZZ,00000,2361,2017,SYNTHETIC INDUSTRY,1,2,64,128272,1,0,0,1,0,0,4,1,0,0,0,0,0,,1/1/2025,2024
9203,SYNTHETIC SITE 00202,100202,,SYNTHETIC COMPANY 00202,1 Example Way,Nowhere,ZZ,00000,4841,2017,SYNTHETIC INDUSTRY,1,2,60,123623,1,0,0,1,4,0,4,5,0,0,0,0,0,,1/1/2025,2024
9204,SYNTHETIC SITE 00203,100203,,SYNTHETIC COMPANY 00203,1 Example Way,Nowhere,ZZ,00000,3251,2017,SYNTHETIC INDUSTRY,1,2,300,536239,2,0,0,0,0,0,0,0,0,0,0,0,0,,1/1/2025,2024
9205,SYNTHETIC SITE 00204,100204,,SYNTHETIC COMPANY 00204,1 Example Way,Nowhere,ZZ,00000,4841,2017,SYNTHETIC INDUSTRY,1,2,44,71436,1,0,1,0,0,7,0,1,0,0,0,0,0,,1/1/2025,2024
9206,SYNTHETIC SITE 00205,100205,,SYNTHETIC COMPANY 00205,1 Example Way,Nowhere,ZZ,00000,3252,2017,SYNTHETIC INDUSTRY,1,2,12,23487,2,0,0,0,0,0,0,0,0,0,0,0,0,,1/1/2025,2024
9207,SYNTHETIC SITE 00206,100206,,SYNTHETIC COMPANY 00206,1 Example Way,Nowhere,ZZ,00000,4841,2017,SYNTHETIC INDUSTRY,1,2,309,612486,2,0,0,0,0,0,0,0,0,0,0,0,0,,1/1/2025,2024
9208,SYNTHETIC SITE 00207,100207,,SYNTHETIC COMPANY 00207,1 Example Way,Nowhere,ZZ,00000,3328,2017,SYNTHETIC INDUSTRY,1,2,15,24669,1,0,1,1,0,7,4,2,0,0,0,0,0,,1/1/2025,2024
9209,SYNTHETIC SITE 00208,100208,,SYNTHETIC COMPANY 00208,1 Example Way,Nowhere,ZZ,00000,3328,2017,SYNTHETIC INDUSTRY,1,2,3,6947,2,0,0,0,0,0,0,0,0,0,0,0,0,,1/1/2025,2024
9210,SYNTHETIC SITE 00209,100209,,SYNTHETIC COMPANY 00209,1 Example Way,Nowhere,ZZ,00000,4451,2017,SYNTHETIC INDUSTRY,1,2,19,31014,2,0,0,0,0,0,0,0,0,0,0,0,0,,1/1/2025,2024
9211,SYNTHETIC SITE 00210,100210,,SYNTHETIC COMPANY 00210,1 Example Way,Nowhere,ZZ,00000,3115,2017,SYNTHETIC INDUSTRY,1,2,56,124430,1,0,4,2,4,28,8,10,0,0,0,0,0,,1/1/2025,2024
9212,SYNTHETIC SITE 00211,100211,,SYNTHETIC COMPANY 00211,1 Example Way,Nowhere,ZZ,00000,4451,2017,SYNTHETIC INDUSTRY,1,2,40,68635,2,0,0,0,0,0,0,0,0,0,0,0,0,,1/1/2025,2024
9213,SYNTHETIC SITE 00212,100212,,SYNTHETIC COMPANY 00212,1 Example Way,Nowhere,ZZ,00000,3252,2017,SYNTHETIC INDUSTRY,1,2,173,323023,2,0,0,0,0,0,0,0,0,0,0,0,0,,1/1/2025,2024
9214,SYNTHETIC SITE 00213,100213,,SYNTHETIC COMPANY 00213,1 Example Way,Nowhere,ZZ,00000,4451,2017,SYNTHETIC INDUSTRY,1,2,47,83232,2,0,0,0,0,0,0,0,0,0,0,0,0,,1/1/2025,2024
9215,SYNTHETIC SITE 00214,100214,,SYNTHETIC COMPANY 00214,1 Example Way,Nowhere,ZZ,00000,6221,2017,SYNTHETIC INDUSTRY,1,2,18,40801,1,0,1,0,0,7,0,1,0,0,0,0,0,,1/1/2025,2024
9216,SYNTHETIC SITE 00215,100215,,SYNTHETIC COMPANY 00215,1 Example Way,Nowhere,ZZ,00000,3252,2017,SYNTHETIC INDUSTRY,1,2,878,1564195,1,0,4,1,0,28,4,5,0,0,0,0,0,,1/1/2025,2024
9217,SYNTHETIC SITE 00216,100216,,SYNTHETIC COMPANY 00216,1 Example Way,Nowhere,ZZ,00000,3251,2017,SYNTHETIC INDUSTRY,1,2,14,23576,2,0,0,0,0,0,0,0,0,0,0,0,0,,1/1/2025,2024
9218,SYNTHETIC SITE 00217,100217,,SYNTHETIC COMPANY 00217,1 Example Way,Nowhere,ZZ,00000,4451,2017,SYNTHETIC INDUSTRY,1,2,80,138121,2,0,0,0,0,0,0,0,0,0,0,0,0,,1/1/2025,2024
9219,SYNTHETIC SITE 00218,100218,,SYNTHETIC COMPANY 00218,1 Example Way,Nowhere,ZZ,00000,3251,2017,SYNTHETIC INDUSTRY,1,2,58,107495,2,0,0,0,0,0,0,0,0,0,0,0,0,,1/1/2025,2024
9220,SYNTHETIC SITE 00219,100219,,SYNTHETIC COMPANY 00219,1 Example Way,Nowhere,ZZ,00000,3328,2017,SYNTHETIC INDUSTRY,1,2,32,45151,2,0,0,0,0,0,0,0,0,0,0,0,0,,1/1/2025,2024
9221,SYNTHETIC SITE 00220,100220,,SYNTHETIC COMPANY 00220,1 Example Way,Nowhere,ZZ,00000,3328,2017,SYNTHETIC INDUSTRY,1,2,47,86404,2,0,0,0,0,0,0,0,0,0,0,0,0,,1/1/2025,2024
9222,SYNTHETIC SITE 00221,100221,,SYNTHETIC COMPANY 00221,1 Example Way,Nowhere,ZZ,00000,6221,2017,SYNTHETIC INDUSTRY,1,2,36,63505,2,0,0,0,0,0,0,0,0,0,0,0,0,,1/1/2025,2024
9223,SYNTHETIC SITE 00222,100222,,SYNTHETIC COMPANY 00222,1 Example Way,Nowhere,ZZ,00000,3115,2017,SYNTHETIC INDUSTRY,1,2,119,179664,2,0,0,0,0,0,0,0,0,0,0,0,0,,1/1/2025,2024
9224,SYNTHETIC SITE 00223,100223,,SYNTHETIC COMPANY 00223,1 Example Way,Nowhere,ZZ,00000,3115,2017,SYNTHETIC INDUSTRY,1,2,35,77822,1,0,0,0,1,0,0,1,0,0,0,0,0,,1/1/2025,2024
9225,SYNTHETIC SITE 00224,100224,,SYNTHETIC COMPANY 00224,1 Example Way,Nowhere,ZZ,00000,3251,2017,SYNTHETIC INDUSTRY,1,2,3,5027,2,0,0,0,0,0,0,0,0,0,0,0,0,,1/1/2025,2024
9226,SYNTHETIC SITE 00225,100225,,SYNTHETIC COMPANY 00225,1 Example Way,Nowhere,ZZ,00000,3251,2017,SYNTHETIC INDUSTRY,1,2,58,77375,1,0,1,0,1,7,0,2,0,0,0,0,0,,1/1/2025,2024
9227,SYNTHETIC SITE 00226,100226,,SYNTHETIC COMPANY 00226,1 Example Way,Nowhere,ZZ,00000,4841,2017,SYNTHETIC INDUSTRY,1,2,26,42214,1,0,2,0,0,14,0,2,0,0,0,0,0,,1/1/2025,2024
9228,SYNTHETIC SITE 00227,100227,,SYNTHETIC COMPANY 00227,1 Example Way,Nowhere,ZZ,00000,3252,2017,SYNTHETIC INDUSTRY,1,2,37,69962,1,0,1,0,0,7,0,1,0,0,0,0,0,,1/1/2025,2024
9229,SYNTHETIC SITE 00228,100228,,SYNTHETIC COMPANY 00228,1 Example Way,Nowhere,ZZ,00000,6221,2017,SYNTHETIC INDUSTRY,1,2,126,243185,1,0,1,1,2,7,4,4,0,0,0,0,0,,1/1/2025,2024
9230,SYNTHETIC SITE 00229,100229,,SYNTHETIC COMPANY 00229,1 Example Way,Nowhere,ZZ,00000,2361,2017,SYNTHETIC INDUSTRY,1,2,41,74750,2,0,0,0,0,0,0,0,0,0,0,0,0,,1/1/2025,2024
9231,SYNTHETIC SITE 00230,100230,,SYNTHETIC COMPANY 00230,1 Example Way,Nowhere,ZZ,00000,2361,2017,SYNTHETIC INDUSTRY,1,2,16,27922,2,0,0,0,0,0,0,0,0,0,0,0,0,,1/1/2025,2024
9232,SYNTHETIC SITE 00231,100231,,SYNTHETIC COMPANY 00231,1 Example Way,Nowhere,ZZ,00000,4451,2017,SYNTHETIC INDUSTRY,1,2,183,329601,1,0,2,1,1,14,4,4,0,0,0,0,0,,1/1/2025,2024
9233,SYNTHETIC SITE 00232,100232,,SYNTHETIC COMPANY 00232,1 Example Way,Nowhere,ZZ,00000,2361,2017,SYNTHETIC INDUSTRY,1,2,26,63328,2,0,0,0,0,0,0,0,0,0,0,0,0,,1/1/2025,2024
9234,SYNTHETIC SITE 00233,100233,,SYNTHETIC COMPANY 00233,1 Example Way,Nowhere,ZZ,00000,3328,2017,SYNTHETIC INDUSTRY,1,2,31,51262,1,0,0,0,1,0,0,1,0,0,0,0,0,,1/1/2025,2024
9235,SYNTHETIC SITE 00234,100234,,SYNTHETIC COMPANY 00234,1 Example Way,Nowhere,ZZ,00000,6221,2017,SYNTHETIC INDUSTRY,1,2,22,49462,1,0,0,1,0,0,4,1,0,0,0,0,0,,1/1/2025,2024
9236,SYNTHETIC SITE 00235,100235,,SYNTHETIC COMPANY 00235,1 Example Way,Nowhere,ZZ,00000,3251,2017,SYNTHETIC INDUSTRY,1,2,17,35574,2,0,0,0,0,0,0,0,0,0,0,0,0,,1/1/2025,2024
9237,SYNTHETIC SITE 00236,100236,,SYNTHETIC COMPANY 00236,1 Example Way,Nowhere,ZZ,00000,4841,2017,SYNTHETIC INDUSTRY,1,2,88,180940,1,0,1,0,0,7,0,1,0,0,0,0,0,,1/1/2025,2024
9238,SYNTHETIC SITE 00237,100237,,SYNTHETIC COMPANY 00237,1 Example Way,Nowhere,ZZ,00000,3251,2017,SYNTHETIC INDUSTRY,1,2,10,23057,2,0,0,0,0,0,0,0,0,0,0,0,0,,1/1/2025,2024
9239,SYNTHETIC SITE 00238,100238,,SYNTHETIC COMPANY 00238,1 Example Way,Nowhere,ZZ,00000,2361,2017,SYNTHETIC INDUSTRY,1,2,36,74725,2,0,0,0,0,0,0,0,0,0,0,0,0,,1/1/2025,2024
9240,SYNTHETIC SITE 00239,100239,,SYNTHETIC COMPANY 00239,1 Example Way,Nowhere,ZZ,00000,3328,2017,SYNTHETIC INDUSTRY,1,2,6,7348,2,0,0,0,0,0,0,0,0,0,0,0,0,,1/1/2025,2024
9241,SYNTHETIC SITE 00240,100240,,SYNTHETIC COMPANY 00240,1 Example Way,Nowhere,ZZ,00000,6221,2017,SYNTHETIC INDUSTRY,1,2,256,452096,1,0,1,1,1,7,4,3,0,0,0,0,0,,1/1/2025,2024
9242,SYNTHETIC SITE 00241,100241,,SYNTHETIC COMPANY 00241,1 Example Way,Nowhere,ZZ,00000,3115,2017,SYNTHETIC INDUSTRY,1,2,50,100132,1,0,2,0,1,14,0,3,0,0,0,0,0,,1/1/2025,2024
9243,SYNTHETIC SITE 00242,100242,,SYNTHETIC COMPANY 00242,1 Example Way,Nowhere,ZZ,00000,2361,2017,SYNTHETIC INDUSTRY,1,2,72,139826,2,0,0,0,0,0,0,0,0,0,0,0,0,,1/1/2025,2024
9244,SYNTHETIC SITE 00243,100243,,SYNTHETIC COMPANY 00243,1 Example Way,Nowhere,ZZ,00000,3252,2017,SYNTHETIC INDUSTRY,1,2,83,165619,1,0,0,3,0,0,12,3,0,0,0,0,0,,1/1/2025,2024
9245,SYNTHETIC SITE 00244,100244,,SYNTHETIC COMPANY 00244,1 Example Way,Nowhere,ZZ,00000,6221,2017,SYNTHETIC INDUSTRY,1,2,106,184511,1,0,0,0,1,0,0,1,0,0,0,0,0,,1/1/2025,2024
9246,SYNTHETIC SITE 00245,100245,,SYNTHETIC COMPANY 00245,1 Example Way,Nowhere,ZZ,00000,3251,2017,SYNTHETIC INDUSTRY,1,2,61,124907,1,0,1,0,1,7,0,2,0,0,0,0,0,,1/1/2025,2024
9247,SYNTHETIC SITE 00246,100246,,SYNTHETIC COMPANY 00246,1 Example Way,Nowhere,ZZ,00000,4841,2017,SYNTHETIC INDUSTRY,1,2,4,7085,1,0,1,0,0,7,0,1,0,0,0,0,0,,1/1/2025,2024
9248,SYNTHETIC SITE 00247,100247,,SYNTHETIC COMPANY 00247,1 Example Way,Nowhere,ZZ,00000,3328,2017,SYNTHETIC INDUSTRY,1,2,203,334659,2,0,0,0,0,0,0,0,0,0,0,0,0,,1/1/2025,2024
9249,SYNTHETIC SITE 00248,100248,,SYNTHETIC COMPANY 00248,1 Example Way,Nowhere,ZZ,00000,3252,2017,SYNTHETIC INDUSTRY,1,2,261,444679,1,0,1,4,2,7,16,7,0,0,0,0,0,,1/1/2025,2024
9250,SYNTHETIC SITE 00249,100249,,SYNTHETIC COMPANY 00249,1 Example Way,Nowhere,ZZ,00000,4451,2017,SYNTHETIC INDUSTRY,1,2,480,879019,1,0,10,5,13,70,20,28,0,0,0,0,0,,1/1/2025,2024
9251,SYNTHETIC SITE 00250,100250,,SYNTHETIC COMPANY 00250,1 Example Way,Nowhere,ZZ,00000,4451,2017,SYNTHETIC INDUSTRY,1,2,7,10809,2,0,0,0,0,0,0,0,0,0,0,0,0,,1/1/2025,2024
9252,SYNTHETIC SITE 00251,100251,,SYNTHETIC COMPANY 00251,1 Example Way,Nowhere,ZZ,00000,6221,2017,SYNTHETIC INDUSTRY,1,2,39,81185,2,0,0,0,0,0,0,0,0,0,0,0,0,,1/1/2025,2024
9253,SYNTHETIC SITE 00252,100252,,SYNTHETIC COMPANY 00252,1 Example Way,Nowhere,ZZ,00000,3252,2017,SYNTHETIC INDUSTRY,1,2,12,20185,2,0,0,0,0,0,0,0,0,0,0,0,0,,1/1/2025,2024
9254,SYNTHETIC SITE 00253,100253,,SYNTHETIC COMPANY 00253,1 Example Way,Nowhere,ZZ,00000,3252,2017,SYNTHETIC INDUSTRY,1,2,99,182707,2,0,0,0,0,0,0,0,0,0,0,0,0,,1/1/2025,2024
9255,SYNTHETIC SITE 00254,100254,,SYNTHETIC COMPANY 00254,1 Example Way,Nowhere,ZZ,00000,4451,2017,SYNTHETIC INDUSTRY,1,2,7,10128,2,0,0,0,0,0,0,0,0,0,0,0,0,,1/1/2025,2024
9256,SYNTHETIC SITE 00255,100255,,SYNTHETIC COMPANY 00255,1 Example Way,Nowhere,ZZ,00000,2361,2017,SYNTHETIC INDUSTRY,1,2,37,65310,2,0,0,0,0,0,0,0,0,0,0,0,0,,1/1/2025,2024
9257,SYNTHETIC SITE 00256,100256,,SYNTHETIC COMPANY 00256,1 Example Way,Nowhere,ZZ,00000,4451,2017,SYNTHETIC INDUSTRY,1,2,68,102071,1,0,1,0,0,7,0,1,0,0,0,0,0,,1/1/2025,2024
9258,SYNTHETIC SITE 00257,100257,,SYNTHETIC COMPANY 00257,1 Example Way,Nowhere,ZZ,00000,4841,2017,SYNTHETIC INDUSTRY,1,2,222,490183,1,0,0,1,1,0,4,2,0,0,0,0,0,,1/1/2025,2024
9259,SYNTHETIC SITE 00258,100258,,SYNTHETIC COMPANY 00258,1 Example Way,Nowhere,ZZ,00000,3115,2017,SYNTHETIC INDUSTRY,1,2,149,286267,1,0,0,1,1,0,4,2,0,0,0,0,0,,1/1/2025,2024
9260,SYNTHETIC SITE 00259,100259,,SYNTHETIC COMPANY 00259,1 Example Way,Nowhere,ZZ,00000,3251,2017,SYNTHETIC INDUSTRY,1,2,19,45630,2,0,0,0,0,0,0,0,0,0,0,0,0,,1/1/2025,2024
9261,SYNTHETIC SITE 00260,100260,,SYNTHETIC COMPANY 00260,1 Example Way,Nowhere,ZZ,00000,4841,2017,SYNTHETIC INDUSTRY,1,2,16,32878,2,0,0,0,0,0,0,0,0,0,0,0,0,,1/1/2025,2024
9262,SYNTHETIC SITE 00261,100261,,SYNTHETIC COMPANY 00261,1 Example Way,Nowhere,ZZ,00000,3328,2017,SYNTHETIC INDUSTRY,1,2,322,553815,2,0,0,0,0,0,0,0,0,0,0,0,0,,1/1/2025,2024
9263,SYNTHETIC SITE 00262,100262,,SYNTHETIC COMPANY 00262,1 Example Way,Nowhere,ZZ,00000,3328,2017,SYNTHETIC INDUSTRY,1,2,17,27647,2,0,0,0,0,0,0,0,0,0,0,0,0,,1/1/2025,2024
9264,SYNTHETIC SITE 00263,100263,,SYNTHETIC COMPANY 00263,1 Example Way,Nowhere,ZZ,00000,3328,2017,SYNTHETIC INDUSTRY,1,2,141,240816,2,0,0,0,0,0,0,0,0,0,0,0,0,,1/1/2025,2024
9265,SYNTHETIC SITE 00264,100264,,SYNTHETIC COMPANY 00264,1 Example Way,Nowhere,ZZ,00000,4451,2017,SYNTHETIC INDUSTRY,1,2,119,234638,1,0,1,2,1,7,8,4,0,0,0,0,0,,1/1/2025,2024
9266,SYNTHETIC SITE 00265,100265,,SYNTHETIC COMPANY 00265,1 Example Way,Nowhere,ZZ,00000,3328,2017,SYNTHETIC INDUSTRY,1,2,85,148994,2,0,0,0,0,0,0,0,0,0,0,0,0,,1/1/2025,2024
9267,SYNTHETIC SITE 00266,100266,,SYNTHETIC COMPANY 00266,1 Example Way,Nowhere,ZZ,00000,2361,2017,SYNTHETIC INDUSTRY,1,2,37,76098,2,0,0,0,0,0,0,0,0,0,0,0,0,,1/1/2025,2024
9268,SYNTHETIC SITE 00267,100267,,SYNTHETIC COMPANY 00267,1 Example Way,Nowhere,ZZ,00000,3252,2017,SYNTHETIC INDUSTRY,1,2,60,115724,1,0,1,0,1,7,0,2,0,0,0,0,0,,1/1/2025,2024
9269,SYNTHETIC SITE 00268,100268,,SYNTHETIC COMPANY 00268,1 Example Way,Nowhere,ZZ,00000,6221,2017,SYNTHETIC INDUSTRY,1,2,64,124137,2,0,0,0,0,0,0,0,0,0,0,0,0,,1/1/2025,2024
9270,SYNTHETIC SITE 00269,100269,,SYNTHETIC COMPANY 00269,1 Example Way,Nowhere,ZZ,00000,4451,2017,SYNTHETIC INDUSTRY,1,2,12,27946,1,0,1,0,0,7,0,1,0,0,0,0,0,,1/1/2025,2024
9271,SYNTHETIC SITE 00270,100270,,SYNTHETIC COMPANY 00270,1 Example Way,Nowhere,ZZ,00000,4451,2017,SYNTHETIC INDUSTRY,1,2,27,53525,2,0,0,0,0,0,0,0,0,0,0,0,0,,1/1/2025,2024
9272,SYNTHETIC SITE 00271,100271,,SYNTHETIC COMPANY 00271,1 Example Way,Nowhere,ZZ,00000,6221,2017,SYNTHETIC INDUSTRY,1,2,109,155671,1,0,1,0,2,7,0,3,0,0,0,0,0,,1/1/2025,2024
9273,SYNTHETIC SITE 00272,100272,,SYNTHETIC COMPANY 00272,1 Example Way,Nowhere,ZZ,00000,4451,2017,SYNTHETIC INDUSTRY,1,2,60,111566,2,0,0,0,0,0,0,0,0,0,0,0,0,,1/1/2025,2024
9274,SYNTHETIC SITE 00273,100273,,SYNTHETIC COMPANY 00273,1 Example Way,Nowhere,ZZ,00000,3251,2017,SYNTHETIC INDUSTRY,1,2,49,111645,2,0,0,0,0,0,0,0,0,0,0,0,0,,1/1/2025,2024
9275,SYNTHETIC SITE 00274,100274,,SYNTHETIC COMPANY 00274,1 Example Way,Nowhere,ZZ,00000,3115,2017,SYNTHETIC INDUSTRY,1,2,361,608935,1,0,2,2,2,14,8,6,0,0,0,0,0,,1/1/2025,2024
9276,SYNTHETIC SITE 00275,100275,,SYNTHETIC COMPANY 00275,1 Example Way,Nowhere,ZZ,00000,3252,2017,SYNTHETIC INDUSTRY,1,2,202,339361,1,0,0,1,1,0,4,2,0,0,0,0,0,,1/1/2025,2024
9277,SYNTHETIC SITE 00276,100276,,SYNTHETIC COMPANY 00276,1 Example Way,Nowhere,ZZ,00000,4451,2017,SYNTHETIC INDUSTRY,1,2,22,42376,2,0,0,0,0,0,0,0,0,0,0,0,0,,1/1/2025,2024
9278,SYNTHETIC SITE 00277,100277,,SYNTHETIC COMPANY 00277,1 Example Way,Nowhere,ZZ,00000,3115,2017,SYNTHETIC INDUSTRY,1,2,5,9000,2,0,0,0,0,0,0,0,0,0,0,0,0,,1/1/2025,2024
9279,SYNTHETIC SITE 00278,100278,,SYNTHETIC COMPANY 00278,1 Example Way,Nowhere,ZZ,00000,3328,2017,SYNTHETIC INDUSTRY,1,2,49,96628,1,0,1,1,6,7,4,8,0,0,0,0,0,,1/1/2025,2024
9280,SYNTHETIC SITE 00279,100279,,SYNTHETIC COMPANY 00279,1 Example Way,Nowhere,ZZ,00000,4451,2017,SYNTHETIC INDUSTRY,1,2,15,28372,2,0,0,0,0,0,0,0,0,0,0,0,0,,1/1/2025,2024
9281,SYNTHETIC SITE 00280,100280,,SYNTHETIC COMPANY 00280,1 Example Way,Nowhere,ZZ,00000,3328,2017,SYNTHETIC INDUSTRY,1,2,172,318513,2,0,0,0,0,0,0,0,0,0,0,0,0,,1/1/2025,2024
9282,SYNTHETIC SITE 00281,100281,,SYNTHETIC COMPANY 00281,1 Example Way,Nowhere,ZZ,00000,6221,2017,SYNTHETIC INDUSTRY,1,2,91,177895,1,0,3,3,5,21,12,11,0,0,0,0,0,,1/1/2025,2024
9283,SYNTHETIC SITE 00282,100282,,SYNTHETIC COMPANY 00282,1 Example Way,Nowhere,ZZ,00000,3252,2017,SYNTHETIC INDUSTRY,1,2,331,574763,1,0,7,5,8,49,20,20,0,0,0,0,0,,1/1/2025,2024
9284,SYNTHETIC SITE 00283,100283,,SYNTHETIC COMPANY 00283,1 Example Way,Nowhere,ZZ,00000,3115,2017,SYNTHETIC INDUSTRY,1,2,62,103072,1,0,2,2,0,14,8,4,0,0,0,0,0,,1/1/2025,2024
9285,SYNTHETIC SITE 00284,100284,,SYNTHETIC COMPANY 00284,1 Example Way,Nowhere,ZZ,00000,3328,2017,SYNTHETIC INDUSTRY,1,2,31,60633,2,0,0,0,0,0,0,0,0,0,0,0,0,,1/1/2025,2024
9286,SYNTHETIC SITE 00285,100285,,SYNTHETIC COMPANY 00285,1 Example Way,Nowhere,ZZ,00000,3251,2017,SYNTHETIC INDUSTRY,1,2,86,141091,2,0,0,0,0,0,0,0,0,0,0,0,0,,1/1/2025,2024
9287,SYNTHETIC SITE 00286,100286,,SYNTHETIC COMPANY 00286,1 Example Way,Nowhere,ZZ,00000,6221,2017,SYNTHETIC INDUSTRY,1,2,10,15392,2,0,0,0,0,0,0,0,0,0,0,0,0,,1/1/2025,2024
9288,SYNTHETIC SITE 00287,100287,,SYNTHETIC COMPANY 00287,1 Example Way,Nowhere,ZZ,00000,3251,2017,SYNTHETIC INDUSTRY,1,2,30,58649,1,0,0,2,0,0,8,2,0,0,0,0,0,,1/1/2025,2024
9289,SYNTHETIC SITE 00288,100288,,SYNTHETIC COMPANY 00288,1 Example Way,Nowhere,ZZ,00000,6221,2017,SYNTHETIC INDUSTRY,1,2,56,96181,2,0,0,0,0,0,0,0,0,0,0,0,0,,1/1/2025,2024
9290,SYNTHETIC SITE 00289,100289,,SYNTHETIC COMPANY 00289,1 Example Way,Nowhere,ZZ,00000,4841,2017,SYNTHETIC INDUSTRY,1,2,51,87277,2,0,0,0,0,0,0,0,0,0,0,0,0,,1/1/2025,2024
9291,SYNTHETIC SITE 00290,100290,,SYNTHETIC COMPANY 00290,1 Example Way,Nowhere,ZZ,00000,2361,2017,SYNTHETIC INDUSTRY,1,2,73,98825,1,0,0,2,1,0,8,3,0,0,0,0,0,,1/1/2025,2024
9292,SYNTHETIC SITE 00291,100291,,SYNTHETIC COMPANY 00291,1 Example Way,Nowhere,ZZ,00000,4451,2017,SYNTHETIC INDUSTRY,1,2,20,38123,2,0,0,0,0,0,0,0,0,0,0,0,0,,1/1/2025,2024
9293,SYNTHETIC SITE 00292,100292,,SYNTHETIC COMPANY 00292,1 Example Way,Nowhere,ZZ,00000,6221,2017,SYNTHETIC INDUSTRY,1,2,23,43602,1,0,3,1,1,21,4,5,0,0,0,0,0,,1/1/2025,2024
9294,SYNTHETIC SITE 00293,100293,,SYNTHETIC COMPANY 00293,1 Example Way,Nowhere,ZZ,00000,4841,2017,SYNTHETIC INDUSTRY,1,2,29,57730,2,0,0,0,0,0,0,0,0,0,0,0,0,,1/1/2025,2024
9295,SYNTHETIC SITE 00294,100294,,SYNTHETIC COMPANY 00294,1 Example Way,Nowhere,ZZ,00000,4451,2017,SYNTHETIC INDUSTRY,1,2,36,57140,2,0,0,0,0,0,0,0,0,0,0,0,0,,1/1/2025,2024
9296,SYNTHETIC SITE 00295,100295,,SYNTHETIC COMPANY 00295,1 Example Way,Nowhere,ZZ,00000,6221,2017,SYNTHETIC INDUSTRY,1,2,19,31943,1,0,0,2,0,0,8,2,0,0,0,0,0,,1/1/2025,2024
9297,SYNTHETIC SITE 00296,100296,,SYNTHETIC COMPANY 00296,1 Example Way,Nowhere,ZZ,00000,6221,2017,SYNTHETIC INDUSTRY,1,2,488,939433,1,0,1,0,2,7,0,3,0,0,0,0,0,,1/1/2025,2024
9298,SYNTHETIC SITE 00297,100297,,SYNTHETIC COMPANY 00297,1 Example Way,Nowhere,ZZ,00000,3252,2017,SYNTHETIC INDUSTRY,1,2,146,300296,1,0,1,0,1,7,0,2,0,0,0,0,0,,1/1/2025,2024
9299,SYNTHETIC SITE 00298,100298,,SYNTHETIC COMPANY 00298,1 Example Way,Nowhere,ZZ,00000,6221,2017,SYNTHETIC INDUSTRY,1,2,28,48890,1,0,1,0,0,7,0,1,0,0,0,0,0,,1/1/2025,2024
9300,SYNTHETIC SITE 00299,100299,,SYNTHETIC COMPANY 00299,1 Example Way,Nowhere,ZZ,00000,3252,2017,SYNTHETIC INDUSTRY,1,2,18,29181,1,0,0,1,1,0,4,2,0,0,0,0,0,,1/1/2025,2024
9301,SYNTHETIC SITE 00300,100300,,SYNTHETIC COMPANY 00300,1 Example Way,Nowhere,ZZ,00000,2361,2017,SYNTHETIC INDUSTRY,1,2,7,13272,2,0,0,0,0,0,0,0,0,0,0,0,0,,1/1/2025,2024
9302,SYNTHETIC SITE 00301,100301,,SYNTHETIC COMPANY 00301,1 Example Way,Nowhere,ZZ,00000,4451,2017,SYNTHETIC INDUSTRY,1,2,43,77623,2,0,0,0,0,0,0,0,0,0,0,0,0,,1/1/2025,2024
9303,SYNTHETIC SITE 00302,100302,,SYNTHETIC COMPANY 00302,1 Example Way,Nowhere,ZZ,00000,3252,2017,SYNTHETIC INDUSTRY,1,2,54,96121,2,0,0,0,0,0,0,0,0,0,0,0,0,,1/1/2025,2024
9304,SYNTHETIC SITE 00303,100303,,SYNTHETIC COMPANY 00303,1 Example Way,Nowhere,ZZ,00000,6221,2017,SYNTHETIC INDUSTRY,1,2,30,58187,1,0,1,0,0,7,0,1,0,0,0,0,0,,1/1/2025,2024
9305,SYNTHETIC SITE 00304,100304,,SYNTHETIC COMPANY 00304,1 Example Way,Nowhere,ZZ,00000,3115,2017,SYNTHETIC INDUSTRY,1,2,24,48323,2,0,0,0,0,0,0,0,0,0,0,0,0,,1/1/2025,2024
9306,SYNTHETIC SITE 00305,100305,,SYNTHETIC COMPANY 00305,1 Example Way,Nowhere,ZZ,00000,3252,2017,SYNTHETIC INDUSTRY,1,2,124,226507,1,0,0,1,0,0,4,1,0,0,0,0,0,,1/1/2025,2024
9307,SYNTHETIC SITE 00306,100306,,SYNTHETIC COMPANY 00306,1 Example Way,Nowhere,ZZ,00000,6221,2017,SYNTHETIC INDUSTRY,1,2,98,185716,1,0,1,0,2,7,0,3,0,0,0,0,0,,1/1/2025,2024
9308,SYNTHETIC SITE 00307,100307,,SYNTHETIC COMPANY 00307,1 Example Way,Nowhere,ZZ,00000,3115,2017,SYNTHETIC INDUSTRY,1,2,55,78081,1,0,1,0,0,7,0,1,0,0,0,0,0,,1/1/2025,2024
9309,SYNTHETIC SITE 00308,100308,,SYNTHETIC COMPANY 00308,1 Example Way,Nowhere,ZZ,00000,3328,2017,SYNTHETIC INDUSTRY,1,2,52,124478,2,0,0,0,0,0,0,0,0,0,0,0,0,,1/1/2025,2024
9310,SYNTHETIC SITE 00309,100309,,SYNTHETIC COMPANY 00309,1 Example Way,Nowhere,ZZ,00000,4841,2017,SYNTHETIC INDUSTRY,1,2,12,27314,2,0,0,0,0,0,0,0,0,0,0,0,0,,1/1/2025,2024
9311,SYNTHETIC SITE 00310,100310,,SYNTHETIC COMPANY 00310,1 Example Way,Nowhere,ZZ,00000,4841,2017,SYNTHETIC INDUSTRY,1,2,28,51518,1,0,1,1,2,7,4,4,0,0,0,0,0,,1/1/2025,2024
9312,SYNTHETIC SITE 00311,100311,,SYNTHETIC COMPANY 00311,1 Example Way,Nowhere,ZZ,00000,2361,2017,SYNTHETIC INDUSTRY,1,2,53,106857,1,0,1,1,1,7,4,3,0,0,0,0,0,,1/1/2025,2024
9313,SYNTHETIC SITE 00312,100312,,SYNTHETIC COMPANY 00312,1 Example Way,Nowhere,ZZ,00000,3115,2017,SYNTHETIC INDUSTRY,1,2,167,294331,1,0,3,2,6,21,8,11,0,0,0,0,0,,1/1/2025,2024
9314,SYNTHETIC SITE 00313,100313,,SYNTHETIC COMPANY 00313,1 Example Way,Nowhere,ZZ,00000,4451,2017,SYNTHETIC INDUSTRY,1,2,67,123254,1,0,1,0,0,7,0,1,0,0,0,0,0,,1/1/2025,2024
9315,SYNTHETIC SITE 00314,100314,,SYNTHETIC COMPANY 00314,1 Example Way,Nowhere,ZZ,00000,4451,2017,SYNTHETIC INDUSTRY,1,2,17,27601,2,0,0,0,0,0,0,0,0,0,0,0,0,,1/1/2025,2024
9316,SYNTHETIC SITE 00315,100315,,SYNTHETIC COMPANY 00315,1 Example Way,Nowhere,ZZ,00000,3251,2017,SYNTHETIC INDUSTRY,1,2,31,51702,1,0,2,0,1,14,0,3,0,0,0,0,0,,1/1/2025,2024
9317,SYNTHETIC SITE 00316,100316,,SYNTHETIC COMPANY 00316,1 Example Way,Nowhere,ZZ,00000,3328,2017,SYNTHETIC INDUSTRY,1,2,41,64593,1,0,2,0,3,14,0,5,0,0,0,0,0,,1/1/2025,2024
9318,SYNTHETIC SITE 00317,100317,,SYNTHETIC COMPANY 00317,1 Example Way,Nowhere,ZZ,00000,6221,2017,SYNTHETIC INDUSTRY,1,2,158,262978,2,0,0,0,0,0,0,0,0,0,0,0,0,,1/1/2025,2024
9319,SYNTHETIC SITE 00318,100318,,SYNTHETIC COMPANY 00318,1 Example Way,Nowhere,ZZ,00000,4841,2017,SYNTHETIC INDUSTRY,1,2,22,40483,2,0,0,0,0,0,0,0,0,0,0,0,0,,1/1/2025,2024
9320,SYNTHETIC SITE 00319,100319,,SYNTHETIC COMPANY 00319,1 Example Way,Nowhere,ZZ,00000,3328,2017,SYNTHETIC INDUSTRY,1,2,34,53412,2,0,0,0,0,0,0,0,0,0,0,0,0,,1/1/2025,2024
9321,SYNTHETIC SITE 00320,100320,,SYNTHETIC COMPANY 00320,1 Example Way,Nowhere,ZZ,00000,2361,2017,SYNTHETIC INDUSTRY,1,2,77,141426,2,0,0,0,0,0,0,0,0,0,0,0,0,,1/1/2025,2024
9322,SYNTHETIC SITE 00321,100321,,SYNTHETIC COMPANY 00321,1 Example Way,Nowhere,ZZ,00000,3115,2017,SYNTHETIC INDUSTRY,1,2,42,68416,1,0,0,0,1,0,0,1,0,0,0,0,0,,1/1/2025,2024
9323,SYNTHETIC SITE 00322,100322,,SYNTHETIC COMPANY 00322,1 Example Way,Nowhere,ZZ,00000,4841,2017,SYNTHETIC INDUSTRY,1,2,227,384214,2,0,0,0,0,0,0,0,0,0,0,0,0,,1/1/2025,2024
9324,SYNTHETIC SITE 00323,100323,,SYNTHETIC COMPANY 00323,1 Example Way,Nowhere,ZZ,00000,3251,2017,SYNTHETIC INDUSTRY,1,2,34,56719,2,0,0,0,0,0,0,0,0,0,0,0,0,,1/1/2025,2024
9325,SYNTHETIC SITE 00324,100324,,SYNTHETIC COMPANY 00324,1 Example Way,Nowhere,ZZ,00000,3115,2017,SYNTHETIC INDUSTRY,1,2,130,256408,2,0,0,0,0,0,0,0,0,0,0,0,0,,1/1/2025,2024
9326,SYNTHETIC SITE 00325,100325,,SYNTHETIC COMPANY 00325,1 Example Way,Nowhere,ZZ,00000,4451,2017,SYNTHETIC INDUSTRY,1,2,55,123782,2,0,0,0,0,0,0,0,0,0,0,0,0,,1/1/2025,2024
9327,SYNTHETIC SITE 00326,100326,,SYNTHETIC COMPANY 00326,1 Example Way,Nowhere,ZZ,00000,4451,2017,SYNTHETIC INDUSTRY,1,2,123,281244,2,0,0,0,0,0,0,0,0,0,0,0,0,,1/1/2025,2024
9328,SYNTHETIC SITE 00327,100327,,SYNTHETIC COMPANY 00327,1 Example Way,Nowhere,ZZ,00000,3251,2017,SYNTHETIC INDUSTRY,1,2,32,43166,2,0,0,0,0,0,0,0,0,0,0,0,0,,1/1/2025,2024
9329,SYNTHETIC SITE 00328,100328,,SYNTHETIC COMPANY 00328,1 Example Way,Nowhere,ZZ,00000,3252,2017,SYNTHETIC INDUSTRY,1,2,116,229203,1,0,2,1,6,14,4,9,0,0,0,0,0,,1/1/2025,2024
9330,SYNTHETIC SITE 00329,100329,,SYNTHETIC COMPANY 00329,1 Example Way,Nowhere,ZZ,00000,4451,2017,SYNTHETIC INDUSTRY,1,2,16,34378,2,0,0,0,0,0,0,0,0,0,0,0,0,,1/1/2025,2024
9331,SYNTHETIC SITE 00330,100330,,SYNTHETIC COMPANY 00330,1 Example Way,Nowhere,ZZ,00000,2361,2017,SYNTHETIC INDUSTRY,1,2,52,91047,2,0,0,0,0,0,0,0,0,0,0,0,0,,1/1/2025,2024
9332,SYNTHETIC SITE 00331,100331,,SYNTHETIC COMPANY 00331,1 Example Way,Nowhere,ZZ,00000,3115,2017,SYNTHETIC INDUSTRY,1,2,16,38036,2,0,0,0,0,0,0,0,0,0,0,0,0,,1/1/2025,2024
9333,SYNTHETIC SITE 00332,100332,,SYNTHETIC COMPANY 00332,1 Example Way,Nowhere,ZZ,00000,3328,2017,SYNTHETIC INDUSTRY,1,2,134,279692,1,0,7,1,6,49,4,14,0,0,0,0,0,,1/1/2025,2024
9334,SYNTHETIC SITE 00333,100333,,SYNTHETIC COMPANY 00333,1 Example Way,Nowhere,ZZ,00000,2361,2017,SYNTHETIC INDUSTRY,1,2,40,88507,2,0,0,0,0,0,0,0,0,0,0,0,0,,1/1/2025,2024
9335,SYNTHETIC SITE 00334,100334,,SYNTHETIC COMPANY 00334,1 Example Way,Nowhere,ZZ,00000,4451,2017,SYNTHETIC INDUSTRY,1,2,63,96857,1,0,0,0,1,0,0,1,0,0,0,0,0,,1/1/2025,2024
9336,SYNTHETIC SITE 00335,100335,,SYNTHETIC COMPANY 00335,1 Example Way,Nowhere,ZZ,00000,3115,2017,SYNTHETIC INDUSTRY,1,2,55,83572,1,0,4,4,5,28,16,13,0,0,0,0,0,,1/1/2025,2024
9337,SYNTHETIC SITE 00336,100336,,SYNTHETIC COMPANY 00336,1 Example Way,Nowhere,ZZ,00000,6221,2017,SYNTHETIC INDUSTRY,1,2,33,65869,2,0,0,0,0,0,0,0,0,0,0,0,0,,1/1/2025,2024
9338,SYNTHETIC SITE 00337,100337,,SYNTHETIC COMPANY 00337,1 Example Way,Nowhere,ZZ,00000,3115,2017,SYNTHETIC INDUSTRY,1,2,93,153292,1,0,3,0,3,21,0,6,0,0,0,0,0,,1/1/2025,2024
9339,SYNTHETIC SITE 00338,100338,,SYNTHETIC COMPANY 00338,1 Example Way,Nowhere,ZZ,00000,3251,2017,SYNTHETIC INDUSTRY,1,2,33,68032,1,0,1,2,1,7,8,4,0,0,0,0,0,,1/1/2025,2024
9340,SYNTHETIC SITE 00339,100339,,SYNTHETIC COMPANY 00339,1 Example Way,Nowhere,ZZ,00000,2361,2017,SYNTHETIC INDUSTRY,1,2,180,293230000,1,0,7,2,6,49,8,15,0,0,0,0,0,,1/1/2025,2024
9341,SYNTHETIC SITE 00340,100340,,SYNTHETIC COMPANY 00340,1 Example Way,Nowhere,ZZ,00000,3328,2017,SYNTHETIC INDUSTRY,1,2,14,34055,2,0,0,0,0,0,0,0,0,0,0,0,0,,1/1/2025,2024
9342,SYNTHETIC SITE 00341,100341,,SYNTHETIC COMPANY 00341,1 Example Way,Nowhere,ZZ,00000,3328,2017,SYNTHETIC INDUSTRY,1,2,31,45185,2,0,0,0,0,0,0,0,0,0,0,0,0,,1/1/2025,2024
9343,SYNTHETIC SITE 00342,100342,,SYNTHETIC COMPANY 00342,1 Example Way,Nowhere,ZZ,00000,4841,2017,SYNTHETIC INDUSTRY,1,2,14,31573,2,0,0,0,0,0,0,0,0,0,0,0,0,,1/1/2025,2024
9344,SYNTHETIC SITE 00343,100343,,SYNTHETIC COMPANY 00343,1 Example Way,Nowhere,ZZ,00000,3251,2017,SYNTHETIC INDUSTRY,1,2,151,264592,2,0,0,0,0,0,0,0,0,0,0,0,0,,1/1/2025,2024
9345,SYNTHETIC SITE 00344,100344,,SYNTHETIC COMPANY 00344,1 Example Way,Nowhere,ZZ,00000,4451,2017,SYNTHETIC INDUSTRY,1,2,196,434775,1,0,3,0,3,21,0,6,0,0,0,0,0,,1/1/2025,2024
9346,SYNTHETIC SITE 00345,100345,,SYNTHETIC COMPANY 00345,1 Example Way,Nowhere,ZZ,00000,4451,2017,SYNTHETIC INDUSTRY,1,2,1301,2495171,1,0,1,1,4,7,4,6,0,0,0,0,0,,1/1/2025,2024
9347,SYNTHETIC SITE 00346,100346,,SYNTHETIC COMPANY 00346,1 Example Way,Nowhere,ZZ,00000,4841,2017,SYNTHETIC INDUSTRY,1,2,33,62781,2,0,0,0,0,0,0,0,0,0,0,0,0,,1/1/2025,2024
9348,SYNTHETIC SITE 00347,100347,,SYNTHETIC COMPANY 00347,1 Example Way,Nowhere,ZZ,00000,4451,2017,SYNTHETIC INDUSTRY,1,2,14,20268,2,0,0,0,0,0,0,0,0,0,0,0,0,,1/1/2025,2024
9349,SYNTHETIC SITE 00348,100348,,SYNTHETIC COMPANY 00348,1 Example Way,Nowhere,ZZ,00000,4451,2017,SYNTHETIC INDUSTRY,1,2,157,281076,1,0,2,2,4,14,8,8,0,0,0,0,0,,1/1/2025,2024
9350,SYNTHETIC SITE 00349,100349,,SYNTHETIC COMPANY 00349,1 Example Way,Nowhere,ZZ,00000,4451,2017,SYNTHETIC INDUSTRY,1,2,44,80434,2,0,0,0,0,0,0,0,0,0,0,0,0,,1/1/2025,2024
9351,SYNTHETIC SITE 00350,100350,,SYNTHETIC COMPANY 00350,1 Example Way,Nowhere,ZZ,00000,4451,2017,SYNTHETIC INDUSTRY,1,2,317,614925,1,0,1,0,1,7,0,2,0,0,0,0,0,,1/1/2025,2024
9352,SYNTHETIC SITE 00351,100351,,SYNTHETIC COMPANY 00351,1 Example Way,Nowhere,ZZ,00000,4841,2017,SYNTHETIC INDUSTRY,1,2,146,208104,2,0,0,0,0,0,0,0,0,0,0,0,0,,1/1/2025,2024
9353,SYNTHETIC SITE 00352,100352,,SYNTHETIC COMPANY 00352,1 Example Way,Nowhere,ZZ,00000,3328,2017,SYNTHETIC INDUSTRY,1,2,62,117331,1,0,1,1,1,7,4,3,0,0,0,0,0,,1/1/2025,2024
9354,SYNTHETIC SITE 00353,100353,,SYNTHETIC COMPANY 00353,1 Example Way,Nowhere,ZZ,00000,4451,2017,SYNTHETIC INDUSTRY,1,2,356,683835,1,0,13,10,14,91,40,37,0,0,0,0,0,,1/1/2025,2024
9355,SYNTHETIC SITE 00354,100354,,SYNTHETIC COMPANY 00354,1 Example Way,Nowhere,ZZ,00000,4841,2017,SYNTHETIC INDUSTRY,1,2,50,105631,2,0,0,0,0,0,0,0,0,0,0,0,0,,1/1/2025,2024
9356,SYNTHETIC SITE 00355,100355,,SYNTHETIC COMPANY 00355,1 Example Way,Nowhere,ZZ,00000,3115,2017,SYNTHETIC INDUSTRY,1,2,114,202166,2,0,0,0,0,0,0,0,0,0,0,0,0,,1/1/2025,2024
9357,SYNTHETIC SITE 00356,100356,,SYNTHETIC COMPANY 00356,1 Example Way,Nowhere,ZZ,00000,4841,2017,SYNTHETIC INDUSTRY,1,2,28,43653,1,0,1,0,0,7,0,1,0,0,0,0,0,,1/1/2025,2024
9358,SYNTHETIC SITE 00357,100357,,SYNTHETIC COMPANY 00357,1 Example Way,Nowhere,ZZ,00000,4451,2017,SYNTHETIC INDUSTRY,1,2,93,191079,2,0,0,0,0,0,0,0,0,0,0,0,0,,1/1/2025,2024
9359,SYNTHETIC SITE 00358,100358,,SYNTHETIC COMPANY 00358,1 Example Way,Nowhere,ZZ,00000,3251,2017,SYNTHETIC INDUSTRY,1,2,37,59616,1,0,0,1,1,0,4,2,0,0,0,0,0,,1/1/2025,2024
9360,SYNTHETIC SITE 00359,100359,,SYNTHETIC COMPANY 00359,1 Example Way,Nowhere,ZZ,00000,3115,2017,SYNTHETIC INDUSTRY,1,2,140,286267,1,0,5,8,9,35,32,22,0,0,0,0,0,,1/1/2025,2024
9361,SYNTHETIC SITE 00360,100360,,SYNTHETIC COMPANY 00360,1 Example Way,Nowhere,ZZ,00000,4841,2017,SYNTHETIC INDUSTRY,1,2,338,768487,2,0,0,0,0,0,0,0,0,0,0,0,0,,1/1/2025,2024
9362,SYNTHETIC SITE 00361,100361,,SYNTHETIC COMPANY 00361,1 Example Way,Nowhere,ZZ,00000,3328,2017,SYNTHETIC INDUSTRY,1,2,66,151630,1,0,1,0,0,7,0,1,0,0,0,0,0,,1/1/2025,2024
9363,SYNTHETIC SITE 00362,100362,,SYNTHETIC COMPANY 00362,1 Example Way,Nowhere,ZZ,00000,3252,2017,SYNTHETIC INDUSTRY,1,2,102,184382,1,0,3,1,6,21,4,10,0,0,0,0,0,,1/1/2025,2024
9364,SYNTHETIC SITE 00363,100363,,SYNTHETIC COMPANY 00363,1 Example Way,Nowhere,ZZ,00000,4841,2017,SYNTHETIC INDUSTRY,1,2,12,14153,2,0,0,0,0,0,0,0,0,0,0,0,0,,1/1/2025,2024
9365,SYNTHETIC SITE 00364,100364,,SYNTHETIC COMPANY 00364,1 Example Way,Nowhere,ZZ,00000,6221,2017,SYNTHETIC INDUSTRY,1,2,4,7911,2,0,0,0,0,0,0,0,0,0,0,0,0,,1/1/2025,2024
9366,SYNTHETIC SITE 00365,100365,,SYNTHETIC COMPANY 00365,1 Example Way,Nowhere,ZZ,00000,3328,2017,SYNTHETIC INDUSTRY,1,2,35,74389,1,0,1,0,0,7,0,1,0,0,0,0,0,,1/1/2025,2024
9367,SYNTHETIC SITE 00366,100366,,SYNTHETIC COMPANY 00366,1 Example Way,Nowhere,ZZ,00000,4451,2017,SYNTHETIC INDUSTRY,1,2,82,150192,2,0,0,0,0,0,0,0,0,0,0,0,0,,1/1/2025,2024
9368,SYNTHETIC SITE 00367,100367,,SYNTHETIC COMPANY 00367,1 Example Way,Nowhere,ZZ,00000,6221,2017,SYNTHETIC INDUSTRY,1,2,83,169961,1,0,0,0,1,0,0,1,0,0,0,0,0,,1/1/2025,2024
9369,SYNTHETIC SITE 00368,100368,,SYNTHETIC COMPANY 00368,1 Example Way,Nowhere,ZZ,00000,3251,2017,SYNTHETIC INDUSTRY,1,2,567,1009499,1,0,2,2,3,14,8,7,0,0,0,0,0,,1/1/2025,2024
9370,SYNTHETIC SITE 00369,100369,,SYNTHETIC COMPANY 00369,1 Example Way,Nowhere,ZZ,00000,3252,2017,SYNTHETIC INDUSTRY,1,2,93,188667,1,0,1,5,4,7,20,10,0,0,0,0,0,,1/1/2025,2024
9371,SYNTHETIC SITE 00370,100370,,SYNTHETIC COMPANY 00370,1 Example Way,Nowhere,ZZ,00000,3252,2017,SYNTHETIC INDUSTRY,1,2,66,142985,1,0,1,0,5,7,0,6,0,0,0,0,0,,1/1/2025,2024
9372,SYNTHETIC SITE 00371,100371,,SYNTHETIC COMPANY 00371,1 Example Way,Nowhere,ZZ,00000,4841,2017,SYNTHETIC INDUSTRY,1,2,34,59662,2,0,0,0,0,0,0,0,0,0,0,0,0,,1/1/2025,2024
9373,SYNTHETIC SITE 00372,100372,,SYNTHETIC COMPANY 00372,1 Example Way,Nowhere,ZZ,00000,4451,2017,SYNTHETIC INDUSTRY,1,2,33,50314,1,0,0,0,1,0,0,1,0,0,0,0,0,,1/1/2025,2024
9374,SYNTHETIC SITE 00373,100373,,SYNTHETIC COMPANY 00373,1 Example Way,Nowhere,ZZ,00000,3328,2017,SYNTHETIC INDUSTRY,1,2,13,24766,2,0,0,0,0,0,0,0,0,0,0,0,0,,1/1/2025,2024
9375,SYNTHETIC SITE 00374,100374,,SYNTHETIC COMPANY 00374,1 Example Way,Nowhere,ZZ,00000,3115,2017,SYNTHETIC INDUSTRY,1,2,35,80237,1,0,2,0,1,14,0,3,0,0,0,0,0,,1/1/2025,2024
9376,SYNTHETIC SITE 00375,100375,,SYNTHETIC COMPANY 00375,1 Example Way,Nowhere,ZZ,00000,6221,2017,SYNTHETIC INDUSTRY,1,2,23,44135,2,0,0,0,0,0,0,0,0,0,0,0,0,,1/1/2025,2024
9377,SYNTHETIC SITE 00376,100376,,SYNTHETIC COMPANY 00376,1 Example Way,Nowhere,ZZ,00000,4841,2017,SYNTHETIC INDUSTRY,1,2,10,20440,2,0,0,0,0,0,0,0,0,0,0,0,0,,1/1/2025,2024
9378,SYNTHETIC SITE 00377,100377,,SYNTHETIC COMPANY 00377,1 Example Way,Nowhere,ZZ,00000,3251,2017,SYNTHETIC INDUSTRY,1,2,123,176932,1,0,1,0,0,7,0,1,0,0,0,0,0,,1/1/2025,2024
9379,SYNTHETIC SITE 00378,100378,,SYNTHETIC COMPANY 00378,1 Example Way,Nowhere,ZZ,00000,4451,2017,SYNTHETIC INDUSTRY,1,2,134,231488,1,0,6,4,3,42,16,13,0,0,0,0,0,,1/1/2025,2024
9380,SYNTHETIC SITE 00379,100379,,SYNTHETIC COMPANY 00379,1 Example Way,Nowhere,ZZ,00000,2361,2017,SYNTHETIC INDUSTRY,1,2,79,137149,2,0,0,0,0,0,0,0,0,0,0,0,0,,1/1/2025,2024
9381,SYNTHETIC SITE 00380,100380,,SYNTHETIC COMPANY 00380,1 Example Way,Nowhere,ZZ,00000,6221,2017,SYNTHETIC INDUSTRY,1,2,84,11997500000,2,0,0,0,0,0,0,0,0,0,0,0,0,,1/1/2025,2024
9382,SYNTHETIC SITE 00381,100381,,SYNTHETIC COMPANY 00381,1 Example Way,Nowhere,ZZ,00000,3251,2017,SYNTHETIC INDUSTRY,1,2,112,251045,2,0,0,0,0,0,0,0,0,0,0,0,0,,1/1/2025,2024
9383,SYNTHETIC SITE 00382,100382,,SYNTHETIC COMPANY 00382,1 Example Way,Nowhere,ZZ,00000,6221,2017,SYNTHETIC INDUSTRY,1,2,13,23262,2,0,0,0,0,0,0,0,0,0,0,0,0,,1/1/2025,2024
9384,SYNTHETIC SITE 00383,100383,,SYNTHETIC COMPANY 00383,1 Example Way,Nowhere,ZZ,00000,6221,2017,SYNTHETIC INDUSTRY,1,2,5,8937,2,0,0,0,0,0,0,0,0,0,0,0,0,,1/1/2025,2024
9385,SYNTHETIC SITE 00384,100384,,SYNTHETIC COMPANY 00384,1 Example Way,Nowhere,ZZ,00000,4451,2017,SYNTHETIC INDUSTRY,1,2,37,74422,2,0,0,0,0,0,0,0,0,0,0,0,0,,1/1/2025,2024
9386,SYNTHETIC SITE 00385,100385,,SYNTHETIC COMPANY 00385,1 Example Way,Nowhere,ZZ,00000,2361,2017,SYNTHETIC INDUSTRY,1,2,37,63102,2,0,0,0,0,0,0,0,0,0,0,0,0,,1/1/2025,2024
9387,SYNTHETIC SITE 00386,100386,,SYNTHETIC COMPANY 00386,1 Example Way,Nowhere,ZZ,00000,4841,2017,SYNTHETIC INDUSTRY,1,2,172,272662,2,0,0,0,0,0,0,0,0,0,0,0,0,,1/1/2025,2024
9388,SYNTHETIC SITE 00387,100387,,SYNTHETIC COMPANY 00387,1 Example Way,Nowhere,ZZ,00000,3252,2017,SYNTHETIC INDUSTRY,1,2,118,180934,1,0,2,1,1,14,4,4,0,0,0,0,0,,1/1/2025,2024
9389,SYNTHETIC SITE 00388,100388,,SYNTHETIC COMPANY 00388,1 Example Way,Nowhere,ZZ,00000,2361,2017,SYNTHETIC INDUSTRY,1,2,92,170747,1,0,0,0,2,0,0,2,0,0,0,0,0,,1/1/2025,2024
9390,SYNTHETIC SITE 00389,100389,,SYNTHETIC COMPANY 00389,1 Example Way,Nowhere,ZZ,00000,3328,2017,SYNTHETIC INDUSTRY,1,2,28,60409,2,0,0,0,0,0,0,0,0,0,0,0,0,,1/1/2025,2024
9391,SYNTHETIC SITE 00390,100390,,SYNTHETIC COMPANY 00390,1 Example Way,Nowhere,ZZ,00000,6221,2017,SYNTHETIC INDUSTRY,1,2,28,55841,2,0,0,0,0,0,0,0,0,0,0,0,0,,1/1/2025,2024
9392,SYNTHETIC SITE 00391,100391,,SYNTHETIC COMPANY 00391,1 Example Way,Nowhere,ZZ,00000,2361,2017,SYNTHETIC INDUSTRY,1,2,52,104761,1,0,0,0,1,0,0,1,0,0,0,0,0,,1/1/2025,2024
9393,SYNTHETIC SITE 00392,100392,,SYNTHETIC COMPANY 00392,1 Example Way,Nowhere,ZZ,00000,3252,2017,SYNTHETIC INDUSTRY,1,2,74,181429,1,0,3,1,1,21,4,5,0,0,0,0,0,,1/1/2025,2024
9394,SYNTHETIC SITE 00393,100393,,SYNTHETIC COMPANY 00393,1 Example Way,Nowhere,ZZ,00000,4841,2017,SYNTHETIC INDUSTRY,1,2,116,217079,2,0,0,0,0,0,0,0,0,0,0,0,0,,1/1/2025,2024
9395,SYNTHETIC SITE 00394,100394,,SYNTHETIC COMPANY 00394,1 Example Way,Nowhere,ZZ,00000,6221,2017,SYNTHETIC INDUSTRY,1,2,6,12496,2,0,0,0,0,0,0,0,0,0,0,0,0,,1/1/2025,2024
9396,SYNTHETIC SITE 00395,100395,,SYNTHETIC COMPANY 00395,1 Example Way,Nowhere,ZZ,00000,4841,2017,SYNTHETIC INDUSTRY,1,2,4,6614,2,0,0,0,0,0,0,0,0,0,0,0,0,,1/1/2025,2024
9397,SYNTHETIC SITE 00396,100396,,SYNTHETIC COMPANY 00396,1 Example Way,Nowhere,ZZ,00000,3251,2017,SYNTHETIC INDUSTRY,1,2,21,43530,2,0,0,0,0,0,0,0,0,0,0,0,0,,1/1/2025,2024
9398,SYNTHETIC SITE 00397,100397,,SYNTHETIC COMPANY 00397,1 Example Way,Nowhere,ZZ,00000,3252,2017,SYNTHETIC INDUSTRY,1,2,7,10278,2,0,0,0,0,0,0,0,0,0,0,0,0,,1/1/2025,2024
9399,SYNTHETIC SITE 00398,100398,,SYNTHETIC COMPANY 00398,1 Example Way,Nowhere,ZZ,00000,4841,2017,SYNTHETIC INDUSTRY,1,2,95,201709,2,0,0,0,0,0,0,0,0,0,0,0,0,,1/1/2025,2024
9400,SYNTHETIC SITE 00399,100399,,SYNTHETIC COMPANY 00399,1 Example Way,Nowhere,ZZ,00000,2361,2017,SYNTHETIC INDUSTRY,1,2,8,12887,2,0,0,0,0,0,0,0,0,0,0,0,0,,1/1/2025,2024
9401,SYNTHETIC SITE 00400,100400,,SYNTHETIC COMPANY 00400,1 Example Way,Nowhere,ZZ,00000,4451,2017,SYNTHETIC INDUSTRY,1,2,48,93557,1,0,1,0,1,7,0,2,0,0,0,0,0,,1/1/2025,2024
9402,SYNTHETIC SITE 00401,100401,,SYNTHETIC COMPANY 00401,1 Example Way,Nowhere,ZZ,00000,6221,2017,SYNTHETIC INDUSTRY,1,2,31,50392,1,0,2,0,3,14,0,5,0,0,0,0,0,,1/1/2025,2024
9403,SYNTHETIC SITE 00402,100402,,SYNTHETIC COMPANY 00402,1 Example Way,Nowhere,ZZ,00000,3328,2017,SYNTHETIC INDUSTRY,1,2,46,108796,2,0,0,0,0,0,0,0,0,0,0,0,0,,1/1/2025,2024
9404,SYNTHETIC SITE 00403,100403,,SYNTHETIC COMPANY 00403,1 Example Way,Nowhere,ZZ,00000,4451,2017,SYNTHETIC INDUSTRY,1,2,4,6999,2,0,0,0,0,0,0,0,0,0,0,0,0,,1/1/2025,2024
9405,SYNTHETIC SITE 00404,100404,,SYNTHETIC COMPANY 00404,1 Example Way,Nowhere,ZZ,00000,3252,2017,SYNTHETIC INDUSTRY,1,2,173,341496,1,0,1,0,3,7,0,4,0,0,0,0,0,,1/1/2025,2024
9406,SYNTHETIC SITE 00405,100405,,SYNTHETIC COMPANY 00405,1 Example Way,Nowhere,ZZ,00000,2361,2017,SYNTHETIC INDUSTRY,1,2,21,46039,2,0,0,0,0,0,0,0,0,0,0,0,0,,1/1/2025,2024
9407,SYNTHETIC SITE 00406,100406,,SYNTHETIC COMPANY 00406,1 Example Way,Nowhere,ZZ,00000,3251,2017,SYNTHETIC INDUSTRY,1,2,8,13855,2,0,0,0,0,0,0,0,0,0,0,0,0,,1/1/2025,2024
9408,SYNTHETIC SITE 00407,100407,,SYNTHETIC COMPANY 00407,1 Example Way,Nowhere,ZZ,00000,3115,2017,SYNTHETIC INDUSTRY,1,2,280,554886,2,0,0,0,0,0,0,0,0,0,0,0,0,,1/1/2025,2024
9409,SYNTHETIC SITE 00408,100408,,SYNTHETIC COMPANY 00408,1 Example Way,Nowhere,ZZ,00000,3328,2017,SYNTHETIC INDUSTRY,1,2,58,118263,2,0,0,0,0,0,0,0,0,0,0,0,0,,1/1/2025,2024
9410,SYNTHETIC SITE 00409,100409,,SYNTHETIC COMPANY 00409,1 Example Way,Nowhere,ZZ,00000,4841,2017,SYNTHETIC INDUSTRY,1,2,123,237952,2,0,0,0,0,0,0,0,0,0,0,0,0,,1/1/2025,2024
9411,SYNTHETIC SITE 00410,100410,,SYNTHETIC COMPANY 00410,1 Example Way,Nowhere,ZZ,00000,3115,2017,SYNTHETIC INDUSTRY,1,2,41,59603,2,0,0,0,0,0,0,0,0,0,0,0,0,,1/1/2025,2024
9412,SYNTHETIC SITE 00411,100411,,SYNTHETIC COMPANY 00411,1 Example Way,Nowhere,ZZ,00000,3115,2017,SYNTHETIC INDUSTRY,1,2,144,239385,2,0,0,0,0,0,0,0,0,0,0,0,0,,1/1/2025,2024
9413,SYNTHETIC SITE 00412,100412,,SYNTHETIC COMPANY 00412,1 Example Way,Nowhere,ZZ,00000,6221,2017,SYNTHETIC INDUSTRY,1,2,83,192593,1,0,1,2,5,7,8,8,0,0,0,0,0,,1/1/2025,2024
9414,SYNTHETIC SITE 00413,100413,,SYNTHETIC COMPANY 00413,1 Example Way,Nowhere,ZZ,00000,3328,2017,SYNTHETIC INDUSTRY,1,2,48,97066,1,0,1,0,0,7,0,1,0,0,0,0,0,,1/1/2025,2024
9415,SYNTHETIC SITE 00414,100414,,SYNTHETIC COMPANY 00414,1 Example Way,Nowhere,ZZ,00000,3115,2017,SYNTHETIC INDUSTRY,1,2,11,18089,1,0,0,3,0,0,12,3,0,0,0,0,0,,1/1/2025,2024
9416,SYNTHETIC SITE 00415,100415,,SYNTHETIC COMPANY 00415,1 Example Way,Nowhere,ZZ,00000,3251,2017,SYNTHETIC INDUSTRY,1,2,9,17201,1,0,0,2,0,0,8,2,0,0,0,0,0,,1/1/2025,2024
9417,SYNTHETIC SITE 00416,100416,,SYNTHETIC COMPANY 00416,1 Example Way,Nowhere,ZZ,00000,3115,2017,SYNTHETIC INDUSTRY,1,2,50,114393,2,0,0,0,0,0,0,0,0,0,0,0,0,,1/1/2025,2024
9418,SYNTHETIC SITE 00417,100417,,SYNTHETIC COMPANY 00417,1 Example Way,Nowhere,ZZ,00000,6221,2017,SYNTHETIC INDUSTRY,1,2,91,120928,2,0,0,0,0,0,0,0,0,0,0,0,0,,1/1/2025,2024
9419,SYNTHETIC SITE 00418,100418,,SYNTHETIC COMPANY 00418,1 Example Way,Nowhere,ZZ,00000,4451,2017,SYNTHETIC INDUSTRY,1,2,22,37886,2,0,0,0,0,0,0,0,0,0,0,0,0,,1/1/2025,2024
9420,SYNTHETIC SITE 00419,100419,,SYNTHETIC COMPANY 00419,1 Example Way,Nowhere,ZZ,00000,4841,2017,SYNTHETIC INDUSTRY,1,2,140,184634,2,0,0,0,0,0,0,0,0,0,0,0,0,,1/1/2025,2024
9421,SYNTHETIC SITE 00420,100420,,SYNTHETIC COMPANY 00420,1 Example Way,Nowhere,ZZ,00000,3252,2017,SYNTHETIC INDUSTRY,1,2,37,57958,2,0,0,0,0,0,0,0,0,0,0,0,0,,1/1/2025,2024
9422,SYNTHETIC SITE 00421,100421,,SYNTHETIC COMPANY 00421,1 Example Way,Nowhere,ZZ,00000,4841,2017,SYNTHETIC INDUSTRY,1,2,90,176691,1,0,3,0,0,21,0,3,0,0,0,0,0,,1/1/2025,2024
9423,SYNTHETIC SITE 00422,100422,,SYNTHETIC COMPANY 00422,1 Example Way,Nowhere,ZZ,00000,6221,2017,SYNTHETIC INDUSTRY,1,2,87,137192,1,0,1,0,1,7,0,2,0,0,0,0,0,,1/1/2025,2024
9424,SYNTHETIC SITE 00423,100423,,SYNTHETIC COMPANY 00423,1 Example Way,Nowhere,ZZ,00000,3252,2017,SYNTHETIC INDUSTRY,1,2,39,63707,2,0,0,0,0,0,0,0,0,0,0,0,0,,1/1/2025,2024
9425,SYNTHETIC SITE 00424,100424,,SYNTHETIC COMPANY 00424,1 Example Way,Nowhere,ZZ,00000,3328,2017,SYNTHETIC INDUSTRY,1,2,22,40015,1,0,0,1,0,0,4,1,0,0,0,0,0,,1/1/2025,2024
9426,SYNTHETIC SITE 00425,100425,,SYNTHETIC COMPANY 00425,1 Example Way,Nowhere,ZZ,00000,4451,2017,SYNTHETIC INDUSTRY,1,2,27,39765,2,0,0,0,0,0,0,0,0,0,0,0,0,,1/1/2025,2024
9427,SYNTHETIC SITE 00426,100426,,SYNTHETIC COMPANY 00426,1 Example Way,Nowhere,ZZ,00000,2361,2017,SYNTHETIC INDUSTRY,1,2,70,148988,2,0,0,0,0,0,0,0,0,0,0,0,0,,1/1/2025,2024
9428,SYNTHETIC SITE 00427,100427,,SYNTHETIC COMPANY 00427,1 Example Way,Nowhere,ZZ,00000,6221,2017,SYNTHETIC INDUSTRY,1,2,49,97198,2,0,0,0,0,0,0,0,0,0,0,0,0,,1/1/2025,2024
9429,SYNTHETIC SITE 00428,100428,,SYNTHETIC COMPANY 00428,1 Example Way,Nowhere,ZZ,00000,3328,2017,SYNTHETIC INDUSTRY,1,2,38,67697,1,0,2,0,0,14,0,2,0,0,0,0,0,,1/1/2025,2024
9430,SYNTHETIC SITE 00429,100429,,SYNTHETIC COMPANY 00429,1 Example Way,Nowhere,ZZ,00000,3251,2017,SYNTHETIC INDUSTRY,1,2,11,16844,2,0,0,0,0,0,0,0,0,0,0,0,0,,1/1/2025,2024
9431,SYNTHETIC SITE 00430,100430,,SYNTHETIC COMPANY 00430,1 Example Way,Nowhere,ZZ,00000,4841,2017,SYNTHETIC INDUSTRY,1,2,44,75565,1,0,1,0,1,7,0,2,0,0,0,0,0,,1/1/2025,2024
9432,SYNTHETIC SITE 00431,100431,,SYNTHETIC COMPANY 00431,1 Example Way,Nowhere,ZZ,00000,3252,2017,SYNTHETIC INDUSTRY,1,2,34,73386,1,0,1,0,0,7,0,1,0,0,0,0,0,,1/1/2025,2024
9433,SYNTHETIC SITE 00432,100432,,SYNTHETIC COMPANY 00432,1 Example Way,Nowhere,ZZ,00000,4841,2017,SYNTHETIC INDUSTRY,1,2,46,81615,2,0,0,0,0,0,0,0,0,0,0,0,0,,1/1/2025,2024
9434,SYNTHETIC SITE 00433,100433,,SYNTHETIC COMPANY 00433,1 Example Way,Nowhere,ZZ,00000,3328,2017,SYNTHETIC INDUSTRY,1,2,36,87640,2,0,0,0,0,0,0,0,0,0,0,0,0,,1/1/2025,2024
9435,SYNTHETIC SITE 00434,100434,,SYNTHETIC COMPANY 00434,1 Example Way,Nowhere,ZZ,00000,3115,2017,SYNTHETIC INDUSTRY,1,2,83,124562,2,0,0,0,0,0,0,0,0,0,0,0,0,,1/1/2025,2024
9436,SYNTHETIC SITE 00435,100435,,SYNTHETIC COMPANY 00435,1 Example Way,Nowhere,ZZ,00000,4841,2017,SYNTHETIC INDUSTRY,1,2,122,275226,1,0,2,1,6,14,4,9,0,0,0,0,0,,1/1/2025,2024
9437,SYNTHETIC SITE 00436,100436,,SYNTHETIC COMPANY 00436,1 Example Way,Nowhere,ZZ,00000,4841,2017,SYNTHETIC INDUSTRY,1,2,126,233837,2,0,0,0,0,0,0,0,0,0,0,0,0,,1/1/2025,2024
9438,SYNTHETIC SITE 00437,100437,,SYNTHETIC COMPANY 00437,1 Example Way,Nowhere,ZZ,00000,3115,2017,SYNTHETIC INDUSTRY,1,2,69,121075,2,0,0,0,0,0,0,0,0,0,0,0,0,,1/1/2025,2024
9439,SYNTHETIC SITE 00438,100438,,SYNTHETIC COMPANY 00438,1 Example Way,Nowhere,ZZ,00000,4451,2017,SYNTHETIC INDUSTRY,1,2,859,1361384,1,0,5,0,5,35,0,10,0,0,0,0,0,,1/1/2025,2024
9440,SYNTHETIC SITE 00439,100439,,SYNTHETIC COMPANY 00439,1 Example Way,Nowhere,ZZ,00000,3328,2017,SYNTHETIC INDUSTRY,1,2,51,73748,2,0,0,0,0,0,0,0,0,0,0,0,0,,1/1/2025,2024
9441,SYNTHETIC SITE 00440,100440,,SYNTHETIC COMPANY 00440,1 Example Way,Nowhere,ZZ,00000,4451,2017,SYNTHETIC INDUSTRY,1,2,141,234205,1,0,2,0,1,14,0,3,0,0,0,0,0,,1/1/2025,2024
9442,SYNTHETIC SITE 00441,100441,,SYNTHETIC COMPANY 00441,1 Example Way,Nowhere,ZZ,00000,4451,2017,SYNTHETIC INDUSTRY,1,2,32,64850,1,0,0,0,1,0,0,1,0,0,0,0,0,,1/1/2025,2024
9443,SYNTHETIC SITE 00442,100442,,SYNTHETIC COMPANY 00442,1 Example Way,Nowhere,ZZ,00000,6221,2017,SYNTHETIC INDUSTRY,1,2,51,100924,1,0,0,0,1,0,0,1,0,0,0,0,0,,1/1/2025,2024
9444,SYNTHETIC SITE 00443,100443,,SYNTHETIC COMPANY 00443,1 Example Way,Nowhere,ZZ,00000,3251,2017,SYNTHETIC INDUSTRY,1,2,233,360571,1,0,0,1,0,0,4,1,0,0,0,0,0,,1/1/2025,2024
9445,SYNTHETIC SITE 00444,100444,,SYNTHETIC COMPANY 00444,1 Example Way,Nowhere,ZZ,00000,3328,2017,SYNTHETIC INDUSTRY,1,2,33,52530,1,0,0,0,1,0,0,1,0,0,0,0,0,,1/1/2025,2024
9446,SYNTHETIC SITE 00445,100445,,SYNTHETIC COMPANY 00445,1 Example Way,Nowhere,ZZ,00000,2361,2017,SYNTHETIC INDUSTRY,1,2,53,89883,2,0,0,0,0,0,0,0,0,0,0,0,0,,1/1/2025,2024
9447,SYNTHETIC SITE 00446,100446,,SYNTHETIC COMPANY 00446,1 Example Way,Nowhere,ZZ,00000,3115,2017,SYNTHETIC INDUSTRY,1,2,41,82385,2,0,0,0,0,0,0,0,0,0,0,0,0,,1/1/2025,2024
9448,SYNTHETIC SITE 00447,100447,,SYNTHETIC COMPANY 00447,1 Example Way,Nowhere,ZZ,00000,3251,2017,SYNTHETIC INDUSTRY,1,2,75,162063,1,0,4,4,9,28,16,17,0,0,0,0,0,,1/1/2025,2024
9449,SYNTHETIC SITE 00448,100448,,SYNTHETIC COMPANY 00448,1 Example Way,Nowhere,ZZ,00000,4451,2017,SYNTHETIC INDUSTRY,1,2,15,28809,1,0,1,0,0,7,0,1,0,0,0,0,0,,1/1/2025,2024
9450,SYNTHETIC SITE 00449,100449,,SYNTHETIC COMPANY 00449,1 Example Way,Nowhere,ZZ,00000,3252,2017,SYNTHETIC INDUSTRY,1,2,44,85859,1,0,0,1,2,0,4,3,0,0,0,0,0,,1/1/2025,2024
9451,SYNTHETIC SITE 00450,100450,,SYNTHETIC COMPANY 00450,1 Example Way,Nowhere,ZZ,00000,3251,2017,SYNTHETIC INDUSTRY,1,2,67,92914,1,0,0,1,1,0,4,2,0,0,0,0,0,,1/1/2025,2024
9452,SYNTHETIC SITE 00451,100451,,SYNTHETIC COMPANY 00451,1 Example Way,Nowhere,ZZ,00000,6221,2017,SYNTHETIC INDUSTRY,1,2,339,757092,1,0,1,0,0,7,0,1,0,0,0,0,0,,1/1/2025,2024
9453,SYNTHETIC SITE 00452,100452,,SYNTHETIC COMPANY 00452,1 Example Way,Nowhere,ZZ,00000,3251,2017,SYNTHETIC INDUSTRY,1,2,32,61558,1,0,2,0,0,14,0,2,0,0,0,0,0,,1/1/2025,2024
9454,SYNTHETIC SITE 00453,100453,,SYNTHETIC COMPANY 00453,1 Example Way,Nowhere,ZZ,00000,3251,2017,SYNTHETIC INDUSTRY,1,2,24,48333,2,0,0,0,0,0,0,0,0,0,0,0,0,,1/1/2025,2024
9455,SYNTHETIC SITE 00454,100454,,SYNTHETIC COMPANY 00454,1 Example Way,Nowhere,ZZ,00000,3252,2017,SYNTHETIC INDUSTRY,1,2,133,233227,1,0,0,2,5,0,8,7,0,0,0,0,0,,1/1/2025,2024
9456,SYNTHETIC SITE 00455,100455,,SYNTHETIC COMPANY 00455,1 Example Way,Nowhere,ZZ,00000,3252,2017,SYNTHETIC INDUSTRY,1,2,557,986042,2,0,0,0,0,0,0,0,0,0,0,0,0,,1/1/2025,2024
9457,SYNTHETIC SITE 00456,100456,,SYNTHETIC COMPANY 00456,1 Example Way,Nowhere,ZZ,00000,4841,2017,SYNTHETIC INDUSTRY,1,2,20,30957,2,0,0,0,0,0,0,0,0,0,0,0,0,,1/1/2025,2024
9458,SYNTHETIC SITE 00457,100457,,SYNTHETIC COMPANY 00457,1 Example Way,Nowhere,ZZ,00000,3252,2017,SYNTHETIC INDUSTRY,1,2,14,26196,2,0,0,0,0,0,0,0,0,0,0,0,0,,1/1/2025,2024
9459,SYNTHETIC SITE 00458,100458,,SYNTHETIC COMPANY 00458,1 Example Way,Nowhere,ZZ,00000,3251,2017,SYNTHETIC INDUSTRY,1,2,45,96338,2,0,0,0,0,0,0,0,0,0,0,0,0,,1/1/2025,2024
9460,SYNTHETIC SITE 00459,100459,,SYNTHETIC COMPANY 00459,1 Example Way,Nowhere,ZZ,00000,3251,2017,SYNTHETIC INDUSTRY,1,2,20,48814,2,0,0,0,0,0,0,0,0,0,0,0,0,,1/1/2025,2024
9461,SYNTHETIC SITE 00460,100460,,SYNTHETIC COMPANY 00460,1 Example Way,Nowhere,ZZ,00000,2361,2017,SYNTHETIC INDUSTRY,1,2,1324,2836604,1,0,30,23,43,210,92,96,0,0,0,0,0,,1/1/2025,2024
9462,SYNTHETIC SITE 00461,100461,,SYNTHETIC COMPANY 00461,1 Example Way,Nowhere,ZZ,00000,2361,2017,SYNTHETIC INDUSTRY,1,2,79,180732,1,0,0,0,1,0,0,1,0,0,0,0,0,,1/1/2025,2024
9463,SYNTHETIC SITE 00462,100462,,SYNTHETIC COMPANY 00462,1 Example Way,Nowhere,ZZ,00000,4841,2017,SYNTHETIC INDUSTRY,1,2,158,268268,1,0,1,0,2,7,0,3,0,0,0,0,0,,1/1/2025,2024
9464,SYNTHETIC SITE 00463,100463,,SYNTHETIC COMPANY 00463,1 Example Way,Nowhere,ZZ,00000,3252,2017,SYNTHETIC INDUSTRY,1,2,46,90618,2,0,0,0,0,0,0,0,0,0,0,0,0,,1/1/2025,2024
9465,SYNTHETIC SITE 00464,100464,,SYNTHETIC COMPANY 00464,1 Example Way,Nowhere,ZZ,00000,3328,2017,SYNTHETIC INDUSTRY,1,2,72,122733,1,0,0,0,1,0,0,1,0,0,0,0,0,,1/1/2025,2024
9466,SYNTHETIC SITE 00465,100465,,SYNTHETIC COMPANY 00465,1 Example Way,Nowhere,ZZ,00000,4451,2017,SYNTHETIC INDUSTRY,1,2,347,560033,1,0,0,0,2,0,0,2,0,0,0,0,0,,1/1/2025,2024
9467,SYNTHETIC SITE 00466,100466,,SYNTHETIC COMPANY 00466,1 Example Way,Nowhere,ZZ,00000,2361,2017,SYNTHETIC INDUSTRY,1,2,24,37630,2,0,0,0,0,0,0,0,0,0,0,0,0,,1/1/2025,2024
9468,SYNTHETIC SITE 00467,100467,,SYNTHETIC COMPANY 00467,1 Example Way,Nowhere,ZZ,00000,2361,2017,SYNTHETIC INDUSTRY,1,2,54,103525,2,0,0,0,0,0,0,0,0,0,0,0,0,,1/1/2025,2024
9469,SYNTHETIC SITE 00468,100468,,SYNTHETIC COMPANY 00468,1 Example Way,Nowhere,ZZ,00000,6221,2017,SYNTHETIC INDUSTRY,1,2,48,123259,2,0,0,0,0,0,0,0,0,0,0,0,0,,1/1/2025,2024
9470,SYNTHETIC SITE 00469,100469,,SYNTHETIC COMPANY 00469,1 Example Way,Nowhere,ZZ,00000,3115,2017,SYNTHETIC INDUSTRY,1,2,164,267496,2,0,0,0,0,0,0,0,0,0,0,0,0,,1/1/2025,2024
9471,SYNTHETIC SITE 00470,100470,,SYNTHETIC COMPANY 00470,1 Example Way,Nowhere,ZZ,00000,3115,2017,SYNTHETIC INDUSTRY,1,2,72,135582,1,0,1,1,0,7,4,2,0,0,0,0,0,,1/1/2025,2024
9472,SYNTHETIC SITE 00471,100471,,SYNTHETIC COMPANY 00471,1 Example Way,Nowhere,ZZ,00000,3252,2017,SYNTHETIC INDUSTRY,1,2,13,20935,2,0,0,0,0,0,0,0,0,0,0,0,0,,1/1/2025,2024
9473,SYNTHETIC SITE 00472,100472,,SYNTHETIC COMPANY 00472,1 Example Way,Nowhere,ZZ,00000,4451,2017,SYNTHETIC INDUSTRY,1,2,8,12016,2,0,0,0,0,0,0,0,0,0,0,0,0,,1/1/2025,2024
9474,SYNTHETIC SITE 00473,100473,,SYNTHETIC COMPANY 00473,1 Example Way,Nowhere,ZZ,00000,3115,2017,SYNTHETIC INDUSTRY,1,2,4,9005,1,0,0,0,1,0,0,1,0,0,0,0,0,,1/1/2025,2024
9475,SYNTHETIC SITE 00474,100474,,SYNTHETIC COMPANY 00474,1 Example Way,Nowhere,ZZ,00000,2361,2017,SYNTHETIC INDUSTRY,1,2,68,152308,1,0,1,0,0,7,0,1,0,0,0,0,0,,1/1/2025,2024
9476,SYNTHETIC SITE 00475,100475,,SYNTHETIC COMPANY 00475,1 Example Way,Nowhere,ZZ,00000,3251,2017,SYNTHETIC INDUSTRY,1,2,143,346240,1,0,0,1,1,0,4,2,0,0,0,0,0,,1/1/2025,2024
9477,SYNTHETIC SITE 00476,100476,,SYNTHETIC COMPANY 00476,1 Example Way,Nowhere,ZZ,00000,2361,2017,SYNTHETIC INDUSTRY,1,2,185,361092,1,0,4,2,3,28,8,9,0,0,0,0,0,,1/1/2025,2024
9478,SYNTHETIC SITE 00477,100477,,SYNTHETIC COMPANY 00477,1 Example Way,Nowhere,ZZ,00000,4451,2017,SYNTHETIC INDUSTRY,1,2,14,30271,2,0,0,0,0,0,0,0,0,0,0,0,0,,1/1/2025,2024
9479,SYNTHETIC SITE 00478,100478,,SYNTHETIC COMPANY 00478,1 Example Way,Nowhere,ZZ,00000,3252,2017,SYNTHETIC INDUSTRY,1,2,130,212188,1,0,5,2,5,35,8,12,0,0,0,0,0,,1/1/2025,2024
9480,SYNTHETIC SITE 00479,100479,,SYNTHETIC COMPANY 00479,1 Example Way,Nowhere,ZZ,00000,2361,2017,SYNTHETIC INDUSTRY,1,2,52,103195,2,0,0,0,0,0,0,0,0,0,0,0,0,,1/1/2025,2024
9481,SYNTHETIC SITE 00480,100480,,SYNTHETIC COMPANY 00480,1 Example Way,Nowhere,ZZ,00000,3251,2017,SYNTHETIC INDUSTRY,1,2,78,144528,2,0,0,0,0,0,0,0,0,0,0,0,0,,1/1/2025,2024
9482,SYNTHETIC SITE 00481,100481,,SYNTHETIC COMPANY 00481,1 Example Way,Nowhere,ZZ,00000,3328,2017,SYNTHETIC INDUSTRY,1,2,280,574759,1,0,1,0,2,7,0,3,0,0,0,0,0,,1/1/2025,2024
9483,SYNTHETIC SITE 00482,100482,,SYNTHETIC COMPANY 00482,1 Example Way,Nowhere,ZZ,00000,3252,2017,SYNTHETIC INDUSTRY,1,2,104,210354,2,0,0,0,0,0,0,0,0,0,0,0,0,,1/1/2025,2024
9484,SYNTHETIC SITE 00483,100483,,SYNTHETIC COMPANY 00483,1 Example Way,Nowhere,ZZ,00000,3115,2017,SYNTHETIC INDUSTRY,1,2,82,153659,1,0,1,0,0,7,0,1,0,0,0,0,0,,1/1/2025,2024
9485,SYNTHETIC SITE 00484,100484,,SYNTHETIC COMPANY 00484,1 Example Way,Nowhere,ZZ,00000,3252,2017,SYNTHETIC INDUSTRY,1,2,76,175040,1,0,0,0,1,0,0,1,0,0,0,0,0,,1/1/2025,2024
9486,SYNTHETIC SITE 00485,100485,,SYNTHETIC COMPANY 00485,1 Example Way,Nowhere,ZZ,00000,6221,2017,SYNTHETIC INDUSTRY,1,2,8,14517,2,0,0,0,0,0,0,0,0,0,0,0,0,,1/1/2025,2024
9487,SYNTHETIC SITE 00486,100486,,SYNTHETIC COMPANY 00486,1 Example Way,Nowhere,ZZ,00000,3251,2017,SYNTHETIC INDUSTRY,1,2,17,37883,1,0,0,1,0,0,4,1,0,0,0,0,0,,1/1/2025,2024
9488,SYNTHETIC SITE 00487,100487,,SYNTHETIC COMPANY 00487,1 Example Way,Nowhere,ZZ,00000,6221,2017,SYNTHETIC INDUSTRY,1,2,63,144308,2,0,0,0,0,0,0,0,0,0,0,0,0,,1/1/2025,2024
9489,SYNTHETIC SITE 00488,100488,,SYNTHETIC COMPANY 00488,1 Example Way,Nowhere,ZZ,00000,3251,2017,SYNTHETIC INDUSTRY,1,2,9,17967,2,0,0,0,0,0,0,0,0,0,0,0,0,,1/1/2025,2024
9490,SYNTHETIC SITE 00489,100489,,SYNTHETIC COMPANY 00489,1 Example Way,Nowhere,ZZ,00000,6221,2017,SYNTHETIC INDUSTRY,1,2,107,130647,1,0,0,0,1,0,0,1,0,0,0,0,0,,1/1/2025,2024
9491,SYNTHETIC SITE 00490,100490,,SYNTHETIC COMPANY 00490,1 Example Way,Nowhere,ZZ,00000,4451,2017,SYNTHETIC INDUSTRY,1,2,52,101416,2,0,0,0,0,0,0,0,0,0,0,0,0,,1/1/2025,2024
9492,SYNTHETIC SITE 00491,100491,,SYNTHETIC COMPANY 00491,1 Example Way,Nowhere,ZZ,00000,6221,2017,SYNTHETIC INDUSTRY,1,2,75,120101,2,0,0,0,0,0,0,0,0,0,0,0,0,,1/1/2025,2024
9493,SYNTHETIC SITE 00492,100492,,SYNTHETIC COMPANY 00492,1 Example Way,Nowhere,ZZ,00000,3252,2017,SYNTHETIC INDUSTRY,1,2,5,8091,2,0,0,0,0,0,0,0,0,0,0,0,0,,1/1/2025,2024
9494,SYNTHETIC SITE 00493,100493,,SYNTHETIC COMPANY 00493,1 Example Way,Nowhere,ZZ,00000,3115,2017,SYNTHETIC INDUSTRY,1,2,20,42557,2,0,0,0,0,0,0,0,0,0,0,0,0,,1/1/2025,2024
9495,SYNTHETIC SITE 00494,100494,,SYNTHETIC COMPANY 00494,1 Example Way,Nowhere,ZZ,00000,2361,2017,SYNTHETIC INDUSTRY,1,2,55,109151,1,0,1,0,1,7,0,2,0,0,0,0,0,,1/1/2025,2024
9496,SYNTHETIC SITE 00495,100495,,SYNTHETIC COMPANY 00495,1 Example Way,Nowhere,ZZ,00000,3115,2017,SYNTHETIC INDUSTRY,1,2,377,527713,1,0,4,1,10,28,4,15,0,0,0,0,0,,1/1/2025,2024
9497,SYNTHETIC SITE 00496,100496,,SYNTHETIC COMPANY 00496,1 Example Way,Nowhere,ZZ,00000,3251,2017,SYNTHETIC INDUSTRY,1,2,780,1351743,1,0,12,4,12,84,16,28,0,0,0,0,0,,1/1/2025,2024
9498,SYNTHETIC SITE 00497,100497,,SYNTHETIC COMPANY 00497,1 Example Way,Nowhere,ZZ,00000,3115,2017,SYNTHETIC INDUSTRY,1,2,95,153749,2,0,0,0,0,0,0,0,0,0,0,0,0,,1/1/2025,2024
9499,SYNTHETIC SITE 00498,100498,,SYNTHETIC COMPANY 00498,1 Example Way,Nowhere,ZZ,00000,3328,2017,SYNTHETIC INDUSTRY,1,2,5,5195,2,0,0,0,0,0,0,0,0,0,0,0,0,,1/1/2025,2024
9500,SYNTHETIC SITE 00499,100499,,SYNTHETIC COMPANY 00499,1 Example Way,Nowhere,ZZ,00000,6221,2017,SYNTHETIC INDUSTRY,1,2,2,4132,2,0,0,0,0,0,0,0,0,0,0,0,0,,1/1/2025,2024
9501,SYNTHETIC SITE 00500,100500,,SYNTHETIC COMPANY 00500,1 Example Way,Nowhere,ZZ,00000,2361,2017,SYNTHETIC INDUSTRY,1,2,109,207367,1,0,3,2,3,21,8,8,0,0,0,0,0,,1/1/2025,2024
9502,SYNTHETIC SITE 00501,100501,,SYNTHETIC COMPANY 00501,1 Example Way,Nowhere,ZZ,00000,4451,2017,SYNTHETIC INDUSTRY,1,2,30,51800,1,0,0,1,0,0,4,1,0,0,0,0,0,,1/1/2025,2024
9503,SYNTHETIC SITE 00502,100502,,SYNTHETIC COMPANY 00502,1 Example Way,Nowhere,ZZ,00000,6221,2017,SYNTHETIC INDUSTRY,1,2,55,109101,2,0,0,0,0,0,0,0,0,0,0,0,0,,1/1/2025,2024
9504,SYNTHETIC SITE 00503,100503,,SYNTHETIC COMPANY 00503,1 Example Way,Nowhere,ZZ,00000,6221,2017,SYNTHETIC INDUSTRY,1,2,43,80379,2,0,0,0,0,0,0,0,0,0,0,0,0,,1/1/2025,2024
9505,SYNTHETIC SITE 00504,100504,,SYNTHETIC COMPANY 00504,1 Example Way,Nowhere,ZZ,00000,4841,2017,SYNTHETIC INDUSTRY,1,2,144,278186,1,0,4,2,3,28,8,9,0,0,0,0,0,,1/1/2025,2024
9506,SYNTHETIC SITE 00505,100505,,SYNTHETIC COMPANY 00505,1 Example Way,Nowhere,ZZ,00000,4841,2017,SYNTHETIC INDUSTRY,1,2,18,38803,2,0,0,0,0,0,0,0,0,0,0,0,0,,1/1/2025,2024
9507,SYNTHETIC SITE 00506,100506,,SYNTHETIC COMPANY 00506,1 Example Way,Nowhere,ZZ,00000,3115,2017,SYNTHETIC INDUSTRY,1,2,177,364168,1,0,13,13,21,91,52,47,0,0,0,0,0,,1/1/2025,2024
9508,SYNTHETIC SITE 00507,100507,,SYNTHETIC COMPANY 00507,1 Example Way,Nowhere,ZZ,00000,3115,2017,SYNTHETIC INDUSTRY,1,2,98,232412,1,0,8,1,6,56,4,15,0,0,0,0,0,,1/1/2025,2024
9509,SYNTHETIC SITE 00508,100508,,SYNTHETIC COMPANY 00508,1 Example Way,Nowhere,ZZ,00000,6221,2017,SYNTHETIC INDUSTRY,1,2,71,133298,2,0,0,0,0,0,0,0,0,0,0,0,0,,1/1/2025,2024
9510,SYNTHETIC SITE 00509,100509,,SYNTHETIC COMPANY 00509,1 Example Way,Nowhere,ZZ,00000,3328,2017,SYNTHETIC INDUSTRY,1,2,9,12441,2,0,0,0,0,0,0,0,0,0,0,0,0,,1/1/2025,2024
9511,SYNTHETIC SITE 00510,100510,,SYNTHETIC COMPANY 00510,1 Example Way,Nowhere,ZZ,00000,4841,2017,SYNTHETIC INDUSTRY,1,2,54,104444,1,0,1,1,1,7,4,3,0,0,0,0,0,,1/1/2025,2024
9512,SYNTHETIC SITE 00511,100511,,SYNTHETIC COMPANY 00511,1 Example Way,Nowhere,ZZ,00000,4451,2017,SYNTHETIC INDUSTRY,1,2,167,348263,1,0,0,0,1,0,0,1,0,0,0,0,0,,1/1/2025,2024
9513,SYNTHETIC SITE 00512,100512,,SYNTHETIC COMPANY 00512,1 Example Way,Nowhere,ZZ,00000,3251,2017,SYNTHETIC INDUSTRY,1,2,314,627689,1,0,10,6,5,70,24,21,0,0,0,0,0,,1/1/2025,2024
9514,SYNTHETIC SITE 00513,100513,,SYNTHETIC COMPANY 00513,1 Example Way,Nowhere,ZZ,00000,4451,2017,SYNTHETIC INDUSTRY,1,2,97,185965,1,0,0,1,2,0,4,3,0,0,0,0,0,,1/1/2025,2024
9515,SYNTHETIC SITE 00514,100514,,SYNTHETIC COMPANY 00514,1 Example Way,Nowhere,ZZ,00000,3328,2017,SYNTHETIC INDUSTRY,1,2,19,36072,1,0,0,0,2,0,0,2,0,0,0,0,0,,1/1/2025,2024
9516,SYNTHETIC SITE 00515,100515,,SYNTHETIC COMPANY 00515,1 Example Way,Nowhere,ZZ,00000,3115,2017,SYNTHETIC INDUSTRY,1,2,219,388478,1,0,2,1,4,14,4,7,0,0,0,0,0,,1/1/2025,2024
9517,SYNTHETIC SITE 00516,100516,,SYNTHETIC COMPANY 00516,1 Example Way,Nowhere,ZZ,00000,3115,2017,SYNTHETIC INDUSTRY,1,2,49,82233,2,0,0,0,0,0,0,0,0,0,0,0,0,,1/1/2025,2024
9518,SYNTHETIC SITE 00517,100517,,SYNTHETIC COMPANY 00517,1 Example Way,Nowhere,ZZ,00000,3115,2017,SYNTHETIC INDUSTRY,1,2,75,92614,2,0,0,0,0,0,0,0,0,0,0,0,0,,1/1/2025,2024
9519,SYNTHETIC SITE 00518,100518,,SYNTHETIC COMPANY 00518,1 Example Way,Nowhere,ZZ,00000,3252,2017,SYNTHETIC INDUSTRY,1,2,45,94867,2,0,0,0,0,0,0,0,0,0,0,0,0,,1/1/2025,2024
9520,SYNTHETIC SITE 00519,100519,,SYNTHETIC COMPANY 00519,1 Example Way,Nowhere,ZZ,00000,2361,2017,SYNTHETIC INDUSTRY,1,2,213,320375,2,0,0,0,0,0,0,0,0,0,0,0,0,,1/1/2025,2024
9521,SYNTHETIC SITE 00520,100520,,SYNTHETIC COMPANY 00520,1 Example Way,Nowhere,ZZ,00000,3252,2017,SYNTHETIC INDUSTRY,1,2,51,87018,1,0,0,0,1,0,0,1,0,0,0,0,0,,1/1/2025,2024
9522,SYNTHETIC SITE 00521,100521,,SYNTHETIC COMPANY 00521,1 Example Way,Nowhere,ZZ,00000,6221,2017,SYNTHETIC INDUSTRY,1,2,40,68230,1,0,1,0,0,7,0,1,0,0,0,0,0,,1/1/2025,2024
9523,SYNTHETIC SITE 00522,100522,,SYNTHETIC COMPANY 00522,1 Example Way,Nowhere,ZZ,00000,3115,2017,SYNTHETIC INDUSTRY,1,2,35,61945,2,0,0,0,0,0,0,0,0,0,0,0,0,,1/1/2025,2024
9524,SYNTHETIC SITE 00523,100523,,SYNTHETIC COMPANY 00523,1 Example Way,Nowhere,ZZ,00000,2361,2017,SYNTHETIC INDUSTRY,1,2,23,51679,2,0,0,0,0,0,0,0,0,0,0,0,0,,1/1/2025,2024
9525,SYNTHETIC SITE 00524,100524,,SYNTHETIC COMPANY 00524,1 Example Way,Nowhere,ZZ,00000,3115,2017,SYNTHETIC INDUSTRY,1,2,59,109622,2,0,0,0,0,0,0,0,0,0,0,0,0,,1/1/2025,2024
9526,SYNTHETIC SITE 00525,100525,,SYNTHETIC COMPANY 00525,1 Example Way,Nowhere,ZZ,00000,4451,2017,SYNTHETIC INDUSTRY,1,2,7,15347,2,0,0,0,0,0,0,0,0,0,0,0,0,,1/1/2025,2024
9527,SYNTHETIC SITE 00526,100526,,SYNTHETIC COMPANY 00526,1 Example Way,Nowhere,ZZ,00000,3251,2017,SYNTHETIC INDUSTRY,1,2,34,70712,2,0,0,0,0,0,0,0,0,0,0,0,0,,1/1/2025,2024
9528,SYNTHETIC SITE 00527,100527,,SYNTHETIC COMPANY 00527,1 Example Way,Nowhere,ZZ,00000,6221,2017,SYNTHETIC INDUSTRY,1,2,188,333028,1,0,5,3,5,35,12,13,0,0,0,0,0,,1/1/2025,2024
9529,SYNTHETIC SITE 00528,100528,,SYNTHETIC COMPANY 00528,1 Example Way,Nowhere,ZZ,00000,6221,2017,SYNTHETIC INDUSTRY,1,2,10,19505,1,0,0,0,1,0,0,1,0,0,0,0,0,,1/1/2025,2024
9530,SYNTHETIC SITE 00529,100529,,SYNTHETIC COMPANY 00529,1 Example Way,Nowhere,ZZ,00000,3115,2017,SYNTHETIC INDUSTRY,1,2,108,186622,2,0,0,0,0,0,0,0,0,0,0,0,0,,1/1/2025,2024
9531,SYNTHETIC SITE 00530,100530,,SYNTHETIC COMPANY 00530,1 Example Way,Nowhere,ZZ,00000,4451,2017,SYNTHETIC INDUSTRY,1,2,98,189365,2,0,0,0,0,0,0,0,0,0,0,0,0,,1/1/2025,2024
9532,SYNTHETIC SITE 00531,100531,,SYNTHETIC COMPANY 00531,1 Example Way,Nowhere,ZZ,00000,3251,2017,SYNTHETIC INDUSTRY,1,2,218,367801,2,0,0,0,0,0,0,0,0,0,0,0,0,,1/1/2025,2024
9533,SYNTHETIC SITE 00532,100532,,SYNTHETIC COMPANY 00532,1 Example Way,Nowhere,ZZ,00000,3251,2017,SYNTHETIC INDUSTRY,1,2,31,59071,1,0,0,0,1,0,0,1,0,0,0,0,0,,1/1/2025,2024
9534,SYNTHETIC SITE 00533,100533,,SYNTHETIC COMPANY 00533,1 Example Way,Nowhere,ZZ,00000,3251,2017,SYNTHETIC INDUSTRY,1,2,52,104357,2,0,0,0,0,0,0,0,0,0,0,0,0,,1/1/2025,2024
9535,SYNTHETIC SITE 00534,100534,,SYNTHETIC COMPANY 00534,1 Example Way,Nowhere,ZZ,00000,6221,2017,SYNTHETIC INDUSTRY,1,2,4,6627,2,0,0,0,0,0,0,0,0,0,0,0,0,,1/1/2025,2024
9536,SYNTHETIC SITE 00535,100535,,SYNTHETIC COMPANY 00535,1 Example Way,Nowhere,ZZ,00000,3251,2017,SYNTHETIC INDUSTRY,1,2,41,8334100000,2,0,0,0,0,0,0,0,0,0,0,0,0,,1/1/2025,2024
9537,SYNTHETIC SITE 00536,100536,,SYNTHETIC COMPANY 00536,1 Example Way,Nowhere,ZZ,00000,3328,2017,SYNTHETIC INDUSTRY,1,2,118,208760,2,0,0,0,0,0,0,0,0,0,0,0,0,,1/1/2025,2024
9538,SYNTHETIC SITE 00537,100537,,SYNTHETIC COMPANY 00537,1 Example Way,Nowhere,ZZ,00000,4451,2017,SYNTHETIC INDUSTRY,1,2,35,72360,1,0,0,0,1,0,0,1,0,0,0,0,0,,1/1/2025,2024
9539,SYNTHETIC SITE 00538,100538,,SYNTHETIC COMPANY 00538,1 Example Way,Nowhere,ZZ,00000,3251,2017,SYNTHETIC INDUSTRY,1,2,18,37351,1,0,1,0,0,7,0,1,0,0,0,0,0,,1/1/2025,2024
9540,SYNTHETIC SITE 00539,100539,,SYNTHETIC COMPANY 00539,1 Example Way,Nowhere,ZZ,00000,4841,2017,SYNTHETIC INDUSTRY,1,2,22,45632,1,0,0,1,0,0,4,1,0,0,0,0,0,,1/1/2025,2024
9541,SYNTHETIC SITE 00540,100540,,SYNTHETIC COMPANY 00540,1 Example Way,Nowhere,ZZ,00000,3115,2017,SYNTHETIC INDUSTRY,1,2,10,19951,2,0,0,0,0,0,0,0,0,0,0,0,0,,1/1/2025,2024
9542,SYNTHETIC SITE 00541,100541,,SYNTHETIC COMPANY 00541,1 Example Way,Nowhere,ZZ,00000,4451,2017,SYNTHETIC INDUSTRY,1,2,19,37057,1,0,0,1,0,0,4,1,0,0,0,0,0,,1/1/2025,2024
9543,SYNTHETIC SITE 00542,100542,,SYNTHETIC COMPANY 00542,1 Example Way,Nowhere,ZZ,00000,3252,2017,SYNTHETIC INDUSTRY,1,2,61,118875,2,0,0,0,0,0,0,0,0,0,0,0,0,,1/1/2025,2024
9544,SYNTHETIC SITE 00543,100543,,SYNTHETIC COMPANY 00543,1 Example Way,Nowhere,ZZ,00000,3115,2017,SYNTHETIC INDUSTRY,1,2,47,90661,1,0,0,2,0,0,8,2,0,0,0,0,0,,1/1/2025,2024
9545,SYNTHETIC SITE 00544,100544,,SYNTHETIC COMPANY 00544,1 Example Way,Nowhere,ZZ,00000,4451,2017,SYNTHETIC INDUSTRY,1,2,33,46140,1,0,4,0,2,28,0,6,0,0,0,0,0,,1/1/2025,2024
9546,SYNTHETIC SITE 00545,100545,,SYNTHETIC COMPANY 00545,1 Example Way,Nowhere,ZZ,00000,4841,2017,SYNTHETIC INDUSTRY,1,2,281,494815,1,0,10,5,13,70,20,28,0,0,0,0,0,,1/1/2025,2024
9547,SYNTHETIC SITE 00546,100546,,SYNTHETIC COMPANY 00546,1 Example Way,Nowhere,ZZ,00000,4451,2017,SYNTHETIC INDUSTRY,1,2,82,145948,1,0,1,1,0,7,4,2,0,0,0,0,0,,1/1/2025,2024
9548,SYNTHETIC SITE 00547,100547,,SYNTHETIC COMPANY 00547,1 Example Way,Nowhere,ZZ,00000,4841,2017,SYNTHETIC INDUSTRY,1,2,24,38198,2,0,0,0,0,0,0,0,0,0,0,0,0,,1/1/2025,2024
9549,SYNTHETIC SITE 00548,100548,,SYNTHETIC COMPANY 00548,1 Example Way,Nowhere,ZZ,00000,6221,2017,SYNTHETIC INDUSTRY,1,2,51,104051,2,0,0,0,0,0,0,0,0,0,0,0,0,,1/1/2025,2024
9550,SYNTHETIC SITE 00549,100549,,SYNTHETIC COMPANY 00549,1 Example Way,Nowhere,ZZ,00000,3328,2017,SYNTHETIC INDUSTRY,1,2,69,139461,2,0,0,0,0,0,0,0,0,0,0,0,0,,1/1/2025,2024
9551,SYNTHETIC SITE 00550,100550,,SYNTHETIC COMPANY 00550,1 Example Way,Nowhere,ZZ,00000,6221,2017,SYNTHETIC INDUSTRY,1,2,34,64427,2,0,0,0,0,0,0,0,0,0,0,0,0,,1/1/2025,2024
9552,SYNTHETIC SITE 00551,100551,,SYNTHETIC COMPANY 00551,1 Example Way,Nowhere,ZZ,00000,6221,2017,SYNTHETIC INDUSTRY,1,2,195,397911,1,0,1,1,2,7,4,4,0,0,0,0,0,,1/1/2025,2024
9553,SYNTHETIC SITE 00552,100552,,SYNTHETIC COMPANY 00552,1 Example Way,Nowhere,ZZ,00000,3328,2017,SYNTHETIC INDUSTRY,1,2,87,154268,1,0,0,0,2,0,0,2,0,0,0,0,0,,1/1/2025,2024
9554,SYNTHETIC SITE 00553,100553,,SYNTHETIC COMPANY 00553,1 Example Way,Nowhere,ZZ,00000,2361,2017,SYNTHETIC INDUSTRY,1,2,8,19988,2,0,0,0,0,0,0,0,0,0,0,0,0,,1/1/2025,2024
9555,SYNTHETIC SITE 00554,100554,,SYNTHETIC COMPANY 00554,1 Example Way,Nowhere,ZZ,00000,3115,2017,SYNTHETIC INDUSTRY,1,2,31,55545,1,0,0,0,1,0,0,1,0,0,0,0,0,,1/1/2025,2024
9556,SYNTHETIC SITE 00555,100555,,SYNTHETIC COMPANY 00555,1 Example Way,Nowhere,ZZ,00000,4841,2017,SYNTHETIC INDUSTRY,1,2,400,712937000,1,0,1,1,1,7,4,3,0,0,0,0,0,,1/1/2025,2024
9557,SYNTHETIC SITE 00556,100556,,SYNTHETIC COMPANY 00556,1 Example Way,Nowhere,ZZ,00000,2361,2017,SYNTHETIC INDUSTRY,1,2,14,23696,1,0,1,0,2,7,0,3,0,0,0,0,0,,1/1/2025,2024
9558,SYNTHETIC SITE 00557,100557,,SYNTHETIC COMPANY 00557,1 Example Way,Nowhere,ZZ,00000,3328,2017,SYNTHETIC INDUSTRY,1,2,143,248083,1,0,0,0,1,0,0,1,0,0,0,0,0,,1/1/2025,2024
9559,SYNTHETIC SITE 00558,100558,,SYNTHETIC COMPANY 00558,1 Example Way,Nowhere,ZZ,00000,3251,2017,SYNTHETIC INDUSTRY,1,2,72,124239,2,0,0,0,0,0,0,0,0,0,0,0,0,,1/1/2025,2024
9560,SYNTHETIC SITE 00559,100559,,SYNTHETIC COMPANY 00559,1 Example Way,Nowhere,ZZ,00000,3328,2017,SYNTHETIC INDUSTRY,1,2,72,134261,2,0,0,0,0,0,0,0,0,0,0,0,0,,1/1/2025,2024
9561,SYNTHETIC SITE 00560,100560,,SYNTHETIC COMPANY 00560,1 Example Way,Nowhere,ZZ,00000,4841,2017,SYNTHETIC INDUSTRY,1,2,35,56180,2,0,0,0,0,0,0,0,0,0,0,0,0,,1/1/2025,2024
9562,SYNTHETIC SITE 00561,100561,,SYNTHETIC COMPANY 00561,1 Example Way,Nowhere,ZZ,00000,4841,2017,SYNTHETIC INDUSTRY,1,2,41,78551,2,0,0,0,0,0,0,0,0,0,0,0,0,,1/1/2025,2024
9563,SYNTHETIC SITE 00562,100562,,SYNTHETIC COMPANY 00562,1 Example Way,Nowhere,ZZ,00000,3115,2017,SYNTHETIC INDUSTRY,1,2,13,17749,1,0,1,0,0,7,0,1,0,0,0,0,0,,1/1/2025,2024
9564,SYNTHETIC SITE 00563,100563,,SYNTHETIC COMPANY 00563,1 Example Way,Nowhere,ZZ,00000,3251,2017,SYNTHETIC INDUSTRY,1,2,40,67607,2,0,0,0,0,0,0,0,0,0,0,0,0,,1/1/2025,2024
9565,SYNTHETIC SITE 00564,100564,,SYNTHETIC COMPANY 00564,1 Example Way,Nowhere,ZZ,00000,3252,2017,SYNTHETIC INDUSTRY,1,2,20,37182,2,0,0,0,0,0,0,0,0,0,0,0,0,,1/1/2025,2024
9566,SYNTHETIC SITE 00565,100565,,SYNTHETIC COMPANY 00565,1 Example Way,Nowhere,ZZ,00000,4451,2017,SYNTHETIC INDUSTRY,1,2,15,28527,1,0,0,0,2,0,0,2,0,0,0,0,0,,1/1/2025,2024
9567,SYNTHETIC SITE 00566,100566,,SYNTHETIC COMPANY 00566,1 Example Way,Nowhere,ZZ,00000,4841,2017,SYNTHETIC INDUSTRY,1,2,87,130967,1,0,1,0,1,7,0,2,0,0,0,0,0,,1/1/2025,2024
9568,SYNTHETIC SITE 00567,100567,,SYNTHETIC COMPANY 00567,1 Example Way,Nowhere,ZZ,00000,3328,2017,SYNTHETIC INDUSTRY,1,2,33,57050,2,0,0,0,0,0,0,0,0,0,0,0,0,,1/1/2025,2024
9569,SYNTHETIC SITE 00568,100568,,SYNTHETIC COMPANY 00568,1 Example Way,Nowhere,ZZ,00000,3251,2017,SYNTHETIC INDUSTRY,1,2,57,111342,2,0,0,0,0,0,0,0,0,0,0,0,0,,1/1/2025,2024
9570,SYNTHETIC SITE 00569,100569,,SYNTHETIC COMPANY 00569,1 Example Way,Nowhere,ZZ,00000,2361,2017,SYNTHETIC INDUSTRY,1,2,465,702914,1,0,11,2,4,77,8,17,0,0,0,0,0,,1/1/2025,2024
9571,SYNTHETIC SITE 00570,100570,,SYNTHETIC COMPANY 00570,1 Example Way,Nowhere,ZZ,00000,6221,2017,SYNTHETIC INDUSTRY,1,2,104,211873,2,0,0,0,0,0,0,0,0,0,0,0,0,,1/1/2025,2024
9572,SYNTHETIC SITE 00571,100571,,SYNTHETIC COMPANY 00571,1 Example Way,Nowhere,ZZ,00000,3252,2017,SYNTHETIC INDUSTRY,1,2,98,228324,1,0,2,1,2,14,4,5,0,0,0,0,0,,1/1/2025,2024
9573,SYNTHETIC SITE 00572,100572,,SYNTHETIC COMPANY 00572,1 Example Way,Nowhere,ZZ,00000,4841,2017,SYNTHETIC INDUSTRY,1,2,76,131632,2,0,0,0,0,0,0,0,0,0,0,0,0,,1/1/2025,2024
9574,SYNTHETIC SITE 00573,100573,,SYNTHETIC COMPANY 00573,1 Example Way,Nowhere,ZZ,00000,3115,2017,SYNTHETIC INDUSTRY,1,2,394,507578,1,0,3,0,3,21,0,6,0,0,0,0,0,,1/1/2025,2024
9575,SYNTHETIC SITE 00574,100574,,SYNTHETIC COMPANY 00574,1 Example Way,Nowhere,ZZ,00000,3115,2017,SYNTHETIC INDUSTRY,1,2,49,94708,1,0,0,1,2,0,4,3,0,0,0,0,0,,1/1/2025,2024
9576,SYNTHETIC SITE 00575,100575,,SYNTHETIC COMPANY 00575,1 Example Way,Nowhere,ZZ,00000,3251,2017,SYNTHETIC INDUSTRY,1,2,72,131105,2,0,0,0,0,0,0,0,0,0,0,0,0,,1/1/2025,2024
9577,SYNTHETIC SITE 00576,100576,,SYNTHETIC COMPANY 00576,1 Example Way,Nowhere,ZZ,00000,3115,2017,SYNTHETIC INDUSTRY,1,2,68,161569,2,0,0,0,0,0,0,0,0,0,0,0,0,,1/1/2025,2024
9578,SYNTHETIC SITE 00577,100577,,SYNTHETIC COMPANY 00577,1 Example Way,Nowhere,ZZ,00000,3328,2017,SYNTHETIC INDUSTRY,1,2,90,159890,1,0,0,2,0,0,8,2,0,0,0,0,0,,1/1/2025,2024
9579,SYNTHETIC SITE 00578,100578,,SYNTHETIC COMPANY 00578,1 Example Way,Nowhere,ZZ,00000,3115,2017,SYNTHETIC INDUSTRY,1,2,785,1569520,1,0,8,14,13,56,56,35,0,0,0,0,0,,1/1/2025,2024
9580,SYNTHETIC SITE 00579,100579,,SYNTHETIC COMPANY 00579,1 Example Way,Nowhere,ZZ,00000,3115,2017,SYNTHETIC INDUSTRY,1,2,71,146576,2,0,0,0,0,0,0,0,0,0,0,0,0,,1/1/2025,2024
9581,SYNTHETIC SITE 00580,100580,,SYNTHETIC COMPANY 00580,1 Example Way,Nowhere,ZZ,00000,3252,2017,SYNTHETIC INDUSTRY,1,2,75,116886,2,0,0,0,0,0,0,0,0,0,0,0,0,,1/1/2025,2024
9582,SYNTHETIC SITE 00581,100581,,SYNTHETIC COMPANY 00581,1 Example Way,Nowhere,ZZ,00000,3328,2017,SYNTHETIC INDUSTRY,1,2,174,319119,1,0,1,0,0,7,0,1,0,0,0,0,0,,1/1/2025,2024
9583,SYNTHETIC SITE 00582,100582,,SYNTHETIC COMPANY 00582,1 Example Way,Nowhere,ZZ,00000,3328,2017,SYNTHETIC INDUSTRY,1,2,388,431500,2,0,0,0,0,0,0,0,0,0,0,0,0,,1/1/2025,2024
9584,SYNTHETIC SITE 00583,100583,,SYNTHETIC COMPANY 00583,1 Example Way,Nowhere,ZZ,00000,3328,2017,SYNTHETIC INDUSTRY,1,2,202,378109,2,0,0,0,0,0,0,0,0,0,0,0,0,,1/1/2025,2024
9585,SYNTHETIC SITE 00584,100584,,SYNTHETIC COMPANY 00584,1 Example Way,Nowhere,ZZ,00000,3328,2017,SYNTHETIC INDUSTRY,1,2,26,43045,2,0,0,0,0,0,0,0,0,0,0,0,0,,1/1/2025,2024
9586,SYNTHETIC SITE 00585,100585,,SYNTHETIC COMPANY 00585,1 Example Way,Nowhere,ZZ,00000,3115,2017,SYNTHETIC INDUSTRY,1,2,66,130262,1,0,1,0,1,7,0,2,0,0,0,0,0,,1/1/2025,2024
9587,SYNTHETIC SITE 00586,100586,,SYNTHETIC COMPANY 00586,1 Example Way,Nowhere,ZZ,00000,3252,2017,SYNTHETIC INDUSTRY,1,2,45,94626,1,0,2,0,0,14,0,2,0,0,0,0,0,,1/1/2025,2024
9588,SYNTHETIC SITE 00587,100587,,SYNTHETIC COMPANY 00587,1 Example Way,Nowhere,ZZ,00000,6221,2017,SYNTHETIC INDUSTRY,1,2,116,253482,1,0,1,1,0,7,4,2,0,0,0,0,0,,1/1/2025,2024
9589,SYNTHETIC SITE 00588,100588,,SYNTHETIC COMPANY 00588,1 Example Way,Nowhere,ZZ,00000,3251,2017,SYNTHETIC INDUSTRY,1,2,49,100109,1,0,1,0,0,7,0,1,0,0,0,0,0,,1/1/2025,2024
9590,SYNTHETIC SITE 00589,100589,,SYNTHETIC COMPANY 00589,1 Example Way,Nowhere,ZZ,00000,2361,2017,SYNTHETIC INDUSTRY,1,2,57,134118,2,0,0,0,0,0,0,0,0,0,0,0,0,,1/1/2025,2024
9591,SYNTHETIC SITE 00590,100590,,SYNTHETIC COMPANY 00590,1 Example Way,Nowhere,ZZ,00000,6221,2017,SYNTHETIC INDUSTRY,1,2,34,58845,1,0,0,1,2,0,4,3,0,0,0,0,0,,1/1/2025,2024
9592,SYNTHETIC SITE 00591,100591,,SYNTHETIC COMPANY 00591,1 Example Way,Nowhere,ZZ,00000,3251,2017,SYNTHETIC INDUSTRY,1,2,9,16474,2,0,0,0,0,0,0,0,0,0,0,0,0,,1/1/2025,2024
9593,SYNTHETIC SITE 00592,100592,,SYNTHETIC COMPANY 00592,1 Example Way,Nowhere,ZZ,00000,3252,2017,SYNTHETIC INDUSTRY,1,2,125,156450,1,0,1,0,0,7,0,1,0,0,0,0,0,,1/1/2025,2024
9594,SYNTHETIC SITE 00593,100593,,SYNTHETIC COMPANY 00593,1 Example Way,Nowhere,ZZ,00000,2361,2017,SYNTHETIC INDUSTRY,1,2,15,24017,1,0,1,1,0,7,4,2,0,0,0,0,0,,1/1/2025,2024
9595,SYNTHETIC SITE 00594,100594,,SYNTHETIC COMPANY 00594,1 Example Way,Nowhere,ZZ,00000,3252,2017,SYNTHETIC INDUSTRY,1,2,48,80908,1,0,1,2,0,7,8,3,0,0,0,0,0,,1/1/2025,2024
9596,SYNTHETIC SITE 00595,100595,,SYNTHETIC COMPANY 00595,1 Example Way,Nowhere,ZZ,00000,2361,2017,SYNTHETIC INDUSTRY,1,2,91,157283,1,0,2,3,3,14,12,8,0,0,0,0,0,,1/1/2025,2024
9597,SYNTHETIC SITE 00596,100596,,SYNTHETIC COMPANY 00596,1 Example Way,Nowhere,ZZ,00000,3252,2017,SYNTHETIC INDUSTRY,1,2,79,150524,1,0,0,0,3,0,0,3,0,0,0,0,0,,1/1/2025,2024
9598,SYNTHETIC SITE 00597,100597,,SYNTHETIC COMPANY 00597,1 Example Way,Nowhere,ZZ,00000,4841,2017,SYNTHETIC INDUSTRY,1,2,173,340851,2,0,0,0,0,0,0,0,0,0,0,0,0,,1/1/2025,2024
9599,SYNTHETIC SITE 00598,100598,,SYNTHETIC COMPANY 00598,1 Example Way,Nowhere,ZZ,00000,4451,2017,SYNTHETIC INDUSTRY,1,2,15,27971,2,0,0,0,0,0,0,0,0,0,0,0,0,,1/1/2025,2024
9600,SYNTHETIC SITE 00599,100599,,SYNTHETIC COMPANY 00599,1 Example Way,Nowhere,ZZ,00000,6221,2017,SYNTHETIC INDUSTRY,1,2,27,39578,2,0,0,0,0,0,0,0,0,0,0,0,0,,1/1/2025,2024
9601,SYNTHETIC SITE 00600,100600,,SYNTHETIC COMPANY 00600,1 Example Way,Nowhere,ZZ,00000,2361,2017,SYNTHETIC INDUSTRY,1,2,18,33185,1,0,0,1,1,0,4,2,0,0,0,0,0,,1/1/2025,2024
9602,SYNTHETIC SITE 00601,100601,,SYNTHETIC COMPANY 00601,1 Example Way,Nowhere,ZZ,00000,4841,2017,SYNTHETIC INDUSTRY,1,2,46,86379,2,0,0,0,0,0,0,0,0,0,0,0,0,,1/1/2025,2024
9603,SYNTHETIC SITE 00602,100602,,SYNTHETIC COMPANY 00602,1 Example Way,Nowhere,ZZ,00000,2361,2017,SYNTHETIC INDUSTRY,1,2,5,9727,1,0,1,0,0,7,0,1,0,0,0,0,0,,1/1/2025,2024
9604,SYNTHETIC SITE 00603,100603,,SYNTHETIC COMPANY 00603,1 Example Way,Nowhere,ZZ,00000,3328,2017,SYNTHETIC INDUSTRY,1,2,15,25196,2,0,0,0,0,0,0,0,0,0,0,0,0,,1/1/2025,2024
9605,SYNTHETIC SITE 00604,100604,,SYNTHETIC COMPANY 00604,1 Example Way,Nowhere,ZZ,00000,4841,2017,SYNTHETIC INDUSTRY,1,2,29,60219,2,0,0,0,0,0,0,0,0,0,0,0,0,,1/1/2025,2024
9606,SYNTHETIC SITE 00605,100605,,SYNTHETIC COMPANY 00605,1 Example Way,Nowhere,ZZ,00000,3251,2017,SYNTHETIC INDUSTRY,1,2,32,40457,1,0,1,0,1,7,0,2,0,0,0,0,0,,1/1/2025,2024
9607,SYNTHETIC SITE 00606,100606,,SYNTHETIC COMPANY 00606,1 Example Way,Nowhere,ZZ,00000,2361,2017,SYNTHETIC INDUSTRY,1,2,165,286138,1,0,5,3,6,35,12,14,0,0,0,0,0,,1/1/2025,2024
9608,SYNTHETIC SITE 00607,100607,,SYNTHETIC COMPANY 00607,1 Example Way,Nowhere,ZZ,00000,6221,2017,SYNTHETIC INDUSTRY,1,2,6,11093,1,0,1,0,0,7,0,1,0,0,0,0,0,,1/1/2025,2024
9609,SYNTHETIC SITE 00608,100608,,SYNTHETIC COMPANY 00608,1 Example Way,Nowhere,ZZ,00000,2361,2017,SYNTHETIC INDUSTRY,1,2,193,301990,2,0,0,0,0,0,0,0,0,0,0,0,0,,1/1/2025,2024
9610,SYNTHETIC SITE 00609,100609,,SYNTHETIC COMPANY 00609,1 Example Way,Nowhere,ZZ,00000,6221,2017,SYNTHETIC INDUSTRY,1,2,72,136286,2,0,0,0,0,0,0,0,0,0,0,0,0,,1/1/2025,2024
9611,SYNTHETIC SITE 00610,100610,,SYNTHETIC COMPANY 00610,1 Example Way,Nowhere,ZZ,00000,6221,2017,SYNTHETIC INDUSTRY,1,2,141,243141,1,0,1,1,7,7,4,9,0,0,0,0,0,,1/1/2025,2024
9612,SYNTHETIC SITE 00611,100611,,SYNTHETIC COMPANY 00611,1 Example Way,Nowhere,ZZ,00000,3251,2017,SYNTHETIC INDUSTRY,1,2,158,296034,1,0,0,2,2,0,8,4,0,0,0,0,0,,1/1/2025,2024
9613,SYNTHETIC SITE 00612,100612,,SYNTHETIC COMPANY 00612,1 Example Way,Nowhere,ZZ,00000,4841,2017,SYNTHETIC INDUSTRY,1,2,361,625812,1,0,1,0,2,7,0,3,0,0,0,0,0,,1/1/2025,2024
9614,SYNTHETIC SITE 00613,100613,,SYNTHETIC COMPANY 00613,1 Example Way,Nowhere,ZZ,00000,4841,2017,SYNTHETIC INDUSTRY,1,2,71,128091,1,0,0,1,0,0,4,1,0,0,0,0,0,,1/1/2025,2024
9615,SYNTHETIC SITE 00614,100614,,SYNTHETIC COMPANY 00614,1 Example Way,Nowhere,ZZ,00000,3115,2017,SYNTHETIC INDUSTRY,1,2,34,62396,2,0,0,0,0,0,0,0,0,0,0,0,0,,1/1/2025,2024
9616,SYNTHETIC SITE 00615,100615,,SYNTHETIC COMPANY 00615,1 Example Way,Nowhere,ZZ,00000,3252,2017,SYNTHETIC INDUSTRY,1,2,61,104837,1,0,0,0,1,0,0,1,0,0,0,0,0,,1/1/2025,2024
9617,SYNTHETIC SITE 00616,100616,,SYNTHETIC COMPANY 00616,1 Example Way,Nowhere,ZZ,00000,3328,2017,SYNTHETIC INDUSTRY,1,2,3,4804,2,0,0,0,0,0,0,0,0,0,0,0,0,,1/1/2025,2024
9618,SYNTHETIC SITE 00617,100617,,SYNTHETIC COMPANY 00617,1 Example Way,Nowhere,ZZ,00000,4841,2017,SYNTHETIC INDUSTRY,1,2,117,239167,1,0,5,3,1,35,12,9,0,0,0,0,0,,1/1/2025,2024
9619,SYNTHETIC SITE 00618,100618,,SYNTHETIC COMPANY 00618,1 Example Way,Nowhere,ZZ,00000,6221,2017,SYNTHETIC INDUSTRY,1,2,88,155101,2,0,0,0,0,0,0,0,0,0,0,0,0,,1/1/2025,2024
9620,SYNTHETIC SITE 00619,100619,,SYNTHETIC COMPANY 00619,1 Example Way,Nowhere,ZZ,00000,2361,2017,SYNTHETIC INDUSTRY,1,2,42,87888,2,0,0,0,0,0,0,0,0,0,0,0,0,,1/1/2025,2024
9621,SYNTHETIC SITE 00620,100620,,SYNTHETIC COMPANY 00620,1 Example Way,Nowhere,ZZ,00000,2361,2017,SYNTHETIC INDUSTRY,1,2,75,157998,1,0,1,2,3,7,8,6,0,0,0,0,0,,1/1/2025,2024
9622,SYNTHETIC SITE 00621,100621,,SYNTHETIC COMPANY 00621,1 Example Way,Nowhere,ZZ,00000,3115,2017,SYNTHETIC INDUSTRY,1,2,62,82154,2,0,0,0,0,0,0,0,0,0,0,0,0,,1/1/2025,2024
9623,SYNTHETIC SITE 00622,100622,,SYNTHETIC COMPANY 00622,1 Example Way,Nowhere,ZZ,00000,6221,2017,SYNTHETIC INDUSTRY,1,2,40,78325,2,0,0,0,0,0,0,0,0,0,0,0,0,,1/1/2025,2024
9624,SYNTHETIC SITE 00623,100623,,SYNTHETIC COMPANY 00623,1 Example Way,Nowhere,ZZ,00000,4451,2017,SYNTHETIC INDUSTRY,1,2,120,166575,1,0,4,2,5,28,8,11,0,0,0,0,0,,1/1/2025,2024
9625,SYNTHETIC SITE 00624,100624,,SYNTHETIC COMPANY 00624,1 Example Way,Nowhere,ZZ,00000,3251,2017,SYNTHETIC INDUSTRY,1,2,12,25944,2,0,0,0,0,0,0,0,0,0,0,0,0,,1/1/2025,2024
9626,SYNTHETIC SITE 00625,100625,,SYNTHETIC COMPANY 00625,1 Example Way,Nowhere,ZZ,00000,3115,2017,SYNTHETIC INDUSTRY,1,2,102,239563,1,0,1,2,1,7,8,4,0,0,0,0,0,,1/1/2025,2024
9627,SYNTHETIC SITE 00626,100626,,SYNTHETIC COMPANY 00626,1 Example Way,Nowhere,ZZ,00000,3115,2017,SYNTHETIC INDUSTRY,1,2,2,3672,2,0,0,0,0,0,0,0,0,0,0,0,0,,1/1/2025,2024
9628,SYNTHETIC SITE 00627,100627,,SYNTHETIC COMPANY 00627,1 Example Way,Nowhere,ZZ,00000,3328,2017,SYNTHETIC INDUSTRY,1,2,21,34781,2,0,0,0,0,0,0,0,0,0,0,0,0,,1/1/2025,2024
9629,SYNTHETIC SITE 00628,100628,,SYNTHETIC COMPANY 00628,1 Example Way,Nowhere,ZZ,00000,3252,2017,SYNTHETIC INDUSTRY,1,2,291,561831,1,0,8,9,23,56,36,40,0,0,0,0,0,,1/1/2025,2024
9630,SYNTHETIC SITE 00629,100629,,SYNTHETIC COMPANY 00629,1 Example Way,Nowhere,ZZ,00000,2361,2017,SYNTHETIC INDUSTRY,1,2,103,183759,1,0,4,0,3,28,0,7,0,0,0,0,0,,1/1/2025,2024
9631,SYNTHETIC SITE 00630,100630,,SYNTHETIC COMPANY 00630,1 Example Way,Nowhere,ZZ,00000,4841,2017,SYNTHETIC INDUSTRY,1,2,5,6286,1,0,1,0,0,7,0,1,0,0,0,0,0,,1/1/2025,2024
9632,SYNTHETIC SITE 00631,100631,,SYNTHETIC COMPANY 00631,1 Example Way,Nowhere,ZZ,00000,4841,2017,SYNTHETIC INDUSTRY,1,2,83,198666,1,0,1,0,0,7,0,1,0,0,0,0,0,,1/1/2025,2024
9633,SYNTHETIC SITE 00632,100632,,SYNTHETIC COMPANY 00632,1 Example Way,Nowhere,ZZ,00000,3252,2017,SYNTHETIC INDUSTRY,1,2,40,62566,1,0,0,1,0,0,4,1,0,0,0,0,0,,1/1/2025,2024
9634,SYNTHETIC SITE 00633,100633,,SYNTHETIC COMPANY 00633,1 Example Way,Nowhere,ZZ,00000,2361,2017,SYNTHETIC INDUSTRY,1,2,11,16673,2,0,0,0,0,0,0,0,0,0,0,0,0,,1/1/2025,2024
9635,SYNTHETIC SITE 00634,100634,,SYNTHETIC COMPANY 00634,1 Example Way,Nowhere,ZZ,00000,4841,2017,SYNTHETIC INDUSTRY,1,2,68,122062,2,0,0,0,0,0,0,0,0,0,0,0,0,,1/1/2025,2024
9636,SYNTHETIC SITE 00635,100635,,SYNTHETIC COMPANY 00635,1 Example Way,Nowhere,ZZ,00000,3115,2017,SYNTHETIC INDUSTRY,1,2,120,216554,2,0,0,0,0,0,0,0,0,0,0,0,0,,1/1/2025,2024
9637,SYNTHETIC SITE 00636,100636,,SYNTHETIC COMPANY 00636,1 Example Way,Nowhere,ZZ,00000,3115,2017,SYNTHETIC INDUSTRY,1,2,125,251104,2,0,0,0,0,0,0,0,0,0,0,0,0,,1/1/2025,2024
9638,SYNTHETIC SITE 00637,100637,,SYNTHETIC COMPANY 00637,1 Example Way,Nowhere,ZZ,00000,3252,2017,SYNTHETIC INDUSTRY,1,2,39,77934,2,0,0,0,0,0,0,0,0,0,0,0,0,,1/1/2025,2024
9639,SYNTHETIC SITE 00638,100638,,SYNTHETIC COMPANY 00638,1 Example Way,Nowhere,ZZ,00000,3328,2017,SYNTHETIC INDUSTRY,1,2,89,153156,1,0,2,1,1,14,4,4,0,0,0,0,0,,1/1/2025,2024
9640,SYNTHETIC SITE 00639,100639,,SYNTHETIC COMPANY 00639,1 Example Way,Nowhere,ZZ,00000,3328,2017,SYNTHETIC INDUSTRY,1,2,51,84456,1,0,1,0,0,7,0,1,0,0,0,0,0,,1/1/2025,2024
9641,SYNTHETIC SITE 00640,100640,,SYNTHETIC COMPANY 00640,1 Example Way,Nowhere,ZZ,00000,3252,2017,SYNTHETIC INDUSTRY,1,2,29,44984,2,0,0,0,0,0,0,0,0,0,0,0,0,,1/1/2025,2024
9642,SYNTHETIC SITE 00641,100641,,SYNTHETIC COMPANY 00641,1 Example Way,Nowhere,ZZ,00000,3251,2017,SYNTHETIC INDUSTRY,1,2,65,113321,1,0,4,0,3,28,0,7,0,0,0,0,0,,1/1/2025,2024
9643,SYNTHETIC SITE 00642,100642,,SYNTHETIC COMPANY 00642,1 Example Way,Nowhere,ZZ,00000,6221,2017,SYNTHETIC INDUSTRY,1,2,12,19241,2,0,0,0,0,0,0,0,0,0,0,0,0,,1/1/2025,2024
9644,SYNTHETIC SITE 00643,100643,,SYNTHETIC COMPANY 00643,1 Example Way,Nowhere,ZZ,00000,3251,2017,SYNTHETIC INDUSTRY,1,2,209,408213,2,0,0,0,0,0,0,0,0,0,0,0,0,,1/1/2025,2024
9645,SYNTHETIC SITE 00644,100644,,SYNTHETIC COMPANY 00644,1 Example Way,Nowhere,ZZ,00000,3251,2017,SYNTHETIC INDUSTRY,1,2,29,66349,1,0,2,0,0,14,0,2,0,0,0,0,0,,1/1/2025,2024
9646,SYNTHETIC SITE 00645,100645,,SYNTHETIC COMPANY 00645,1 Example Way,Nowhere,ZZ,00000,6221,2017,SYNTHETIC INDUSTRY,1,2,94,188900,1,0,1,0,0,7,0,1,0,0,0,0,0,,1/1/2025,2024
9647,SYNTHETIC SITE 00646,100646,,SYNTHETIC COMPANY 00646,1 Example Way,Nowhere,ZZ,00000,3251,2017,SYNTHETIC INDUSTRY,1,2,66,100240,2,0,0,0,0,0,0,0,0,0,0,0,0,,1/1/2025,2024
9648,SYNTHETIC SITE 00647,100647,,SYNTHETIC COMPANY 00647,1 Example Way,Nowhere,ZZ,00000,3115,2017,SYNTHETIC INDUSTRY,1,2,66,134248,2,0,0,0,0,0,0,0,0,0,0,0,0,,1/1/2025,2024
9649,SYNTHETIC SITE 00648,100648,,SYNTHETIC COMPANY 00648,1 Example Way,Nowhere,ZZ,00000,4451,2017,SYNTHETIC INDUSTRY,1,2,45,98378,2,0,0,0,0,0,0,0,0,0,0,0,0,,1/1/2025,2024
9650,SYNTHETIC SITE 00649,100649,,SYNTHETIC COMPANY 00649,1 Example Way,Nowhere,ZZ,00000,3251,2017,SYNTHETIC INDUSTRY,1,2,45,70181,2,0,0,0,0,0,0,0,0,0,0,0,0,,1/1/2025,2024
9651,SYNTHETIC SITE 00650,100650,,SYNTHETIC COMPANY 00650,1 Example Way,Nowhere,ZZ,00000,3251,2017,SYNTHETIC INDUSTRY,1,2,53,88764,2,0,0,0,0,0,0,0,0,0,0,0,0,,1/1/2025,2024
9652,SYNTHETIC SITE 00651,100651,,SYNTHETIC COMPANY 00651,1 Example Way,Nowhere,ZZ,00000,3328,2017,SYNTHETIC INDUSTRY,1,2,42,84382,1,0,1,0,0,7,0,1,0,0,0,0,0,,1/1/2025,2024
9653,SYNTHETIC SITE 00652,100652,,SYNTHETIC COMPANY 00652,1 Example Way,Nowhere,ZZ,00000,3251,2017,SYNTHETIC INDUSTRY,1,2,3,4341,2,0,0,0,0,0,0,0,0,0,0,0,0,,1/1/2025,2024
9654,SYNTHETIC SITE 00653,100653,,SYNTHETIC COMPANY 00653,1 Example Way,Nowhere,ZZ,00000,2361,2017,SYNTHETIC INDUSTRY,1,2,130,228549,2,0,0,0,0,0,0,0,0,0,0,0,0,,1/1/2025,2024
9655,SYNTHETIC SITE 00654,100654,,SYNTHETIC COMPANY 00654,1 Example Way,Nowhere,ZZ,00000,6221,2017,SYNTHETIC INDUSTRY,1,2,197,340544,2,0,0,0,0,0,0,0,0,0,0,0,0,,1/1/2025,2024
9656,SYNTHETIC SITE 00655,100655,,SYNTHETIC COMPANY 00655,1 Example Way,Nowhere,ZZ,00000,3328,2017,SYNTHETIC INDUSTRY,1,2,16,29886,2,0,0,0,0,0,0,0,0,0,0,0,0,,1/1/2025,2024
9657,SYNTHETIC SITE 00656,100656,,SYNTHETIC COMPANY 00656,1 Example Way,Nowhere,ZZ,00000,3251,2017,SYNTHETIC INDUSTRY,1,2,34,69889,2,0,0,0,0,0,0,0,0,0,0,0,0,,1/1/2025,2024
9658,SYNTHETIC SITE 00657,100657,,SYNTHETIC COMPANY 00657,1 Example Way,Nowhere,ZZ,00000,3251,2017,SYNTHETIC INDUSTRY,1,2,7,15539,2,0,0,0,0,0,0,0,0,0,0,0,0,,1/1/2025,2024
9659,SYNTHETIC SITE 00658,100658,,SYNTHETIC COMPANY 00658,1 Example Way,Nowhere,ZZ,00000,3328,2017,SYNTHETIC INDUSTRY,1,2,49,110584,1,0,1,1,1,7,4,3,0,0,0,0,0,,1/1/2025,2024
9660,SYNTHETIC SITE 00659,100659,,SYNTHETIC COMPANY 00659,1 Example Way,Nowhere,ZZ,00000,3251,2017,SYNTHETIC INDUSTRY,1,2,43,81118,1,0,0,0,2,0,0,2,0,0,0,0,0,,1/1/2025,2024
9661,SYNTHETIC SITE 00660,100660,,SYNTHETIC COMPANY 00660,1 Example Way,Nowhere,ZZ,00000,3115,2017,SYNTHETIC INDUSTRY,1,2,14,30839,2,0,0,0,0,0,0,0,0,0,0,0,0,,1/1/2025,2024
9662,SYNTHETIC SITE 00661,100661,,SYNTHETIC COMPANY 00661,1 Example Way,Nowhere,ZZ,00000,3251,2017,SYNTHETIC INDUSTRY,1,2,52,103139,2,0,0,0,0,0,0,0,0,0,0,0,0,,1/1/2025,2024
9663,SYNTHETIC SITE 00662,100662,,SYNTHETIC COMPANY 00662,1 Example Way,Nowhere,ZZ,00000,4841,2017,SYNTHETIC INDUSTRY,1,2,87,179564,2,0,0,0,0,0,0,0,0,0,0,0,0,,1/1/2025,2024
9664,SYNTHETIC SITE 00663,100663,,SYNTHETIC COMPANY 00663,1 Example Way,Nowhere,ZZ,00000,3328,2017,SYNTHETIC INDUSTRY,1,2,71,134728,2,0,0,0,0,0,0,0,0,0,0,0,0,,1/1/2025,2024
9665,SYNTHETIC SITE 00664,100664,,SYNTHETIC COMPANY 00664,1 Example Way,Nowhere,ZZ,00000,4841,2017,SYNTHETIC INDUSTRY,1,2,104,184394,1,0,2,1,0,14,4,3,0,0,0,0,0,,1/1/2025,2024
9666,SYNTHETIC SITE 00665,100665,,SYNTHETIC COMPANY 00665,1 Example Way,Nowhere,ZZ,00000,4841,2017,SYNTHETIC INDUSTRY,1,2,140,199053,1,0,1,2,2,7,8,5,0,0,0,0,0,,1/1/2025,2024
9667,SYNTHETIC SITE 00666,100666,,SYNTHETIC COMPANY 00666,1 Example Way,Nowhere,ZZ,00000,4451,2017,SYNTHETIC INDUSTRY,1,2,106,182405,1,0,1,0,2,7,0,3,0,0,0,0,0,,1/1/2025,2024
9668,SYNTHETIC SITE 00667,100667,,SYNTHETIC COMPANY 00667,1 Example Way,Nowhere,ZZ,00000,4451,2017,SYNTHETIC INDUSTRY,1,2,3,4689,2,0,0,0,0,0,0,0,0,0,0,0,0,,1/1/2025,2024
9669,SYNTHETIC SITE 00668,100668,,SYNTHETIC COMPANY 00668,1 Example Way,Nowhere,ZZ,00000,3251,2017,SYNTHETIC INDUSTRY,1,2,18,33303,2,0,0,0,0,0,0,0,0,0,0,0,0,,1/1/2025,2024
9670,SYNTHETIC SITE 00669,100669,,SYNTHETIC COMPANY 00669,1 Example Way,Nowhere,ZZ,00000,4451,2017,SYNTHETIC INDUSTRY,1,2,189,364640,2,0,0,0,0,0,0,0,0,0,0,0,0,,1/1/2025,2024
9671,SYNTHETIC SITE 00670,100670,,SYNTHETIC COMPANY 00670,1 Example Way,Nowhere,ZZ,00000,3251,2017,SYNTHETIC INDUSTRY,1,2,95,195423,1,0,1,0,0,7,0,1,0,0,0,0,0,,1/1/2025,2024
9672,SYNTHETIC SITE 00671,100671,,SYNTHETIC COMPANY 00671,1 Example Way,Nowhere,ZZ,00000,3115,2017,SYNTHETIC INDUSTRY,1,2,15,30117,2,0,0,0,0,0,0,0,0,0,0,0,0,,1/1/2025,2024
9673,SYNTHETIC SITE 00672,100672,,SYNTHETIC COMPANY 00672,1 Example Way,Nowhere,ZZ,00000,3328,2017,SYNTHETIC INDUSTRY,1,2,183,345167,1,0,0,2,4,0,8,6,0,0,0,0,0,,1/1/2025,2024
9674,SYNTHETIC SITE 00673,100673,,SYNTHETIC COMPANY 00673,1 Example Way,Nowhere,ZZ,00000,3251,2017,SYNTHETIC INDUSTRY,1,2,7,16456,2,0,0,0,0,0,0,0,0,0,0,0,0,,1/1/2025,2024
9675,SYNTHETIC SITE 00674,100674,,SYNTHETIC COMPANY 00674,1 Example Way,Nowhere,ZZ,00000,3251,2017,SYNTHETIC INDUSTRY,1,2,6,1230300,2,0,0,0,0,0,0,0,0,0,0,0,0,,1/1/2025,2024
9676,SYNTHETIC SITE 00675,100675,,SYNTHETIC COMPANY 00675,1 Example Way,Nowhere,ZZ,00000,4841,2017,SYNTHETIC INDUSTRY,1,2,39,69809,2,0,0,0,0,0,0,0,0,0,0,0,0,,1/1/2025,2024
9677,SYNTHETIC SITE 00676,100676,,SYNTHETIC COMPANY 00676,1 Example Way,Nowhere,ZZ,00000,3251,2017,SYNTHETIC INDUSTRY,1,2,30,56492,2,0,0,0,0,0,0,0,0,0,0,0,0,,1/1/2025,2024
9678,SYNTHETIC SITE 00677,100677,,SYNTHETIC COMPANY 00677,1 Example Way,Nowhere,ZZ,00000,2361,2017,SYNTHETIC INDUSTRY,1,2,58,109332,2,0,0,0,0,0,0,0,0,0,0,0,0,,1/1/2025,2024
9679,SYNTHETIC SITE 00678,100678,,SYNTHETIC COMPANY 00678,1 Example Way,Nowhere,ZZ,00000,3328,2017,SYNTHETIC INDUSTRY,1,2,62,98170,1,0,3,2,5,21,8,10,0,0,0,0,0,,1/1/2025,2024
9680,SYNTHETIC SITE 00679,100679,,SYNTHETIC COMPANY 00679,1 Example Way,Nowhere,ZZ,00000,4451,2017,SYNTHETIC INDUSTRY,1,2,190,339843,2,0,0,0,0,0,0,0,0,0,0,0,0,,1/1/2025,2024
9681,SYNTHETIC SITE 00680,100680,,SYNTHETIC COMPANY 00680,1 Example Way,Nowhere,ZZ,00000,2361,2017,SYNTHETIC INDUSTRY,1,2,33,52090,1,0,0,1,0,0,4,1,0,0,0,0,0,,1/1/2025,2024
9682,SYNTHETIC SITE 00681,100681,,SYNTHETIC COMPANY 00681,1 Example Way,Nowhere,ZZ,00000,2361,2017,SYNTHETIC INDUSTRY,1,2,97,173977,2,0,0,0,0,0,0,0,0,0,0,0,0,,1/1/2025,2024
9683,SYNTHETIC SITE 00682,100682,,SYNTHETIC COMPANY 00682,1 Example Way,Nowhere,ZZ,00000,6221,2017,SYNTHETIC INDUSTRY,1,2,15,29943,2,0,0,0,0,0,0,0,0,0,0,0,0,,1/1/2025,2024
9684,SYNTHETIC SITE 00683,100683,,SYNTHETIC COMPANY 00683,1 Example Way,Nowhere,ZZ,00000,3252,2017,SYNTHETIC INDUSTRY,1,2,40,72673,1,0,3,2,0,21,8,5,0,0,0,0,0,,1/1/2025,2024
9685,SYNTHETIC SITE 00684,100684,,SYNTHETIC COMPANY 00684,1 Example Way,Nowhere,ZZ,00000,3328,2017,SYNTHETIC INDUSTRY,1,2,20,42061,1,0,1,0,0,7,0,1,0,0,0,0,0,,1/1/2025,2024
9686,SYNTHETIC SITE 00685,100685,,SYNTHETIC COMPANY 00685,1 Example Way,Nowhere,ZZ,00000,3115,2017,SYNTHETIC INDUSTRY,1,2,54,78201,2,0,0,0,0,0,0,0,0,0,0,0,0,,1/1/2025,2024
9687,SYNTHETIC SITE 00686,100686,,SYNTHETIC COMPANY 00686,1 Example Way,Nowhere,ZZ,00000,3328,2017,SYNTHETIC INDUSTRY,1,2,106,201085,1,0,0,0,2,0,0,2,0,0,0,0,0,,1/1/2025,2024
9688,SYNTHETIC SITE 00687,100687,,SYNTHETIC COMPANY 00687,1 Example Way,Nowhere,ZZ,00000,4451,2017,SYNTHETIC INDUSTRY,1,2,48,88288,2,0,0,0,0,0,0,0,0,0,0,0,0,,1/1/2025,2024
9689,SYNTHETIC SITE 00688,100688,,SYNTHETIC COMPANY 00688,1 Example Way,Nowhere,ZZ,00000,3252,2017,SYNTHETIC INDUSTRY,1,2,22,35500,2,0,0,0,0,0,0,0,0,0,0,0,0,,1/1/2025,2024
9690,SYNTHETIC SITE 00689,100689,,SYNTHETIC COMPANY 00689,1 Example Way,Nowhere,ZZ,00000,3328,2017,SYNTHETIC INDUSTRY,1,2,23,46248,2,0,0,0,0,0,0,0,0,0,0,0,0,,1/1/2025,2024
9691,SYNTHETIC SITE 00690,100690,,SYNTHETIC COMPANY 00690,1 Example Way,Nowhere,ZZ,00000,6221,2017,SYNTHETIC INDUSTRY,1,2,119,301842,1,0,0,1,0,0,4,1,0,0,0,0,0,,1/1/2025,2024
9692,SYNTHETIC SITE 00691,100691,,SYNTHETIC COMPANY 00691,1 Example Way,Nowhere,ZZ,00000,2361,2017,SYNTHETIC INDUSTRY,1,2,32,66428,1,0,0,0,1,0,0,1,0,0,0,0,0,,1/1/2025,2024
9693,SYNTHETIC SITE 00692,100692,,SYNTHETIC COMPANY 00692,1 Example Way,Nowhere,ZZ,00000,2361,2017,SYNTHETIC INDUSTRY,1,2,39,60322,1,0,0,0,1,0,0,1,0,0,0,0,0,,1/1/2025,2024
9694,SYNTHETIC SITE 00693,100693,,SYNTHETIC COMPANY 00693,1 Example Way,Nowhere,ZZ,00000,3252,2017,SYNTHETIC INDUSTRY,1,2,201,405693,1,0,1,0,0,7,0,1,0,0,0,0,0,,1/1/2025,2024
9695,SYNTHETIC SITE 00694,100694,,SYNTHETIC COMPANY 00694,1 Example Way,Nowhere,ZZ,00000,3252,2017,SYNTHETIC INDUSTRY,1,2,76,109975,2,0,0,0,0,0,0,0,0,0,0,0,0,,1/1/2025,2024
9696,SYNTHETIC SITE 00695,100695,,SYNTHETIC COMPANY 00695,1 Example Way,Nowhere,ZZ,00000,4841,2017,SYNTHETIC INDUSTRY,1,2,546,1123590,1,0,1,1,0,7,4,2,0,0,0,0,0,,1/1/2025,2024
9697,SYNTHETIC SITE 00696,100696,,SYNTHETIC COMPANY 00696,1 Example Way,Nowhere,ZZ,00000,4841,2017,SYNTHETIC INDUSTRY,1,2,22,42703,2,0,0,0,0,0,0,0,0,0,0,0,0,,1/1/2025,2024
9698,SYNTHETIC SITE 00697,100697,,SYNTHETIC COMPANY 00697,1 Example Way,Nowhere,ZZ,00000,3115,2017,SYNTHETIC INDUSTRY,1,2,7,13800,2,0,0,0,0,0,0,0,0,0,0,0,0,,1/1/2025,2024
9699,SYNTHETIC SITE 00698,100698,,SYNTHETIC COMPANY 00698,1 Example Way,Nowhere,ZZ,00000,3328,2017,SYNTHETIC INDUSTRY,1,2,40,63184,2,0,0,0,0,0,0,0,0,0,0,0,0,,1/1/2025,2024
9700,SYNTHETIC SITE 00699,100699,,SYNTHETIC COMPANY 00699,1 Example Way,Nowhere,ZZ,00000,2361,2017,SYNTHETIC INDUSTRY,1,2,9,16508,2,0,0,0,0,0,0,0,0,0,0,0,0,,1/1/2025,2024
9701,SYNTHETIC SITE 00700,100700,,SYNTHETIC COMPANY 00700,1 Example Way,Nowhere,ZZ,00000,4841,2017,SYNTHETIC INDUSTRY,1,2,76,152738,1,0,1,0,0,7,0,1,0,0,0,0,0,,1/1/2025,2024
9702,SYNTHETIC SITE 00701,100701,,SYNTHETIC COMPANY 00701,1 Example Way,Nowhere,ZZ,00000,3251,2017,SYNTHETIC INDUSTRY,1,2,22,37120,2,0,0,0,0,0,0,0,0,0,0,0,0,,1/1/2025,2024
9703,SYNTHETIC SITE 00702,100702,,SYNTHETIC COMPANY 00702,1 Example Way,Nowhere,ZZ,00000,4841,2017,SYNTHETIC INDUSTRY,1,2,434,880537,1,0,8,2,9,56,8,19,0,0,0,0,0,,1/1/2025,2024
9704,SYNTHETIC SITE 00703,100703,,SYNTHETIC COMPANY 00703,1 Example Way,Nowhere,ZZ,00000,4841,2017,SYNTHETIC INDUSTRY,1,2,7,13453,1,0,0,1,0,0,4,1,0,0,0,0,0,,1/1/2025,2024
9705,SYNTHETIC SITE 00704,100704,,SYNTHETIC COMPANY 00704,1 Example Way,Nowhere,ZZ,00000,3115,2017,SYNTHETIC INDUSTRY,1,2,49,76088,2,0,0,0,0,0,0,0,0,0,0,0,0,,1/1/2025,2024
9706,SYNTHETIC SITE 00705,100705,,SYNTHETIC COMPANY 00705,1 Example Way,Nowhere,ZZ,00000,3115,2017,SYNTHETIC INDUSTRY,1,2,13,26466,2,0,0,0,0,0,0,0,0,0,0,0,0,,1/1/2025,2024
9707,SYNTHETIC SITE 00706,100706,,SYNTHETIC COMPANY 00706,1 Example Way,Nowhere,ZZ,00000,2361,2017,SYNTHETIC INDUSTRY,1,2,36,63318,2,0,0,0,0,0,0,0,0,0,0,0,0,,1/1/2025,2024
9708,SYNTHETIC SITE 00707,100707,,SYNTHETIC COMPANY 00707,1 Example Way,Nowhere,ZZ,00000,3252,2017,SYNTHETIC INDUSTRY,1,2,56,110438,1,0,0,0,1,0,0,1,0,0,0,0,0,,1/1/2025,2024
9709,SYNTHETIC SITE 00708,100708,,SYNTHETIC COMPANY 00708,1 Example Way,Nowhere,ZZ,00000,3115,2017,SYNTHETIC INDUSTRY,1,2,83,173573,1,0,2,0,1,14,0,3,0,0,0,0,0,,1/1/2025,2024
9710,SYNTHETIC SITE 00709,100709,,SYNTHETIC COMPANY 00709,1 Example Way,Nowhere,ZZ,00000,4841,2017,SYNTHETIC INDUSTRY,1,2,20,38743,1,0,1,0,0,7,0,1,0,0,0,0,0,,1/1/2025,2024
9711,SYNTHETIC SITE 00710,100710,,SYNTHETIC COMPANY 00710,1 Example Way,Nowhere,ZZ,00000,4451,2017,SYNTHETIC INDUSTRY,1,2,73,153251,2,0,0,0,0,0,0,0,0,0,0,0,0,,1/1/2025,2024
9712,SYNTHETIC SITE 00711,100711,,SYNTHETIC COMPANY 00711,1 Example Way,Nowhere,ZZ,00000,3251,2017,SYNTHETIC INDUSTRY,1,2,120,237578,1,0,4,5,3,28,20,12,0,0,0,0,0,,1/1/2025,2024
9713,SYNTHETIC SITE 00712,100712,,SYNTHETIC COMPANY 00712,1 Example Way,Nowhere,ZZ,00000,3251,2017,SYNTHETIC INDUSTRY,1,2,185,374171,1,0,0,0,3,0,0,3,0,0,0,0,0,,1/1/2025,2024
9714,SYNTHETIC SITE 00713,100713,,SYNTHETIC COMPANY 00713,1 Example Way,Nowhere,ZZ,00000,6221,2017,SYNTHETIC INDUSTRY,1,2,38,58302,1,0,0,1,1,0,4,2,0,0,0,0,0,,1/1/2025,2024
9715,SYNTHETIC SITE 00714,100714,,SYNTHETIC COMPANY 00714,1 Example Way,Nowhere,ZZ,00000,3251,2017,SYNTHETIC INDUSTRY,1,2,28,52495,2,0,0,0,0,0,0,0,0,0,0,0,0,,1/1/2025,2024
9716,SYNTHETIC SITE 00715,100715,,SYNTHETIC COMPANY 00715,1 Example Way,Nowhere,ZZ,00000,6221,2017,SYNTHETIC INDUSTRY,1,2,37,69632,2,0,0,0,0,0,0,0,0,0,0,0,0,,1/1/2025,2024
9717,SYNTHETIC SITE 00716,100716,,SYNTHETIC COMPANY 00716,1 Example Way,Nowhere,ZZ,00000,4841,2017,SYNTHETIC INDUSTRY,1,2,59,146667,1,0,2,0,1,14,0,3,0,0,0,0,0,,1/1/2025,2024
9718,SYNTHETIC SITE 00717,100717,,SYNTHETIC COMPANY 00717,1 Example Way,Nowhere,ZZ,00000,4841,2017,SYNTHETIC INDUSTRY,1,2,143,238228,1,0,3,2,0,21,8,5,0,0,0,0,0,,1/1/2025,2024
9719,SYNTHETIC SITE 00718,100718,,SYNTHETIC COMPANY 00718,1 Example Way,Nowhere,ZZ,00000,3328,2017,SYNTHETIC INDUSTRY,1,2,31,62874,2,0,0,0,0,0,0,0,0,0,0,0,0,,1/1/2025,2024
9720,SYNTHETIC SITE 00719,100719,,SYNTHETIC COMPANY 00719,1 Example Way,Nowhere,ZZ,00000,2361,2017,SYNTHETIC INDUSTRY,1,2,32,56949,2,0,0,0,0,0,0,0,0,0,0,0,0,,1/1/2025,2024
9721,SYNTHETIC SITE 00720,100720,,SYNTHETIC COMPANY 00720,1 Example Way,Nowhere,ZZ,00000,3252,2017,SYNTHETIC INDUSTRY,1,2,122,254533,1,0,6,0,5,42,0,11,0,0,0,0,0,,1/1/2025,2024
9722,SYNTHETIC SITE 00721,100721,,SYNTHETIC COMPANY 00721,1 Example Way,Nowhere,ZZ,00000,3115,2017,SYNTHETIC INDUSTRY,1,2,116,229659,2,0,0,0,0,0,0,0,0,0,0,0,0,,1/1/2025,2024
9723,SYNTHETIC SITE 00722,100722,,SYNTHETIC COMPANY 00722,1 Example Way,Nowhere,ZZ,00000,4841,2017,SYNTHETIC INDUSTRY,1,2,10,20969,2,0,0,0,0,0,0,0,0,0,0,0,0,,1/1/2025,2024
9724,SYNTHETIC SITE 00723,100723,,SYNTHETIC COMPANY 00723,1 Example Way,Nowhere,ZZ,00000,4451,2017,SYNTHETIC INDUSTRY,1,2,11,21709,2,0,0,0,0,0,0,0,0,0,0,0,0,,1/1/2025,2024
9725,SYNTHETIC SITE 00724,100724,,SYNTHETIC COMPANY 00724,1 Example Way,Nowhere,ZZ,00000,4451,2017,SYNTHETIC INDUSTRY,1,2,299,605258,1,0,8,1,9,56,4,18,0,0,0,0,0,,1/1/2025,2024
9726,SYNTHETIC SITE 00725,100725,,SYNTHETIC COMPANY 00725,1 Example Way,Nowhere,ZZ,00000,3252,2017,SYNTHETIC INDUSTRY,1,2,36,59818,1,0,1,1,1,7,4,3,0,0,0,0,0,,1/1/2025,2024
9727,SYNTHETIC SITE 00726,100726,,SYNTHETIC COMPANY 00726,1 Example Way,Nowhere,ZZ,00000,3328,2017,SYNTHETIC INDUSTRY,1,2,109,186216,1,0,5,6,8,35,24,19,0,0,0,0,0,,1/1/2025,2024
9728,SYNTHETIC SITE 00727,100727,,SYNTHETIC COMPANY 00727,1 Example Way,Nowhere,ZZ,00000,3115,2017,SYNTHETIC INDUSTRY,1,2,5,9715,2,0,0,0,0,0,0,0,0,0,0,0,0,,1/1/2025,2024
9729,SYNTHETIC SITE 00728,100728,,SYNTHETIC COMPANY 00728,1 Example Way,Nowhere,ZZ,00000,3252,2017,SYNTHETIC INDUSTRY,1,2,125,231527,2,0,0,0,0,0,0,0,0,0,0,0,0,,1/1/2025,2024
9730,SYNTHETIC SITE 00729,100729,,SYNTHETIC COMPANY 00729,1 Example Way,Nowhere,ZZ,00000,6221,2017,SYNTHETIC INDUSTRY,1,2,54,94146,1,0,0,1,0,0,4,1,0,0,0,0,0,,1/1/2025,2024
9731,SYNTHETIC SITE 00730,100730,,SYNTHETIC COMPANY 00730,1 Example Way,Nowhere,ZZ,00000,6221,2017,SYNTHETIC INDUSTRY,1,2,110,179513,1,0,3,1,4,21,4,8,0,0,0,0,0,,1/1/2025,2024
9732,SYNTHETIC SITE 00731,100731,,SYNTHETIC COMPANY 00731,1 Example Way,Nowhere,ZZ,00000,2361,2017,SYNTHETIC INDUSTRY,1,2,23,32773,2,0,0,0,0,0,0,0,0,0,0,0,0,,1/1/2025,2024
9733,SYNTHETIC SITE 00732,100732,,SYNTHETIC COMPANY 00732,1 Example Way,Nowhere,ZZ,00000,3115,2017,SYNTHETIC INDUSTRY,1,2,844,1723203,1,0,38,17,39,266,68,94,0,0,0,0,0,,1/1/2025,2024
9734,SYNTHETIC SITE 00733,100733,,SYNTHETIC COMPANY 00733,1 Example Way,Nowhere,ZZ,00000,2361,2017,SYNTHETIC INDUSTRY,1,2,10,17529,2,0,0,0,0,0,0,0,0,0,0,0,0,,1/1/2025,2024
9735,SYNTHETIC SITE 00734,100734,,SYNTHETIC COMPANY 00734,1 Example Way,Nowhere,ZZ,00000,2361,2017,SYNTHETIC INDUSTRY,1,2,52,86855,2,0,0,0,0,0,0,0,0,0,0,0,0,,1/1/2025,2024
9736,SYNTHETIC SITE 00735,100735,,SYNTHETIC COMPANY 00735,1 Example Way,Nowhere,ZZ,00000,3252,2017,SYNTHETIC INDUSTRY,1,2,10,19175,2,0,0,0,0,0,0,0,0,0,0,0,0,,1/1/2025,2024
9737,SYNTHETIC SITE 00736,100736,,SYNTHETIC COMPANY 00736,1 Example Way,Nowhere,ZZ,00000,6221,2017,SYNTHETIC INDUSTRY,1,2,172,393503,2,0,0,0,0,0,0,0,0,0,0,0,0,,1/1/2025,2024
9738,SYNTHETIC SITE 00737,100737,,SYNTHETIC COMPANY 00737,1 Example Way,Nowhere,ZZ,00000,3328,2017,SYNTHETIC INDUSTRY,1,2,638,1139561,1,0,2,2,1,14,8,5,0,0,0,0,0,,1/1/2025,2024
9739,SYNTHETIC SITE 00738,100738,,SYNTHETIC COMPANY 00738,1 Example Way,Nowhere,ZZ,00000,3328,2017,SYNTHETIC INDUSTRY,1,2,36,63410,2,0,0,0,0,0,0,0,0,0,0,0,0,,1/1/2025,2024
9740,SYNTHETIC SITE 00739,100739,,SYNTHETIC COMPANY 00739,1 Example Way,Nowhere,ZZ,00000,2361,2017,SYNTHETIC INDUSTRY,1,2,74,104659,1,0,0,1,0,0,4,1,0,0,0,0,0,,1/1/2025,2024
9741,SYNTHETIC SITE 00740,100740,,SYNTHETIC COMPANY 00740,1 Example Way,Nowhere,ZZ,00000,3115,2017,SYNTHETIC INDUSTRY,1,2,33,73002,1,0,0,0,1,0,0,1,0,0,0,0,0,,1/1/2025,2024
9742,SYNTHETIC SITE 00741,100741,,SYNTHETIC COMPANY 00741,1 Example Way,Nowhere,ZZ,00000,3328,2017,SYNTHETIC INDUSTRY,1,2,179,3426200,2,0,0,0,0,0,0,0,0,0,0,0,0,,1/1/2025,2024
9743,SYNTHETIC SITE 00742,100742,,SYNTHETIC COMPANY 00742,1 Example Way,Nowhere,ZZ,00000,4841,2017,SYNTHETIC INDUSTRY,1,2,30,68113,2,0,0,0,0,0,0,0,0,0,0,0,0,,1/1/2025,2024
9744,SYNTHETIC SITE 00743,100743,,SYNTHETIC COMPANY 00743,1 Example Way,Nowhere,ZZ,00000,3328,2017,SYNTHETIC INDUSTRY,1,2,72,170325,1,0,0,1,1,0,4,2,0,0,0,0,0,,1/1/2025,2024
9745,SYNTHETIC SITE 00744,100744,,SYNTHETIC COMPANY 00744,1 Example Way,Nowhere,ZZ,00000,3328,2017,SYNTHETIC INDUSTRY,1,2,158,201891,1,0,1,0,1,7,0,2,0,0,0,0,0,,1/1/2025,2024
9746,SYNTHETIC SITE 00745,100745,,SYNTHETIC COMPANY 00745,1 Example Way,Nowhere,ZZ,00000,6221,2017,SYNTHETIC INDUSTRY,1,2,82,169645,2,0,0,0,0,0,0,0,0,0,0,0,0,,1/1/2025,2024
9747,SYNTHETIC SITE 00746,100746,,SYNTHETIC COMPANY 00746,1 Example Way,Nowhere,ZZ,00000,3115,2017,SYNTHETIC INDUSTRY,1,2,101,202313,1,0,7,2,9,49,8,18,0,0,0,0,0,,1/1/2025,2024
9748,SYNTHETIC SITE 00747,100747,,SYNTHETIC COMPANY 00747,1 Example Way,Nowhere,ZZ,00000,3252,2017,SYNTHETIC INDUSTRY,1,2,64,121825,1,0,3,0,0,21,0,3,0,0,0,0,0,,1/1/2025,2024
9749,SYNTHETIC SITE 00748,100748,,SYNTHETIC COMPANY 00748,1 Example Way,Nowhere,ZZ,00000,3328,2017,SYNTHETIC INDUSTRY,1,2,65,119483,2,0,0,0,0,0,0,0,0,0,0,0,0,,1/1/2025,2024
9750,SYNTHETIC SITE 00749,100749,,SYNTHETIC COMPANY 00749,1 Example Way,Nowhere,ZZ,00000,6221,2017,SYNTHETIC INDUSTRY,1,2,80,158265,1,0,0,1,0,0,4,1,0,0,0,0,0,,1/1/2025,2024
9751,SYNTHETIC SITE 00750,100750,,SYNTHETIC COMPANY 00750,1 Example Way,Nowhere,ZZ,00000,3252,2017,SYNTHETIC INDUSTRY,1,2,62,116228,1,0,6,0,2,42,0,8,0,0,0,0,0,,1/1/2025,2024
9752,SYNTHETIC SITE 00751,100751,,SYNTHETIC COMPANY 00751,1 Example Way,Nowhere,ZZ,00000,3252,2017,SYNTHETIC INDUSTRY,1,2,119,254537,1,0,0,0,2,0,0,2,0,0,0,0,0,,1/1/2025,2024
9753,SYNTHETIC SITE 00752,100752,,SYNTHETIC COMPANY 00752,1 Example Way,Nowhere,ZZ,00000,6221,2017,SYNTHETIC INDUSTRY,1,2,163,325302,1,0,1,1,2,7,4,4,0,0,0,0,0,,1/1/2025,2024
9754,SYNTHETIC SITE 00753,100753,,SYNTHETIC COMPANY 00753,1 Example Way,Nowhere,ZZ,00000,6221,2017,SYNTHETIC INDUSTRY,1,2,68,153810,2,0,0,0,0,0,0,0,0,0,0,0,0,,1/1/2025,2024
9755,SYNTHETIC SITE 00754,100754,,SYNTHETIC COMPANY 00754,1 Example Way,Nowhere,ZZ,00000,4841,2017,SYNTHETIC INDUSTRY,1,2,49,84736,1,0,0,0,1,0,0,1,0,0,0,0,0,,1/1/2025,2024
9756,SYNTHETIC SITE 00755,100755,,SYNTHETIC COMPANY 00755,1 Example Way,Nowhere,ZZ,00000,2361,2017,SYNTHETIC INDUSTRY,1,2,33,74077,2,0,0,0,0,0,0,0,0,0,0,0,0,,1/1/2025,2024
9757,SYNTHETIC SITE 00756,100756,,SYNTHETIC COMPANY 00756,1 Example Way,Nowhere,ZZ,00000,4451,2017,SYNTHETIC INDUSTRY,1,2,7,12337,2,0,0,0,0,0,0,0,0,0,0,0,0,,1/1/2025,2024
9758,SYNTHETIC SITE 00757,100757,,SYNTHETIC COMPANY 00757,1 Example Way,Nowhere,ZZ,00000,3251,2017,SYNTHETIC INDUSTRY,1,2,109,218164,1,0,2,2,1,14,8,5,0,0,0,0,0,,1/1/2025,2024
9759,SYNTHETIC SITE 00758,100758,,SYNTHETIC COMPANY 00758,1 Example Way,Nowhere,ZZ,00000,6221,2017,SYNTHETIC INDUSTRY,1,2,26,51171,2,0,0,0,0,0,0,0,0,0,0,0,0,,1/1/2025,2024
9760,SYNTHETIC SITE 00759,100759,,SYNTHETIC COMPANY 00759,1 Example Way,Nowhere,ZZ,00000,3252,2017,SYNTHETIC INDUSTRY,1,2,109,202610,1,0,1,1,3,7,4,5,0,0,0,0,0,,1/1/2025,2024
9761,SYNTHETIC SITE 00760,100760,,SYNTHETIC COMPANY 00760,1 Example Way,Nowhere,ZZ,00000,3252,2017,SYNTHETIC INDUSTRY,1,2,17,26716,2,0,0,0,0,0,0,0,0,0,0,0,0,,1/1/2025,2024
9762,SYNTHETIC SITE 00761,100761,,SYNTHETIC COMPANY 00761,1 Example Way,Nowhere,ZZ,00000,3115,2017,SYNTHETIC INDUSTRY,1,2,31,47475,2,0,0,0,0,0,0,0,0,0,0,0,0,,1/1/2025,2024
9763,SYNTHETIC SITE 00762,100762,,SYNTHETIC COMPANY 00762,1 Example Way,Nowhere,ZZ,00000,6221,2017,SYNTHETIC INDUSTRY,1,2,235,416971,1,0,1,2,1,7,8,4,0,0,0,0,0,,1/1/2025,2024
9764,SYNTHETIC SITE 00763,100763,,SYNTHETIC COMPANY 00763,1 Example Way,Nowhere,ZZ,00000,4451,2017,SYNTHETIC INDUSTRY,1,2,16,32221,2,0,0,0,0,0,0,0,0,0,0,0,0,,1/1/2025,2024
9765,SYNTHETIC SITE 00764,100764,,SYNTHETIC COMPANY 00764,1 Example Way,Nowhere,ZZ,00000,4451,2017,SYNTHETIC INDUSTRY,1,2,8,14594,2,0,0,0,0,0,0,0,0,0,0,0,0,,1/1/2025,2024
9766,SYNTHETIC SITE 00765,100765,,SYNTHETIC COMPANY 00765,1 Example Way,Nowhere,ZZ,00000,4841,2017,SYNTHETIC INDUSTRY,1,2,24,42624,2,0,0,0,0,0,0,0,0,0,0,0,0,,1/1/2025,2024
9767,SYNTHETIC SITE 00766,100766,,SYNTHETIC COMPANY 00766,1 Example Way,Nowhere,ZZ,00000,3115,2017,SYNTHETIC INDUSTRY,1,2,27,49445,2,0,0,0,0,0,0,0,0,0,0,0,0,,1/1/2025,2024
9768,SYNTHETIC SITE 00767,100767,,SYNTHETIC COMPANY 00767,1 Example Way,Nowhere,ZZ,00000,6221,2017,SYNTHETIC INDUSTRY,1,2,459,108123300,2,0,0,0,0,0,0,0,0,0,0,0,0,,1/1/2025,2024
9769,SYNTHETIC SITE 00768,100768,,SYNTHETIC COMPANY 00768,1 Example Way,Nowhere,ZZ,00000,6221,2017,SYNTHETIC INDUSTRY,1,2,117,219141,1,0,5,4,4,35,16,13,0,0,0,0,0,,1/1/2025,2024
9770,SYNTHETIC SITE 00769,100769,,SYNTHETIC COMPANY 00769,1 Example Way,Nowhere,ZZ,00000,3252,2017,SYNTHETIC INDUSTRY,1,2,23,49573,1,0,0,1,0,0,4,1,0,0,0,0,0,,1/1/2025,2024
9771,SYNTHETIC SITE 00770,100770,,SYNTHETIC COMPANY 00770,1 Example Way,Nowhere,ZZ,00000,2361,2017,SYNTHETIC INDUSTRY,1,2,26,51657,2,0,0,0,0,0,0,0,0,0,0,0,0,,1/1/2025,2024
9772,SYNTHETIC SITE 00771,100771,,SYNTHETIC COMPANY 00771,1 Example Way,Nowhere,ZZ,00000,4451,2017,SYNTHETIC INDUSTRY,1,2,99,210124,1,0,1,1,0,7,4,2,0,0,0,0,0,,1/1/2025,2024
9773,SYNTHETIC SITE 00772,100772,,SYNTHETIC COMPANY 00772,1 Example Way,Nowhere,ZZ,00000,3252,2017,SYNTHETIC INDUSTRY,1,2,94,140446,2,0,0,0,0,0,0,0,0,0,0,0,0,,1/1/2025,2024
9774,SYNTHETIC SITE 00773,100773,,SYNTHETIC COMPANY 00773,1 Example Way,Nowhere,ZZ,00000,6221,2017,SYNTHETIC INDUSTRY,1,2,24,43336,1,0,1,0,0,7,0,1,0,0,0,0,0,,1/1/2025,2024
9775,SYNTHETIC SITE 00774,100774,,SYNTHETIC COMPANY 00774,1 Example Way,Nowhere,ZZ,00000,4841,2017,SYNTHETIC INDUSTRY,1,2,10,16658,2,0,0,0,0,0,0,0,0,0,0,0,0,,1/1/2025,2024
9776,SYNTHETIC SITE 00775,100775,,SYNTHETIC COMPANY 00775,1 Example Way,Nowhere,ZZ,00000,3328,2017,SYNTHETIC INDUSTRY,1,2,40,69397,1,0,0,1,3,0,4,4,0,0,0,0,0,,1/1/2025,2024
9777,SYNTHETIC SITE 00776,100776,,SYNTHETIC COMPANY 00776,1 Example Way,Nowhere,ZZ,00000,2361,2017,SYNTHETIC INDUSTRY,1,2,79,108775,1,0,0,1,0,0,4,1,0,0,0,0,0,,1/1/2025,2024
9778,SYNTHETIC SITE 00777,100777,,SYNTHETIC COMPANY 00777,1 Example Way,Nowhere,ZZ,00000,3251,2017,SYNTHETIC INDUSTRY,1,2,80,137131,1,0,1,3,4,7,12,8,0,0,0,0,0,,1/1/2025,2024
9779,SYNTHETIC SITE 00778,100778,,SYNTHETIC COMPANY 00778,1 Example Way,Nowhere,ZZ,00000,2361,2017,SYNTHETIC INDUSTRY,1,2,321,532802,1,0,15,13,13,105,52,41,0,0,0,0,0,,1/1/2025,2024
9780,SYNTHETIC SITE 00779,100779,,SYNTHETIC COMPANY 00779,1 Example Way,Nowhere,ZZ,00000,6221,2017,SYNTHETIC INDUSTRY,1,2,30,67249,2,0,0,0,0,0,0,0,0,0,0,0,0,,1/1/2025,2024
9781,SYNTHETIC SITE 00780,100780,,SYNTHETIC COMPANY 00780,1 Example Way,Nowhere,ZZ,00000,4841,2017,SYNTHETIC INDUSTRY,1,2,5,11516,2,0,0,0,0,0,0,0,0,0,0,0,0,,1/1/2025,2024
9782,SYNTHETIC SITE 00781,100781,,SYNTHETIC COMPANY 00781,1 Example Way,Nowhere,ZZ,00000,2361,2017,SYNTHETIC INDUSTRY,1,2,12,23031,2,0,0,0,0,0,0,0,0,0,0,0,0,,1/1/2025,2024
9783,SYNTHETIC SITE 00782,100782,,SYNTHETIC COMPANY 00782,1 Example Way,Nowhere,ZZ,00000,3328,2017,SYNTHETIC INDUSTRY,1,2,28,44966,2,0,0,0,0,0,0,0,0,0,0,0,0,,1/1/2025,2024
9784,SYNTHETIC SITE 00783,100783,,SYNTHETIC COMPANY 00783,1 Example Way,Nowhere,ZZ,00000,3252,2017,SYNTHETIC INDUSTRY,1,2,6,10968,2,0,0,0,0,0,0,0,0,0,0,0,0,,1/1/2025,2024
9785,SYNTHETIC SITE 00784,100784,,SYNTHETIC COMPANY 00784,1 Example Way,Nowhere,ZZ,00000,2361,2017,SYNTHETIC INDUSTRY,1,2,218,446883,2,0,0,0,0,0,0,0,0,0,0,0,0,,1/1/2025,2024
9786,SYNTHETIC SITE 00785,100785,,SYNTHETIC COMPANY 00785,1 Example Way,Nowhere,ZZ,00000,3251,2017,SYNTHETIC INDUSTRY,1,2,311,620106,1,0,1,2,1,7,8,4,0,0,0,0,0,,1/1/2025,2024
9787,SYNTHETIC SITE 00786,100786,,SYNTHETIC COMPANY 00786,1 Example Way,Nowhere,ZZ,00000,3115,2017,SYNTHETIC INDUSTRY,1,2,113,186112,1,0,1,1,1,7,4,3,0,0,0,0,0,,1/1/2025,2024
9788,SYNTHETIC SITE 00787,100787,,SYNTHETIC COMPANY 00787,1 Example Way,Nowhere,ZZ,00000,3252,2017,SYNTHETIC INDUSTRY,1,2,105,161037,2,0,0,0,0,0,0,0,0,0,0,0,0,,1/1/2025,2024
9789,SYNTHETIC SITE 00788,100788,,SYNTHETIC COMPANY 00788,1 Example Way,Nowhere,ZZ,00000,3251,2017,SYNTHETIC INDUSTRY,1,2,14,20227,2,0,0,0,0,0,0,0,0,0,0,0,0,,1/1/2025,2024
9790,SYNTHETIC SITE 00789,100789,,SYNTHETIC COMPANY 00789,1 Example Way,Nowhere,ZZ,00000,6221,2017,SYNTHETIC INDUSTRY,1,2,380,719967,1,0,3,2,3,21,8,8,0,0,0,0,0,,1/1/2025,2024
9791,SYNTHETIC SITE 00790,100790,,SYNTHETIC COMPANY 00790,1 Example Way,Nowhere,ZZ,00000,6221,2017,SYNTHETIC INDUSTRY,1,2,35,59772,2,0,0,0,0,0,0,0,0,0,0,0,0,,1/1/2025,2024
9792,SYNTHETIC SITE 00791,100791,,SYNTHETIC COMPANY 00791,1 Example Way,Nowhere,ZZ,00000,6221,2017,SYNTHETIC INDUSTRY,1,2,26,55460,2,0,0,0,0,0,0,0,0,0,0,0,0,,1/1/2025,2024
9793,SYNTHETIC SITE 00792,100792,,SYNTHETIC COMPANY 00792,1 Example Way,Nowhere,ZZ,00000,3115,2017,SYNTHETIC INDUSTRY,1,2,21,37525,2,0,0,0,0,0,0,0,0,0,0,0,0,,1/1/2025,2024
9794,SYNTHETIC SITE 00793,100793,,SYNTHETIC COMPANY 00793,1 Example Way,Nowhere,ZZ,00000,6221,2017,SYNTHETIC INDUSTRY,1,2,316,516445,1,0,4,5,5,28,20,14,0,0,0,0,0,,1/1/2025,2024
9795,SYNTHETIC SITE 00794,100794,,SYNTHETIC COMPANY 00794,1 Example Way,Nowhere,ZZ,00000,4451,2017,SYNTHETIC INDUSTRY,1,2,13,21565,1,0,0,1,0,0,4,1,0,0,0,0,0,,1/1/2025,2024
9796,SYNTHETIC SITE 00795,100795,,SYNTHETIC COMPANY 00795,1 Example Way,Nowhere,ZZ,00000,3251,2017,SYNTHETIC INDUSTRY,1,2,26,51931,2,0,0,0,0,0,0,0,0,0,0,0,0,,1/1/2025,2024
9797,SYNTHETIC SITE 00796,100796,,SYNTHETIC COMPANY 00796,1 Example Way,Nowhere,ZZ,00000,6221,2017,SYNTHETIC INDUSTRY,1,2,64,124910,2,0,0,0,0,0,0,0,0,0,0,0,0,,1/1/2025,2024
9798,SYNTHETIC SITE 00797,100797,,SYNTHETIC COMPANY 00797,1 Example Way,Nowhere,ZZ,00000,4841,2017,SYNTHETIC INDUSTRY,1,2,35,68933,1,0,0,2,3,0,8,5,0,0,0,0,0,,1/1/2025,2024
9799,SYNTHETIC SITE 00798,100798,,SYNTHETIC COMPANY 00798,1 Example Way,Nowhere,ZZ,00000,3328,2017,SYNTHETIC INDUSTRY,1,2,398,711799,1,0,6,2,2,42,8,10,0,0,0,0,0,,1/1/2025,2024
9800,SYNTHETIC SITE 00799,100799,,SYNTHETIC COMPANY 00799,1 Example Way,Nowhere,ZZ,00000,4841,2017,SYNTHETIC INDUSTRY,1,2,538,1356207,1,0,14,6,15,98,24,35,0,0,0,0,0,,1/1/2025,2024
9801,SYNTHETIC SITE 00800,100800,,SYNTHETIC COMPANY 00800,1 Example Way,Nowhere,ZZ,00000,2361,2017,SYNTHETIC INDUSTRY,1,2,89,205616,1,0,0,1,3,0,4,4,0,0,0,0,0,,1/1/2025,2024
9802,SYNTHETIC SITE 00801,100801,,SYNTHETIC COMPANY 00801,1 Example Way,Nowhere,ZZ,00000,3251,2017,SYNTHETIC INDUSTRY,1,2,55,106227,1,0,1,1,1,7,4,3,0,0,0,0,0,,1/1/2025,2024
9803,SYNTHETIC SITE 00802,100802,,SYNTHETIC COMPANY 00802,1 Example Way,Nowhere,ZZ,00000,3328,2017,SYNTHETIC INDUSTRY,1,2,357,689828,1,0,0,0,1,0,0,1,0,0,0,0,0,,1/1/2025,2024
9804,SYNTHETIC SITE 00803,100803,,SYNTHETIC COMPANY 00803,1 Example Way,Nowhere,ZZ,00000,3252,2017,SYNTHETIC INDUSTRY,1,2,146,334546,1,0,13,8,9,91,32,30,0,0,0,0,0,,1/1/2025,2024
9805,SYNTHETIC SITE 00804,100804,,SYNTHETIC COMPANY 00804,1 Example Way,Nowhere,ZZ,00000,3115,2017,SYNTHETIC INDUSTRY,1,2,72,130124,1,0,1,1,1,7,4,3,0,0,0,0,0,,1/1/2025,2024
9806,SYNTHETIC SITE 00805,100805,,SYNTHETIC COMPANY 00805,1 Example Way,Nowhere,ZZ,00000,4841,2017,SYNTHETIC INDUSTRY,1,2,121,226756,2,0,0,0,0,0,0,0,0,0,0,0,0,,1/1/2025,2024
9807,SYNTHETIC SITE 00806,100806,,SYNTHETIC COMPANY 00806,1 Example Way,Nowhere,ZZ,00000,3252,2017,SYNTHETIC INDUSTRY,1,2,50,76140,1,0,1,2,0,7,8,3,0,0,0,0,0,,1/1/2025,2024
9808,SYNTHETIC SITE 00807,100807,,SYNTHETIC COMPANY 00807,1 Example Way,Nowhere,ZZ,00000,4841,2017,SYNTHETIC INDUSTRY,1,2,263,493429,1,0,0,3,4,0,12,7,0,0,0,0,0,,1/1/2025,2024
9809,SYNTHETIC SITE 00808,100808,,SYNTHETIC COMPANY 00808,1 Example Way,Nowhere,ZZ,00000,3252,2017,SYNTHETIC INDUSTRY,1,2,79,173197,2,0,0,0,0,0,0,0,0,0,0,0,0,,1/1/2025,2024
9810,SYNTHETIC SITE 00809,100809,,SYNTHETIC COMPANY 00809,1 Example Way,Nowhere,ZZ,00000,3115,2017,SYNTHETIC INDUSTRY,1,2,377,681052,1,0,3,2,4,21,8,9,0,0,0,0,0,,1/1/2025,2024
9811,SYNTHETIC SITE 00810,100810,,SYNTHETIC COMPANY 00810,1 Example Way,Nowhere,ZZ,00000,3115,2017,SYNTHETIC INDUSTRY,1,2,96,183881,2,0,0,0,0,0,0,0,0,0,0,0,0,,1/1/2025,2024
9812,SYNTHETIC SITE 00811,100811,,SYNTHETIC COMPANY 00811,1 Example Way,Nowhere,ZZ,00000,3328,2017,SYNTHETIC INDUSTRY,1,2,71,131685,1,0,0,0,2,0,0,2,0,0,0,0,0,,1/1/2025,2024
9813,SYNTHETIC SITE 00812,100812,,SYNTHETIC COMPANY 00812,1 Example Way,Nowhere,ZZ,00000,3115,2017,SYNTHETIC INDUSTRY,1,2,95,232314,1,0,2,1,5,14,4,8,0,0,0,0,0,,1/1/2025,2024
9814,SYNTHETIC SITE 00813,100813,,SYNTHETIC COMPANY 00813,1 Example Way,Nowhere,ZZ,00000,3328,2017,SYNTHETIC INDUSTRY,1,2,5,10769,2,0,0,0,0,0,0,0,0,0,0,0,0,,1/1/2025,2024
9815,SYNTHETIC SITE 00814,100814,,SYNTHETIC COMPANY 00814,1 Example Way,Nowhere,ZZ,00000,3252,2017,SYNTHETIC INDUSTRY,1,2,63,120859,2,0,0,0,0,0,0,0,0,0,0,0,0,,1/1/2025,2024
9816,SYNTHETIC SITE 00815,100815,,SYNTHETIC COMPANY 00815,1 Example Way,Nowhere,ZZ,00000,6221,2017,SYNTHETIC INDUSTRY,1,2,88,205954,2,0,0,0,0,0,0,0,0,0,0,0,0,,1/1/2025,2024
9817,SYNTHETIC SITE 00816,100816,,SYNTHETIC COMPANY 00816,1 Example Way,Nowhere,ZZ,00000,3328,2017,SYNTHETIC INDUSTRY,1,2,146,269327,1,0,1,4,1,7,16,6,0,0,0,0,0,,1/1/2025,2024
9818,SYNTHETIC SITE 00817,100817,,SYNTHETIC COMPANY 00817,1 Example Way,Nowhere,ZZ,00000,3251,2017,SYNTHETIC INDUSTRY,1,2,7,12328,2,0,0,0,0,0,0,0,0,0,0,0,0,,1/1/2025,2024
9819,SYNTHETIC SITE 00818,100818,,SYNTHETIC COMPANY 00818,1 Example Way,Nowhere,ZZ,00000,4841,2017,SYNTHETIC INDUSTRY,1,2,7,9134,2,0,0,0,0,0,0,0,0,0,0,0,0,,1/1/2025,2024
9820,SYNTHETIC SITE 00819,100819,,SYNTHETIC COMPANY 00819,1 Example Way,Nowhere,ZZ,00000,6221,2017,SYNTHETIC INDUSTRY,1,2,295,640069,1,0,5,2,7,35,8,14,0,0,0,0,0,,1/1/2025,2024
9821,SYNTHETIC SITE 00820,100820,,SYNTHETIC COMPANY 00820,1 Example Way,Nowhere,ZZ,00000,3252,2017,SYNTHETIC INDUSTRY,1,2,313,630511,2,0,0,0,0,0,0,0,0,0,0,0,0,,1/1/2025,2024
9822,SYNTHETIC SITE 00821,100821,,SYNTHETIC COMPANY 00821,1 Example Way,Nowhere,ZZ,00000,3115,2017,SYNTHETIC INDUSTRY,1,2,268,472333,2,0,0,0,0,0,0,0,0,0,0,0,0,,1/1/2025,2024
9823,SYNTHETIC SITE 00822,100822,,SYNTHETIC COMPANY 00822,1 Example Way,Nowhere,ZZ,00000,3251,2017,SYNTHETIC INDUSTRY,1,2,27,54994,2,0,0,0,0,0,0,0,0,0,0,0,0,,1/1/2025,2024
9824,SYNTHETIC SITE 00823,100823,,SYNTHETIC COMPANY 00823,1 Example Way,Nowhere,ZZ,00000,4451,2017,SYNTHETIC INDUSTRY,1,2,287,551158,2,0,0,0,0,0,0,0,0,0,0,0,0,,1/1/2025,2024
9825,SYNTHETIC SITE 00824,100824,,SYNTHETIC COMPANY 00824,1 Example Way,Nowhere,ZZ,00000,3251,2017,SYNTHETIC INDUSTRY,1,2,38,70956,1,0,0,0,1,0,0,1,0,0,0,0,0,,1/1/2025,2024
9826,SYNTHETIC SITE 00825,100825,,SYNTHETIC COMPANY 00825,1 Example Way,Nowhere,ZZ,00000,6221,2017,SYNTHETIC INDUSTRY,1,2,47,95110,1,0,1,0,0,7,0,1,0,0,0,0,0,,1/1/2025,2024
9827,SYNTHETIC SITE 00826,100826,,SYNTHETIC COMPANY 00826,1 Example Way,Nowhere,ZZ,00000,3115,2017,SYNTHETIC INDUSTRY,1,2,57,99326,1,0,0,0,2,0,0,2,0,0,0,0,0,,1/1/2025,2024
9828,SYNTHETIC SITE 00827,100827,,SYNTHETIC COMPANY 00827,1 Example Way,Nowhere,ZZ,00000,6221,2017,SYNTHETIC INDUSTRY,1,2,22,3952700,2,0,0,0,0,0,0,0,0,0,0,0,0,,1/1/2025,2024
9829,SYNTHETIC SITE 00828,100828,,SYNTHETIC COMPANY 00828,1 Example Way,Nowhere,ZZ,00000,3115,2017,SYNTHETIC INDUSTRY,1,2,14,24223,2,0,0,0,0,0,0,0,0,0,0,0,0,,1/1/2025,2024
9830,SYNTHETIC SITE 00829,100829,,SYNTHETIC COMPANY 00829,1 Example Way,Nowhere,ZZ,00000,2361,2017,SYNTHETIC INDUSTRY,1,2,10,13096,1,0,0,1,1,0,4,2,0,0,0,0,0,,1/1/2025,2024
9831,SYNTHETIC SITE 00830,100830,,SYNTHETIC COMPANY 00830,1 Example Way,Nowhere,ZZ,00000,6221,2017,SYNTHETIC INDUSTRY,1,2,67,118632,2,0,0,0,0,0,0,0,0,0,0,0,0,,1/1/2025,2024
9832,SYNTHETIC SITE 00831,100831,,SYNTHETIC COMPANY 00831,1 Example Way,Nowhere,ZZ,00000,2361,2017,SYNTHETIC INDUSTRY,1,2,139,247815,2,0,0,0,0,0,0,0,0,0,0,0,0,,1/1/2025,2024
9833,SYNTHETIC SITE 00832,100832,,SYNTHETIC COMPANY 00832,1 Example Way,Nowhere,ZZ,00000,3115,2017,SYNTHETIC INDUSTRY,1,2,9,15782,1,0,1,0,1,7,0,2,0,0,0,0,0,,1/1/2025,2024
9834,SYNTHETIC SITE 00833,100833,,SYNTHETIC COMPANY 00833,1 Example Way,Nowhere,ZZ,00000,2361,2017,SYNTHETIC INDUSTRY,1,2,39,86807,2,0,0,0,0,0,0,0,0,0,0,0,0,,1/1/2025,2024
9835,SYNTHETIC SITE 00834,100834,,SYNTHETIC COMPANY 00834,1 Example Way,Nowhere,ZZ,00000,4451,2017,SYNTHETIC INDUSTRY,1,2,106,206119,1,0,3,3,10,21,12,16,0,0,0,0,0,,1/1/2025,2024
9836,SYNTHETIC SITE 00835,100835,,SYNTHETIC COMPANY 00835,1 Example Way,Nowhere,ZZ,00000,6221,2017,SYNTHETIC INDUSTRY,1,2,153,265737,1,0,3,4,6,21,16,13,0,0,0,0,0,,1/1/2025,2024
9837,SYNTHETIC SITE 00836,100836,,SYNTHETIC COMPANY 00836,1 Example Way,Nowhere,ZZ,00000,6221,2017,SYNTHETIC INDUSTRY,1,2,42,85116,2,0,0,0,0,0,0,0,0,0,0,0,0,,1/1/2025,2024
9838,SYNTHETIC SITE 00837,100837,,SYNTHETIC COMPANY 00837,1 Example Way,Nowhere,ZZ,00000,3252,2017,SYNTHETIC INDUSTRY,1,2,16,40100,2,0,0,0,0,0,0,0,0,0,0,0,0,,1/1/2025,2024
9839,SYNTHETIC SITE 00838,100838,,SYNTHETIC COMPANY 00838,1 Example Way,Nowhere,ZZ,00000,3251,2017,SYNTHETIC INDUSTRY,1,2,31,61584,1,0,0,0,1,0,0,1,0,0,0,0,0,,1/1/2025,2024
9840,SYNTHETIC SITE 00839,100839,,SYNTHETIC COMPANY 00839,1 Example Way,Nowhere,ZZ,00000,3251,2017,SYNTHETIC INDUSTRY,1,2,24,54895,2,0,0,0,0,0,0,0,0,0,0,0,0,,1/1/2025,2024
9841,SYNTHETIC SITE 00840,100840,,SYNTHETIC COMPANY 00840,1 Example Way,Nowhere,ZZ,00000,4451,2017,SYNTHETIC INDUSTRY,1,2,22,43321,2,0,0,0,0,0,0,0,0,0,0,0,0,,1/1/2025,2024
9842,SYNTHETIC SITE 00841,100841,,SYNTHETIC COMPANY 00841,1 Example Way,Nowhere,ZZ,00000,3251,2017,SYNTHETIC INDUSTRY,1,2,16,28224,1,0,1,0,0,7,0,1,0,0,0,0,0,,1/1/2025,2024
9843,SYNTHETIC SITE 00842,100842,,SYNTHETIC COMPANY 00842,1 Example Way,Nowhere,ZZ,00000,6221,2017,SYNTHETIC INDUSTRY,1,2,188,361765,1,0,2,2,7,14,8,11,0,0,0,0,0,,1/1/2025,2024
9844,SYNTHETIC SITE 00843,100843,,SYNTHETIC COMPANY 00843,1 Example Way,Nowhere,ZZ,00000,6221,2017,SYNTHETIC INDUSTRY,1,2,50,92960,2,0,0,0,0,0,0,0,0,0,0,0,0,,1/1/2025,2024
9845,SYNTHETIC SITE 00844,100844,,SYNTHETIC COMPANY 00844,1 Example Way,Nowhere,ZZ,00000,4841,2017,SYNTHETIC INDUSTRY,1,2,153,285951,1,0,3,2,1,21,8,6,0,0,0,0,0,,1/1/2025,2024
9846,SYNTHETIC SITE 00845,100845,,SYNTHETIC COMPANY 00845,1 Example Way,Nowhere,ZZ,00000,4451,2017,SYNTHETIC INDUSTRY,1,2,34,68227,2,0,0,0,0,0,0,0,0,0,0,0,0,,1/1/2025,2024
9847,SYNTHETIC SITE 00846,100846,,SYNTHETIC COMPANY 00846,1 Example Way,Nowhere,ZZ,00000,4841,2017,SYNTHETIC INDUSTRY,1,2,148,294610,1,0,2,1,1,14,4,4,0,0,0,0,0,,1/1/2025,2024
9848,SYNTHETIC SITE 00847,100847,,SYNTHETIC COMPANY 00847,1 Example Way,Nowhere,ZZ,00000,3115,2017,SYNTHETIC INDUSTRY,1,2,8,14163,2,0,0,0,0,0,0,0,0,0,0,0,0,,1/1/2025,2024
9849,SYNTHETIC SITE 00848,100848,,SYNTHETIC COMPANY 00848,1 Example Way,Nowhere,ZZ,00000,3251,2017,SYNTHETIC INDUSTRY,1,2,415,953889,1,0,4,1,8,28,4,13,0,0,0,0,0,,1/1/2025,2024
9850,SYNTHETIC SITE 00849,100849,,SYNTHETIC COMPANY 00849,1 Example Way,Nowhere,ZZ,00000,3115,2017,SYNTHETIC INDUSTRY,1,2,8,13658,2,0,0,0,0,0,0,0,0,0,0,0,0,,1/1/2025,2024
9851,SYNTHETIC SITE 00850,100850,,SYNTHETIC COMPANY 00850,1 Example Way,Nowhere,ZZ,00000,2361,2017,SYNTHETIC INDUSTRY,1,2,59,129863000,2,0,0,0,0,0,0,0,0,0,0,0,0,,1/1/2025,2024
9852,SYNTHETIC SITE 00851,100851,,SYNTHETIC COMPANY 00851,1 Example Way,Nowhere,ZZ,00000,3115,2017,SYNTHETIC INDUSTRY,1,2,37,59439,1,0,0,1,0,0,4,1,0,0,0,0,0,,1/1/2025,2024
9853,SYNTHETIC SITE 00852,100852,,SYNTHETIC COMPANY 00852,1 Example Way,Nowhere,ZZ,00000,3252,2017,SYNTHETIC INDUSTRY,1,2,20,38427,1,0,1,1,1,7,4,3,0,0,0,0,0,,1/1/2025,2024
9854,SYNTHETIC SITE 00853,100853,,SYNTHETIC COMPANY 00853,1 Example Way,Nowhere,ZZ,00000,2361,2017,SYNTHETIC INDUSTRY,1,2,27,40039,1,0,0,0,1,0,0,1,0,0,0,0,0,,1/1/2025,2024
9855,SYNTHETIC SITE 00854,100854,,SYNTHETIC COMPANY 00854,1 Example Way,Nowhere,ZZ,00000,3115,2017,SYNTHETIC INDUSTRY,1,2,115,218076,1,0,1,0,1,7,0,2,0,0,0,0,0,,1/1/2025,2024
9856,SYNTHETIC SITE 00855,100855,,SYNTHETIC COMPANY 00855,1 Example Way,Nowhere,ZZ,00000,4451,2017,SYNTHETIC INDUSTRY,1,2,156,351046,1,0,2,0,2,14,0,4,0,0,0,0,0,,1/1/2025,2024
9857,SYNTHETIC SITE 00856,100856,,SYNTHETIC COMPANY 00856,1 Example Way,Nowhere,ZZ,00000,3115,2017,SYNTHETIC INDUSTRY,1,2,35,55934,2,0,0,0,0,0,0,0,0,0,0,0,0,,1/1/2025,2024
9858,SYNTHETIC SITE 00857,100857,,SYNTHETIC COMPANY 00857,1 Example Way,Nowhere,ZZ,00000,4451,2017,SYNTHETIC INDUSTRY,1,2,39,754870,2,0,0,0,0,0,0,0,0,0,0,0,0,,1/1/2025,2024
9859,SYNTHETIC SITE 00858,100858,,SYNTHETIC COMPANY 00858,1 Example Way,Nowhere,ZZ,00000,4841,2017,SYNTHETIC INDUSTRY,1,2,55,86325,1,0,3,1,1,21,4,5,0,0,0,0,0,,1/1/2025,2024
9860,SYNTHETIC SITE 00859,100859,,SYNTHETIC COMPANY 00859,1 Example Way,Nowhere,ZZ,00000,2361,2017,SYNTHETIC INDUSTRY,1,2,40,62430,1,0,2,2,3,14,8,7,0,0,0,0,0,,1/1/2025,2024
9861,SYNTHETIC SITE 00860,100860,,SYNTHETIC COMPANY 00860,1 Example Way,Nowhere,ZZ,00000,4451,2017,SYNTHETIC INDUSTRY,1,2,200,35992000000,1,0,0,2,2,0,8,4,0,0,0,0,0,,1/1/2025,2024
9862,SYNTHETIC SITE 00861,100861,,SYNTHETIC COMPANY 00861,1 Example Way,Nowhere,ZZ,00000,3328,2017,SYNTHETIC INDUSTRY,1,2,55,79278,2,0,0,0,0,0,0,0,0,0,0,0,0,,1/1/2025,2024
9863,SYNTHETIC SITE 00862,100862,,SYNTHETIC COMPANY 00862,1 Example Way,Nowhere,ZZ,00000,6221,2017,SYNTHETIC INDUSTRY,1,2,9,19357,2,0,0,0,0,0,0,0,0,0,0,0,0,,1/1/2025,2024
9864,SYNTHETIC SITE 00863,100863,,SYNTHETIC COMPANY 00863,1 Example Way,Nowhere,ZZ,00000,6221,2017,SYNTHETIC INDUSTRY,1,2,323,573719,1,0,0,1,11,0,4,12,0,0,0,0,0,,1/1/2025,2024
9865,SYNTHETIC SITE 00864,100864,,SYNTHETIC COMPANY 00864,1 Example Way,Nowhere,ZZ,00000,4841,2017,SYNTHETIC INDUSTRY,1,2,17,2464000000,2,0,0,0,0,0,0,0,0,0,0,0,0,,1/1/2025,2024
9866,SYNTHETIC SITE 00865,100865,,SYNTHETIC COMPANY 00865,1 Example Way,Nowhere,ZZ,00000,6221,2017,SYNTHETIC INDUSTRY,1,2,43,69236,1,0,0,0,1,0,0,1,0,0,0,0,0,,1/1/2025,2024
9867,SYNTHETIC SITE 00866,100866,,SYNTHETIC COMPANY 00866,1 Example Way,Nowhere,ZZ,00000,3328,2017,SYNTHETIC INDUSTRY,1,2,5,8283,2,0,0,0,0,0,0,0,0,0,0,0,0,,1/1/2025,2024
9868,SYNTHETIC SITE 00867,100867,,SYNTHETIC COMPANY 00867,1 Example Way,Nowhere,ZZ,00000,3252,2017,SYNTHETIC INDUSTRY,1,2,19,41922,2,0,0,0,0,0,0,0,0,0,0,0,0,,1/1/2025,2024
9869,SYNTHETIC SITE 00868,100868,,SYNTHETIC COMPANY 00868,1 Example Way,Nowhere,ZZ,00000,3251,2017,SYNTHETIC INDUSTRY,1,2,106,203412,1,0,3,1,1,21,4,5,0,0,0,0,0,,1/1/2025,2024
9870,SYNTHETIC SITE 00869,100869,,SYNTHETIC COMPANY 00869,1 Example Way,Nowhere,ZZ,00000,4841,2017,SYNTHETIC INDUSTRY,1,2,349,744276,1,0,4,8,5,28,32,17,0,0,0,0,0,,1/1/2025,2024
9871,SYNTHETIC SITE 00870,100870,,SYNTHETIC COMPANY 00870,1 Example Way,Nowhere,ZZ,00000,3328,2017,SYNTHETIC INDUSTRY,1,2,106,210833,2,0,0,0,0,0,0,0,0,0,0,0,0,,1/1/2025,2024
9872,SYNTHETIC SITE 00871,100871,,SYNTHETIC COMPANY 00871,1 Example Way,Nowhere,ZZ,00000,3251,2017,SYNTHETIC INDUSTRY,1,2,278,502635,1,0,2,8,6,14,32,16,0,0,0,0,0,,1/1/2025,2024
9873,SYNTHETIC SITE 00872,100872,,SYNTHETIC COMPANY 00872,1 Example Way,Nowhere,ZZ,00000,3115,2017,SYNTHETIC INDUSTRY,1,2,21,34139,2,0,0,0,0,0,0,0,0,0,0,0,0,,1/1/2025,2024
9874,SYNTHETIC SITE 00873,100873,,SYNTHETIC COMPANY 00873,1 Example Way,Nowhere,ZZ,00000,3252,2017,SYNTHETIC INDUSTRY,1,2,424,670534,1,0,2,3,5,14,12,10,0,0,0,0,0,,1/1/2025,2024
9875,SYNTHETIC SITE 00874,100874,,SYNTHETIC COMPANY 00874,1 Example Way,Nowhere,ZZ,00000,4841,2017,SYNTHETIC INDUSTRY,1,2,183,301521,1,0,3,3,1,21,12,7,0,0,0,0,0,,1/1/2025,2024
9876,SYNTHETIC SITE 00875,100875,,SYNTHETIC COMPANY 00875,1 Example Way,Nowhere,ZZ,00000,3252,2017,SYNTHETIC INDUSTRY,1,2,25,36783,1,0,5,0,0,35,0,5,0,0,0,0,0,,1/1/2025,2024
9877,SYNTHETIC SITE 00876,100876,,SYNTHETIC COMPANY 00876,1 Example Way,Nowhere,ZZ,00000,4451,2017,SYNTHETIC INDUSTRY,1,2,119,243957,1,0,0,1,1,0,4,2,0,0,0,0,0,,1/1/2025,2024
9878,SYNTHETIC SITE 00877,100877,,SYNTHETIC COMPANY 00877,1 Example Way,Nowhere,ZZ,00000,3251,2017,SYNTHETIC INDUSTRY,1,2,32,64383,2,0,0,0,0,0,0,0,0,0,0,0,0,,1/1/2025,2024
9879,SYNTHETIC SITE 00878,100878,,SYNTHETIC COMPANY 00878,1 Example Way,Nowhere,ZZ,00000,2361,2017,SYNTHETIC INDUSTRY,1,2,190,314915,1,0,14,9,14,98,36,37,0,0,0,0,0,,1/1/2025,2024
9880,SYNTHETIC SITE 00879,100879,,SYNTHETIC COMPANY 00879,1 Example Way,Nowhere,ZZ,00000,3115,2017,SYNTHETIC INDUSTRY,1,2,40,74141,2,0,0,0,0,0,0,0,0,0,0,0,0,,1/1/2025,2024
9881,SYNTHETIC SITE 00880,100880,,SYNTHETIC COMPANY 00880,1 Example Way,Nowhere,ZZ,00000,3252,2017,SYNTHETIC INDUSTRY,1,2,23,37917,2,0,0,0,0,0,0,0,0,0,0,0,0,,1/1/2025,2024
9882,SYNTHETIC SITE 00881,100881,,SYNTHETIC COMPANY 00881,1 Example Way,Nowhere,ZZ,00000,2361,2017,SYNTHETIC INDUSTRY,1,2,19,38372,1,0,1,1,1,7,4,3,0,0,0,0,0,,1/1/2025,2024
9883,SYNTHETIC SITE 00882,100882,,SYNTHETIC COMPANY 00882,1 Example Way,Nowhere,ZZ,00000,3251,2017,SYNTHETIC INDUSTRY,1,2,24,43128,2,0,0,0,0,0,0,0,0,0,0,0,0,,1/1/2025,2024
9884,SYNTHETIC SITE 00883,100883,,SYNTHETIC COMPANY 00883,1 Example Way,Nowhere,ZZ,00000,6221,2017,SYNTHETIC INDUSTRY,1,2,23,30159,2,0,0,0,0,0,0,0,0,0,0,0,0,,1/1/2025,2024
9885,SYNTHETIC SITE 00884,100884,,SYNTHETIC COMPANY 00884,1 Example Way,Nowhere,ZZ,00000,3252,2017,SYNTHETIC INDUSTRY,1,2,31,570230,2,0,0,0,0,0,0,0,0,0,0,0,0,,1/1/2025,2024
9886,SYNTHETIC SITE 00885,100885,,SYNTHETIC COMPANY 00885,1 Example Way,Nowhere,ZZ,00000,3115,2017,SYNTHETIC INDUSTRY,1,2,78,170342,2,0,0,0,0,0,0,0,0,0,0,0,0,,1/1/2025,2024
9887,SYNTHETIC SITE 00886,100886,,SYNTHETIC COMPANY 00886,1 Example Way,Nowhere,ZZ,00000,2361,2017,SYNTHETIC INDUSTRY,1,2,23,45325,2,0,0,0,0,0,0,0,0,0,0,0,0,,1/1/2025,2024
9888,SYNTHETIC SITE 00887,100887,,SYNTHETIC COMPANY 00887,1 Example Way,Nowhere,ZZ,00000,6221,2017,SYNTHETIC INDUSTRY,1,2,67,133238,1,0,2,0,3,14,0,5,0,0,0,0,0,,1/1/2025,2024
9889,SYNTHETIC SITE 00888,100888,,SYNTHETIC COMPANY 00888,1 Example Way,Nowhere,ZZ,00000,2361,2017,SYNTHETIC INDUSTRY,1,2,31,61639,2,0,0,0,0,0,0,0,0,0,0,0,0,,1/1/2025,2024
9890,SYNTHETIC SITE 00889,100889,,SYNTHETIC COMPANY 00889,1 Example Way,Nowhere,ZZ,00000,3251,2017,SYNTHETIC INDUSTRY,1,2,68,149292,1,0,1,0,0,7,0,1,0,0,0,0,0,,1/1/2025,2024
9891,SYNTHETIC SITE 00890,100890,,SYNTHETIC COMPANY 00890,1 Example Way,Nowhere,ZZ,00000,3115,2017,SYNTHETIC INDUSTRY,1,2,49,95546,2,0,0,0,0,0,0,0,0,0,0,0,0,,1/1/2025,2024
9892,SYNTHETIC SITE 00891,100891,,SYNTHETIC COMPANY 00891,1 Example Way,Nowhere,ZZ,00000,4841,2017,SYNTHETIC INDUSTRY,1,2,31,57645,2,0,0,0,0,0,0,0,0,0,0,0,0,,1/1/2025,2024
9893,SYNTHETIC SITE 00892,100892,,SYNTHETIC COMPANY 00892,1 Example Way,Nowhere,ZZ,00000,3115,2017,SYNTHETIC INDUSTRY,1,2,223,355739,1,0,5,2,2,35,8,9,0,0,0,0,0,,1/1/2025,2024
9894,SYNTHETIC SITE 00893,100893,,SYNTHETIC COMPANY 00893,1 Example Way,Nowhere,ZZ,00000,4451,2017,SYNTHETIC INDUSTRY,1,2,85,139849,2,0,0,0,0,0,0,0,0,0,0,0,0,,1/1/2025,2024
9895,SYNTHETIC SITE 00894,100894,,SYNTHETIC COMPANY 00894,1 Example Way,Nowhere,ZZ,00000,3328,2017,SYNTHETIC INDUSTRY,1,2,295,569011,1,0,3,1,0,21,4,4,0,0,0,0,0,,1/1/2025,2024
9896,SYNTHETIC SITE 00895,100895,,SYNTHETIC COMPANY 00895,1 Example Way,Nowhere,ZZ,00000,4451,2017,SYNTHETIC INDUSTRY,1,2,135,313209,2,0,0,0,0,0,0,0,0,0,0,0,0,,1/1/2025,2024
9897,SYNTHETIC SITE 00896,100896,,SYNTHETIC COMPANY 00896,1 Example Way,Nowhere,ZZ,00000,3251,2017,SYNTHETIC INDUSTRY,1,2,49,72003,1,0,1,0,0,7,0,1,0,0,0,0,0,,1/1/2025,2024
9898,SYNTHETIC SITE 00897,100897,,SYNTHETIC COMPANY 00897,1 Example Way,Nowhere,ZZ,00000,3252,2017,SYNTHETIC INDUSTRY,1,2,122,247097,1,0,0,0,2,0,0,2,0,0,0,0,0,,1/1/2025,2024
9899,SYNTHETIC SITE 00898,100898,,SYNTHETIC COMPANY 00898,1 Example Way,Nowhere,ZZ,00000,6221,2017,SYNTHETIC INDUSTRY,1,2,59,94367,1,0,3,0,1,21,0,4,0,0,0,0,0,,1/1/2025,2024
9900,SYNTHETIC SITE 00899,100899,,SYNTHETIC COMPANY 00899,1 Example Way,Nowhere,ZZ,00000,3328,2017,SYNTHETIC INDUSTRY,1,2,42,92189,2,0,0,0,0,0,0,0,0,0,0,0,0,,1/1/2025,2024
9901,SYNTHETIC SITE 00900,100900,,SYNTHETIC COMPANY 00900,1 Example Way,Nowhere,ZZ,00000,4841,2017,SYNTHETIC INDUSTRY,1,2,140,218152,2,0,0,0,0,0,0,0,0,0,0,0,0,,1/1/2025,2024
9902,SYNTHETIC SITE 00901,100901,,SYNTHETIC COMPANY 00901,1 Example Way,Nowhere,ZZ,00000,4451,2017,SYNTHETIC INDUSTRY,1,2,18,25856,1,0,0,0,1,0,0,1,0,0,0,0,0,,1/1/2025,2024
9903,SYNTHETIC SITE 00902,100902,,SYNTHETIC COMPANY 00902,1 Example Way,Nowhere,ZZ,00000,4841,2017,SYNTHETIC INDUSTRY,1,2,32,64216,2,0,0,0,0,0,0,0,0,0,0,0,0,,1/1/2025,2024
9904,SYNTHETIC SITE 00903,100903,,SYNTHETIC COMPANY 00903,1 Example Way,Nowhere,ZZ,00000,4451,2017,SYNTHETIC INDUSTRY,1,2,143,303871,1,0,6,0,1,42,0,7,0,0,0,0,0,,1/1/2025,2024
9905,SYNTHETIC SITE 00904,100904,,SYNTHETIC COMPANY 00904,1 Example Way,Nowhere,ZZ,00000,3252,2017,SYNTHETIC INDUSTRY,1,2,101,151967,1,0,1,2,5,7,8,8,0,0,0,0,0,,1/1/2025,2024
9906,SYNTHETIC SITE 00905,100905,,SYNTHETIC COMPANY 00905,1 Example Way,Nowhere,ZZ,00000,3251,2017,SYNTHETIC INDUSTRY,1,2,253,483920,1,0,1,0,3,7,0,4,0,0,0,0,0,,1/1/2025,2024
9907,SYNTHETIC SITE 00906,100906,,SYNTHETIC COMPANY 00906,1 Example Way,Nowhere,ZZ,00000,6221,2017,SYNTHETIC INDUSTRY,1,2,1,1989,2,0,0,0,0,0,0,0,0,0,0,0,0,,1/1/2025,2024
9908,SYNTHETIC SITE 00907,100907,,SYNTHETIC COMPANY 00907,1 Example Way,Nowhere,ZZ,00000,3328,2017,SYNTHETIC INDUSTRY,1,2,141,308564,2,0,0,0,0,0,0,0,0,0,0,0,0,,1/1/2025,2024
9909,SYNTHETIC SITE 00908,100908,,SYNTHETIC COMPANY 00908,1 Example Way,Nowhere,ZZ,00000,3251,2017,SYNTHETIC INDUSTRY,1,2,45,93037,2,0,0,0,0,0,0,0,0,0,0,0,0,,1/1/2025,2024
9910,SYNTHETIC SITE 00909,100909,,SYNTHETIC COMPANY 00909,1 Example Way,Nowhere,ZZ,00000,2361,2017,SYNTHETIC INDUSTRY,1,2,85,138694,1,0,2,1,0,14,4,3,0,0,0,0,0,,1/1/2025,2024
9911,SYNTHETIC SITE 00910,100910,,SYNTHETIC COMPANY 00910,1 Example Way,Nowhere,ZZ,00000,3252,2017,SYNTHETIC INDUSTRY,1,2,81,172587,2,0,0,0,0,0,0,0,0,0,0,0,0,,1/1/2025,2024
9912,SYNTHETIC SITE 00911,100911,,SYNTHETIC COMPANY 00911,1 Example Way,Nowhere,ZZ,00000,4841,2017,SYNTHETIC INDUSTRY,1,2,243,494326,2,0,0,0,0,0,0,0,0,0,0,0,0,,1/1/2025,2024
9913,SYNTHETIC SITE 00912,100912,,SYNTHETIC COMPANY 00912,1 Example Way,Nowhere,ZZ,00000,4451,2017,SYNTHETIC INDUSTRY,1,2,19,33357,1,0,0,0,2,0,0,2,0,0,0,0,0,,1/1/2025,2024
9914,SYNTHETIC SITE 00913,100913,,SYNTHETIC COMPANY 00913,1 Example Way,Nowhere,ZZ,00000,4841,2017,SYNTHETIC INDUSTRY,1,2,145,200928,2,0,0,0,0,0,0,0,0,0,0,0,0,,1/1/2025,2024
9915,SYNTHETIC SITE 00914,100914,,SYNTHETIC COMPANY 00914,1 Example Way,Nowhere,ZZ,00000,3252,2017,SYNTHETIC INDUSTRY,1,2,16,33914,2,0,0,0,0,0,0,0,0,0,0,0,0,,1/1/2025,2024
9916,SYNTHETIC SITE 00915,100915,,SYNTHETIC COMPANY 00915,1 Example Way,Nowhere,ZZ,00000,3251,2017,SYNTHETIC INDUSTRY,1,2,57,105847,2,0,0,0,0,0,0,0,0,0,0,0,0,,1/1/2025,2024
9917,SYNTHETIC SITE 00916,100916,,SYNTHETIC COMPANY 00916,1 Example Way,Nowhere,ZZ,00000,4451,2017,SYNTHETIC INDUSTRY,1,2,59,106668,2,0,0,0,0,0,0,0,0,0,0,0,0,,1/1/2025,2024
9918,SYNTHETIC SITE 00917,100917,,SYNTHETIC COMPANY 00917,1 Example Way,Nowhere,ZZ,00000,4841,2017,SYNTHETIC INDUSTRY,1,2,41,83607,1,0,1,1,2,7,4,4,0,0,0,0,0,,1/1/2025,2024
9919,SYNTHETIC SITE 00918,100918,,SYNTHETIC COMPANY 00918,1 Example Way,Nowhere,ZZ,00000,3251,2017,SYNTHETIC INDUSTRY,1,2,49,88584,1,0,0,1,0,0,4,1,0,0,0,0,0,,1/1/2025,2024
9920,SYNTHETIC SITE 00919,100919,,SYNTHETIC COMPANY 00919,1 Example Way,Nowhere,ZZ,00000,3252,2017,SYNTHETIC INDUSTRY,1,2,161,303286,2,0,0,0,0,0,0,0,0,0,0,0,0,,1/1/2025,2024
9921,SYNTHETIC SITE 00920,100920,,SYNTHETIC COMPANY 00920,1 Example Way,Nowhere,ZZ,00000,4451,2017,SYNTHETIC INDUSTRY,1,2,112,193191,1,0,3,2,4,21,8,9,0,0,0,0,0,,1/1/2025,2024
9922,SYNTHETIC SITE 00921,100921,,SYNTHETIC COMPANY 00921,1 Example Way,Nowhere,ZZ,00000,3328,2017,SYNTHETIC INDUSTRY,1,2,25,49186,1,0,1,0,1,7,0,2,0,0,0,0,0,,1/1/2025,2024
9923,SYNTHETIC SITE 00922,100922,,SYNTHETIC COMPANY 00922,1 Example Way,Nowhere,ZZ,00000,2361,2017,SYNTHETIC INDUSTRY,1,2,27,39222,2,0,0,0,0,0,0,0,0,0,0,0,0,,1/1/2025,2024
9924,SYNTHETIC SITE 00923,100923,,SYNTHETIC COMPANY 00923,1 Example Way,Nowhere,ZZ,00000,6221,2017,SYNTHETIC INDUSTRY,1,2,137,264637,1,0,1,5,2,7,20,8,0,0,0,0,0,,1/1/2025,2024
9925,SYNTHETIC SITE 00924,100924,,SYNTHETIC COMPANY 00924,1 Example Way,Nowhere,ZZ,00000,3251,2017,SYNTHETIC INDUSTRY,1,2,119,250294,2,0,0,0,0,0,0,0,0,0,0,0,0,,1/1/2025,2024
9926,SYNTHETIC SITE 00925,100925,,SYNTHETIC COMPANY 00925,1 Example Way,Nowhere,ZZ,00000,6221,2017,SYNTHETIC INDUSTRY,1,2,19,38332,2,0,0,0,0,0,0,0,0,0,0,0,0,,1/1/2025,2024
9927,SYNTHETIC SITE 00926,100926,,SYNTHETIC COMPANY 00926,1 Example Way,Nowhere,ZZ,00000,3251,2017,SYNTHETIC INDUSTRY,1,2,25,38057,1,0,0,0,1,0,0,1,0,0,0,0,0,,1/1/2025,2024
9928,SYNTHETIC SITE 00927,100927,,SYNTHETIC COMPANY 00927,1 Example Way,Nowhere,ZZ,00000,3251,2017,SYNTHETIC INDUSTRY,1,2,124,189094,2,0,0,0,0,0,0,0,0,0,0,0,0,,1/1/2025,2024
9929,SYNTHETIC SITE 00928,100928,,SYNTHETIC COMPANY 00928,1 Example Way,Nowhere,ZZ,00000,3251,2017,SYNTHETIC INDUSTRY,1,2,42,87013,2,0,0,0,0,0,0,0,0,0,0,0,0,,1/1/2025,2024
9930,SYNTHETIC SITE 00929,100929,,SYNTHETIC COMPANY 00929,1 Example Way,Nowhere,ZZ,00000,2361,2017,SYNTHETIC INDUSTRY,1,2,151,240532,1,0,7,2,7,49,8,16,0,0,0,0,0,,1/1/2025,2024
9931,SYNTHETIC SITE 00930,100930,,SYNTHETIC COMPANY 00930,1 Example Way,Nowhere,ZZ,00000,3251,2017,SYNTHETIC INDUSTRY,1,2,71,136064,2,0,0,0,0,0,0,0,0,0,0,0,0,,1/1/2025,2024
9932,SYNTHETIC SITE 00931,100931,,SYNTHETIC COMPANY 00931,1 Example Way,Nowhere,ZZ,00000,6221,2017,SYNTHETIC INDUSTRY,1,2,102,211752,1,0,1,0,3,7,0,4,0,0,0,0,0,,1/1/2025,2024
9933,SYNTHETIC SITE 00932,100932,,SYNTHETIC COMPANY 00932,1 Example Way,Nowhere,ZZ,00000,4841,2017,SYNTHETIC INDUSTRY,1,2,59,88156,1,0,3,0,0,21,0,3,0,0,0,0,0,,1/1/2025,2024
9934,SYNTHETIC SITE 00933,100933,,SYNTHETIC COMPANY 00933,1 Example Way,Nowhere,ZZ,00000,3328,2017,SYNTHETIC INDUSTRY,1,2,52,109196,1,0,0,1,0,0,4,1,0,0,0,0,0,,1/1/2025,2024
9935,SYNTHETIC SITE 00934,100934,,SYNTHETIC COMPANY 00934,1 Example Way,Nowhere,ZZ,00000,3328,2017,SYNTHETIC INDUSTRY,1,2,133,240509,1,0,0,1,0,0,4,1,0,0,0,0,0,,1/1/2025,2024
9936,SYNTHETIC SITE 00935,100935,,SYNTHETIC COMPANY 00935,1 Example Way,Nowhere,ZZ,00000,3328,2017,SYNTHETIC INDUSTRY,1,2,129,258816,1,0,0,1,1,0,4,2,0,0,0,0,0,,1/1/2025,2024
9937,SYNTHETIC SITE 00936,100936,,SYNTHETIC COMPANY 00936,1 Example Way,Nowhere,ZZ,00000,3115,2017,SYNTHETIC INDUSTRY,1,2,88,157372,2,0,0,0,0,0,0,0,0,0,0,0,0,,1/1/2025,2024
9938,SYNTHETIC SITE 00937,100937,,SYNTHETIC COMPANY 00937,1 Example Way,Nowhere,ZZ,00000,3251,2017,SYNTHETIC INDUSTRY,1,2,12,21578,2,0,0,0,0,0,0,0,0,0,0,0,0,,1/1/2025,2024
9939,SYNTHETIC SITE 00938,100938,,SYNTHETIC COMPANY 00938,1 Example Way,Nowhere,ZZ,00000,6221,2017,SYNTHETIC INDUSTRY,1,2,87,161223,1,0,1,0,1,7,0,2,0,0,0,0,0,,1/1/2025,2024
9940,SYNTHETIC SITE 00939,100939,,SYNTHETIC COMPANY 00939,1 Example Way,Nowhere,ZZ,00000,3115,2017,SYNTHETIC INDUSTRY,1,2,355,435795,1,0,1,1,0,7,4,2,0,0,0,0,0,,1/1/2025,2024
9941,SYNTHETIC SITE 00940,100940,,SYNTHETIC COMPANY 00940,1 Example Way,Nowhere,ZZ,00000,6221,2017,SYNTHETIC INDUSTRY,1,2,39,75620,2,0,0,0,0,0,0,0,0,0,0,0,0,,1/1/2025,2024
9942,SYNTHETIC SITE 00941,100941,,SYNTHETIC COMPANY 00941,1 Example Way,Nowhere,ZZ,00000,3252,2017,SYNTHETIC INDUSTRY,1,2,53,76261,1,0,0,0,2,0,0,2,0,0,0,0,0,,1/1/2025,2024
9943,SYNTHETIC SITE 00942,100942,,SYNTHETIC COMPANY 00942,1 Example Way,Nowhere,ZZ,00000,3251,2017,SYNTHETIC INDUSTRY,1,2,87,147620,2,0,0,0,0,0,0,0,0,0,0,0,0,,1/1/2025,2024
9944,SYNTHETIC SITE 00943,100943,,SYNTHETIC COMPANY 00943,1 Example Way,Nowhere,ZZ,00000,3252,2017,SYNTHETIC INDUSTRY,1,2,79,169104,1,0,0,0,1,0,0,1,0,0,0,0,0,,1/1/2025,2024
9945,SYNTHETIC SITE 00944,100944,,SYNTHETIC COMPANY 00944,1 Example Way,Nowhere,ZZ,00000,2361,2017,SYNTHETIC INDUSTRY,1,2,24,53891,2,0,0,0,0,0,0,0,0,0,0,0,0,,1/1/2025,2024
9946,SYNTHETIC SITE 00945,100945,,SYNTHETIC COMPANY 00945,1 Example Way,Nowhere,ZZ,00000,2361,2017,SYNTHETIC INDUSTRY,1,2,54,109777,2,0,0,0,0,0,0,0,0,0,0,0,0,,1/1/2025,2024
9947,SYNTHETIC SITE 00946,100946,,SYNTHETIC COMPANY 00946,1 Example Way,Nowhere,ZZ,00000,3252,2017,SYNTHETIC INDUSTRY,1,2,15,29442,2,0,0,0,0,0,0,0,0,0,0,0,0,,1/1/2025,2024
9948,SYNTHETIC SITE 00947,100947,,SYNTHETIC COMPANY 00947,1 Example Way,Nowhere,ZZ,00000,2361,2017,SYNTHETIC INDUSTRY,1,2,89,137210,2,0,0,0,0,0,0,0,0,0,0,0,0,,1/1/2025,2024
9949,SYNTHETIC SITE 00948,100948,,SYNTHETIC COMPANY 00948,1 Example Way,Nowhere,ZZ,00000,3251,2017,SYNTHETIC INDUSTRY,1,2,666,1208683,1,0,2,4,1,14,16,7,0,0,0,0,0,,1/1/2025,2024
9950,SYNTHETIC SITE 00949,100949,,SYNTHETIC COMPANY 00949,1 Example Way,Nowhere,ZZ,00000,2361,2017,SYNTHETIC INDUSTRY,1,2,114,187276,2,0,0,0,0,0,0,0,0,0,0,0,0,,1/1/2025,2024
9951,SYNTHETIC SITE 00950,100950,,SYNTHETIC COMPANY 00950,1 Example Way,Nowhere,ZZ,00000,4841,2017,SYNTHETIC INDUSTRY,1,2,109,182971,2,0,0,0,0,0,0,0,0,0,0,0,0,,1/1/2025,2024
9952,SYNTHETIC SITE 00951,100951,,SYNTHETIC COMPANY 00951,1 Example Way,Nowhere,ZZ,00000,4841,2017,SYNTHETIC INDUSTRY,1,2,27,49099,1,0,0,0,3,0,0,3,0,0,0,0,0,,1/1/2025,2024
9953,SYNTHETIC SITE 00952,100952,,SYNTHETIC COMPANY 00952,1 Example Way,Nowhere,ZZ,00000,3328,2017,SYNTHETIC INDUSTRY,1,2,113,210525,1,0,2,3,6,14,12,11,0,0,0,0,0,,1/1/2025,2024
9954,SYNTHETIC SITE 00953,100953,,SYNTHETIC COMPANY 00953,1 Example Way,Nowhere,ZZ,00000,3115,2017,SYNTHETIC INDUSTRY,1,2,9,14531,2,0,0,0,0,0,0,0,0,0,0,0,0,,1/1/2025,2024
9955,SYNTHETIC SITE 00954,100954,,SYNTHETIC COMPANY 00954,1 Example Way,Nowhere,ZZ,00000,4841,2017,SYNTHETIC INDUSTRY,1,2,22,49919,2,0,0,0,0,0,0,0,0,0,0,0,0,,1/1/2025,2024
9956,SYNTHETIC SITE 00955,100955,,SYNTHETIC COMPANY 00955,1 Example Way,Nowhere,ZZ,00000,3115,2017,SYNTHETIC INDUSTRY,1,2,184,304040,1,0,12,5,14,84,20,31,0,0,0,0,0,,1/1/2025,2024
9957,SYNTHETIC SITE 00956,100956,,SYNTHETIC COMPANY 00956,1 Example Way,Nowhere,ZZ,00000,4841,2017,SYNTHETIC INDUSTRY,1,2,35,69791,1,0,4,0,2,28,0,6,0,0,0,0,0,,1/1/2025,2024
9958,SYNTHETIC SITE 00957,100957,,SYNTHETIC COMPANY 00957,1 Example Way,Nowhere,ZZ,00000,6221,2017,SYNTHETIC INDUSTRY,1,2,10,16359,2,0,0,0,0,0,0,0,0,0,0,0,0,,1/1/2025,2024
9959,SYNTHETIC SITE 00958,100958,,SYNTHETIC COMPANY 00958,1 Example Way,Nowhere,ZZ,00000,3251,2017,SYNTHETIC INDUSTRY,1,2,456,727753,1,0,5,4,7,35,16,16,0,0,0,0,0,,1/1/2025,2024
9960,SYNTHETIC SITE 00959,100959,,SYNTHETIC COMPANY 00959,1 Example Way,Nowhere,ZZ,00000,2361,2017,SYNTHETIC INDUSTRY,1,2,23,41429,2,0,0,0,0,0,0,0,0,0,0,0,0,,1/1/2025,2024
9961,SYNTHETIC SITE 00960,100960,,SYNTHETIC COMPANY 00960,1 Example Way,Nowhere,ZZ,00000,3328,2017,SYNTHETIC INDUSTRY,1,2,207,391609,1,0,1,0,0,7,0,1,0,0,0,0,0,,1/1/2025,2024
9962,SYNTHETIC SITE 00961,100961,,SYNTHETIC COMPANY 00961,1 Example Way,Nowhere,ZZ,00000,3328,2017,SYNTHETIC INDUSTRY,1,2,83,123685,1,0,0,0,1,0,0,1,0,0,0,0,0,,1/1/2025,2024
9963,SYNTHETIC SITE 00962,100962,,SYNTHETIC COMPANY 00962,1 Example Way,Nowhere,ZZ,00000,4841,2017,SYNTHETIC INDUSTRY,1,2,60,126360,2,0,0,0,0,0,0,0,0,0,0,0,0,,1/1/2025,2024
9964,SYNTHETIC SITE 00963,100963,,SYNTHETIC COMPANY 00963,1 Example Way,Nowhere,ZZ,00000,6221,2017,SYNTHETIC INDUSTRY,1,2,13,30034,1,0,1,2,0,7,8,3,0,0,0,0,0,,1/1/2025,2024
9965,SYNTHETIC SITE 00964,100964,,SYNTHETIC COMPANY 00964,1 Example Way,Nowhere,ZZ,00000,4451,2017,SYNTHETIC INDUSTRY,1,2,35,66213,2,0,0,0,0,0,0,0,0,0,0,0,0,,1/1/2025,2024
9966,SYNTHETIC SITE 00965,100965,,SYNTHETIC COMPANY 00965,1 Example Way,Nowhere,ZZ,00000,3328,2017,SYNTHETIC INDUSTRY,1,2,124,211432,2,0,0,0,0,0,0,0,0,0,0,0,0,,1/1/2025,2024
9967,SYNTHETIC SITE 00966,100966,,SYNTHETIC COMPANY 00966,1 Example Way,Nowhere,ZZ,00000,3252,2017,SYNTHETIC INDUSTRY,1,2,45,93563,1,0,2,0,3,14,0,5,0,0,0,0,0,,1/1/2025,2024
9968,SYNTHETIC SITE 00967,100967,,SYNTHETIC COMPANY 00967,1 Example Way,Nowhere,ZZ,00000,3251,2017,SYNTHETIC INDUSTRY,1,2,14,29242,2,0,0,0,0,0,0,0,0,0,0,0,0,,1/1/2025,2024
9969,SYNTHETIC SITE 00968,100968,,SYNTHETIC COMPANY 00968,1 Example Way,Nowhere,ZZ,00000,6221,2017,SYNTHETIC INDUSTRY,1,2,174,318615,2,0,0,0,0,0,0,0,0,0,0,0,0,,1/1/2025,2024
9970,SYNTHETIC SITE 00969,100969,,SYNTHETIC COMPANY 00969,1 Example Way,Nowhere,ZZ,00000,3115,2017,SYNTHETIC INDUSTRY,1,2,32,56521,1,0,0,0,1,0,0,1,0,0,0,0,0,,1/1/2025,2024
9971,SYNTHETIC SITE 00970,100970,,SYNTHETIC COMPANY 00970,1 Example Way,Nowhere,ZZ,00000,3252,2017,SYNTHETIC INDUSTRY,1,2,98,165513,2,0,0,0,0,0,0,0,0,0,0,0,0,,1/1/2025,2024
9972,SYNTHETIC SITE 00971,100971,,SYNTHETIC COMPANY 00971,1 Example Way,Nowhere,ZZ,00000,3252,2017,SYNTHETIC INDUSTRY,1,2,2,4185,2,0,0,0,0,0,0,0,0,0,0,0,0,,1/1/2025,2024
9973,SYNTHETIC SITE 00972,100972,,SYNTHETIC COMPANY 00972,1 Example Way,Nowhere,ZZ,00000,4841,2017,SYNTHETIC INDUSTRY,1,2,50,88570,2,0,0,0,0,0,0,0,0,0,0,0,0,,1/1/2025,2024
9974,SYNTHETIC SITE 00973,100973,,SYNTHETIC COMPANY 00973,1 Example Way,Nowhere,ZZ,00000,3251,2017,SYNTHETIC INDUSTRY,1,2,4,6141,2,0,0,0,0,0,0,0,0,0,0,0,0,,1/1/2025,2024
9975,SYNTHETIC SITE 00974,100974,,SYNTHETIC COMPANY 00974,1 Example Way,Nowhere,ZZ,00000,3251,2017,SYNTHETIC INDUSTRY,1,2,317,566420,1,0,12,16,24,84,64,52,0,0,0,0,0,,1/1/2025,2024
9976,SYNTHETIC SITE 00975,100975,,SYNTHETIC COMPANY 00975,1 Example Way,Nowhere,ZZ,00000,3328,2017,SYNTHETIC INDUSTRY,1,2,102,165539,1,0,3,4,2,21,16,9,0,0,0,0,0,,1/1/2025,2024
9977,SYNTHETIC SITE 00976,100976,,SYNTHETIC COMPANY 00976,1 Example Way,Nowhere,ZZ,00000,2361,2017,SYNTHETIC INDUSTRY,1,2,35,59074,1,0,1,0,1,7,0,2,0,0,0,0,0,,1/1/2025,2024
9978,SYNTHETIC SITE 00977,100977,,SYNTHETIC COMPANY 00977,1 Example Way,Nowhere,ZZ,00000,4451,2017,SYNTHETIC INDUSTRY,1,2,61,96870,2,0,0,0,0,0,0,0,0,0,0,0,0,,1/1/2025,2024
9979,SYNTHETIC SITE 00978,100978,,SYNTHETIC COMPANY 00978,1 Example Way,Nowhere,ZZ,00000,3252,2017,SYNTHETIC INDUSTRY,1,2,25,32763,2,0,0,0,0,0,0,0,0,0,0,0,0,,1/1/2025,2024
9980,SYNTHETIC SITE 00979,100979,,SYNTHETIC COMPANY 00979,1 Example Way,Nowhere,ZZ,00000,3252,2017,SYNTHETIC INDUSTRY,1,2,14,29744,2,0,0,0,0,0,0,0,0,0,0,0,0,,1/1/2025,2024
9981,SYNTHETIC SITE 00980,100980,,SYNTHETIC COMPANY 00980,1 Example Way,Nowhere,ZZ,00000,6221,2017,SYNTHETIC INDUSTRY,1,2,123,220548,1,0,6,1,3,42,4,10,0,0,0,0,0,,1/1/2025,2024
9982,SYNTHETIC SITE 00981,100981,,SYNTHETIC COMPANY 00981,1 Example Way,Nowhere,ZZ,00000,4841,2017,SYNTHETIC INDUSTRY,1,2,31,59840,1,0,0,0,1,0,0,1,0,0,0,0,0,,1/1/2025,2024
9983,SYNTHETIC SITE 00982,100982,,SYNTHETIC COMPANY 00982,1 Example Way,Nowhere,ZZ,00000,3251,2017,SYNTHETIC INDUSTRY,1,2,284,556695,2,0,0,0,0,0,0,0,0,0,0,0,0,,1/1/2025,2024
9984,SYNTHETIC SITE 00983,100983,,SYNTHETIC COMPANY 00983,1 Example Way,Nowhere,ZZ,00000,3251,2017,SYNTHETIC INDUSTRY,1,2,95,162468,1,0,1,0,0,7,0,1,0,0,0,0,0,,1/1/2025,2024
9985,SYNTHETIC SITE 00984,100984,,SYNTHETIC COMPANY 00984,1 Example Way,Nowhere,ZZ,00000,3328,2017,SYNTHETIC INDUSTRY,1,2,9,13827,2,0,0,0,0,0,0,0,0,0,0,0,0,,1/1/2025,2024
9986,SYNTHETIC SITE 00985,100985,,SYNTHETIC COMPANY 00985,1 Example Way,Nowhere,ZZ,00000,3252,2017,SYNTHETIC INDUSTRY,1,2,136,263488,1,0,0,0,1,0,0,1,0,0,0,0,0,,1/1/2025,2024
9987,SYNTHETIC SITE 00986,100986,,SYNTHETIC COMPANY 00986,1 Example Way,Nowhere,ZZ,00000,4841,2017,SYNTHETIC INDUSTRY,1,2,104,161124,2,0,0,0,0,0,0,0,0,0,0,0,0,,1/1/2025,2024
9988,SYNTHETIC SITE 00987,100987,,SYNTHETIC COMPANY 00987,1 Example Way,Nowhere,ZZ,00000,2361,2017,SYNTHETIC INDUSTRY,1,2,15,27429,2,0,0,0,0,0,0,0,0,0,0,0,0,,1/1/2025,2024
9989,SYNTHETIC SITE 00988,100988,,SYNTHETIC COMPANY 00988,1 Example Way,Nowhere,ZZ,00000,2361,2017,SYNTHETIC INDUSTRY,1,2,27,49254,2,0,0,0,0,0,0,0,0,0,0,0,0,,1/1/2025,2024
9990,SYNTHETIC SITE 00989,100989,,SYNTHETIC COMPANY 00989,1 Example Way,Nowhere,ZZ,00000,3252,2017,SYNTHETIC INDUSTRY,1,2,51,135792,2,0,0,0,0,0,0,0,0,0,0,0,0,,1/1/2025,2024
9991,SYNTHETIC SITE 00990,100990,,SYNTHETIC COMPANY 00990,1 Example Way,Nowhere,ZZ,00000,3115,2017,SYNTHETIC INDUSTRY,1,2,89,154212,1,0,3,3,3,21,12,9,0,0,0,0,0,,1/1/2025,2024
9992,SYNTHETIC SITE 00991,100991,,SYNTHETIC COMPANY 00991,1 Example Way,Nowhere,ZZ,00000,4451,2017,SYNTHETIC INDUSTRY,1,2,8,15056,2,0,0,0,0,0,0,0,0,0,0,0,0,,1/1/2025,2024
9993,SYNTHETIC SITE 00992,100992,,SYNTHETIC COMPANY 00992,1 Example Way,Nowhere,ZZ,00000,3251,2017,SYNTHETIC INDUSTRY,1,2,6,10132,2,0,0,0,0,0,0,0,0,0,0,0,0,,1/1/2025,2024
9994,SYNTHETIC SITE 00993,100993,,SYNTHETIC COMPANY 00993,1 Example Way,Nowhere,ZZ,00000,6221,2017,SYNTHETIC INDUSTRY,1,2,10,17873,2,0,0,0,0,0,0,0,0,0,0,0,0,,1/1/2025,2024
9995,SYNTHETIC SITE 00994,100994,,SYNTHETIC COMPANY 00994,1 Example Way,Nowhere,ZZ,00000,6221,2017,SYNTHETIC INDUSTRY,1,2,185,421396,2,0,0,0,0,0,0,0,0,0,0,0,0,,1/1/2025,2024
9996,SYNTHETIC SITE 00995,100995,,SYNTHETIC COMPANY 00995,1 Example Way,Nowhere,ZZ,00000,6221,2017,SYNTHETIC INDUSTRY,1,2,5,9408,2,0,0,0,0,0,0,0,0,0,0,0,0,,1/1/2025,2024
9997,SYNTHETIC SITE 00996,100996,,SYNTHETIC COMPANY 00996,1 Example Way,Nowhere,ZZ,00000,3115,2017,SYNTHETIC INDUSTRY,1,2,104,23097700,2,0,0,0,0,0,0,0,0,0,0,0,0,,1/1/2025,2024
9998,SYNTHETIC SITE 00997,100997,,SYNTHETIC COMPANY 00997,1 Example Way,Nowhere,ZZ,00000,3252,2017,SYNTHETIC INDUSTRY,1,2,27,49661,2,0,0,0,0,0,0,0,0,0,0,0,0,,1/1/2025,2024
9999,SYNTHETIC SITE 00998,100998,,SYNTHETIC COMPANY 00998,1 Example Way,Nowhere,ZZ,00000,4451,2017,SYNTHETIC INDUSTRY,1,2,36,79248,2,0,0,0,0,0,0,0,0,0,0,0,0,,1/1/2025,2024
10000,SYNTHETIC SITE 00999,100999,,SYNTHETIC COMPANY 00999,1 Example Way,Nowhere,ZZ,00000,3115,2017,SYNTHETIC INDUSTRY,1,2,82,171976,1,0,0,1,0,0,4,1,0,0,0,0,0,,1/1/2025,2024
10001,SYNTHETIC SITE 01000,101000,,SYNTHETIC COMPANY 01000,1 Example Way,Nowhere,ZZ,00000,3328,2017,SYNTHETIC INDUSTRY,1,2,405,787776,2,0,0,0,0,0,0,0,0,0,0,0,0,,1/1/2025,2024
10002,SYNTHETIC SITE 01001,101001,,SYNTHETIC COMPANY 01001,1 Example Way,Nowhere,ZZ,00000,6221,2017,SYNTHETIC INDUSTRY,1,2,17,29836,2,0,0,0,0,0,0,0,0,0,0,0,0,,1/1/2025,2024
10003,SYNTHETIC SITE 01002,101002,,SYNTHETIC COMPANY 01002,1 Example Way,Nowhere,ZZ,00000,3251,2017,SYNTHETIC INDUSTRY,1,2,184,416440,2,0,0,0,0,0,0,0,0,0,0,0,0,,1/1/2025,2024
10004,SYNTHETIC SITE 01003,101003,,SYNTHETIC COMPANY 01003,1 Example Way,Nowhere,ZZ,00000,3328,2017,SYNTHETIC INDUSTRY,1,2,95,174047,2,0,0,0,0,0,0,0,0,0,0,0,0,,1/1/2025,2024
10005,SYNTHETIC SITE 01004,101004,,SYNTHETIC COMPANY 01004,1 Example Way,Nowhere,ZZ,00000,3115,2017,SYNTHETIC INDUSTRY,1,2,82,159770,2,0,0,0,0,0,0,0,0,0,0,0,0,,1/1/2025,2024
10006,SYNTHETIC SITE 01005,101005,,SYNTHETIC COMPANY 01005,1 Example Way,Nowhere,ZZ,00000,2361,2017,SYNTHETIC INDUSTRY,1,2,73,182116,1,0,4,1,5,28,4,10,0,0,0,0,0,,1/1/2025,2024
10007,SYNTHETIC SITE 01006,101006,,SYNTHETIC COMPANY 01006,1 Example Way,Nowhere,ZZ,00000,2361,2017,SYNTHETIC INDUSTRY,1,2,91,171636,1,0,0,0,2,0,0,2,0,0,0,0,0,,1/1/2025,2024
10008,SYNTHETIC SITE 01007,101007,,SYNTHETIC COMPANY 01007,1 Example Way,Nowhere,ZZ,00000,3328,2017,SYNTHETIC INDUSTRY,1,2,119,196769,1,0,3,0,1,21,0,4,0,0,0,0,0,,1/1/2025,2024
10009,SYNTHETIC SITE 01008,101008,,SYNTHETIC COMPANY 01008,1 Example Way,Nowhere,ZZ,00000,3115,2017,SYNTHETIC INDUSTRY,1,2,23,41504,2,0,0,0,0,0,0,0,0,0,0,0,0,,1/1/2025,2024
10010,SYNTHETIC SITE 01009,101009,,SYNTHETIC COMPANY 01009,1 Example Way,Nowhere,ZZ,00000,3251,2017,SYNTHETIC INDUSTRY,1,2,74,163378,2,0,0,0,0,0,0,0,0,0,0,0,0,,1/1/2025,2024
10011,SYNTHETIC SITE 01010,101010,,SYNTHETIC COMPANY 01010,1 Example Way,Nowhere,ZZ,00000,3251,2017,SYNTHETIC INDUSTRY,1,2,49,54738,2,0,0,0,0,0,0,0,0,0,0,0,0,,1/1/2025,2024
10012,SYNTHETIC SITE 01011,101011,,SYNTHETIC COMPANY 01011,1 Example Way,Nowhere,ZZ,00000,3115,2017,SYNTHETIC INDUSTRY,1,2,38,71730,1,0,0,1,2,0,4,3,0,0,0,0,0,,1/1/2025,2024
10013,SYNTHETIC SITE 01012,101012,,SYNTHETIC COMPANY 01012,1 Example Way,Nowhere,ZZ,00000,2361,2017,SYNTHETIC INDUSTRY,1,2,80,163690,2,0,0,0,0,0,0,0,0,0,0,0,0,,1/1/2025,2024
10014,SYNTHETIC SITE 01013,101013,,SYNTHETIC COMPANY 01013,1 Example Way,Nowhere,ZZ,00000,3251,2017,SYNTHETIC INDUSTRY,1,2,61,126284,2,0,0,0,0,0,0,0,0,0,0,0,0,,1/1/2025,2024
10015,SYNTHETIC SITE 01014,101014,,SYNTHETIC COMPANY 01014,1 Example Way,Nowhere,ZZ,00000,4451,2017,SYNTHETIC INDUSTRY,1,2,81,148111,1,0,2,4,1,14,16,7,0,0,0,0,0,,1/1/2025,2024
10016,SYNTHETIC SITE 01015,101015,,SYNTHETIC COMPANY 01015,1 Example Way,Nowhere,ZZ,00000,3115,2017,SYNTHETIC INDUSTRY,1,2,137,288116,1,0,1,1,2,7,4,4,0,0,0,0,0,,1/1/2025,2024
10017,SYNTHETIC SITE 01016,101016,,SYNTHETIC COMPANY 01016,1 Example Way,Nowhere,ZZ,00000,3328,2017,SYNTHETIC INDUSTRY,1,2,5,9788,2,0,0,0,0,0,0,0,0,0,0,0,0,,1/1/2025,2024
10018,SYNTHETIC SITE 01017,101017,,SYNTHETIC COMPANY 01017,1 Example Way,Nowhere,ZZ,00000,3115,2017,SYNTHETIC INDUSTRY,1,2,65,140630,1,0,2,0,1,14,0,3,0,0,0,0,0,,1/1/2025,2024
10019,SYNTHETIC SITE 01018,101018,,SYNTHETIC COMPANY 01018,1 Example Way,Nowhere,ZZ,00000,4841,2017,SYNTHETIC INDUSTRY,1,2,70,123290,2,0,0,0,0,0,0,0,0,0,0,0,0,,1/1/2025,2024
10020,SYNTHETIC SITE 01019,101019,,SYNTHETIC COMPANY 01019,1 Example Way,Nowhere,ZZ,00000,3251,2017,SYNTHETIC INDUSTRY,1,2,88,123739,1,0,1,0,1,7,0,2,0,0,0,0,0,,1/1/2025,2024
10021,SYNTHETIC SITE 01020,101020,,SYNTHETIC COMPANY 01020,1 Example Way,Nowhere,ZZ,00000,3328,2017,SYNTHETIC INDUSTRY,1,2,88,208267,1,0,1,0,0,7,0,1,0,0,0,0,0,,1/1/2025,2024
10022,SYNTHETIC SITE 01021,101021,,SYNTHETIC COMPANY 01021,1 Example Way,Nowhere,ZZ,00000,3115,2017,SYNTHETIC INDUSTRY,1,2,4,7380,1,0,0,0,1,0,0,1,0,0,0,0,0,,1/1/2025,2024
10023,SYNTHETIC SITE 01022,101022,,SYNTHETIC COMPANY 01022,1 Example Way,Nowhere,ZZ,00000,4841,2017,SYNTHETIC INDUSTRY,1,2,468,8164020,1,0,0,1,0,0,4,1,0,0,0,0,0,,1/1/2025,2024
10024,SYNTHETIC SITE 01023,101023,,SYNTHETIC COMPANY 01023,1 Example Way,Nowhere,ZZ,00000,4841,2017,SYNTHETIC INDUSTRY,1,2,5,7968,2,0,0,0,0,0,0,0,0,0,0,0,0,,1/1/2025,2024
10025,SYNTHETIC SITE 01024,101024,,SYNTHETIC COMPANY 01024,1 Example Way,Nowhere,ZZ,00000,3251,2017,SYNTHETIC INDUSTRY,1,2,49,90033,1,0,1,3,0,7,12,4,0,0,0,0,0,,1/1/2025,2024
10026,SYNTHETIC SITE 01025,101025,,SYNTHETIC COMPANY 01025,1 Example Way,Nowhere,ZZ,00000,3328,2017,SYNTHETIC INDUSTRY,1,2,63,107525,1,0,0,0,3,0,0,3,0,0,0,0,0,,1/1/2025,2024
10027,SYNTHETIC SITE 01026,101026,,SYNTHETIC COMPANY 01026,1 Example Way,Nowhere,ZZ,00000,3328,2017,SYNTHETIC INDUSTRY,1,2,79,160376,1,0,0,0,2,0,0,2,0,0,0,0,0,,1/1/2025,2024
10028,SYNTHETIC SITE 01027,101027,,SYNTHETIC COMPANY 01027,1 Example Way,Nowhere,ZZ,00000,4841,2017,SYNTHETIC INDUSTRY,1,2,54,85162,2,0,0,0,0,0,0,0,0,0,0,0,0,,1/1/2025,2024
10029,SYNTHETIC SITE 01028,101028,,SYNTHETIC COMPANY 01028,1 Example Way,Nowhere,ZZ,00000,3328,2017,SYNTHETIC INDUSTRY,1,2,9,13352,2,0,0,0,0,0,0,0,0,0,0,0,0,,1/1/2025,2024
10030,SYNTHETIC SITE 01029,101029,,SYNTHETIC COMPANY 01029,1 Example Way,Nowhere,ZZ,00000,3115,2017,SYNTHETIC INDUSTRY,1,2,110,244827,2,0,0,0,0,0,0,0,0,0,0,0,0,,1/1/2025,2024
10031,SYNTHETIC SITE 01030,101030,,SYNTHETIC COMPANY 01030,1 Example Way,Nowhere,ZZ,00000,4841,2017,SYNTHETIC INDUSTRY,1,2,14,28347,2,0,0,0,0,0,0,0,0,0,0,0,0,,1/1/2025,2024
10032,SYNTHETIC SITE 01031,101031,,SYNTHETIC COMPANY 01031,1 Example Way,Nowhere,ZZ,00000,6221,2017,SYNTHETIC INDUSTRY,1,2,19,29650,1,0,0,1,0,0,4,1,0,0,0,0,0,,1/1/2025,2024
10033,SYNTHETIC SITE 01032,101032,,SYNTHETIC COMPANY 01032,1 Example Way,Nowhere,ZZ,00000,6221,2017,SYNTHETIC INDUSTRY,1,2,125,232512,2,0,0,0,0,0,0,0,0,0,0,0,0,,1/1/2025,2024
10034,SYNTHETIC SITE 01033,101033,,SYNTHETIC COMPANY 01033,1 Example Way,Nowhere,ZZ,00000,4451,2017,SYNTHETIC INDUSTRY,1,2,64,107008,1,0,3,1,3,21,4,7,0,0,0,0,0,,1/1/2025,2024
10035,SYNTHETIC SITE 01034,101034,,SYNTHETIC COMPANY 01034,1 Example Way,Nowhere,ZZ,00000,3328,2017,SYNTHETIC INDUSTRY,1,2,21,46292,2,0,0,0,0,0,0,0,0,0,0,0,0,,1/1/2025,2024
10036,SYNTHETIC SITE 01035,101035,,SYNTHETIC COMPANY 01035,1 Example Way,Nowhere,ZZ,00000,6221,2017,SYNTHETIC INDUSTRY,1,2,74,114137,1,0,1,1,1,7,4,3,0,0,0,0,0,,1/1/2025,2024
10037,SYNTHETIC SITE 01036,101036,,SYNTHETIC COMPANY 01036,1 Example Way,Nowhere,ZZ,00000,3252,2017,SYNTHETIC INDUSTRY,1,2,199,355080,1,0,4,4,6,28,16,14,0,0,0,0,0,,1/1/2025,2024
10038,SYNTHETIC SITE 01037,101037,,SYNTHETIC COMPANY 01037,1 Example Way,Nowhere,ZZ,00000,3328,2017,SYNTHETIC INDUSTRY,1,2,62,139129,2,0,0,0,0,0,0,0,0,0,0,0,0,,1/1/2025,2024
10039,SYNTHETIC SITE 01038,101038,,SYNTHETIC COMPANY 01038,1 Example Way,Nowhere,ZZ,00000,3251,2017,SYNTHETIC INDUSTRY,1,2,41,91663,2,0,0,0,0,0,0,0,0,0,0,0,0,,1/1/2025,2024
10040,SYNTHETIC SITE 01039,101039,,SYNTHETIC COMPANY 01039,1 Example Way,Nowhere,ZZ,00000,4451,2017,SYNTHETIC INDUSTRY,1,2,163,262753,1,0,4,2,2,28,8,8,0,0,0,0,0,,1/1/2025,2024
10041,SYNTHETIC SITE 01040,101040,,SYNTHETIC COMPANY 01040,1 Example Way,Nowhere,ZZ,00000,4451,2017,SYNTHETIC INDUSTRY,1,2,54,104003,1,0,0,0,1,0,0,1,0,0,0,0,0,,1/1/2025,2024
10042,SYNTHETIC SITE 01041,101041,,SYNTHETIC COMPANY 01041,1 Example Way,Nowhere,ZZ,00000,3115,2017,SYNTHETIC INDUSTRY,1,2,649,1173379,1,0,8,2,12,56,8,22,0,0,0,0,0,,1/1/2025,2024
10043,SYNTHETIC SITE 01042,101042,,SYNTHETIC COMPANY 01042,1 Example Way,Nowhere,ZZ,00000,4841,2017,SYNTHETIC INDUSTRY,1,2,83,159144,2,0,0,0,0,0,0,0,0,0,0,0,0,,1/1/2025,2024
10044,SYNTHETIC SITE 01043,101043,,SYNTHETIC COMPANY 01043,1 Example Way,Nowhere,ZZ,00000,4841,2017,SYNTHETIC INDUSTRY,1,2,100,157185,2,0,0,0,0,0,0,0,0,0,0,0,0,,1/1/2025,2024
10045,SYNTHETIC SITE 01044,101044,,SYNTHETIC COMPANY 01044,1 Example Way,Nowhere,ZZ,00000,6221,2017,SYNTHETIC INDUSTRY,1,2,7,14513,2,0,0,0,0,0,0,0,0,0,0,0,0,,1/1/2025,2024
10046,SYNTHETIC SITE 01045,101045,,SYNTHETIC COMPANY 01045,1 Example Way,Nowhere,ZZ,00000,3251,2017,SYNTHETIC INDUSTRY,1,2,32,50582,2,0,0,0,0,0,0,0,0,0,0,0,0,,1/1/2025,2024
10047,SYNTHETIC SITE 01046,101046,,SYNTHETIC COMPANY 01046,1 Example Way,Nowhere,ZZ,00000,3252,2017,SYNTHETIC INDUSTRY,1,2,69,145095,1,0,0,1,0,0,4,1,0,0,0,0,0,,1/1/2025,2024
10048,SYNTHETIC SITE 01047,101047,,SYNTHETIC COMPANY 01047,1 Example Way,Nowhere,ZZ,00000,2361,2017,SYNTHETIC INDUSTRY,1,2,3,5771,2,0,0,0,0,0,0,0,0,0,0,0,0,,1/1/2025,2024
10049,SYNTHETIC SITE 01048,101048,,SYNTHETIC COMPANY 01048,1 Example Way,Nowhere,ZZ,00000,4451,2017,SYNTHETIC INDUSTRY,1,2,58,118049,2,0,0,0,0,0,0,0,0,0,0,0,0,,1/1/2025,2024
10050,SYNTHETIC SITE 01049,101049,,SYNTHETIC COMPANY 01049,1 Example Way,Nowhere,ZZ,00000,3328,2017,SYNTHETIC INDUSTRY,1,2,13,23085,2,0,0,0,0,0,0,0,0,0,0,0,0,,1/1/2025,2024
10051,SYNTHETIC SITE 01050,101050,,SYNTHETIC COMPANY 01050,1 Example Way,Nowhere,ZZ,00000,4451,2017,SYNTHETIC INDUSTRY,1,2,63,121794,1,0,0,2,2,0,8,4,0,0,0,0,0,,1/1/2025,2024
10052,SYNTHETIC SITE 01051,101051,,SYNTHETIC COMPANY 01051,1 Example Way,Nowhere,ZZ,00000,3328,2017,SYNTHETIC INDUSTRY,1,2,27,44168,1,0,0,0,1,0,0,1,0,0,0,0,0,,1/1/2025,2024
10053,SYNTHETIC SITE 01052,101052,,SYNTHETIC COMPANY 01052,1 Example Way,Nowhere,ZZ,00000,4841,2017,SYNTHETIC INDUSTRY,1,2,9,15467,2,0,0,0,0,0,0,0,0,0,0,0,0,,1/1/2025,2024
10054,SYNTHETIC SITE 01053,101053,,SYNTHETIC COMPANY 01053,1 Example Way,Nowhere,ZZ,00000,2361,2017,SYNTHETIC INDUSTRY,1,2,27,40608,1,0,1,0,0,7,0,1,0,0,0,0,0,,1/1/2025,2024
10055,SYNTHETIC SITE 01054,101054,,SYNTHETIC COMPANY 01054,1 Example Way,Nowhere,ZZ,00000,3251,2017,SYNTHETIC INDUSTRY,1,2,20,39479,2,0,0,0,0,0,0,0,0,0,0,0,0,,1/1/2025,2024
10056,SYNTHETIC SITE 01055,101055,,SYNTHETIC COMPANY 01055,1 Example Way,Nowhere,ZZ,00000,3252,2017,SYNTHETIC INDUSTRY,1,2,8,12855,2,0,0,0,0,0,0,0,0,0,0,0,0,,1/1/2025,2024
10057,SYNTHETIC SITE 01056,101056,,SYNTHETIC COMPANY 01056,1 Example Way,Nowhere,ZZ,00000,4451,2017,SYNTHETIC INDUSTRY,1,2,33,52108,1,0,1,0,1,7,0,2,0,0,0,0,0,,1/1/2025,2024
10058,SYNTHETIC SITE 01057,101057,,SYNTHETIC COMPANY 01057,1 Example Way,Nowhere,ZZ,00000,3115,2017,SYNTHETIC INDUSTRY,1,2,127,277592,2,0,0,0,0,0,0,0,0,0,0,0,0,,1/1/2025,2024
10059,SYNTHETIC SITE 01058,101058,,SYNTHETIC COMPANY 01058,1 Example Way,Nowhere,ZZ,00000,4451,2017,SYNTHETIC INDUSTRY,1,2,66,132023,2,0,0,0,0,0,0,0,0,0,0,0,0,,1/1/2025,2024
10060,SYNTHETIC SITE 01059,101059,,SYNTHETIC COMPANY 01059,1 Example Way,Nowhere,ZZ,00000,3328,2017,SYNTHETIC INDUSTRY,1,2,132,216871,1,0,0,1,0,0,4,1,0,0,0,0,0,,1/1/2025,2024
10061,SYNTHETIC SITE 01060,101060,,SYNTHETIC COMPANY 01060,1 Example Way,Nowhere,ZZ,00000,3115,2017,SYNTHETIC INDUSTRY,1,2,53,110667,1,0,2,1,2,14,4,5,0,0,0,0,0,,1/1/2025,2024
10062,SYNTHETIC SITE 01061,101061,,SYNTHETIC COMPANY 01061,1 Example Way,Nowhere,ZZ,00000,4841,2017,SYNTHETIC INDUSTRY,1,2,350,748714,1,0,4,0,1,28,0,5,0,0,0,0,0,,1/1/2025,2024
10063,SYNTHETIC SITE 01062,101062,,SYNTHETIC COMPANY 01062,1 Example Way,Nowhere,ZZ,00000,3251,2017,SYNTHETIC INDUSTRY,1,2,26,54561,1,0,1,1,0,7,4,2,0,0,0,0,0,,1/1/2025,2024
10064,SYNTHETIC SITE 01063,101063,,SYNTHETIC COMPANY 01063,1 Example Way,Nowhere,ZZ,00000,4451,2017,SYNTHETIC INDUSTRY,1,2,43,93548,2,0,0,0,0,0,0,0,0,0,0,0,0,,1/1/2025,2024
10065,SYNTHETIC SITE 01064,101064,,SYNTHETIC COMPANY 01064,1 Example Way,Nowhere,ZZ,00000,3115,2017,SYNTHETIC INDUSTRY,1,2,57,74973,2,0,0,0,0,0,0,0,0,0,0,0,0,,1/1/2025,2024
10066,SYNTHETIC SITE 01065,101065,,SYNTHETIC COMPANY 01065,1 Example Way,Nowhere,ZZ,00000,2361,2017,SYNTHETIC INDUSTRY,1,2,270,521086,2,0,0,0,0,0,0,0,0,0,0,0,0,,1/1/2025,2024
10067,SYNTHETIC SITE 01066,101066,,SYNTHETIC COMPANY 01066,1 Example Way,Nowhere,ZZ,00000,4451,2017,SYNTHETIC INDUSTRY,1,2,18,29454,2,0,0,0,0,0,0,0,0,0,0,0,0,,1/1/2025,2024
10068,SYNTHETIC SITE 01067,101067,,SYNTHETIC COMPANY 01067,1 Example Way,Nowhere,ZZ,00000,6221,2017,SYNTHETIC INDUSTRY,1,2,57,128033,1,0,0,0,3,0,0,3,0,0,0,0,0,,1/1/2025,2024
10069,SYNTHETIC SITE 01068,101068,,SYNTHETIC COMPANY 01068,1 Example Way,Nowhere,ZZ,00000,2361,2017,SYNTHETIC INDUSTRY,1,2,26,43810,1,0,0,1,0,0,4,1,0,0,0,0,0,,1/1/2025,2024
10070,SYNTHETIC SITE 01069,101069,,SYNTHETIC COMPANY 01069,1 Example Way,Nowhere,ZZ,00000,3252,2017,SYNTHETIC INDUSTRY,1,2,120,145840,1,0,0,1,0,0,4,1,0,0,0,0,0,,1/1/2025,2024
10071,SYNTHETIC SITE 01070,101070,,SYNTHETIC COMPANY 01070,1 Example Way,Nowhere,ZZ,00000,3252,2017,SYNTHETIC INDUSTRY,1,2,14,23395,1,0,0,0,1,0,0,1,0,0,0,0,0,,1/1/2025,2024
10072,SYNTHETIC SITE 01071,101071,,SYNTHETIC COMPANY 01071,1 Example Way,Nowhere,ZZ,00000,2361,2017,SYNTHETIC INDUSTRY,1,2,52,80607,2,0,0,0,0,0,0,0,0,0,0,0,0,,1/1/2025,2024
10073,SYNTHETIC SITE 01072,101072,,SYNTHETIC COMPANY 01072,1 Example Way,Nowhere,ZZ,00000,4841,2017,SYNTHETIC INDUSTRY,1,2,105,204259,1,0,2,1,1,14,4,4,0,0,0,0,0,,1/1/2025,2024
10074,SYNTHETIC SITE 01073,101073,,SYNTHETIC COMPANY 01073,1 Example Way,Nowhere,ZZ,00000,3115,2017,SYNTHETIC INDUSTRY,1,2,11,16126,2,0,0,0,0,0,0,0,0,0,0,0,0,,1/1/2025,2024
10075,SYNTHETIC SITE 01074,101074,,SYNTHETIC COMPANY 01074,1 Example Way,Nowhere,ZZ,00000,6221,2017,SYNTHETIC INDUSTRY,1,2,95,195705,2,0,0,0,0,0,0,0,0,0,0,0,0,,1/1/2025,2024
10076,SYNTHETIC SITE 01075,101075,,SYNTHETIC COMPANY 01075,1 Example Way,Nowhere,ZZ,00000,3251,2017,SYNTHETIC INDUSTRY,1,2,71,133035,2,0,0,0,0,0,0,0,0,0,0,0,0,,1/1/2025,2024
10077,SYNTHETIC SITE 01076,101076,,SYNTHETIC COMPANY 01076,1 Example Way,Nowhere,ZZ,00000,3115,2017,SYNTHETIC INDUSTRY,1,2,26,50808,2,0,0,0,0,0,0,0,0,0,0,0,0,,1/1/2025,2024
10078,SYNTHETIC SITE 01077,101077,,SYNTHETIC COMPANY 01077,1 Example Way,Nowhere,ZZ,00000,3115,2017,SYNTHETIC INDUSTRY,1,2,208,371873,1,0,1,0,1,7,0,2,0,0,0,0,0,,1/1/2025,2024
10079,SYNTHETIC SITE 01078,101078,,SYNTHETIC COMPANY 01078,1 Example Way,Nowhere,ZZ,00000,3328,2017,SYNTHETIC INDUSTRY,1,2,101,168157,1,0,0,4,3,0,16,7,0,0,0,0,0,,1/1/2025,2024
10080,SYNTHETIC SITE 01079,101079,,SYNTHETIC COMPANY 01079,1 Example Way,Nowhere,ZZ,00000,3115,2017,SYNTHETIC INDUSTRY,1,2,26,48851,2,0,0,0,0,0,0,0,0,0,0,0,0,,1/1/2025,2024
10081,SYNTHETIC SITE 01080,101080,,SYNTHETIC COMPANY 01080,1 Example Way,Nowhere,ZZ,00000,2361,2017,SYNTHETIC INDUSTRY,1,2,58,101490,2,0,0,0,0,0,0,0,0,0,0,0,0,,1/1/2025,2024
10082,SYNTHETIC SITE 01081,101081,,SYNTHETIC COMPANY 01081,1 Example Way,Nowhere,ZZ,00000,3328,2017,SYNTHETIC INDUSTRY,1,2,430,815548,2,0,0,0,0,0,0,0,0,0,0,0,0,,1/1/2025,2024
10083,SYNTHETIC SITE 01082,101082,,SYNTHETIC COMPANY 01082,1 Example Way,Nowhere,ZZ,00000,3251,2017,SYNTHETIC INDUSTRY,1,2,21,41668,2,0,0,0,0,0,0,0,0,0,0,0,0,,1/1/2025,2024
10084,SYNTHETIC SITE 01083,101083,,SYNTHETIC COMPANY 01083,1 Example Way,Nowhere,ZZ,00000,3252,2017,SYNTHETIC INDUSTRY,1,2,124,284593,1,0,0,0,1,0,0,1,0,0,0,0,0,,1/1/2025,2024
10085,SYNTHETIC SITE 01084,101084,,SYNTHETIC COMPANY 01084,1 Example Way,Nowhere,ZZ,00000,4451,2017,SYNTHETIC INDUSTRY,1,2,42,77966,2,0,0,0,0,0,0,0,0,0,0,0,0,,1/1/2025,2024
10086,SYNTHETIC SITE 01085,101085,,SYNTHETIC COMPANY 01085,1 Example Way,Nowhere,ZZ,00000,3252,2017,SYNTHETIC INDUSTRY,1,2,450,751328,2,0,0,0,0,0,0,0,0,0,0,0,0,,1/1/2025,2024
10087,SYNTHETIC SITE 01086,101086,,SYNTHETIC COMPANY 01086,1 Example Way,Nowhere,ZZ,00000,2361,2017,SYNTHETIC INDUSTRY,1,2,9,17730,2,0,0,0,0,0,0,0,0,0,0,0,0,,1/1/2025,2024
10088,SYNTHETIC SITE 01087,101087,,SYNTHETIC COMPANY 01087,1 Example Way,Nowhere,ZZ,00000,6221,2017,SYNTHETIC INDUSTRY,1,2,14,31431,2,0,0,0,0,0,0,0,0,0,0,0,0,,1/1/2025,2024
10089,SYNTHETIC SITE 01088,101088,,SYNTHETIC COMPANY 01088,1 Example Way,Nowhere,ZZ,00000,3328,2017,SYNTHETIC INDUSTRY,1,2,13,17936,1,0,0,0,1,0,0,1,0,0,0,0,0,,1/1/2025,2024
10090,SYNTHETIC SITE 01089,101089,,SYNTHETIC COMPANY 01089,1 Example Way,Nowhere,ZZ,00000,3115,2017,SYNTHETIC INDUSTRY,1,2,449,1132028,1,0,4,2,5,28,8,11,0,0,0,0,0,,1/1/2025,2024
10091,SYNTHETIC SITE 01090,101090,,SYNTHETIC COMPANY 01090,1 Example Way,Nowhere,ZZ,00000,3251,2017,SYNTHETIC INDUSTRY,1,2,25,51547,1,0,0,3,0,0,12,3,0,0,0,0,0,,1/1/2025,2024
10092,SYNTHETIC SITE 01091,101091,,SYNTHETIC COMPANY 01091,1 Example Way,Nowhere,ZZ,00000,2361,2017,SYNTHETIC INDUSTRY,1,2,31,70259,1,0,1,0,0,7,0,1,0,0,0,0,0,,1/1/2025,2024
10093,SYNTHETIC SITE 01092,101092,,SYNTHETIC COMPANY 01092,1 Example Way,Nowhere,ZZ,00000,3328,2017,SYNTHETIC INDUSTRY,1,2,19,37151,1,0,0,0,1,0,0,1,0,0,0,0,0,,1/1/2025,2024
10094,SYNTHETIC SITE 01093,101093,,SYNTHETIC COMPANY 01093,1 Example Way,Nowhere,ZZ,00000,3251,2017,SYNTHETIC INDUSTRY,1,2,151,262453,2,0,0,0,0,0,0,0,0,0,0,0,0,,1/1/2025,2024
10095,SYNTHETIC SITE 01094,101094,,SYNTHETIC COMPANY 01094,1 Example Way,Nowhere,ZZ,00000,4451,2017,SYNTHETIC INDUSTRY,1,2,146,317984,1,0,12,4,9,84,16,25,0,0,0,0,0,,1/1/2025,2024
10096,SYNTHETIC SITE 01095,101095,,SYNTHETIC COMPANY 01095,1 Example Way,Nowhere,ZZ,00000,6221,2017,SYNTHETIC INDUSTRY,1,2,68,129452,2,0,0,0,0,0,0,0,0,0,0,0,0,,1/1/2025,2024
10097,SYNTHETIC SITE 01096,101096,,SYNTHETIC COMPANY 01096,1 Example Way,Nowhere,ZZ,00000,3252,2017,SYNTHETIC INDUSTRY,1,2,42,83738,1,0,2,0,0,14,0,2,0,0,0,0,0,,1/1/2025,2024
10098,SYNTHETIC SITE 01097,101097,,SYNTHETIC COMPANY 01097,1 Example Way,Nowhere,ZZ,00000,2361,2017,SYNTHETIC INDUSTRY,1,2,30,58806,2,0,0,0,0,0,0,0,0,0,0,0,0,,1/1/2025,2024
10099,SYNTHETIC SITE 01098,101098,,SYNTHETIC COMPANY 01098,1 Example Way,Nowhere,ZZ,00000,3252,2017,SYNTHETIC INDUSTRY,1,2,14,25778,2,0,0,0,0,0,0,0,0,0,0,0,0,,1/1/2025,2024
10100,SYNTHETIC SITE 01099,101099,,SYNTHETIC COMPANY 01099,1 Example Way,Nowhere,ZZ,00000,4451,2017,SYNTHETIC INDUSTRY,1,2,19,43039,2,0,0,0,0,0,0,0,0,0,0,0,0,,1/1/2025,2024
10101,SYNTHETIC SITE 01100,101100,,SYNTHETIC COMPANY 01100,1 Example Way,Nowhere,ZZ,00000,4841,2017,SYNTHETIC INDUSTRY,1,2,24,50547,1,0,0,0,2,0,0,2,0,0,0,0,0,,1/1/2025,2024
10102,SYNTHETIC SITE 01101,101101,,SYNTHETIC COMPANY 01101,1 Example Way,Nowhere,ZZ,00000,2361,2017,SYNTHETIC INDUSTRY,1,2,164,340206,1,0,2,6,2,14,24,10,0,0,0,0,0,,1/1/2025,2024
10103,SYNTHETIC SITE 01102,101102,,SYNTHETIC COMPANY 01102,1 Example Way,Nowhere,ZZ,00000,4451,2017,SYNTHETIC INDUSTRY,1,2,26,37625,2,0,0,0,0,0,0,0,0,0,0,0,0,,1/1/2025,2024
10104,SYNTHETIC SITE 01103,101103,,SYNTHETIC COMPANY 01103,1 Example Way,Nowhere,ZZ,00000,6221,2017,SYNTHETIC INDUSTRY,1,2,262,464380,2,0,0,0,0,0,0,0,0,0,0,0,0,,1/1/2025,2024
10105,SYNTHETIC SITE 01104,101104,,SYNTHETIC COMPANY 01104,1 Example Way,Nowhere,ZZ,00000,2361,2017,SYNTHETIC INDUSTRY,1,2,72,164883,2,0,0,0,0,0,0,0,0,0,0,0,0,,1/1/2025,2024
10106,SYNTHETIC SITE 01105,101105,,SYNTHETIC COMPANY 01105,1 Example Way,Nowhere,ZZ,00000,6221,2017,SYNTHETIC INDUSTRY,1,2,222,355443,1,0,0,0,1,0,0,1,0,0,0,0,0,,1/1/2025,2024
10107,SYNTHETIC SITE 01106,101106,,SYNTHETIC COMPANY 01106,1 Example Way,Nowhere,ZZ,00000,3252,2017,SYNTHETIC INDUSTRY,1,2,57,114064,2,0,0,0,0,0,0,0,0,0,0,0,0,,1/1/2025,2024
10108,SYNTHETIC SITE 01107,101107,,SYNTHETIC COMPANY 01107,1 Example Way,Nowhere,ZZ,00000,3328,2017,SYNTHETIC INDUSTRY,1,2,65,99986,2,0,0,0,0,0,0,0,0,0,0,0,0,,1/1/2025,2024
10109,SYNTHETIC SITE 01108,101108,,SYNTHETIC COMPANY 01108,1 Example Way,Nowhere,ZZ,00000,4841,2017,SYNTHETIC INDUSTRY,1,2,54,109139,1,0,6,1,2,42,4,9,0,0,0,0,0,,1/1/2025,2024
10110,SYNTHETIC SITE 01109,101109,,SYNTHETIC COMPANY 01109,1 Example Way,Nowhere,ZZ,00000,2361,2017,SYNTHETIC INDUSTRY,1,2,53,93835,1,0,0,0,1,0,0,1,0,0,0,0,0,,1/1/2025,2024
10111,SYNTHETIC SITE 01110,101110,,SYNTHETIC COMPANY 01110,1 Example Way,Nowhere,ZZ,00000,3115,2017,SYNTHETIC INDUSTRY,1,2,56,95068,1,0,5,1,2,35,4,8,0,0,0,0,0,,1/1/2025,2024
10112,SYNTHETIC SITE 01111,101111,,SYNTHETIC COMPANY 01111,1 Example Way,Nowhere,ZZ,00000,2361,2017,SYNTHETIC INDUSTRY,1,2,67,145031,1,0,4,2,2,28,8,8,0,0,0,0,0,,1/1/2025,2024
10113,SYNTHETIC SITE 01112,101112,,SYNTHETIC COMPANY 01112,1 Example Way,Nowhere,ZZ,00000,6221,2017,SYNTHETIC INDUSTRY,1,2,24,49999,2,0,0,0,0,0,0,0,0,0,0,0,0,,1/1/2025,2024
10114,SYNTHETIC SITE 01113,101113,,SYNTHETIC COMPANY 01113,1 Example Way,Nowhere,ZZ,00000,2361,2017,SYNTHETIC INDUSTRY,1,2,112,179457,1,0,2,1,0,14,4,3,0,0,0,0,0,,1/1/2025,2024
10115,SYNTHETIC SITE 01114,101114,,SYNTHETIC COMPANY 01114,1 Example Way,Nowhere,ZZ,00000,3252,2017,SYNTHETIC INDUSTRY,1,2,326,453366,1,0,2,2,2,14,8,6,0,0,0,0,0,,1/1/2025,2024
10116,SYNTHETIC SITE 01115,101115,,SYNTHETIC COMPANY 01115,1 Example Way,Nowhere,ZZ,00000,2361,2017,SYNTHETIC INDUSTRY,1,2,136,312330,2,0,0,0,0,0,0,0,0,0,0,0,0,,1/1/2025,2024
10117,SYNTHETIC SITE 01116,101116,,SYNTHETIC COMPANY 01116,1 Example Way,Nowhere,ZZ,00000,4451,2017,SYNTHETIC INDUSTRY,1,2,143,24228400,1,0,1,1,1,7,4,3,0,0,0,0,0,,1/1/2025,2024
10118,SYNTHETIC SITE 01117,101117,,SYNTHETIC COMPANY 01117,1 Example Way,Nowhere,ZZ,00000,6221,2017,SYNTHETIC INDUSTRY,1,2,28,60560,1,0,1,0,0,7,0,1,0,0,0,0,0,,1/1/2025,2024
10119,SYNTHETIC SITE 01118,101118,,SYNTHETIC COMPANY 01118,1 Example Way,Nowhere,ZZ,00000,3328,2017,SYNTHETIC INDUSTRY,1,2,107,165002,2,0,0,0,0,0,0,0,0,0,0,0,0,,1/1/2025,2024
10120,SYNTHETIC SITE 01119,101119,,SYNTHETIC COMPANY 01119,1 Example Way,Nowhere,ZZ,00000,3251,2017,SYNTHETIC INDUSTRY,1,2,666,1171754,1,0,70,33,78,490,132,181,0,0,0,0,0,,1/1/2025,2024
10121,SYNTHETIC SITE 01120,101120,,SYNTHETIC COMPANY 01120,1 Example Way,Nowhere,ZZ,00000,6221,2017,SYNTHETIC INDUSTRY,1,2,309,559347,1,0,1,1,1,7,4,3,0,0,0,0,0,,1/1/2025,2024
10122,SYNTHETIC SITE 01121,101121,,SYNTHETIC COMPANY 01121,1 Example Way,Nowhere,ZZ,00000,3115,2017,SYNTHETIC INDUSTRY,1,2,20,37261,2,0,0,0,0,0,0,0,0,0,0,0,0,,1/1/2025,2024
10123,SYNTHETIC SITE 01122,101122,,SYNTHETIC COMPANY 01122,1 Example Way,Nowhere,ZZ,00000,6221,2017,SYNTHETIC INDUSTRY,1,2,136,293850,1,0,9,1,2,63,4,12,0,0,0,0,0,,1/1/2025,2024
10124,SYNTHETIC SITE 01123,101123,,SYNTHETIC COMPANY 01123,1 Example Way,Nowhere,ZZ,00000,6221,2017,SYNTHETIC INDUSTRY,1,2,21,42351,1,0,0,0,1,0,0,1,0,0,0,0,0,,1/1/2025,2024
10125,SYNTHETIC SITE 01124,101124,,SYNTHETIC COMPANY 01124,1 Example Way,Nowhere,ZZ,00000,6221,2017,SYNTHETIC INDUSTRY,1,2,40,88530,1,0,1,0,1,7,0,2,0,0,0,0,0,,1/1/2025,2024
10126,SYNTHETIC SITE 01125,101125,,SYNTHETIC COMPANY 01125,1 Example Way,Nowhere,ZZ,00000,4841,2017,SYNTHETIC INDUSTRY,1,2,553,940443,2,0,0,0,0,0,0,0,0,0,0,0,0,,1/1/2025,2024
10127,SYNTHETIC SITE 01126,101126,,SYNTHETIC COMPANY 01126,1 Example Way,Nowhere,ZZ,00000,4841,2017,SYNTHETIC INDUSTRY,1,2,40,76205,2,0,0,0,0,0,0,0,0,0,0,0,0,,1/1/2025,2024
10128,SYNTHETIC SITE 01127,101127,,SYNTHETIC COMPANY 01127,1 Example Way,Nowhere,ZZ,00000,3115,2017,SYNTHETIC INDUSTRY,1,2,24,37316,1,0,1,0,0,7,0,1,0,0,0,0,0,,1/1/2025,2024
10129,SYNTHETIC SITE 01128,101128,,SYNTHETIC COMPANY 01128,1 Example Way,Nowhere,ZZ,00000,6221,2017,SYNTHETIC INDUSTRY,1,2,209,361854,1,0,3,2,4,21,8,9,0,0,0,0,0,,1/1/2025,2024
10130,SYNTHETIC SITE 01129,101129,,SYNTHETIC COMPANY 01129,1 Example Way,Nowhere,ZZ,00000,3252,2017,SYNTHETIC INDUSTRY,1,2,92,131413,1,0,0,0,3,0,0,3,0,0,0,0,0,,1/1/2025,2024
10131,SYNTHETIC SITE 01130,101130,,SYNTHETIC COMPANY 01130,1 Example Way,Nowhere,ZZ,00000,3328,2017,SYNTHETIC INDUSTRY,1,2,27,59545,1,0,0,0,1,0,0,1,0,0,0,0,0,,1/1/2025,2024
10132,SYNTHETIC SITE 01131,101131,,SYNTHETIC COMPANY 01131,1 Example Way,Nowhere,ZZ,00000,3252,2017,SYNTHETIC INDUSTRY,1,2,17,30498,2,0,0,0,0,0,0,0,0,0,0,0,0,,1/1/2025,2024
10133,SYNTHETIC SITE 01132,101132,,SYNTHETIC COMPANY 01132,1 Example Way,Nowhere,ZZ,00000,6221,2017,SYNTHETIC INDUSTRY,1,2,178,345793,1,0,3,2,4,21,8,9,0,0,0,0,0,,1/1/2025,2024
10134,SYNTHETIC SITE 01133,101133,,SYNTHETIC COMPANY 01133,1 Example Way,Nowhere,ZZ,00000,3328,2017,SYNTHETIC INDUSTRY,1,2,32,60092,1,0,0,1,1,0,4,2,0,0,0,0,0,,1/1/2025,2024
10135,SYNTHETIC SITE 01134,101134,,SYNTHETIC COMPANY 01134,1 Example Way,Nowhere,ZZ,00000,6221,2017,SYNTHETIC INDUSTRY,1,2,35,60236,1,0,1,0,2,7,0,3,0,0,0,0,0,,1/1/2025,2024
10136,SYNTHETIC SITE 01135,101135,,SYNTHETIC COMPANY 01135,1 Example Way,Nowhere,ZZ,00000,4451,2017,SYNTHETIC INDUSTRY,1,2,195,373136,1,0,0,0,2,0,0,2,0,0,0,0,0,,1/1/2025,2024
10137,SYNTHETIC SITE 01136,101136,,SYNTHETIC COMPANY 01136,1 Example Way,Nowhere,ZZ,00000,4841,2017,SYNTHETIC INDUSTRY,1,2,43,81873,2,0,0,0,0,0,0,0,0,0,0,0,0,,1/1/2025,2024
10138,SYNTHETIC SITE 01137,101137,,SYNTHETIC COMPANY 01137,1 Example Way,Nowhere,ZZ,00000,3251,2017,SYNTHETIC INDUSTRY,1,2,34,69361,1,0,0,1,0,0,4,1,0,0,0,0,0,,1/1/2025,2024
10139,SYNTHETIC SITE 01138,101138,,SYNTHETIC COMPANY 01138,1 Example Way,Nowhere,ZZ,00000,4841,2017,SYNTHETIC INDUSTRY,1,2,15,28242,2,0,0,0,0,0,0,0,0,0,0,0,0,,1/1/2025,2024
10140,SYNTHETIC SITE 01139,101139,,SYNTHETIC COMPANY 01139,1 Example Way,Nowhere,ZZ,00000,6221,2017,SYNTHETIC INDUSTRY,1,2,30,39325,2,0,0,0,0,0,0,0,0,0,0,0,0,,1/1/2025,2024
10141,SYNTHETIC SITE 01140,101140,,SYNTHETIC COMPANY 01140,1 Example Way,Nowhere,ZZ,00000,2361,2017,SYNTHETIC INDUSTRY,1,2,1,1568,2,0,0,0,0,0,0,0,0,0,0,0,0,,1/1/2025,2024
10142,SYNTHETIC SITE 01141,101141,,SYNTHETIC COMPANY 01141,1 Example Way,Nowhere,ZZ,00000,6221,2017,SYNTHETIC INDUSTRY,1,2,31,63839,2,0,0,0,0,0,0,0,0,0,0,0,0,,1/1/2025,2024
10143,SYNTHETIC SITE 01142,101142,,SYNTHETIC COMPANY 01142,1 Example Way,Nowhere,ZZ,00000,2361,2017,SYNTHETIC INDUSTRY,1,2,391,654845,1,0,7,3,9,49,12,19,0,0,0,0,0,,1/1/2025,2024
10144,SYNTHETIC SITE 01143,101143,,SYNTHETIC COMPANY 01143,1 Example Way,Nowhere,ZZ,00000,6221,2017,SYNTHETIC INDUSTRY,1,2,51,79604,2,0,0,0,0,0,0,0,0,0,0,0,0,,1/1/2025,2024
10145,SYNTHETIC SITE 01144,101144,,SYNTHETIC COMPANY 01144,1 Example Way,Nowhere,ZZ,00000,4451,2017,SYNTHETIC INDUSTRY,1,2,86,187999,1,0,3,0,4,21,0,7,0,0,0,0,0,,1/1/2025,2024
10146,SYNTHETIC SITE 01145,101145,,SYNTHETIC COMPANY 01145,1 Example Way,Nowhere,ZZ,00000,3252,2017,SYNTHETIC INDUSTRY,1,2,52,79206,1,0,0,0,1,0,0,1,0,0,0,0,0,,1/1/2025,2024
10147,SYNTHETIC SITE 01146,101146,,SYNTHETIC COMPANY 01146,1 Example Way,Nowhere,ZZ,00000,6221,2017,SYNTHETIC INDUSTRY,1,2,69,149072,2,0,0,0,0,0,0,0,0,0,0,0,0,,1/1/2025,2024
10148,SYNTHETIC SITE 01147,101147,,SYNTHETIC COMPANY 01147,1 Example Way,Nowhere,ZZ,00000,3251,2017,SYNTHETIC INDUSTRY,1,2,13,24505,2,0,0,0,0,0,0,0,0,0,0,0,0,,1/1/2025,2024
10149,SYNTHETIC SITE 01148,101148,,SYNTHETIC COMPANY 01148,1 Example Way,Nowhere,ZZ,00000,4451,2017,SYNTHETIC INDUSTRY,1,2,6,12188,2,0,0,0,0,0,0,0,0,0,0,0,0,,1/1/2025,2024
10150,SYNTHETIC SITE 01149,101149,,SYNTHETIC COMPANY 01149,1 Example Way,Nowhere,ZZ,00000,3115,2017,SYNTHETIC INDUSTRY,1,2,10,17345,1,0,0,1,0,0,4,1,0,0,0,0,0,,1/1/2025,2024
10151,SYNTHETIC SITE 01150,101150,,SYNTHETIC COMPANY 01150,1 Example Way,Nowhere,ZZ,00000,3115,2017,SYNTHETIC INDUSTRY,1,2,22,40964,2,0,0,0,0,0,0,0,0,0,0,0,0,,1/1/2025,2024
10152,SYNTHETIC SITE 01151,101151,,SYNTHETIC COMPANY 01151,1 Example Way,Nowhere,ZZ,00000,4841,2017,SYNTHETIC INDUSTRY,1,2,122,254904,1,0,1,1,0,7,4,2,0,0,0,0,0,,1/1/2025,2024
10153,SYNTHETIC SITE 01152,101152,,SYNTHETIC COMPANY 01152,1 Example Way,Nowhere,ZZ,00000,3252,2017,SYNTHETIC INDUSTRY,1,2,20,38969,2,0,0,0,0,0,0,0,0,0,0,0,0,,1/1/2025,2024
10154,SYNTHETIC SITE 01153,101153,,SYNTHETIC COMPANY 01153,1 Example Way,Nowhere,ZZ,00000,4451,2017,SYNTHETIC INDUSTRY,1,2,31,56139,2,0,0,0,0,0,0,0,0,0,0,0,0,,1/1/2025,2024
10155,SYNTHETIC SITE 01154,101154,,SYNTHETIC COMPANY 01154,1 Example Way,Nowhere,ZZ,00000,4841,2017,SYNTHETIC INDUSTRY,1,2,111,196296,1,0,1,0,0,7,0,1,0,0,0,0,0,,1/1/2025,2024
10156,SYNTHETIC SITE 01155,101155,,SYNTHETIC COMPANY 01155,1 Example Way,Nowhere,ZZ,00000,4451,2017,SYNTHETIC INDUSTRY,1,2,39,70225,1,0,1,1,0,7,4,2,0,0,0,0,0,,1/1/2025,2024
10157,SYNTHETIC SITE 01156,101156,,SYNTHETIC COMPANY 01156,1 Example Way,Nowhere,ZZ,00000,3251,2017,SYNTHETIC INDUSTRY,1,2,109,183489,2,0,0,0,0,0,0,0,0,0,0,0,0,,1/1/2025,2024
10158,SYNTHETIC SITE 01157,101157,,SYNTHETIC COMPANY 01157,1 Example Way,Nowhere,ZZ,00000,4451,2017,SYNTHETIC INDUSTRY,1,2,29,46347,2,0,0,0,0,0,0,0,0,0,0,0,0,,1/1/2025,2024
10159,SYNTHETIC SITE 01158,101158,,SYNTHETIC COMPANY 01158,1 Example Way,Nowhere,ZZ,00000,6221,2017,SYNTHETIC INDUSTRY,1,2,98,158955,1,0,0,0,1,0,0,1,0,0,0,0,0,,1/1/2025,2024
10160,SYNTHETIC SITE 01159,101159,,SYNTHETIC COMPANY 01159,1 Example Way,Nowhere,ZZ,00000,6221,2017,SYNTHETIC INDUSTRY,1,2,30,50605,1,0,0,0,1,0,0,1,0,0,0,0,0,,1/1/2025,2024
10161,SYNTHETIC SITE 01160,101160,,SYNTHETIC COMPANY 01160,1 Example Way,Nowhere,ZZ,00000,4841,2017,SYNTHETIC INDUSTRY,1,2,15,25786,1,0,1,0,0,7,0,1,0,0,0,0,0,,1/1/2025,2024
10162,SYNTHETIC SITE 01161,101161,,SYNTHETIC COMPANY 01161,1 Example Way,Nowhere,ZZ,00000,6221,2017,SYNTHETIC INDUSTRY,1,2,45,105076,1,0,3,0,4,21,0,7,0,0,0,0,0,,1/1/2025,2024
10163,SYNTHETIC SITE 01162,101162,,SYNTHETIC COMPANY 01162,1 Example Way,Nowhere,ZZ,00000,4841,2017,SYNTHETIC INDUSTRY,1,2,16,33585,1,0,1,1,0,7,4,2,0,0,0,0,0,,1/1/2025,2024
10164,SYNTHETIC SITE 01163,101163,,SYNTHETIC COMPANY 01163,1 Example Way,Nowhere,ZZ,00000,2361,2017,SYNTHETIC INDUSTRY,1,2,410,692344,1,0,4,3,11,28,12,18,0,0,0,0,0,,1/1/2025,2024
10165,SYNTHETIC SITE 01164,101164,,SYNTHETIC COMPANY 01164,1 Example Way,Nowhere,ZZ,00000,3115,2017,SYNTHETIC INDUSTRY,1,2,51,105026,1,0,0,0,1,0,0,1,0,0,0,0,0,,1/1/2025,2024
10166,SYNTHETIC SITE 01165,101165,,SYNTHETIC COMPANY 01165,1 Example Way,Nowhere,ZZ,00000,6221,2017,SYNTHETIC INDUSTRY,1,2,5,10224,2,0,0,0,0,0,0,0,0,0,0,0,0,,1/1/2025,2024
10167,SYNTHETIC SITE 01166,101166,,SYNTHETIC COMPANY 01166,1 Example Way,Nowhere,ZZ,00000,3252,2017,SYNTHETIC INDUSTRY,1,2,256,454473,1,0,1,0,1,7,0,2,0,0,0,0,0,,1/1/2025,2024
10168,SYNTHETIC SITE 01167,101167,,SYNTHETIC COMPANY 01167,1 Example Way,Nowhere,ZZ,00000,6221,2017,SYNTHETIC INDUSTRY,1,2,227,498273,1,0,3,5,6,21,20,14,0,0,0,0,0,,1/1/2025,2024
10169,SYNTHETIC SITE 01168,101168,,SYNTHETIC COMPANY 01168,1 Example Way,Nowhere,ZZ,00000,3252,2017,SYNTHETIC INDUSTRY,1,2,191,382281,1,0,2,2,2,14,8,6,0,0,0,0,0,,1/1/2025,2024
10170,SYNTHETIC SITE 01169,101169,,SYNTHETIC COMPANY 01169,1 Example Way,Nowhere,ZZ,00000,3328,2017,SYNTHETIC INDUSTRY,1,2,16,31751,2,0,0,0,0,0,0,0,0,0,0,0,0,,1/1/2025,2024
10171,SYNTHETIC SITE 01170,101170,,SYNTHETIC COMPANY 01170,1 Example Way,Nowhere,ZZ,00000,2361,2017,SYNTHETIC INDUSTRY,1,2,176,368309,1,0,3,3,5,21,12,11,0,0,0,0,0,,1/1/2025,2024
10172,SYNTHETIC SITE 01171,101171,,SYNTHETIC COMPANY 01171,1 Example Way,Nowhere,ZZ,00000,3252,2017,SYNTHETIC INDUSTRY,1,2,84,166754,1,0,3,1,3,21,4,7,0,0,0,0,0,,1/1/2025,2024
10173,SYNTHETIC SITE 01172,101172,,SYNTHETIC COMPANY 01172,1 Example Way,Nowhere,ZZ,00000,3115,2017,SYNTHETIC INDUSTRY,1,2,69,91022,2,0,0,0,0,0,0,0,0,0,0,0,0,,1/1/2025,2024
10174,SYNTHETIC SITE 01173,101173,,SYNTHETIC COMPANY 01173,1 Example Way,Nowhere,ZZ,00000,3251,2017,SYNTHETIC INDUSTRY,1,2,48,113596,2,0,0,0,0,0,0,0,0,0,0,0,0,,1/1/2025,2024
10175,SYNTHETIC SITE 01174,101174,,SYNTHETIC COMPANY 01174,1 Example Way,Nowhere,ZZ,00000,4451,2017,SYNTHETIC INDUSTRY,1,2,137,284106,1,0,2,3,3,14,12,8,0,0,0,0,0,,1/1/2025,2024
10176,SYNTHETIC SITE 01175,101175,,SYNTHETIC COMPANY 01175,1 Example Way,Nowhere,ZZ,00000,4841,2017,SYNTHETIC INDUSTRY,1,2,37,66871,2,0,0,0,0,0,0,0,0,0,0,0,0,,1/1/2025,2024
10177,SYNTHETIC SITE 01176,101176,,SYNTHETIC COMPANY 01176,1 Example Way,Nowhere,ZZ,00000,6221,2017,SYNTHETIC INDUSTRY,1,2,86,158250,2,0,0,0,0,0,0,0,0,0,0,0,0,,1/1/2025,2024
10178,SYNTHETIC SITE 01177,101177,,SYNTHETIC COMPANY 01177,1 Example Way,Nowhere,ZZ,00000,3252,2017,SYNTHETIC INDUSTRY,1,2,96,222109,2,0,0,0,0,0,0,0,0,0,0,0,0,,1/1/2025,2024
10179,SYNTHETIC SITE 01178,101178,,SYNTHETIC COMPANY 01178,1 Example Way,Nowhere,ZZ,00000,3251,2017,SYNTHETIC INDUSTRY,1,2,2,3300,2,0,0,0,0,0,0,0,0,0,0,0,0,,1/1/2025,2024
10180,SYNTHETIC SITE 01179,101179,,SYNTHETIC COMPANY 01179,1 Example Way,Nowhere,ZZ,00000,3252,2017,SYNTHETIC INDUSTRY,1,2,50,105451,2,0,0,0,0,0,0,0,0,0,0,0,0,,1/1/2025,2024
10181,SYNTHETIC SITE 01180,101180,,SYNTHETIC COMPANY 01180,1 Example Way,Nowhere,ZZ,00000,2361,2017,SYNTHETIC INDUSTRY,1,2,66,121651,1,0,3,4,4,21,16,11,0,0,0,0,0,,1/1/2025,2024
10182,SYNTHETIC SITE 01181,101181,,SYNTHETIC COMPANY 01181,1 Example Way,Nowhere,ZZ,00000,3252,2017,SYNTHETIC INDUSTRY,1,2,149,256552,1,0,2,0,0,14,0,2,0,0,0,0,0,,1/1/2025,2024
10183,SYNTHETIC SITE 01182,101182,,SYNTHETIC COMPANY 01182,1 Example Way,Nowhere,ZZ,00000,3252,2017,SYNTHETIC INDUSTRY,1,2,7,15726,2,0,0,0,0,0,0,0,0,0,0,0,0,,1/1/2025,2024
10184,SYNTHETIC SITE 01183,101183,,SYNTHETIC COMPANY 01183,1 Example Way,Nowhere,ZZ,00000,4451,2017,SYNTHETIC INDUSTRY,1,2,64,143369,1,0,2,2,1,14,8,5,0,0,0,0,0,,1/1/2025,2024
10185,SYNTHETIC SITE 01184,101184,,SYNTHETIC COMPANY 01184,1 Example Way,Nowhere,ZZ,00000,6221,2017,SYNTHETIC INDUSTRY,1,2,126,248072,1,0,0,1,3,0,4,4,0,0,0,0,0,,1/1/2025,2024
10186,SYNTHETIC SITE 01185,101185,,SYNTHETIC COMPANY 01185,1 Example Way,Nowhere,ZZ,00000,4451,2017,SYNTHETIC INDUSTRY,1,2,66,144513,1,0,2,1,1,14,4,4,0,0,0,0,0,,1/1/2025,2024
10187,SYNTHETIC SITE 01186,101186,,SYNTHETIC COMPANY 01186,1 Example Way,Nowhere,ZZ,00000,4841,2017,SYNTHETIC INDUSTRY,1,2,63,118129,1,0,4,2,7,28,8,13,0,0,0,0,0,,1/1/2025,2024
10188,SYNTHETIC SITE 01187,101187,,SYNTHETIC COMPANY 01187,1 Example Way,Nowhere,ZZ,00000,4451,2017,SYNTHETIC INDUSTRY,1,2,219,506853,1,0,0,2,1,0,8,3,0,0,0,0,0,,1/1/2025,2024
10189,SYNTHETIC SITE 01188,101188,,SYNTHETIC COMPANY 01188,1 Example Way,Nowhere,ZZ,00000,4841,2017,SYNTHETIC INDUSTRY,1,2,56,94584,1,0,0,0,1,0,0,1,0,0,0,0,0,,1/1/2025,2024
10190,SYNTHETIC SITE 01189,101189,,SYNTHETIC COMPANY 01189,1 Example Way,Nowhere,ZZ,00000,3252,2017,SYNTHETIC INDUSTRY,1,2,127,312802,2,0,0,0,0,0,0,0,0,0,0,0,0,,1/1/2025,2024
10191,SYNTHETIC SITE 01190,101190,,SYNTHETIC COMPANY 01190,1 Example Way,Nowhere,ZZ,00000,4451,2017,SYNTHETIC INDUSTRY,1,2,75,119894,2,0,0,0,0,0,0,0,0,0,0,0,0,,1/1/2025,2024
10192,SYNTHETIC SITE 01191,101191,,SYNTHETIC COMPANY 01191,1 Example Way,Nowhere,ZZ,00000,3252,2017,SYNTHETIC INDUSTRY,1,2,207,433073,1,0,1,2,4,7,8,7,0,0,0,0,0,,1/1/2025,2024
10193,SYNTHETIC SITE 01192,101192,,SYNTHETIC COMPANY 01192,1 Example Way,Nowhere,ZZ,00000,3252,2017,SYNTHETIC INDUSTRY,1,2,111,236303,1,0,1,0,0,7,0,1,0,0,0,0,0,,1/1/2025,2024
10194,SYNTHETIC SITE 01193,101193,,SYNTHETIC COMPANY 01193,1 Example Way,Nowhere,ZZ,00000,3251,2017,SYNTHETIC INDUSTRY,1,2,34,43195,2,0,0,0,0,0,0,0,0,0,0,0,0,,1/1/2025,2024
10195,SYNTHETIC SITE 01194,101194,,SYNTHETIC COMPANY 01194,1 Example Way,Nowhere,ZZ,00000,6221,2017,SYNTHETIC INDUSTRY,1,2,76,158605,1,0,4,5,10,28,20,19,0,0,0,0,0,,1/1/2025,2024
10196,SYNTHETIC SITE 01195,101195,,SYNTHETIC COMPANY 01195,1 Example Way,Nowhere,ZZ,00000,3251,2017,SYNTHETIC INDUSTRY,1,2,56,103269,2,0,0,0,0,0,0,0,0,0,0,0,0,,1/1/2025,2024
10197,SYNTHETIC SITE 01196,101196,,SYNTHETIC COMPANY 01196,1 Example Way,Nowhere,ZZ,00000,3252,2017,SYNTHETIC INDUSTRY,1,2,22,39757,1,0,0,0,1,0,0,1,0,0,0,0,0,,1/1/2025,2024
10198,SYNTHETIC SITE 01197,101197,,SYNTHETIC COMPANY 01197,1 Example Way,Nowhere,ZZ,00000,3328,2017,SYNTHETIC INDUSTRY,1,2,12,27022,1,0,0,0,1,0,0,1,0,0,0,0,0,,1/1/2025,2024
10199,SYNTHETIC SITE 01198,101198,,SYNTHETIC COMPANY 01198,1 Example Way,Nowhere,ZZ,00000,3328,2017,SYNTHETIC INDUSTRY,1,2,73,107886,1,0,2,0,1,14,0,3,0,0,0,0,0,,1/1/2025,2024
10200,SYNTHETIC SITE 01199,101199,,SYNTHETIC COMPANY 01199,1 Example Way,Nowhere,ZZ,00000,2361,2017,SYNTHETIC INDUSTRY,1,2,28,34938,1,0,0,1,0,0,4,1,0,0,0,0,0,,1/1/2025,2024
10201,SYNTHETIC SITE 01200,101200,,SYNTHETIC COMPANY 01200,1 Example Way,Nowhere,ZZ,00000,3115,2017,SYNTHETIC INDUSTRY,1,2,21,33153,2,0,0,0,0,0,0,0,0,0,0,0,0,,1/1/2025,2024
10202,SYNTHETIC SITE 01201,101201,,SYNTHETIC COMPANY 01201,1 Example Way,Nowhere,ZZ,00000,3115,2017,SYNTHETIC INDUSTRY,1,2,141,223310,2,0,0,0,0,0,0,0,0,0,0,0,0,,1/1/2025,2024
10203,SYNTHETIC SITE 01202,101202,,SYNTHETIC COMPANY 01202,1 Example Way,Nowhere,ZZ,00000,6221,2017,SYNTHETIC INDUSTRY,1,2,42,83785,2,0,0,0,0,0,0,0,0,0,0,0,0,,1/1/2025,2024
10204,SYNTHETIC SITE 01203,101203,,SYNTHETIC COMPANY 01203,1 Example Way,Nowhere,ZZ,00000,2361,2017,SYNTHETIC INDUSTRY,1,2,221,334567,1,0,1,1,0,7,4,2,0,0,0,0,0,,1/1/2025,2024
10205,SYNTHETIC SITE 01204,101204,,SYNTHETIC COMPANY 01204,1 Example Way,Nowhere,ZZ,00000,2361,2017,SYNTHETIC INDUSTRY,1,2,104,220192,2,0,0,0,0,0,0,0,0,0,0,0,0,,1/1/2025,2024
10206,SYNTHETIC SITE 01205,101205,,SYNTHETIC COMPANY 01205,1 Example Way,Nowhere,ZZ,00000,3328,2017,SYNTHETIC INDUSTRY,1,2,175,326336,2,0,0,0,0,0,0,0,0,0,0,0,0,,1/1/2025,2024
10207,SYNTHETIC SITE 01206,101206,,SYNTHETIC COMPANY 01206,1 Example Way,Nowhere,ZZ,00000,3328,2017,SYNTHETIC INDUSTRY,1,2,216,333428,1,0,0,0,1,0,0,1,0,0,0,0,0,,1/1/2025,2024
10208,SYNTHETIC SITE 01207,101207,,SYNTHETIC COMPANY 01207,1 Example Way,Nowhere,ZZ,00000,4451,2017,SYNTHETIC INDUSTRY,1,2,74,131806,1,0,2,1,1,14,4,4,0,0,0,0,0,,1/1/2025,2024
10209,SYNTHETIC SITE 01208,101208,,SYNTHETIC COMPANY 01208,1 Example Way,Nowhere,ZZ,00000,3251,2017,SYNTHETIC INDUSTRY,1,2,57,59825,1,0,1,0,0,7,0,1,0,0,0,0,0,,1/1/2025,2024
10210,SYNTHETIC SITE 01209,101209,,SYNTHETIC COMPANY 01209,1 Example Way,Nowhere,ZZ,00000,2361,2017,SYNTHETIC INDUSTRY,1,2,20,40598,2,0,0,0,0,0,0,0,0,0,0,0,0,,1/1/2025,2024
10211,SYNTHETIC SITE 01210,101210,,SYNTHETIC COMPANY 01210,1 Example Way,Nowhere,ZZ,00000,3252,2017,SYNTHETIC INDUSTRY,1,2,35,6973800000,2,0,0,0,0,0,0,0,0,0,0,0,0,,1/1/2025,2024
10212,SYNTHETIC SITE 01211,101211,,SYNTHETIC COMPANY 01211,1 Example Way,Nowhere,ZZ,00000,3251,2017,SYNTHETIC INDUSTRY,1,2,21,47198,2,0,0,0,0,0,0,0,0,0,0,0,0,,1/1/2025,2024
10213,SYNTHETIC SITE 01212,101212,,SYNTHETIC COMPANY 01212,1 Example Way,Nowhere,ZZ,00000,2361,2017,SYNTHETIC INDUSTRY,1,2,218,555719,1,0,14,3,9,98,12,26,0,0,0,0,0,,1/1/2025,2024
10214,SYNTHETIC SITE 01213,101213,,SYNTHETIC COMPANY 01213,1 Example Way,Nowhere,ZZ,00000,3115,2017,SYNTHETIC INDUSTRY,1,2,57,105732,2,0,0,0,0,0,0,0,0,0,0,0,0,,1/1/2025,2024
10215,SYNTHETIC SITE 01214,101214,,SYNTHETIC COMPANY 01214,1 Example Way,Nowhere,ZZ,00000,3115,2017,SYNTHETIC INDUSTRY,1,2,136,230668,1,0,1,0,0,7,0,1,0,0,0,0,0,,1/1/2025,2024
10216,SYNTHETIC SITE 01215,101215,,SYNTHETIC COMPANY 01215,1 Example Way,Nowhere,ZZ,00000,4451,2017,SYNTHETIC INDUSTRY,1,2,137,214618,1,0,1,2,0,7,8,3,0,0,0,0,0,,1/1/2025,2024
10217,SYNTHETIC SITE 01216,101216,,SYNTHETIC COMPANY 01216,1 Example Way,Nowhere,ZZ,00000,3251,2017,SYNTHETIC INDUSTRY,1,2,50,80953,2,0,0,0,0,0,0,0,0,0,0,0,0,,1/1/2025,2024
10218,SYNTHETIC SITE 01217,101217,,SYNTHETIC COMPANY 01217,1 Example Way,Nowhere,ZZ,00000,2361,2017,SYNTHETIC INDUSTRY,1,2,8,14665,2,0,0,0,0,0,0,0,0,0,0,0,0,,1/1/2025,2024
10219,SYNTHETIC SITE 01218,101218,,SYNTHETIC COMPANY 01218,1 Example Way,Nowhere,ZZ,00000,4451,2017,SYNTHETIC INDUSTRY,1,2,128,148829,1,0,0,1,0,0,4,1,0,0,0,0,0,,1/1/2025,2024
10220,SYNTHETIC SITE 01219,101219,,SYNTHETIC COMPANY 01219,1 Example Way,Nowhere,ZZ,00000,3251,2017,SYNTHETIC INDUSTRY,1,2,49,102699,1,0,0,1,2,0,4,3,0,0,0,0,0,,1/1/2025,2024
10221,SYNTHETIC SITE 01220,101220,,SYNTHETIC COMPANY 01220,1 Example Way,Nowhere,ZZ,00000,3251,2017,SYNTHETIC INDUSTRY,1,2,45,86520,2,0,0,0,0,0,0,0,0,0,0,0,0,,1/1/2025,2024
10222,SYNTHETIC SITE 01221,101221,,SYNTHETIC COMPANY 01221,1 Example Way,Nowhere,ZZ,00000,3328,2017,SYNTHETIC INDUSTRY,1,2,176,283239,1,0,1,2,3,7,8,6,0,0,0,0,0,,1/1/2025,2024
10223,SYNTHETIC SITE 01222,101222,,SYNTHETIC COMPANY 01222,1 Example Way,Nowhere,ZZ,00000,3251,2017,SYNTHETIC INDUSTRY,1,2,29,49884,2,0,0,0,0,0,0,0,0,0,0,0,0,,1/1/2025,2024
10224,SYNTHETIC SITE 01223,101223,,SYNTHETIC COMPANY 01223,1 Example Way,Nowhere,ZZ,00000,3251,2017,SYNTHETIC INDUSTRY,1,2,115,217927,1,0,0,2,4,0,8,6,0,0,0,0,0,,1/1/2025,2024
10225,SYNTHETIC SITE 01224,101224,,SYNTHETIC COMPANY 01224,1 Example Way,Nowhere,ZZ,00000,4451,2017,SYNTHETIC INDUSTRY,1,2,82,117695,2,0,0,0,0,0,0,0,0,0,0,0,0,,1/1/2025,2024
10226,SYNTHETIC SITE 01225,101225,,SYNTHETIC COMPANY 01225,1 Example Way,Nowhere,ZZ,00000,3328,2017,SYNTHETIC INDUSTRY,1,2,182,271373,2,0,0,0,0,0,0,0,0,0,0,0,0,,1/1/2025,2024
10227,SYNTHETIC SITE 01226,101226,,SYNTHETIC COMPANY 01226,1 Example Way,Nowhere,ZZ,00000,4841,2017,SYNTHETIC INDUSTRY,1,2,22,50420,1,0,1,0,0,7,0,1,0,0,0,0,0,,1/1/2025,2024
10228,SYNTHETIC SITE 01227,101227,,SYNTHETIC COMPANY 01227,1 Example Way,Nowhere,ZZ,00000,3252,2017,SYNTHETIC INDUSTRY,1,2,97,197064,1,0,2,1,1,14,4,4,0,0,0,0,0,,1/1/2025,2024
10229,SYNTHETIC SITE 01228,101228,,SYNTHETIC COMPANY 01228,1 Example Way,Nowhere,ZZ,00000,6221,2017,SYNTHETIC INDUSTRY,1,2,49,92267,1,0,0,0,2,0,0,2,0,0,0,0,0,,1/1/2025,2024
10230,SYNTHETIC SITE 01229,101229,,SYNTHETIC COMPANY 01229,1 Example Way,Nowhere,ZZ,00000,4841,2017,SYNTHETIC INDUSTRY,1,2,15,23372,2,0,0,0,0,0,0,0,0,0,0,0,0,,1/1/2025,2024
10231,SYNTHETIC SITE 01230,101230,,SYNTHETIC COMPANY 01230,1 Example Way,Nowhere,ZZ,00000,6221,2017,SYNTHETIC INDUSTRY,1,2,63,99347,1,0,2,4,2,14,16,8,0,0,0,0,0,,1/1/2025,2024
10232,SYNTHETIC SITE 01231,101231,,SYNTHETIC COMPANY 01231,1 Example Way,Nowhere,ZZ,00000,3328,2017,SYNTHETIC INDUSTRY,1,2,22,43629,2,0,0,0,0,0,0,0,0,0,0,0,0,,1/1/2025,2024
10233,SYNTHETIC SITE 01232,101232,,SYNTHETIC COMPANY 01232,1 Example Way,Nowhere,ZZ,00000,4841,2017,SYNTHETIC INDUSTRY,1,2,12,21172,2,0,0,0,0,0,0,0,0,0,0,0,0,,1/1/2025,2024
10234,SYNTHETIC SITE 01233,101233,,SYNTHETIC COMPANY 01233,1 Example Way,Nowhere,ZZ,00000,6221,2017,SYNTHETIC INDUSTRY,1,2,17,37650,2,0,0,0,0,0,0,0,0,0,0,0,0,,1/1/2025,2024
10235,SYNTHETIC SITE 01234,101234,,SYNTHETIC COMPANY 01234,1 Example Way,Nowhere,ZZ,00000,3115,2017,SYNTHETIC INDUSTRY,1,2,437,798260,1,0,1,0,1,7,0,2,0,0,0,0,0,,1/1/2025,2024
10236,SYNTHETIC SITE 01235,101235,,SYNTHETIC COMPANY 01235,1 Example Way,Nowhere,ZZ,00000,3251,2017,SYNTHETIC INDUSTRY,1,2,683,1307864,2,0,0,0,0,0,0,0,0,0,0,0,0,,1/1/2025,2024
10237,SYNTHETIC SITE 01236,101236,,SYNTHETIC COMPANY 01236,1 Example Way,Nowhere,ZZ,00000,6221,2017,SYNTHETIC INDUSTRY,1,2,40,96817,1,0,0,2,1,0,8,3,0,0,0,0,0,,1/1/2025,2024
10238,SYNTHETIC SITE 01237,101237,,SYNTHETIC COMPANY 01237,1 Example Way,Nowhere,ZZ,00000,3252,2017,SYNTHETIC INDUSTRY,1,2,47,87557,2,0,0,0,0,0,0,0,0,0,0,0,0,,1/1/2025,2024
10239,SYNTHETIC SITE 01238,101238,,SYNTHETIC COMPANY 01238,1 Example Way,Nowhere,ZZ,00000,3115,2017,SYNTHETIC INDUSTRY,1,2,39,86307,2,0,0,0,0,0,0,0,0,0,0,0,0,,1/1/2025,2024
10240,SYNTHETIC SITE 01239,101239,,SYNTHETIC COMPANY 01239,1 Example Way,Nowhere,ZZ,00000,3252,2017,SYNTHETIC INDUSTRY,1,2,87,186373,2,0,0,0,0,0,0,0,0,0,0,0,0,,1/1/2025,2024
10241,SYNTHETIC SITE 01240,101240,,SYNTHETIC COMPANY 01240,1 Example Way,Nowhere,ZZ,00000,3252,2017,SYNTHETIC INDUSTRY,1,2,280,537430,2,0,0,0,0,0,0,0,0,0,0,0,0,,1/1/2025,2024
10242,SYNTHETIC SITE 01241,101241,,SYNTHETIC COMPANY 01241,1 Example Way,Nowhere,ZZ,00000,6221,2017,SYNTHETIC INDUSTRY,1,2,56,96990,2,0,0,0,0,0,0,0,0,0,0,0,0,,1/1/2025,2024
10243,SYNTHETIC SITE 01242,101242,,SYNTHETIC COMPANY 01242,1 Example Way,Nowhere,ZZ,00000,3115,2017,SYNTHETIC INDUSTRY,1,2,55,118436,2,0,0,0,0,0,0,0,0,0,0,0,0,,1/1/2025,2024
10244,SYNTHETIC SITE 01243,101243,,SYNTHETIC COMPANY 01243,1 Example Way,Nowhere,ZZ,00000,4841,2017,SYNTHETIC INDUSTRY,1,2,217,318215,1,0,3,1,2,21,4,6,0,0,0,0,0,,1/1/2025,2024
10245,SYNTHETIC SITE 01244,101244,,SYNTHETIC COMPANY 01244,1 Example Way,Nowhere,ZZ,00000,2361,2017,SYNTHETIC INDUSTRY,1,2,127,278039,1,0,2,0,0,14,0,2,0,0,0,0,0,,1/1/2025,2024
10246,SYNTHETIC SITE 01245,101245,,SYNTHETIC COMPANY 01245,1 Example Way,Nowhere,ZZ,00000,6221,2017,SYNTHETIC INDUSTRY,1,2,82,201186,2,0,0,0,0,0,0,0,0,0,0,0,0,,1/1/2025,2024
10247,SYNTHETIC SITE 01246,101246,,SYNTHETIC COMPANY 01246,1 Example Way,Nowhere,ZZ,00000,3251,2017,SYNTHETIC INDUSTRY,1,2,178,248172,2,0,0,0,0,0,0,0,0,0,0,0,0,,1/1/2025,2024
10248,SYNTHETIC SITE 01247,101247,,SYNTHETIC COMPANY 01247,1 Example Way,Nowhere,ZZ,00000,3251,2017,SYNTHETIC INDUSTRY,1,2,36,67986,1,0,1,1,1,7,4,3,0,0,0,0,0,,1/1/2025,2024
10249,SYNTHETIC SITE 01248,101248,,SYNTHETIC COMPANY 01248,1 Example Way,Nowhere,ZZ,00000,3328,2017,SYNTHETIC INDUSTRY,1,2,120,204148,1,0,1,2,1,7,8,4,0,0,0,0,0,,1/1/2025,2024
10250,SYNTHETIC SITE 01249,101249,,SYNTHETIC COMPANY 01249,1 Example Way,Nowhere,ZZ,00000,4451,2017,SYNTHETIC INDUSTRY,1,2,210,403388,1,0,1,0,2,7,0,3,0,0,0,0,0,,1/1/2025,2024
10251,SYNTHETIC SITE 01250,101250,,SYNTHETIC COMPANY 01250,1 Example Way,Nowhere,ZZ,00000,2361,2017,SYNTHETIC INDUSTRY,1,2,54,103098,1,0,0,1,0,0,4,1,0,0,0,0,0,,1/1/2025,2024
10252,SYNTHETIC SITE 01251,101251,,SYNTHETIC COMPANY 01251,1 Example Way,Nowhere,ZZ,00000,3252,2017,SYNTHETIC INDUSTRY,1,2,222,500911,1,0,14,3,7,98,12,24,0,0,0,0,0,,1/1/2025,2024
10253,SYNTHETIC SITE 01252,101252,,SYNTHETIC COMPANY 01252,1 Example Way,Nowhere,ZZ,00000,3115,2017,SYNTHETIC INDUSTRY,1,2,48,103294,2,0,0,0,0,0,0,0,0,0,0,0,0,,1/1/2025,2024
10254,SYNTHETIC SITE 01253,101253,,SYNTHETIC COMPANY 01253,1 Example Way,Nowhere,ZZ,00000,3252,2017,SYNTHETIC INDUSTRY,1,2,362,691875,1,0,0,1,0,0,4,1,0,0,0,0,0,,1/1/2025,2024
10255,SYNTHETIC SITE 01254,101254,,SYNTHETIC COMPANY 01254,1 Example Way,Nowhere,ZZ,00000,3252,2017,SYNTHETIC INDUSTRY,1,2,166,419920,2,0,0,0,0,0,0,0,0,0,0,0,0,,1/1/2025,2024
10256,SYNTHETIC SITE 01255,101255,,SYNTHETIC COMPANY 01255,1 Example Way,Nowhere,ZZ,00000,3115,2017,SYNTHETIC INDUSTRY,1,2,25,54110,1,0,1,0,0,7,0,1,0,0,0,0,0,,1/1/2025,2024
10257,SYNTHETIC SITE 01256,101256,,SYNTHETIC COMPANY 01256,1 Example Way,Nowhere,ZZ,00000,3251,2017,SYNTHETIC INDUSTRY,1,2,21,31658,2,0,0,0,0,0,0,0,0,0,0,0,0,,1/1/2025,2024
10258,SYNTHETIC SITE 01257,101257,,SYNTHETIC COMPANY 01257,1 Example Way,Nowhere,ZZ,00000,3252,2017,SYNTHETIC INDUSTRY,1,2,130,222314,2,0,0,0,0,0,0,0,0,0,0,0,0,,1/1/2025,2024
10259,SYNTHETIC SITE 01258,101258,,SYNTHETIC COMPANY 01258,1 Example Way,Nowhere,ZZ,00000,3252,2017,SYNTHETIC INDUSTRY,1,2,86,169469,2,0,0,0,0,0,0,0,0,0,0,0,0,,1/1/2025,2024
10260,SYNTHETIC SITE 01259,101259,,SYNTHETIC COMPANY 01259,1 Example Way,Nowhere,ZZ,00000,3328,2017,SYNTHETIC INDUSTRY,1,2,7,13708,2,0,0,0,0,0,0,0,0,0,0,0,0,,1/1/2025,2024
10261,SYNTHETIC SITE 01260,101260,,SYNTHETIC COMPANY 01260,1 Example Way,Nowhere,ZZ,00000,4451,2017,SYNTHETIC INDUSTRY,1,2,22,37972,2,0,0,0,0,0,0,0,0,0,0,0,0,,1/1/2025,2024
10262,SYNTHETIC SITE 01261,101261,,SYNTHETIC COMPANY 01261,1 Example Way,Nowhere,ZZ,00000,3252,2017,SYNTHETIC INDUSTRY,1,2,3,5053,2,0,0,0,0,0,0,0,0,0,0,0,0,,1/1/2025,2024
10263,SYNTHETIC SITE 01262,101262,,SYNTHETIC COMPANY 01262,1 Example Way,Nowhere,ZZ,00000,3251,2017,SYNTHETIC INDUSTRY,1,2,13,19323,2,0,0,0,0,0,0,0,0,0,0,0,0,,1/1/2025,2024
10264,SYNTHETIC SITE 01263,101263,,SYNTHETIC COMPANY 01263,1 Example Way,Nowhere,ZZ,00000,2361,2017,SYNTHETIC INDUSTRY,1,2,41,65231,2,0,0,0,0,0,0,0,0,0,0,0,0,,1/1/2025,2024
10265,SYNTHETIC SITE 01264,101264,,SYNTHETIC COMPANY 01264,1 Example Way,Nowhere,ZZ,00000,3328,2017,SYNTHETIC INDUSTRY,1,2,52,95519,2,0,0,0,0,0,0,0,0,0,0,0,0,,1/1/2025,2024
10266,SYNTHETIC SITE 01265,101265,,SYNTHETIC COMPANY 01265,1 Example Way,Nowhere,ZZ,00000,3328,2017,SYNTHETIC INDUSTRY,1,2,50,92500,1,0,1,0,2,7,0,3,0,0,0,0,0,,1/1/2025,2024
10267,SYNTHETIC SITE 01266,101266,,SYNTHETIC COMPANY 01266,1 Example Way,Nowhere,ZZ,00000,4841,2017,SYNTHETIC INDUSTRY,1,2,15,31408,2,0,0,0,0,0,0,0,0,0,0,0,0,,1/1/2025,2024
10268,SYNTHETIC SITE 01267,101267,,SYNTHETIC COMPANY 01267,1 Example Way,Nowhere,ZZ,00000,3328,2017,SYNTHETIC INDUSTRY,1,2,14,26007,1,0,0,2,0,0,8,2,0,0,0,0,0,,1/1/2025,2024
10269,SYNTHETIC SITE 01268,101268,,SYNTHETIC COMPANY 01268,1 Example Way,Nowhere,ZZ,00000,3115,2017,SYNTHETIC INDUSTRY,1,2,61,108421,1,0,2,0,0,14,0,2,0,0,0,0,0,,1/1/2025,2024
10270,SYNTHETIC SITE 01269,101269,,SYNTHETIC COMPANY 01269,1 Example Way,Nowhere,ZZ,00000,4451,2017,SYNTHETIC INDUSTRY,1,2,76,145100,1,0,1,0,0,7,0,1,0,0,0,0,0,,1/1/2025,2024
10271,SYNTHETIC SITE 01270,101270,,SYNTHETIC COMPANY 01270,1 Example Way,Nowhere,ZZ,00000,6221,2017,SYNTHETIC INDUSTRY,1,2,24,42929,2,0,0,0,0,0,0,0,0,0,0,0,0,,1/1/2025,2024
10272,SYNTHETIC SITE 01271,101271,,SYNTHETIC COMPANY 01271,1 Example Way,Nowhere,ZZ,00000,3251,2017,SYNTHETIC INDUSTRY,1,2,62,126126,2,0,0,0,0,0,0,0,0,0,0,0,0,,1/1/2025,2024
10273,SYNTHETIC SITE 01272,101272,,SYNTHETIC COMPANY 01272,1 Example Way,Nowhere,ZZ,00000,3251,2017,SYNTHETIC INDUSTRY,1,2,24,54451,1,0,1,0,1,7,0,2,0,0,0,0,0,,1/1/2025,2024
10274,SYNTHETIC SITE 01273,101273,,SYNTHETIC COMPANY 01273,1 Example Way,Nowhere,ZZ,00000,3328,2017,SYNTHETIC INDUSTRY,1,2,247,511258,1,0,1,1,3,7,4,5,0,0,0,0,0,,1/1/2025,2024
10275,SYNTHETIC SITE 01274,101274,,SYNTHETIC COMPANY 01274,1 Example Way,Nowhere,ZZ,00000,3115,2017,SYNTHETIC INDUSTRY,1,2,103,155306,2,0,0,0,0,0,0,0,0,0,0,0,0,,1/1/2025,2024
10276,SYNTHETIC SITE 01275,101275,,SYNTHETIC COMPANY 01275,1 Example Way,Nowhere,ZZ,00000,3328,2017,SYNTHETIC INDUSTRY,1,2,33,50566,1,0,1,1,1,7,4,3,0,0,0,0,0,,1/1/2025,2024
10277,SYNTHETIC SITE 01276,101276,,SYNTHETIC COMPANY 01276,1 Example Way,Nowhere,ZZ,00000,3251,2017,SYNTHETIC INDUSTRY,1,2,14,22641,2,0,0,0,0,0,0,0,0,0,0,0,0,,1/1/2025,2024
10278,SYNTHETIC SITE 01277,101277,,SYNTHETIC COMPANY 01277,1 Example Way,Nowhere,ZZ,00000,6221,2017,SYNTHETIC INDUSTRY,1,2,158,221182,2,0,0,0,0,0,0,0,0,0,0,0,0,,1/1/2025,2024
10279,SYNTHETIC SITE 01278,101278,,SYNTHETIC COMPANY 01278,1 Example Way,Nowhere,ZZ,00000,3252,2017,SYNTHETIC INDUSTRY,1,2,18,31759,2,0,0,0,0,0,0,0,0,0,0,0,0,,1/1/2025,2024
10280,SYNTHETIC SITE 01279,101279,,SYNTHETIC COMPANY 01279,1 Example Way,Nowhere,ZZ,00000,3328,2017,SYNTHETIC INDUSTRY,1,2,147,251417,2,0,0,0,0,0,0,0,0,0,0,0,0,,1/1/2025,2024
10281,SYNTHETIC SITE 01280,101280,,SYNTHETIC COMPANY 01280,1 Example Way,Nowhere,ZZ,00000,4841,2017,SYNTHETIC INDUSTRY,1,2,8,14701,2,0,0,0,0,0,0,0,0,0,0,0,0,,1/1/2025,2024
10282,SYNTHETIC SITE 01281,101281,,SYNTHETIC COMPANY 01281,1 Example Way,Nowhere,ZZ,00000,4451,2017,SYNTHETIC INDUSTRY,1,2,64,120605,2,0,0,0,0,0,0,0,0,0,0,0,0,,1/1/2025,2024
10283,SYNTHETIC SITE 01282,101282,,SYNTHETIC COMPANY 01282,1 Example Way,Nowhere,ZZ,00000,4451,2017,SYNTHETIC INDUSTRY,1,2,19,39215,2,0,0,0,0,0,0,0,0,0,0,0,0,,1/1/2025,2024
10284,SYNTHETIC SITE 01283,101283,,SYNTHETIC COMPANY 01283,1 Example Way,Nowhere,ZZ,00000,2361,2017,SYNTHETIC INDUSTRY,1,2,97,174481,1,0,0,0,1,0,0,1,0,0,0,0,0,,1/1/2025,2024
10285,SYNTHETIC SITE 01284,101284,,SYNTHETIC COMPANY 01284,1 Example Way,Nowhere,ZZ,00000,6221,2017,SYNTHETIC INDUSTRY,1,2,29,62996,2,0,0,0,0,0,0,0,0,0,0,0,0,,1/1/2025,2024
10286,SYNTHETIC SITE 01285,101285,,SYNTHETIC COMPANY 01285,1 Example Way,Nowhere,ZZ,00000,2361,2017,SYNTHETIC INDUSTRY,1,2,33,65141,1,0,1,1,1,7,4,3,0,0,0,0,0,,1/1/2025,2024
10287,SYNTHETIC SITE 01286,101286,,SYNTHETIC COMPANY 01286,1 Example Way,Nowhere,ZZ,00000,3252,2017,SYNTHETIC INDUSTRY,1,2,139,207521,2,0,0,0,0,0,0,0,0,0,0,0,0,,1/1/2025,2024
10288,SYNTHETIC SITE 01287,101287,,SYNTHETIC COMPANY 01287,1 Example Way,Nowhere,ZZ,00000,2361,2017,SYNTHETIC INDUSTRY,1,2,139,226709,2,0,0,0,0,0,0,0,0,0,0,0,0,,1/1/2025,2024
10289,SYNTHETIC SITE 01288,101288,,SYNTHETIC COMPANY 01288,1 Example Way,Nowhere,ZZ,00000,2361,2017,SYNTHETIC INDUSTRY,1,2,51,119262,2,0,0,0,0,0,0,0,0,0,0,0,0,,1/1/2025,2024
10290,SYNTHETIC SITE 01289,101289,,SYNTHETIC COMPANY 01289,1 Example Way,Nowhere,ZZ,00000,3251,2017,SYNTHETIC INDUSTRY,1,2,243,346277,1,0,2,2,2,14,8,6,0,0,0,0,0,,1/1/2025,2024
10291,SYNTHETIC SITE 01290,101290,,SYNTHETIC COMPANY 01290,1 Example Way,Nowhere,ZZ,00000,2361,2017,SYNTHETIC INDUSTRY,1,2,22,36788,1,0,1,1,0,7,4,2,0,0,0,0,0,,1/1/2025,2024
10292,SYNTHETIC SITE 01291,101291,,SYNTHETIC COMPANY 01291,1 Example Way,Nowhere,ZZ,00000,3328,2017,SYNTHETIC INDUSTRY,1,2,99,202822,1,0,3,1,0,21,4,4,0,0,0,0,0,,1/1/2025,2024
10293,SYNTHETIC SITE 01292,101292,,SYNTHETIC COMPANY 01292,1 Example Way,Nowhere,ZZ,00000,3115,2017,SYNTHETIC INDUSTRY,1,2,72,151747,2,0,0,0,0,0,0,0,0,0,0,0,0,,1/1/2025,2024
10294,SYNTHETIC SITE 01293,101293,,SYNTHETIC COMPANY 01293,1 Example Way,Nowhere,ZZ,00000,3115,2017,SYNTHETIC INDUSTRY,1,2,10,20085,2,0,0,0,0,0,0,0,0,0,0,0,0,,1/1/2025,2024
10295,SYNTHETIC SITE 01294,101294,,SYNTHETIC COMPANY 01294,1 Example Way,Nowhere,ZZ,00000,3251,2017,SYNTHETIC INDUSTRY,1,2,54,107422,2,0,0,0,0,0,0,0,0,0,0,0,0,,1/1/2025,2024
10296,SYNTHETIC SITE 01295,101295,,SYNTHETIC COMPANY 01295,1 Example Way,Nowhere,ZZ,00000,2361,2017,SYNTHETIC INDUSTRY,1,2,108,184853,2,0,0,0,0,0,0,0,0,0,0,0,0,,1/1/2025,2024
10297,SYNTHETIC SITE 01296,101296,,SYNTHETIC COMPANY 01296,1 Example Way,Nowhere,ZZ,00000,3251,2017,SYNTHETIC INDUSTRY,1,2,49,65705,1,0,0,1,1,0,4,2,0,0,0,0,0,,1/1/2025,2024
10298,SYNTHETIC SITE 01297,101297,,SYNTHETIC COMPANY 01297,1 Example Way,Nowhere,ZZ,00000,2361,2017,SYNTHETIC INDUSTRY,1,2,497,905243,1,0,1,0,2,7,0,3,0,0,0,0,0,,1/1/2025,2024
10299,SYNTHETIC SITE 01298,101298,,SYNTHETIC COMPANY 01298,1 Example Way,Nowhere,ZZ,00000,3115,2017,SYNTHETIC INDUSTRY,1,2,23,46946,2,0,0,0,0,0,0,0,0,0,0,0,0,,1/1/2025,2024
10300,SYNTHETIC SITE 01299,101299,,SYNTHETIC COMPANY 01299,1 Example Way,Nowhere,ZZ,00000,3328,2017,SYNTHETIC INDUSTRY,1,2,26,50724,2,0,0,0,0,0,0,0,0,0,0,0,0,,1/1/2025,2024
10301,SYNTHETIC SITE 01300,101300,,SYNTHETIC COMPANY 01300,1 Example Way,Nowhere,ZZ,00000,4841,2017,SYNTHETIC INDUSTRY,1,2,122,193947,1,0,4,1,4,28,4,9,0,0,0,0,0,,1/1/2025,2024
10302,SYNTHETIC SITE 01301,101301,,SYNTHETIC COMPANY 01301,1 Example Way,Nowhere,ZZ,00000,4841,2017,SYNTHETIC INDUSTRY,1,2,5,9545,2,0,0,0,0,0,0,0,0,0,0,0,0,,1/1/2025,2024
10303,SYNTHETIC SITE 01302,101302,,SYNTHETIC COMPANY 01302,1 Example Way,Nowhere,ZZ,00000,3115,2017,SYNTHETIC INDUSTRY,1,2,139,199085,1,0,0,1,0,0,4,1,0,0,0,0,0,,1/1/2025,2024
10304,SYNTHETIC SITE 01303,101303,,SYNTHETIC COMPANY 01303,1 Example Way,Nowhere,ZZ,00000,3328,2017,SYNTHETIC INDUSTRY,1,2,52,100592,1,0,0,0,1,0,0,1,0,0,0,0,0,,1/1/2025,2024
10305,SYNTHETIC SITE 01304,101304,,SYNTHETIC COMPANY 01304,1 Example Way,Nowhere,ZZ,00000,3328,2017,SYNTHETIC INDUSTRY,1,2,63,104519,1,0,0,0,1,0,0,1,0,0,0,0,0,,1/1/2025,2024
10306,SYNTHETIC SITE 01305,101305,,SYNTHETIC COMPANY 01305,1 Example Way,Nowhere,ZZ,00000,3115,2017,SYNTHETIC INDUSTRY,1,2,25,39325,2,0,0,0,0,0,0,0,0,0,0,0,0,,1/1/2025,2024
10307,SYNTHETIC SITE 01306,101306,,SYNTHETIC COMPANY 01306,1 Example Way,Nowhere,ZZ,00000,6221,2017,SYNTHETIC INDUSTRY,1,2,36,71290,1,0,0,0,1,0,0,1,0,0,0,0,0,,1/1/2025,2024
10308,SYNTHETIC SITE 01307,101307,,SYNTHETIC COMPANY 01307,1 Example Way,Nowhere,ZZ,00000,6221,2017,SYNTHETIC INDUSTRY,1,2,39,89075,2,0,0,0,0,0,0,0,0,0,0,0,0,,1/1/2025,2024
10309,SYNTHETIC SITE 01308,101308,,SYNTHETIC COMPANY 01308,1 Example Way,Nowhere,ZZ,00000,3251,2017,SYNTHETIC INDUSTRY,1,2,36,5925900,1,0,1,0,0,7,0,1,0,0,0,0,0,,1/1/2025,2024
10310,SYNTHETIC SITE 01309,101309,,SYNTHETIC COMPANY 01309,1 Example Way,Nowhere,ZZ,00000,3328,2017,SYNTHETIC INDUSTRY,1,2,53,82323,1,0,1,1,1,7,4,3,0,0,0,0,0,,1/1/2025,2024
10311,SYNTHETIC SITE 01310,101310,,SYNTHETIC COMPANY 01310,1 Example Way,Nowhere,ZZ,00000,4841,2017,SYNTHETIC INDUSTRY,1,2,140,224572,1,0,1,1,0,7,4,2,0,0,0,0,0,,1/1/2025,2024
10312,SYNTHETIC SITE 01311,101311,,SYNTHETIC COMPANY 01311,1 Example Way,Nowhere,ZZ,00000,4841,2017,SYNTHETIC INDUSTRY,1,2,54,111155,2,0,0,0,0,0,0,0,0,0,0,0,0,,1/1/2025,2024
10313,SYNTHETIC SITE 01312,101312,,SYNTHETIC COMPANY 01312,1 Example Way,Nowhere,ZZ,00000,3252,2017,SYNTHETIC INDUSTRY,1,2,142,284682,1,0,0,1,2,0,4,3,0,0,0,0,0,,1/1/2025,2024
10314,SYNTHETIC SITE 01313,101313,,SYNTHETIC COMPANY 01313,1 Example Way,Nowhere,ZZ,00000,3328,2017,SYNTHETIC INDUSTRY,1,2,7,15475,2,0,0,0,0,0,0,0,0,0,0,0,0,,1/1/2025,2024
10315,SYNTHETIC SITE 01314,101314,,SYNTHETIC COMPANY 01314,1 Example Way,Nowhere,ZZ,00000,2361,2017,SYNTHETIC INDUSTRY,1,2,49,116294,1,0,3,1,2,21,4,6,0,0,0,0,0,,1/1/2025,2024
10316,SYNTHETIC SITE 01315,101315,,SYNTHETIC COMPANY 01315,1 Example Way,Nowhere,ZZ,00000,3251,2017,SYNTHETIC INDUSTRY,1,2,72,153879,2,0,0,0,0,0,0,0,0,0,0,0,0,,1/1/2025,2024
10317,SYNTHETIC SITE 01316,101316,,SYNTHETIC COMPANY 01316,1 Example Way,Nowhere,ZZ,00000,3328,2017,SYNTHETIC INDUSTRY,1,2,24,47154,1,0,0,1,3,0,4,4,0,0,0,0,0,,1/1/2025,2024
10318,SYNTHETIC SITE 01317,101317,,SYNTHETIC COMPANY 01317,1 Example Way,Nowhere,ZZ,00000,4451,2017,SYNTHETIC INDUSTRY,1,2,12,22965,1,0,1,0,1,7,0,2,0,0,0,0,0,,1/1/2025,2024
10319,SYNTHETIC SITE 01318,101318,,SYNTHETIC COMPANY 01318,1 Example Way,Nowhere,ZZ,00000,3115,2017,SYNTHETIC INDUSTRY,1,2,94,171609,1,0,3,3,2,21,12,8,0,0,0,0,0,,1/1/2025,2024
10320,SYNTHETIC SITE 01319,101319,,SYNTHETIC COMPANY 01319,1 Example Way,Nowhere,ZZ,00000,3251,2017,SYNTHETIC INDUSTRY,1,2,190,344402,1,0,4,1,7,28,4,12,0,0,0,0,0,,1/1/2025,2024
10321,SYNTHETIC SITE 01320,101320,,SYNTHETIC COMPANY 01320,1 Example Way,Nowhere,ZZ,00000,3328,2017,SYNTHETIC INDUSTRY,1,2,757,1800886,2,0,0,0,0,0,0,0,0,0,0,0,0,,1/1/2025,2024
10322,SYNTHETIC SITE 01321,101321,,SYNTHETIC COMPANY 01321,1 Example Way,Nowhere,ZZ,00000,2361,2017,SYNTHETIC INDUSTRY,1,2,21,37903,2,0,0,0,0,0,0,0,0,0,0,0,0,,1/1/2025,2024
10323,SYNTHETIC SITE 01322,101322,,SYNTHETIC COMPANY 01322,1 Example Way,Nowhere,ZZ,00000,3252,2017,SYNTHETIC INDUSTRY,1,2,43,98300,1,0,0,0,2,0,0,2,0,0,0,0,0,,1/1/2025,2024
10324,SYNTHETIC SITE 01323,101323,,SYNTHETIC COMPANY 01323,1 Example Way,Nowhere,ZZ,00000,2361,2017,SYNTHETIC INDUSTRY,1,2,42,73289,2,0,0,0,0,0,0,0,0,0,0,0,0,,1/1/2025,2024
10325,SYNTHETIC SITE 01324,101324,,SYNTHETIC COMPANY 01324,1 Example Way,Nowhere,ZZ,00000,2361,2017,SYNTHETIC INDUSTRY,1,2,27,47998,2,0,0,0,0,0,0,0,0,0,0,0,0,,1/1/2025,2024
10326,SYNTHETIC SITE 01325,101325,,SYNTHETIC COMPANY 01325,1 Example Way,Nowhere,ZZ,00000,3251,2017,SYNTHETIC INDUSTRY,1,2,31,49980,2,0,0,0,0,0,0,0,0,0,0,0,0,,1/1/2025,2024
10327,SYNTHETIC SITE 01326,101326,,SYNTHETIC COMPANY 01326,1 Example Way,Nowhere,ZZ,00000,6221,2017,SYNTHETIC INDUSTRY,1,2,509,1094126,1,0,7,3,9,49,12,19,0,0,0,0,0,,1/1/2025,2024
10328,SYNTHETIC SITE 01327,101327,,SYNTHETIC COMPANY 01327,1 Example Way,Nowhere,ZZ,00000,3251,2017,SYNTHETIC INDUSTRY,1,2,6,11332,2,0,0,0,0,0,0,0,0,0,0,0,0,,1/1/2025,2024
10329,SYNTHETIC SITE 01328,101328,,SYNTHETIC COMPANY 01328,1 Example Way,Nowhere,ZZ,00000,4841,2017,SYNTHETIC INDUSTRY,1,2,26,46232,2,0,0,0,0,0,0,0,0,0,0,0,0,,1/1/2025,2024
10330,SYNTHETIC SITE 01329,101329,,SYNTHETIC COMPANY 01329,1 Example Way,Nowhere,ZZ,00000,3252,2017,SYNTHETIC INDUSTRY,1,2,22,43349,2,0,0,0,0,0,0,0,0,0,0,0,0,,1/1/2025,2024
10331,SYNTHETIC SITE 01330,101330,,SYNTHETIC COMPANY 01330,1 Example Way,Nowhere,ZZ,00000,6221,2017,SYNTHETIC INDUSTRY,1,2,1,2037,2,0,0,0,0,0,0,0,0,0,0,0,0,,1/1/2025,2024
10332,SYNTHETIC SITE 01331,101331,,SYNTHETIC COMPANY 01331,1 Example Way,Nowhere,ZZ,00000,4451,2017,SYNTHETIC INDUSTRY,1,2,61,99304,2,0,0,0,0,0,0,0,0,0,0,0,0,,1/1/2025,2024
10333,SYNTHETIC SITE 01332,101332,,SYNTHETIC COMPANY 01332,1 Example Way,Nowhere,ZZ,00000,3251,2017,SYNTHETIC INDUSTRY,1,2,130,213851,2,0,0,0,0,0,0,0,0,0,0,0,0,,1/1/2025,2024
10334,SYNTHETIC SITE 01333,101333,,SYNTHETIC COMPANY 01333,1 Example Way,Nowhere,ZZ,00000,4841,2017,SYNTHETIC INDUSTRY,1,2,30,63141,2,0,0,0,0,0,0,0,0,0,0,0,0,,1/1/2025,2024
10335,SYNTHETIC SITE 01334,101334,,SYNTHETIC COMPANY 01334,1 Example Way,Nowhere,ZZ,00000,3328,2017,SYNTHETIC INDUSTRY,1,2,31,61884,1,0,1,0,0,7,0,1,0,0,0,0,0,,1/1/2025,2024
10336,SYNTHETIC SITE 01335,101335,,SYNTHETIC COMPANY 01335,1 Example Way,Nowhere,ZZ,00000,3115,2017,SYNTHETIC INDUSTRY,1,2,50,82576,2,0,0,0,0,0,0,0,0,0,0,0,0,,1/1/2025,2024
10337,SYNTHETIC SITE 01336,101336,,SYNTHETIC COMPANY 01336,1 Example Way,Nowhere,ZZ,00000,3252,2017,SYNTHETIC INDUSTRY,1,2,38,65980,1,0,2,2,1,14,8,5,0,0,0,0,0,,1/1/2025,2024
10338,SYNTHETIC SITE 01337,101337,,SYNTHETIC COMPANY 01337,1 Example Way,Nowhere,ZZ,00000,3115,2017,SYNTHETIC INDUSTRY,1,2,15,30294,2,0,0,0,0,0,0,0,0,0,0,0,0,,1/1/2025,2024
10339,SYNTHETIC SITE 01338,101338,,SYNTHETIC COMPANY 01338,1 Example Way,Nowhere,ZZ,00000,2361,2017,SYNTHETIC INDUSTRY,1,2,219,418764,1,0,2,5,3,14,20,10,0,0,0,0,0,,1/1/2025,2024
10340,SYNTHETIC SITE 01339,101339,,SYNTHETIC COMPANY 01339,1 Example Way,Nowhere,ZZ,00000,4841,2017,SYNTHETIC INDUSTRY,1,2,22,42948,2,0,0,0,0,0,0,0,0,0,0,0,0,,1/1/2025,2024
10341,SYNTHETIC SITE 01340,101340,,SYNTHETIC COMPANY 01340,1 Example Way,Nowhere,ZZ,00000,4841,2017,SYNTHETIC INDUSTRY,1,2,16,28524,2,0,0,0,0,0,0,0,0,0,0,0,0,,1/1/2025,2024
10342,SYNTHETIC SITE 01341,101341,,SYNTHETIC COMPANY 01341,1 Example Way,Nowhere,ZZ,00000,2361,2017,SYNTHETIC INDUSTRY,1,2,267,443443,1,0,4,2,3,28,8,9,0,0,0,0,0,,1/1/2025,2024
10343,SYNTHETIC SITE 01342,101342,,SYNTHETIC COMPANY 01342,1 Example Way,Nowhere,ZZ,00000,3252,2017,SYNTHETIC INDUSTRY,1,2,382,781612,2,0,0,0,0,0,0,0,0,0,0,0,0,,1/1/2025,2024
10344,SYNTHETIC SITE 01343,101343,,SYNTHETIC COMPANY 01343,1 Example Way,Nowhere,ZZ,00000,4841,2017,SYNTHETIC INDUSTRY,1,2,55,97911,1,0,2,1,0,14,4,3,0,0,0,0,0,,1/1/2025,2024
10345,SYNTHETIC SITE 01344,101344,,SYNTHETIC COMPANY 01344,1 Example Way,Nowhere,ZZ,00000,3251,2017,SYNTHETIC INDUSTRY,1,2,96,173447,1,0,3,2,2,21,8,7,0,0,0,0,0,,1/1/2025,2024
10346,SYNTHETIC SITE 01345,101345,,SYNTHETIC COMPANY 01345,1 Example Way,Nowhere,ZZ,00000,3328,2017,SYNTHETIC INDUSTRY,1,2,24,33072,2,0,0,0,0,0,0,0,0,0,0,0,0,,1/1/2025,2024
10347,SYNTHETIC SITE 01346,101346,,SYNTHETIC COMPANY 01346,1 Example Way,Nowhere,ZZ,00000,2361,2017,SYNTHETIC INDUSTRY,1,2,141,251726,2,0,0,0,0,0,0,0,0,0,0,0,0,,1/1/2025,2024
10348,SYNTHETIC SITE 01347,101347,,SYNTHETIC COMPANY 01347,1 Example Way,Nowhere,ZZ,00000,4451,2017,SYNTHETIC INDUSTRY,1,2,76,116122,1,0,2,0,0,14,0,2,0,0,0,0,0,,1/1/2025,2024
10349,SYNTHETIC SITE 01348,101348,,SYNTHETIC COMPANY 01348,1 Example Way,Nowhere,ZZ,00000,3251,2017,SYNTHETIC INDUSTRY,1,2,302,508677,2,0,0,0,0,0,0,0,0,0,0,0,0,,1/1/2025,2024
10350,SYNTHETIC SITE 01349,101349,,SYNTHETIC COMPANY 01349,1 Example Way,Nowhere,ZZ,00000,6221,2017,SYNTHETIC INDUSTRY,1,2,29,51067,1,0,1,0,0,7,0,1,0,0,0,0,0,,1/1/2025,2024
10351,SYNTHETIC SITE 01350,101350,,SYNTHETIC COMPANY 01350,1 Example Way,Nowhere,ZZ,00000,3252,2017,SYNTHETIC INDUSTRY,1,2,49,114446,1,0,1,0,0,7,0,1,0,0,0,0,0,,1/1/2025,2024
10352,SYNTHETIC SITE 01351,101351,,SYNTHETIC COMPANY 01351,1 Example Way,Nowhere,ZZ,00000,3252,2017,SYNTHETIC INDUSTRY,1,2,63,139800,2,0,0,0,0,0,0,0,0,0,0,0,0,,1/1/2025,2024
10353,SYNTHETIC SITE 01352,101352,,SYNTHETIC COMPANY 01352,1 Example Way,Nowhere,ZZ,00000,4451,2017,SYNTHETIC INDUSTRY,1,2,99,188355,2,0,0,0,0,0,0,0,0,0,0,0,0,,1/1/2025,2024
10354,SYNTHETIC SITE 01353,101353,,SYNTHETIC COMPANY 01353,1 Example Way,Nowhere,ZZ,00000,3252,2017,SYNTHETIC INDUSTRY,1,2,18,28982,2,0,0,0,0,0,0,0,0,0,0,0,0,,1/1/2025,2024
10355,SYNTHETIC SITE 01354,101354,,SYNTHETIC COMPANY 01354,1 Example Way,Nowhere,ZZ,00000,3115,2017,SYNTHETIC INDUSTRY,1,2,119,211417,1,0,2,1,0,14,4,3,0,0,0,0,0,,1/1/2025,2024
10356,SYNTHETIC SITE 01355,101355,,SYNTHETIC COMPANY 01355,1 Example Way,Nowhere,ZZ,00000,4841,2017,SYNTHETIC INDUSTRY,1,2,167,350135,1,0,1,1,2,7,4,4,0,0,0,0,0,,1/1/2025,2024
10357,SYNTHETIC SITE 01356,101356,,SYNTHETIC COMPANY 01356,1 Example Way,Nowhere,ZZ,00000,3115,2017,SYNTHETIC INDUSTRY,1,2,23,35658,2,0,0,0,0,0,0,0,0,0,0,0,0,,1/1/2025,2024
10358,SYNTHETIC SITE 01357,101357,,SYNTHETIC COMPANY 01357,1 Example Way,Nowhere,ZZ,00000,3328,2017,SYNTHETIC INDUSTRY,1,2,216,34409000,1,0,0,0,2,0,0,2,0,0,0,0,0,,1/1/2025,2024
10359,SYNTHETIC SITE 01358,101358,,SYNTHETIC COMPANY 01358,1 Example Way,Nowhere,ZZ,00000,3115,2017,SYNTHETIC INDUSTRY,1,2,83,160021,1,0,2,3,4,14,12,9,0,0,0,0,0,,1/1/2025,2024
10360,SYNTHETIC SITE 01359,101359,,SYNTHETIC COMPANY 01359,1 Example Way,Nowhere,ZZ,00000,4451,2017,SYNTHETIC INDUSTRY,1,2,78,154193,2,0,0,0,0,0,0,0,0,0,0,0,0,,1/1/2025,2024
10361,SYNTHETIC SITE 01360,101360,,SYNTHETIC COMPANY 01360,1 Example Way,Nowhere,ZZ,00000,4451,2017,SYNTHETIC INDUSTRY,1,2,5,7774,2,0,0,0,0,0,0,0,0,0,0,0,0,,1/1/2025,2024
10362,SYNTHETIC SITE 01361,101361,,SYNTHETIC COMPANY 01361,1 Example Way,Nowhere,ZZ,00000,3251,2017,SYNTHETIC INDUSTRY,1,2,11,22815,2,0,0,0,0,0,0,0,0,0,0,0,0,,1/1/2025,2024
10363,SYNTHETIC SITE 01362,101362,,SYNTHETIC COMPANY 01362,1 Example Way,Nowhere,ZZ,00000,2361,2017,SYNTHETIC INDUSTRY,1,2,58,97820,2,0,0,0,0,0,0,0,0,0,0,0,0,,1/1/2025,2024
10364,SYNTHETIC SITE 01363,101363,,SYNTHETIC COMPANY 01363,1 Example Way,Nowhere,ZZ,00000,6221,2017,SYNTHETIC INDUSTRY,1,2,15,22222,2,0,0,0,0,0,0,0,0,0,0,0,0,,1/1/2025,2024
10365,SYNTHETIC SITE 01364,101364,,SYNTHETIC COMPANY 01364,1 Example Way,Nowhere,ZZ,00000,3252,2017,SYNTHETIC INDUSTRY,1,2,12,25636,2,0,0,0,0,0,0,0,0,0,0,0,0,,1/1/2025,2024
10366,SYNTHETIC SITE 01365,101365,,SYNTHETIC COMPANY 01365,1 Example Way,Nowhere,ZZ,00000,6221,2017,SYNTHETIC INDUSTRY,1,2,63,129674,1,0,0,4,1,0,16,5,0,0,0,0,0,,1/1/2025,2024
10367,SYNTHETIC SITE 01366,101366,,SYNTHETIC COMPANY 01366,1 Example Way,Nowhere,ZZ,00000,6221,2017,SYNTHETIC INDUSTRY,1,2,6,10612,2,0,0,0,0,0,0,0,0,0,0,0,0,,1/1/2025,2024
10368,SYNTHETIC SITE 01367,101367,,SYNTHETIC COMPANY 01367,1 Example Way,Nowhere,ZZ,00000,4841,2017,SYNTHETIC INDUSTRY,1,2,31,56857,2,0,0,0,0,0,0,0,0,0,0,0,0,,1/1/2025,2024
10369,SYNTHETIC SITE 01368,101368,,SYNTHETIC COMPANY 01368,1 Example Way,Nowhere,ZZ,00000,3115,2017,SYNTHETIC INDUSTRY,1,2,87,156352,2,0,0,0,0,0,0,0,0,0,0,0,0,,1/1/2025,2024
10370,SYNTHETIC SITE 01369,101369,,SYNTHETIC COMPANY 01369,1 Example Way,Nowhere,ZZ,00000,2361,2017,SYNTHETIC INDUSTRY,1,2,10,21457,2,0,0,0,0,0,0,0,0,0,0,0,0,,1/1/2025,2024
10371,SYNTHETIC SITE 01370,101370,,SYNTHETIC COMPANY 01370,1 Example Way,Nowhere,ZZ,00000,2361,2017,SYNTHETIC INDUSTRY,1,2,76,147136,1,0,0,0,1,0,0,1,0,0,0,0,0,,1/1/2025,2024
10372,SYNTHETIC SITE 01371,101371,,SYNTHETIC COMPANY 01371,1 Example Way,Nowhere,ZZ,00000,6221,2017,SYNTHETIC INDUSTRY,1,2,607,1055849,1,0,4,3,4,28,12,11,0,0,0,0,0,,1/1/2025,2024
10373,SYNTHETIC SITE 01372,101372,,SYNTHETIC COMPANY 01372,1 Example Way,Nowhere,ZZ,00000,4451,2017,SYNTHETIC INDUSTRY,1,2,29,60095,1,0,1,0,3,7,0,4,0,0,0,0,0,,1/1/2025,2024
10374,SYNTHETIC SITE 01373,101373,,SYNTHETIC COMPANY 01373,1 Example Way,Nowhere,ZZ,00000,3251,2017,SYNTHETIC INDUSTRY,1,2,191,466997,1,0,8,8,6,56,32,22,0,0,0,0,0,,1/1/2025,2024
10375,SYNTHETIC SITE 01374,101374,,SYNTHETIC COMPANY 01374,1 Example Way,Nowhere,ZZ,00000,2361,2017,SYNTHETIC INDUSTRY,1,2,24,47400,2,0,0,0,0,0,0,0,0,0,0,0,0,,1/1/2025,2024
10376,SYNTHETIC SITE 01375,101375,,SYNTHETIC COMPANY 01375,1 Example Way,Nowhere,ZZ,00000,3115,2017,SYNTHETIC INDUSTRY,1,2,16,21887,2,0,0,0,0,0,0,0,0,0,0,0,0,,1/1/2025,2024
10377,SYNTHETIC SITE 01376,101376,,SYNTHETIC COMPANY 01376,1 Example Way,Nowhere,ZZ,00000,6221,2017,SYNTHETIC INDUSTRY,1,2,149,251948,2,0,0,0,0,0,0,0,0,0,0,0,0,,1/1/2025,2024
10378,SYNTHETIC SITE 01377,101377,,SYNTHETIC COMPANY 01377,1 Example Way,Nowhere,ZZ,00000,6221,2017,SYNTHETIC INDUSTRY,1,2,10,16556,2,0,0,0,0,0,0,0,0,0,0,0,0,,1/1/2025,2024
10379,SYNTHETIC SITE 01378,101378,,SYNTHETIC COMPANY 01378,1 Example Way,Nowhere,ZZ,00000,3328,2017,SYNTHETIC INDUSTRY,1,2,29,71653,2,0,0,0,0,0,0,0,0,0,0,0,0,,1/1/2025,2024
10380,SYNTHETIC SITE 01379,101379,,SYNTHETIC COMPANY 01379,1 Example Way,Nowhere,ZZ,00000,3251,2017,SYNTHETIC INDUSTRY,1,2,232,482136,1,0,8,3,5,56,12,16,0,0,0,0,0,,1/1/2025,2024
10381,SYNTHETIC SITE 01380,101380,,SYNTHETIC COMPANY 01380,1 Example Way,Nowhere,ZZ,00000,3251,2017,SYNTHETIC INDUSTRY,1,2,9,17712,2,0,0,0,0,0,0,0,0,0,0,0,0,,1/1/2025,2024
10382,SYNTHETIC SITE 01381,101381,,SYNTHETIC COMPANY 01381,1 Example Way,Nowhere,ZZ,00000,6221,2017,SYNTHETIC INDUSTRY,1,2,681,1258174,1,0,18,12,24,126,48,54,0,0,0,0,0,,1/1/2025,2024
10383,SYNTHETIC SITE 01382,101382,,SYNTHETIC COMPANY 01382,1 Example Way,Nowhere,ZZ,00000,4451,2017,SYNTHETIC INDUSTRY,1,2,26,47149,2,0,0,0,0,0,0,0,0,0,0,0,0,,1/1/2025,2024
10384,SYNTHETIC SITE 01383,101383,,SYNTHETIC COMPANY 01383,1 Example Way,Nowhere,ZZ,00000,6221,2017,SYNTHETIC INDUSTRY,1,2,96,191497,1,0,2,5,0,14,20,7,0,0,0,0,0,,1/1/2025,2024
10385,SYNTHETIC SITE 01384,101384,,SYNTHETIC COMPANY 01384,1 Example Way,Nowhere,ZZ,00000,3115,2017,SYNTHETIC INDUSTRY,1,2,1299,2694782,1,0,12,13,12,84,52,37,0,0,0,0,0,,1/1/2025,2024
10386,SYNTHETIC SITE 01385,101385,,SYNTHETIC COMPANY 01385,1 Example Way,Nowhere,ZZ,00000,4841,2017,SYNTHETIC INDUSTRY,1,2,39,57091,2,0,0,0,0,0,0,0,0,0,0,0,0,,1/1/2025,2024
10387,SYNTHETIC SITE 01386,101386,,SYNTHETIC COMPANY 01386,1 Example Way,Nowhere,ZZ,00000,3328,2017,SYNTHETIC INDUSTRY,1,2,89,183862,1,0,4,1,0,28,4,5,0,0,0,0,0,,1/1/2025,2024
10388,SYNTHETIC SITE 01387,101387,,SYNTHETIC COMPANY 01387,1 Example Way,Nowhere,ZZ,00000,6221,2017,SYNTHETIC INDUSTRY,1,2,24,43915,2,0,0,0,0,0,0,0,0,0,0,0,0,,1/1/2025,2024
10389,SYNTHETIC SITE 01388,101388,,SYNTHETIC COMPANY 01388,1 Example Way,Nowhere,ZZ,00000,3252,2017,SYNTHETIC INDUSTRY,1,2,2,3615,2,0,0,0,0,0,0,0,0,0,0,0,0,,1/1/2025,2024
10390,SYNTHETIC SITE 01389,101389,,SYNTHETIC COMPANY 01389,1 Example Way,Nowhere,ZZ,00000,3252,2017,SYNTHETIC INDUSTRY,1,2,71,129356,1,0,0,1,1,0,4,2,0,0,0,0,0,,1/1/2025,2024
10391,SYNTHETIC SITE 01390,101390,,SYNTHETIC COMPANY 01390,1 Example Way,Nowhere,ZZ,00000,4841,2017,SYNTHETIC INDUSTRY,1,2,166,29341600,2,0,0,0,0,0,0,0,0,0,0,0,0,,1/1/2025,2024
10392,SYNTHETIC SITE 01391,101391,,SYNTHETIC COMPANY 01391,1 Example Way,Nowhere,ZZ,00000,3115,2017,SYNTHETIC INDUSTRY,1,2,24,39631,2,0,0,0,0,0,0,0,0,0,0,0,0,,1/1/2025,2024
10393,SYNTHETIC SITE 01392,101392,,SYNTHETIC COMPANY 01392,1 Example Way,Nowhere,ZZ,00000,3115,2017,SYNTHETIC INDUSTRY,1,2,33,60795,1,0,0,0,1,0,0,1,0,0,0,0,0,,1/1/2025,2024
10394,SYNTHETIC SITE 01393,101393,,SYNTHETIC COMPANY 01393,1 Example Way,Nowhere,ZZ,00000,6221,2017,SYNTHETIC INDUSTRY,1,2,92,176170,2,0,0,0,0,0,0,0,0,0,0,0,0,,1/1/2025,2024
10395,SYNTHETIC SITE 01394,101394,,SYNTHETIC COMPANY 01394,1 Example Way,Nowhere,ZZ,00000,3115,2017,SYNTHETIC INDUSTRY,1,2,227,343891,1,0,0,0,1,0,0,1,0,0,0,0,0,,1/1/2025,2024
10396,SYNTHETIC SITE 01395,101395,,SYNTHETIC COMPANY 01395,1 Example Way,Nowhere,ZZ,00000,6221,2017,SYNTHETIC INDUSTRY,1,2,22,39725,2,0,0,0,0,0,0,0,0,0,0,0,0,,1/1/2025,2024
10397,SYNTHETIC SITE 01396,101396,,SYNTHETIC COMPANY 01396,1 Example Way,Nowhere,ZZ,00000,3115,2017,SYNTHETIC INDUSTRY,1,2,54,111959,2,0,0,0,0,0,0,0,0,0,0,0,0,,1/1/2025,2024
10398,SYNTHETIC SITE 01397,101397,,SYNTHETIC COMPANY 01397,1 Example Way,Nowhere,ZZ,00000,3115,2017,SYNTHETIC INDUSTRY,1,2,19,32527,2,0,0,0,0,0,0,0,0,0,0,0,0,,1/1/2025,2024
10399,SYNTHETIC SITE 01398,101398,,SYNTHETIC COMPANY 01398,1 Example Way,Nowhere,ZZ,00000,3328,2017,SYNTHETIC INDUSTRY,1,2,32,53060,2,0,0,0,0,0,0,0,0,0,0,0,0,,1/1/2025,2024
10400,SYNTHETIC SITE 01399,101399,,SYNTHETIC COMPANY 01399,1 Example Way,Nowhere,ZZ,00000,4841,2017,SYNTHETIC INDUSTRY,1,2,464,739253,2,0,0,0,0,0,0,0,0,0,0,0,0,,1/1/2025,2024
10401,SYNTHETIC SITE 01400,101400,,SYNTHETIC COMPANY 01400,1 Example Way,Nowhere,ZZ,00000,4841,2017,SYNTHETIC INDUSTRY,1,2,154,270149,1,0,2,1,5,14,4,8,0,0,0,0,0,,1/1/2025,2024
10402,SYNTHETIC SITE 01401,101401,,SYNTHETIC COMPANY 01401,1 Example Way,Nowhere,ZZ,00000,3252,2017,SYNTHETIC INDUSTRY,1,2,7,13545,2,0,0,0,0,0,0,0,0,0,0,0,0,,1/1/2025,2024
10403,SYNTHETIC SITE 01402,101402,,SYNTHETIC COMPANY 01402,1 Example Way,Nowhere,ZZ,00000,3252,2017,SYNTHETIC INDUSTRY,1,2,89,145746,1,0,1,1,2,7,4,4,0,0,0,0,0,,1/1/2025,2024
10404,SYNTHETIC SITE 01403,101403,,SYNTHETIC COMPANY 01403,1 Example Way,Nowhere,ZZ,00000,3328,2017,SYNTHETIC INDUSTRY,1,2,40,78293,2,0,0,0,0,0,0,0,0,0,0,0,0,,1/1/2025,2024
10405,SYNTHETIC SITE 01404,101404,,SYNTHETIC COMPANY 01404,1 Example Way,Nowhere,ZZ,00000,3328,2017,SYNTHETIC INDUSTRY,1,2,44,90784,2,0,0,0,0,0,0,0,0,0,0,0,0,,1/1/2025,2024
10406,SYNTHETIC SITE 01405,101405,,SYNTHETIC COMPANY 01405,1 Example Way,Nowhere,ZZ,00000,3252,2017,SYNTHETIC INDUSTRY,1,2,23,40700,1,0,1,0,0,7,0,1,0,0,0,0,0,,1/1/2025,2024
10407,SYNTHETIC SITE 01406,101406,,SYNTHETIC COMPANY 01406,1 Example Way,Nowhere,ZZ,00000,3328,2017,SYNTHETIC INDUSTRY,1,2,226,335830,1,0,6,6,15,42,24,27,0,0,0,0,0,,1/1/2025,2024
10408,SYNTHETIC SITE 01407,101407,,SYNTHETIC COMPANY 01407,1 Example Way,Nowhere,ZZ,00000,3328,2017,SYNTHETIC INDUSTRY,1,2,66,105662,1,0,0,1,0,0,4,1,0,0,0,0,0,,1/1/2025,2024
10409,SYNTHETIC SITE 01408,101408,,SYNTHETIC COMPANY 01408,1 Example Way,Nowhere,ZZ,00000,3328,2017,SYNTHETIC INDUSTRY,1,2,172,365616,2,0,0,0,0,0,0,0,0,0,0,0,0,,1/1/2025,2024
10410,SYNTHETIC SITE 01409,101409,,SYNTHETIC COMPANY 01409,1 Example Way,Nowhere,ZZ,00000,3252,2017,SYNTHETIC INDUSTRY,1,2,48,93729,2,0,0,0,0,0,0,0,0,0,0,0,0,,1/1/2025,2024
10411,SYNTHETIC SITE 01410,101410,,SYNTHETIC COMPANY 01410,1 Example Way,Nowhere,ZZ,00000,3251,2017,SYNTHETIC INDUSTRY,1,2,77,133129,1,0,1,0,1,7,0,2,0,0,0,0,0,,1/1/2025,2024
10412,SYNTHETIC SITE 01411,101411,,SYNTHETIC COMPANY 01411,1 Example Way,Nowhere,ZZ,00000,3115,2017,SYNTHETIC INDUSTRY,1,2,521,867177,2,0,0,0,0,0,0,0,0,0,0,0,0,,1/1/2025,2024
10413,SYNTHETIC SITE 01412,101412,,SYNTHETIC COMPANY 01412,1 Example Way,Nowhere,ZZ,00000,4451,2017,SYNTHETIC INDUSTRY,1,2,23,37969,2,0,0,0,0,0,0,0,0,0,0,0,0,,1/1/2025,2024
10414,SYNTHETIC SITE 01413,101413,,SYNTHETIC COMPANY 01413,1 Example Way,Nowhere,ZZ,00000,6221,2017,SYNTHETIC INDUSTRY,1,2,26,53669,1,0,0,1,0,0,4,1,0,0,0,0,0,,1/1/2025,2024
10415,SYNTHETIC SITE 01414,101414,,SYNTHETIC COMPANY 01414,1 Example Way,Nowhere,ZZ,00000,3252,2017,SYNTHETIC INDUSTRY,1,2,106,183292,1,0,0,2,3,0,8,5,0,0,0,0,0,,1/1/2025,2024
10416,SYNTHETIC SITE 01415,101415,,SYNTHETIC COMPANY 01415,1 Example Way,Nowhere,ZZ,00000,3328,2017,SYNTHETIC INDUSTRY,1,2,8,14693,2,0,0,0,0,0,0,0,0,0,0,0,0,,1/1/2025,2024
10417,SYNTHETIC SITE 01416,101416,,SYNTHETIC COMPANY 01416,1 Example Way,Nowhere,ZZ,00000,4451,2017,SYNTHETIC INDUSTRY,1,2,37,71040,1,0,0,0,1,0,0,1,0,0,0,0,0,,1/1/2025,2024
10418,SYNTHETIC SITE 01417,101417,,SYNTHETIC COMPANY 01417,1 Example Way,Nowhere,ZZ,00000,3115,2017,SYNTHETIC INDUSTRY,1,2,10,15122,2,0,0,0,0,0,0,0,0,0,0,0,0,,1/1/2025,2024
10419,SYNTHETIC SITE 01418,101418,,SYNTHETIC COMPANY 01418,1 Example Way,Nowhere,ZZ,00000,3328,2017,SYNTHETIC INDUSTRY,1,2,169,266321,1,0,0,1,1,0,4,2,0,0,0,0,0,,1/1/2025,2024
10420,SYNTHETIC SITE 01419,101419,,SYNTHETIC COMPANY 01419,1 Example Way,Nowhere,ZZ,00000,6221,2017,SYNTHETIC INDUSTRY,1,2,120,177255,1,0,1,0,2,7,0,3,0,0,0,0,0,,1/1/2025,2024
10421,SYNTHETIC SITE 01420,101420,,SYNTHETIC COMPANY 01420,1 Example Way,Nowhere,ZZ,00000,4451,2017,SYNTHETIC INDUSTRY,1,2,18,27872,2,0,0,0,0,0,0,0,0,0,0,0,0,,1/1/2025,2024
10422,SYNTHETIC SITE 01421,101421,,SYNTHETIC COMPANY 01421,1 Example Way,Nowhere,ZZ,00000,3252,2017,SYNTHETIC INDUSTRY,1,2,7,8698,2,0,0,0,0,0,0,0,0,0,0,0,0,,1/1/2025,2024
10423,SYNTHETIC SITE 01422,101422,,SYNTHETIC COMPANY 01422,1 Example Way,Nowhere,ZZ,00000,4841,2017,SYNTHETIC INDUSTRY,1,2,65,149738,1,0,1,0,1,7,0,2,0,0,0,0,0,,1/1/2025,2024
10424,SYNTHETIC SITE 01423,101423,,SYNTHETIC COMPANY 01423,1 Example Way,Nowhere,ZZ,00000,4841,2017,SYNTHETIC INDUSTRY,1,2,93,169803,1,0,0,1,0,0,4,1,0,0,0,0,0,,1/1/2025,2024
10425,SYNTHETIC SITE 01424,101424,,SYNTHETIC COMPANY 01424,1 Example Way,Nowhere,ZZ,00000,2361,2017,SYNTHETIC INDUSTRY,1,2,97,194904,1,0,8,3,10,56,12,21,0,0,0,0,0,,1/1/2025,2024
10426,SYNTHETIC SITE 01425,101425,,SYNTHETIC COMPANY 01425,1 Example Way,Nowhere,ZZ,00000,3251,2017,SYNTHETIC INDUSTRY,1,2,63,119453,1,0,1,0,0,7,0,1,0,0,0,0,0,,1/1/2025,2024
10427,SYNTHETIC SITE 01426,101426,,SYNTHETIC COMPANY 01426,1 Example Way,Nowhere,ZZ,00000,3115,2017,SYNTHETIC INDUSTRY,1,2,42,57720,2,0,0,0,0,0,0,0,0,0,0,0,0,,1/1/2025,2024
10428,SYNTHETIC SITE 01427,101427,,SYNTHETIC COMPANY 01427,1 Example Way,Nowhere,ZZ,00000,3251,2017,SYNTHETIC INDUSTRY,1,2,88,162578,1,0,1,0,2,7,0,3,0,0,0,0,0,,1/1/2025,2024
10429,SYNTHETIC SITE 01428,101428,,SYNTHETIC COMPANY 01428,1 Example Way,Nowhere,ZZ,00000,6221,2017,SYNTHETIC INDUSTRY,1,2,62,107480,1,0,2,1,1,14,4,4,0,0,0,0,0,,1/1/2025,2024
10430,SYNTHETIC SITE 01429,101429,,SYNTHETIC COMPANY 01429,1 Example Way,Nowhere,ZZ,00000,2361,2017,SYNTHETIC INDUSTRY,1,2,46,87072,2,0,0,0,0,0,0,0,0,0,0,0,0,,1/1/2025,2024
10431,SYNTHETIC SITE 01430,101430,,SYNTHETIC COMPANY 01430,1 Example Way,Nowhere,ZZ,00000,3251,2017,SYNTHETIC INDUSTRY,1,2,23,50243,1,0,2,0,1,14,0,3,0,0,0,0,0,,1/1/2025,2024
10432,SYNTHETIC SITE 01431,101431,,SYNTHETIC COMPANY 01431,1 Example Way,Nowhere,ZZ,00000,3251,2017,SYNTHETIC INDUSTRY,1,2,26,50538,2,0,0,0,0,0,0,0,0,0,0,0,0,,1/1/2025,2024
10433,SYNTHETIC SITE 01432,101432,,SYNTHETIC COMPANY 01432,1 Example Way,Nowhere,ZZ,00000,4841,2017,SYNTHETIC INDUSTRY,1,2,85,140335,2,0,0,0,0,0,0,0,0,0,0,0,0,,1/1/2025,2024
10434,SYNTHETIC SITE 01433,101433,,SYNTHETIC COMPANY 01433,1 Example Way,Nowhere,ZZ,00000,6221,2017,SYNTHETIC INDUSTRY,1,2,43,96727,2,0,0,0,0,0,0,0,0,0,0,0,0,,1/1/2025,2024
10435,SYNTHETIC SITE 01434,101434,,SYNTHETIC COMPANY 01434,1 Example Way,Nowhere,ZZ,00000,3251,2017,SYNTHETIC INDUSTRY,1,2,45,90084,2,0,0,0,0,0,0,0,0,0,0,0,0,,1/1/2025,2024
10436,SYNTHETIC SITE 01435,101435,,SYNTHETIC COMPANY 01435,1 Example Way,Nowhere,ZZ,00000,4451,2017,SYNTHETIC INDUSTRY,1,2,168,347089,2,0,0,0,0,0,0,0,0,0,0,0,0,,1/1/2025,2024
10437,SYNTHETIC SITE 01436,101436,,SYNTHETIC COMPANY 01436,1 Example Way,Nowhere,ZZ,00000,3328,2017,SYNTHETIC INDUSTRY,1,2,77,149734,2,0,0,0,0,0,0,0,0,0,0,0,0,,1/1/2025,2024
10438,SYNTHETIC SITE 01437,101437,,SYNTHETIC COMPANY 01437,1 Example Way,Nowhere,ZZ,00000,3115,2017,SYNTHETIC INDUSTRY,1,2,65,10835400,2,0,0,0,0,0,0,0,0,0,0,0,0,,1/1/2025,2024
10439,SYNTHETIC SITE 01438,101438,,SYNTHETIC COMPANY 01438,1 Example Way,Nowhere,ZZ,00000,4451,2017,SYNTHETIC INDUSTRY,1,2,27,59984,2,0,0,0,0,0,0,0,0,0,0,0,0,,1/1/2025,2024
10440,SYNTHETIC SITE 01439,101439,,SYNTHETIC COMPANY 01439,1 Example Way,Nowhere,ZZ,00000,3115,2017,SYNTHETIC INDUSTRY,1,2,16,23805,2,0,0,0,0,0,0,0,0,0,0,0,0,,1/1/2025,2024
10441,SYNTHETIC SITE 01440,101440,,SYNTHETIC COMPANY 01440,1 Example Way,Nowhere,ZZ,00000,3115,2017,SYNTHETIC INDUSTRY,1,2,61,104739,1,0,0,0,1,0,0,1,0,0,0,0,0,,1/1/2025,2024
10442,SYNTHETIC SITE 01441,101441,,SYNTHETIC COMPANY 01441,1 Example Way,Nowhere,ZZ,00000,3115,2017,SYNTHETIC INDUSTRY,1,2,259,420085,1,0,9,3,1,63,12,13,0,0,0,0,0,,1/1/2025,2024
10443,SYNTHETIC SITE 01442,101442,,SYNTHETIC COMPANY 01442,1 Example Way,Nowhere,ZZ,00000,6221,2017,SYNTHETIC INDUSTRY,1,2,363,726019,1,0,1,0,0,7,0,1,0,0,0,0,0,,1/1/2025,2024
10444,SYNTHETIC SITE 01443,101443,,SYNTHETIC COMPANY 01443,1 Example Way,Nowhere,ZZ,00000,4841,2017,SYNTHETIC INDUSTRY,1,2,41,73462,1,0,0,1,0,0,4,1,0,0,0,0,0,,1/1/2025,2024
10445,SYNTHETIC SITE 01444,101444,,SYNTHETIC COMPANY 01444,1 Example Way,Nowhere,ZZ,00000,3251,2017,SYNTHETIC INDUSTRY,1,2,436,889586,1,0,13,11,16,91,44,40,0,0,0,0,0,,1/1/2025,2024
10446,SYNTHETIC SITE 01445,101445,,SYNTHETIC COMPANY 01445,1 Example Way,Nowhere,ZZ,00000,3115,2017,SYNTHETIC INDUSTRY,1,2,97,176152,1,0,0,3,1,0,12,4,0,0,0,0,0,,1/1/2025,2024
10447,SYNTHETIC SITE 01446,101446,,SYNTHETIC COMPANY 01446,1 Example Way,Nowhere,ZZ,00000,4451,2017,SYNTHETIC INDUSTRY,1,2,21,36309,1,0,1,0,0,7,0,1,0,0,0,0,0,,1/1/2025,2024
10448,SYNTHETIC SITE 01447,101447,,SYNTHETIC COMPANY 01447,1 Example Way,Nowhere,ZZ,00000,4841,2017,SYNTHETIC INDUSTRY,1,2,72,165301,1,0,3,0,1,21,0,4,0,0,0,0,0,,1/1/2025,2024
10449,SYNTHETIC SITE 01448,101448,,SYNTHETIC COMPANY 01448,1 Example Way,Nowhere,ZZ,00000,2361,2017,SYNTHETIC INDUSTRY,1,2,40,74890,2,0,0,0,0,0,0,0,0,0,0,0,0,,1/1/2025,2024
10450,SYNTHETIC SITE 01449,101449,,SYNTHETIC COMPANY 01449,1 Example Way,Nowhere,ZZ,00000,6221,2017,SYNTHETIC INDUSTRY,1,2,3,6354,2,0,0,0,0,0,0,0,0,0,0,0,0,,1/1/2025,2024
10451,SYNTHETIC SITE 01450,101450,,SYNTHETIC COMPANY 01450,1 Example Way,Nowhere,ZZ,00000,2361,2017,SYNTHETIC INDUSTRY,1,2,108,209251,1,0,1,2,1,7,8,4,0,0,0,0,0,,1/1/2025,2024
10452,SYNTHETIC SITE 01451,101451,,SYNTHETIC COMPANY 01451,1 Example Way,Nowhere,ZZ,00000,4841,2017,SYNTHETIC INDUSTRY,1,2,60,121237,1,0,1,0,1,7,0,2,0,0,0,0,0,,1/1/2025,2024
10453,SYNTHETIC SITE 01452,101452,,SYNTHETIC COMPANY 01452,1 Example Way,Nowhere,ZZ,00000,3115,2017,SYNTHETIC INDUSTRY,1,2,9,15915,2,0,0,0,0,0,0,0,0,0,0,0,0,,1/1/2025,2024
10454,SYNTHETIC SITE 01453,101453,,SYNTHETIC COMPANY 01453,1 Example Way,Nowhere,ZZ,00000,3328,2017,SYNTHETIC INDUSTRY,1,2,23,42234,1,0,1,0,0,7,0,1,0,0,0,0,0,,1/1/2025,2024
10455,SYNTHETIC SITE 01454,101454,,SYNTHETIC COMPANY 01454,1 Example Way,Nowhere,ZZ,00000,4451,2017,SYNTHETIC INDUSTRY,1,2,163,373623,2,0,0,0,0,0,0,0,0,0,0,0,0,,1/1/2025,2024
10456,SYNTHETIC SITE 01455,101455,,SYNTHETIC COMPANY 01455,1 Example Way,Nowhere,ZZ,00000,3115,2017,SYNTHETIC INDUSTRY,1,2,157,269319,1,0,5,4,3,35,16,12,0,0,0,0,0,,1/1/2025,2024
10457,SYNTHETIC SITE 01456,101456,,SYNTHETIC COMPANY 01456,1 Example Way,Nowhere,ZZ,00000,4451,2017,SYNTHETIC INDUSTRY,1,2,3,4546,2,0,0,0,0,0,0,0,0,0,0,0,0,,1/1/2025,2024
10458,SYNTHETIC SITE 01457,101457,,SYNTHETIC COMPANY 01457,1 Example Way,Nowhere,ZZ,00000,4451,2017,SYNTHETIC INDUSTRY,1,2,39,50134,2,0,0,0,0,0,0,0,0,0,0,0,0,,1/1/2025,2024
10459,SYNTHETIC SITE 01458,101458,,SYNTHETIC COMPANY 01458,1 Example Way,Nowhere,ZZ,00000,4841,2017,SYNTHETIC INDUSTRY,1,2,50,90992,1,0,1,0,2,7,0,3,0,0,0,0,0,,1/1/2025,2024
10460,SYNTHETIC SITE 01459,101459,,SYNTHETIC COMPANY 01459,1 Example Way,Nowhere,ZZ,00000,3252,2017,SYNTHETIC INDUSTRY,1,2,313,466809,1,0,1,6,2,7,24,9,0,0,0,0,0,,1/1/2025,2024
10461,SYNTHETIC SITE 01460,101460,,SYNTHETIC COMPANY 01460,1 Example Way,Nowhere,ZZ,00000,4451,2017,SYNTHETIC INDUSTRY,1,2,71,124922,1,0,1,0,2,7,0,3,0,0,0,0,0,,1/1/2025,2024
10462,SYNTHETIC SITE 01461,101461,,SYNTHETIC COMPANY 01461,1 Example Way,Nowhere,ZZ,00000,3251,2017,SYNTHETIC INDUSTRY,1,2,16,38088,2,0,0,0,0,0,0,0,0,0,0,0,0,,1/1/2025,2024
10463,SYNTHETIC SITE 01462,101462,,SYNTHETIC COMPANY 01462,1 Example Way,Nowhere,ZZ,00000,2361,2017,SYNTHETIC INDUSTRY,1,2,33,74220,1,0,0,0,1,0,0,1,0,0,0,0,0,,1/1/2025,2024
10464,SYNTHETIC SITE 01463,101463,,SYNTHETIC COMPANY 01463,1 Example Way,Nowhere,ZZ,00000,3252,2017,SYNTHETIC INDUSTRY,1,2,31,55714,2,0,0,0,0,0,0,0,0,0,0,0,0,,1/1/2025,2024
10465,SYNTHETIC SITE 01464,101464,,SYNTHETIC COMPANY 01464,1 Example Way,Nowhere,ZZ,00000,3115,2017,SYNTHETIC INDUSTRY,1,2,99,165717,2,0,0,0,0,0,0,0,0,0,0,0,0,,1/1/2025,2024
10466,SYNTHETIC SITE 01465,101465,,SYNTHETIC COMPANY 01465,1 Example Way,Nowhere,ZZ,00000,3252,2017,SYNTHETIC INDUSTRY,1,2,6,13497,2,0,0,0,0,0,0,0,0,0,0,0,0,,1/1/2025,2024
10467,SYNTHETIC SITE 01466,101466,,SYNTHETIC COMPANY 01466,1 Example Way,Nowhere,ZZ,00000,3115,2017,SYNTHETIC INDUSTRY,1,2,54,109017,2,0,0,0,0,0,0,0,0,0,0,0,0,,1/1/2025,2024
10468,SYNTHETIC SITE 01467,101467,,SYNTHETIC COMPANY 01467,1 Example Way,Nowhere,ZZ,00000,3251,2017,SYNTHETIC INDUSTRY,1,2,949,1611038,1,0,5,0,3,35,0,8,0,0,0,0,0,,1/1/2025,2024
10469,SYNTHETIC SITE 01468,101468,,SYNTHETIC COMPANY 01468,1 Example Way,Nowhere,ZZ,00000,2361,2017,SYNTHETIC INDUSTRY,1,2,22,46648,2,0,0,0,0,0,0,0,0,0,0,0,0,,1/1/2025,2024
10470,SYNTHETIC SITE 01469,101469,,SYNTHETIC COMPANY 01469,1 Example Way,Nowhere,ZZ,00000,3251,2017,SYNTHETIC INDUSTRY,1,2,142,254363,2,0,0,0,0,0,0,0,0,0,0,0,0,,1/1/2025,2024
10471,SYNTHETIC SITE 01470,101470,,SYNTHETIC COMPANY 01470,1 Example Way,Nowhere,ZZ,00000,2361,2017,SYNTHETIC INDUSTRY,1,2,63,132620,1,0,2,2,2,14,8,6,0,0,0,0,0,,1/1/2025,2024
10472,SYNTHETIC SITE 01471,101471,,SYNTHETIC COMPANY 01471,1 Example Way,Nowhere,ZZ,00000,3252,2017,SYNTHETIC INDUSTRY,1,2,185,283996,1,0,3,3,6,21,12,12,0,0,0,0,0,,1/1/2025,2024
10473,SYNTHETIC SITE 01472,101472,,SYNTHETIC COMPANY 01472,1 Example Way,Nowhere,ZZ,00000,4841,2017,SYNTHETIC INDUSTRY,1,2,1,2193,2,0,0,0,0,0,0,0,0,0,0,0,0,,1/1/2025,2024
10474,SYNTHETIC SITE 01473,101473,,SYNTHETIC COMPANY 01473,1 Example Way,Nowhere,ZZ,00000,2361,2017,SYNTHETIC INDUSTRY,1,2,156,266154,1,0,3,2,5,21,8,10,0,0,0,0,0,,1/1/2025,2024
10475,SYNTHETIC SITE 01474,101474,,SYNTHETIC COMPANY 01474,1 Example Way,Nowhere,ZZ,00000,6221,2017,SYNTHETIC INDUSTRY,1,2,39,54756,2,0,0,0,0,0,0,0,0,0,0,0,0,,1/1/2025,2024
10476,SYNTHETIC SITE 01475,101475,,SYNTHETIC COMPANY 01475,1 Example Way,Nowhere,ZZ,00000,3252,2017,SYNTHETIC INDUSTRY,1,2,30,46367,2,0,0,0,0,0,0,0,0,0,0,0,0,,1/1/2025,2024
10477,SYNTHETIC SITE 01476,101476,,SYNTHETIC COMPANY 01476,1 Example Way,Nowhere,ZZ,00000,4451,2017,SYNTHETIC INDUSTRY,1,2,24,54930,1,0,0,1,0,0,4,1,0,0,0,0,0,,1/1/2025,2024
10478,SYNTHETIC SITE 01477,101477,,SYNTHETIC COMPANY 01477,1 Example Way,Nowhere,ZZ,00000,3252,2017,SYNTHETIC INDUSTRY,1,2,575,831494,1,0,0,0,2,0,0,2,0,0,0,0,0,,1/1/2025,2024
10479,SYNTHETIC SITE 01478,101478,,SYNTHETIC COMPANY 01478,1 Example Way,Nowhere,ZZ,00000,6221,2017,SYNTHETIC INDUSTRY,1,2,122,211075,1,0,6,0,6,42,0,12,0,0,0,0,0,,1/1/2025,2024
10480,SYNTHETIC SITE 01479,101479,,SYNTHETIC COMPANY 01479,1 Example Way,Nowhere,ZZ,00000,4451,2017,SYNTHETIC INDUSTRY,1,2,16,37799,2,0,0,0,0,0,0,0,0,0,0,0,0,,1/1/2025,2024
10481,SYNTHETIC SITE 01480,101480,,SYNTHETIC COMPANY 01480,1 Example Way,Nowhere,ZZ,00000,3115,2017,SYNTHETIC INDUSTRY,1,2,93,195175,1,0,1,2,0,7,8,3,0,0,0,0,0,,1/1/2025,2024
10482,SYNTHETIC SITE 01481,101481,,SYNTHETIC COMPANY 01481,1 Example Way,Nowhere,ZZ,00000,4451,2017,SYNTHETIC INDUSTRY,1,2,25,39576,2,0,0,0,0,0,0,0,0,0,0,0,0,,1/1/2025,2024
10483,SYNTHETIC SITE 01482,101482,,SYNTHETIC COMPANY 01482,1 Example Way,Nowhere,ZZ,00000,3115,2017,SYNTHETIC INDUSTRY,1,2,10,18161,2,0,0,0,0,0,0,0,0,0,0,0,0,,1/1/2025,2024
10484,SYNTHETIC SITE 01483,101483,,SYNTHETIC COMPANY 01483,1 Example Way,Nowhere,ZZ,00000,4451,2017,SYNTHETIC INDUSTRY,1,2,37,62921,2,0,0,0,0,0,0,0,0,0,0,0,0,,1/1/2025,2024
10485,SYNTHETIC SITE 01484,101484,,SYNTHETIC COMPANY 01484,1 Example Way,Nowhere,ZZ,00000,3252,2017,SYNTHETIC INDUSTRY,1,2,30,61927,2,0,0,0,0,0,0,0,0,0,0,0,0,,1/1/2025,2024
10486,SYNTHETIC SITE 01485,101485,,SYNTHETIC COMPANY 01485,1 Example Way,Nowhere,ZZ,00000,2361,2017,SYNTHETIC INDUSTRY,1,2,181,343677,1,0,8,3,7,56,12,18,0,0,0,0,0,,1/1/2025,2024
10487,SYNTHETIC SITE 01486,101486,,SYNTHETIC COMPANY 01486,1 Example Way,Nowhere,ZZ,00000,4451,2017,SYNTHETIC INDUSTRY,1,2,30,41025,2,0,0,0,0,0,0,0,0,0,0,0,0,,1/1/2025,2024
10488,SYNTHETIC SITE 01487,101487,,SYNTHETIC COMPANY 01487,1 Example Way,Nowhere,ZZ,00000,3115,2017,SYNTHETIC INDUSTRY,1,2,324,705810,1,0,2,4,1,14,16,7,0,0,0,0,0,,1/1/2025,2024
10489,SYNTHETIC SITE 01488,101488,,SYNTHETIC COMPANY 01488,1 Example Way,Nowhere,ZZ,00000,6221,2017,SYNTHETIC INDUSTRY,1,2,48,94596,1,0,0,2,2,0,8,4,0,0,0,0,0,,1/1/2025,2024
10490,SYNTHETIC SITE 01489,101489,,SYNTHETIC COMPANY 01489,1 Example Way,Nowhere,ZZ,00000,3115,2017,SYNTHETIC INDUSTRY,1,2,138,286898,1,0,3,3,2,21,12,8,0,0,0,0,0,,1/1/2025,2024
10491,SYNTHETIC SITE 01490,101490,,SYNTHETIC COMPANY 01490,1 Example Way,Nowhere,ZZ,00000,4451,2017,SYNTHETIC INDUSTRY,1,2,108,174395,2,0,0,0,0,0,0,0,0,0,0,0,0,,1/1/2025,2024
10492,SYNTHETIC SITE 01491,101491,,SYNTHETIC COMPANY 01491,1 Example Way,Nowhere,ZZ,00000,4451,2017,SYNTHETIC INDUSTRY,1,2,138,254851,1,0,2,0,3,14,0,5,0,0,0,0,0,,1/1/2025,2024
10493,SYNTHETIC SITE 01492,101492,,SYNTHETIC COMPANY 01492,1 Example Way,Nowhere,ZZ,00000,2361,2017,SYNTHETIC INDUSTRY,1,2,275,489248,2,0,0,0,0,0,0,0,0,0,0,0,0,,1/1/2025,2024
10494,SYNTHETIC SITE 01493,101493,,SYNTHETIC COMPANY 01493,1 Example Way,Nowhere,ZZ,00000,3328,2017,SYNTHETIC INDUSTRY,1,2,116,185807,1,0,0,0,1,0,0,1,0,0,0,0,0,,1/1/2025,2024
10495,SYNTHETIC SITE 01494,101494,,SYNTHETIC COMPANY 01494,1 Example Way,Nowhere,ZZ,00000,4451,2017,SYNTHETIC INDUSTRY,1,2,56,92395,2,0,0,0,0,0,0,0,0,0,0,0,0,,1/1/2025,2024
10496,SYNTHETIC SITE 01495,101495,,SYNTHETIC COMPANY 01495,1 Example Way,Nowhere,ZZ,00000,4841,2017,SYNTHETIC INDUSTRY,1,2,19,36696,2,0,0,0,0,0,0,0,0,0,0,0,0,,1/1/2025,2024
10497,SYNTHETIC SITE 01496,101496,,SYNTHETIC COMPANY 01496,1 Example Way,Nowhere,ZZ,00000,3328,2017,SYNTHETIC INDUSTRY,1,2,283,506830,1,0,24,22,16,168,88,62,0,0,0,0,0,,1/1/2025,2024
10498,SYNTHETIC SITE 01497,101497,,SYNTHETIC COMPANY 01497,1 Example Way,Nowhere,ZZ,00000,2361,2017,SYNTHETIC INDUSTRY,1,2,134,224120,2,0,0,0,0,0,0,0,0,0,0,0,0,,1/1/2025,2024
10499,SYNTHETIC SITE 01498,101498,,SYNTHETIC COMPANY 01498,1 Example Way,Nowhere,ZZ,00000,2361,2017,SYNTHETIC INDUSTRY,1,2,59,103818,1,0,0,1,0,0,4,1,0,0,0,0,0,,1/1/2025,2024
10500,SYNTHETIC SITE 01499,101499,,SYNTHETIC COMPANY 01499,1 Example Way,Nowhere,ZZ,00000,2361,2017,SYNTHETIC INDUSTRY,1,2,64,134676,2,0,0,0,0,0,0,0,0,0,0,0,0,,1/1/2025,2024
10501,SYNTHETIC SITE 01500,101500,,SYNTHETIC COMPANY 01500,1 Example Way,Nowhere,ZZ,00000,3252,2017,SYNTHETIC INDUSTRY,1,2,45,95851,2,0,0,0,0,0,0,0,0,0,0,0,0,,1/1/2025,2024
10502,SYNTHETIC SITE 01501,101501,,SYNTHETIC COMPANY 01501,1 Example Way,Nowhere,ZZ,00000,4841,2017,SYNTHETIC INDUSTRY,1,2,49,110713,1,0,1,2,1,7,8,4,0,0,0,0,0,,1/1/2025,2024
10503,SYNTHETIC SITE 01502,101502,,SYNTHETIC COMPANY 01502,1 Example Way,Nowhere,ZZ,00000,4451,2017,SYNTHETIC INDUSTRY,1,2,20,38947,2,0,0,0,0,0,0,0,0,0,0,0,0,,1/1/2025,2024
10504,SYNTHETIC SITE 01503,101503,,SYNTHETIC COMPANY 01503,1 Example Way,Nowhere,ZZ,00000,3251,2017,SYNTHETIC INDUSTRY,1,2,161,286643,1,0,4,1,3,28,4,8,0,0,0,0,0,,1/1/2025,2024
10505,SYNTHETIC SITE 01504,101504,,SYNTHETIC COMPANY 01504,1 Example Way,Nowhere,ZZ,00000,3252,2017,SYNTHETIC INDUSTRY,1,2,105,196940,2,0,0,0,0,0,0,0,0,0,0,0,0,,1/1/2025,2024
10506,SYNTHETIC SITE 01505,101505,,SYNTHETIC COMPANY 01505,1 Example Way,Nowhere,ZZ,00000,4841,2017,SYNTHETIC INDUSTRY,1,2,360,685625,1,0,1,0,1,7,0,2,0,0,0,0,0,,1/1/2025,2024
10507,SYNTHETIC SITE 01506,101506,,SYNTHETIC COMPANY 01506,1 Example Way,Nowhere,ZZ,00000,3251,2017,SYNTHETIC INDUSTRY,1,2,57,121671,1,0,3,2,2,21,8,7,0,0,0,0,0,,1/1/2025,2024
10508,SYNTHETIC SITE 01507,101507,,SYNTHETIC COMPANY 01507,1 Example Way,Nowhere,ZZ,00000,3328,2017,SYNTHETIC INDUSTRY,1,2,30,48522,2,0,0,0,0,0,0,0,0,0,0,0,0,,1/1/2025,2024
10509,SYNTHETIC SITE 01508,101508,,SYNTHETIC COMPANY 01508,1 Example Way,Nowhere,ZZ,00000,3115,2017,SYNTHETIC INDUSTRY,1,2,5,9893,1,0,0,0,1,0,0,1,0,0,0,0,0,,1/1/2025,2024
10510,SYNTHETIC SITE 01509,101509,,SYNTHETIC COMPANY 01509,1 Example Way,Nowhere,ZZ,00000,3252,2017,SYNTHETIC INDUSTRY,1,2,121,201258,1,0,2,1,3,14,4,6,0,0,0,0,0,,1/1/2025,2024
10511,SYNTHETIC SITE 01510,101510,,SYNTHETIC COMPANY 01510,1 Example Way,Nowhere,ZZ,00000,3251,2017,SYNTHETIC INDUSTRY,1,2,42,6488700000,2,0,0,0,0,0,0,0,0,0,0,0,0,,1/1/2025,2024
10512,SYNTHETIC SITE 01511,101511,,SYNTHETIC COMPANY 01511,1 Example Way,Nowhere,ZZ,00000,3115,2017,SYNTHETIC INDUSTRY,1,2,67,100158,2,0,0,0,0,0,0,0,0,0,0,0,0,,1/1/2025,2024
10513,SYNTHETIC SITE 01512,101512,,SYNTHETIC COMPANY 01512,1 Example Way,Nowhere,ZZ,00000,4451,2017,SYNTHETIC INDUSTRY,1,2,42,86421,2,0,0,0,0,0,0,0,0,0,0,0,0,,1/1/2025,2024
10514,SYNTHETIC SITE 01513,101513,,SYNTHETIC COMPANY 01513,1 Example Way,Nowhere,ZZ,00000,3115,2017,SYNTHETIC INDUSTRY,1,2,77,146109,2,0,0,0,0,0,0,0,0,0,0,0,0,,1/1/2025,2024
10515,SYNTHETIC SITE 01514,101514,,SYNTHETIC COMPANY 01514,1 Example Way,Nowhere,ZZ,00000,3251,2017,SYNTHETIC INDUSTRY,1,2,17,27055,1,0,1,0,1,7,0,2,0,0,0,0,0,,1/1/2025,2024
10516,SYNTHETIC SITE 01515,101515,,SYNTHETIC COMPANY 01515,1 Example Way,Nowhere,ZZ,00000,2361,2017,SYNTHETIC INDUSTRY,1,2,53,89377,1,0,1,0,0,7,0,1,0,0,0,0,0,,1/1/2025,2024
10517,SYNTHETIC SITE 01516,101516,,SYNTHETIC COMPANY 01516,1 Example Way,Nowhere,ZZ,00000,3251,2017,SYNTHETIC INDUSTRY,1,2,61,111558,1,0,0,0,1,0,0,1,0,0,0,0,0,,1/1/2025,2024
10518,SYNTHETIC SITE 01517,101517,,SYNTHETIC COMPANY 01517,1 Example Way,Nowhere,ZZ,00000,2361,2017,SYNTHETIC INDUSTRY,1,2,18,27644,2,0,0,0,0,0,0,0,0,0,0,0,0,,1/1/2025,2024
10519,SYNTHETIC SITE 01518,101518,,SYNTHETIC COMPANY 01518,1 Example Way,Nowhere,ZZ,00000,3115,2017,SYNTHETIC INDUSTRY,1,2,37,73885,2,0,0,0,0,0,0,0,0,0,0,0,0,,1/1/2025,2024
10520,SYNTHETIC SITE 01519,101519,,SYNTHETIC COMPANY 01519,1 Example Way,Nowhere,ZZ,00000,6221,2017,SYNTHETIC INDUSTRY,1,2,35,61507,1,0,1,0,0,7,0,1,0,0,0,0,0,,1/1/2025,2024
10521,SYNTHETIC SITE 01520,101520,,SYNTHETIC COMPANY 01520,1 Example Way,Nowhere,ZZ,00000,3252,2017,SYNTHETIC INDUSTRY,1,2,80,141123,1,0,0,1,2,0,4,3,0,0,0,0,0,,1/1/2025,2024
10522,SYNTHETIC SITE 01521,101521,,SYNTHETIC COMPANY 01521,1 Example Way,Nowhere,ZZ,00000,3252,2017,SYNTHETIC INDUSTRY,1,2,40,84625,1,0,0,1,0,0,4,1,0,0,0,0,0,,1/1/2025,2024
10523,SYNTHETIC SITE 01522,101522,,SYNTHETIC COMPANY 01522,1 Example Way,Nowhere,ZZ,00000,6221,2017,SYNTHETIC INDUSTRY,1,2,390,763699,1,0,0,1,1,0,4,2,0,0,0,0,0,,1/1/2025,2024
10524,SYNTHETIC SITE 01523,101523,,SYNTHETIC COMPANY 01523,1 Example Way,Nowhere,ZZ,00000,3328,2017,SYNTHETIC INDUSTRY,1,2,53,111016,2,0,0,0,0,0,0,0,0,0,0,0,0,,1/1/2025,2024
10525,SYNTHETIC SITE 01524,101524,,SYNTHETIC COMPANY 01524,1 Example Way,Nowhere,ZZ,00000,3252,2017,SYNTHETIC INDUSTRY,1,2,56,102530,1,0,1,2,5,7,8,8,0,0,0,0,0,,1/1/2025,2024
10526,SYNTHETIC SITE 01525,101525,,SYNTHETIC COMPANY 01525,1 Example Way,Nowhere,ZZ,00000,3328,2017,SYNTHETIC INDUSTRY,1,2,63,103842,2,0,0,0,0,0,0,0,0,0,0,0,0,,1/1/2025,2024
10527,SYNTHETIC SITE 01526,101526,,SYNTHETIC COMPANY 01526,1 Example Way,Nowhere,ZZ,00000,4451,2017,SYNTHETIC INDUSTRY,1,2,37,71323,1,0,0,2,0,0,8,2,0,0,0,0,0,,1/1/2025,2024
10528,SYNTHETIC SITE 01527,101527,,SYNTHETIC COMPANY 01527,1 Example Way,Nowhere,ZZ,00000,3251,2017,SYNTHETIC INDUSTRY,1,2,68,1273190,2,0,0,0,0,0,0,0,0,0,0,0,0,,1/1/2025,2024
10529,SYNTHETIC SITE 01528,101528,,SYNTHETIC COMPANY 01528,1 Example Way,Nowhere,ZZ,00000,4841,2017,SYNTHETIC INDUSTRY,1,2,281,54628100,1,0,1,1,0,7,4,2,0,0,0,0,0,,1/1/2025,2024
10530,SYNTHETIC SITE 01529,101529,,SYNTHETIC COMPANY 01529,1 Example Way,Nowhere,ZZ,00000,3252,2017,SYNTHETIC INDUSTRY,1,2,26,44196,1,0,0,1,0,0,4,1,0,0,0,0,0,,1/1/2025,2024
10531,SYNTHETIC SITE 01530,101530,,SYNTHETIC COMPANY 01530,1 Example Way,Nowhere,ZZ,00000,2361,2017,SYNTHETIC INDUSTRY,1,2,879,1904132,1,0,7,3,8,49,12,18,0,0,0,0,0,,1/1/2025,2024
10532,SYNTHETIC SITE 01531,101531,,SYNTHETIC COMPANY 01531,1 Example Way,Nowhere,ZZ,00000,3252,2017,SYNTHETIC INDUSTRY,1,2,8,14480,2,0,0,0,0,0,0,0,0,0,0,0,0,,1/1/2025,2024
10533,SYNTHETIC SITE 01532,101532,,SYNTHETIC COMPANY 01532,1 Example Way,Nowhere,ZZ,00000,4841,2017,SYNTHETIC INDUSTRY,1,2,24,34867,2,0,0,0,0,0,0,0,0,0,0,0,0,,1/1/2025,2024
10534,SYNTHETIC SITE 01533,101533,,SYNTHETIC COMPANY 01533,1 Example Way,Nowhere,ZZ,00000,3251,2017,SYNTHETIC INDUSTRY,1,2,942,1327220,1,0,4,3,6,28,12,13,0,0,0,0,0,,1/1/2025,2024
10535,SYNTHETIC SITE 01534,101534,,SYNTHETIC COMPANY 01534,1 Example Way,Nowhere,ZZ,00000,6221,2017,SYNTHETIC INDUSTRY,1,2,13,22178,2,0,0,0,0,0,0,0,0,0,0,0,0,,1/1/2025,2024
10536,SYNTHETIC SITE 01535,101535,,SYNTHETIC COMPANY 01535,1 Example Way,Nowhere,ZZ,00000,3328,2017,SYNTHETIC INDUSTRY,1,2,160,342112,1,0,8,5,3,56,20,16,0,0,0,0,0,,1/1/2025,2024
10537,SYNTHETIC SITE 01536,101536,,SYNTHETIC COMPANY 01536,1 Example Way,Nowhere,ZZ,00000,2361,2017,SYNTHETIC INDUSTRY,1,2,6,8566,2,0,0,0,0,0,0,0,0,0,0,0,0,,1/1/2025,2024
10538,SYNTHETIC SITE 01537,101537,,SYNTHETIC COMPANY 01537,1 Example Way,Nowhere,ZZ,00000,2361,2017,SYNTHETIC INDUSTRY,1,2,67,118051,2,0,0,0,0,0,0,0,0,0,0,0,0,,1/1/2025,2024
10539,SYNTHETIC SITE 01538,101538,,SYNTHETIC COMPANY 01538,1 Example Way,Nowhere,ZZ,00000,4841,2017,SYNTHETIC INDUSTRY,1,2,4,8959,2,0,0,0,0,0,0,0,0,0,0,0,0,,1/1/2025,2024
10540,SYNTHETIC SITE 01539,101539,,SYNTHETIC COMPANY 01539,1 Example Way,Nowhere,ZZ,00000,3328,2017,SYNTHETIC INDUSTRY,1,2,127,258796,2,0,0,0,0,0,0,0,0,0,0,0,0,,1/1/2025,2024
10541,SYNTHETIC SITE 01540,101540,,SYNTHETIC COMPANY 01540,1 Example Way,Nowhere,ZZ,00000,3252,2017,SYNTHETIC INDUSTRY,1,2,12,23431,2,0,0,0,0,0,0,0,0,0,0,0,0,,1/1/2025,2024
10542,SYNTHETIC SITE 01541,101541,,SYNTHETIC COMPANY 01541,1 Example Way,Nowhere,ZZ,00000,2361,2017,SYNTHETIC INDUSTRY,1,2,224,390681,1,0,0,0,3,0,0,3,0,0,0,0,0,,1/1/2025,2024
10543,SYNTHETIC SITE 01542,101542,,SYNTHETIC COMPANY 01542,1 Example Way,Nowhere,ZZ,00000,3328,2017,SYNTHETIC INDUSTRY,1,2,112,274140,2,0,0,0,0,0,0,0,0,0,0,0,0,,1/1/2025,2024
10544,SYNTHETIC SITE 01543,101543,,SYNTHETIC COMPANY 01543,1 Example Way,Nowhere,ZZ,00000,3328,2017,SYNTHETIC INDUSTRY,1,2,5,9424,2,0,0,0,0,0,0,0,0,0,0,0,0,,1/1/2025,2024
10545,SYNTHETIC SITE 01544,101544,,SYNTHETIC COMPANY 01544,1 Example Way,Nowhere,ZZ,00000,3251,2017,SYNTHETIC INDUSTRY,1,2,202,284770,1,0,4,1,3,28,4,8,0,0,0,0,0,,1/1/2025,2024
10546,SYNTHETIC SITE 01545,101545,,SYNTHETIC COMPANY 01545,1 Example Way,Nowhere,ZZ,00000,2361,2017,SYNTHETIC INDUSTRY,1,2,28,55168,2,0,0,0,0,0,0,0,0,0,0,0,0,,1/1/2025,2024
10547,SYNTHETIC SITE 01546,101546,,SYNTHETIC COMPANY 01546,1 Example Way,Nowhere,ZZ,00000,3251,2017,SYNTHETIC INDUSTRY,1,2,118,194536,1,0,1,0,0,7,0,1,0,0,0,0,0,,1/1/2025,2024
10548,SYNTHETIC SITE 01547,101547,,SYNTHETIC COMPANY 01547,1 Example Way,Nowhere,ZZ,00000,6221,2017,SYNTHETIC INDUSTRY,1,2,46,104035,2,0,0,0,0,0,0,0,0,0,0,0,0,,1/1/2025,2024
10549,SYNTHETIC SITE 01548,101548,,SYNTHETIC COMPANY 01548,1 Example Way,Nowhere,ZZ,00000,6221,2017,SYNTHETIC INDUSTRY,1,2,155,284252,1,0,1,1,5,7,4,7,0,0,0,0,0,,1/1/2025,2024
10550,SYNTHETIC SITE 01549,101549,,SYNTHETIC COMPANY 01549,1 Example Way,Nowhere,ZZ,00000,6221,2017,SYNTHETIC INDUSTRY,1,2,142,301347,1,0,0,2,0,0,8,2,0,0,0,0,0,,1/1/2025,2024
10551,SYNTHETIC SITE 01550,101550,,SYNTHETIC COMPANY 01550,1 Example Way,Nowhere,ZZ,00000,3252,2017,SYNTHETIC INDUSTRY,1,2,71,94379,2,0,0,0,0,0,0,0,0,0,0,0,0,,1/1/2025,2024
10552,SYNTHETIC SITE 01551,101551,,SYNTHETIC COMPANY 01551,1 Example Way,Nowhere,ZZ,00000,3252,2017,SYNTHETIC INDUSTRY,1,2,50,102133,1,0,1,0,3,7,0,4,0,0,0,0,0,,1/1/2025,2024
10553,SYNTHETIC SITE 01552,101552,,SYNTHETIC COMPANY 01552,1 Example Way,Nowhere,ZZ,00000,2361,2017,SYNTHETIC INDUSTRY,1,2,70,156326,2,0,0,0,0,0,0,0,0,0,0,0,0,,1/1/2025,2024
10554,SYNTHETIC SITE 01553,101553,,SYNTHETIC COMPANY 01553,1 Example Way,Nowhere,ZZ,00000,3115,2017,SYNTHETIC INDUSTRY,1,2,62,112664,2,0,0,0,0,0,0,0,0,0,0,0,0,,1/1/2025,2024
10555,SYNTHETIC SITE 01554,101554,,SYNTHETIC COMPANY 01554,1 Example Way,Nowhere,ZZ,00000,2361,2017,SYNTHETIC INDUSTRY,1,2,73,145582,2,0,0,0,0,0,0,0,0,0,0,0,0,,1/1/2025,2024
10556,SYNTHETIC SITE 01555,101555,,SYNTHETIC COMPANY 01555,1 Example Way,Nowhere,ZZ,00000,3115,2017,SYNTHETIC INDUSTRY,1,2,53,105435,1,0,1,1,1,7,4,3,0,0,0,0,0,,1/1/2025,2024
10557,SYNTHETIC SITE 01556,101556,,SYNTHETIC COMPANY 01556,1 Example Way,Nowhere,ZZ,00000,4451,2017,SYNTHETIC INDUSTRY,1,2,351,663241,2,0,0,0,0,0,0,0,0,0,0,0,0,,1/1/2025,2024
10558,SYNTHETIC SITE 01557,101557,,SYNTHETIC COMPANY 01557,1 Example Way,Nowhere,ZZ,00000,6221,2017,SYNTHETIC INDUSTRY,1,2,5,7783,2,0,0,0,0,0,0,0,0,0,0,0,0,,1/1/2025,2024
10559,SYNTHETIC SITE 01558,101558,,SYNTHETIC COMPANY 01558,1 Example Way,Nowhere,ZZ,00000,6221,2017,SYNTHETIC INDUSTRY,1,2,25,42365,1,0,1,0,0,7,0,1,0,0,0,0,0,,1/1/2025,2024
10560,SYNTHETIC SITE 01559,101559,,SYNTHETIC COMPANY 01559,1 Example Way,Nowhere,ZZ,00000,4841,2017,SYNTHETIC INDUSTRY,1,2,23,41782,2,0,0,0,0,0,0,0,0,0,0,0,0,,1/1/2025,2024
10561,SYNTHETIC SITE 01560,101560,,SYNTHETIC COMPANY 01560,1 Example Way,Nowhere,ZZ,00000,2361,2017,SYNTHETIC INDUSTRY,1,2,2488,4201118,1,0,71,46,68,497,184,185,0,0,0,0,0,,1/1/2025,2024
10562,SYNTHETIC SITE 01561,101561,,SYNTHETIC COMPANY 01561,1 Example Way,Nowhere,ZZ,00000,4451,2017,SYNTHETIC INDUSTRY,1,2,101,194488,2,0,0,0,0,0,0,0,0,0,0,0,0,,1/1/2025,2024
10563,SYNTHETIC SITE 01562,101562,,SYNTHETIC COMPANY 01562,1 Example Way,Nowhere,ZZ,00000,3251,2017,SYNTHETIC INDUSTRY,1,2,63,111980,2,0,0,0,0,0,0,0,0,0,0,0,0,,1/1/2025,2024
10564,SYNTHETIC SITE 01563,101563,,SYNTHETIC COMPANY 01563,1 Example Way,Nowhere,ZZ,00000,4841,2017,SYNTHETIC INDUSTRY,1,2,12,18941,2,0,0,0,0,0,0,0,0,0,0,0,0,,1/1/2025,2024
10565,SYNTHETIC SITE 01564,101564,,SYNTHETIC COMPANY 01564,1 Example Way,Nowhere,ZZ,00000,4841,2017,SYNTHETIC INDUSTRY,1,2,82,158625,2,0,0,0,0,0,0,0,0,0,0,0,0,,1/1/2025,2024
10566,SYNTHETIC SITE 01565,101565,,SYNTHETIC COMPANY 01565,1 Example Way,Nowhere,ZZ,00000,4841,2017,SYNTHETIC INDUSTRY,1,2,357,647214,2,0,0,0,0,0,0,0,0,0,0,0,0,,1/1/2025,2024
10567,SYNTHETIC SITE 01566,101566,,SYNTHETIC COMPANY 01566,1 Example Way,Nowhere,ZZ,00000,4841,2017,SYNTHETIC INDUSTRY,1,2,14,29066,2,0,0,0,0,0,0,0,0,0,0,0,0,,1/1/2025,2024
10568,SYNTHETIC SITE 01567,101567,,SYNTHETIC COMPANY 01567,1 Example Way,Nowhere,ZZ,00000,3115,2017,SYNTHETIC INDUSTRY,1,2,117,233238,2,0,0,0,0,0,0,0,0,0,0,0,0,,1/1/2025,2024
10569,SYNTHETIC SITE 01568,101568,,SYNTHETIC COMPANY 01568,1 Example Way,Nowhere,ZZ,00000,3115,2017,SYNTHETIC INDUSTRY,1,2,48,78655,1,0,1,1,0,7,4,2,0,0,0,0,0,,1/1/2025,2024
10570,SYNTHETIC SITE 01569,101569,,SYNTHETIC COMPANY 01569,1 Example Way,Nowhere,ZZ,00000,4451,2017,SYNTHETIC INDUSTRY,1,2,72,149671,2,0,0,0,0,0,0,0,0,0,0,0,0,,1/1/2025,2024
10571,SYNTHETIC SITE 01570,101570,,SYNTHETIC COMPANY 01570,1 Example Way,Nowhere,ZZ,00000,6221,2017,SYNTHETIC INDUSTRY,1,2,89,171803,1,0,2,0,0,14,0,2,0,0,0,0,0,,1/1/2025,2024
10572,SYNTHETIC SITE 01571,101571,,SYNTHETIC COMPANY 01571,1 Example Way,Nowhere,ZZ,00000,2361,2017,SYNTHETIC INDUSTRY,1,2,24,41431,2,0,0,0,0,0,0,0,0,0,0,0,0,,1/1/2025,2024
10573,SYNTHETIC SITE 01572,101572,,SYNTHETIC COMPANY 01572,1 Example Way,Nowhere,ZZ,00000,3251,2017,SYNTHETIC INDUSTRY,1,2,70,116620,1,0,1,0,2,7,0,3,0,0,0,0,0,,1/1/2025,2024
10574,SYNTHETIC SITE 01573,101573,,SYNTHETIC COMPANY 01573,1 Example Way,Nowhere,ZZ,00000,3115,2017,SYNTHETIC INDUSTRY,1,2,147,245986,1,0,3,3,4,21,12,10,0,0,0,0,0,,1/1/2025,2024
10575,SYNTHETIC SITE 01574,101574,,SYNTHETIC COMPANY 01574,1 Example Way,Nowhere,ZZ,00000,4451,2017,SYNTHETIC INDUSTRY,1,2,287,515990,2,0,0,0,0,0,0,0,0,0,0,0,0,,1/1/2025,2024
10576,SYNTHETIC SITE 01575,101575,,SYNTHETIC COMPANY 01575,1 Example Way,Nowhere,ZZ,00000,3252,2017,SYNTHETIC INDUSTRY,1,2,69,131462,1,0,1,2,2,7,8,5,0,0,0,0,0,,1/1/2025,2024
10577,SYNTHETIC SITE 01576,101576,,SYNTHETIC COMPANY 01576,1 Example Way,Nowhere,ZZ,00000,3328,2017,SYNTHETIC INDUSTRY,1,2,125,2567700,1,0,1,2,0,7,8,3,0,0,0,0,0,,1/1/2025,2024
10578,SYNTHETIC SITE 01577,101577,,SYNTHETIC COMPANY 01577,1 Example Way,Nowhere,ZZ,00000,3115,2017,SYNTHETIC INDUSTRY,1,2,39,57978,2,0,0,0,0,0,0,0,0,0,0,0,0,,1/1/2025,2024
10579,SYNTHETIC SITE 01578,101578,,SYNTHETIC COMPANY 01578,1 Example Way,Nowhere,ZZ,00000,6221,2017,SYNTHETIC INDUSTRY,1,2,74,122984,1,0,2,0,0,14,0,2,0,0,0,0,0,,1/1/2025,2024
10580,SYNTHETIC SITE 01579,101579,,SYNTHETIC COMPANY 01579,1 Example Way,Nowhere,ZZ,00000,4841,2017,SYNTHETIC INDUSTRY,1,2,19,34724,2,0,0,0,0,0,0,0,0,0,0,0,0,,1/1/2025,2024
10581,SYNTHETIC SITE 01580,101580,,SYNTHETIC COMPANY 01580,1 Example Way,Nowhere,ZZ,00000,3251,2017,SYNTHETIC INDUSTRY,1,2,8,13129,2,0,0,0,0,0,0,0,0,0,0,0,0,,1/1/2025,2024
10582,SYNTHETIC SITE 01581,101581,,SYNTHETIC COMPANY 01581,1 Example Way,Nowhere,ZZ,00000,4451,2017,SYNTHETIC INDUSTRY,1,2,7,11810,2,0,0,0,0,0,0,0,0,0,0,0,0,,1/1/2025,2024
10583,SYNTHETIC SITE 01582,101582,,SYNTHETIC COMPANY 01582,1 Example Way,Nowhere,ZZ,00000,4451,2017,SYNTHETIC INDUSTRY,1,2,17,26538,2,0,0,0,0,0,0,0,0,0,0,0,0,,1/1/2025,2024
10584,SYNTHETIC SITE 01583,101583,,SYNTHETIC COMPANY 01583,1 Example Way,Nowhere,ZZ,00000,4841,2017,SYNTHETIC INDUSTRY,1,2,94,194487,1,0,1,3,1,7,12,5,0,0,0,0,0,,1/1/2025,2024
10585,SYNTHETIC SITE 01584,101584,,SYNTHETIC COMPANY 01584,1 Example Way,Nowhere,ZZ,00000,3251,2017,SYNTHETIC INDUSTRY,1,2,18,37392,2,0,0,0,0,0,0,0,0,0,0,0,0,,1/1/2025,2024
10586,SYNTHETIC SITE 01585,101585,,SYNTHETIC COMPANY 01585,1 Example Way,Nowhere,ZZ,00000,3251,2017,SYNTHETIC INDUSTRY,1,2,20,33122,2,0,0,0,0,0,0,0,0,0,0,0,0,,1/1/2025,2024
10587,SYNTHETIC SITE 01586,101586,,SYNTHETIC COMPANY 01586,1 Example Way,Nowhere,ZZ,00000,3115,2017,SYNTHETIC INDUSTRY,1,2,119,217333,2,0,0,0,0,0,0,0,0,0,0,0,0,,1/1/2025,2024
10588,SYNTHETIC SITE 01587,101587,,SYNTHETIC COMPANY 01587,1 Example Way,Nowhere,ZZ,00000,6221,2017,SYNTHETIC INDUSTRY,1,2,176,398126,1,0,2,2,4,14,8,8,0,0,0,0,0,,1/1/2025,2024
10589,SYNTHETIC SITE 01588,101588,,SYNTHETIC COMPANY 01588,1 Example Way,Nowhere,ZZ,00000,3252,2017,SYNTHETIC INDUSTRY,1,2,59,128415,2,0,0,0,0,0,0,0,0,0,0,0,0,,1/1/2025,2024
10590,SYNTHETIC SITE 01589,101589,,SYNTHETIC COMPANY 01589,1 Example Way,Nowhere,ZZ,00000,3115,2017,SYNTHETIC INDUSTRY,1,2,10,15390,2,0,0,0,0,0,0,0,0,0,0,0,0,,1/1/2025,2024
10591,SYNTHETIC SITE 01590,101590,,SYNTHETIC COMPANY 01590,1 Example Way,Nowhere,ZZ,00000,3115,2017,SYNTHETIC INDUSTRY,1,2,72,146211,2,0,0,0,0,0,0,0,0,0,0,0,0,,1/1/2025,2024
10592,SYNTHETIC SITE 01591,101591,,SYNTHETIC COMPANY 01591,1 Example Way,Nowhere,ZZ,00000,3115,2017,SYNTHETIC INDUSTRY,1,2,124,237452,2,0,0,0,0,0,0,0,0,0,0,0,0,,1/1/2025,2024
10593,SYNTHETIC SITE 01592,101592,,SYNTHETIC COMPANY 01592,1 Example Way,Nowhere,ZZ,00000,3252,2017,SYNTHETIC INDUSTRY,1,2,134,243741,1,0,6,1,3,42,4,10,0,0,0,0,0,,1/1/2025,2024
10594,SYNTHETIC SITE 01593,101593,,SYNTHETIC COMPANY 01593,1 Example Way,Nowhere,ZZ,00000,3115,2017,SYNTHETIC INDUSTRY,1,2,40,79443,2,0,0,0,0,0,0,0,0,0,0,0,0,,1/1/2025,2024
10595,SYNTHETIC SITE 01594,101594,,SYNTHETIC COMPANY 01594,1 Example Way,Nowhere,ZZ,00000,3252,2017,SYNTHETIC INDUSTRY,1,2,3,4809,2,0,0,0,0,0,0,0,0,0,0,0,0,,1/1/2025,2024
10596,SYNTHETIC SITE 01595,101595,,SYNTHETIC COMPANY 01595,1 Example Way,Nowhere,ZZ,00000,4451,2017,SYNTHETIC INDUSTRY,1,2,54,91895,2,0,0,0,0,0,0,0,0,0,0,0,0,,1/1/2025,2024
10597,SYNTHETIC SITE 01596,101596,,SYNTHETIC COMPANY 01596,1 Example Way,Nowhere,ZZ,00000,3328,2017,SYNTHETIC INDUSTRY,1,2,24,45951,2,0,0,0,0,0,0,0,0,0,0,0,0,,1/1/2025,2024
10598,SYNTHETIC SITE 01597,101597,,SYNTHETIC COMPANY 01597,1 Example Way,Nowhere,ZZ,00000,4841,2017,SYNTHETIC INDUSTRY,1,2,147,297274,1,0,4,2,7,28,8,13,0,0,0,0,0,,1/1/2025,2024
10599,SYNTHETIC SITE 01598,101598,,SYNTHETIC COMPANY 01598,1 Example Way,Nowhere,ZZ,00000,3252,2017,SYNTHETIC INDUSTRY,1,2,16,27735,2,0,0,0,0,0,0,0,0,0,0,0,0,,1/1/2025,2024
10600,SYNTHETIC SITE 01599,101599,,SYNTHETIC COMPANY 01599,1 Example Way,Nowhere,ZZ,00000,3328,2017,SYNTHETIC INDUSTRY,1,2,16,21849,2,0,0,0,0,0,0,0,0,0,0,0,0,,1/1/2025,2024
10601,SYNTHETIC SITE 01600,101600,,SYNTHETIC COMPANY 01600,1 Example Way,Nowhere,ZZ,00000,3115,2017,SYNTHETIC INDUSTRY,1,2,27,47256,2,0,0,0,0,0,0,0,0,0,0,0,0,,1/1/2025,2024
10602,SYNTHETIC SITE 01601,101601,,SYNTHETIC COMPANY 01601,1 Example Way,Nowhere,ZZ,00000,2361,2017,SYNTHETIC INDUSTRY,1,2,99,201295,1,0,1,1,0,7,4,2,0,0,0,0,0,,1/1/2025,2024
10603,SYNTHETIC SITE 01602,101602,,SYNTHETIC COMPANY 01602,1 Example Way,Nowhere,ZZ,00000,3251,2017,SYNTHETIC INDUSTRY,1,2,16,30565,1,0,0,0,1,0,0,1,0,0,0,0,0,,1/1/2025,2024
10604,SYNTHETIC SITE 01603,101603,,SYNTHETIC COMPANY 01603,1 Example Way,Nowhere,ZZ,00000,4451,2017,SYNTHETIC INDUSTRY,1,2,131,209333,1,0,0,1,1,0,4,2,0,0,0,0,0,,1/1/2025,2024
10605,SYNTHETIC SITE 01604,101604,,SYNTHETIC COMPANY 01604,1 Example Way,Nowhere,ZZ,00000,2361,2017,SYNTHETIC INDUSTRY,1,2,124,234453,2,0,0,0,0,0,0,0,0,0,0,0,0,,1/1/2025,2024
10606,SYNTHETIC SITE 01605,101605,,SYNTHETIC COMPANY 01605,1 Example Way,Nowhere,ZZ,00000,3328,2017,SYNTHETIC INDUSTRY,1,2,39,58585,1,0,2,0,0,14,0,2,0,0,0,0,0,,1/1/2025,2024
10607,SYNTHETIC SITE 01606,101606,,SYNTHETIC COMPANY 01606,1 Example Way,Nowhere,ZZ,00000,3328,2017,SYNTHETIC INDUSTRY,1,2,46,82340,2,0,0,0,0,0,0,0,0,0,0,0,0,,1/1/2025,2024
10608,SYNTHETIC SITE 01607,101607,,SYNTHETIC COMPANY 01607,1 Example Way,Nowhere,ZZ,00000,2361,2017,SYNTHETIC INDUSTRY,1,2,8,16144,2,0,0,0,0,0,0,0,0,0,0,0,0,,1/1/2025,2024
10609,SYNTHETIC SITE 01608,101608,,SYNTHETIC COMPANY 01608,1 Example Way,Nowhere,ZZ,00000,3328,2017,SYNTHETIC INDUSTRY,1,2,96,199927,2,0,0,0,0,0,0,0,0,0,0,0,0,,1/1/2025,2024
10610,SYNTHETIC SITE 01609,101609,,SYNTHETIC COMPANY 01609,1 Example Way,Nowhere,ZZ,00000,2361,2017,SYNTHETIC INDUSTRY,1,2,250,457650,1,0,2,0,2,14,0,4,0,0,0,0,0,,1/1/2025,2024
10611,SYNTHETIC SITE 01610,101610,,SYNTHETIC COMPANY 01610,1 Example Way,Nowhere,ZZ,00000,2361,2017,SYNTHETIC INDUSTRY,1,2,54,103242,2,0,0,0,0,0,0,0,0,0,0,0,0,,1/1/2025,2024
10612,SYNTHETIC SITE 01611,101611,,SYNTHETIC COMPANY 01611,1 Example Way,Nowhere,ZZ,00000,3115,2017,SYNTHETIC INDUSTRY,1,2,34,64724,2,0,0,0,0,0,0,0,0,0,0,0,0,,1/1/2025,2024
10613,SYNTHETIC SITE 01612,101612,,SYNTHETIC COMPANY 01612,1 Example Way,Nowhere,ZZ,00000,3328,2017,SYNTHETIC INDUSTRY,1,2,104,186168,1,0,2,1,4,14,4,7,0,0,0,0,0,,1/1/2025,2024
10614,SYNTHETIC SITE 01613,101613,,SYNTHETIC COMPANY 01613,1 Example Way,Nowhere,ZZ,00000,3328,2017,SYNTHETIC INDUSTRY,1,2,15,27917,2,0,0,0,0,0,0,0,0,0,0,0,0,,1/1/2025,2024
10615,SYNTHETIC SITE 01614,101614,,SYNTHETIC COMPANY 01614,1 Example Way,Nowhere,ZZ,00000,3252,2017,SYNTHETIC INDUSTRY,1,2,147,270525,1,0,2,3,7,14,12,12,0,0,0,0,0,,1/1/2025,2024
10616,SYNTHETIC SITE 01615,101615,,SYNTHETIC COMPANY 01615,1 Example Way,Nowhere,ZZ,00000,6221,2017,SYNTHETIC INDUSTRY,1,2,41,67908,1,0,0,1,0,0,4,1,0,0,0,0,0,,1/1/2025,2024
10617,SYNTHETIC SITE 01616,101616,,SYNTHETIC COMPANY 01616,1 Example Way,Nowhere,ZZ,00000,3328,2017,SYNTHETIC INDUSTRY,1,2,15,24694,2,0,0,0,0,0,0,0,0,0,0,0,0,,1/1/2025,2024
10618,SYNTHETIC SITE 01617,101617,,SYNTHETIC COMPANY 01617,1 Example Way,Nowhere,ZZ,00000,3115,2017,SYNTHETIC INDUSTRY,1,2,121,201732,1,0,2,2,3,14,8,7,0,0,0,0,0,,1/1/2025,2024
10619,SYNTHETIC SITE 01618,101618,,SYNTHETIC COMPANY 01618,1 Example Way,Nowhere,ZZ,00000,3328,2017,SYNTHETIC INDUSTRY,1,2,75,152236,2,0,0,0,0,0,0,0,0,0,0,0,0,,1/1/2025,2024
10620,SYNTHETIC SITE 01619,101619,,SYNTHETIC COMPANY 01619,1 Example Way,Nowhere,ZZ,00000,6221,2017,SYNTHETIC INDUSTRY,1,2,52,103024,1,0,1,0,1,7,0,2,0,0,0,0,0,,1/1/2025,2024
10621,SYNTHETIC SITE 01620,101620,,SYNTHETIC COMPANY 01620,1 Example Way,Nowhere,ZZ,00000,4841,2017,SYNTHETIC INDUSTRY,1,2,10,16369,2,0,0,0,0,0,0,0,0,0,0,0,0,,1/1/2025,2024
10622,SYNTHETIC SITE 01621,101621,,SYNTHETIC COMPANY 01621,1 Example Way,Nowhere,ZZ,00000,3251,2017,SYNTHETIC INDUSTRY,1,2,155,297068,1,0,4,1,1,28,4,6,0,0,0,0,0,,1/1/2025,2024
10623,SYNTHETIC SITE 01622,101622,,SYNTHETIC COMPANY 01622,1 Example Way,Nowhere,ZZ,00000,6221,2017,SYNTHETIC INDUSTRY,1,2,12,21838,2,0,0,0,0,0,0,0,0,0,0,0,0,,1/1/2025,2024
10624,SYNTHETIC SITE 01623,101623,,SYNTHETIC COMPANY 01623,1 Example Way,Nowhere,ZZ,00000,4841,2017,SYNTHETIC INDUSTRY,1,2,154,330268,1,0,4,1,6,28,4,11,0,0,0,0,0,,1/1/2025,2024
10625,SYNTHETIC SITE 01624,101624,,SYNTHETIC COMPANY 01624,1 Example Way,Nowhere,ZZ,00000,3328,2017,SYNTHETIC INDUSTRY,1,2,32,60325,1,0,1,0,1,7,0,2,0,0,0,0,0,,1/1/2025,2024
10626,SYNTHETIC SITE 01625,101625,,SYNTHETIC COMPANY 01625,1 Example Way,Nowhere,ZZ,00000,4451,2017,SYNTHETIC INDUSTRY,1,2,159,289256,1,0,0,1,3,0,4,4,0,0,0,0,0,,1/1/2025,2024
10627,SYNTHETIC SITE 01626,101626,,SYNTHETIC COMPANY 01626,1 Example Way,Nowhere,ZZ,00000,4451,2017,SYNTHETIC INDUSTRY,1,2,166,175960,1,0,2,0,0,14,0,2,0,0,0,0,0,,1/1/2025,2024
10628,SYNTHETIC SITE 01627,101627,,SYNTHETIC COMPANY 01627,1 Example Way,Nowhere,ZZ,00000,3252,2017,SYNTHETIC INDUSTRY,1,2,346,639428,1,0,1,1,2,7,4,4,0,0,0,0,0,,1/1/2025,2024
10629,SYNTHETIC SITE 01628,101628,,SYNTHETIC COMPANY 01628,1 Example Way,Nowhere,ZZ,00000,4841,2017,SYNTHETIC INDUSTRY,1,2,40,68212,2,0,0,0,0,0,0,0,0,0,0,0,0,,1/1/2025,2024
10630,SYNTHETIC SITE 01629,101629,,SYNTHETIC COMPANY 01629,1 Example Way,Nowhere,ZZ,00000,2361,2017,SYNTHETIC INDUSTRY,1,2,14,27247,2,0,0,0,0,0,0,0,0,0,0,0,0,,1/1/2025,2024
10631,SYNTHETIC SITE 01630,101630,,SYNTHETIC COMPANY 01630,1 Example Way,Nowhere,ZZ,00000,3328,2017,SYNTHETIC INDUSTRY,1,2,146,248784,2,0,0,0,0,0,0,0,0,0,0,0,0,,1/1/2025,2024
10632,SYNTHETIC SITE 01631,101631,,SYNTHETIC COMPANY 01631,1 Example Way,Nowhere,ZZ,00000,6221,2017,SYNTHETIC INDUSTRY,1,2,53,105594,2,0,0,0,0,0,0,0,0,0,0,0,0,,1/1/2025,2024
10633,SYNTHETIC SITE 01632,101632,,SYNTHETIC COMPANY 01632,1 Example Way,Nowhere,ZZ,00000,6221,2017,SYNTHETIC INDUSTRY,1,2,36,49716,2,0,0,0,0,0,0,0,0,0,0,0,0,,1/1/2025,2024
10634,SYNTHETIC SITE 01633,101633,,SYNTHETIC COMPANY 01633,1 Example Way,Nowhere,ZZ,00000,3251,2017,SYNTHETIC INDUSTRY,1,2,9,21065,2,0,0,0,0,0,0,0,0,0,0,0,0,,1/1/2025,2024
10635,SYNTHETIC SITE 01634,101634,,SYNTHETIC COMPANY 01634,1 Example Way,Nowhere,ZZ,00000,2361,2017,SYNTHETIC INDUSTRY,1,2,38,65678,2,0,0,0,0,0,0,0,0,0,0,0,0,,1/1/2025,2024
10636,SYNTHETIC SITE 01635,101635,,SYNTHETIC COMPANY 01635,1 Example Way,Nowhere,ZZ,00000,2361,2017,SYNTHETIC INDUSTRY,1,2,25,59989,1,0,0,0,1,0,0,1,0,0,0,0,0,,1/1/2025,2024
10637,SYNTHETIC SITE 01636,101636,,SYNTHETIC COMPANY 01636,1 Example Way,Nowhere,ZZ,00000,2361,2017,SYNTHETIC INDUSTRY,1,2,74,131776,1,0,0,0,2,0,0,2,0,0,0,0,0,,1/1/2025,2024
10638,SYNTHETIC SITE 01637,101637,,SYNTHETIC COMPANY 01637,1 Example Way,Nowhere,ZZ,00000,3115,2017,SYNTHETIC INDUSTRY,1,2,31,65132,2,0,0,0,0,0,0,0,0,0,0,0,0,,1/1/2025,2024
10639,SYNTHETIC SITE 01638,101638,,SYNTHETIC COMPANY 01638,1 Example Way,Nowhere,ZZ,00000,3252,2017,SYNTHETIC INDUSTRY,1,2,25,56523,1,0,1,0,0,7,0,1,0,0,0,0,0,,1/1/2025,2024
10640,SYNTHETIC SITE 01639,101639,,SYNTHETIC COMPANY 01639,1 Example Way,Nowhere,ZZ,00000,6221,2017,SYNTHETIC INDUSTRY,1,2,38,60075,2,0,0,0,0,0,0,0,0,0,0,0,0,,1/1/2025,2024
10641,SYNTHETIC SITE 01640,101640,,SYNTHETIC COMPANY 01640,1 Example Way,Nowhere,ZZ,00000,3252,2017,SYNTHETIC INDUSTRY,1,2,125,212330,2,0,0,0,0,0,0,0,0,0,0,0,0,,1/1/2025,2024
10642,SYNTHETIC SITE 01641,101641,,SYNTHETIC COMPANY 01641,1 Example Way,Nowhere,ZZ,00000,4451,2017,SYNTHETIC INDUSTRY,1,2,38,70669,1,0,0,1,1,0,4,2,0,0,0,0,0,,1/1/2025,2024
10643,SYNTHETIC SITE 01642,101642,,SYNTHETIC COMPANY 01642,1 Example Way,Nowhere,ZZ,00000,3328,2017,SYNTHETIC INDUSTRY,1,2,209,433010,1,0,2,2,4,14,8,8,0,0,0,0,0,,1/1/2025,2024
10644,SYNTHETIC SITE 01643,101643,,SYNTHETIC COMPANY 01643,1 Example Way,Nowhere,ZZ,00000,4841,2017,SYNTHETIC INDUSTRY,1,2,285,586371,1,0,2,2,2,14,8,6,0,0,0,0,0,,1/1/2025,2024
10645,SYNTHETIC SITE 01644,101644,,SYNTHETIC COMPANY 01644,1 Example Way,Nowhere,ZZ,00000,6221,2017,SYNTHETIC INDUSTRY,1,2,15,27670,2,0,0,0,0,0,0,0,0,0,0,0,0,,1/1/2025,2024
10646,SYNTHETIC SITE 01645,101645,,SYNTHETIC COMPANY 01645,1 Example Way,Nowhere,ZZ,00000,4451,2017,SYNTHETIC INDUSTRY,1,2,9,19548,2,0,0,0,0,0,0,0,0,0,0,0,0,,1/1/2025,2024
10647,SYNTHETIC SITE 01646,101646,,SYNTHETIC COMPANY 01646,1 Example Way,Nowhere,ZZ,00000,6221,2017,SYNTHETIC INDUSTRY,1,2,29,64234,2,0,0,0,0,0,0,0,0,0,0,0,0,,1/1/2025,2024
10648,SYNTHETIC SITE 01647,101647,,SYNTHETIC COMPANY 01647,1 Example Way,Nowhere,ZZ,00000,4451,2017,SYNTHETIC INDUSTRY,1,2,1,1753,2,0,0,0,0,0,0,0,0,0,0,0,0,,1/1/2025,2024
10649,SYNTHETIC SITE 01648,101648,,SYNTHETIC COMPANY 01648,1 Example Way,Nowhere,ZZ,00000,4451,2017,SYNTHETIC INDUSTRY,1,2,165,339817,1,0,0,0,1,0,0,1,0,0,0,0,0,,1/1/2025,2024
10650,SYNTHETIC SITE 01649,101649,,SYNTHETIC COMPANY 01649,1 Example Way,Nowhere,ZZ,00000,6221,2017,SYNTHETIC INDUSTRY,1,2,7,11558,2,0,0,0,0,0,0,0,0,0,0,0,0,,1/1/2025,2024
10651,SYNTHETIC SITE 01650,101650,,SYNTHETIC COMPANY 01650,1 Example Way,Nowhere,ZZ,00000,4451,2017,SYNTHETIC INDUSTRY,1,2,6,6960,2,0,0,0,0,0,0,0,0,0,0,0,0,,1/1/2025,2024
10652,SYNTHETIC SITE 01651,101651,,SYNTHETIC COMPANY 01651,1 Example Way,Nowhere,ZZ,00000,3251,2017,SYNTHETIC INDUSTRY,1,2,8,13939,2,0,0,0,0,0,0,0,0,0,0,0,0,,1/1/2025,2024
10653,SYNTHETIC SITE 01652,101652,,SYNTHETIC COMPANY 01652,1 Example Way,Nowhere,ZZ,00000,4841,2017,SYNTHETIC INDUSTRY,1,2,133,207558,1,0,1,1,0,7,4,2,0,0,0,0,0,,1/1/2025,2024
10654,SYNTHETIC SITE 01653,101653,,SYNTHETIC COMPANY 01653,1 Example Way,Nowhere,ZZ,00000,3251,2017,SYNTHETIC INDUSTRY,1,2,66,98504,1,0,1,0,0,7,0,1,0,0,0,0,0,,1/1/2025,2024
10655,SYNTHETIC SITE 01654,101654,,SYNTHETIC COMPANY 01654,1 Example Way,Nowhere,ZZ,00000,3328,2017,SYNTHETIC INDUSTRY,1,2,36,72519,2,0,0,0,0,0,0,0,0,0,0,0,0,,1/1/2025,2024
10656,SYNTHETIC SITE 01655,101655,,SYNTHETIC COMPANY 01655,1 Example Way,Nowhere,ZZ,00000,3328,2017,SYNTHETIC INDUSTRY,1,2,11,26108,1,0,0,0,2,0,0,2,0,0,0,0,0,,1/1/2025,2024
10657,SYNTHETIC SITE 01656,101656,,SYNTHETIC COMPANY 01656,1 Example Way,Nowhere,ZZ,00000,6221,2017,SYNTHETIC INDUSTRY,1,2,50,10167100000,2,0,0,0,0,0,0,0,0,0,0,0,0,,1/1/2025,2024
10658,SYNTHETIC SITE 01657,101657,,SYNTHETIC COMPANY 01657,1 Example Way,Nowhere,ZZ,00000,3328,2017,SYNTHETIC INDUSTRY,1,2,137,343830,1,0,5,2,5,35,8,12,0,0,0,0,0,,1/1/2025,2024
10659,SYNTHETIC SITE 01658,101658,,SYNTHETIC COMPANY 01658,1 Example Way,Nowhere,ZZ,00000,6221,2017,SYNTHETIC INDUSTRY,1,2,42,47514,2,0,0,0,0,0,0,0,0,0,0,0,0,,1/1/2025,2024
10660,SYNTHETIC SITE 01659,101659,,SYNTHETIC COMPANY 01659,1 Example Way,Nowhere,ZZ,00000,2361,2017,SYNTHETIC INDUSTRY,1,2,316,519815000,1,0,3,2,0,21,8,5,0,0,0,0,0,,1/1/2025,2024
10661,SYNTHETIC SITE 01660,101660,,SYNTHETIC COMPANY 01660,1 Example Way,Nowhere,ZZ,00000,3115,2017,SYNTHETIC INDUSTRY,1,2,76,127970,2,0,0,0,0,0,0,0,0,0,0,0,0,,1/1/2025,2024
10662,SYNTHETIC SITE 01661,101661,,SYNTHETIC COMPANY 01661,1 Example Way,Nowhere,ZZ,00000,3328,2017,SYNTHETIC INDUSTRY,1,2,14,23325,1,0,2,0,0,14,0,2,0,0,0,0,0,,1/1/2025,2024
10663,SYNTHETIC SITE 01662,101662,,SYNTHETIC COMPANY 01662,1 Example Way,Nowhere,ZZ,00000,4451,2017,SYNTHETIC INDUSTRY,1,2,11,21930,2,0,0,0,0,0,0,0,0,0,0,0,0,,1/1/2025,2024
10664,SYNTHETIC SITE 01663,101663,,SYNTHETIC COMPANY 01663,1 Example Way,Nowhere,ZZ,00000,3328,2017,SYNTHETIC INDUSTRY,1,2,35,55794,1,0,1,0,4,7,0,5,0,0,0,0,0,,1/1/2025,2024
10665,SYNTHETIC SITE 01664,101664,,SYNTHETIC COMPANY 01664,1 Example Way,Nowhere,ZZ,00000,4451,2017,SYNTHETIC INDUSTRY,1,2,27,51984,1,0,1,0,0,7,0,1,0,0,0,0,0,,1/1/2025,2024
10666,SYNTHETIC SITE 01665,101665,,SYNTHETIC COMPANY 01665,1 Example Way,Nowhere,ZZ,00000,4451,2017,SYNTHETIC INDUSTRY,1,2,29,41921,1,0,0,1,0,0,4,1,0,0,0,0,0,,1/1/2025,2024
10667,SYNTHETIC SITE 01666,101666,,SYNTHETIC COMPANY 01666,1 Example Way,Nowhere,ZZ,00000,4451,2017,SYNTHETIC INDUSTRY,1,2,43,92804,2,0,0,0,0,0,0,0,0,0,0,0,0,,1/1/2025,2024
10668,SYNTHETIC SITE 01667,101667,,SYNTHETIC COMPANY 01667,1 Example Way,Nowhere,ZZ,00000,2361,2017,SYNTHETIC INDUSTRY,1,2,30,71874,1,0,5,0,4,35,0,9,0,0,0,0,0,,1/1/2025,2024
10669,SYNTHETIC SITE 01668,101668,,SYNTHETIC COMPANY 01668,1 Example Way,Nowhere,ZZ,00000,3251,2017,SYNTHETIC INDUSTRY,1,2,59,93226,1,0,0,0,1,0,0,1,0,0,0,0,0,,1/1/2025,2024
10670,SYNTHETIC SITE 01669,101669,,SYNTHETIC COMPANY 01669,1 Example Way,Nowhere,ZZ,00000,3252,2017,SYNTHETIC INDUSTRY,1,2,63,137582,2,0,0,0,0,0,0,0,0,0,0,0,0,,1/1/2025,2024
10671,SYNTHETIC SITE 01670,101670,,SYNTHETIC COMPANY 01670,1 Example Way,Nowhere,ZZ,00000,6221,2017,SYNTHETIC INDUSTRY,1,2,74,114486,1,0,0,1,0,0,4,1,0,0,0,0,0,,1/1/2025,2024
10672,SYNTHETIC SITE 01671,101671,,SYNTHETIC COMPANY 01671,1 Example Way,Nowhere,ZZ,00000,3252,2017,SYNTHETIC INDUSTRY,1,2,21,32185,2,0,0,0,0,0,0,0,0,0,0,0,0,,1/1/2025,2024
10673,SYNTHETIC SITE 01672,101672,,SYNTHETIC COMPANY 01672,1 Example Way,Nowhere,ZZ,00000,3115,2017,SYNTHETIC INDUSTRY,1,2,309,407600,1,0,5,1,4,35,4,10,0,0,0,0,0,,1/1/2025,2024
10674,SYNTHETIC SITE 01673,101673,,SYNTHETIC COMPANY 01673,1 Example Way,Nowhere,ZZ,00000,3115,2017,SYNTHETIC INDUSTRY,1,2,52,101050,1,0,1,0,1,7,0,2,0,0,0,0,0,,1/1/2025,2024
10675,SYNTHETIC SITE 01674,101674,,SYNTHETIC COMPANY 01674,1 Example Way,Nowhere,ZZ,00000,6221,2017,SYNTHETIC INDUSTRY,1,2,554,1049059,2,0,0,0,0,0,0,0,0,0,0,0,0,,1/1/2025,2024
10676,SYNTHETIC SITE 01675,101675,,SYNTHETIC COMPANY 01675,1 Example Way,Nowhere,ZZ,00000,4841,2017,SYNTHETIC INDUSTRY,1,2,33,51238,1,0,3,1,2,21,4,6,0,0,0,0,0,,1/1/2025,2024
10677,SYNTHETIC SITE 01676,101676,,SYNTHETIC COMPANY 01676,1 Example Way,Nowhere,ZZ,00000,2361,2017,SYNTHETIC INDUSTRY,1,2,6,9737,2,0,0,0,0,0,0,0,0,0,0,0,0,,1/1/2025,2024
10678,SYNTHETIC SITE 01677,101677,,SYNTHETIC COMPANY 01677,1 Example Way,Nowhere,ZZ,00000,3115,2017,SYNTHETIC INDUSTRY,1,2,77,118013,1,0,2,1,1,14,4,4,0,0,0,0,0,,1/1/2025,2024
10679,SYNTHETIC SITE 01678,101678,,SYNTHETIC COMPANY 01678,1 Example Way,Nowhere,ZZ,00000,3328,2017,SYNTHETIC INDUSTRY,1,2,8,12738,2,0,0,0,0,0,0,0,0,0,0,0,0,,1/1/2025,2024
10680,SYNTHETIC SITE 01679,101679,,SYNTHETIC COMPANY 01679,1 Example Way,Nowhere,ZZ,00000,4841,2017,SYNTHETIC INDUSTRY,1,2,178,324715,1,0,0,1,0,0,4,1,0,0,0,0,0,,1/1/2025,2024
10681,SYNTHETIC SITE 01680,101680,,SYNTHETIC COMPANY 01680,1 Example Way,Nowhere,ZZ,00000,4451,2017,SYNTHETIC INDUSTRY,1,2,29,53687,2,0,0,0,0,0,0,0,0,0,0,0,0,,1/1/2025,2024
10682,SYNTHETIC SITE 01681,101681,,SYNTHETIC COMPANY 01681,1 Example Way,Nowhere,ZZ,00000,3115,2017,SYNTHETIC INDUSTRY,1,2,56,90810,2,0,0,0,0,0,0,0,0,0,0,0,0,,1/1/2025,2024
10683,SYNTHETIC SITE 01682,101682,,SYNTHETIC COMPANY 01682,1 Example Way,Nowhere,ZZ,00000,2361,2017,SYNTHETIC INDUSTRY,1,2,22,42884,1,0,2,1,0,14,4,3,0,0,0,0,0,,1/1/2025,2024
10684,SYNTHETIC SITE 01683,101683,,SYNTHETIC COMPANY 01683,1 Example Way,Nowhere,ZZ,00000,3328,2017,SYNTHETIC INDUSTRY,1,2,260,509500,2,0,0,0,0,0,0,0,0,0,0,0,0,,1/1/2025,2024
10685,SYNTHETIC SITE 01684,101684,,SYNTHETIC COMPANY 01684,1 Example Way,Nowhere,ZZ,00000,3115,2017,SYNTHETIC INDUSTRY,1,2,16,24761,2,0,0,0,0,0,0,0,0,0,0,0,0,,1/1/2025,2024
10686,SYNTHETIC SITE 01685,101685,,SYNTHETIC COMPANY 01685,1 Example Way,Nowhere,ZZ,00000,2361,2017,SYNTHETIC INDUSTRY,1,2,72,114213,1,0,0,0,2,0,0,2,0,0,0,0,0,,1/1/2025,2024
10687,SYNTHETIC SITE 01686,101686,,SYNTHETIC COMPANY 01686,1 Example Way,Nowhere,ZZ,00000,3115,2017,SYNTHETIC INDUSTRY,1,2,146,356051,1,0,4,3,5,28,12,12,0,0,0,0,0,,1/1/2025,2024
10688,SYNTHETIC SITE 01687,101687,,SYNTHETIC COMPANY 01687,1 Example Way,Nowhere,ZZ,00000,6221,2017,SYNTHETIC INDUSTRY,1,2,174,298553,1,0,0,2,0,0,8,2,0,0,0,0,0,,1/1/2025,2024
10689,SYNTHETIC SITE 01688,101688,,SYNTHETIC COMPANY 01688,1 Example Way,Nowhere,ZZ,00000,3251,2017,SYNTHETIC INDUSTRY,1,2,9,17171,2,0,0,0,0,0,0,0,0,0,0,0,0,,1/1/2025,2024
10690,SYNTHETIC SITE 01689,101689,,SYNTHETIC COMPANY 01689,1 Example Way,Nowhere,ZZ,00000,6221,2017,SYNTHETIC INDUSTRY,1,2,210,422227,1,0,5,1,3,35,4,9,0,0,0,0,0,,1/1/2025,2024
10691,SYNTHETIC SITE 01690,101690,,SYNTHETIC COMPANY 01690,1 Example Way,Nowhere,ZZ,00000,6221,2017,SYNTHETIC INDUSTRY,1,2,10,14664,2,0,0,0,0,0,0,0,0,0,0,0,0,,1/1/2025,2024
10692,SYNTHETIC SITE 01691,101691,,SYNTHETIC COMPANY 01691,1 Example Way,Nowhere,ZZ,00000,3251,2017,SYNTHETIC INDUSTRY,1,2,55,81201,2,0,0,0,0,0,0,0,0,0,0,0,0,,1/1/2025,2024
10693,SYNTHETIC SITE 01692,101692,,SYNTHETIC COMPANY 01692,1 Example Way,Nowhere,ZZ,00000,3115,2017,SYNTHETIC INDUSTRY,1,2,15,29264,1,0,1,1,0,7,4,2,0,0,0,0,0,,1/1/2025,2024
10694,SYNTHETIC SITE 01693,101693,,SYNTHETIC COMPANY 01693,1 Example Way,Nowhere,ZZ,00000,3115,2017,SYNTHETIC INDUSTRY,1,2,55,93670,2,0,0,0,0,0,0,0,0,0,0,0,0,,1/1/2025,2024
10695,SYNTHETIC SITE 01694,101694,,SYNTHETIC COMPANY 01694,1 Example Way,Nowhere,ZZ,00000,3115,2017,SYNTHETIC INDUSTRY,1,2,23,51281,2,0,0,0,0,0,0,0,0,0,0,0,0,,1/1/2025,2024
10696,SYNTHETIC SITE 01695,101695,,SYNTHETIC COMPANY 01695,1 Example Way,Nowhere,ZZ,00000,3251,2017,SYNTHETIC INDUSTRY,1,2,6,11578,2,0,0,0,0,0,0,0,0,0,0,0,0,,1/1/2025,2024
10697,SYNTHETIC SITE 01696,101696,,SYNTHETIC COMPANY 01696,1 Example Way,Nowhere,ZZ,00000,3252,2017,SYNTHETIC INDUSTRY,1,2,41,90489,1,0,1,0,0,7,0,1,0,0,0,0,0,,1/1/2025,2024
10698,SYNTHETIC SITE 01697,101697,,SYNTHETIC COMPANY 01697,1 Example Way,Nowhere,ZZ,00000,6221,2017,SYNTHETIC INDUSTRY,1,2,9,19657,2,0,0,0,0,0,0,0,0,0,0,0,0,,1/1/2025,2024
10699,SYNTHETIC SITE 01698,101698,,SYNTHETIC COMPANY 01698,1 Example Way,Nowhere,ZZ,00000,3252,2017,SYNTHETIC INDUSTRY,1,2,78,156714,1,0,0,1,1,0,4,2,0,0,0,0,0,,1/1/2025,2024
10700,SYNTHETIC SITE 01699,101699,,SYNTHETIC COMPANY 01699,1 Example Way,Nowhere,ZZ,00000,4841,2017,SYNTHETIC INDUSTRY,1,2,91,181256,1,0,3,4,4,21,16,11,0,0,0,0,0,,1/1/2025,2024
10701,SYNTHETIC SITE 01700,101700,,SYNTHETIC COMPANY 01700,1 Example Way,Nowhere,ZZ,00000,3251,2017,SYNTHETIC INDUSTRY,1,2,61,105093,1,0,0,1,0,0,4,1,0,0,0,0,0,,1/1/2025,2024
10702,SYNTHETIC SITE 01701,101701,,SYNTHETIC COMPANY 01701,1 Example Way,Nowhere,ZZ,00000,4451,2017,SYNTHETIC INDUSTRY,1,2,29,46353,2,0,0,0,0,0,0,0,0,0,0,0,0,,1/1/2025,2024
10703,SYNTHETIC SITE 01702,101702,,SYNTHETIC COMPANY 01702,1 Example Way,Nowhere,ZZ,00000,3252,2017,SYNTHETIC INDUSTRY,1,2,19,38699,2,0,0,0,0,0,0,0,0,0,0,0,0,,1/1/2025,2024
10704,SYNTHETIC SITE 01703,101703,,SYNTHETIC COMPANY 01703,1 Example Way,Nowhere,ZZ,00000,3115,2017,SYNTHETIC INDUSTRY,1,2,23,52972,2,0,0,0,0,0,0,0,0,0,0,0,0,,1/1/2025,2024
10705,SYNTHETIC SITE 01704,101704,,SYNTHETIC COMPANY 01704,1 Example Way,Nowhere,ZZ,00000,4451,2017,SYNTHETIC INDUSTRY,1,2,48,92402,1,0,1,0,0,7,0,1,0,0,0,0,0,,1/1/2025,2024
10706,SYNTHETIC SITE 01705,101705,,SYNTHETIC COMPANY 01705,1 Example Way,Nowhere,ZZ,00000,3251,2017,SYNTHETIC INDUSTRY,1,2,35,66941,1,0,1,1,2,7,4,4,0,0,0,0,0,,1/1/2025,2024
10707,SYNTHETIC SITE 01706,101706,,SYNTHETIC COMPANY 01706,1 Example Way,Nowhere,ZZ,00000,3115,2017,SYNTHETIC INDUSTRY,1,2,275,524484,1,0,0,3,2,0,12,5,0,0,0,0,0,,1/1/2025,2024
10708,SYNTHETIC SITE 01707,101707,,SYNTHETIC COMPANY 01707,1 Example Way,Nowhere,ZZ,00000,3251,2017,SYNTHETIC INDUSTRY,1,2,98,179650,1,0,0,1,0,0,4,1,0,0,0,0,0,,1/1/2025,2024
10709,SYNTHETIC SITE 01708,101708,,SYNTHETIC COMPANY 01708,1 Example Way,Nowhere,ZZ,00000,2361,2017,SYNTHETIC INDUSTRY,1,2,201,222316,2,0,0,0,0,0,0,0,0,0,0,0,0,,1/1/2025,2024
10710,SYNTHETIC SITE 01709,101709,,SYNTHETIC COMPANY 01709,1 Example Way,Nowhere,ZZ,00000,4841,2017,SYNTHETIC INDUSTRY,1,2,42,88976,2,0,0,0,0,0,0,0,0,0,0,0,0,,1/1/2025,2024
10711,SYNTHETIC SITE 01710,101710,,SYNTHETIC COMPANY 01710,1 Example Way,Nowhere,ZZ,00000,4841,2017,SYNTHETIC INDUSTRY,1,2,40,58011,2,0,0,0,0,0,0,0,0,0,0,0,0,,1/1/2025,2024
10712,SYNTHETIC SITE 01711,101711,,SYNTHETIC COMPANY 01711,1 Example Way,Nowhere,ZZ,00000,4841,2017,SYNTHETIC INDUSTRY,1,2,65,88287,1,0,0,0,1,0,0,1,0,0,0,0,0,,1/1/2025,2024
10713,SYNTHETIC SITE 01712,101712,,SYNTHETIC COMPANY 01712,1 Example Way,Nowhere,ZZ,00000,2361,2017,SYNTHETIC INDUSTRY,1,2,32,57475,1,0,0,0,1,0,0,1,0,0,0,0,0,,1/1/2025,2024
10714,SYNTHETIC SITE 01713,101713,,SYNTHETIC COMPANY 01713,1 Example Way,Nowhere,ZZ,00000,3328,2017,SYNTHETIC INDUSTRY,1,2,27,44083,1,0,1,0,0,7,0,1,0,0,0,0,0,,1/1/2025,2024
10715,SYNTHETIC SITE 01714,101714,,SYNTHETIC COMPANY 01714,1 Example Way,Nowhere,ZZ,00000,3328,2017,SYNTHETIC INDUSTRY,1,2,15,28479,2,0,0,0,0,0,0,0,0,0,0,0,0,,1/1/2025,2024
10716,SYNTHETIC SITE 01715,101715,,SYNTHETIC COMPANY 01715,1 Example Way,Nowhere,ZZ,00000,2361,2017,SYNTHETIC INDUSTRY,1,2,123,192109,2,0,0,0,0,0,0,0,0,0,0,0,0,,1/1/2025,2024
10717,SYNTHETIC SITE 01716,101716,,SYNTHETIC COMPANY 01716,1 Example Way,Nowhere,ZZ,00000,6221,2017,SYNTHETIC INDUSTRY,1,2,34,73390,1,0,0,1,1,0,4,2,0,0,0,0,0,,1/1/2025,2024
10718,SYNTHETIC SITE 01717,101717,,SYNTHETIC COMPANY 01717,1 Example Way,Nowhere,ZZ,00000,3251,2017,SYNTHETIC INDUSTRY,1,2,68,111310,2,0,0,0,0,0,0,0,0,0,0,0,0,,1/1/2025,2024
10719,SYNTHETIC SITE 01718,101718,,SYNTHETIC COMPANY 01718,1 Example Way,Nowhere,ZZ,00000,2361,2017,SYNTHETIC INDUSTRY,1,2,4,7350,2,0,0,0,0,0,0,0,0,0,0,0,0,,1/1/2025,2024
10720,SYNTHETIC SITE 01719,101719,,SYNTHETIC COMPANY 01719,1 Example Way,Nowhere,ZZ,00000,3115,2017,SYNTHETIC INDUSTRY,1,2,226,347515,1,0,5,3,6,35,12,14,0,0,0,0,0,,1/1/2025,2024
10721,SYNTHETIC SITE 01720,101720,,SYNTHETIC COMPANY 01720,1 Example Way,Nowhere,ZZ,00000,2361,2017,SYNTHETIC INDUSTRY,1,2,13,24771,2,0,0,0,0,0,0,0,0,0,0,0,0,,1/1/2025,2024
10722,SYNTHETIC SITE 01721,101721,,SYNTHETIC COMPANY 01721,1 Example Way,Nowhere,ZZ,00000,6221,2017,SYNTHETIC INDUSTRY,1,2,39,71314,2,0,0,0,0,0,0,0,0,0,0,0,0,,1/1/2025,2024
10723,SYNTHETIC SITE 01722,101722,,SYNTHETIC COMPANY 01722,1 Example Way,Nowhere,ZZ,00000,3328,2017,SYNTHETIC INDUSTRY,1,2,23,39812,1,0,0,0,1,0,0,1,0,0,0,0,0,,1/1/2025,2024
10724,SYNTHETIC SITE 01723,101723,,SYNTHETIC COMPANY 01723,1 Example Way,Nowhere,ZZ,00000,3115,2017,SYNTHETIC INDUSTRY,1,2,4,8356,2,0,0,0,0,0,0,0,0,0,0,0,0,,1/1/2025,2024
10725,SYNTHETIC SITE 01724,101724,,SYNTHETIC COMPANY 01724,1 Example Way,Nowhere,ZZ,00000,4841,2017,SYNTHETIC INDUSTRY,1,2,111,211895,1,0,2,0,1,14,0,3,0,0,0,0,0,,1/1/2025,2024
10726,SYNTHETIC SITE 01725,101725,,SYNTHETIC COMPANY 01725,1 Example Way,Nowhere,ZZ,00000,4841,2017,SYNTHETIC INDUSTRY,1,2,20,46024,1,0,3,1,0,21,4,4,0,0,0,0,0,,1/1/2025,2024
10727,SYNTHETIC SITE 01726,101726,,SYNTHETIC COMPANY 01726,1 Example Way,Nowhere,ZZ,00000,3115,2017,SYNTHETIC INDUSTRY,1,2,5,10096,1,0,0,1,0,0,4,1,0,0,0,0,0,,1/1/2025,2024
10728,SYNTHETIC SITE 01727,101727,,SYNTHETIC COMPANY 01727,1 Example Way,Nowhere,ZZ,00000,3252,2017,SYNTHETIC INDUSTRY,1,2,247,498245,1,0,0,2,0,0,8,2,0,0,0,0,0,,1/1/2025,2024
10729,SYNTHETIC SITE 01728,101728,,SYNTHETIC COMPANY 01728,1 Example Way,Nowhere,ZZ,00000,3251,2017,SYNTHETIC INDUSTRY,1,2,110,222978,2,0,0,0,0,0,0,0,0,0,0,0,0,,1/1/2025,2024
10730,SYNTHETIC SITE 01729,101729,,SYNTHETIC COMPANY 01729,1 Example Way,Nowhere,ZZ,00000,3252,2017,SYNTHETIC INDUSTRY,1,2,294,534134,2,0,0,0,0,0,0,0,0,0,0,0,0,,1/1/2025,2024
10731,SYNTHETIC SITE 01730,101730,,SYNTHETIC COMPANY 01730,1 Example Way,Nowhere,ZZ,00000,2361,2017,SYNTHETIC INDUSTRY,1,2,4,7658,1,0,1,0,0,7,0,1,0,0,0,0,0,,1/1/2025,2024
10732,SYNTHETIC SITE 01731,101731,,SYNTHETIC COMPANY 01731,1 Example Way,Nowhere,ZZ,00000,3115,2017,SYNTHETIC INDUSTRY,1,2,107,198738,2,0,0,0,0,0,0,0,0,0,0,0,0,,1/1/2025,2024
10733,SYNTHETIC SITE 01732,101732,,SYNTHETIC COMPANY 01732,1 Example Way,Nowhere,ZZ,00000,3251,2017,SYNTHETIC INDUSTRY,1,2,53,95785,1,0,1,0,0,7,0,1,0,0,0,0,0,,1/1/2025,2024
10734,SYNTHETIC SITE 01733,101733,,SYNTHETIC COMPANY 01733,1 Example Way,Nowhere,ZZ,00000,4841,2017,SYNTHETIC INDUSTRY,1,2,78,150544,1,0,3,1,5,21,4,9,0,0,0,0,0,,1/1/2025,2024
10735,SYNTHETIC SITE 01734,101734,,SYNTHETIC COMPANY 01734,1 Example Way,Nowhere,ZZ,00000,4841,2017,SYNTHETIC INDUSTRY,1,2,17,35346,2,0,0,0,0,0,0,0,0,0,0,0,0,,1/1/2025,2024
10736,SYNTHETIC SITE 01735,101735,,SYNTHETIC COMPANY 01735,1 Example Way,Nowhere,ZZ,00000,3115,2017,SYNTHETIC INDUSTRY,1,2,122,180124,2,0,0,0,0,0,0,0,0,0,0,0,0,,1/1/2025,2024
10737,SYNTHETIC SITE 01736,101736,,SYNTHETIC COMPANY 01736,1 Example Way,Nowhere,ZZ,00000,3252,2017,SYNTHETIC INDUSTRY,1,2,184,386814,1,0,6,1,4,42,4,11,0,0,0,0,0,,1/1/2025,2024
10738,SYNTHETIC SITE 01737,101737,,SYNTHETIC COMPANY 01737,1 Example Way,Nowhere,ZZ,00000,4841,2017,SYNTHETIC INDUSTRY,1,2,25,54585,2,0,0,0,0,0,0,0,0,0,0,0,0,,1/1/2025,2024
10739,SYNTHETIC SITE 01738,101738,,SYNTHETIC COMPANY 01738,1 Example Way,Nowhere,ZZ,00000,3251,2017,SYNTHETIC INDUSTRY,1,2,21,36445,2,0,0,0,0,0,0,0,0,0,0,0,0,,1/1/2025,2024
10740,SYNTHETIC SITE 01739,101739,,SYNTHETIC COMPANY 01739,1 Example Way,Nowhere,ZZ,00000,4841,2017,SYNTHETIC INDUSTRY,1,2,23,38191,2,0,0,0,0,0,0,0,0,0,0,0,0,,1/1/2025,2024
10741,SYNTHETIC SITE 01740,101740,,SYNTHETIC COMPANY 01740,1 Example Way,Nowhere,ZZ,00000,4841,2017,SYNTHETIC INDUSTRY,1,2,38,91956,2,0,0,0,0,0,0,0,0,0,0,0,0,,1/1/2025,2024
10742,SYNTHETIC SITE 01741,101741,,SYNTHETIC COMPANY 01741,1 Example Way,Nowhere,ZZ,00000,2361,2017,SYNTHETIC INDUSTRY,1,2,25,57758,2,0,0,0,0,0,0,0,0,0,0,0,0,,1/1/2025,2024
10743,SYNTHETIC SITE 01742,101742,,SYNTHETIC COMPANY 01742,1 Example Way,Nowhere,ZZ,00000,3251,2017,SYNTHETIC INDUSTRY,1,2,78,147127,2,0,0,0,0,0,0,0,0,0,0,0,0,,1/1/2025,2024
10744,SYNTHETIC SITE 01743,101743,,SYNTHETIC COMPANY 01743,1 Example Way,Nowhere,ZZ,00000,3328,2017,SYNTHETIC INDUSTRY,1,2,16,30552000,2,0,0,0,0,0,0,0,0,0,0,0,0,,1/1/2025,2024
10745,SYNTHETIC SITE 01744,101744,,SYNTHETIC COMPANY 01744,1 Example Way,Nowhere,ZZ,00000,4451,2017,SYNTHETIC INDUSTRY,1,2,14,24000,1,0,1,0,0,7,0,1,0,0,0,0,0,,1/1/2025,2024
10746,SYNTHETIC SITE 01745,101745,,SYNTHETIC COMPANY 01745,1 Example Way,Nowhere,ZZ,00000,4841,2017,SYNTHETIC INDUSTRY,1,2,61,141025,1,0,0,0,1,0,0,1,0,0,0,0,0,,1/1/2025,2024
10747,SYNTHETIC SITE 01746,101746,,SYNTHETIC COMPANY 01746,1 Example Way,Nowhere,ZZ,00000,3115,2017,SYNTHETIC INDUSTRY,1,2,77,133659,2,0,0,0,0,0,0,0,0,0,0,0,0,,1/1/2025,2024
10748,SYNTHETIC SITE 01747,101747,,SYNTHETIC COMPANY 01747,1 Example Way,Nowhere,ZZ,00000,3328,2017,SYNTHETIC INDUSTRY,1,2,53,99995,1,0,1,1,0,7,4,2,0,0,0,0,0,,1/1/2025,2024
10749,SYNTHETIC SITE 01748,101748,,SYNTHETIC COMPANY 01748,1 Example Way,Nowhere,ZZ,00000,3328,2017,SYNTHETIC INDUSTRY,1,2,215,366959,1,0,15,4,17,105,16,36,0,0,0,0,0,,1/1/2025,2024
10750,SYNTHETIC SITE 01749,101749,,SYNTHETIC COMPANY 01749,1 Example Way,Nowhere,ZZ,00000,2361,2017,SYNTHETIC INDUSTRY,1,2,17,26832,2,0,0,0,0,0,0,0,0,0,0,0,0,,1/1/2025,2024
10751,SYNTHETIC SITE 01750,101750,,SYNTHETIC COMPANY 01750,1 Example Way,Nowhere,ZZ,00000,3252,2017,SYNTHETIC INDUSTRY,1,2,11,20547,2,0,0,0,0,0,0,0,0,0,0,0,0,,1/1/2025,2024
10752,SYNTHETIC SITE 01751,101751,,SYNTHETIC COMPANY 01751,1 Example Way,Nowhere,ZZ,00000,3252,2017,SYNTHETIC INDUSTRY,1,2,10,19194,2,0,0,0,0,0,0,0,0,0,0,0,0,,1/1/2025,2024
10753,SYNTHETIC SITE 01752,101752,,SYNTHETIC COMPANY 01752,1 Example Way,Nowhere,ZZ,00000,2361,2017,SYNTHETIC INDUSTRY,1,2,183,381321,1,0,2,3,3,14,12,8,0,0,0,0,0,,1/1/2025,2024
10754,SYNTHETIC SITE 01753,101753,,SYNTHETIC COMPANY 01753,1 Example Way,Nowhere,ZZ,00000,4451,2017,SYNTHETIC INDUSTRY,1,2,194,400716,1,0,0,0,1,0,0,1,0,0,0,0,0,,1/1/2025,2024
10755,SYNTHETIC SITE 01754,101754,,SYNTHETIC COMPANY 01754,1 Example Way,Nowhere,ZZ,00000,4451,2017,SYNTHETIC INDUSTRY,1,2,253,396170,1,0,0,1,0,0,4,1,0,0,0,0,0,,1/1/2025,2024
10756,SYNTHETIC SITE 01755,101755,,SYNTHETIC COMPANY 01755,1 Example Way,Nowhere,ZZ,00000,6221,2017,SYNTHETIC INDUSTRY,1,2,46,68946,2,0,0,0,0,0,0,0,0,0,0,0,0,,1/1/2025,2024
10757,SYNTHETIC SITE 01756,101756,,SYNTHETIC COMPANY 01756,1 Example Way,Nowhere,ZZ,00000,4841,2017,SYNTHETIC INDUSTRY,1,2,942,1610716,2,0,0,0,0,0,0,0,0,0,0,0,0,,1/1/2025,2024
10758,SYNTHETIC SITE 01757,101757,,SYNTHETIC COMPANY 01757,1 Example Way,Nowhere,ZZ,00000,3252,2017,SYNTHETIC INDUSTRY,1,2,23,43874,2,0,0,0,0,0,0,0,0,0,0,0,0,,1/1/2025,2024
10759,SYNTHETIC SITE 01758,101758,,SYNTHETIC COMPANY 01758,1 Example Way,Nowhere,ZZ,00000,3115,2017,SYNTHETIC INDUSTRY,1,2,125,191644,2,0,0,0,0,0,0,0,0,0,0,0,0,,1/1/2025,2024
10760,SYNTHETIC SITE 01759,101759,,SYNTHETIC COMPANY 01759,1 Example Way,Nowhere,ZZ,00000,3251,2017,SYNTHETIC INDUSTRY,1,2,32,56829,2,0,0,0,0,0,0,0,0,0,0,0,0,,1/1/2025,2024
10761,SYNTHETIC SITE 01760,101760,,SYNTHETIC COMPANY 01760,1 Example Way,Nowhere,ZZ,00000,3251,2017,SYNTHETIC INDUSTRY,1,2,15,24041,2,0,0,0,0,0,0,0,0,0,0,0,0,,1/1/2025,2024
10762,SYNTHETIC SITE 01761,101761,,SYNTHETIC COMPANY 01761,1 Example Way,Nowhere,ZZ,00000,3328,2017,SYNTHETIC INDUSTRY,1,2,48,100605,2,0,0,0,0,0,0,0,0,0,0,0,0,,1/1/2025,2024
10763,SYNTHETIC SITE 01762,101762,,SYNTHETIC COMPANY 01762,1 Example Way,Nowhere,ZZ,00000,6221,2017,SYNTHETIC INDUSTRY,1,2,18,26868,2,0,0,0,0,0,0,0,0,0,0,0,0,,1/1/2025,2024
10764,SYNTHETIC SITE 01763,101763,,SYNTHETIC COMPANY 01763,1 Example Way,Nowhere,ZZ,00000,3115,2017,SYNTHETIC INDUSTRY,1,2,29,49154,2,0,0,0,0,0,0,0,0,0,0,0,0,,1/1/2025,2024
10765,SYNTHETIC SITE 01764,101764,,SYNTHETIC COMPANY 01764,1 Example Way,Nowhere,ZZ,00000,4841,2017,SYNTHETIC INDUSTRY,1,2,19,36796,2,0,0,0,0,0,0,0,0,0,0,0,0,,1/1/2025,2024
10766,SYNTHETIC SITE 01765,101765,,SYNTHETIC COMPANY 01765,1 Example Way,Nowhere,ZZ,00000,3251,2017,SYNTHETIC INDUSTRY,1,2,28,35827,1,0,1,1,0,7,4,2,0,0,0,0,0,,1/1/2025,2024
10767,SYNTHETIC SITE 01766,101766,,SYNTHETIC COMPANY 01766,1 Example Way,Nowhere,ZZ,00000,4451,2017,SYNTHETIC INDUSTRY,1,2,510,974142,1,0,2,0,0,14,0,2,0,0,0,0,0,,1/1/2025,2024
10768,SYNTHETIC SITE 01767,101767,,SYNTHETIC COMPANY 01767,1 Example Way,Nowhere,ZZ,00000,4451,2017,SYNTHETIC INDUSTRY,1,2,67,113526,1,0,1,2,1,7,8,4,0,0,0,0,0,,1/1/2025,2024
10769,SYNTHETIC SITE 01768,101768,,SYNTHETIC COMPANY 01768,1 Example Way,Nowhere,ZZ,00000,2361,2017,SYNTHETIC INDUSTRY,1,2,6,10588,2,0,0,0,0,0,0,0,0,0,0,0,0,,1/1/2025,2024
10770,SYNTHETIC SITE 01769,101769,,SYNTHETIC COMPANY 01769,1 Example Way,Nowhere,ZZ,00000,3251,2017,SYNTHETIC INDUSTRY,1,2,224,425521,1,0,0,0,1,0,0,1,0,0,0,0,0,,1/1/2025,2024
10771,SYNTHETIC SITE 01770,101770,,SYNTHETIC COMPANY 01770,1 Example Way,Nowhere,ZZ,00000,3115,2017,SYNTHETIC INDUSTRY,1,2,105,214534,1,0,1,0,0,7,0,1,0,0,0,0,0,,1/1/2025,2024
10772,SYNTHETIC SITE 01771,101771,,SYNTHETIC COMPANY 01771,1 Example Way,Nowhere,ZZ,00000,6221,2017,SYNTHETIC INDUSTRY,1,2,13,24985,2,0,0,0,0,0,0,0,0,0,0,0,0,,1/1/2025,2024
10773,SYNTHETIC SITE 01772,101772,,SYNTHETIC COMPANY 01772,1 Example Way,Nowhere,ZZ,00000,3328,2017,SYNTHETIC INDUSTRY,1,2,8,13571,2,0,0,0,0,0,0,0,0,0,0,0,0,,1/1/2025,2024
10774,SYNTHETIC SITE 01773,101773,,SYNTHETIC COMPANY 01773,1 Example Way,Nowhere,ZZ,00000,3328,2017,SYNTHETIC INDUSTRY,1,2,16,31457,2,0,0,0,0,0,0,0,0,0,0,0,0,,1/1/2025,2024
10775,SYNTHETIC SITE 01774,101774,,SYNTHETIC COMPANY 01774,1 Example Way,Nowhere,ZZ,00000,4841,2017,SYNTHETIC INDUSTRY,1,2,12,24693,2,0,0,0,0,0,0,0,0,0,0,0,0,,1/1/2025,2024
10776,SYNTHETIC SITE 01775,101775,,SYNTHETIC COMPANY 01775,1 Example Way,Nowhere,ZZ,00000,4451,2017,SYNTHETIC INDUSTRY,1,2,12,22479,1,0,0,1,1,0,4,2,0,0,0,0,0,,1/1/2025,2024
10777,SYNTHETIC SITE 01776,101776,,SYNTHETIC COMPANY 01776,1 Example Way,Nowhere,ZZ,00000,3252,2017,SYNTHETIC INDUSTRY,1,2,383,791385,2,0,0,0,0,0,0,0,0,0,0,0,0,,1/1/2025,2024
10778,SYNTHETIC SITE 01777,101777,,SYNTHETIC COMPANY 01777,1 Example Way,Nowhere,ZZ,00000,4451,2017,SYNTHETIC INDUSTRY,1,2,18,23983,2,0,0,0,0,0,0,0,0,0,0,0,0,,1/1/2025,2024
10779,SYNTHETIC SITE 01778,101778,,SYNTHETIC COMPANY 01778,1 Example Way,Nowhere,ZZ,00000,3328,2017,SYNTHETIC INDUSTRY,1,2,37,52409,2,0,0,0,0,0,0,0,0,0,0,0,0,,1/1/2025,2024
10780,SYNTHETIC SITE 01779,101779,,SYNTHETIC COMPANY 01779,1 Example Way,Nowhere,ZZ,00000,3252,2017,SYNTHETIC INDUSTRY,1,2,22,34238,2,0,0,0,0,0,0,0,0,0,0,0,0,,1/1/2025,2024
10781,SYNTHETIC SITE 01780,101780,,SYNTHETIC COMPANY 01780,1 Example Way,Nowhere,ZZ,00000,3252,2017,SYNTHETIC INDUSTRY,1,2,29,49675,1,0,1,0,0,7,0,1,0,0,0,0,0,,1/1/2025,2024
10782,SYNTHETIC SITE 01781,101781,,SYNTHETIC COMPANY 01781,1 Example Way,Nowhere,ZZ,00000,3328,2017,SYNTHETIC INDUSTRY,1,2,7,12490,1,0,0,1,0,0,4,1,0,0,0,0,0,,1/1/2025,2024
10783,SYNTHETIC SITE 01782,101782,,SYNTHETIC COMPANY 01782,1 Example Way,Nowhere,ZZ,00000,6221,2017,SYNTHETIC INDUSTRY,1,2,140,304464,1,0,1,4,3,7,16,8,0,0,0,0,0,,1/1/2025,2024
10784,SYNTHETIC SITE 01783,101783,,SYNTHETIC COMPANY 01783,1 Example Way,Nowhere,ZZ,00000,6221,2017,SYNTHETIC INDUSTRY,1,2,21,39897,1,0,0,0,1,0,0,1,0,0,0,0,0,,1/1/2025,2024
10785,SYNTHETIC SITE 01784,101784,,SYNTHETIC COMPANY 01784,1 Example Way,Nowhere,ZZ,00000,4841,2017,SYNTHETIC INDUSTRY,1,2,28,54963,2,0,0,0,0,0,0,0,0,0,0,0,0,,1/1/2025,2024
10786,SYNTHETIC SITE 01785,101785,,SYNTHETIC COMPANY 01785,1 Example Way,Nowhere,ZZ,00000,4841,2017,SYNTHETIC INDUSTRY,1,2,12,23265,2,0,0,0,0,0,0,0,0,0,0,0,0,,1/1/2025,2024
10787,SYNTHETIC SITE 01786,101786,,SYNTHETIC COMPANY 01786,1 Example Way,Nowhere,ZZ,00000,3115,2017,SYNTHETIC INDUSTRY,1,2,17,24889,1,0,0,0,1,0,0,1,0,0,0,0,0,,1/1/2025,2024
10788,SYNTHETIC SITE 01787,101787,,SYNTHETIC COMPANY 01787,1 Example Way,Nowhere,ZZ,00000,4451,2017,SYNTHETIC INDUSTRY,1,2,18,31540,1,0,1,0,0,7,0,1,0,0,0,0,0,,1/1/2025,2024
10789,SYNTHETIC SITE 01788,101788,,SYNTHETIC COMPANY 01788,1 Example Way,Nowhere,ZZ,00000,6221,2017,SYNTHETIC INDUSTRY,1,2,222,420542,1,0,8,1,1,56,4,10,0,0,0,0,0,,1/1/2025,2024
10790,SYNTHETIC SITE 01789,101789,,SYNTHETIC COMPANY 01789,1 Example Way,Nowhere,ZZ,00000,3252,2017,SYNTHETIC INDUSTRY,1,2,78,166805,1,0,0,0,4,0,0,4,0,0,0,0,0,,1/1/2025,2024
10791,SYNTHETIC SITE 01790,101790,,SYNTHETIC COMPANY 01790,1 Example Way,Nowhere,ZZ,00000,3115,2017,SYNTHETIC INDUSTRY,1,2,13,27895,1,0,0,0,1,0,0,1,0,0,0,0,0,,1/1/2025,2024
10792,SYNTHETIC SITE 01791,101791,,SYNTHETIC COMPANY 01791,1 Example Way,Nowhere,ZZ,00000,6221,2017,SYNTHETIC INDUSTRY,1,2,84,172376,2,0,0,0,0,0,0,0,0,0,0,0,0,,1/1/2025,2024
10793,SYNTHETIC SITE 01792,101792,,SYNTHETIC COMPANY 01792,1 Example Way,Nowhere,ZZ,00000,3252,2017,SYNTHETIC INDUSTRY,1,2,110,257615,1,0,4,2,2,28,8,8,0,0,0,0,0,,1/1/2025,2024
10794,SYNTHETIC SITE 01793,101793,,SYNTHETIC COMPANY 01793,1 Example Way,Nowhere,ZZ,00000,3115,2017,SYNTHETIC INDUSTRY,1,2,68,119284,1,0,0,0,1,0,0,1,0,0,0,0,0,,1/1/2025,2024
10795,SYNTHETIC SITE 01794,101794,,SYNTHETIC COMPANY 01794,1 Example Way,Nowhere,ZZ,00000,4841,2017,SYNTHETIC INDUSTRY,1,2,242,403312,1,0,11,9,20,77,36,40,0,0,0,0,0,,1/1/2025,2024
10796,SYNTHETIC SITE 01795,101795,,SYNTHETIC COMPANY 01795,1 Example Way,Nowhere,ZZ,00000,3252,2017,SYNTHETIC INDUSTRY,1,2,67,138174,1,0,1,0,0,7,0,1,0,0,0,0,0,,1/1/2025,2024
10797,SYNTHETIC SITE 01796,101796,,SYNTHETIC COMPANY 01796,1 Example Way,Nowhere,ZZ,00000,3251,2017,SYNTHETIC INDUSTRY,1,2,54,102015,2,0,0,0,0,0,0,0,0,0,0,0,0,,1/1/2025,2024
10798,SYNTHETIC SITE 01797,101797,,SYNTHETIC COMPANY 01797,1 Example Way,Nowhere,ZZ,00000,3115,2017,SYNTHETIC INDUSTRY,1,2,22,44160,2,0,0,0,0,0,0,0,0,0,0,0,0,,1/1/2025,2024
10799,SYNTHETIC SITE 01798,101798,,SYNTHETIC COMPANY 01798,1 Example Way,Nowhere,ZZ,00000,2361,2017,SYNTHETIC INDUSTRY,1,2,9,18580,2,0,0,0,0,0,0,0,0,0,0,0,0,,1/1/2025,2024
10800,SYNTHETIC SITE 01799,101799,,SYNTHETIC COMPANY 01799,1 Example Way,Nowhere,ZZ,00000,6221,2017,SYNTHETIC INDUSTRY,1,2,97,173855,1,0,1,0,0,7,0,1,0,0,0,0,0,,1/1/2025,2024
10801,SYNTHETIC SITE 01800,101800,,SYNTHETIC COMPANY 01800,1 Example Way,Nowhere,ZZ,00000,4451,2017,SYNTHETIC INDUSTRY,1,2,195,297125,2,0,0,0,0,0,0,0,0,0,0,0,0,,1/1/2025,2024
10802,SYNTHETIC SITE 01801,101801,,SYNTHETIC COMPANY 01801,1 Example Way,Nowhere,ZZ,00000,3328,2017,SYNTHETIC INDUSTRY,1,2,11,16677,2,0,0,0,0,0,0,0,0,0,0,0,0,,1/1/2025,2024
10803,SYNTHETIC SITE 01802,101802,,SYNTHETIC COMPANY 01802,1 Example Way,Nowhere,ZZ,00000,3252,2017,SYNTHETIC INDUSTRY,1,2,244,387946,1,0,0,0,1,0,0,1,0,0,0,0,0,,1/1/2025,2024
10804,SYNTHETIC SITE 01803,101803,,SYNTHETIC COMPANY 01803,1 Example Way,Nowhere,ZZ,00000,3251,2017,SYNTHETIC INDUSTRY,1,2,30,46483,1,0,1,2,4,7,8,7,0,0,0,0,0,,1/1/2025,2024
10805,SYNTHETIC SITE 01804,101804,,SYNTHETIC COMPANY 01804,1 Example Way,Nowhere,ZZ,00000,4451,2017,SYNTHETIC INDUSTRY,1,2,66,119138,1,0,2,0,3,14,0,5,0,0,0,0,0,,1/1/2025,2024
10806,SYNTHETIC SITE 01805,101805,,SYNTHETIC COMPANY 01805,1 Example Way,Nowhere,ZZ,00000,2361,2017,SYNTHETIC INDUSTRY,1,2,26,48215,1,0,0,1,2,0,4,3,0,0,0,0,0,,1/1/2025,2024
10807,SYNTHETIC SITE 01806,101806,,SYNTHETIC COMPANY 01806,1 Example Way,Nowhere,ZZ,00000,3251,2017,SYNTHETIC INDUSTRY,1,2,14,223440,2,0,0,0,0,0,0,0,0,0,0,0,0,,1/1/2025,2024
10808,SYNTHETIC SITE 01807,101807,,SYNTHETIC COMPANY 01807,1 Example Way,Nowhere,ZZ,00000,4841,2017,SYNTHETIC INDUSTRY,1,2,17,33549,2,0,0,0,0,0,0,0,0,0,0,0,0,,1/1/2025,2024
10809,SYNTHETIC SITE 01808,101808,,SYNTHETIC COMPANY 01808,1 Example Way,Nowhere,ZZ,00000,4841,2017,SYNTHETIC INDUSTRY,1,2,105,179859,2,0,0,0,0,0,0,0,0,0,0,0,0,,1/1/2025,2024
10810,SYNTHETIC SITE 01809,101809,,SYNTHETIC COMPANY 01809,1 Example Way,Nowhere,ZZ,00000,4841,2017,SYNTHETIC INDUSTRY,1,2,45,72526,1,0,1,0,0,7,0,1,0,0,0,0,0,,1/1/2025,2024
10811,SYNTHETIC SITE 01810,101810,,SYNTHETIC COMPANY 01810,1 Example Way,Nowhere,ZZ,00000,3115,2017,SYNTHETIC INDUSTRY,1,2,44,72841,1,0,0,0,1,0,0,1,0,0,0,0,0,,1/1/2025,2024
10812,SYNTHETIC SITE 01811,101811,,SYNTHETIC COMPANY 01811,1 Example Way,Nowhere,ZZ,00000,4841,2017,SYNTHETIC INDUSTRY,1,2,9,17454,1,0,2,0,2,14,0,4,0,0,0,0,0,,1/1/2025,2024
10813,SYNTHETIC SITE 01812,101812,,SYNTHETIC COMPANY 01812,1 Example Way,Nowhere,ZZ,00000,3252,2017,SYNTHETIC INDUSTRY,1,2,20,36223,2,0,0,0,0,0,0,0,0,0,0,0,0,,1/1/2025,2024
10814,SYNTHETIC SITE 01813,101813,,SYNTHETIC COMPANY 01813,1 Example Way,Nowhere,ZZ,00000,6221,2017,SYNTHETIC INDUSTRY,1,2,111,254166,1,0,3,5,8,21,20,16,0,0,0,0,0,,1/1/2025,2024
10815,SYNTHETIC SITE 01814,101814,,SYNTHETIC COMPANY 01814,1 Example Way,Nowhere,ZZ,00000,2361,2017,SYNTHETIC INDUSTRY,1,2,12,19085,2,0,0,0,0,0,0,0,0,0,0,0,0,,1/1/2025,2024
10816,SYNTHETIC SITE 01815,101815,,SYNTHETIC COMPANY 01815,1 Example Way,Nowhere,ZZ,00000,3251,2017,SYNTHETIC INDUSTRY,1,2,9,15425,2,0,0,0,0,0,0,0,0,0,0,0,0,,1/1/2025,2024
10817,SYNTHETIC SITE 01816,101816,,SYNTHETIC COMPANY 01816,1 Example Way,Nowhere,ZZ,00000,3251,2017,SYNTHETIC INDUSTRY,1,2,32,52286,2,0,0,0,0,0,0,0,0,0,0,0,0,,1/1/2025,2024
10818,SYNTHETIC SITE 01817,101817,,SYNTHETIC COMPANY 01817,1 Example Way,Nowhere,ZZ,00000,3251,2017,SYNTHETIC INDUSTRY,1,2,29,50729,2,0,0,0,0,0,0,0,0,0,0,0,0,,1/1/2025,2024
10819,SYNTHETIC SITE 01818,101818,,SYNTHETIC COMPANY 01818,1 Example Way,Nowhere,ZZ,00000,2361,2017,SYNTHETIC INDUSTRY,1,2,43,99796,1,0,1,2,2,7,8,5,0,0,0,0,0,,1/1/2025,2024
10820,SYNTHETIC SITE 01819,101819,,SYNTHETIC COMPANY 01819,1 Example Way,Nowhere,ZZ,00000,3251,2017,SYNTHETIC INDUSTRY,1,2,23,49563,2,0,0,0,0,0,0,0,0,0,0,0,0,,1/1/2025,2024
10821,SYNTHETIC SITE 01820,101820,,SYNTHETIC COMPANY 01820,1 Example Way,Nowhere,ZZ,00000,4841,2017,SYNTHETIC INDUSTRY,1,2,63,132948,2,0,0,0,0,0,0,0,0,0,0,0,0,,1/1/2025,2024
10822,SYNTHETIC SITE 01821,101821,,SYNTHETIC COMPANY 01821,1 Example Way,Nowhere,ZZ,00000,4841,2017,SYNTHETIC INDUSTRY,1,2,46,83386,1,0,1,0,0,7,0,1,0,0,0,0,0,,1/1/2025,2024
10823,SYNTHETIC SITE 01822,101822,,SYNTHETIC COMPANY 01822,1 Example Way,Nowhere,ZZ,00000,3115,2017,SYNTHETIC INDUSTRY,1,2,31,60670,1,0,1,0,2,7,0,3,0,0,0,0,0,,1/1/2025,2024
10824,SYNTHETIC SITE 01823,101823,,SYNTHETIC COMPANY 01823,1 Example Way,Nowhere,ZZ,00000,2361,2017,SYNTHETIC INDUSTRY,1,2,42,93052,2,0,0,0,0,0,0,0,0,0,0,0,0,,1/1/2025,2024
10825,SYNTHETIC SITE 01824,101824,,SYNTHETIC COMPANY 01824,1 Example Way,Nowhere,ZZ,00000,3115,2017,SYNTHETIC INDUSTRY,1,2,103,192841,1,0,3,2,2,21,8,7,0,0,0,0,0,,1/1/2025,2024
10826,SYNTHETIC SITE 01825,101825,,SYNTHETIC COMPANY 01825,1 Example Way,Nowhere,ZZ,00000,4841,2017,SYNTHETIC INDUSTRY,1,2,14,27932,2,0,0,0,0,0,0,0,0,0,0,0,0,,1/1/2025,2024
10827,SYNTHETIC SITE 01826,101826,,SYNTHETIC COMPANY 01826,1 Example Way,Nowhere,ZZ,00000,3251,2017,SYNTHETIC INDUSTRY,1,2,26,54812,1,0,0,0,1,0,0,1,0,0,0,0,0,,1/1/2025,2024
10828,SYNTHETIC SITE 01827,101827,,SYNTHETIC COMPANY 01827,1 Example Way,Nowhere,ZZ,00000,3328,2017,SYNTHETIC INDUSTRY,1,2,56,118426,1,0,2,0,1,14,0,3,0,0,0,0,0,,1/1/2025,2024
10829,SYNTHETIC SITE 01828,101828,,SYNTHETIC COMPANY 01828,1 Example Way,Nowhere,ZZ,00000,3251,2017,SYNTHETIC INDUSTRY,1,2,29,57369,2,0,0,0,0,0,0,0,0,0,0,0,0,,1/1/2025,2024
10830,SYNTHETIC SITE 01829,101829,,SYNTHETIC COMPANY 01829,1 Example Way,Nowhere,ZZ,00000,3252,2017,SYNTHETIC INDUSTRY,1,2,159,254852,1,0,1,0,0,7,0,1,0,0,0,0,0,,1/1/2025,2024
10831,SYNTHETIC SITE 01830,101830,,SYNTHETIC COMPANY 01830,1 Example Way,Nowhere,ZZ,00000,2361,2017,SYNTHETIC INDUSTRY,1,2,166,334155,1,0,0,0,1,0,0,1,0,0,0,0,0,,1/1/2025,2024
10832,SYNTHETIC SITE 01831,101831,,SYNTHETIC COMPANY 01831,1 Example Way,Nowhere,ZZ,00000,3328,2017,SYNTHETIC INDUSTRY,1,2,107,182201,1,0,11,3,9,77,12,23,0,0,0,0,0,,1/1/2025,2024
10833,SYNTHETIC SITE 01832,101832,,SYNTHETIC COMPANY 01832,1 Example Way,Nowhere,ZZ,00000,4841,2017,SYNTHETIC INDUSTRY,1,2,90,179625,1,0,0,2,2,0,8,4,0,0,0,0,0,,1/1/2025,2024
10834,SYNTHETIC SITE 01833,101833,,SYNTHETIC COMPANY 01833,1 Example Way,Nowhere,ZZ,00000,3251,2017,SYNTHETIC INDUSTRY,1,2,24,33609,2,0,0,0,0,0,0,0,0,0,0,0,0,,1/1/2025,2024
10835,SYNTHETIC SITE 01834,101834,,SYNTHETIC COMPANY 01834,1 Example Way,Nowhere,ZZ,00000,2361,2017,SYNTHETIC INDUSTRY,1,2,61,118889,2,0,0,0,0,0,0,0,0,0,0,0,0,,1/1/2025,2024
10836,SYNTHETIC SITE 01835,101835,,SYNTHETIC COMPANY 01835,1 Example Way,Nowhere,ZZ,00000,4841,2017,SYNTHETIC INDUSTRY,1,2,129,284567,1,0,0,1,0,0,4,1,0,0,0,0,0,,1/1/2025,2024
10837,SYNTHETIC SITE 01836,101836,,SYNTHETIC COMPANY 01836,1 Example Way,Nowhere,ZZ,00000,6221,2017,SYNTHETIC INDUSTRY,1,2,129,264444,1,0,0,0,1,0,0,1,0,0,0,0,0,,1/1/2025,2024
10838,SYNTHETIC SITE 01837,101837,,SYNTHETIC COMPANY 01837,1 Example Way,Nowhere,ZZ,00000,4841,2017,SYNTHETIC INDUSTRY,1,2,20,40410,1,0,1,0,0,7,0,1,0,0,0,0,0,,1/1/2025,2024
10839,SYNTHETIC SITE 01838,101838,,SYNTHETIC COMPANY 01838,1 Example Way,Nowhere,ZZ,00000,3115,2017,SYNTHETIC INDUSTRY,1,2,41,81011,2,0,0,0,0,0,0,0,0,0,0,0,0,,1/1/2025,2024
10840,SYNTHETIC SITE 01839,101839,,SYNTHETIC COMPANY 01839,1 Example Way,Nowhere,ZZ,00000,3115,2017,SYNTHETIC INDUSTRY,1,2,11,16593,2,0,0,0,0,0,0,0,0,0,0,0,0,,1/1/2025,2024
10841,SYNTHETIC SITE 01840,101840,,SYNTHETIC COMPANY 01840,1 Example Way,Nowhere,ZZ,00000,4841,2017,SYNTHETIC INDUSTRY,1,2,7,12918,2,0,0,0,0,0,0,0,0,0,0,0,0,,1/1/2025,2024
10842,SYNTHETIC SITE 01841,101841,,SYNTHETIC COMPANY 01841,1 Example Way,Nowhere,ZZ,00000,6221,2017,SYNTHETIC INDUSTRY,1,2,16,29069,1,0,0,1,0,0,4,1,0,0,0,0,0,,1/1/2025,2024
10843,SYNTHETIC SITE 01842,101842,,SYNTHETIC COMPANY 01842,1 Example Way,Nowhere,ZZ,00000,2361,2017,SYNTHETIC INDUSTRY,1,2,76,140187,1,0,0,3,3,0,12,6,0,0,0,0,0,,1/1/2025,2024
10844,SYNTHETIC SITE 01843,101843,,SYNTHETIC COMPANY 01843,1 Example Way,Nowhere,ZZ,00000,4451,2017,SYNTHETIC INDUSTRY,1,2,83,174085,2,0,0,0,0,0,0,0,0,0,0,0,0,,1/1/2025,2024
10845,SYNTHETIC SITE 01844,101844,,SYNTHETIC COMPANY 01844,1 Example Way,Nowhere,ZZ,00000,4841,2017,SYNTHETIC INDUSTRY,1,2,588,1132595,1,0,12,7,12,84,28,31,0,0,0,0,0,,1/1/2025,2024
10846,SYNTHETIC SITE 01845,101845,,SYNTHETIC COMPANY 01845,1 Example Way,Nowhere,ZZ,00000,6221,2017,SYNTHETIC INDUSTRY,1,2,82,167452,1,0,3,0,3,21,0,6,0,0,0,0,0,,1/1/2025,2024
10847,SYNTHETIC SITE 01846,101846,,SYNTHETIC COMPANY 01846,1 Example Way,Nowhere,ZZ,00000,4451,2017,SYNTHETIC INDUSTRY,1,2,125,294160,1,0,0,1,2,0,4,3,0,0,0,0,0,,1/1/2025,2024
10848,SYNTHETIC SITE 01847,101847,,SYNTHETIC COMPANY 01847,1 Example Way,Nowhere,ZZ,00000,2361,2017,SYNTHETIC INDUSTRY,1,2,48,83502,1,0,0,1,1,0,4,2,0,0,0,0,0,,1/1/2025,2024
10849,SYNTHETIC SITE 01848,101848,,SYNTHETIC COMPANY 01848,1 Example Way,Nowhere,ZZ,00000,4451,2017,SYNTHETIC INDUSTRY,1,2,29,53499,1,0,0,0,2,0,0,2,0,0,0,0,0,,1/1/2025,2024
10850,SYNTHETIC SITE 01849,101849,,SYNTHETIC COMPANY 01849,1 Example Way,Nowhere,ZZ,00000,3252,2017,SYNTHETIC INDUSTRY,1,2,46,93595,1,0,2,0,0,14,0,2,0,0,0,0,0,,1/1/2025,2024
10851,SYNTHETIC SITE 01850,101850,,SYNTHETIC COMPANY 01850,1 Example Way,Nowhere,ZZ,00000,4841,2017,SYNTHETIC INDUSTRY,1,2,38,66166,2,0,0,0,0,0,0,0,0,0,0,0,0,,1/1/2025,2024
10852,SYNTHETIC SITE 01851,101851,,SYNTHETIC COMPANY 01851,1 Example Way,Nowhere,ZZ,00000,3115,2017,SYNTHETIC INDUSTRY,1,2,18,34515,2,0,0,0,0,0,0,0,0,0,0,0,0,,1/1/2025,2024
10853,SYNTHETIC SITE 01852,101852,,SYNTHETIC COMPANY 01852,1 Example Way,Nowhere,ZZ,00000,3328,2017,SYNTHETIC INDUSTRY,1,2,25,51247,1,0,4,1,1,28,4,6,0,0,0,0,0,,1/1/2025,2024
10854,SYNTHETIC SITE 01853,101853,,SYNTHETIC COMPANY 01853,1 Example Way,Nowhere,ZZ,00000,3251,2017,SYNTHETIC INDUSTRY,1,2,507,809595,1,0,11,8,16,77,32,35,0,0,0,0,0,,1/1/2025,2024
10855,SYNTHETIC SITE 01854,101854,,SYNTHETIC COMPANY 01854,1 Example Way,Nowhere,ZZ,00000,3251,2017,SYNTHETIC INDUSTRY,1,2,16,30881,2,0,0,0,0,0,0,0,0,0,0,0,0,,1/1/2025,2024
10856,SYNTHETIC SITE 01855,101855,,SYNTHETIC COMPANY 01855,1 Example Way,Nowhere,ZZ,00000,2361,2017,SYNTHETIC INDUSTRY,1,2,29,47995,1,0,3,1,1,21,4,5,0,0,0,0,0,,1/1/2025,2024
10857,SYNTHETIC SITE 01856,101856,,SYNTHETIC COMPANY 01856,1 Example Way,Nowhere,ZZ,00000,6221,2017,SYNTHETIC INDUSTRY,1,2,18,37448,1,0,2,1,2,14,4,5,0,0,0,0,0,,1/1/2025,2024
10858,SYNTHETIC SITE 01857,101857,,SYNTHETIC COMPANY 01857,1 Example Way,Nowhere,ZZ,00000,2361,2017,SYNTHETIC INDUSTRY,1,2,376,514274,1,0,1,0,1,7,0,2,0,0,0,0,0,,1/1/2025,2024
10859,SYNTHETIC SITE 01858,101858,,SYNTHETIC COMPANY 01858,1 Example Way,Nowhere,ZZ,00000,4841,2017,SYNTHETIC INDUSTRY,1,2,10,15236,2,0,0,0,0,0,0,0,0,0,0,0,0,,1/1/2025,2024
10860,SYNTHETIC SITE 01859,101859,,SYNTHETIC COMPANY 01859,1 Example Way,Nowhere,ZZ,00000,4841,2017,SYNTHETIC INDUSTRY,1,2,148,264387,2,0,0,0,0,0,0,0,0,0,0,0,0,,1/1/2025,2024
10861,SYNTHETIC SITE 01860,101860,,SYNTHETIC COMPANY 01860,1 Example Way,Nowhere,ZZ,00000,3251,2017,SYNTHETIC INDUSTRY,1,2,11,18176,2,0,0,0,0,0,0,0,0,0,0,0,0,,1/1/2025,2024
10862,SYNTHETIC SITE 01861,101861,,SYNTHETIC COMPANY 01861,1 Example Way,Nowhere,ZZ,00000,3252,2017,SYNTHETIC INDUSTRY,1,2,391,642932,1,0,1,1,0,7,4,2,0,0,0,0,0,,1/1/2025,2024
10863,SYNTHETIC SITE 01862,101862,,SYNTHETIC COMPANY 01862,1 Example Way,Nowhere,ZZ,00000,4841,2017,SYNTHETIC INDUSTRY,1,2,65,115628,1,0,3,3,3,21,12,9,0,0,0,0,0,,1/1/2025,2024
10864,SYNTHETIC SITE 01863,101863,,SYNTHETIC COMPANY 01863,1 Example Way,Nowhere,ZZ,00000,4841,2017,SYNTHETIC INDUSTRY,1,2,26,40114,1,0,0,0,1,0,0,1,0,0,0,0,0,,1/1/2025,2024
10865,SYNTHETIC SITE 01864,101864,,SYNTHETIC COMPANY 01864,1 Example Way,Nowhere,ZZ,00000,4841,2017,SYNTHETIC INDUSTRY,1,2,70,116370,1,0,0,0,3,0,0,3,0,0,0,0,0,,1/1/2025,2024
10866,SYNTHETIC SITE 01865,101865,,SYNTHETIC COMPANY 01865,1 Example Way,Nowhere,ZZ,00000,3328,2017,SYNTHETIC INDUSTRY,1,2,20,31636,2,0,0,0,0,0,0,0,0,0,0,0,0,,1/1/2025,2024
10867,SYNTHETIC SITE 01866,101866,,SYNTHETIC COMPANY 01866,1 Example Way,Nowhere,ZZ,00000,2361,2017,SYNTHETIC INDUSTRY,1,2,108,240743,1,0,4,1,3,28,4,8,0,0,0,0,0,,1/1/2025,2024
10868,SYNTHETIC SITE 01867,101867,,SYNTHETIC COMPANY 01867,1 Example Way,Nowhere,ZZ,00000,2361,2017,SYNTHETIC INDUSTRY,1,2,35,72788,1,0,1,0,0,7,0,1,0,0,0,0,0,,1/1/2025,2024
10869,SYNTHETIC SITE 01868,101868,,SYNTHETIC COMPANY 01868,1 Example Way,Nowhere,ZZ,00000,2361,2017,SYNTHETIC INDUSTRY,1,2,4,8155,2,0,0,0,0,0,0,0,0,0,0,0,0,,1/1/2025,2024
10870,SYNTHETIC SITE 01869,101869,,SYNTHETIC COMPANY 01869,1 Example Way,Nowhere,ZZ,00000,4841,2017,SYNTHETIC INDUSTRY,1,2,11,20878,2,0,0,0,0,0,0,0,0,0,0,0,0,,1/1/2025,2024
10871,SYNTHETIC SITE 01870,101870,,SYNTHETIC COMPANY 01870,1 Example Way,Nowhere,ZZ,00000,6221,2017,SYNTHETIC INDUSTRY,1,2,79,173174,1,0,0,1,4,0,4,5,0,0,0,0,0,,1/1/2025,2024
10872,SYNTHETIC SITE 01871,101871,,SYNTHETIC COMPANY 01871,1 Example Way,Nowhere,ZZ,00000,3252,2017,SYNTHETIC INDUSTRY,1,2,15,27814,2,0,0,0,0,0,0,0,0,0,0,0,0,,1/1/2025,2024
10873,SYNTHETIC SITE 01872,101872,,SYNTHETIC COMPANY 01872,1 Example Way,Nowhere,ZZ,00000,6221,2017,SYNTHETIC INDUSTRY,1,2,63,134917,1,0,1,0,0,7,0,1,0,0,0,0,0,,1/1/2025,2024
10874,SYNTHETIC SITE 01873,101873,,SYNTHETIC COMPANY 01873,1 Example Way,Nowhere,ZZ,00000,3252,2017,SYNTHETIC INDUSTRY,1,2,47,100413,1,0,0,0,1,0,0,1,0,0,0,0,0,,1/1/2025,2024
10875,SYNTHETIC SITE 01874,101874,,SYNTHETIC COMPANY 01874,1 Example Way,Nowhere,ZZ,00000,3251,2017,SYNTHETIC INDUSTRY,1,2,457,806471,2,0,0,0,0,0,0,0,0,0,0,0,0,,1/1/2025,2024
10876,SYNTHETIC SITE 01875,101875,,SYNTHETIC COMPANY 01875,1 Example Way,Nowhere,ZZ,00000,6221,2017,SYNTHETIC INDUSTRY,1,2,25,46997,1,0,2,0,0,14,0,2,0,0,0,0,0,,1/1/2025,2024
10877,SYNTHETIC SITE 01876,101876,,SYNTHETIC COMPANY 01876,1 Example Way,Nowhere,ZZ,00000,3115,2017,SYNTHETIC INDUSTRY,1,2,105,180757,1,0,0,0,1,0,0,1,0,0,0,0,0,,1/1/2025,2024
10878,SYNTHETIC SITE 01877,101877,,SYNTHETIC COMPANY 01877,1 Example Way,Nowhere,ZZ,00000,3115,2017,SYNTHETIC INDUSTRY,1,2,70,155687,2,0,0,0,0,0,0,0,0,0,0,0,0,,1/1/2025,2024
10879,SYNTHETIC SITE 01878,101878,,SYNTHETIC COMPANY 01878,1 Example Way,Nowhere,ZZ,00000,2361,2017,SYNTHETIC INDUSTRY,1,2,26,50917,1,0,0,0,1,0,0,1,0,0,0,0,0,,1/1/2025,2024
10880,SYNTHETIC SITE 01879,101879,,SYNTHETIC COMPANY 01879,1 Example Way,Nowhere,ZZ,00000,3328,2017,SYNTHETIC INDUSTRY,1,2,89,179120,2,0,0,0,0,0,0,0,0,0,0,0,0,,1/1/2025,2024
10881,SYNTHETIC SITE 01880,101880,,SYNTHETIC COMPANY 01880,1 Example Way,Nowhere,ZZ,00000,3252,2017,SYNTHETIC INDUSTRY,1,2,37,69760,1,0,2,0,0,14,0,2,0,0,0,0,0,,1/1/2025,2024
10882,SYNTHETIC SITE 01881,101881,,SYNTHETIC COMPANY 01881,1 Example Way,Nowhere,ZZ,00000,3328,2017,SYNTHETIC INDUSTRY,1,2,53,102520,2,0,0,0,0,0,0,0,0,0,0,0,0,,1/1/2025,2024
10883,SYNTHETIC SITE 01882,101882,,SYNTHETIC COMPANY 01882,1 Example Way,Nowhere,ZZ,00000,4841,2017,SYNTHETIC INDUSTRY,1,2,49,90212,1,0,0,1,2,0,4,3,0,0,0,0,0,,1/1/2025,2024
10884,SYNTHETIC SITE 01883,101883,,SYNTHETIC COMPANY 01883,1 Example Way,Nowhere,ZZ,00000,3115,2017,SYNTHETIC INDUSTRY,1,2,403,687792,1,0,7,5,7,49,20,19,0,0,0,0,0,,1/1/2025,2024
10885,SYNTHETIC SITE 01884,101884,,SYNTHETIC COMPANY 01884,1 Example Way,Nowhere,ZZ,00000,3251,2017,SYNTHETIC INDUSTRY,1,2,271,600697,2,0,0,0,0,0,0,0,0,0,0,0,0,,1/1/2025,2024
10886,SYNTHETIC SITE 01885,101885,,SYNTHETIC COMPANY 01885,1 Example Way,Nowhere,ZZ,00000,2361,2017,SYNTHETIC INDUSTRY,1,2,111,201947000,1,0,0,0,2,0,0,2,0,0,0,0,0,,1/1/2025,2024
10887,SYNTHETIC SITE 01886,101886,,SYNTHETIC COMPANY 01886,1 Example Way,Nowhere,ZZ,00000,3251,2017,SYNTHETIC INDUSTRY,1,2,76,140156,1,0,1,0,0,7,0,1,0,0,0,0,0,,1/1/2025,2024
10888,SYNTHETIC SITE 01887,101887,,SYNTHETIC COMPANY 01887,1 Example Way,Nowhere,ZZ,00000,3115,2017,SYNTHETIC INDUSTRY,1,2,92,190353,1,0,0,1,5,0,4,6,0,0,0,0,0,,1/1/2025,2024
10889,SYNTHETIC SITE 01888,101888,,SYNTHETIC COMPANY 01888,1 Example Way,Nowhere,ZZ,00000,6221,2017,SYNTHETIC INDUSTRY,1,2,31,41845,2,0,0,0,0,0,0,0,0,0,0,0,0,,1/1/2025,2024
10890,SYNTHETIC SITE 01889,101889,,SYNTHETIC COMPANY 01889,1 Example Way,Nowhere,ZZ,00000,2361,2017,SYNTHETIC INDUSTRY,1,2,51,78436,1,0,0,1,1,0,4,2,0,0,0,0,0,,1/1/2025,2024
10891,SYNTHETIC SITE 01890,101890,,SYNTHETIC COMPANY 01890,1 Example Way,Nowhere,ZZ,00000,4451,2017,SYNTHETIC INDUSTRY,1,2,9,16556,1,0,2,0,0,14,0,2,0,0,0,0,0,,1/1/2025,2024
10892,SYNTHETIC SITE 01891,101891,,SYNTHETIC COMPANY 01891,1 Example Way,Nowhere,ZZ,00000,4451,2017,SYNTHETIC INDUSTRY,1,2,10,20982,2,0,0,0,0,0,0,0,0,0,0,0,0,,1/1/2025,2024
10893,SYNTHETIC SITE 01892,101892,,SYNTHETIC COMPANY 01892,1 Example Way,Nowhere,ZZ,00000,3328,2017,SYNTHETIC INDUSTRY,1,2,119,177246,2,0,0,0,0,0,0,0,0,0,0,0,0,,1/1/2025,2024
10894,SYNTHETIC SITE 01893,101893,,SYNTHETIC COMPANY 01893,1 Example Way,Nowhere,ZZ,00000,3328,2017,SYNTHETIC INDUSTRY,1,2,264,448383,2,0,0,0,0,0,0,0,0,0,0,0,0,,1/1/2025,2024
10895,SYNTHETIC SITE 01894,101894,,SYNTHETIC COMPANY 01894,1 Example Way,Nowhere,ZZ,00000,4451,2017,SYNTHETIC INDUSTRY,1,2,310,450307,1,0,1,0,6,7,0,7,0,0,0,0,0,,1/1/2025,2024
10896,SYNTHETIC SITE 01895,101895,,SYNTHETIC COMPANY 01895,1 Example Way,Nowhere,ZZ,00000,3252,2017,SYNTHETIC INDUSTRY,1,2,908,1829301,1,0,4,3,9,28,12,16,0,0,0,0,0,,1/1/2025,2024
10897,SYNTHETIC SITE 01896,101896,,SYNTHETIC COMPANY 01896,1 Example Way,Nowhere,ZZ,00000,6221,2017,SYNTHETIC INDUSTRY,1,2,129,233050,2,0,0,0,0,0,0,0,0,0,0,0,0,,1/1/2025,2024
10898,SYNTHETIC SITE 01897,101897,,SYNTHETIC COMPANY 01897,1 Example Way,Nowhere,ZZ,00000,3251,2017,SYNTHETIC INDUSTRY,1,2,344,527784,2,0,0,0,0,0,0,0,0,0,0,0,0,,1/1/2025,2024
10899,SYNTHETIC SITE 01898,101898,,SYNTHETIC COMPANY 01898,1 Example Way,Nowhere,ZZ,00000,3115,2017,SYNTHETIC INDUSTRY,1,2,39,78578,2,0,0,0,0,0,0,0,0,0,0,0,0,,1/1/2025,2024
10900,SYNTHETIC SITE 01899,101899,,SYNTHETIC COMPANY 01899,1 Example Way,Nowhere,ZZ,00000,4451,2017,SYNTHETIC INDUSTRY,1,2,4,9031,2,0,0,0,0,0,0,0,0,0,0,0,0,,1/1/2025,2024
10901,SYNTHETIC SITE 01900,101900,,SYNTHETIC COMPANY 01900,1 Example Way,Nowhere,ZZ,00000,3251,2017,SYNTHETIC INDUSTRY,1,2,83,162708,2,0,0,0,0,0,0,0,0,0,0,0,0,,1/1/2025,2024
10902,SYNTHETIC SITE 01901,101901,,SYNTHETIC COMPANY 01901,1 Example Way,Nowhere,ZZ,00000,6221,2017,SYNTHETIC INDUSTRY,1,2,26,45309,2,0,0,0,0,0,0,0,0,0,0,0,0,,1/1/2025,2024
10903,SYNTHETIC SITE 01902,101902,,SYNTHETIC COMPANY 01902,1 Example Way,Nowhere,ZZ,00000,3115,2017,SYNTHETIC INDUSTRY,1,2,84,147463,2,0,0,0,0,0,0,0,0,0,0,0,0,,1/1/2025,2024
10904,SYNTHETIC SITE 01903,101903,,SYNTHETIC COMPANY 01903,1 Example Way,Nowhere,ZZ,00000,6221,2017,SYNTHETIC INDUSTRY,1,2,270,468206,2,0,0,0,0,0,0,0,0,0,0,0,0,,1/1/2025,2024
10905,SYNTHETIC SITE 01904,101904,,SYNTHETIC COMPANY 01904,1 Example Way,Nowhere,ZZ,00000,4451,2017,SYNTHETIC INDUSTRY,1,2,38,99316,2,0,0,0,0,0,0,0,0,0,0,0,0,,1/1/2025,2024
10906,SYNTHETIC SITE 01905,101905,,SYNTHETIC COMPANY 01905,1 Example Way,Nowhere,ZZ,00000,4841,2017,SYNTHETIC INDUSTRY,1,2,26,50946,2,0,0,0,0,0,0,0,0,0,0,0,0,,1/1/2025,2024
10907,SYNTHETIC SITE 01906,101906,,SYNTHETIC COMPANY 01906,1 Example Way,Nowhere,ZZ,00000,3115,2017,SYNTHETIC INDUSTRY,1,2,58,98414,1,0,2,0,1,14,0,3,0,0,0,0,0,,1/1/2025,2024
10908,SYNTHETIC SITE 01907,101907,,SYNTHETIC COMPANY 01907,1 Example Way,Nowhere,ZZ,00000,3251,2017,SYNTHETIC INDUSTRY,1,2,32,51569,2,0,0,0,0,0,0,0,0,0,0,0,0,,1/1/2025,2024
10909,SYNTHETIC SITE 01908,101908,,SYNTHETIC COMPANY 01908,1 Example Way,Nowhere,ZZ,00000,3252,2017,SYNTHETIC INDUSTRY,1,2,48,100920,2,0,0,0,0,0,0,0,0,0,0,0,0,,1/1/2025,2024
10910,SYNTHETIC SITE 01909,101909,,SYNTHETIC COMPANY 01909,1 Example Way,Nowhere,ZZ,00000,2361,2017,SYNTHETIC INDUSTRY,1,2,165,318501,1,0,0,0,1,0,0,1,0,0,0,0,0,,1/1/2025,2024
10911,SYNTHETIC SITE 01910,101910,,SYNTHETIC COMPANY 01910,1 Example Way,Nowhere,ZZ,00000,3251,2017,SYNTHETIC INDUSTRY,1,2,26,48037,2,0,0,0,0,0,0,0,0,0,0,0,0,,1/1/2025,2024
10912,SYNTHETIC SITE 01911,101911,,SYNTHETIC COMPANY 01911,1 Example Way,Nowhere,ZZ,00000,2361,2017,SYNTHETIC INDUSTRY,1,2,88,174158,2,0,0,0,0,0,0,0,0,0,0,0,0,,1/1/2025,2024
10913,SYNTHETIC SITE 01912,101912,,SYNTHETIC COMPANY 01912,1 Example Way,Nowhere,ZZ,00000,6221,2017,SYNTHETIC INDUSTRY,1,2,107,173486,1,0,3,2,4,21,8,9,0,0,0,0,0,,1/1/2025,2024
10914,SYNTHETIC SITE 01913,101913,,SYNTHETIC COMPANY 01913,1 Example Way,Nowhere,ZZ,00000,3328,2017,SYNTHETIC INDUSTRY,1,2,11,20508,1,0,0,0,1,0,0,1,0,0,0,0,0,,1/1/2025,2024
10915,SYNTHETIC SITE 01914,101914,,SYNTHETIC COMPANY 01914,1 Example Way,Nowhere,ZZ,00000,3251,2017,SYNTHETIC INDUSTRY,1,2,113,259710,2,0,0,0,0,0,0,0,0,0,0,0,0,,1/1/2025,2024
10916,SYNTHETIC SITE 01915,101915,,SYNTHETIC COMPANY 01915,1 Example Way,Nowhere,ZZ,00000,3251,2017,SYNTHETIC INDUSTRY,1,2,13,20370,2,0,0,0,0,0,0,0,0,0,0,0,0,,1/1/2025,2024
10917,SYNTHETIC SITE 01916,101916,,SYNTHETIC COMPANY 01916,1 Example Way,Nowhere,ZZ,00000,2361,2017,SYNTHETIC INDUSTRY,1,2,9,14894,2,0,0,0,0,0,0,0,0,0,0,0,0,,1/1/2025,2024
10918,SYNTHETIC SITE 01917,101917,,SYNTHETIC COMPANY 01917,1 Example Way,Nowhere,ZZ,00000,6221,2017,SYNTHETIC INDUSTRY,1,2,734,1215746,2,0,0,0,0,0,0,0,0,0,0,0,0,,1/1/2025,2024
10919,SYNTHETIC SITE 01918,101918,,SYNTHETIC COMPANY 01918,1 Example Way,Nowhere,ZZ,00000,3251,2017,SYNTHETIC INDUSTRY,1,2,22,53640,2,0,0,0,0,0,0,0,0,0,0,0,0,,1/1/2025,2024
10920,SYNTHETIC SITE 01919,101919,,SYNTHETIC COMPANY 01919,1 Example Way,Nowhere,ZZ,00000,3251,2017,SYNTHETIC INDUSTRY,1,2,9,15607,2,0,0,0,0,0,0,0,0,0,0,0,0,,1/1/2025,2024
10921,SYNTHETIC SITE 01920,101920,,SYNTHETIC COMPANY 01920,1 Example Way,Nowhere,ZZ,00000,4841,2017,SYNTHETIC INDUSTRY,1,2,126,212211,1,0,0,1,3,0,4,4,0,0,0,0,0,,1/1/2025,2024
10922,SYNTHETIC SITE 01921,101921,,SYNTHETIC COMPANY 01921,1 Example Way,Nowhere,ZZ,00000,4841,2017,SYNTHETIC INDUSTRY,1,2,79,186243,2,0,0,0,0,0,0,0,0,0,0,0,0,,1/1/2025,2024
10923,SYNTHETIC SITE 01922,101922,,SYNTHETIC COMPANY 01922,1 Example Way,Nowhere,ZZ,00000,2361,2017,SYNTHETIC INDUSTRY,1,2,466,964183,1,0,4,7,11,28,28,22,0,0,0,0,0,,1/1/2025,2024
10924,SYNTHETIC SITE 01923,101923,,SYNTHETIC COMPANY 01923,1 Example Way,Nowhere,ZZ,00000,3252,2017,SYNTHETIC INDUSTRY,1,2,124,272326,1,0,6,2,5,42,8,13,0,0,0,0,0,,1/1/2025,2024
10925,SYNTHETIC SITE 01924,101924,,SYNTHETIC COMPANY 01924,1 Example Way,Nowhere,ZZ,00000,3115,2017,SYNTHETIC INDUSTRY,1,2,59,99035,1,0,3,0,3,21,0,6,0,0,0,0,0,,1/1/2025,2024
10926,SYNTHETIC SITE 01925,101925,,SYNTHETIC COMPANY 01925,1 Example Way,Nowhere,ZZ,00000,4451,2017,SYNTHETIC INDUSTRY,1,2,133,220525,2,0,0,0,0,0,0,0,0,0,0,0,0,,1/1/2025,2024
10927,SYNTHETIC SITE 01926,101926,,SYNTHETIC COMPANY 01926,1 Example Way,Nowhere,ZZ,00000,2361,2017,SYNTHETIC INDUSTRY,1,2,75,142102,2,0,0,0,0,0,0,0,0,0,0,0,0,,1/1/2025,2024
10928,SYNTHETIC SITE 01927,101927,,SYNTHETIC COMPANY 01927,1 Example Way,Nowhere,ZZ,00000,3328,2017,SYNTHETIC INDUSTRY,1,2,105,201121,1,0,0,0,2,0,0,2,0,0,0,0,0,,1/1/2025,2024
10929,SYNTHETIC SITE 01928,101928,,SYNTHETIC COMPANY 01928,1 Example Way,Nowhere,ZZ,00000,4451,2017,SYNTHETIC INDUSTRY,1,2,12,22268,1,0,1,0,0,7,0,1,0,0,0,0,0,,1/1/2025,2024
10930,SYNTHETIC SITE 01929,101929,,SYNTHETIC COMPANY 01929,1 Example Way,Nowhere,ZZ,00000,2361,2017,SYNTHETIC INDUSTRY,1,2,31,56141,2,0,0,0,0,0,0,0,0,0,0,0,0,,1/1/2025,2024
10931,SYNTHETIC SITE 01930,101930,,SYNTHETIC COMPANY 01930,1 Example Way,Nowhere,ZZ,00000,4451,2017,SYNTHETIC INDUSTRY,1,2,53,95878,2,0,0,0,0,0,0,0,0,0,0,0,0,,1/1/2025,2024
10932,SYNTHETIC SITE 01931,101931,,SYNTHETIC COMPANY 01931,1 Example Way,Nowhere,ZZ,00000,6221,2017,SYNTHETIC INDUSTRY,1,2,63,114176,1,0,1,0,1,7,0,2,0,0,0,0,0,,1/1/2025,2024
10933,SYNTHETIC SITE 01932,101932,,SYNTHETIC COMPANY 01932,1 Example Way,Nowhere,ZZ,00000,6221,2017,SYNTHETIC INDUSTRY,1,2,73,85024,2,0,0,0,0,0,0,0,0,0,0,0,0,,1/1/2025,2024
10934,SYNTHETIC SITE 01933,101933,,SYNTHETIC COMPANY 01933,1 Example Way,Nowhere,ZZ,00000,6221,2017,SYNTHETIC INDUSTRY,1,2,22,41409,2,0,0,0,0,0,0,0,0,0,0,0,0,,1/1/2025,2024
10935,SYNTHETIC SITE 01934,101934,,SYNTHETIC COMPANY 01934,1 Example Way,Nowhere,ZZ,00000,4451,2017,SYNTHETIC INDUSTRY,1,2,4,8565,2,0,0,0,0,0,0,0,0,0,0,0,0,,1/1/2025,2024
10936,SYNTHETIC SITE 01935,101935,,SYNTHETIC COMPANY 01935,1 Example Way,Nowhere,ZZ,00000,3251,2017,SYNTHETIC INDUSTRY,1,2,216,373611,1,0,2,0,3,14,0,5,0,0,0,0,0,,1/1/2025,2024
10937,SYNTHETIC SITE 01936,101936,,SYNTHETIC COMPANY 01936,1 Example Way,Nowhere,ZZ,00000,3251,2017,SYNTHETIC INDUSTRY,1,2,28,61649,2,0,0,0,0,0,0,0,0,0,0,0,0,,1/1/2025,2024
10938,SYNTHETIC SITE 01937,101937,,SYNTHETIC COMPANY 01937,1 Example Way,Nowhere,ZZ,00000,3328,2017,SYNTHETIC INDUSTRY,1,2,12,25502,2,0,0,0,0,0,0,0,0,0,0,0,0,,1/1/2025,2024
10939,SYNTHETIC SITE 01938,101938,,SYNTHETIC COMPANY 01938,1 Example Way,Nowhere,ZZ,00000,6221,2017,SYNTHETIC INDUSTRY,1,2,15,32367,2,0,0,0,0,0,0,0,0,0,0,0,0,,1/1/2025,2024
10940,SYNTHETIC SITE 01939,101939,,SYNTHETIC COMPANY 01939,1 Example Way,Nowhere,ZZ,00000,3328,2017,SYNTHETIC INDUSTRY,1,2,13,28412,1,0,0,0,1,0,0,1,0,0,0,0,0,,1/1/2025,2024
10941,SYNTHETIC SITE 01940,101940,,SYNTHETIC COMPANY 01940,1 Example Way,Nowhere,ZZ,00000,3115,2017,SYNTHETIC INDUSTRY,1,2,17,28534,1,0,1,0,1,7,0,2,0,0,0,0,0,,1/1/2025,2024
10942,SYNTHETIC SITE 01941,101941,,SYNTHETIC COMPANY 01941,1 Example Way,Nowhere,ZZ,00000,3328,2017,SYNTHETIC INDUSTRY,1,2,166,327635,1,0,1,1,3,7,4,5,0,0,0,0,0,,1/1/2025,2024
10943,SYNTHETIC SITE 01942,101942,,SYNTHETIC COMPANY 01942,1 Example Way,Nowhere,ZZ,00000,4451,2017,SYNTHETIC INDUSTRY,1,2,72,159958,1,0,1,3,0,7,12,4,0,0,0,0,0,,1/1/2025,2024
10944,SYNTHETIC SITE 01943,101943,,SYNTHETIC COMPANY 01943,1 Example Way,Nowhere,ZZ,00000,6221,2017,SYNTHETIC INDUSTRY,1,2,19,39257,2,0,0,0,0,0,0,0,0,0,0,0,0,,1/1/2025,2024
10945,SYNTHETIC SITE 01944,101944,,SYNTHETIC COMPANY 01944,1 Example Way,Nowhere,ZZ,00000,3251,2017,SYNTHETIC INDUSTRY,1,2,4,5861,2,0,0,0,0,0,0,0,0,0,0,0,0,,1/1/2025,2024
10946,SYNTHETIC SITE 01945,101945,,SYNTHETIC COMPANY 01945,1 Example Way,Nowhere,ZZ,00000,4841,2017,SYNTHETIC INDUSTRY,1,2,36,61840,2,0,0,0,0,0,0,0,0,0,0,0,0,,1/1/2025,2024
10947,SYNTHETIC SITE 01946,101946,,SYNTHETIC COMPANY 01946,1 Example Way,Nowhere,ZZ,00000,3115,2017,SYNTHETIC INDUSTRY,1,2,110,188778,1,0,5,2,5,35,8,12,0,0,0,0,0,,1/1/2025,2024
10948,SYNTHETIC SITE 01947,101947,,SYNTHETIC COMPANY 01947,1 Example Way,Nowhere,ZZ,00000,4841,2017,SYNTHETIC INDUSTRY,1,2,15,24245,2,0,0,0,0,0,0,0,0,0,0,0,0,,1/1/2025,2024
10949,SYNTHETIC SITE 01948,101948,,SYNTHETIC COMPANY 01948,1 Example Way,Nowhere,ZZ,00000,6221,2017,SYNTHETIC INDUSTRY,1,2,43,70018,2,0,0,0,0,0,0,0,0,0,0,0,0,,1/1/2025,2024
10950,SYNTHETIC SITE 01949,101949,,SYNTHETIC COMPANY 01949,1 Example Way,Nowhere,ZZ,00000,3328,2017,SYNTHETIC INDUSTRY,1,2,126,248335,2,0,0,0,0,0,0,0,0,0,0,0,0,,1/1/2025,2024
10951,SYNTHETIC SITE 01950,101950,,SYNTHETIC COMPANY 01950,1 Example Way,Nowhere,ZZ,00000,6221,2017,SYNTHETIC INDUSTRY,1,2,31,60503,2,0,0,0,0,0,0,0,0,0,0,0,0,,1/1/2025,2024
10952,SYNTHETIC SITE 01951,101951,,SYNTHETIC COMPANY 01951,1 Example Way,Nowhere,ZZ,00000,4841,2017,SYNTHETIC INDUSTRY,1,2,14,30502,2,0,0,0,0,0,0,0,0,0,0,0,0,,1/1/2025,2024
10953,SYNTHETIC SITE 01952,101952,,SYNTHETIC COMPANY 01952,1 Example Way,Nowhere,ZZ,00000,3252,2017,SYNTHETIC INDUSTRY,1,2,103,157134,1,0,0,0,1,0,0,1,0,0,0,0,0,,1/1/2025,2024
10954,SYNTHETIC SITE 01953,101953,,SYNTHETIC COMPANY 01953,1 Example Way,Nowhere,ZZ,00000,3251,2017,SYNTHETIC INDUSTRY,1,2,57,99199,2,0,0,0,0,0,0,0,0,0,0,0,0,,1/1/2025,2024
10955,SYNTHETIC SITE 01954,101954,,SYNTHETIC COMPANY 01954,1 Example Way,Nowhere,ZZ,00000,2361,2017,SYNTHETIC INDUSTRY,1,2,36,75007,1,0,1,1,1,7,4,3,0,0,0,0,0,,1/1/2025,2024
10956,SYNTHETIC SITE 01955,101955,,SYNTHETIC COMPANY 01955,1 Example Way,Nowhere,ZZ,00000,3251,2017,SYNTHETIC INDUSTRY,1,2,62,114891,2,0,0,0,0,0,0,0,0,0,0,0,0,,1/1/2025,2024
10957,SYNTHETIC SITE 01956,101956,,SYNTHETIC COMPANY 01956,1 Example Way,Nowhere,ZZ,00000,3328,2017,SYNTHETIC INDUSTRY,1,2,44,59859,1,0,1,0,0,7,0,1,0,0,0,0,0,,1/1/2025,2024
10958,SYNTHETIC SITE 01957,101957,,SYNTHETIC COMPANY 01957,1 Example Way,Nowhere,ZZ,00000,2361,2017,SYNTHETIC INDUSTRY,1,2,114,200490,1,0,2,2,2,14,8,6,0,0,0,0,0,,1/1/2025,2024
10959,SYNTHETIC SITE 01958,101958,,SYNTHETIC COMPANY 01958,1 Example Way,Nowhere,ZZ,00000,3328,2017,SYNTHETIC INDUSTRY,1,2,45,90923,1,0,1,0,2,7,0,3,0,0,0,0,0,,1/1/2025,2024
10960,SYNTHETIC SITE 01959,101959,,SYNTHETIC COMPANY 01959,1 Example Way,Nowhere,ZZ,00000,3115,2017,SYNTHETIC INDUSTRY,1,2,11,22001,2,0,0,0,0,0,0,0,0,0,0,0,0,,1/1/2025,2024
10961,SYNTHETIC SITE 01960,101960,,SYNTHETIC COMPANY 01960,1 Example Way,Nowhere,ZZ,00000,6221,2017,SYNTHETIC INDUSTRY,1,2,69,107017,2,0,0,0,0,0,0,0,0,0,0,0,0,,1/1/2025,2024
10962,SYNTHETIC SITE 01961,101961,,SYNTHETIC COMPANY 01961,1 Example Way,Nowhere,ZZ,00000,3328,2017,SYNTHETIC INDUSTRY,1,2,194,396043,1,0,0,0,2,0,0,2,0,0,0,0,0,,1/1/2025,2024
10963,SYNTHETIC SITE 01962,101962,,SYNTHETIC COMPANY 01962,1 Example Way,Nowhere,ZZ,00000,4451,2017,SYNTHETIC INDUSTRY,1,2,149,240899,1,0,6,2,2,42,8,10,0,0,0,0,0,,1/1/2025,2024
10964,SYNTHETIC SITE 01963,101963,,SYNTHETIC COMPANY 01963,1 Example Way,Nowhere,ZZ,00000,3251,2017,SYNTHETIC INDUSTRY,1,2,240,377967,1,0,1,0,0,7,0,1,0,0,0,0,0,,1/1/2025,2024
10965,SYNTHETIC SITE 01964,101964,,SYNTHETIC COMPANY 01964,1 Example Way,Nowhere,ZZ,00000,3328,2017,SYNTHETIC INDUSTRY,1,2,50,75339,2,0,0,0,0,0,0,0,0,0,0,0,0,,1/1/2025,2024
10966,SYNTHETIC SITE 01965,101965,,SYNTHETIC COMPANY 01965,1 Example Way,Nowhere,ZZ,00000,4841,2017,SYNTHETIC INDUSTRY,1,2,56,87253,2,0,0,0,0,0,0,0,0,0,0,0,0,,1/1/2025,2024
10967,SYNTHETIC SITE 01966,101966,,SYNTHETIC COMPANY 01966,1 Example Way,Nowhere,ZZ,00000,3252,2017,SYNTHETIC INDUSTRY,1,2,24,53515,2,0,0,0,0,0,0,0,0,0,0,0,0,,1/1/2025,2024
10968,SYNTHETIC SITE 01967,101967,,SYNTHETIC COMPANY 01967,1 Example Way,Nowhere,ZZ,00000,4451,2017,SYNTHETIC INDUSTRY,1,2,163,281067,2,0,0,0,0,0,0,0,0,0,0,0,0,,1/1/2025,2024
10969,SYNTHETIC SITE 01968,101968,,SYNTHETIC COMPANY 01968,1 Example Way,Nowhere,ZZ,00000,4451,2017,SYNTHETIC INDUSTRY,1,2,42,61749,1,0,1,0,1,7,0,2,0,0,0,0,0,,1/1/2025,2024
10970,SYNTHETIC SITE 01969,101969,,SYNTHETIC COMPANY 01969,1 Example Way,Nowhere,ZZ,00000,2361,2017,SYNTHETIC INDUSTRY,1,2,226,478264,1,0,1,0,3,7,0,4,0,0,0,0,0,,1/1/2025,2024
10971,SYNTHETIC SITE 01970,101970,,SYNTHETIC COMPANY 01970,1 Example Way,Nowhere,ZZ,00000,3115,2017,SYNTHETIC INDUSTRY,1,2,34,49114,2,0,0,0,0,0,0,0,0,0,0,0,0,,1/1/2025,2024
10972,SYNTHETIC SITE 01971,101971,,SYNTHETIC COMPANY 01971,1 Example Way,Nowhere,ZZ,00000,3328,2017,SYNTHETIC INDUSTRY,1,2,13,27228,2,0,0,0,0,0,0,0,0,0,0,0,0,,1/1/2025,2024
10973,SYNTHETIC SITE 01972,101972,,SYNTHETIC COMPANY 01972,1 Example Way,Nowhere,ZZ,00000,2361,2017,SYNTHETIC INDUSTRY,1,2,106,198964,2,0,0,0,0,0,0,0,0,0,0,0,0,,1/1/2025,2024
10974,SYNTHETIC SITE 01973,101973,,SYNTHETIC COMPANY 01973,1 Example Way,Nowhere,ZZ,00000,3252,2017,SYNTHETIC INDUSTRY,1,2,52,84996,2,0,0,0,0,0,0,0,0,0,0,0,0,,1/1/2025,2024
10975,SYNTHETIC SITE 01974,101974,,SYNTHETIC COMPANY 01974,1 Example Way,Nowhere,ZZ,00000,3115,2017,SYNTHETIC INDUSTRY,1,2,199,256865,1,0,3,0,1,21,0,4,0,0,0,0,0,,1/1/2025,2024
10976,SYNTHETIC SITE 01975,101975,,SYNTHETIC COMPANY 01975,1 Example Way,Nowhere,ZZ,00000,3252,2017,SYNTHETIC INDUSTRY,1,2,140,246148,2,0,0,0,0,0,0,0,0,0,0,0,0,,1/1/2025,2024
10977,SYNTHETIC SITE 01976,101976,,SYNTHETIC COMPANY 01976,1 Example Way,Nowhere,ZZ,00000,2361,2017,SYNTHETIC INDUSTRY,1,2,41,73150,2,0,0,0,0,0,0,0,0,0,0,0,0,,1/1/2025,2024
10978,SYNTHETIC SITE 01977,101977,,SYNTHETIC COMPANY 01977,1 Example Way,Nowhere,ZZ,00000,4841,2017,SYNTHETIC INDUSTRY,1,2,109,141958,2,0,0,0,0,0,0,0,0,0,0,0,0,,1/1/2025,2024
10979,SYNTHETIC SITE 01978,101978,,SYNTHETIC COMPANY 01978,1 Example Way,Nowhere,ZZ,00000,4841,2017,SYNTHETIC INDUSTRY,1,2,82,142270,2,0,0,0,0,0,0,0,0,0,0,0,0,,1/1/2025,2024
10980,SYNTHETIC SITE 01979,101979,,SYNTHETIC COMPANY 01979,1 Example Way,Nowhere,ZZ,00000,4451,2017,SYNTHETIC INDUSTRY,1,2,42,77789,2,0,0,0,0,0,0,0,0,0,0,0,0,,1/1/2025,2024
10981,SYNTHETIC SITE 01980,101980,,SYNTHETIC COMPANY 01980,1 Example Way,Nowhere,ZZ,00000,6221,2017,SYNTHETIC INDUSTRY,1,2,7,13904,2,0,0,0,0,0,0,0,0,0,0,0,0,,1/1/2025,2024
10982,SYNTHETIC SITE 01981,101981,,SYNTHETIC COMPANY 01981,1 Example Way,Nowhere,ZZ,00000,4451,2017,SYNTHETIC INDUSTRY,1,2,71,127437,2,0,0,0,0,0,0,0,0,0,0,0,0,,1/1/2025,2024
10983,SYNTHETIC SITE 01982,101982,,SYNTHETIC COMPANY 01982,1 Example Way,Nowhere,ZZ,00000,3328,2017,SYNTHETIC INDUSTRY,1,2,131,251758,2,0,0,0,0,0,0,0,0,0,0,0,0,,1/1/2025,2024
10984,SYNTHETIC SITE 01983,101983,,SYNTHETIC COMPANY 01983,1 Example Way,Nowhere,ZZ,00000,3252,2017,SYNTHETIC INDUSTRY,1,2,69,92944,2,0,0,0,0,0,0,0,0,0,0,0,0,,1/1/2025,2024
10985,SYNTHETIC SITE 01984,101984,,SYNTHETIC COMPANY 01984,1 Example Way,Nowhere,ZZ,00000,3251,2017,SYNTHETIC INDUSTRY,1,2,33,58677,2,0,0,0,0,0,0,0,0,0,0,0,0,,1/1/2025,2024
10986,SYNTHETIC SITE 01985,101985,,SYNTHETIC COMPANY 01985,1 Example Way,Nowhere,ZZ,00000,3252,2017,SYNTHETIC INDUSTRY,1,2,94,175322,1,0,1,0,1,7,0,2,0,0,0,0,0,,1/1/2025,2024
10987,SYNTHETIC SITE 01986,101986,,SYNTHETIC COMPANY 01986,1 Example Way,Nowhere,ZZ,00000,3251,2017,SYNTHETIC INDUSTRY,1,2,126,204661,1,0,7,4,4,49,16,15,0,0,0,0,0,,1/1/2025,2024
10988,SYNTHETIC SITE 01987,101987,,SYNTHETIC COMPANY 01987,1 Example Way,Nowhere,ZZ,00000,2361,2017,SYNTHETIC INDUSTRY,1,2,162,299376,2,0,0,0,0,0,0,0,0,0,0,0,0,,1/1/2025,2024
10989,SYNTHETIC SITE 01988,101988,,SYNTHETIC COMPANY 01988,1 Example Way,Nowhere,ZZ,00000,2361,2017,SYNTHETIC INDUSTRY,1,2,9,17570,2,0,0,0,0,0,0,0,0,0,0,0,0,,1/1/2025,2024
10990,SYNTHETIC SITE 01989,101989,,SYNTHETIC COMPANY 01989,1 Example Way,Nowhere,ZZ,00000,3252,2017,SYNTHETIC INDUSTRY,1,2,133,272506,1,0,0,1,1,0,4,2,0,0,0,0,0,,1/1/2025,2024
10991,SYNTHETIC SITE 01990,101990,,SYNTHETIC COMPANY 01990,1 Example Way,Nowhere,ZZ,00000,4841,2017,SYNTHETIC INDUSTRY,1,2,6,11949,2,0,0,0,0,0,0,0,0,0,0,0,0,,1/1/2025,2024
10992,SYNTHETIC SITE 01991,101991,,SYNTHETIC COMPANY 01991,1 Example Way,Nowhere,ZZ,00000,3115,2017,SYNTHETIC INDUSTRY,1,2,37,59555,2,0,0,0,0,0,0,0,0,0,0,0,0,,1/1/2025,2024
10993,SYNTHETIC SITE 01992,101992,,SYNTHETIC COMPANY 01992,1 Example Way,Nowhere,ZZ,00000,3251,2017,SYNTHETIC INDUSTRY,1,2,20,44482,2,0,0,0,0,0,0,0,0,0,0,0,0,,1/1/2025,2024
10994,SYNTHETIC SITE 01993,101993,,SYNTHETIC COMPANY 01993,1 Example Way,Nowhere,ZZ,00000,3251,2017,SYNTHETIC INDUSTRY,1,2,127,255455,1,0,11,4,2,77,16,17,0,0,0,0,0,,1/1/2025,2024
10995,SYNTHETIC SITE 01994,101994,,SYNTHETIC COMPANY 01994,1 Example Way,Nowhere,ZZ,00000,6221,2017,SYNTHETIC INDUSTRY,1,2,12,18001,2,0,0,0,0,0,0,0,0,0,0,0,0,,1/1/2025,2024
10996,SYNTHETIC SITE 01995,101995,,SYNTHETIC COMPANY 01995,1 Example Way,Nowhere,ZZ,00000,4841,2017,SYNTHETIC INDUSTRY,1,2,256,494937,1,0,5,2,7,35,8,14,0,0,0,0,0,,1/1/2025,2024
10997,SYNTHETIC SITE 01996,101996,,SYNTHETIC COMPANY 01996,1 Example Way,Nowhere,ZZ,00000,6221,2017,SYNTHETIC INDUSTRY,1,2,38,68243,2,0,0,0,0,0,0,0,0,0,0,0,0,,1/1/2025,2024
10998,SYNTHETIC SITE 01997,101997,,SYNTHETIC COMPANY 01997,1 Example Way,Nowhere,ZZ,00000,3251,2017,SYNTHETIC INDUSTRY,1,2,65,122194,1,0,2,1,2,14,4,5,0,0,0,0,0,,1/1/2025,2024
10999,SYNTHETIC SITE 01998,101998,,SYNTHETIC COMPANY 01998,1 Example Way,Nowhere,ZZ,00000,6221,2017,SYNTHETIC INDUSTRY,1,2,16,29639,2,0,0,0,0,0,0,0,0,0,0,0,0,,1/1/2025,2024
11000,SYNTHETIC SITE 01999,101999,,SYNTHETIC COMPANY 01999,1 Example Way,Nowhere,ZZ,00000,2361,2017,SYNTHETIC INDUSTRY,1,2,20,43473,2,0,0,0,0,0,0,0,0,0,0,0,0,,1/1/2025,2024
11001,SYNTHETIC SITE 02000,102000,,SYNTHETIC COMPANY 02000,1 Example Way,Nowhere,ZZ,00000,3328,2017,SYNTHETIC INDUSTRY,1,2,149,292017,1,0,3,0,0,21,0,3,0,0,0,0,0,,1/1/2025,2024
11002,SYNTHETIC SITE 02001,102001,,SYNTHETIC COMPANY 02001,1 Example Way,Nowhere,ZZ,00000,3251,2017,SYNTHETIC INDUSTRY,1,2,72,118588,1,0,2,3,2,14,12,7,0,0,0,0,0,,1/1/2025,2024
11003,SYNTHETIC SITE 02002,102002,,SYNTHETIC COMPANY 02002,1 Example Way,Nowhere,ZZ,00000,3251,2017,SYNTHETIC INDUSTRY,1,2,34,62537,1,0,0,0,2,0,0,2,0,0,0,0,0,,1/1/2025,2024
11004,SYNTHETIC SITE 02003,102003,,SYNTHETIC COMPANY 02003,1 Example Way,Nowhere,ZZ,00000,4841,2017,SYNTHETIC INDUSTRY,1,2,6,12153,2,0,0,0,0,0,0,0,0,0,0,0,0,,1/1/2025,2024
11005,SYNTHETIC SITE 02004,102004,,SYNTHETIC COMPANY 02004,1 Example Way,Nowhere,ZZ,00000,3328,2017,SYNTHETIC INDUSTRY,1,2,70,148384,1,0,1,1,0,7,4,2,0,0,0,0,0,,1/1/2025,2024
11006,SYNTHETIC SITE 02005,102005,,SYNTHETIC COMPANY 02005,1 Example Way,Nowhere,ZZ,00000,3251,2017,SYNTHETIC INDUSTRY,1,2,38,62931,2,0,0,0,0,0,0,0,0,0,0,0,0,,1/1/2025,2024
11007,SYNTHETIC SITE 02006,102006,,SYNTHETIC COMPANY 02006,1 Example Way,Nowhere,ZZ,00000,3115,2017,SYNTHETIC INDUSTRY,1,2,93,172564,2,0,0,0,0,0,0,0,0,0,0,0,0,,1/1/2025,2024
11008,SYNTHETIC SITE 02007,102007,,SYNTHETIC COMPANY 02007,1 Example Way,Nowhere,ZZ,00000,3328,2017,SYNTHETIC INDUSTRY,1,2,29,55464,2,0,0,0,0,0,0,0,0,0,0,0,0,,1/1/2025,2024
11009,SYNTHETIC SITE 02008,102008,,SYNTHETIC COMPANY 02008,1 Example Way,Nowhere,ZZ,00000,6221,2017,SYNTHETIC INDUSTRY,1,2,19,49465,1,0,0,1,1,0,4,2,0,0,0,0,0,,1/1/2025,2024
11010,SYNTHETIC SITE 02009,102009,,SYNTHETIC COMPANY 02009,1 Example Way,Nowhere,ZZ,00000,3328,2017,SYNTHETIC INDUSTRY,1,2,35,66600,2,0,0,0,0,0,0,0,0,0,0,0,0,,1/1/2025,2024
11011,SYNTHETIC SITE 02010,102010,,SYNTHETIC COMPANY 02010,1 Example Way,Nowhere,ZZ,00000,3252,2017,SYNTHETIC INDUSTRY,1,2,300,620094,1,0,2,3,2,14,12,7,0,0,0,0,0,,1/1/2025,2024
11012,SYNTHETIC SITE 02011,102011,,SYNTHETIC COMPANY 02011,1 Example Way,Nowhere,ZZ,00000,6221,2017,SYNTHETIC INDUSTRY,1,2,10,16073,2,0,0,0,0,0,0,0,0,0,0,0,0,,1/1/2025,2024
11013,SYNTHETIC SITE 02012,102012,,SYNTHETIC COMPANY 02012,1 Example Way,Nowhere,ZZ,00000,3252,2017,SYNTHETIC INDUSTRY,1,2,13,21355,2,0,0,0,0,0,0,0,0,0,0,0,0,,1/1/2025,2024
11014,SYNTHETIC SITE 02013,102013,,SYNTHETIC COMPANY 02013,1 Example Way,Nowhere,ZZ,00000,3328,2017,SYNTHETIC INDUSTRY,1,2,7,9927,2,0,0,0,0,0,0,0,0,0,0,0,0,,1/1/2025,2024
11015,SYNTHETIC SITE 02014,102014,,SYNTHETIC COMPANY 02014,1 Example Way,Nowhere,ZZ,00000,2361,2017,SYNTHETIC INDUSTRY,1,2,8,14300,2,0,0,0,0,0,0,0,0,0,0,0,0,,1/1/2025,2024
11016,SYNTHETIC SITE 02015,102015,,SYNTHETIC COMPANY 02015,1 Example Way,Nowhere,ZZ,00000,6221,2017,SYNTHETIC INDUSTRY,1,2,28,46600,2,0,0,0,0,0,0,0,0,0,0,0,0,,1/1/2025,2024
11017,SYNTHETIC SITE 02016,102016,,SYNTHETIC COMPANY 02016,1 Example Way,Nowhere,ZZ,00000,3251,2017,SYNTHETIC INDUSTRY,1,2,5,9974,2,0,0,0,0,0,0,0,0,0,0,0,0,,1/1/2025,2024
11018,SYNTHETIC SITE 02017,102017,,SYNTHETIC COMPANY 02017,1 Example Way,Nowhere,ZZ,00000,4451,2017,SYNTHETIC INDUSTRY,1,2,46,75951,2,0,0,0,0,0,0,0,0,0,0,0,0,,1/1/2025,2024
11019,SYNTHETIC SITE 02018,102018,,SYNTHETIC COMPANY 02018,1 Example Way,Nowhere,ZZ,00000,4841,2017,SYNTHETIC INDUSTRY,1,2,14,26047,1,0,0,1,0,0,4,1,0,0,0,0,0,,1/1/2025,2024
11020,SYNTHETIC SITE 02019,102019,,SYNTHETIC COMPANY 02019,1 Example Way,Nowhere,ZZ,00000,3115,2017,SYNTHETIC INDUSTRY,1,2,34,58286,2,0,0,0,0,0,0,0,0,0,0,0,0,,1/1/2025,2024
11021,SYNTHETIC SITE 02020,102020,,SYNTHETIC COMPANY 02020,1 Example Way,Nowhere,ZZ,00000,3115,2017,SYNTHETIC INDUSTRY,1,2,126,306179,1,0,2,0,3,14,0,5,0,0,0,0,0,,1/1/2025,2024
11022,SYNTHETIC SITE 02021,102021,,SYNTHETIC COMPANY 02021,1 Example Way,Nowhere,ZZ,00000,3328,2017,SYNTHETIC INDUSTRY,1,2,74,129434,2,0,0,0,0,0,0,0,0,0,0,0,0,,1/1/2025,2024
11023,SYNTHETIC SITE 02022,102022,,SYNTHETIC COMPANY 02022,1 Example Way,Nowhere,ZZ,00000,4841,2017,SYNTHETIC INDUSTRY,1,2,55,102408,1,0,2,0,2,14,0,4,0,0,0,0,0,,1/1/2025,2024
11024,SYNTHETIC SITE 02023,102023,,SYNTHETIC COMPANY 02023,1 Example Way,Nowhere,ZZ,00000,3115,2017,SYNTHETIC INDUSTRY,1,2,21,33906,2,0,0,0,0,0,0,0,0,0,0,0,0,,1/1/2025,2024
11025,SYNTHETIC SITE 02024,102024,,SYNTHETIC COMPANY 02024,1 Example Way,Nowhere,ZZ,00000,3328,2017,SYNTHETIC INDUSTRY,1,2,20,42277,1,0,0,1,0,0,4,1,0,0,0,0,0,,1/1/2025,2024
11026,SYNTHETIC SITE 02025,102025,,SYNTHETIC COMPANY 02025,1 Example Way,Nowhere,ZZ,00000,3251,2017,SYNTHETIC INDUSTRY,1,2,116,218256,1,0,0,1,0,0,4,1,0,0,0,0,0,,1/1/2025,2024
11027,SYNTHETIC SITE 02026,102026,,SYNTHETIC COMPANY 02026,1 Example Way,Nowhere,ZZ,00000,4841,2017,SYNTHETIC INDUSTRY,1,2,20,32104,2,0,0,0,0,0,0,0,0,0,0,0,0,,1/1/2025,2024
11028,SYNTHETIC SITE 02027,102027,,SYNTHETIC COMPANY 02027,1 Example Way,Nowhere,ZZ,00000,4841,2017,SYNTHETIC INDUSTRY,1,2,78,137149,1,0,0,1,0,0,4,1,0,0,0,0,0,,1/1/2025,2024
11029,SYNTHETIC SITE 02028,102028,,SYNTHETIC COMPANY 02028,1 Example Way,Nowhere,ZZ,00000,3115,2017,SYNTHETIC INDUSTRY,1,2,237,441427,1,0,0,1,1,0,4,2,0,0,0,0,0,,1/1/2025,2024
11030,SYNTHETIC SITE 02029,102029,,SYNTHETIC COMPANY 02029,1 Example Way,Nowhere,ZZ,00000,3115,2017,SYNTHETIC INDUSTRY,1,2,19,37451,2,0,0,0,0,0,0,0,0,0,0,0,0,,1/1/2025,2024
11031,SYNTHETIC SITE 02030,102030,,SYNTHETIC COMPANY 02030,1 Example Way,Nowhere,ZZ,00000,2361,2017,SYNTHETIC INDUSTRY,1,2,30,53537,2,0,0,0,0,0,0,0,0,0,0,0,0,,1/1/2025,2024
11032,SYNTHETIC SITE 02031,102031,,SYNTHETIC COMPANY 02031,1 Example Way,Nowhere,ZZ,00000,6221,2017,SYNTHETIC INDUSTRY,1,2,8,10696,2,0,0,0,0,0,0,0,0,0,0,0,0,,1/1/2025,2024
11033,SYNTHETIC SITE 02032,102032,,SYNTHETIC COMPANY 02032,1 Example Way,Nowhere,ZZ,00000,3251,2017,SYNTHETIC INDUSTRY,1,2,44,83433,1,0,1,0,1,7,0,2,0,0,0,0,0,,1/1/2025,2024
11034,SYNTHETIC SITE 02033,102033,,SYNTHETIC COMPANY 02033,1 Example Way,Nowhere,ZZ,00000,3252,2017,SYNTHETIC INDUSTRY,1,2,57,102686,2,0,0,0,0,0,0,0,0,0,0,0,0,,1/1/2025,2024
11035,SYNTHETIC SITE 02034,102034,,SYNTHETIC COMPANY 02034,1 Example Way,Nowhere,ZZ,00000,4841,2017,SYNTHETIC INDUSTRY,1,2,79,180668,2,0,0,0,0,0,0,0,0,0,0,0,0,,1/1/2025,2024
11036,SYNTHETIC SITE 02035,102035,,SYNTHETIC COMPANY 02035,1 Example Way,Nowhere,ZZ,00000,4841,2017,SYNTHETIC INDUSTRY,1,2,159,267437,1,0,1,1,1,7,4,3,0,0,0,0,0,,1/1/2025,2024
11037,SYNTHETIC SITE 02036,102036,,SYNTHETIC COMPANY 02036,1 Example Way,Nowhere,ZZ,00000,3252,2017,SYNTHETIC INDUSTRY,1,2,86,169948,2,0,0,0,0,0,0,0,0,0,0,0,0,,1/1/2025,2024
11038,SYNTHETIC SITE 02037,102037,,SYNTHETIC COMPANY 02037,1 Example Way,Nowhere,ZZ,00000,3252,2017,SYNTHETIC INDUSTRY,1,2,33,59694,2,0,0,0,0,0,0,0,0,0,0,0,0,,1/1/2025,2024
11039,SYNTHETIC SITE 02038,102038,,SYNTHETIC COMPANY 02038,1 Example Way,Nowhere,ZZ,00000,4841,2017,SYNTHETIC INDUSTRY,1,2,55,125008,2,0,0,0,0,0,0,0,0,0,0,0,0,,1/1/2025,2024
11040,SYNTHETIC SITE 02039,102039,,SYNTHETIC COMPANY 02039,1 Example Way,Nowhere,ZZ,00000,6221,2017,SYNTHETIC INDUSTRY,1,2,32,57055,2,0,0,0,0,0,0,0,0,0,0,0,0,,1/1/2025,2024
11041,SYNTHETIC SITE 02040,102040,,SYNTHETIC COMPANY 02040,1 Example Way,Nowhere,ZZ,00000,3252,2017,SYNTHETIC INDUSTRY,1,2,855,1405061,1,0,1,0,0,7,0,1,0,0,0,0,0,,1/1/2025,2024
11042,SYNTHETIC SITE 02041,102041,,SYNTHETIC COMPANY 02041,1 Example Way,Nowhere,ZZ,00000,2361,2017,SYNTHETIC INDUSTRY,1,2,24,39685,2,0,0,0,0,0,0,0,0,0,0,0,0,,1/1/2025,2024
11043,SYNTHETIC SITE 02042,102042,,SYNTHETIC COMPANY 02042,1 Example Way,Nowhere,ZZ,00000,3251,2017,SYNTHETIC INDUSTRY,1,2,30,50654,1,0,1,0,0,7,0,1,0,0,0,0,0,,1/1/2025,2024
11044,SYNTHETIC SITE 02043,102043,,SYNTHETIC COMPANY 02043,1 Example Way,Nowhere,ZZ,00000,3328,2017,SYNTHETIC INDUSTRY,1,2,24,44358,1,0,1,0,0,7,0,1,0,0,0,0,0,,1/1/2025,2024
11045,SYNTHETIC SITE 02044,102044,,SYNTHETIC COMPANY 02044,1 Example Way,Nowhere,ZZ,00000,2361,2017,SYNTHETIC INDUSTRY,1,2,59,125880,2,0,0,0,0,0,0,0,0,0,0,0,0,,1/1/2025,2024
11046,SYNTHETIC SITE 02045,102045,,SYNTHETIC COMPANY 02045,1 Example Way,Nowhere,ZZ,00000,3328,2017,SYNTHETIC INDUSTRY,1,2,76,98926,2,0,0,0,0,0,0,0,0,0,0,0,0,,1/1/2025,2024
11047,SYNTHETIC SITE 02046,102046,,SYNTHETIC COMPANY 02046,1 Example Way,Nowhere,ZZ,00000,3328,2017,SYNTHETIC INDUSTRY,1,2,42,88985,1,0,0,1,0,0,4,1,0,0,0,0,0,,1/1/2025,2024
11048,SYNTHETIC SITE 02047,102047,,SYNTHETIC COMPANY 02047,1 Example Way,Nowhere,ZZ,00000,4451,2017,SYNTHETIC INDUSTRY,1,2,24,45774,2,0,0,0,0,0,0,0,0,0,0,0,0,,1/1/2025,2024
11049,SYNTHETIC SITE 02048,102048,,SYNTHETIC COMPANY 02048,1 Example Way,Nowhere,ZZ,00000,4841,2017,SYNTHETIC INDUSTRY,1,2,28,50838,1,0,0,0,2,0,0,2,0,0,0,0,0,,1/1/2025,2024
11050,SYNTHETIC SITE 02049,102049,,SYNTHETIC COMPANY 02049,1 Example Way,Nowhere,ZZ,00000,3328,2017,SYNTHETIC INDUSTRY,1,2,5,11055,2,0,0,0,0,0,0,0,0,0,0,0,0,,1/1/2025,2024
11051,SYNTHETIC SITE 02050,102050,,SYNTHETIC COMPANY 02050,1 Example Way,Nowhere,ZZ,00000,4451,2017,SYNTHETIC INDUSTRY,1,2,47,93302,1,0,1,1,0,7,4,2,0,0,0,0,0,,1/1/2025,2024
11052,SYNTHETIC SITE 02051,102051,,SYNTHETIC COMPANY 02051,1 Example Way,Nowhere,ZZ,00000,3251,2017,SYNTHETIC INDUSTRY,1,2,25,43257,2,0,0,0,0,0,0,0,0,0,0,0,0,,1/1/2025,2024
11053,SYNTHETIC SITE 02052,102052,,SYNTHETIC COMPANY 02052,1 Example Way,Nowhere,ZZ,00000,4841,2017,SYNTHETIC INDUSTRY,1,2,31,68547,2,0,0,0,0,0,0,0,0,0,0,0,0,,1/1/2025,2024
11054,SYNTHETIC SITE 02053,102053,,SYNTHETIC COMPANY 02053,1 Example Way,Nowhere,ZZ,00000,4841,2017,SYNTHETIC INDUSTRY,1,2,8,14497,2,0,0,0,0,0,0,0,0,0,0,0,0,,1/1/2025,2024
11055,SYNTHETIC SITE 02054,102054,,SYNTHETIC COMPANY 02054,1 Example Way,Nowhere,ZZ,00000,3115,2017,SYNTHETIC INDUSTRY,1,2,30,53304,1,0,0,3,1,0,12,4,0,0,0,0,0,,1/1/2025,2024
11056,SYNTHETIC SITE 02055,102055,,SYNTHETIC COMPANY 02055,1 Example Way,Nowhere,ZZ,00000,4841,2017,SYNTHETIC INDUSTRY,1,2,11,18697,2,0,0,0,0,0,0,0,0,0,0,0,0,,1/1/2025,2024
11057,SYNTHETIC SITE 02056,102056,,SYNTHETIC COMPANY 02056,1 Example Way,Nowhere,ZZ,00000,3252,2017,SYNTHETIC INDUSTRY,1,2,217,332300,1,0,1,1,0,7,4,2,0,0,0,0,0,,1/1/2025,2024
11058,SYNTHETIC SITE 02057,102057,,SYNTHETIC COMPANY 02057,1 Example Way,Nowhere,ZZ,00000,3251,2017,SYNTHETIC INDUSTRY,1,2,223,345338,1,0,1,1,2,7,4,4,0,0,0,0,0,,1/1/2025,2024
11059,SYNTHETIC SITE 02058,102058,,SYNTHETIC COMPANY 02058,1 Example Way,Nowhere,ZZ,00000,3252,2017,SYNTHETIC INDUSTRY,1,2,50,94290,2,0,0,0,0,0,0,0,0,0,0,0,0,,1/1/2025,2024
11060,SYNTHETIC SITE 02059,102059,,SYNTHETIC COMPANY 02059,1 Example Way,Nowhere,ZZ,00000,4451,2017,SYNTHETIC INDUSTRY,1,2,39,70871,2,0,0,0,0,0,0,0,0,0,0,0,0,,1/1/2025,2024
11061,SYNTHETIC SITE 02060,102060,,SYNTHETIC COMPANY 02060,1 Example Way,Nowhere,ZZ,00000,3252,2017,SYNTHETIC INDUSTRY,1,2,1073,2055398,1,0,4,10,10,28,40,24,0,0,0,0,0,,1/1/2025,2024
11062,SYNTHETIC SITE 02061,102061,,SYNTHETIC COMPANY 02061,1 Example Way,Nowhere,ZZ,00000,4841,2017,SYNTHETIC INDUSTRY,1,2,54,64140,2,0,0,0,0,0,0,0,0,0,0,0,0,,1/1/2025,2024
11063,SYNTHETIC SITE 02062,102062,,SYNTHETIC COMPANY 02062,1 Example Way,Nowhere,ZZ,00000,4451,2017,SYNTHETIC INDUSTRY,1,2,42,71848,1,0,1,1,0,7,4,2,0,0,0,0,0,,1/1/2025,2024
11064,SYNTHETIC SITE 02063,102063,,SYNTHETIC COMPANY 02063,1 Example Way,Nowhere,ZZ,00000,6221,2017,SYNTHETIC INDUSTRY,1,2,144,298861,1,0,6,8,4,42,32,18,0,0,0,0,0,,1/1/2025,2024
11065,SYNTHETIC SITE 02064,102064,,SYNTHETIC COMPANY 02064,1 Example Way,Nowhere,ZZ,00000,3115,2017,SYNTHETIC INDUSTRY,1,2,202,490079,2,0,0,0,0,0,0,0,0,0,0,0,0,,1/1/2025,2024
11066,SYNTHETIC SITE 02065,102065,,SYNTHETIC COMPANY 02065,1 Example Way,Nowhere,ZZ,00000,3328,2017,SYNTHETIC INDUSTRY,1,2,51,71794,2,0,0,0,0,0,0,0,0,0,0,0,0,,1/1/2025,2024
11067,SYNTHETIC SITE 02066,102066,,SYNTHETIC COMPANY 02066,1 Example Way,Nowhere,ZZ,00000,3115,2017,SYNTHETIC INDUSTRY,1,2,72,175435,2,0,0,0,0,0,0,0,0,0,0,0,0,,1/1/2025,2024
11068,SYNTHETIC SITE 02067,102067,,SYNTHETIC COMPANY 02067,1 Example Way,Nowhere,ZZ,00000,2361,2017,SYNTHETIC INDUSTRY,1,2,34,70511,2,0,0,0,0,0,0,0,0,0,0,0,0,,1/1/2025,2024
11069,SYNTHETIC SITE 02068,102068,,SYNTHETIC COMPANY 02068,1 Example Way,Nowhere,ZZ,00000,4841,2017,SYNTHETIC INDUSTRY,1,2,83,145870,2,0,0,0,0,0,0,0,0,0,0,0,0,,1/1/2025,2024
11070,SYNTHETIC SITE 02069,102069,,SYNTHETIC COMPANY 02069,1 Example Way,Nowhere,ZZ,00000,6221,2017,SYNTHETIC INDUSTRY,1,2,14,18420,2,0,0,0,0,0,0,0,0,0,0,0,0,,1/1/2025,2024
11071,SYNTHETIC SITE 02070,102070,,SYNTHETIC COMPANY 02070,1 Example Way,Nowhere,ZZ,00000,3251,2017,SYNTHETIC INDUSTRY,1,2,47,97783,2,0,0,0,0,0,0,0,0,0,0,0,0,,1/1/2025,2024
11072,SYNTHETIC SITE 02071,102071,,SYNTHETIC COMPANY 02071,1 Example Way,Nowhere,ZZ,00000,3252,2017,SYNTHETIC INDUSTRY,1,2,26,69995,2,0,0,0,0,0,0,0,0,0,0,0,0,,1/1/2025,2024
11073,SYNTHETIC SITE 02072,102072,,SYNTHETIC COMPANY 02072,1 Example Way,Nowhere,ZZ,00000,3252,2017,SYNTHETIC INDUSTRY,1,2,118,233005,2,0,0,0,0,0,0,0,0,0,0,0,0,,1/1/2025,2024
11074,SYNTHETIC SITE 02073,102073,,SYNTHETIC COMPANY 02073,1 Example Way,Nowhere,ZZ,00000,6221,2017,SYNTHETIC INDUSTRY,1,2,162,312541,1,0,0,0,1,0,0,1,0,0,0,0,0,,1/1/2025,2024
11075,SYNTHETIC SITE 02074,102074,,SYNTHETIC COMPANY 02074,1 Example Way,Nowhere,ZZ,00000,2361,2017,SYNTHETIC INDUSTRY,1,2,18,38723,1,0,0,1,1,0,4,2,0,0,0,0,0,,1/1/2025,2024
11076,SYNTHETIC SITE 02075,102075,,SYNTHETIC COMPANY 02075,1 Example Way,Nowhere,ZZ,00000,2361,2017,SYNTHETIC INDUSTRY,1,2,37,62671,2,0,0,0,0,0,0,0,0,0,0,0,0,,1/1/2025,2024
11077,SYNTHETIC SITE 02076,102076,,SYNTHETIC COMPANY 02076,1 Example Way,Nowhere,ZZ,00000,3251,2017,SYNTHETIC INDUSTRY,1,2,75,142352,2,0,0,0,0,0,0,0,0,0,0,0,0,,1/1/2025,2024
11078,SYNTHETIC SITE 02077,102077,,SYNTHETIC COMPANY 02077,1 Example Way,Nowhere,ZZ,00000,6221,2017,SYNTHETIC INDUSTRY,1,2,109,213050,1,0,2,3,0,14,12,5,0,0,0,0,0,,1/1/2025,2024
11079,SYNTHETIC SITE 02078,102078,,SYNTHETIC COMPANY 02078,1 Example Way,Nowhere,ZZ,00000,3115,2017,SYNTHETIC INDUSTRY,1,2,61,104784,1,0,1,0,0,7,0,1,0,0,0,0,0,,1/1/2025,2024
11080,SYNTHETIC SITE 02079,102079,,SYNTHETIC COMPANY 02079,1 Example Way,Nowhere,ZZ,00000,6221,2017,SYNTHETIC INDUSTRY,1,2,256,470097,1,0,6,1,3,42,4,10,0,0,0,0,0,,1/1/2025,2024
11081,SYNTHETIC SITE 02080,102080,,SYNTHETIC COMPANY 02080,1 Example Way,Nowhere,ZZ,00000,2361,2017,SYNTHETIC INDUSTRY,1,2,16,27804,2,0,0,0,0,0,0,0,0,0,0,0,0,,1/1/2025,2024
11082,SYNTHETIC SITE 02081,102081,,SYNTHETIC COMPANY 02081,1 Example Way,Nowhere,ZZ,00000,3115,2017,SYNTHETIC INDUSTRY,1,2,34,66360,2,0,0,0,0,0,0,0,0,0,0,0,0,,1/1/2025,2024
11083,SYNTHETIC SITE 02082,102082,,SYNTHETIC COMPANY 02082,1 Example Way,Nowhere,ZZ,00000,3115,2017,SYNTHETIC INDUSTRY,1,2,33,64146,2,0,0,0,0,0,0,0,0,0,0,0,0,,1/1/2025,2024
11084,SYNTHETIC SITE 02083,102083,,SYNTHETIC COMPANY 02083,1 Example Way,Nowhere,ZZ,00000,4451,2017,SYNTHETIC INDUSTRY,1,2,495,726735,1,0,2,1,4,14,4,7,0,0,0,0,0,,1/1/2025,2024
11085,SYNTHETIC SITE 02084,102084,,SYNTHETIC COMPANY 02084,1 Example Way,Nowhere,ZZ,00000,3115,2017,SYNTHETIC INDUSTRY,1,2,40,75571,1,0,0,1,0,0,4,1,0,0,0,0,0,,1/1/2025,2024
11086,SYNTHETIC SITE 02085,102085,,SYNTHETIC COMPANY 02085,1 Example Way,Nowhere,ZZ,00000,3328,2017,SYNTHETIC INDUSTRY,1,2,655,1204672,1,0,10,2,9,70,8,21,0,0,0,0,0,,1/1/2025,2024
11087,SYNTHETIC SITE 02086,102086,,SYNTHETIC COMPANY 02086,1 Example Way,Nowhere,ZZ,00000,4841,2017,SYNTHETIC INDUSTRY,1,2,469,642202,2,0,0,0,0,0,0,0,0,0,0,0,0,,1/1/2025,2024
11088,SYNTHETIC SITE 02087,102087,,SYNTHETIC COMPANY 02087,1 Example Way,Nowhere,ZZ,00000,3328,2017,SYNTHETIC INDUSTRY,1,2,109,183813,1,0,0,1,0,0,4,1,0,0,0,0,0,,1/1/2025,2024
11089,SYNTHETIC SITE 02088,102088,,SYNTHETIC COMPANY 02088,1 Example Way,Nowhere,ZZ,00000,3328,2017,SYNTHETIC INDUSTRY,1,2,49,83614,2,0,0,0,0,0,0,0,0,0,0,0,0,,1/1/2025,2024
11090,SYNTHETIC SITE 02089,102089,,SYNTHETIC COMPANY 02089,1 Example Way,Nowhere,ZZ,00000,4451,2017,SYNTHETIC INDUSTRY,1,2,108,224449,1,0,0,1,1,0,4,2,0,0,0,0,0,,1/1/2025,2024
11091,SYNTHETIC SITE 02090,102090,,SYNTHETIC COMPANY 02090,1 Example Way,Nowhere,ZZ,00000,3251,2017,SYNTHETIC INDUSTRY,1,2,15,24032,2,0,0,0,0,0,0,0,0,0,0,0,0,,1/1/2025,2024
11092,SYNTHETIC SITE 02091,102091,,SYNTHETIC COMPANY 02091,1 Example Way,Nowhere,ZZ,00000,4451,2017,SYNTHETIC INDUSTRY,1,2,37,63915,2,0,0,0,0,0,0,0,0,0,0,0,0,,1/1/2025,2024
11093,SYNTHETIC SITE 02092,102092,,SYNTHETIC COMPANY 02092,1 Example Way,Nowhere,ZZ,00000,4451,2017,SYNTHETIC INDUSTRY,1,2,225,409452,1,0,2,2,3,14,8,7,0,0,0,0,0,,1/1/2025,2024
11094,SYNTHETIC SITE 02093,102093,,SYNTHETIC COMPANY 02093,1 Example Way,Nowhere,ZZ,00000,4841,2017,SYNTHETIC INDUSTRY,1,2,93,168816,1,0,3,4,5,21,16,12,0,0,0,0,0,,1/1/2025,2024
11095,SYNTHETIC SITE 02094,102094,,SYNTHETIC COMPANY 02094,1 Example Way,Nowhere,ZZ,00000,4451,2017,SYNTHETIC INDUSTRY,1,2,121,281176,2,0,0,0,0,0,0,0,0,0,0,0,0,,1/1/2025,2024
11096,SYNTHETIC SITE 02095,102095,,SYNTHETIC COMPANY 02095,1 Example Way,Nowhere,ZZ,00000,3252,2017,SYNTHETIC INDUSTRY,1,2,14,30323,2,0,0,0,0,0,0,0,0,0,0,0,0,,1/1/2025,2024
11097,SYNTHETIC SITE 02096,102096,,SYNTHETIC COMPANY 02096,1 Example Way,Nowhere,ZZ,00000,6221,2017,SYNTHETIC INDUSTRY,1,2,15,31557,1,0,0,0,1,0,0,1,0,0,0,0,0,,1/1/2025,2024
11098,SYNTHETIC SITE 02097,102097,,SYNTHETIC COMPANY 02097,1 Example Way,Nowhere,ZZ,00000,6221,2017,SYNTHETIC INDUSTRY,1,2,85,163935,2,0,0,0,0,0,0,0,0,0,0,0,0,,1/1/2025,2024
11099,SYNTHETIC SITE 02098,102098,,SYNTHETIC COMPANY 02098,1 Example Way,Nowhere,ZZ,00000,3251,2017,SYNTHETIC INDUSTRY,1,2,93,182229,1,0,2,0,1,14,0,3,0,0,0,0,0,,1/1/2025,2024
11100,SYNTHETIC SITE 02099,102099,,SYNTHETIC COMPANY 02099,1 Example Way,Nowhere,ZZ,00000,2361,2017,SYNTHETIC INDUSTRY,1,2,265,539806,1,0,0,0,1,0,0,1,0,0,0,0,0,,1/1/2025,2024
11101,SYNTHETIC SITE 02100,102100,,SYNTHETIC COMPANY 02100,1 Example Way,Nowhere,ZZ,00000,3251,2017,SYNTHETIC INDUSTRY,1,2,183,288248,2,0,0,0,0,0,0,0,0,0,0,0,0,,1/1/2025,2024
11102,SYNTHETIC SITE 02101,102101,,SYNTHETIC COMPANY 02101,1 Example Way,Nowhere,ZZ,00000,4841,2017,SYNTHETIC INDUSTRY,1,2,29,52614,2,0,0,0,0,0,0,0,0,0,0,0,0,,1/1/2025,2024
11103,SYNTHETIC SITE 02102,102102,,SYNTHETIC COMPANY 02102,1 Example Way,Nowhere,ZZ,00000,3115,2017,SYNTHETIC INDUSTRY,1,2,91,169597,1,0,1,1,3,7,4,5,0,0,0,0,0,,1/1/2025,2024
11104,SYNTHETIC SITE 02103,102103,,SYNTHETIC COMPANY 02103,1 Example Way,Nowhere,ZZ,00000,6221,2017,SYNTHETIC INDUSTRY,1,2,8,14621,2,0,0,0,0,0,0,0,0,0,0,0,0,,1/1/2025,2024
11105,SYNTHETIC SITE 02104,102104,,SYNTHETIC COMPANY 02104,1 Example Way,Nowhere,ZZ,00000,4451,2017,SYNTHETIC INDUSTRY,1,2,20,37264,1,0,3,2,0,21,8,5,0,0,0,0,0,,1/1/2025,2024
11106,SYNTHETIC SITE 02105,102105,,SYNTHETIC COMPANY 02105,1 Example Way,Nowhere,ZZ,00000,4841,2017,SYNTHETIC INDUSTRY,1,2,82,146991,2,0,0,0,0,0,0,0,0,0,0,0,0,,1/1/2025,2024
11107,SYNTHETIC SITE 02106,102106,,SYNTHETIC COMPANY 02106,1 Example Way,Nowhere,ZZ,00000,3252,2017,SYNTHETIC INDUSTRY,1,2,11,18569,2,0,0,0,0,0,0,0,0,0,0,0,0,,1/1/2025,2024
11108,SYNTHETIC SITE 02107,102107,,SYNTHETIC COMPANY 02107,1 Example Way,Nowhere,ZZ,00000,3251,2017,SYNTHETIC INDUSTRY,1,2,182,323268,1,0,2,1,1,14,4,4,0,0,0,0,0,,1/1/2025,2024
11109,SYNTHETIC SITE 02108,102108,,SYNTHETIC COMPANY 02108,1 Example Way,Nowhere,ZZ,00000,3252,2017,SYNTHETIC INDUSTRY,1,2,63,115622,1,0,3,0,5,21,0,8,0,0,0,0,0,,1/1/2025,2024
11110,SYNTHETIC SITE 02109,102109,,SYNTHETIC COMPANY 02109,1 Example Way,Nowhere,ZZ,00000,3252,2017,SYNTHETIC INDUSTRY,1,2,17,32541,2,0,0,0,0,0,0,0,0,0,0,0,0,,1/1/2025,2024
11111,SYNTHETIC SITE 02110,102110,,SYNTHETIC COMPANY 02110,1 Example Way,Nowhere,ZZ,00000,2361,2017,SYNTHETIC INDUSTRY,1,2,92,163098,1,0,0,2,3,0,8,5,0,0,0,0,0,,1/1/2025,2024
11112,SYNTHETIC SITE 02111,102111,,SYNTHETIC COMPANY 02111,1 Example Way,Nowhere,ZZ,00000,4841,2017,SYNTHETIC INDUSTRY,1,2,23,34783,2,0,0,0,0,0,0,0,0,0,0,0,0,,1/1/2025,2024
11113,SYNTHETIC SITE 02112,102112,,SYNTHETIC COMPANY 02112,1 Example Way,Nowhere,ZZ,00000,2361,2017,SYNTHETIC INDUSTRY,1,2,4,8114,2,0,0,0,0,0,0,0,0,0,0,0,0,,1/1/2025,2024
11114,SYNTHETIC SITE 02113,102113,,SYNTHETIC COMPANY 02113,1 Example Way,Nowhere,ZZ,00000,3328,2017,SYNTHETIC INDUSTRY,1,2,41,79276,2,0,0,0,0,0,0,0,0,0,0,0,0,,1/1/2025,2024
11115,SYNTHETIC SITE 02114,102114,,SYNTHETIC COMPANY 02114,1 Example Way,Nowhere,ZZ,00000,6221,2017,SYNTHETIC INDUSTRY,1,2,55,101410,2,0,0,0,0,0,0,0,0,0,0,0,0,,1/1/2025,2024
11116,SYNTHETIC SITE 02115,102115,,SYNTHETIC COMPANY 02115,1 Example Way,Nowhere,ZZ,00000,3252,2017,SYNTHETIC INDUSTRY,1,2,11,26717,2,0,0,0,0,0,0,0,0,0,0,0,0,,1/1/2025,2024
11117,SYNTHETIC SITE 02116,102116,,SYNTHETIC COMPANY 02116,1 Example Way,Nowhere,ZZ,00000,6221,2017,SYNTHETIC INDUSTRY,1,2,62,125029,2,0,0,0,0,0,0,0,0,0,0,0,0,,1/1/2025,2024
11118,SYNTHETIC SITE 02117,102117,,SYNTHETIC COMPANY 02117,1 Example Way,Nowhere,ZZ,00000,4841,2017,SYNTHETIC INDUSTRY,1,2,187,332280,1,0,0,2,2,0,8,4,0,0,0,0,0,,1/1/2025,2024
11119,SYNTHETIC SITE 02118,102118,,SYNTHETIC COMPANY 02118,1 Example Way,Nowhere,ZZ,00000,2361,2017,SYNTHETIC INDUSTRY,1,2,89,156017,1,0,1,2,3,7,8,6,0,0,0,0,0,,1/1/2025,2024
11120,SYNTHETIC SITE 02119,102119,,SYNTHETIC COMPANY 02119,1 Example Way,Nowhere,ZZ,00000,3115,2017,SYNTHETIC INDUSTRY,1,2,98,184656,2,0,0,0,0,0,0,0,0,0,0,0,0,,1/1/2025,2024
11121,SYNTHETIC SITE 02120,102120,,SYNTHETIC COMPANY 02120,1 Example Way,Nowhere,ZZ,00000,4841,2017,SYNTHETIC INDUSTRY,1,2,56,94969,1,0,1,0,0,7,0,1,0,0,0,0,0,,1/1/2025,2024
11122,SYNTHETIC SITE 02121,102121,,SYNTHETIC COMPANY 02121,1 Example Way,Nowhere,ZZ,00000,6221,2017,SYNTHETIC INDUSTRY,1,2,42,110031,1,0,2,1,1,14,4,4,0,0,0,0,0,,1/1/2025,2024
11123,SYNTHETIC SITE 02122,102122,,SYNTHETIC COMPANY 02122,1 Example Way,Nowhere,ZZ,00000,2361,2017,SYNTHETIC INDUSTRY,1,2,33,56136,1,0,1,0,0,7,0,1,0,0,0,0,0,,1/1/2025,2024
11124,SYNTHETIC SITE 02123,102123,,SYNTHETIC COMPANY 02123,1 Example Way,Nowhere,ZZ,00000,4451,2017,SYNTHETIC INDUSTRY,1,2,28,51119,1,0,0,0,1,0,0,1,0,0,0,0,0,,1/1/2025,2024
11125,SYNTHETIC SITE 02124,102124,,SYNTHETIC COMPANY 02124,1 Example Way,Nowhere,ZZ,00000,4841,2017,SYNTHETIC INDUSTRY,1,2,95,187793,2,0,0,0,0,0,0,0,0,0,0,0,0,,1/1/2025,2024
11126,SYNTHETIC SITE 02125,102125,,SYNTHETIC COMPANY 02125,1 Example Way,Nowhere,ZZ,00000,3252,2017,SYNTHETIC INDUSTRY,1,2,7,13075,2,0,0,0,0,0,0,0,0,0,0,0,0,,1/1/2025,2024
11127,SYNTHETIC SITE 02126,102126,,SYNTHETIC COMPANY 02126,1 Example Way,Nowhere,ZZ,00000,3328,2017,SYNTHETIC INDUSTRY,1,2,171,347556,1,0,3,5,4,21,20,12,0,0,0,0,0,,1/1/2025,2024
11128,SYNTHETIC SITE 02127,102127,,SYNTHETIC COMPANY 02127,1 Example Way,Nowhere,ZZ,00000,3251,2017,SYNTHETIC INDUSTRY,1,2,438,903386,1,0,9,7,8,63,28,24,0,0,0,0,0,,1/1/2025,2024
11129,SYNTHETIC SITE 02128,102128,,SYNTHETIC COMPANY 02128,1 Example Way,Nowhere,ZZ,00000,3115,2017,SYNTHETIC INDUSTRY,1,2,17,39668,2,0,0,0,0,0,0,0,0,0,0,0,0,,1/1/2025,2024
11130,SYNTHETIC SITE 02129,102129,,SYNTHETIC COMPANY 02129,1 Example Way,Nowhere,ZZ,00000,4841,2017,SYNTHETIC INDUSTRY,1,2,14,27282,2,0,0,0,0,0,0,0,0,0,0,0,0,,1/1/2025,2024
11131,SYNTHETIC SITE 02130,102130,,SYNTHETIC COMPANY 02130,1 Example Way,Nowhere,ZZ,00000,3251,2017,SYNTHETIC INDUSTRY,1,2,100,203309,1,0,3,3,2,21,12,8,0,0,0,0,0,,1/1/2025,2024
11132,SYNTHETIC SITE 02131,102131,,SYNTHETIC COMPANY 02131,1 Example Way,Nowhere,ZZ,00000,3251,2017,SYNTHETIC INDUSTRY,1,2,43,57742,1,0,0,0,1,0,0,1,0,0,0,0,0,,1/1/2025,2024
11133,SYNTHETIC SITE 02132,102132,,SYNTHETIC COMPANY 02132,1 Example Way,Nowhere,ZZ,00000,3115,2017,SYNTHETIC INDUSTRY,1,2,98,153242,1,0,0,1,1,0,4,2,0,0,0,0,0,,1/1/2025,2024
11134,SYNTHETIC SITE 02133,102133,,SYNTHETIC COMPANY 02133,1 Example Way,Nowhere,ZZ,00000,3251,2017,SYNTHETIC INDUSTRY,1,2,12,19432,2,0,0,0,0,0,0,0,0,0,0,0,0,,1/1/2025,2024
11135,SYNTHETIC SITE 02134,102134,,SYNTHETIC COMPANY 02134,1 Example Way,Nowhere,ZZ,00000,3115,2017,SYNTHETIC INDUSTRY,1,2,1,2120,2,0,0,0,0,0,0,0,0,0,0,0,0,,1/1/2025,2024
11136,SYNTHETIC SITE 02135,102135,,SYNTHETIC COMPANY 02135,1 Example Way,Nowhere,ZZ,00000,4841,2017,SYNTHETIC INDUSTRY,1,2,44,84623,1,0,5,0,3,35,0,8,0,0,0,0,0,,1/1/2025,2024
11137,SYNTHETIC SITE 02136,102136,,SYNTHETIC COMPANY 02136,1 Example Way,Nowhere,ZZ,00000,4451,2017,SYNTHETIC INDUSTRY,1,2,20,47447,2,0,0,0,0,0,0,0,0,0,0,0,0,,1/1/2025,2024
11138,SYNTHETIC SITE 02137,102137,,SYNTHETIC COMPANY 02137,1 Example Way,Nowhere,ZZ,00000,3328,2017,SYNTHETIC INDUSTRY,1,2,560,1116519,1,0,13,10,9,91,40,32,0,0,0,0,0,,1/1/2025,2024
11139,SYNTHETIC SITE 02138,102138,,SYNTHETIC COMPANY 02138,1 Example Way,Nowhere,ZZ,00000,3115,2017,SYNTHETIC INDUSTRY,1,2,275,565070,1,0,2,0,0,14,0,2,0,0,0,0,0,,1/1/2025,2024
11140,SYNTHETIC SITE 02139,102139,,SYNTHETIC COMPANY 02139,1 Example Way,Nowhere,ZZ,00000,3252,2017,SYNTHETIC INDUSTRY,1,2,5,7558,2,0,0,0,0,0,0,0,0,0,0,0,0,,1/1/2025,2024
11141,SYNTHETIC SITE 02140,102140,,SYNTHETIC COMPANY 02140,1 Example Way,Nowhere,ZZ,00000,3115,2017,SYNTHETIC INDUSTRY,1,2,37,48672,2,0,0,0,0,0,0,0,0,0,0,0,0,,1/1/2025,2024
11142,SYNTHETIC SITE 02141,102141,,SYNTHETIC COMPANY 02141,1 Example Way,Nowhere,ZZ,00000,2361,2017,SYNTHETIC INDUSTRY,1,2,137,268040,1,0,4,4,12,28,16,20,0,0,0,0,0,,1/1/2025,2024
11143,SYNTHETIC SITE 02142,102142,,SYNTHETIC COMPANY 02142,1 Example Way,Nowhere,ZZ,00000,3115,2017,SYNTHETIC INDUSTRY,1,2,190,33755700000,2,0,0,0,0,0,0,0,0,0,0,0,0,,1/1/2025,2024
11144,SYNTHETIC SITE 02143,102143,,SYNTHETIC COMPANY 02143,1 Example Way,Nowhere,ZZ,00000,3251,2017,SYNTHETIC INDUSTRY,1,2,8,14117,2,0,0,0,0,0,0,0,0,0,0,0,0,,1/1/2025,2024
11145,SYNTHETIC SITE 02144,102144,,SYNTHETIC COMPANY 02144,1 Example Way,Nowhere,ZZ,00000,3252,2017,SYNTHETIC INDUSTRY,1,2,67,130515,2,0,0,0,0,0,0,0,0,0,0,0,0,,1/1/2025,2024
11146,SYNTHETIC SITE 02145,102145,,SYNTHETIC COMPANY 02145,1 Example Way,Nowhere,ZZ,00000,4841,2017,SYNTHETIC INDUSTRY,1,2,57,99440,1,0,1,2,2,7,8,5,0,0,0,0,0,,1/1/2025,2024
11147,SYNTHETIC SITE 02146,102146,,SYNTHETIC COMPANY 02146,1 Example Way,Nowhere,ZZ,00000,6221,2017,SYNTHETIC INDUSTRY,1,2,50,80899,1,0,0,0,1,0,0,1,0,0,0,0,0,,1/1/2025,2024
11148,SYNTHETIC SITE 02147,102147,,SYNTHETIC COMPANY 02147,1 Example Way,Nowhere,ZZ,00000,4451,2017,SYNTHETIC INDUSTRY,1,2,124,238682,1,0,1,1,3,7,4,5,0,0,0,0,0,,1/1/2025,2024
11149,SYNTHETIC SITE 02148,102148,,SYNTHETIC COMPANY 02148,1 Example Way,Nowhere,ZZ,00000,3251,2017,SYNTHETIC INDUSTRY,1,2,33,75836,1,0,2,0,0,14,0,2,0,0,0,0,0,,1/1/2025,2024
11150,SYNTHETIC SITE 02149,102149,,SYNTHETIC COMPANY 02149,1 Example Way,Nowhere,ZZ,00000,2361,2017,SYNTHETIC INDUSTRY,1,2,21,39438,2,0,0,0,0,0,0,0,0,0,0,0,0,,1/1/2025,2024
11151,SYNTHETIC SITE 02150,102150,,SYNTHETIC COMPANY 02150,1 Example Way,Nowhere,ZZ,00000,4451,2017,SYNTHETIC INDUSTRY,1,2,21,35277,2,0,0,0,0,0,0,0,0,0,0,0,0,,1/1/2025,2024
11152,SYNTHETIC SITE 02151,102151,,SYNTHETIC COMPANY 02151,1 Example Way,Nowhere,ZZ,00000,3328,2017,SYNTHETIC INDUSTRY,1,2,318,538910,1,0,0,1,1,0,4,2,0,0,0,0,0,,1/1/2025,2024
11153,SYNTHETIC SITE 02152,102152,,SYNTHETIC COMPANY 02152,1 Example Way,Nowhere,ZZ,00000,3252,2017,SYNTHETIC INDUSTRY,1,2,14,18447,2,0,0,0,0,0,0,0,0,0,0,0,0,,1/1/2025,2024
11154,SYNTHETIC SITE 02153,102153,,SYNTHETIC COMPANY 02153,1 Example Way,Nowhere,ZZ,00000,3115,2017,SYNTHETIC INDUSTRY,1,2,102,16771900000,2,0,0,0,0,0,0,0,0,0,0,0,0,,1/1/2025,2024
11155,SYNTHETIC SITE 02154,102154,,SYNTHETIC COMPANY 02154,1 Example Way,Nowhere,ZZ,00000,4451,2017,SYNTHETIC INDUSTRY,1,2,67,140501,1,0,0,0,1,0,0,1,0,0,0,0,0,,1/1/2025,2024
11156,SYNTHETIC SITE 02155,102155,,SYNTHETIC COMPANY 02155,1 Example Way,Nowhere,ZZ,00000,3328,2017,SYNTHETIC INDUSTRY,1,2,12,16524,2,0,0,0,0,0,0,0,0,0,0,0,0,,1/1/2025,2024
11157,SYNTHETIC SITE 02156,102156,,SYNTHETIC COMPANY 02156,1 Example Way,Nowhere,ZZ,00000,3115,2017,SYNTHETIC INDUSTRY,1,2,44,81748,2,0,0,0,0,0,0,0,0,0,0,0,0,,1/1/2025,2024
11158,SYNTHETIC SITE 02157,102157,,SYNTHETIC COMPANY 02157,1 Example Way,Nowhere,ZZ,00000,3252,2017,SYNTHETIC INDUSTRY,1,2,10,19506,2,0,0,0,0,0,0,0,0,0,0,0,0,,1/1/2025,2024
11159,SYNTHETIC SITE 02158,102158,,SYNTHETIC COMPANY 02158,1 Example Way,Nowhere,ZZ,00000,4841,2017,SYNTHETIC INDUSTRY,1,2,15,32331,2,0,0,0,0,0,0,0,0,0,0,0,0,,1/1/2025,2024
11160,SYNTHETIC SITE 02159,102159,,SYNTHETIC COMPANY 02159,1 Example Way,Nowhere,ZZ,00000,4451,2017,SYNTHETIC INDUSTRY,1,2,120,197254,2,0,0,0,0,0,0,0,0,0,0,0,0,,1/1/2025,2024
11161,SYNTHETIC SITE 02160,102160,,SYNTHETIC COMPANY 02160,1 Example Way,Nowhere,ZZ,00000,3115,2017,SYNTHETIC INDUSTRY,1,2,345,517135,1,0,0,1,0,0,4,1,0,0,0,0,0,,1/1/2025,2024
11162,SYNTHETIC SITE 02161,102161,,SYNTHETIC COMPANY 02161,1 Example Way,Nowhere,ZZ,00000,3115,2017,SYNTHETIC INDUSTRY,1,2,469,852298,2,0,0,0,0,0,0,0,0,0,0,0,0,,1/1/2025,2024
11163,SYNTHETIC SITE 02162,102162,,SYNTHETIC COMPANY 02162,1 Example Way,Nowhere,ZZ,00000,3328,2017,SYNTHETIC INDUSTRY,1,2,41,68229,2,0,0,0,0,0,0,0,0,0,0,0,0,,1/1/2025,2024
11164,SYNTHETIC SITE 02163,102163,,SYNTHETIC COMPANY 02163,1 Example Way,Nowhere,ZZ,00000,3115,2017,SYNTHETIC INDUSTRY,1,2,77,15579200,2,0,0,0,0,0,0,0,0,0,0,0,0,,1/1/2025,2024
11165,SYNTHETIC SITE 02164,102164,,SYNTHETIC COMPANY 02164,1 Example Way,Nowhere,ZZ,00000,3251,2017,SYNTHETIC INDUSTRY,1,2,17,32137,1,0,1,0,2,7,0,3,0,0,0,0,0,,1/1/2025,2024
11166,SYNTHETIC SITE 02165,102165,,SYNTHETIC COMPANY 02165,1 Example Way,Nowhere,ZZ,00000,6221,2017,SYNTHETIC INDUSTRY,1,2,185,388772,1,0,2,1,3,14,4,6,0,0,0,0,0,,1/1/2025,2024
11167,SYNTHETIC SITE 02166,102166,,SYNTHETIC COMPANY 02166,1 Example Way,Nowhere,ZZ,00000,4841,2017,SYNTHETIC INDUSTRY,1,2,70,125885,1,0,3,2,3,21,8,8,0,0,0,0,0,,1/1/2025,2024
11168,SYNTHETIC SITE 02167,102167,,SYNTHETIC COMPANY 02167,1 Example Way,Nowhere,ZZ,00000,6221,2017,SYNTHETIC INDUSTRY,1,2,17,27407,2,0,0,0,0,0,0,0,0,0,0,0,0,,1/1/2025,2024
11169,SYNTHETIC SITE 02168,102168,,SYNTHETIC COMPANY 02168,1 Example Way,Nowhere,ZZ,00000,2361,2017,SYNTHETIC INDUSTRY,1,2,100,214645,2,0,0,0,0,0,0,0,0,0,0,0,0,,1/1/2025,2024
11170,SYNTHETIC SITE 02169,102169,,SYNTHETIC COMPANY 02169,1 Example Way,Nowhere,ZZ,00000,3252,2017,SYNTHETIC INDUSTRY,1,2,3,73450,2,0,0,0,0,0,0,0,0,0,0,0,0,,1/1/2025,2024
11171,SYNTHETIC SITE 02170,102170,,SYNTHETIC COMPANY 02170,1 Example Way,Nowhere,ZZ,00000,3328,2017,SYNTHETIC INDUSTRY,1,2,35,75777,1,0,1,0,1,7,0,2,0,0,0,0,0,,1/1/2025,2024
11172,SYNTHETIC SITE 02171,102171,,SYNTHETIC COMPANY 02171,1 Example Way,Nowhere,ZZ,00000,3251,2017,SYNTHETIC INDUSTRY,1,2,7,14740,2,0,0,0,0,0,0,0,0,0,0,0,0,,1/1/2025,2024
11173,SYNTHETIC SITE 02172,102172,,SYNTHETIC COMPANY 02172,1 Example Way,Nowhere,ZZ,00000,4451,2017,SYNTHETIC INDUSTRY,1,2,41,73694,2,0,0,0,0,0,0,0,0,0,0,0,0,,1/1/2025,2024
11174,SYNTHETIC SITE 02173,102173,,SYNTHETIC COMPANY 02173,1 Example Way,Nowhere,ZZ,00000,2361,2017,SYNTHETIC INDUSTRY,1,2,82,154267,2,0,0,0,0,0,0,0,0,0,0,0,0,,1/1/2025,2024
11175,SYNTHETIC SITE 02174,102174,,SYNTHETIC COMPANY 02174,1 Example Way,Nowhere,ZZ,00000,4451,2017,SYNTHETIC INDUSTRY,1,2,87,175260,2,0,0,0,0,0,0,0,0,0,0,0,0,,1/1/2025,2024
11176,SYNTHETIC SITE 02175,102175,,SYNTHETIC COMPANY 02175,1 Example Way,Nowhere,ZZ,00000,3115,2017,SYNTHETIC INDUSTRY,1,2,245,488432,2,0,0,0,0,0,0,0,0,0,0,0,0,,1/1/2025,2024
11177,SYNTHETIC SITE 02176,102176,,SYNTHETIC COMPANY 02176,1 Example Way,Nowhere,ZZ,00000,3115,2017,SYNTHETIC INDUSTRY,1,2,26,62876,2,0,0,0,0,0,0,0,0,0,0,0,0,,1/1/2025,2024
11178,SYNTHETIC SITE 02177,102177,,SYNTHETIC COMPANY 02177,1 Example Way,Nowhere,ZZ,00000,2361,2017,SYNTHETIC INDUSTRY,1,2,72,134586,1,0,1,0,0,7,0,1,0,0,0,0,0,,1/1/2025,2024
11179,SYNTHETIC SITE 02178,102178,,SYNTHETIC COMPANY 02178,1 Example Way,Nowhere,ZZ,00000,3115,2017,SYNTHETIC INDUSTRY,1,2,205,429687,1,0,7,5,2,49,20,14,0,0,0,0,0,,1/1/2025,2024
11180,SYNTHETIC SITE 02179,102179,,SYNTHETIC COMPANY 02179,1 Example Way,Nowhere,ZZ,00000,6221,2017,SYNTHETIC INDUSTRY,1,2,51,85164,2,0,0,0,0,0,0,0,0,0,0,0,0,,1/1/2025,2024
11181,SYNTHETIC SITE 02180,102180,,SYNTHETIC COMPANY 02180,1 Example Way,Nowhere,ZZ,00000,2361,2017,SYNTHETIC INDUSTRY,1,2,5,9513,2,0,0,0,0,0,0,0,0,0,0,0,0,,1/1/2025,2024
11182,SYNTHETIC SITE 02181,102181,,SYNTHETIC COMPANY 02181,1 Example Way,Nowhere,ZZ,00000,4451,2017,SYNTHETIC INDUSTRY,1,2,51,79733,1,0,3,2,3,21,8,8,0,0,0,0,0,,1/1/2025,2024
11183,SYNTHETIC SITE 02182,102182,,SYNTHETIC COMPANY 02182,1 Example Way,Nowhere,ZZ,00000,3251,2017,SYNTHETIC INDUSTRY,1,2,17,32615,2,0,0,0,0,0,0,0,0,0,0,0,0,,1/1/2025,2024
11184,SYNTHETIC SITE 02183,102183,,SYNTHETIC COMPANY 02183,1 Example Way,Nowhere,ZZ,00000,3328,2017,SYNTHETIC INDUSTRY,1,2,96,175341,2,0,0,0,0,0,0,0,0,0,0,0,0,,1/1/2025,2024
11185,SYNTHETIC SITE 02184,102184,,SYNTHETIC COMPANY 02184,1 Example Way,Nowhere,ZZ,00000,4841,2017,SYNTHETIC INDUSTRY,1,2,88,175201,1,0,6,1,2,42,4,9,0,0,0,0,0,,1/1/2025,2024
11186,SYNTHETIC SITE 02185,102185,,SYNTHETIC COMPANY 02185,1 Example Way,Nowhere,ZZ,00000,4841,2017,SYNTHETIC INDUSTRY,1,2,266,558437,1,0,8,6,9,56,24,23,0,0,0,0,0,,1/1/2025,2024
11187,SYNTHETIC SITE 02186,102186,,SYNTHETIC COMPANY 02186,1 Example Way,Nowhere,ZZ,00000,3252,2017,SYNTHETIC INDUSTRY,1,2,131,19695300000,2,0,0,0,0,0,0,0,0,0,0,0,0,,1/1/2025,2024
11188,SYNTHETIC SITE 02187,102187,,SYNTHETIC COMPANY 02187,1 Example Way,Nowhere,ZZ,00000,3115,2017,SYNTHETIC INDUSTRY,1,2,395,721940,2,0,0,0,0,0,0,0,0,0,0,0,0,,1/1/2025,2024
11189,SYNTHETIC SITE 02188,102188,,SYNTHETIC COMPANY 02188,1 Example Way,Nowhere,ZZ,00000,3328,2017,SYNTHETIC INDUSTRY,1,2,17,26621,2,0,0,0,0,0,0,0,0,0,0,0,0,,1/1/2025,2024
11190,SYNTHETIC SITE 02189,102189,,SYNTHETIC COMPANY 02189,1 Example Way,Nowhere,ZZ,00000,3252,2017,SYNTHETIC INDUSTRY,1,2,37,69305,2,0,0,0,0,0,0,0,0,0,0,0,0,,1/1/2025,2024
11191,SYNTHETIC SITE 02190,102190,,SYNTHETIC COMPANY 02190,1 Example Way,Nowhere,ZZ,00000,3115,2017,SYNTHETIC INDUSTRY,1,2,8,17383,2,0,0,0,0,0,0,0,0,0,0,0,0,,1/1/2025,2024
11192,SYNTHETIC SITE 02191,102191,,SYNTHETIC COMPANY 02191,1 Example Way,Nowhere,ZZ,00000,3328,2017,SYNTHETIC INDUSTRY,1,2,4,7632,2,0,0,0,0,0,0,0,0,0,0,0,0,,1/1/2025,2024
11193,SYNTHETIC SITE 02192,102192,,SYNTHETIC COMPANY 02192,1 Example Way,Nowhere,ZZ,00000,3115,2017,SYNTHETIC INDUSTRY,1,2,37,75009,2,0,0,0,0,0,0,0,0,0,0,0,0,,1/1/2025,2024
11194,SYNTHETIC SITE 02193,102193,,SYNTHETIC COMPANY 02193,1 Example Way,Nowhere,ZZ,00000,3115,2017,SYNTHETIC INDUSTRY,1,2,100,195792,2,0,0,0,0,0,0,0,0,0,0,0,0,,1/1/2025,2024
11195,SYNTHETIC SITE 02194,102194,,SYNTHETIC COMPANY 02194,1 Example Way,Nowhere,ZZ,00000,2361,2017,SYNTHETIC INDUSTRY,1,2,9,14470,2,0,0,0,0,0,0,0,0,0,0,0,0,,1/1/2025,2024
11196,SYNTHETIC SITE 02195,102195,,SYNTHETIC COMPANY 02195,1 Example Way,Nowhere,ZZ,00000,3252,2017,SYNTHETIC INDUSTRY,1,2,39,52604,1,0,1,4,2,7,16,7,0,0,0,0,0,,1/1/2025,2024
11197,SYNTHETIC SITE 02196,102196,,SYNTHETIC COMPANY 02196,1 Example Way,Nowhere,ZZ,00000,2361,2017,SYNTHETIC INDUSTRY,1,2,42,85673000,1,0,2,0,0,14,0,2,0,0,0,0,0,,1/1/2025,2024
11198,SYNTHETIC SITE 02197,102197,,SYNTHETIC COMPANY 02197,1 Example Way,Nowhere,ZZ,00000,3252,2017,SYNTHETIC INDUSTRY,1,2,48,106892,1,0,1,1,0,7,4,2,0,0,0,0,0,,1/1/2025,2024
11199,SYNTHETIC SITE 02198,102198,,SYNTHETIC COMPANY 02198,1 Example Way,Nowhere,ZZ,00000,3252,2017,SYNTHETIC INDUSTRY,1,2,20,35357,2,0,0,0,0,0,0,0,0,0,0,0,0,,1/1/2025,2024
11200,SYNTHETIC SITE 02199,102199,,SYNTHETIC COMPANY 02199,1 Example Way,Nowhere,ZZ,00000,3251,2017,SYNTHETIC INDUSTRY,1,2,145,295000,1,0,7,3,4,49,12,14,0,0,0,0,0,,1/1/2025,2024
11201,SYNTHETIC SITE 02200,102200,,SYNTHETIC COMPANY 02200,1 Example Way,Nowhere,ZZ,00000,6221,2017,SYNTHETIC INDUSTRY,1,2,44,86575,1,0,0,0,1,0,0,1,0,0,0,0,0,,1/1/2025,2024
11202,SYNTHETIC SITE 02201,102201,,SYNTHETIC COMPANY 02201,1 Example Way,Nowhere,ZZ,00000,4841,2017,SYNTHETIC INDUSTRY,1,2,44,62420,2,0,0,0,0,0,0,0,0,0,0,0,0,,1/1/2025,2024
11203,SYNTHETIC SITE 02202,102202,,SYNTHETIC COMPANY 02202,1 Example Way,Nowhere,ZZ,00000,3252,2017,SYNTHETIC INDUSTRY,1,2,38,44286,2,0,0,0,0,0,0,0,0,0,0,0,0,,1/1/2025,2024
11204,SYNTHETIC SITE 02203,102203,,SYNTHETIC COMPANY 02203,1 Example Way,Nowhere,ZZ,00000,3328,2017,SYNTHETIC INDUSTRY,1,2,48,100442,1,0,0,0,1,0,0,1,0,0,0,0,0,,1/1/2025,2024
11205,SYNTHETIC SITE 02204,102204,,SYNTHETIC COMPANY 02204,1 Example Way,Nowhere,ZZ,00000,3252,2017,SYNTHETIC INDUSTRY,1,2,81,109096,2,0,0,0,0,0,0,0,0,0,0,0,0,,1/1/2025,2024
11206,SYNTHETIC SITE 02205,102205,,SYNTHETIC COMPANY 02205,1 Example Way,Nowhere,ZZ,00000,6221,2017,SYNTHETIC INDUSTRY,1,2,25,48479,2,0,0,0,0,0,0,0,0,0,0,0,0,,1/1/2025,2024
11207,SYNTHETIC SITE 02206,102206,,SYNTHETIC COMPANY 02206,1 Example Way,Nowhere,ZZ,00000,3115,2017,SYNTHETIC INDUSTRY,1,2,14,29594,1,0,1,0,0,7,0,1,0,0,0,0,0,,1/1/2025,2024
11208,SYNTHETIC SITE 02207,102207,,SYNTHETIC COMPANY 02207,1 Example Way,Nowhere,ZZ,00000,3115,2017,SYNTHETIC INDUSTRY,1,2,92,161252,2,0,0,0,0,0,0,0,0,0,0,0,0,,1/1/2025,2024
11209,SYNTHETIC SITE 02208,102208,,SYNTHETIC COMPANY 02208,1 Example Way,Nowhere,ZZ,00000,3252,2017,SYNTHETIC INDUSTRY,1,2,258,580741,2,0,0,0,0,0,0,0,0,0,0,0,0,,1/1/2025,2024
11210,SYNTHETIC SITE 02209,102209,,SYNTHETIC COMPANY 02209,1 Example Way,Nowhere,ZZ,00000,3252,2017,SYNTHETIC INDUSTRY,1,2,10,13750,2,0,0,0,0,0,0,0,0,0,0,0,0,,1/1/2025,2024
11211,SYNTHETIC SITE 02210,102210,,SYNTHETIC COMPANY 02210,1 Example Way,Nowhere,ZZ,00000,3251,2017,SYNTHETIC INDUSTRY,1,2,50,106310,2,0,0,0,0,0,0,0,0,0,0,0,0,,1/1/2025,2024
11212,SYNTHETIC SITE 02211,102211,,SYNTHETIC COMPANY 02211,1 Example Way,Nowhere,ZZ,00000,3115,2017,SYNTHETIC INDUSTRY,1,2,24,46108,1,0,1,0,0,7,0,1,0,0,0,0,0,,1/1/2025,2024
11213,SYNTHETIC SITE 02212,102212,,SYNTHETIC COMPANY 02212,1 Example Way,Nowhere,ZZ,00000,3115,2017,SYNTHETIC INDUSTRY,1,2,354,619868,1,0,9,6,10,63,24,25,0,0,0,0,0,,1/1/2025,2024
11214,SYNTHETIC SITE 02213,102213,,SYNTHETIC COMPANY 02213,1 Example Way,Nowhere,ZZ,00000,3251,2017,SYNTHETIC INDUSTRY,1,2,290,504429,1,0,3,0,2,21,0,5,0,0,0,0,0,,1/1/2025,2024
11215,SYNTHETIC SITE 02214,102214,,SYNTHETIC COMPANY 02214,1 Example Way,Nowhere,ZZ,00000,4451,2017,SYNTHETIC INDUSTRY,1,2,192,367610,1,0,1,3,5,7,12,9,0,0,0,0,0,,1/1/2025,2024
11216,SYNTHETIC SITE 02215,102215,,SYNTHETIC COMPANY 02215,1 Example Way,Nowhere,ZZ,00000,3252,2017,SYNTHETIC INDUSTRY,1,2,49,80326,1,0,0,0,1,0,0,1,0,0,0,0,0,,1/1/2025,2024
11217,SYNTHETIC SITE 02216,102216,,SYNTHETIC COMPANY 02216,1 Example Way,Nowhere,ZZ,00000,3251,2017,SYNTHETIC INDUSTRY,1,2,13,23542,2,0,0,0,0,0,0,0,0,0,0,0,0,,1/1/2025,2024
11218,SYNTHETIC SITE 02217,102217,,SYNTHETIC COMPANY 02217,1 Example Way,Nowhere,ZZ,00000,3328,2017,SYNTHETIC INDUSTRY,1,2,52,11951800000,1,0,3,4,4,21,16,11,0,0,0,0,0,,1/1/2025,2024
11219,SYNTHETIC SITE 02218,102218,,SYNTHETIC COMPANY 02218,1 Example Way,Nowhere,ZZ,00000,3328,2017,SYNTHETIC INDUSTRY,1,2,19,41053,1,0,0,0,1,0,0,1,0,0,0,0,0,,1/1/2025,2024
11220,SYNTHETIC SITE 02219,102219,,SYNTHETIC COMPANY 02219,1 Example Way,Nowhere,ZZ,00000,3252,2017,SYNTHETIC INDUSTRY,1,2,46,85186,2,0,0,0,0,0,0,0,0,0,0,0,0,,1/1/2025,2024
11221,SYNTHETIC SITE 02220,102220,,SYNTHETIC COMPANY 02220,1 Example Way,Nowhere,ZZ,00000,3251,2017,SYNTHETIC INDUSTRY,1,2,11,18433,2,0,0,0,0,0,0,0,0,0,0,0,0,,1/1/2025,2024
11222,SYNTHETIC SITE 02221,102221,,SYNTHETIC COMPANY 02221,1 Example Way,Nowhere,ZZ,00000,6221,2017,SYNTHETIC INDUSTRY,1,2,54,120257,1,0,6,7,7,42,28,20,0,0,0,0,0,,1/1/2025,2024
11223,SYNTHETIC SITE 02222,102222,,SYNTHETIC COMPANY 02222,1 Example Way,Nowhere,ZZ,00000,4841,2017,SYNTHETIC INDUSTRY,1,2,188,333399,1,0,2,1,1,14,4,4,0,0,0,0,0,,1/1/2025,2024
11224,SYNTHETIC SITE 02223,102223,,SYNTHETIC COMPANY 02223,1 Example Way,Nowhere,ZZ,00000,3115,2017,SYNTHETIC INDUSTRY,1,2,127,203268,2,0,0,0,0,0,0,0,0,0,0,0,0,,1/1/2025,2024
11225,SYNTHETIC SITE 02224,102224,,SYNTHETIC COMPANY 02224,1 Example Way,Nowhere,ZZ,00000,3115,2017,SYNTHETIC INDUSTRY,1,2,72,102815,2,0,0,0,0,0,0,0,0,0,0,0,0,,1/1/2025,2024
11226,SYNTHETIC SITE 02225,102225,,SYNTHETIC COMPANY 02225,1 Example Way,Nowhere,ZZ,00000,4451,2017,SYNTHETIC INDUSTRY,1,2,45,87666,1,0,3,0,5,21,0,8,0,0,0,0,0,,1/1/2025,2024
11227,SYNTHETIC SITE 02226,102226,,SYNTHETIC COMPANY 02226,1 Example Way,Nowhere,ZZ,00000,4451,2017,SYNTHETIC INDUSTRY,1,2,38,65924,2,0,0,0,0,0,0,0,0,0,0,0,0,,1/1/2025,2024
11228,SYNTHETIC SITE 02227,102227,,SYNTHETIC COMPANY 02227,1 Example Way,Nowhere,ZZ,00000,4841,2017,SYNTHETIC INDUSTRY,1,2,50,72231,2,0,0,0,0,0,0,0,0,0,0,0,0,,1/1/2025,2024
11229,SYNTHETIC SITE 02228,102228,,SYNTHETIC COMPANY 02228,1 Example Way,Nowhere,ZZ,00000,4451,2017,SYNTHETIC INDUSTRY,1,2,95,18277400000,2,0,0,0,0,0,0,0,0,0,0,0,0,,1/1/2025,2024
11230,SYNTHETIC SITE 02229,102229,,SYNTHETIC COMPANY 02229,1 Example Way,Nowhere,ZZ,00000,4841,2017,SYNTHETIC INDUSTRY,1,2,108,208102,1,0,5,2,1,35,8,8,0,0,0,0,0,,1/1/2025,2024
11231,SYNTHETIC SITE 02230,102230,,SYNTHETIC COMPANY 02230,1 Example Way,Nowhere,ZZ,00000,3328,2017,SYNTHETIC INDUSTRY,1,2,6,9581,2,0,0,0,0,0,0,0,0,0,0,0,0,,1/1/2025,2024
11232,SYNTHETIC SITE 02231,102231,,SYNTHETIC COMPANY 02231,1 Example Way,Nowhere,ZZ,00000,4451,2017,SYNTHETIC INDUSTRY,1,2,9,15080,2,0,0,0,0,0,0,0,0,0,0,0,0,,1/1/2025,2024
11233,SYNTHETIC SITE 02232,102232,,SYNTHETIC COMPANY 02232,1 Example Way,Nowhere,ZZ,00000,4841,2017,SYNTHETIC INDUSTRY,1,2,365,541513,1,0,9,3,11,63,12,23,0,0,0,0,0,,1/1/2025,2024
11234,SYNTHETIC SITE 02233,102233,,SYNTHETIC COMPANY 02233,1 Example Way,Nowhere,ZZ,00000,2361,2017,SYNTHETIC INDUSTRY,1,2,70,146462,2,0,0,0,0,0,0,0,0,0,0,0,0,,1/1/2025,2024
11235,SYNTHETIC SITE 02234,102234,,SYNTHETIC COMPANY 02234,1 Example Way,Nowhere,ZZ,00000,3251,2017,SYNTHETIC INDUSTRY,1,2,9,16405,2,0,0,0,0,0,0,0,0,0,0,0,0,,1/1/2025,2024
11236,SYNTHETIC SITE 02235,102235,,SYNTHETIC COMPANY 02235,1 Example Way,Nowhere,ZZ,00000,3328,2017,SYNTHETIC INDUSTRY,1,2,58,68783,2,0,0,0,0,0,0,0,0,0,0,0,0,,1/1/2025,2024
11237,SYNTHETIC SITE 02236,102236,,SYNTHETIC COMPANY 02236,1 Example Way,Nowhere,ZZ,00000,3251,2017,SYNTHETIC INDUSTRY,1,2,77,133527,1,0,1,2,5,7,8,8,0,0,0,0,0,,1/1/2025,2024
11238,SYNTHETIC SITE 02237,102237,,SYNTHETIC COMPANY 02237,1 Example Way,Nowhere,ZZ,00000,4841,2017,SYNTHETIC INDUSTRY,1,2,5,9706,2,0,0,0,0,0,0,0,0,0,0,0,0,,1/1/2025,2024
11239,SYNTHETIC SITE 02238,102238,,SYNTHETIC COMPANY 02238,1 Example Way,Nowhere,ZZ,00000,2361,2017,SYNTHETIC INDUSTRY,1,2,33,60339,1,0,0,1,1,0,4,2,0,0,0,0,0,,1/1/2025,2024
11240,SYNTHETIC SITE 02239,102239,,SYNTHETIC COMPANY 02239,1 Example Way,Nowhere,ZZ,00000,3328,2017,SYNTHETIC INDUSTRY,1,2,44,80408,2,0,0,0,0,0,0,0,0,0,0,0,0,,1/1/2025,2024
11241,SYNTHETIC SITE 02240,102240,,SYNTHETIC COMPANY 02240,1 Example Way,Nowhere,ZZ,00000,4451,2017,SYNTHETIC INDUSTRY,1,2,50,102557,2,0,0,0,0,0,0,0,0,0,0,0,0,,1/1/2025,2024
11242,SYNTHETIC SITE 02241,102241,,SYNTHETIC COMPANY 02241,1 Example Way,Nowhere,ZZ,00000,3328,2017,SYNTHETIC INDUSTRY,1,2,470,1115400,2,0,0,0,0,0,0,0,0,0,0,0,0,,1/1/2025,2024
11243,SYNTHETIC SITE 02242,102242,,SYNTHETIC COMPANY 02242,1 Example Way,Nowhere,ZZ,00000,4451,2017,SYNTHETIC INDUSTRY,1,2,110,164410,1,0,0,1,0,0,4,1,0,0,0,0,0,,1/1/2025,2024
11244,SYNTHETIC SITE 02243,102243,,SYNTHETIC COMPANY 02243,1 Example Way,Nowhere,ZZ,00000,3328,2017,SYNTHETIC INDUSTRY,1,2,118,232646,2,0,0,0,0,0,0,0,0,0,0,0,0,,1/1/2025,2024
11245,SYNTHETIC SITE 02244,102244,,SYNTHETIC COMPANY 02244,1 Example Way,Nowhere,ZZ,00000,3251,2017,SYNTHETIC INDUSTRY,1,2,30,65410,2,0,0,0,0,0,0,0,0,0,0,0,0,,1/1/2025,2024
11246,SYNTHETIC SITE 02245,102245,,SYNTHETIC COMPANY 02245,1 Example Way,Nowhere,ZZ,00000,3115,2017,SYNTHETIC INDUSTRY,1,2,8,13180,2,0,0,0,0,0,0,0,0,0,0,0,0,,1/1/2025,2024
11247,SYNTHETIC SITE 02246,102246,,SYNTHETIC COMPANY 02246,1 Example Way,Nowhere,ZZ,00000,3115,2017,SYNTHETIC INDUSTRY,1,2,182,278138,1,0,0,0,1,0,0,1,0,0,0,0,0,,1/1/2025,2024
11248,SYNTHETIC SITE 02247,102247,,SYNTHETIC COMPANY 02247,1 Example Way,Nowhere,ZZ,00000,4841,2017,SYNTHETIC INDUSTRY,1,2,43,76444,1,0,1,0,1,7,0,2,0,0,0,0,0,,1/1/2025,2024
11249,SYNTHETIC SITE 02248,102248,,SYNTHETIC COMPANY 02248,1 Example Way,Nowhere,ZZ,00000,4451,2017,SYNTHETIC INDUSTRY,1,2,82,1197810,1,0,1,0,2,7,0,3,0,0,0,0,0,,1/1/2025,2024
11250,SYNTHETIC SITE 02249,102249,,SYNTHETIC COMPANY 02249,1 Example Way,Nowhere,ZZ,00000,2361,2017,SYNTHETIC INDUSTRY,1,2,69,127196,2,0,0,0,0,0,0,0,0,0,0,0,0,,1/1/2025,2024
11251,SYNTHETIC SITE 02250,102250,,SYNTHETIC COMPANY 02250,1 Example Way,Nowhere,ZZ,00000,4841,2017,SYNTHETIC INDUSTRY,1,2,101,165258,2,0,0,0,0,0,0,0,0,0,0,0,0,,1/1/2025,2024
11252,SYNTHETIC SITE 02251,102251,,SYNTHETIC COMPANY 02251,1 Example Way,Nowhere,ZZ,00000,4841,2017,SYNTHETIC INDUSTRY,1,2,68,161724,1,0,3,4,0,21,16,7,0,0,0,0,0,,1/1/2025,2024
11253,SYNTHETIC SITE 02252,102252,,SYNTHETIC COMPANY 02252,1 Example Way,Nowhere,ZZ,00000,3115,2017,SYNTHETIC INDUSTRY,1,2,71,167097,1,0,1,1,2,7,4,4,0,0,0,0,0,,1/1/2025,2024
11254,SYNTHETIC SITE 02253,102253,,SYNTHETIC COMPANY 02253,1 Example Way,Nowhere,ZZ,00000,2361,2017,SYNTHETIC INDUSTRY,1,2,103,194280,2,0,0,0,0,0,0,0,0,0,0,0,0,,1/1/2025,2024
11255,SYNTHETIC SITE 02254,102254,,SYNTHETIC COMPANY 02254,1 Example Way,Nowhere,ZZ,00000,4841,2017,SYNTHETIC INDUSTRY,1,2,9,15271,2,0,0,0,0,0,0,0,0,0,0,0,0,,1/1/2025,2024
11256,SYNTHETIC SITE 02255,102255,,SYNTHETIC COMPANY 02255,1 Example Way,Nowhere,ZZ,00000,3252,2017,SYNTHETIC INDUSTRY,1,2,223,384410,2,0,0,0,0,0,0,0,0,0,0,0,0,,1/1/2025,2024
11257,SYNTHETIC SITE 02256,102256,,SYNTHETIC COMPANY 02256,1 Example Way,Nowhere,ZZ,00000,4841,2017,SYNTHETIC INDUSTRY,1,2,34,72345,1,0,1,0,0,7,0,1,0,0,0,0,0,,1/1/2025,2024
11258,SYNTHETIC SITE 02257,102257,,SYNTHETIC COMPANY 02257,1 Example Way,Nowhere,ZZ,00000,3251,2017,SYNTHETIC INDUSTRY,1,2,13,17067,2,0,0,0,0,0,0,0,0,0,0,0,0,,1/1/2025,2024
11259,SYNTHETIC SITE 02258,102258,,SYNTHETIC COMPANY 02258,1 Example Way,Nowhere,ZZ,00000,4451,2017,SYNTHETIC INDUSTRY,1,2,5,8365,2,0,0,0,0,0,0,0,0,0,0,0,0,,1/1/2025,2024
11260,SYNTHETIC SITE 02259,102259,,SYNTHETIC COMPANY 02259,1 Example Way,Nowhere,ZZ,00000,3252,2017,SYNTHETIC INDUSTRY,1,2,60,137718,2,0,0,0,0,0,0,0,0,0,0,0,0,,1/1/2025,2024
11261,SYNTHETIC SITE 02260,102260,,SYNTHETIC COMPANY 02260,1 Example Way,Nowhere,ZZ,00000,3251,2017,SYNTHETIC INDUSTRY,1,2,7,11342,2,0,0,0,0,0,0,0,0,0,0,0,0,,1/1/2025,2024
11262,SYNTHETIC SITE 02261,102261,,SYNTHETIC COMPANY 02261,1 Example Way,Nowhere,ZZ,00000,4841,2017,SYNTHETIC INDUSTRY,1,2,503,1031297,2,0,0,0,0,0,0,0,0,0,0,0,0,,1/1/2025,2024
11263,SYNTHETIC SITE 02262,102262,,SYNTHETIC COMPANY 02262,1 Example Way,Nowhere,ZZ,00000,3115,2017,SYNTHETIC INDUSTRY,1,2,50,106334,2,0,0,0,0,0,0,0,0,0,0,0,0,,1/1/2025,2024
11264,SYNTHETIC SITE 02263,102263,,SYNTHETIC COMPANY 02263,1 Example Way,Nowhere,ZZ,00000,4841,2017,SYNTHETIC INDUSTRY,1,2,16,34035,2,0,0,0,0,0,0,0,0,0,0,0,0,,1/1/2025,2024
11265,SYNTHETIC SITE 02264,102264,,SYNTHETIC COMPANY 02264,1 Example Way,Nowhere,ZZ,00000,3115,2017,SYNTHETIC INDUSTRY,1,2,11,19833,2,0,0,0,0,0,0,0,0,0,0,0,0,,1/1/2025,2024
11266,SYNTHETIC SITE 02265,102265,,SYNTHETIC COMPANY 02265,1 Example Way,Nowhere,ZZ,00000,6221,2017,SYNTHETIC INDUSTRY,1,2,59,113500,1,0,2,0,0,14,0,2,0,0,0,0,0,,1/1/2025,2024
11267,SYNTHETIC SITE 02266,102266,,SYNTHETIC COMPANY 02266,1 Example Way,Nowhere,ZZ,00000,3252,2017,SYNTHETIC INDUSTRY,1,2,20,35520,2,0,0,0,0,0,0,0,0,0,0,0,0,,1/1/2025,2024
11268,SYNTHETIC SITE 02267,102267,,SYNTHETIC COMPANY 02267,1 Example Way,Nowhere,ZZ,00000,3251,2017,SYNTHETIC INDUSTRY,1,2,40,78139,2,0,0,0,0,0,0,0,0,0,0,0,0,,1/1/2025,2024
11269,SYNTHETIC SITE 02268,102268,,SYNTHETIC COMPANY 02268,1 Example Way,Nowhere,ZZ,00000,4841,2017,SYNTHETIC INDUSTRY,1,2,32,65250,2,0,0,0,0,0,0,0,0,0,0,0,0,,1/1/2025,2024
11270,SYNTHETIC SITE 02269,102269,,SYNTHETIC COMPANY 02269,1 Example Way,Nowhere,ZZ,00000,2361,2017,SYNTHETIC INDUSTRY,1,2,61,78189,2,0,0,0,0,0,0,0,0,0,0,0,0,,1/1/2025,2024
11271,SYNTHETIC SITE 02270,102270,,SYNTHETIC COMPANY 02270,1 Example Way,Nowhere,ZZ,00000,6221,2017,SYNTHETIC INDUSTRY,1,2,228,362150,2,0,0,0,0,0,0,0,0,0,0,0,0,,1/1/2025,2024
11272,SYNTHETIC SITE 02271,102271,,SYNTHETIC COMPANY 02271,1 Example Way,Nowhere,ZZ,00000,4841,2017,SYNTHETIC INDUSTRY,1,2,27,54075,2,0,0,0,0,0,0,0,0,0,0,0,0,,1/1/2025,2024
11273,SYNTHETIC SITE 02272,102272,,SYNTHETIC COMPANY 02272,1 Example Way,Nowhere,ZZ,00000,6221,2017,SYNTHETIC INDUSTRY,1,2,61,76392,1,0,0,1,0,0,4,1,0,0,0,0,0,,1/1/2025,2024
11274,SYNTHETIC SITE 02273,102273,,SYNTHETIC COMPANY 02273,1 Example Way,Nowhere,ZZ,00000,4451,2017,SYNTHETIC INDUSTRY,1,2,87,155199,2,0,0,0,0,0,0,0,0,0,0,0,0,,1/1/2025,2024
11275,SYNTHETIC SITE 02274,102274,,SYNTHETIC COMPANY 02274,1 Example Way,Nowhere,ZZ,00000,3328,2017,SYNTHETIC INDUSTRY,1,2,58,106275,2,0,0,0,0,0,0,0,0,0,0,0,0,,1/1/2025,2024
11276,SYNTHETIC SITE 02275,102275,,SYNTHETIC COMPANY 02275,1 Example Way,Nowhere,ZZ,00000,4451,2017,SYNTHETIC INDUSTRY,1,2,38,55303,1,0,0,0,1,0,0,1,0,0,0,0,0,,1/1/2025,2024
11277,SYNTHETIC SITE 02276,102276,,SYNTHETIC COMPANY 02276,1 Example Way,Nowhere,ZZ,00000,3252,2017,SYNTHETIC INDUSTRY,1,2,38,67727,2,0,0,0,0,0,0,0,0,0,0,0,0,,1/1/2025,2024
11278,SYNTHETIC SITE 02277,102277,,SYNTHETIC COMPANY 02277,1 Example Way,Nowhere,ZZ,00000,4451,2017,SYNTHETIC INDUSTRY,1,2,25,48388,2,0,0,0,0,0,0,0,0,0,0,0,0,,1/1/2025,2024
11279,SYNTHETIC SITE 02278,102278,,SYNTHETIC COMPANY 02278,1 Example Way,Nowhere,ZZ,00000,3251,2017,SYNTHETIC INDUSTRY,1,2,29,58788,2,0,0,0,0,0,0,0,0,0,0,0,0,,1/1/2025,2024
11280,SYNTHETIC SITE 02279,102279,,SYNTHETIC COMPANY 02279,1 Example Way,Nowhere,ZZ,00000,4841,2017,SYNTHETIC INDUSTRY,1,2,64,102134,2,0,0,0,0,0,0,0,0,0,0,0,0,,1/1/2025,2024
11281,SYNTHETIC SITE 02280,102280,,SYNTHETIC COMPANY 02280,1 Example Way,Nowhere,ZZ,00000,3115,2017,SYNTHETIC INDUSTRY,1,2,3,4486,2,0,0,0,0,0,0,0,0,0,0,0,0,,1/1/2025,2024
11282,SYNTHETIC SITE 02281,102281,,SYNTHETIC COMPANY 02281,1 Example Way,Nowhere,ZZ,00000,3328,2017,SYNTHETIC INDUSTRY,1,2,4,7923,2,0,0,0,0,0,0,0,0,0,0,0,0,,1/1/2025,2024
11283,SYNTHETIC SITE 02282,102282,,SYNTHETIC COMPANY 02282,1 Example Way,Nowhere,ZZ,00000,4451,2017,SYNTHETIC INDUSTRY,1,2,168,360574,1,0,1,0,1,7,0,2,0,0,0,0,0,,1/1/2025,2024
11284,SYNTHETIC SITE 02283,102283,,SYNTHETIC COMPANY 02283,1 Example Way,Nowhere,ZZ,00000,3328,2017,SYNTHETIC INDUSTRY,1,2,90,136460,2,0,0,0,0,0,0,0,0,0,0,0,0,,1/1/2025,2024
11285,SYNTHETIC SITE 02284,102284,,SYNTHETIC COMPANY 02284,1 Example Way,Nowhere,ZZ,00000,3115,2017,SYNTHETIC INDUSTRY,1,2,20,35512000,2,0,0,0,0,0,0,0,0,0,0,0,0,,1/1/2025,2024
11286,SYNTHETIC SITE 02285,102285,,SYNTHETIC COMPANY 02285,1 Example Way,Nowhere,ZZ,00000,2361,2017,SYNTHETIC INDUSTRY,1,2,18,33682,2,0,0,0,0,0,0,0,0,0,0,0,0,,1/1/2025,2024
11287,SYNTHETIC SITE 02286,102286,,SYNTHETIC COMPANY 02286,1 Example Way,Nowhere,ZZ,00000,3328,2017,SYNTHETIC INDUSTRY,1,2,65,111690,1,0,3,0,1,21,0,4,0,0,0,0,0,,1/1/2025,2024
11288,SYNTHETIC SITE 02287,102287,,SYNTHETIC COMPANY 02287,1 Example Way,Nowhere,ZZ,00000,2361,2017,SYNTHETIC INDUSTRY,1,2,31,62805,1,0,0,0,1,0,0,1,0,0,0,0,0,,1/1/2025,2024
11289,SYNTHETIC SITE 02288,102288,,SYNTHETIC COMPANY 02288,1 Example Way,Nowhere,ZZ,00000,3252,2017,SYNTHETIC INDUSTRY,1,2,22,34652,1,0,0,1,2,0,4,3,0,0,0,0,0,,1/1/2025,2024
11290,SYNTHETIC SITE 02289,102289,,SYNTHETIC COMPANY 02289,1 Example Way,Nowhere,ZZ,00000,3252,2017,SYNTHETIC INDUSTRY,1,2,46,87798,1,0,0,0,1,0,0,1,0,0,0,0,0,,1/1/2025,2024
11291,SYNTHETIC SITE 02290,102290,,SYNTHETIC COMPANY 02290,1 Example Way,Nowhere,ZZ,00000,6221,2017,SYNTHETIC INDUSTRY,1,2,11,25382,2,0,0,0,0,0,0,0,0,0,0,0,0,,1/1/2025,2024
11292,SYNTHETIC SITE 02291,102291,,SYNTHETIC COMPANY 02291,1 Example Way,Nowhere,ZZ,00000,3115,2017,SYNTHETIC INDUSTRY,1,2,294,586343,1,0,3,2,6,21,8,11,0,0,0,0,0,,1/1/2025,2024
11293,SYNTHETIC SITE 02292,102292,,SYNTHETIC COMPANY 02292,1 Example Way,Nowhere,ZZ,00000,3251,2017,SYNTHETIC INDUSTRY,1,2,131,179845,1,0,0,0,1,0,0,1,0,0,0,0,0,,1/1/2025,2024
11294,SYNTHETIC SITE 02293,102293,,SYNTHETIC COMPANY 02293,1 Example Way,Nowhere,ZZ,00000,6221,2017,SYNTHETIC INDUSTRY,1,2,13,24785,1,0,2,2,0,14,8,4,0,0,0,0,0,,1/1/2025,2024
11295,SYNTHETIC SITE 02294,102294,,SYNTHETIC COMPANY 02294,1 Example Way,Nowhere,ZZ,00000,2361,2017,SYNTHETIC INDUSTRY,1,2,104,199819,1,0,0,1,1,0,4,2,0,0,0,0,0,,1/1/2025,2024
11296,SYNTHETIC SITE 02295,102295,,SYNTHETIC COMPANY 02295,1 Example Way,Nowhere,ZZ,00000,3251,2017,SYNTHETIC INDUSTRY,1,2,16,24144,2,0,0,0,0,0,0,0,0,0,0,0,0,,1/1/2025,2024
11297,SYNTHETIC SITE 02296,102296,,SYNTHETIC COMPANY 02296,1 Example Way,Nowhere,ZZ,00000,3115,2017,SYNTHETIC INDUSTRY,1,2,3,5841,1,0,0,1,0,0,4,1,0,0,0,0,0,,1/1/2025,2024
11298,SYNTHETIC SITE 02297,102297,,SYNTHETIC COMPANY 02297,1 Example Way,Nowhere,ZZ,00000,6221,2017,SYNTHETIC INDUSTRY,1,2,80,149418,1,0,1,0,0,7,0,1,0,0,0,0,0,,1/1/2025,2024
11299,SYNTHETIC SITE 02298,102298,,SYNTHETIC COMPANY 02298,1 Example Way,Nowhere,ZZ,00000,4841,2017,SYNTHETIC INDUSTRY,1,2,36,66931,2,0,0,0,0,0,0,0,0,0,0,0,0,,1/1/2025,2024
11300,SYNTHETIC SITE 02299,102299,,SYNTHETIC COMPANY 02299,1 Example Way,Nowhere,ZZ,00000,3328,2017,SYNTHETIC INDUSTRY,1,2,34,58604,2,0,0,0,0,0,0,0,0,0,0,0,0,,1/1/2025,2024
11301,SYNTHETIC SITE 02300,102300,,SYNTHETIC COMPANY 02300,1 Example Way,Nowhere,ZZ,00000,3115,2017,SYNTHETIC INDUSTRY,1,2,37,55592,1,0,1,1,3,7,4,5,0,0,0,0,0,,1/1/2025,2024
11302,SYNTHETIC SITE 02301,102301,,SYNTHETIC COMPANY 02301,1 Example Way,Nowhere,ZZ,00000,6221,2017,SYNTHETIC INDUSTRY,1,2,5,7150,2,0,0,0,0,0,0,0,0,0,0,0,0,,1/1/2025,2024
11303,SYNTHETIC SITE 02302,102302,,SYNTHETIC COMPANY 02302,1 Example Way,Nowhere,ZZ,00000,4451,2017,SYNTHETIC INDUSTRY,1,2,48,98740,2,0,0,0,0,0,0,0,0,0,0,0,0,,1/1/2025,2024
11304,SYNTHETIC SITE 02303,102303,,SYNTHETIC COMPANY 02303,1 Example Way,Nowhere,ZZ,00000,6221,2017,SYNTHETIC INDUSTRY,1,2,136,250490,2,0,0,0,0,0,0,0,0,0,0,0,0,,1/1/2025,2024
11305,SYNTHETIC SITE 02304,102304,,SYNTHETIC COMPANY 02304,1 Example Way,Nowhere,ZZ,00000,3252,2017,SYNTHETIC INDUSTRY,1,2,8,17193,2,0,0,0,0,0,0,0,0,0,0,0,0,,1/1/2025,2024
11306,SYNTHETIC SITE 02305,102305,,SYNTHETIC COMPANY 02305,1 Example Way,Nowhere,ZZ,00000,3328,2017,SYNTHETIC INDUSTRY,1,2,101,213114,1,0,0,0,1,0,0,1,0,0,0,0,0,,1/1/2025,2024
11307,SYNTHETIC SITE 02306,102306,,SYNTHETIC COMPANY 02306,1 Example Way,Nowhere,ZZ,00000,6221,2017,SYNTHETIC INDUSTRY,1,2,129,245562,1,0,1,0,1,7,0,2,0,0,0,0,0,,1/1/2025,2024
11308,SYNTHETIC SITE 02307,102307,,SYNTHETIC COMPANY 02307,1 Example Way,Nowhere,ZZ,00000,6221,2017,SYNTHETIC INDUSTRY,1,2,17,31081,2,0,0,0,0,0,0,0,0,0,0,0,0,,1/1/2025,2024
11309,SYNTHETIC SITE 02308,102308,,SYNTHETIC COMPANY 02308,1 Example Way,Nowhere,ZZ,00000,3251,2017,SYNTHETIC INDUSTRY,1,2,1960,3839660,2,0,0,0,0,0,0,0,0,0,0,0,0,,1/1/2025,2024
11310,SYNTHETIC SITE 02309,102309,,SYNTHETIC COMPANY 02309,1 Example Way,Nowhere,ZZ,00000,3252,2017,SYNTHETIC INDUSTRY,1,2,18,332750,1,0,0,1,0,0,4,1,0,0,0,0,0,,1/1/2025,2024
11311,SYNTHETIC SITE 02310,102310,,SYNTHETIC COMPANY 02310,1 Example Way,Nowhere,ZZ,00000,3115,2017,SYNTHETIC INDUSTRY,1,2,72,123218,2,0,0,0,0,0,0,0,0,0,0,0,0,,1/1/2025,2024
11312,SYNTHETIC SITE 02311,102311,,SYNTHETIC COMPANY 02311,1 Example Way,Nowhere,ZZ,00000,3252,2017,SYNTHETIC INDUSTRY,1,2,9,18161,2,0,0,0,0,0,0,0,0,0,0,0,0,,1/1/2025,2024
11313,SYNTHETIC SITE 02312,102312,,SYNTHETIC COMPANY 02312,1 Example Way,Nowhere,ZZ,00000,4841,2017,SYNTHETIC INDUSTRY,1,2,37,77194,1,0,0,2,0,0,8,2,0,0,0,0,0,,1/1/2025,2024
11314,SYNTHETIC SITE 02313,102313,,SYNTHETIC COMPANY 02313,1 Example Way,Nowhere,ZZ,00000,6221,2017,SYNTHETIC INDUSTRY,1,2,7,12968,2,0,0,0,0,0,0,0,0,0,0,0,0,,1/1/2025,2024
11315,SYNTHETIC SITE 02314,102314,,SYNTHETIC COMPANY 02314,1 Example Way,Nowhere,ZZ,00000,3328,2017,SYNTHETIC INDUSTRY,1,2,302,500973,1,0,3,4,6,21,16,13,0,0,0,0,0,,1/1/2025,2024
11316,SYNTHETIC SITE 02315,102315,,SYNTHETIC COMPANY 02315,1 Example Way,Nowhere,ZZ,00000,6221,2017,SYNTHETIC INDUSTRY,1,2,121,237100,1,0,0,0,2,0,0,2,0,0,0,0,0,,1/1/2025,2024
11317,SYNTHETIC SITE 02316,102316,,SYNTHETIC COMPANY 02316,1 Example Way,Nowhere,ZZ,00000,3115,2017,SYNTHETIC INDUSTRY,1,2,178,360287,1,0,0,1,3,0,4,4,0,0,0,0,0,,1/1/2025,2024
11318,SYNTHETIC SITE 02317,102317,,SYNTHETIC COMPANY 02317,1 Example Way,Nowhere,ZZ,00000,3328,2017,SYNTHETIC INDUSTRY,1,2,52,100567,1,0,1,0,0,7,0,1,0,0,0,0,0,,1/1/2025,2024
11319,SYNTHETIC SITE 02318,102318,,SYNTHETIC COMPANY 02318,1 Example Way,Nowhere,ZZ,00000,3252,2017,SYNTHETIC INDUSTRY,1,2,87,151245,2,0,0,0,0,0,0,0,0,0,0,0,0,,1/1/2025,2024
11320,SYNTHETIC SITE 02319,102319,,SYNTHETIC COMPANY 02319,1 Example Way,Nowhere,ZZ,00000,4451,2017,SYNTHETIC INDUSTRY,1,2,504,789150,1,0,2,1,4,14,4,7,0,0,0,0,0,,1/1/2025,2024
11321,SYNTHETIC SITE 02320,102320,,SYNTHETIC COMPANY 02320,1 Example Way,Nowhere,ZZ,00000,6221,2017,SYNTHETIC INDUSTRY,1,2,25,46363,2,0,0,0,0,0,0,0,0,0,0,0,0,,1/1/2025,2024
11322,SYNTHETIC SITE 02321,102321,,SYNTHETIC COMPANY 02321,1 Example Way,Nowhere,ZZ,00000,6221,2017,SYNTHETIC INDUSTRY,1,2,180,274684,1,0,11,8,19,77,32,38,0,0,0,0,0,,1/1/2025,2024
11323,SYNTHETIC SITE 02322,102322,,SYNTHETIC COMPANY 02322,1 Example Way,Nowhere,ZZ,00000,3252,2017,SYNTHETIC INDUSTRY,1,2,142,239735,2,0,0,0,0,0,0,0,0,0,0,0,0,,1/1/2025,2024
11324,SYNTHETIC SITE 02323,102323,,SYNTHETIC COMPANY 02323,1 Example Way,Nowhere,ZZ,00000,6221,2017,SYNTHETIC INDUSTRY,1,2,100,187367,2,0,0,0,0,0,0,0,0,0,0,0,0,,1/1/2025,2024
11325,SYNTHETIC SITE 02324,102324,,SYNTHETIC COMPANY 02324,1 Example Way,Nowhere,ZZ,00000,6221,2017,SYNTHETIC INDUSTRY,1,2,36,73251,1,0,0,0,1,0,0,1,0,0,0,0,0,,1/1/2025,2024
11326,SYNTHETIC SITE 02325,102325,,SYNTHETIC COMPANY 02325,1 Example Way,Nowhere,ZZ,00000,4841,2017,SYNTHETIC INDUSTRY,1,2,10,16245,1,0,0,1,0,0,4,1,0,0,0,0,0,,1/1/2025,2024
11327,SYNTHETIC SITE 02326,102326,,SYNTHETIC COMPANY 02326,1 Example Way,Nowhere,ZZ,00000,3115,2017,SYNTHETIC INDUSTRY,1,2,168,439250,1,0,2,2,2,14,8,6,0,0,0,0,0,,1/1/2025,2024
11328,SYNTHETIC SITE 02327,102327,,SYNTHETIC COMPANY 02327,1 Example Way,Nowhere,ZZ,00000,3328,2017,SYNTHETIC INDUSTRY,1,2,55,94638,2,0,0,0,0,0,0,0,0,0,0,0,0,,1/1/2025,2024
11329,SYNTHETIC SITE 02328,102328,,SYNTHETIC COMPANY 02328,1 Example Way,Nowhere,ZZ,00000,3251,2017,SYNTHETIC INDUSTRY,1,2,134,209283,1,0,0,2,0,0,8,2,0,0,0,0,0,,1/1/2025,2024
11330,SYNTHETIC SITE 02329,102329,,SYNTHETIC COMPANY 02329,1 Example Way,Nowhere,ZZ,00000,4451,2017,SYNTHETIC INDUSTRY,1,2,219,413848,1,0,0,4,2,0,16,6,0,0,0,0,0,,1/1/2025,2024
11331,SYNTHETIC SITE 02330,102330,,SYNTHETIC COMPANY 02330,1 Example Way,Nowhere,ZZ,00000,2361,2017,SYNTHETIC INDUSTRY,1,2,20,3358200,2,0,0,0,0,0,0,0,0,0,0,0,0,,1/1/2025,2024
11332,SYNTHETIC SITE 02331,102331,,SYNTHETIC COMPANY 02331,1 Example Way,Nowhere,ZZ,00000,2361,2017,SYNTHETIC INDUSTRY,1,2,269,534318,1,0,4,1,2,28,4,7,0,0,0,0,0,,1/1/2025,2024
11333,SYNTHETIC SITE 02332,102332,,SYNTHETIC COMPANY 02332,1 Example Way,Nowhere,ZZ,00000,3251,2017,SYNTHETIC INDUSTRY,1,2,17,28511,1,0,0,1,0,0,4,1,0,0,0,0,0,,1/1/2025,2024
11334,SYNTHETIC SITE 02333,102333,,SYNTHETIC COMPANY 02333,1 Example Way,Nowhere,ZZ,00000,3115,2017,SYNTHETIC INDUSTRY,1,2,66,144538,2,0,0,0,0,0,0,0,0,0,0,0,0,,1/1/2025,2024
11335,SYNTHETIC SITE 02334,102334,,SYNTHETIC COMPANY 02334,1 Example Way,Nowhere,ZZ,00000,3115,2017,SYNTHETIC INDUSTRY,1,2,28,63565,1,0,0,0,1,0,0,1,0,0,0,0,0,,1/1/2025,2024
11336,SYNTHETIC SITE 02335,102335,,SYNTHETIC COMPANY 02335,1 Example Way,Nowhere,ZZ,00000,6221,2017,SYNTHETIC INDUSTRY,1,2,24,35258,2,0,0,0,0,0,0,0,0,0,0,0,0,,1/1/2025,2024
11337,SYNTHETIC SITE 02336,102336,,SYNTHETIC COMPANY 02336,1 Example Way,Nowhere,ZZ,00000,6221,2017,SYNTHETIC INDUSTRY,1,2,47,77884,2,0,0,0,0,0,0,0,0,0,0,0,0,,1/1/2025,2024
11338,SYNTHETIC SITE 02337,102337,,SYNTHETIC COMPANY 02337,1 Example Way,Nowhere,ZZ,00000,2361,2017,SYNTHETIC INDUSTRY,1,2,26,53376,2,0,0,0,0,0,0,0,0,0,0,0,0,,1/1/2025,2024
11339,SYNTHETIC SITE 02338,102338,,SYNTHETIC COMPANY 02338,1 Example Way,Nowhere,ZZ,00000,3328,2017,SYNTHETIC INDUSTRY,1,2,10,20311,2,0,0,0,0,0,0,0,0,0,0,0,0,,1/1/2025,2024
11340,SYNTHETIC SITE 02339,102339,,SYNTHETIC COMPANY 02339,1 Example Way,Nowhere,ZZ,00000,4841,2017,SYNTHETIC INDUSTRY,1,2,98,194866,1,0,6,7,4,42,28,17,0,0,0,0,0,,1/1/2025,2024
11341,SYNTHETIC SITE 02340,102340,,SYNTHETIC COMPANY 02340,1 Example Way,Nowhere,ZZ,00000,3328,2017,SYNTHETIC INDUSTRY,1,2,337,686097,1,0,6,4,8,42,16,18,0,0,0,0,0,,1/1/2025,2024
11342,SYNTHETIC SITE 02341,102341,,SYNTHETIC COMPANY 02341,1 Example Way,Nowhere,ZZ,00000,3115,2017,SYNTHETIC INDUSTRY,1,2,132,282628,2,0,0,0,0,0,0,0,0,0,0,0,0,,1/1/2025,2024
11343,SYNTHETIC SITE 02342,102342,,SYNTHETIC COMPANY 02342,1 Example Way,Nowhere,ZZ,00000,2361,2017,SYNTHETIC INDUSTRY,1,2,8,17013,2,0,0,0,0,0,0,0,0,0,0,0,0,,1/1/2025,2024
11344,SYNTHETIC SITE 02343,102343,,SYNTHETIC COMPANY 02343,1 Example Way,Nowhere,ZZ,00000,3115,2017,SYNTHETIC INDUSTRY,1,2,20,33208,2,0,0,0,0,0,0,0,0,0,0,0,0,,1/1/2025,2024
11345,SYNTHETIC SITE 02344,102344,,SYNTHETIC COMPANY 02344,1 Example Way,Nowhere,ZZ,00000,2361,2017,SYNTHETIC INDUSTRY,1,2,87,140979,2,0,0,0,0,0,0,0,0,0,0,0,0,,1/1/2025,2024
11346,SYNTHETIC SITE 02345,102345,,SYNTHETIC COMPANY 02345,1 Example Way,Nowhere,ZZ,00000,3252,2017,SYNTHETIC INDUSTRY,1,2,336,691477,1,0,0,1,0,0,4,1,0,0,0,0,0,,1/1/2025,2024
11347,SYNTHETIC SITE 02346,102346,,SYNTHETIC COMPANY 02346,1 Example Way,Nowhere,ZZ,00000,6221,2017,SYNTHETIC INDUSTRY,1,2,231,459522,1,0,10,6,7,70,24,23,0,0,0,0,0,,1/1/2025,2024
11348,SYNTHETIC SITE 02347,102347,,SYNTHETIC COMPANY 02347,1 Example Way,Nowhere,ZZ,00000,6221,2017,SYNTHETIC INDUSTRY,1,2,42,72589,1,0,1,0,1,7,0,2,0,0,0,0,0,,1/1/2025,2024
11349,SYNTHETIC SITE 02348,102348,,SYNTHETIC COMPANY 02348,1 Example Way,Nowhere,ZZ,00000,3251,2017,SYNTHETIC INDUSTRY,1,2,50,67658,2,0,0,0,0,0,0,0,0,0,0,0,0,,1/1/2025,2024
11350,SYNTHETIC SITE 02349,102349,,SYNTHETIC COMPANY 02349,1 Example Way,Nowhere,ZZ,00000,3328,2017,SYNTHETIC INDUSTRY,1,2,9,15842,1,0,0,0,1,0,0,1,0,0,0,0,0,,1/1/2025,2024
11351,SYNTHETIC SITE 02350,102350,,SYNTHETIC COMPANY 02350,1 Example Way,Nowhere,ZZ,00000,6221,2017,SYNTHETIC INDUSTRY,1,2,107,211122,2,0,0,0,0,0,0,0,0,0,0,0,0,,1/1/2025,2024
11352,SYNTHETIC SITE 02351,102351,,SYNTHETIC COMPANY 02351,1 Example Way,Nowhere,ZZ,00000,2361,2017,SYNTHETIC INDUSTRY,1,2,21,40382,2,0,0,0,0,0,0,0,0,0,0,0,0,,1/1/2025,2024
11353,SYNTHETIC SITE 02352,102352,,SYNTHETIC COMPANY 02352,1 Example Way,Nowhere,ZZ,00000,3251,2017,SYNTHETIC INDUSTRY,1,2,61,93286,2,0,0,0,0,0,0,0,0,0,0,0,0,,1/1/2025,2024
11354,SYNTHETIC SITE 02353,102353,,SYNTHETIC COMPANY 02353,1 Example Way,Nowhere,ZZ,00000,2361,2017,SYNTHETIC INDUSTRY,1,2,52,92380,2,0,0,0,0,0,0,0,0,0,0,0,0,,1/1/2025,2024
11355,SYNTHETIC SITE 02354,102354,,SYNTHETIC COMPANY 02354,1 Example Way,Nowhere,ZZ,00000,3251,2017,SYNTHETIC INDUSTRY,1,2,183,344550,1,0,0,0,1,0,0,1,0,0,0,0,0,,1/1/2025,2024
11356,SYNTHETIC SITE 02355,102355,,SYNTHETIC COMPANY 02355,1 Example Way,Nowhere,ZZ,00000,3251,2017,SYNTHETIC INDUSTRY,1,2,21,44036,2,0,0,0,0,0,0,0,0,0,0,0,0,,1/1/2025,2024
11357,SYNTHETIC SITE 02356,102356,,SYNTHETIC COMPANY 02356,1 Example Way,Nowhere,ZZ,00000,3252,2017,SYNTHETIC INDUSTRY,1,2,22,38166,1,0,0,1,0,0,4,1,0,0,0,0,0,,1/1/2025,2024
11358,SYNTHETIC SITE 02357,102357,,SYNTHETIC COMPANY 02357,1 Example Way,Nowhere,ZZ,00000,6221,2017,SYNTHETIC INDUSTRY,1,2,37,55964,2,0,0,0,0,0,0,0,0,0,0,0,0,,1/1/2025,2024
11359,SYNTHETIC SITE 02358,102358,,SYNTHETIC COMPANY 02358,1 Example Way,Nowhere,ZZ,00000,3252,2017,SYNTHETIC INDUSTRY,1,2,216,379229,2,0,0,0,0,0,0,0,0,0,0,0,0,,1/1/2025,2024
11360,SYNTHETIC SITE 02359,102359,,SYNTHETIC COMPANY 02359,1 Example Way,Nowhere,ZZ,00000,4841,2017,SYNTHETIC INDUSTRY,1,2,112,203418,1,0,2,1,1,14,4,4,0,0,0,0,0,,1/1/2025,2024
11361,SYNTHETIC SITE 02360,102360,,SYNTHETIC COMPANY 02360,1 Example Way,Nowhere,ZZ,00000,6221,2017,SYNTHETIC INDUSTRY,1,2,121,250425,1,0,8,3,8,56,12,19,0,0,0,0,0,,1/1/2025,2024
11362,SYNTHETIC SITE 02361,102361,,SYNTHETIC COMPANY 02361,1 Example Way,Nowhere,ZZ,00000,3328,2017,SYNTHETIC INDUSTRY,1,2,54,123126,2,0,0,0,0,0,0,0,0,0,0,0,0,,1/1/2025,2024
11363,SYNTHETIC SITE 02362,102362,,SYNTHETIC COMPANY 02362,1 Example Way,Nowhere,ZZ,00000,3115,2017,SYNTHETIC INDUSTRY,1,2,237,480904,1,0,6,3,11,42,12,20,0,0,0,0,0,,1/1/2025,2024
11364,SYNTHETIC SITE 02363,102363,,SYNTHETIC COMPANY 02363,1 Example Way,Nowhere,ZZ,00000,6221,2017,SYNTHETIC INDUSTRY,1,2,22,40258,2,0,0,0,0,0,0,0,0,0,0,0,0,,1/1/2025,2024
11365,SYNTHETIC SITE 02364,102364,,SYNTHETIC COMPANY 02364,1 Example Way,Nowhere,ZZ,00000,3252,2017,SYNTHETIC INDUSTRY,1,2,310,643757,1,0,0,1,2,0,4,3,0,0,0,0,0,,1/1/2025,2024
11366,SYNTHETIC SITE 02365,102365,,SYNTHETIC COMPANY 02365,1 Example Way,Nowhere,ZZ,00000,3252,2017,SYNTHETIC INDUSTRY,1,2,30,55863,1,0,0,1,0,0,4,1,0,0,0,0,0,,1/1/2025,2024
11367,SYNTHETIC SITE 02366,102366,,SYNTHETIC COMPANY 02366,1 Example Way,Nowhere,ZZ,00000,4841,2017,SYNTHETIC INDUSTRY,1,2,16,33280,1,0,1,0,0,7,0,1,0,0,0,0,0,,1/1/2025,2024
11368,SYNTHETIC SITE 02367,102367,,SYNTHETIC COMPANY 02367,1 Example Way,Nowhere,ZZ,00000,3328,2017,SYNTHETIC INDUSTRY,1,2,125,207440,2,0,0,0,0,0,0,0,0,0,0,0,0,,1/1/2025,2024
11369,SYNTHETIC SITE 02368,102368,,SYNTHETIC COMPANY 02368,1 Example Way,Nowhere,ZZ,00000,3328,2017,SYNTHETIC INDUSTRY,1,2,214,464518,1,0,3,5,1,21,20,9,0,0,0,0,0,,1/1/2025,2024
11370,SYNTHETIC SITE 02369,102369,,SYNTHETIC COMPANY 02369,1 Example Way,Nowhere,ZZ,00000,3328,2017,SYNTHETIC INDUSTRY,1,2,52,97850,2,0,0,0,0,0,0,0,0,0,0,0,0,,1/1/2025,2024
11371,SYNTHETIC SITE 02370,102370,,SYNTHETIC COMPANY 02370,1 Example Way,Nowhere,ZZ,00000,3115,2017,SYNTHETIC INDUSTRY,1,2,70,122942,1,0,0,1,0,0,4,1,0,0,0,0,0,,1/1/2025,2024
11372,SYNTHETIC SITE 02371,102371,,SYNTHETIC COMPANY 02371,1 Example Way,Nowhere,ZZ,00000,3115,2017,SYNTHETIC INDUSTRY,1,2,44,81042,1,0,0,0,1,0,0,1,0,0,0,0,0,,1/1/2025,2024
11373,SYNTHETIC SITE 02372,102372,,SYNTHETIC COMPANY 02372,1 Example Way,Nowhere,ZZ,00000,3328,2017,SYNTHETIC INDUSTRY,1,2,14,20734,2,0,0,0,0,0,0,0,0,0,0,0,0,,1/1/2025,2024
11374,SYNTHETIC SITE 02373,102373,,SYNTHETIC COMPANY 02373,1 Example Way,Nowhere,ZZ,00000,2361,2017,SYNTHETIC INDUSTRY,1,2,32,59092,2,0,0,0,0,0,0,0,0,0,0,0,0,,1/1/2025,2024
11375,SYNTHETIC SITE 02374,102374,,SYNTHETIC COMPANY 02374,1 Example Way,Nowhere,ZZ,00000,3251,2017,SYNTHETIC INDUSTRY,1,2,39,70667,1,0,0,0,1,0,0,1,0,0,0,0,0,,1/1/2025,2024
11376,SYNTHETIC SITE 02375,102375,,SYNTHETIC COMPANY 02375,1 Example Way,Nowhere,ZZ,00000,3252,2017,SYNTHETIC INDUSTRY,1,2,20,34104,2,0,0,0,0,0,0,0,0,0,0,0,0,,1/1/2025,2024
11377,SYNTHETIC SITE 02376,102376,,SYNTHETIC COMPANY 02376,1 Example Way,Nowhere,ZZ,00000,3251,2017,SYNTHETIC INDUSTRY,1,2,68,147118,1,0,0,1,0,0,4,1,0,0,0,0,0,,1/1/2025,2024
11378,SYNTHETIC SITE 02377,102377,,SYNTHETIC COMPANY 02377,1 Example Way,Nowhere,ZZ,00000,4451,2017,SYNTHETIC INDUSTRY,1,2,83,171619,1,0,1,0,0,7,0,1,0,0,0,0,0,,1/1/2025,2024
11379,SYNTHETIC SITE 02378,102378,,SYNTHETIC COMPANY 02378,1 Example Way,Nowhere,ZZ,00000,6221,2017,SYNTHETIC INDUSTRY,1,2,51,82780,2,0,0,0,0,0,0,0,0,0,0,0,0,,1/1/2025,2024
11380,SYNTHETIC SITE 02379,102379,,SYNTHETIC COMPANY 02379,1 Example Way,Nowhere,ZZ,00000,3251,2017,SYNTHETIC INDUSTRY,1,2,44,77438,2,0,0,0,0,0,0,0,0,0,0,0,0,,1/1/2025,2024
11381,SYNTHETIC SITE 02380,102380,,SYNTHETIC COMPANY 02380,1 Example Way,Nowhere,ZZ,00000,3115,2017,SYNTHETIC INDUSTRY,1,2,7,12197,2,0,0,0,0,0,0,0,0,0,0,0,0,,1/1/2025,2024
11382,SYNTHETIC SITE 02381,102381,,SYNTHETIC COMPANY 02381,1 Example Way,Nowhere,ZZ,00000,4451,2017,SYNTHETIC INDUSTRY,1,2,42,75267,2,0,0,0,0,0,0,0,0,0,0,0,0,,1/1/2025,2024
11383,SYNTHETIC SITE 02382,102382,,SYNTHETIC COMPANY 02382,1 Example Way,Nowhere,ZZ,00000,3328,2017,SYNTHETIC INDUSTRY,1,2,184,298097,1,0,0,0,1,0,0,1,0,0,0,0,0,,1/1/2025,2024
11384,SYNTHETIC SITE 02383,102383,,SYNTHETIC COMPANY 02383,1 Example Way,Nowhere,ZZ,00000,3115,2017,SYNTHETIC INDUSTRY,1,2,9,16253,2,0,0,0,0,0,0,0,0,0,0,0,0,,1/1/2025,2024
11385,SYNTHETIC SITE 02384,102384,,SYNTHETIC COMPANY 02384,1 Example Way,Nowhere,ZZ,00000,4841,2017,SYNTHETIC INDUSTRY,1,2,8,16680,2,0,0,0,0,0,0,0,0,0,0,0,0,,1/1/2025,2024
11386,SYNTHETIC SITE 02385,102385,,SYNTHETIC COMPANY 02385,1 Example Way,Nowhere,ZZ,00000,4841,2017,SYNTHETIC INDUSTRY,1,2,48,103909,2,0,0,0,0,0,0,0,0,0,0,0,0,,1/1/2025,2024
11387,SYNTHETIC SITE 02386,102386,,SYNTHETIC COMPANY 02386,1 Example Way,Nowhere,ZZ,00000,2361,2017,SYNTHETIC INDUSTRY,1,2,146,274273,2,0,0,0,0,0,0,0,0,0,0,0,0,,1/1/2025,2024
11388,SYNTHETIC SITE 02387,102387,,SYNTHETIC COMPANY 02387,1 Example Way,Nowhere,ZZ,00000,3251,2017,SYNTHETIC INDUSTRY,1,2,43,81289,2,0,0,0,0,0,0,0,0,0,0,0,0,,1/1/2025,2024
11389,SYNTHETIC SITE 02388,102388,,SYNTHETIC COMPANY 02388,1 Example Way,Nowhere,ZZ,00000,2361,2017,SYNTHETIC INDUSTRY,1,2,36,73727,2,0,0,0,0,0,0,0,0,0,0,0,0,,1/1/2025,2024
11390,SYNTHETIC SITE 02389,102389,,SYNTHETIC COMPANY 02389,1 Example Way,Nowhere,ZZ,00000,4451,2017,SYNTHETIC INDUSTRY,1,2,92,177668,1,0,2,1,1,14,4,4,0,0,0,0,0,,1/1/2025,2024
11391,SYNTHETIC SITE 02390,102390,,SYNTHETIC COMPANY 02390,1 Example Way,Nowhere,ZZ,00000,3251,2017,SYNTHETIC INDUSTRY,1,2,9,16224,2,0,0,0,0,0,0,0,0,0,0,0,0,,1/1/2025,2024
11392,SYNTHETIC SITE 02391,102391,,SYNTHETIC COMPANY 02391,1 Example Way,Nowhere,ZZ,00000,3328,2017,SYNTHETIC INDUSTRY,1,2,67,167554,1,0,3,3,2,21,12,8,0,0,0,0,0,,1/1/2025,2024
11393,SYNTHETIC SITE 02392,102392,,SYNTHETIC COMPANY 02392,1 Example Way,Nowhere,ZZ,00000,3251,2017,SYNTHETIC INDUSTRY,1,2,13,26465,2,0,0,0,0,0,0,0,0,0,0,0,0,,1/1/2025,2024
11394,SYNTHETIC SITE 02393,102393,,SYNTHETIC COMPANY 02393,1 Example Way,Nowhere,ZZ,00000,3115,2017,SYNTHETIC INDUSTRY,1,2,38,74814,2,0,0,0,0,0,0,0,0,0,0,0,0,,1/1/2025,2024
11395,SYNTHETIC SITE 02394,102394,,SYNTHETIC COMPANY 02394,1 Example Way,Nowhere,ZZ,00000,3328,2017,SYNTHETIC INDUSTRY,1,2,130,207025,2,0,0,0,0,0,0,0,0,0,0,0,0,,1/1/2025,2024
11396,SYNTHETIC SITE 02395,102395,,SYNTHETIC COMPANY 02395,1 Example Way,Nowhere,ZZ,00000,3328,2017,SYNTHETIC INDUSTRY,1,2,102,210905,1,0,6,4,5,42,16,15,0,0,0,0,0,,1/1/2025,2024
11397,SYNTHETIC SITE 02396,102396,,SYNTHETIC COMPANY 02396,1 Example Way,Nowhere,ZZ,00000,4841,2017,SYNTHETIC INDUSTRY,1,2,47,96590,1,0,0,0,1,0,0,1,0,0,0,0,0,,1/1/2025,2024
11398,SYNTHETIC SITE 02397,102397,,SYNTHETIC COMPANY 02397,1 Example Way,Nowhere,ZZ,00000,4841,2017,SYNTHETIC INDUSTRY,1,2,45,87024,2,0,0,0,0,0,0,0,0,0,0,0,0,,1/1/2025,2024
11399,SYNTHETIC SITE 02398,102398,,SYNTHETIC COMPANY 02398,1 Example Way,Nowhere,ZZ,00000,3115,2017,SYNTHETIC INDUSTRY,1,2,86,131650,1,0,3,1,1,21,4,5,0,0,0,0,0,,1/1/2025,2024
11400,SYNTHETIC SITE 02399,102399,,SYNTHETIC COMPANY 02399,1 Example Way,Nowhere,ZZ,00000,4451,2017,SYNTHETIC INDUSTRY,1,2,250,456813,2,0,0,0,0,0,0,0,0,0,0,0,0,,1/1/2025,2024
11401,SYNTHETIC SITE 02400,102400,,SYNTHETIC COMPANY 02400,1 Example Way,Nowhere,ZZ,00000,3252,2017,SYNTHETIC INDUSTRY,1,2,238,374948,2,0,0,0,0,0,0,0,0,0,0,0,0,,1/1/2025,2024
11402,SYNTHETIC SITE 02401,102401,,SYNTHETIC COMPANY 02401,1 Example Way,Nowhere,ZZ,00000,4841,2017,SYNTHETIC INDUSTRY,1,2,33,64056,1,0,0,0,1,0,0,1,0,0,0,0,0,,1/1/2025,2024
11403,SYNTHETIC SITE 02402,102402,,SYNTHETIC COMPANY 02402,1 Example Way,Nowhere,ZZ,00000,3328,2017,SYNTHETIC INDUSTRY,1,2,37,71314,2,0,0,0,0,0,0,0,0,0,0,0,0,,1/1/2025,2024
11404,SYNTHETIC SITE 02403,102403,,SYNTHETIC COMPANY 02403,1 Example Way,Nowhere,ZZ,00000,3115,2017,SYNTHETIC INDUSTRY,1,2,283,576958,2,0,0,0,0,0,0,0,0,0,0,0,0,,1/1/2025,2024
11405,SYNTHETIC SITE 02404,102404,,SYNTHETIC COMPANY 02404,1 Example Way,Nowhere,ZZ,00000,4451,2017,SYNTHETIC INDUSTRY,1,2,50,86353,2,0,0,0,0,0,0,0,0,0,0,0,0,,1/1/2025,2024
11406,SYNTHETIC SITE 02405,102405,,SYNTHETIC COMPANY 02405,1 Example Way,Nowhere,ZZ,00000,3328,2017,SYNTHETIC INDUSTRY,1,2,78,126748,2,0,0,0,0,0,0,0,0,0,0,0,0,,1/1/2025,2024
11407,SYNTHETIC SITE 02406,102406,,SYNTHETIC COMPANY 02406,1 Example Way,Nowhere,ZZ,00000,3328,2017,SYNTHETIC INDUSTRY,1,2,16,30034,2,0,0,0,0,0,0,0,0,0,0,0,0,,1/1/2025,2024
11408,SYNTHETIC SITE 02407,102407,,SYNTHETIC COMPANY 02407,1 Example Way,Nowhere,ZZ,00000,4451,2017,SYNTHETIC INDUSTRY,1,2,18,40544,2,0,0,0,0,0,0,0,0,0,0,0,0,,1/1/2025,2024
11409,SYNTHETIC SITE 02408,102408,,SYNTHETIC COMPANY 02408,1 Example Way,Nowhere,ZZ,00000,2361,2017,SYNTHETIC INDUSTRY,1,2,25,45463,2,0,0,0,0,0,0,0,0,0,0,0,0,,1/1/2025,2024
11410,SYNTHETIC SITE 02409,102409,,SYNTHETIC COMPANY 02409,1 Example Way,Nowhere,ZZ,00000,4841,2017,SYNTHETIC INDUSTRY,1,2,208,399504,2,0,0,0,0,0,0,0,0,0,0,0,0,,1/1/2025,2024
11411,SYNTHETIC SITE 02410,102410,,SYNTHETIC COMPANY 02410,1 Example Way,Nowhere,ZZ,00000,3115,2017,SYNTHETIC INDUSTRY,1,2,256,434439,1,0,1,1,1,7,4,3,0,0,0,0,0,,1/1/2025,2024
11412,SYNTHETIC SITE 02411,102411,,SYNTHETIC COMPANY 02411,1 Example Way,Nowhere,ZZ,00000,3251,2017,SYNTHETIC INDUSTRY,1,2,88,191084,2,0,0,0,0,0,0,0,0,0,0,0,0,,1/1/2025,2024
11413,SYNTHETIC SITE 02412,102412,,SYNTHETIC COMPANY 02412,1 Example Way,Nowhere,ZZ,00000,3115,2017,SYNTHETIC INDUSTRY,1,2,47,65080,1,0,0,0,3,0,0,3,0,0,0,0,0,,1/1/2025,2024
11414,SYNTHETIC SITE 02413,102413,,SYNTHETIC COMPANY 02413,1 Example Way,Nowhere,ZZ,00000,3115,2017,SYNTHETIC INDUSTRY,1,2,57,87936,2,0,0,0,0,0,0,0,0,0,0,0,0,,1/1/2025,2024
11415,SYNTHETIC SITE 02414,102414,,SYNTHETIC COMPANY 02414,1 Example Way,Nowhere,ZZ,00000,3115,2017,SYNTHETIC INDUSTRY,1,2,270,548320,1,0,17,10,30,119,40,57,0,0,0,0,0,,1/1/2025,2024
11416,SYNTHETIC SITE 02415,102415,,SYNTHETIC COMPANY 02415,1 Example Way,Nowhere,ZZ,00000,3115,2017,SYNTHETIC INDUSTRY,1,2,26,53135,2,0,0,0,0,0,0,0,0,0,0,0,0,,1/1/2025,2024
11417,SYNTHETIC SITE 02416,102416,,SYNTHETIC COMPANY 02416,1 Example Way,Nowhere,ZZ,00000,6221,2017,SYNTHETIC INDUSTRY,1,2,11,16363,2,0,0,0,0,0,0,0,0,0,0,0,0,,1/1/2025,2024
11418,SYNTHETIC SITE 02417,102417,,SYNTHETIC COMPANY 02417,1 Example Way,Nowhere,ZZ,00000,3251,2017,SYNTHETIC INDUSTRY,1,2,26,42133,2,0,0,0,0,0,0,0,0,0,0,0,0,,1/1/2025,2024
11419,SYNTHETIC SITE 02418,102418,,SYNTHETIC COMPANY 02418,1 Example Way,Nowhere,ZZ,00000,3115,2017,SYNTHETIC INDUSTRY,1,2,14,25752,2,0,0,0,0,0,0,0,0,0,0,0,0,,1/1/2025,2024
11420,SYNTHETIC SITE 02419,102419,,SYNTHETIC COMPANY 02419,1 Example Way,Nowhere,ZZ,00000,3328,2017,SYNTHETIC INDUSTRY,1,2,29,63924,1,0,0,0,2,0,0,2,0,0,0,0,0,,1/1/2025,2024
11421,SYNTHETIC SITE 02420,102420,,SYNTHETIC COMPANY 02420,1 Example Way,Nowhere,ZZ,00000,4451,2017,SYNTHETIC INDUSTRY,1,2,32,51811,1,0,1,0,0,7,0,1,0,0,0,0,0,,1/1/2025,2024
11422,SYNTHETIC SITE 02421,102421,,SYNTHETIC COMPANY 02421,1 Example Way,Nowhere,ZZ,00000,3328,2017,SYNTHETIC INDUSTRY,1,2,222,475453,1,0,7,3,10,49,12,20,0,0,0,0,0,,1/1/2025,2024
11423,SYNTHETIC SITE 02422,102422,,SYNTHETIC COMPANY 02422,1 Example Way,Nowhere,ZZ,00000,3251,2017,SYNTHETIC INDUSTRY,1,2,12,24397,2,0,0,0,0,0,0,0,0,0,0,0,0,,1/1/2025,2024
11424,SYNTHETIC SITE 02423,102423,,SYNTHETIC COMPANY 02423,1 Example Way,Nowhere,ZZ,00000,6221,2017,SYNTHETIC INDUSTRY,1,2,139,318160,1,0,5,3,3,35,12,11,0,0,0,0,0,,1/1/2025,2024
11425,SYNTHETIC SITE 02424,102424,,SYNTHETIC COMPANY 02424,1 Example Way,Nowhere,ZZ,00000,3328,2017,SYNTHETIC INDUSTRY,1,2,83,164269,1,0,0,0,1,0,0,1,0,0,0,0,0,,1/1/2025,2024
11426,SYNTHETIC SITE 02425,102425,,SYNTHETIC COMPANY 02425,1 Example Way,Nowhere,ZZ,00000,3115,2017,SYNTHETIC INDUSTRY,1,2,59,102728,2,0,0,0,0,0,0,0,0,0,0,0,0,,1/1/2025,2024
11427,SYNTHETIC SITE 02426,102426,,SYNTHETIC COMPANY 02426,1 Example Way,Nowhere,ZZ,00000,4451,2017,SYNTHETIC INDUSTRY,1,2,66,120661,1,0,1,3,6,7,12,10,0,0,0,0,0,,1/1/2025,2024
11428,SYNTHETIC SITE 02427,102427,,SYNTHETIC COMPANY 02427,1 Example Way,Nowhere,ZZ,00000,4841,2017,SYNTHETIC INDUSTRY,1,2,49,87570,2,0,0,0,0,0,0,0,0,0,0,0,0,,1/1/2025,2024
11429,SYNTHETIC SITE 02428,102428,,SYNTHETIC COMPANY 02428,1 Example Way,Nowhere,ZZ,00000,4841,2017,SYNTHETIC INDUSTRY,1,2,56,95065000,1,0,0,1,1,0,4,2,0,0,0,0,0,,1/1/2025,2024
11430,SYNTHETIC SITE 02429,102429,,SYNTHETIC COMPANY 02429,1 Example Way,Nowhere,ZZ,00000,3251,2017,SYNTHETIC INDUSTRY,1,2,50,103366,1,0,2,1,3,14,4,6,0,0,0,0,0,,1/1/2025,2024
11431,SYNTHETIC SITE 02430,102430,,SYNTHETIC COMPANY 02430,1 Example Way,Nowhere,ZZ,00000,6221,2017,SYNTHETIC INDUSTRY,1,2,20,36548,2,0,0,0,0,0,0,0,0,0,0,0,0,,1/1/2025,2024
11432,SYNTHETIC SITE 02431,102431,,SYNTHETIC COMPANY 02431,1 Example Way,Nowhere,ZZ,00000,3251,2017,SYNTHETIC INDUSTRY,1,2,1797,3641628,1,0,1,1,0,7,4,2,0,0,0,0,0,,1/1/2025,2024
11433,SYNTHETIC SITE 02432,102432,,SYNTHETIC COMPANY 02432,1 Example Way,Nowhere,ZZ,00000,3252,2017,SYNTHETIC INDUSTRY,1,2,15,26029,1,0,0,2,1,0,8,3,0,0,0,0,0,,1/1/2025,2024
11434,SYNTHETIC SITE 02433,102433,,SYNTHETIC COMPANY 02433,1 Example Way,Nowhere,ZZ,00000,4451,2017,SYNTHETIC INDUSTRY,1,2,24,52085,1,0,2,0,2,14,0,4,0,0,0,0,0,,1/1/2025,2024
11435,SYNTHETIC SITE 02434,102434,,SYNTHETIC COMPANY 02434,1 Example Way,Nowhere,ZZ,00000,6221,2017,SYNTHETIC INDUSTRY,1,2,94,174376,2,0,0,0,0,0,0,0,0,0,0,0,0,,1/1/2025,2024
11436,SYNTHETIC SITE 02435,102435,,SYNTHETIC COMPANY 02435,1 Example Way,Nowhere,ZZ,00000,4841,2017,SYNTHETIC INDUSTRY,1,2,20,43623,1,0,1,1,1,7,4,3,0,0,0,0,0,,1/1/2025,2024
11437,SYNTHETIC SITE 02436,102436,,SYNTHETIC COMPANY 02436,1 Example Way,Nowhere,ZZ,00000,3115,2017,SYNTHETIC INDUSTRY,1,2,120,232911,1,0,2,3,1,14,12,6,0,0,0,0,0,,1/1/2025,2024
11438,SYNTHETIC SITE 02437,102437,,SYNTHETIC COMPANY 02437,1 Example Way,Nowhere,ZZ,00000,3252,2017,SYNTHETIC INDUSTRY,1,2,14,20180,1,0,0,0,1,0,0,1,0,0,0,0,0,,1/1/2025,2024
11439,SYNTHETIC SITE 02438,102438,,SYNTHETIC COMPANY 02438,1 Example Way,Nowhere,ZZ,00000,3252,2017,SYNTHETIC INDUSTRY,1,2,40,69395,2,0,0,0,0,0,0,0,0,0,0,0,0,,1/1/2025,2024
11440,SYNTHETIC SITE 02439,102439,,SYNTHETIC COMPANY 02439,1 Example Way,Nowhere,ZZ,00000,3251,2017,SYNTHETIC INDUSTRY,1,2,226,424835,2,0,0,0,0,0,0,0,0,0,0,0,0,,1/1/2025,2024
11441,SYNTHETIC SITE 02440,102440,,SYNTHETIC COMPANY 02440,1 Example Way,Nowhere,ZZ,00000,3328,2017,SYNTHETIC INDUSTRY,1,2,45,69910,1,0,1,0,0,7,0,1,0,0,0,0,0,,1/1/2025,2024
11442,SYNTHETIC SITE 02441,102441,,SYNTHETIC COMPANY 02441,1 Example Way,Nowhere,ZZ,00000,2361,2017,SYNTHETIC INDUSTRY,1,2,20,50110,1,0,0,0,2,0,0,2,0,0,0,0,0,,1/1/2025,2024
11443,SYNTHETIC SITE 02442,102442,,SYNTHETIC COMPANY 02442,1 Example Way,Nowhere,ZZ,00000,3251,2017,SYNTHETIC INDUSTRY,1,2,16,30319,2,0,0,0,0,0,0,0,0,0,0,0,0,,1/1/2025,2024
11444,SYNTHETIC SITE 02443,102443,,SYNTHETIC COMPANY 02443,1 Example Way,Nowhere,ZZ,00000,2361,2017,SYNTHETIC INDUSTRY,1,2,20,42907,2,0,0,0,0,0,0,0,0,0,0,0,0,,1/1/2025,2024
11445,SYNTHETIC SITE 02444,102444,,SYNTHETIC COMPANY 02444,1 Example Way,Nowhere,ZZ,00000,6221,2017,SYNTHETIC INDUSTRY,1,2,38,75588,2,0,0,0,0,0,0,0,0,0,0,0,0,,1/1/2025,2024
11446,SYNTHETIC SITE 02445,102445,,SYNTHETIC COMPANY 02445,1 Example Way,Nowhere,ZZ,00000,4841,2017,SYNTHETIC INDUSTRY,1,2,29,49231,2,0,0,0,0,0,0,0,0,0,0,0,0,,1/1/2025,2024
11447,SYNTHETIC SITE 02446,102446,,SYNTHETIC COMPANY 02446,1 Example Way,Nowhere,ZZ,00000,3328,2017,SYNTHETIC INDUSTRY,1,2,74,121114,1,0,0,0,3,0,0,3,0,0,0,0,0,,1/1/2025,2024
11448,SYNTHETIC SITE 02447,102447,,SYNTHETIC COMPANY 02447,1 Example Way,Nowhere,ZZ,00000,6221,2017,SYNTHETIC INDUSTRY,1,2,414,827722,1,0,0,1,1,0,4,2,0,0,0,0,0,,1/1/2025,2024
11449,SYNTHETIC SITE 02448,102448,,SYNTHETIC COMPANY 02448,1 Example Way,Nowhere,ZZ,00000,3115,2017,SYNTHETIC INDUSTRY,1,2,71,118936,2,0,0,0,0,0,0,0,0,0,0,0,0,,1/1/2025,2024
11450,SYNTHETIC SITE 02449,102449,,SYNTHETIC COMPANY 02449,1 Example Way,Nowhere,ZZ,00000,6221,2017,SYNTHETIC INDUSTRY,1,2,52,75081,1,0,0,0,1,0,0,1,0,0,0,0,0,,1/1/2025,2024
11451,SYNTHETIC SITE 02450,102450,,SYNTHETIC COMPANY 02450,1 Example Way,Nowhere,ZZ,00000,4841,2017,SYNTHETIC INDUSTRY,1,2,42,72545,2,0,0,0,0,0,0,0,0,0,0,0,0,,1/1/2025,2024
11452,SYNTHETIC SITE 02451,102451,,SYNTHETIC COMPANY 02451,1 Example Way,Nowhere,ZZ,00000,3115,2017,SYNTHETIC INDUSTRY,1,2,68,126407,2,0,0,0,0,0,0,0,0,0,0,0,0,,1/1/2025,2024
11453,SYNTHETIC SITE 02452,102452,,SYNTHETIC COMPANY 02452,1 Example Way,Nowhere,ZZ,00000,4841,2017,SYNTHETIC INDUSTRY,1,2,212,359247,2,0,0,0,0,0,0,0,0,0,0,0,0,,1/1/2025,2024
11454,SYNTHETIC SITE 02453,102453,,SYNTHETIC COMPANY 02453,1 Example Way,Nowhere,ZZ,00000,3115,2017,SYNTHETIC INDUSTRY,1,2,58,132807,2,0,0,0,0,0,0,0,0,0,0,0,0,,1/1/2025,2024
11455,SYNTHETIC SITE 02454,102454,,SYNTHETIC COMPANY 02454,1 Example Way,Nowhere,ZZ,00000,4841,2017,SYNTHETIC INDUSTRY,1,2,25,44325,2,0,0,0,0,0,0,0,0,0,0,0,0,,1/1/2025,2024
11456,SYNTHETIC SITE 02455,102455,,SYNTHETIC COMPANY 02455,1 Example Way,Nowhere,ZZ,00000,6221,2017,SYNTHETIC INDUSTRY,1,2,42,76343,1,0,1,1,1,7,4,3,0,0,0,0,0,,1/1/2025,2024
11457,SYNTHETIC SITE 02456,102456,,SYNTHETIC COMPANY 02456,1 Example Way,Nowhere,ZZ,00000,4451,2017,SYNTHETIC INDUSTRY,1,2,48,99113,1,0,0,0,4,0,0,4,0,0,0,0,0,,1/1/2025,2024
11458,SYNTHETIC SITE 02457,102457,,SYNTHETIC COMPANY 02457,1 Example Way,Nowhere,ZZ,00000,3328,2017,SYNTHETIC INDUSTRY,1,2,318,481878,1,0,2,0,1,14,0,3,0,0,0,0,0,,1/1/2025,2024
11459,SYNTHETIC SITE 02458,102458,,SYNTHETIC COMPANY 02458,1 Example Way,Nowhere,ZZ,00000,6221,2017,SYNTHETIC INDUSTRY,1,2,22,47560,2,0,0,0,0,0,0,0,0,0,0,0,0,,1/1/2025,2024
11460,SYNTHETIC SITE 02459,102459,,SYNTHETIC COMPANY 02459,1 Example Way,Nowhere,ZZ,00000,4451,2017,SYNTHETIC INDUSTRY,1,2,36,72875,1,0,0,1,1,0,4,2,0,0,0,0,0,,1/1/2025,2024
11461,SYNTHETIC SITE 02460,102460,,SYNTHETIC COMPANY 02460,1 Example Way,Nowhere,ZZ,00000,4841,2017,SYNTHETIC INDUSTRY,1,2,13,2523100000,1,0,1,1,0,7,4,2,0,0,0,0,0,,1/1/2025,2024
11462,SYNTHETIC SITE 02461,102461,,SYNTHETIC COMPANY 02461,1 Example Way,Nowhere,ZZ,00000,4451,2017,SYNTHETIC INDUSTRY,1,2,64,123350,1,0,0,1,0,0,4,1,0,0,0,0,0,,1/1/2025,2024
11463,SYNTHETIC SITE 02462,102462,,SYNTHETIC COMPANY 02462,1 Example Way,Nowhere,ZZ,00000,2361,2017,SYNTHETIC INDUSTRY,1,2,113,234710,1,0,6,0,5,42,0,11,0,0,0,0,0,,1/1/2025,2024
11464,SYNTHETIC SITE 02463,102463,,SYNTHETIC COMPANY 02463,1 Example Way,Nowhere,ZZ,00000,3252,2017,SYNTHETIC INDUSTRY,1,2,22,33843,2,0,0,0,0,0,0,0,0,0,0,0,0,,1/1/2025,2024
11465,SYNTHETIC SITE 02464,102464,,SYNTHETIC COMPANY 02464,1 Example Way,Nowhere,ZZ,00000,4451,2017,SYNTHETIC INDUSTRY,1,2,17,39629,2,0,0,0,0,0,0,0,0,0,0,0,0,,1/1/2025,2024
11466,SYNTHETIC SITE 02465,102465,,SYNTHETIC COMPANY 02465,1 Example Way,Nowhere,ZZ,00000,4841,2017,SYNTHETIC INDUSTRY,1,2,96,164150,2,0,0,0,0,0,0,0,0,0,0,0,0,,1/1/2025,2024
11467,SYNTHETIC SITE 02466,102466,,SYNTHETIC COMPANY 02466,1 Example Way,Nowhere,ZZ,00000,3252,2017,SYNTHETIC INDUSTRY,1,2,206,430097,1,0,1,2,0,7,8,3,0,0,0,0,0,,1/1/2025,2024
11468,SYNTHETIC SITE 02467,102467,,SYNTHETIC COMPANY 02467,1 Example Way,Nowhere,ZZ,00000,4451,2017,SYNTHETIC INDUSTRY,1,2,25,34359,1,0,0,1,0,0,4,1,0,0,0,0,0,,1/1/2025,2024
11469,SYNTHETIC SITE 02468,102468,,SYNTHETIC COMPANY 02468,1 Example Way,Nowhere,ZZ,00000,3328,2017,SYNTHETIC INDUSTRY,1,2,8,16072,1,0,0,0,1,0,0,1,0,0,0,0,0,,1/1/2025,2024
11470,SYNTHETIC SITE 02469,102469,,SYNTHETIC COMPANY 02469,1 Example Way,Nowhere,ZZ,00000,3251,2017,SYNTHETIC INDUSTRY,1,2,110,249394,1,0,2,1,0,14,4,3,0,0,0,0,0,,1/1/2025,2024
11471,SYNTHETIC SITE 02470,102470,,SYNTHETIC COMPANY 02470,1 Example Way,Nowhere,ZZ,00000,4451,2017,SYNTHETIC INDUSTRY,1,2,58,113350,1,0,1,0,0,7,0,1,0,0,0,0,0,,1/1/2025,2024
11472,SYNTHETIC SITE 02471,102471,,SYNTHETIC COMPANY 02471,1 Example Way,Nowhere,ZZ,00000,4451,2017,SYNTHETIC INDUSTRY,1,2,14,22248,2,0,0,0,0,0,0,0,0,0,0,0,0,,1/1/2025,2024
11473,SYNTHETIC SITE 02472,102472,,SYNTHETIC COMPANY 02472,1 Example Way,Nowhere,ZZ,00000,3251,2017,SYNTHETIC INDUSTRY,1,2,10,23405,2,0,0,0,0,0,0,0,0,0,0,0,0,,1/1/2025,2024
11474,SYNTHETIC SITE 02473,102473,,SYNTHETIC COMPANY 02473,1 Example Way,Nowhere,ZZ,00000,6221,2017,SYNTHETIC INDUSTRY,1,2,24,39497,2,0,0,0,0,0,0,0,0,0,0,0,0,,1/1/2025,2024
11475,SYNTHETIC SITE 02474,102474,,SYNTHETIC COMPANY 02474,1 Example Way,Nowhere,ZZ,00000,4451,2017,SYNTHETIC INDUSTRY,1,2,16,26828,1,0,0,0,1,0,0,1,0,0,0,0,0,,1/1/2025,2024
11476,SYNTHETIC SITE 02475,102475,,SYNTHETIC COMPANY 02475,1 Example Way,Nowhere,ZZ,00000,3251,2017,SYNTHETIC INDUSTRY,1,2,34,57258,2,0,0,0,0,0,0,0,0,0,0,0,0,,1/1/2025,2024
11477,SYNTHETIC SITE 02476,102476,,SYNTHETIC COMPANY 02476,1 Example Way,Nowhere,ZZ,00000,2361,2017,SYNTHETIC INDUSTRY,1,2,73,14169500,2,0,0,0,0,0,0,0,0,0,0,0,0,,1/1/2025,2024
11478,SYNTHETIC SITE 02477,102477,,SYNTHETIC COMPANY 02477,1 Example Way,Nowhere,ZZ,00000,3115,2017,SYNTHETIC INDUSTRY,1,2,39,64398,2,0,0,0,0,0,0,0,0,0,0,0,0,,1/1/2025,2024
11479,SYNTHETIC SITE 02478,102478,,SYNTHETIC COMPANY 02478,1 Example Way,Nowhere,ZZ,00000,3251,2017,SYNTHETIC INDUSTRY,1,2,111,172995,2,0,0,0,0,0,0,0,0,0,0,0,0,,1/1/2025,2024
11480,SYNTHETIC SITE 02479,102479,,SYNTHETIC COMPANY 02479,1 Example Way,Nowhere,ZZ,00000,3252,2017,SYNTHETIC INDUSTRY,1,2,40,75299,2,0,0,0,0,0,0,0,0,0,0,0,0,,1/1/2025,2024
11481,SYNTHETIC SITE 02480,102480,,SYNTHETIC COMPANY 02480,1 Example Way,Nowhere,ZZ,00000,3328,2017,SYNTHETIC INDUSTRY,1,2,49,91475,1,0,0,1,0,0,4,1,0,0,0,0,0,,1/1/2025,2024
11482,SYNTHETIC SITE 02481,102481,,SYNTHETIC COMPANY 02481,1 Example Way,Nowhere,ZZ,00000,4451,2017,SYNTHETIC INDUSTRY,1,2,192,362957,1,0,1,4,5,7,16,10,0,0,0,0,0,,1/1/2025,2024
11483,SYNTHETIC SITE 02482,102482,,SYNTHETIC COMPANY 02482,1 Example Way,Nowhere,ZZ,00000,4451,2017,SYNTHETIC INDUSTRY,1,2,193,389008,1,0,1,1,1,7,4,3,0,0,0,0,0,,1/1/2025,2024
11484,SYNTHETIC SITE 02483,102483,,SYNTHETIC COMPANY 02483,1 Example Way,Nowhere,ZZ,00000,6221,2017,SYNTHETIC INDUSTRY,1,2,133,322138,1,0,2,3,5,14,12,10,0,0,0,0,0,,1/1/2025,2024
11485,SYNTHETIC SITE 02484,102484,,SYNTHETIC COMPANY 02484,1 Example Way,Nowhere,ZZ,00000,3252,2017,SYNTHETIC INDUSTRY,1,2,25,52599,1,0,0,2,1,0,8,3,0,0,0,0,0,,1/1/2025,2024
11486,SYNTHETIC SITE 02485,102485,,SYNTHETIC COMPANY 02485,1 Example Way,Nowhere,ZZ,00000,3251,2017,SYNTHETIC INDUSTRY,1,2,24,59705,2,0,0,0,0,0,0,0,0,0,0,0,0,,1/1/2025,2024
11487,SYNTHETIC SITE 02486,102486,,SYNTHETIC COMPANY 02486,1 Example Way,Nowhere,ZZ,00000,3252,2017,SYNTHETIC INDUSTRY,1,2,78,165058,2,0,0,0,0,0,0,0,0,0,0,0,0,,1/1/2025,2024
11488,SYNTHETIC SITE 02487,102487,,SYNTHETIC COMPANY 02487,1 Example Way,Nowhere,ZZ,00000,6221,2017,SYNTHETIC INDUSTRY,1,2,19,38096,1,0,0,0,2,0,0,2,0,0,0,0,0,,1/1/2025,2024
11489,SYNTHETIC SITE 02488,102488,,SYNTHETIC COMPANY 02488,1 Example Way,Nowhere,ZZ,00000,4841,2017,SYNTHETIC INDUSTRY,1,2,12,24135,2,0,0,0,0,0,0,0,0,0,0,0,0,,1/1/2025,2024
11490,SYNTHETIC SITE 02489,102489,,SYNTHETIC COMPANY 02489,1 Example Way,Nowhere,ZZ,00000,3115,2017,SYNTHETIC INDUSTRY,1,2,16,30282,2,0,0,0,0,0,0,0,0,0,0,0,0,,1/1/2025,2024
11491,SYNTHETIC SITE 02490,102490,,SYNTHETIC COMPANY 02490,1 Example Way,Nowhere,ZZ,00000,3328,2017,SYNTHETIC INDUSTRY,1,2,22,47423,2,0,0,0,0,0,0,0,0,0,0,0,0,,1/1/2025,2024
11492,SYNTHETIC SITE 02491,102491,,SYNTHETIC COMPANY 02491,1 Example Way,Nowhere,ZZ,00000,3251,2017,SYNTHETIC INDUSTRY,1,2,111,242370,1,0,2,1,0,14,4,3,0,0,0,0,0,,1/1/2025,2024
11493,SYNTHETIC SITE 02492,102492,,SYNTHETIC COMPANY 02492,1 Example Way,Nowhere,ZZ,00000,4451,2017,SYNTHETIC INDUSTRY,1,2,71,112279,1,0,0,2,1,0,8,3,0,0,0,0,0,,1/1/2025,2024
11494,SYNTHETIC SITE 02493,102493,,SYNTHETIC COMPANY 02493,1 Example Way,Nowhere,ZZ,00000,2361,2017,SYNTHETIC INDUSTRY,1,2,62,113223,1,0,1,0,0,7,0,1,0,0,0,0,0,,1/1/2025,2024
11495,SYNTHETIC SITE 02494,102494,,SYNTHETIC COMPANY 02494,1 Example Way,Nowhere,ZZ,00000,3252,2017,SYNTHETIC INDUSTRY,1,2,68,108366,2,0,0,0,0,0,0,0,0,0,0,0,0,,1/1/2025,2024
11496,SYNTHETIC SITE 02495,102495,,SYNTHETIC COMPANY 02495,1 Example Way,Nowhere,ZZ,00000,3328,2017,SYNTHETIC INDUSTRY,1,2,249,485984,1,0,0,1,1,0,4,2,0,0,0,0,0,,1/1/2025,2024
11497,SYNTHETIC SITE 02496,102496,,SYNTHETIC COMPANY 02496,1 Example Way,Nowhere,ZZ,00000,4841,2017,SYNTHETIC INDUSTRY,1,2,80,138127,1,0,1,0,0,7,0,1,0,0,0,0,0,,1/1/2025,2024
11498,SYNTHETIC SITE 02497,102497,,SYNTHETIC COMPANY 02497,1 Example Way,Nowhere,ZZ,00000,4841,2017,SYNTHETIC INDUSTRY,1,2,81,181421,1,0,1,0,2,7,0,3,0,0,0,0,0,,1/1/2025,2024
11499,SYNTHETIC SITE 02498,102498,,SYNTHETIC COMPANY 02498,1 Example Way,Nowhere,ZZ,00000,3252,2017,SYNTHETIC INDUSTRY,1,2,30,51724,2,0,0,0,0,0,0,0,0,0,0,0,0,,1/1/2025,2024
11500,SYNTHETIC SITE 02499,102499,,SYNTHETIC COMPANY 02499,1 Example Way,Nowhere,ZZ,00000,4451,2017,SYNTHETIC INDUSTRY,1,2,164,249006,1,0,2,3,7,14,12,12,0,0,0,0,0,,1/1/2025,2024
11501,SYNTHETIC SITE 02500,102500,,SYNTHETIC COMPANY 02500,1 Example Way,Nowhere,ZZ,00000,3252,2017,SYNTHETIC INDUSTRY,1,2,132,269423,1,0,2,1,7,14,4,10,0,0,0,0,0,,1/1/2025,2024
11502,SYNTHETIC SITE 02501,102501,,SYNTHETIC COMPANY 02501,1 Example Way,Nowhere,ZZ,00000,6221,2017,SYNTHETIC INDUSTRY,1,2,27,49520,2,0,0,0,0,0,0,0,0,0,0,0,0,,1/1/2025,2024
11503,SYNTHETIC SITE 02502,102502,,SYNTHETIC COMPANY 02502,1 Example Way,Nowhere,ZZ,00000,3251,2017,SYNTHETIC INDUSTRY,1,2,94,205215,1,0,5,4,3,35,16,12,0,0,0,0,0,,1/1/2025,2024
11504,SYNTHETIC SITE 02503,102503,,SYNTHETIC COMPANY 02503,1 Example Way,Nowhere,ZZ,00000,4841,2017,SYNTHETIC INDUSTRY,1,2,110,236130,1,0,1,0,3,7,0,4,0,0,0,0,0,,1/1/2025,2024
11505,SYNTHETIC SITE 02504,102504,,SYNTHETIC COMPANY 02504,1 Example Way,Nowhere,ZZ,00000,6221,2017,SYNTHETIC INDUSTRY,1,2,11,19011,2,0,0,0,0,0,0,0,0,0,0,0,0,,1/1/2025,2024
11506,SYNTHETIC SITE 02505,102505,,SYNTHETIC COMPANY 02505,1 Example Way,Nowhere,ZZ,00000,3115,2017,SYNTHETIC INDUSTRY,1,2,113,202140,1,0,0,2,1,0,8,3,0,0,0,0,0,,1/1/2025,2024
11507,SYNTHETIC SITE 02506,102506,,SYNTHETIC COMPANY 02506,1 Example Way,Nowhere,ZZ,00000,3252,2017,SYNTHETIC INDUSTRY,1,2,87,151239,1,0,2,0,0,14,0,2,0,0,0,0,0,,1/1/2025,2024
11508,SYNTHETIC SITE 02507,102507,,SYNTHETIC COMPANY 02507,1 Example Way,Nowhere,ZZ,00000,3251,2017,SYNTHETIC INDUSTRY,1,2,46,95945,1,0,1,1,2,7,4,4,0,0,0,0,0,,1/1/2025,2024
11509,SYNTHETIC SITE 02508,102508,,SYNTHETIC COMPANY 02508,1 Example Way,Nowhere,ZZ,00000,3115,2017,SYNTHETIC INDUSTRY,1,2,37,54913,2,0,0,0,0,0,0,0,0,0,0,0,0,,1/1/2025,2024
11510,SYNTHETIC SITE 02509,102509,,SYNTHETIC COMPANY 02509,1 Example Way,Nowhere,ZZ,00000,3115,2017,SYNTHETIC INDUSTRY,1,2,7,14498,2,0,0,0,0,0,0,0,0,0,0,0,0,,1/1/2025,2024
11511,SYNTHETIC SITE 02510,102510,,SYNTHETIC COMPANY 02510,1 Example Way,Nowhere,ZZ,00000,3252,2017,SYNTHETIC INDUSTRY,1,2,26,49433,2,0,0,0,0,0,0,0,0,0,0,0,0,,1/1/2025,2024
11512,SYNTHETIC SITE 02511,102511,,SYNTHETIC COMPANY 02511,1 Example Way,Nowhere,ZZ,00000,3328,2017,SYNTHETIC INDUSTRY,1,2,11,19232,2,0,0,0,0,0,0,0,0,0,0,0,0,,1/1/2025,2024
11513,SYNTHETIC SITE 02512,102512,,SYNTHETIC COMPANY 02512,1 Example Way,Nowhere,ZZ,00000,4841,2017,SYNTHETIC INDUSTRY,1,2,9,20253,1,0,0,0,1,0,0,1,0,0,0,0,0,,1/1/2025,2024
11514,SYNTHETIC SITE 02513,102513,,SYNTHETIC COMPANY 02513,1 Example Way,Nowhere,ZZ,00000,4451,2017,SYNTHETIC INDUSTRY,1,2,20,39039,1,0,0,1,0,0,4,1,0,0,0,0,0,,1/1/2025,2024
11515,SYNTHETIC SITE 02514,102514,,SYNTHETIC COMPANY 02514,1 Example Way,Nowhere,ZZ,00000,2361,2017,SYNTHETIC INDUSTRY,1,2,104,176596,1,0,1,1,1,7,4,3,0,0,0,0,0,,1/1/2025,2024
11516,SYNTHETIC SITE 02515,102515,,SYNTHETIC COMPANY 02515,1 Example Way,Nowhere,ZZ,00000,3328,2017,SYNTHETIC INDUSTRY,1,2,8,12735,2,0,0,0,0,0,0,0,0,0,0,0,0,,1/1/2025,2024
11517,SYNTHETIC SITE 02516,102516,,SYNTHETIC COMPANY 02516,1 Example Way,Nowhere,ZZ,00000,3251,2017,SYNTHETIC INDUSTRY,1,2,7,15280,2,0,0,0,0,0,0,0,0,0,0,0,0,,1/1/2025,2024
11518,SYNTHETIC SITE 02517,102517,,SYNTHETIC COMPANY 02517,1 Example Way,Nowhere,ZZ,00000,3252,2017,SYNTHETIC INDUSTRY,1,2,55,107946,2,0,0,0,0,0,0,0,0,0,0,0,0,,1/1/2025,2024
11519,SYNTHETIC SITE 02518,102518,,SYNTHETIC COMPANY 02518,1 Example Way,Nowhere,ZZ,00000,2361,2017,SYNTHETIC INDUSTRY,1,2,16,28429,2,0,0,0,0,0,0,0,0,0,0,0,0,,1/1/2025,2024
11520,SYNTHETIC SITE 02519,102519,,SYNTHETIC COMPANY 02519,1 Example Way,Nowhere,ZZ,00000,3252,2017,SYNTHETIC INDUSTRY,1,2,23,29483,1,0,2,0,1,14,0,3,0,0,0,0,0,,1/1/2025,2024
11521,SYNTHETIC SITE 02520,102520,,SYNTHETIC COMPANY 02520,1 Example Way,Nowhere,ZZ,00000,3252,2017,SYNTHETIC INDUSTRY,1,2,28,49789,1,0,0,0,1,0,0,1,0,0,0,0,0,,1/1/2025,2024
11522,SYNTHETIC SITE 02521,102521,,SYNTHETIC COMPANY 02521,1 Example Way,Nowhere,ZZ,00000,2361,2017,SYNTHETIC INDUSTRY,1,2,90,1811800,1,0,1,1,1,7,4,3,0,0,0,0,0,,1/1/2025,2024
11523,SYNTHETIC SITE 02522,102522,,SYNTHETIC COMPANY 02522,1 Example Way,Nowhere,ZZ,00000,2361,2017,SYNTHETIC INDUSTRY,1,2,33,65043,2,0,0,0,0,0,0,0,0,0,0,0,0,,1/1/2025,2024
11524,SYNTHETIC SITE 02523,102523,,SYNTHETIC COMPANY 02523,1 Example Way,Nowhere,ZZ,00000,3251,2017,SYNTHETIC INDUSTRY,1,2,289,569619,2,0,0,0,0,0,0,0,0,0,0,0,0,,1/1/2025,2024
11525,SYNTHETIC SITE 02524,102524,,SYNTHETIC COMPANY 02524,1 Example Way,Nowhere,ZZ,00000,3115,2017,SYNTHETIC INDUSTRY,1,2,73,138633000,1,0,1,0,0,7,0,1,0,0,0,0,0,,1/1/2025,2024
11526,SYNTHETIC SITE 02525,102525,,SYNTHETIC COMPANY 02525,1 Example Way,Nowhere,ZZ,00000,3251,2017,SYNTHETIC INDUSTRY,1,2,36,77881,1,0,0,0,1,0,0,1,0,0,0,0,0,,1/1/2025,2024
11527,SYNTHETIC SITE 02526,102526,,SYNTHETIC COMPANY 02526,1 Example Way,Nowhere,ZZ,00000,3251,2017,SYNTHETIC INDUSTRY,1,2,18,38349,1,0,0,0,2,0,0,2,0,0,0,0,0,,1/1/2025,2024
11528,SYNTHETIC SITE 02527,102527,,SYNTHETIC COMPANY 02527,1 Example Way,Nowhere,ZZ,00000,4841,2017,SYNTHETIC INDUSTRY,1,2,4,6035,2,0,0,0,0,0,0,0,0,0,0,0,0,,1/1/2025,2024
11529,SYNTHETIC SITE 02528,102528,,SYNTHETIC COMPANY 02528,1 Example Way,Nowhere,ZZ,00000,4451,2017,SYNTHETIC INDUSTRY,1,2,65,136104,2,0,0,0,0,0,0,0,0,0,0,0,0,,1/1/2025,2024
11530,SYNTHETIC SITE 02529,102529,,SYNTHETIC COMPANY 02529,1 Example Way,Nowhere,ZZ,00000,4841,2017,SYNTHETIC INDUSTRY,1,2,167,324236,1,0,1,0,3,7,0,4,0,0,0,0,0,,1/1/2025,2024
11531,SYNTHETIC SITE 02530,102530,,SYNTHETIC COMPANY 02530,1 Example Way,Nowhere,ZZ,00000,3328,2017,SYNTHETIC INDUSTRY,1,2,6,13947,2,0,0,0,0,0,0,0,0,0,0,0,0,,1/1/2025,2024
11532,SYNTHETIC SITE 02531,102531,,SYNTHETIC COMPANY 02531,1 Example Way,Nowhere,ZZ,00000,6221,2017,SYNTHETIC INDUSTRY,1,2,251,445036,1,0,23,16,18,161,64,57,0,0,0,0,0,,1/1/2025,2024
11533,SYNTHETIC SITE 02532,102532,,SYNTHETIC COMPANY 02532,1 Example Way,Nowhere,ZZ,00000,6221,2017,SYNTHETIC INDUSTRY,1,2,159,295533,1,0,1,2,1,7,8,4,0,0,0,0,0,,1/1/2025,2024
11534,SYNTHETIC SITE 02533,102533,,SYNTHETIC COMPANY 02533,1 Example Way,Nowhere,ZZ,00000,3251,2017,SYNTHETIC INDUSTRY,1,2,88,180455,2,0,0,0,0,0,0,0,0,0,0,0,0,,1/1/2025,2024
11535,SYNTHETIC SITE 02534,102534,,SYNTHETIC COMPANY 02534,1 Example Way,Nowhere,ZZ,00000,2361,2017,SYNTHETIC INDUSTRY,1,2,93,167632,1,0,0,0,3,0,0,3,0,0,0,0,0,,1/1/2025,2024
11536,SYNTHETIC SITE 02535,102535,,SYNTHETIC COMPANY 02535,1 Example Way,Nowhere,ZZ,00000,2361,2017,SYNTHETIC INDUSTRY,1,2,168,218342,2,0,0,0,0,0,0,0,0,0,0,0,0,,1/1/2025,2024
11537,SYNTHETIC SITE 02536,102536,,SYNTHETIC COMPANY 02536,1 Example Way,Nowhere,ZZ,00000,2361,2017,SYNTHETIC INDUSTRY,1,2,8,14680,2,0,0,0,0,0,0,0,0,0,0,0,0,,1/1/2025,2024
11538,SYNTHETIC SITE 02537,102537,,SYNTHETIC COMPANY 02537,1 Example Way,Nowhere,ZZ,00000,4841,2017,SYNTHETIC INDUSTRY,1,2,24,49148,2,0,0,0,0,0,0,0,0,0,0,0,0,,1/1/2025,2024
11539,SYNTHETIC SITE 02538,102538,,SYNTHETIC COMPANY 02538,1 Example Way,Nowhere,ZZ,00000,3115,2017,SYNTHETIC INDUSTRY,1,2,162,357475,2,0,0,0,0,0,0,0,0,0,0,0,0,,1/1/2025,2024
11540,SYNTHETIC SITE 02539,102539,,SYNTHETIC COMPANY 02539,1 Example Way,Nowhere,ZZ,00000,3252,2017,SYNTHETIC INDUSTRY,1,2,25,43440,2,0,0,0,0,0,0,0,0,0,0,0,0,,1/1/2025,2024
11541,SYNTHETIC SITE 02540,102540,,SYNTHETIC COMPANY 02540,1 Example Way,Nowhere,ZZ,00000,3251,2017,SYNTHETIC INDUSTRY,1,2,45,105424,1,0,9,3,4,63,12,16,0,0,0,0,0,,1/1/2025,2024
11542,SYNTHETIC SITE 02541,102541,,SYNTHETIC COMPANY 02541,1 Example Way,Nowhere,ZZ,00000,3251,2017,SYNTHETIC INDUSTRY,1,2,74,119900,2,0,0,0,0,0,0,0,0,0,0,0,0,,1/1/2025,2024
11543,SYNTHETIC SITE 02542,102542,,SYNTHETIC COMPANY 02542,1 Example Way,Nowhere,ZZ,00000,6221,2017,SYNTHETIC INDUSTRY,1,2,77,155069,2,0,0,0,0,0,0,0,0,0,0,0,0,,1/1/2025,2024
11544,SYNTHETIC SITE 02543,102543,,SYNTHETIC COMPANY 02543,1 Example Way,Nowhere,ZZ,00000,2361,2017,SYNTHETIC INDUSTRY,1,2,45,95955,2,0,0,0,0,0,0,0,0,0,0,0,0,,1/1/2025,2024
11545,SYNTHETIC SITE 02544,102544,,SYNTHETIC COMPANY 02544,1 Example Way,Nowhere,ZZ,00000,3115,2017,SYNTHETIC INDUSTRY,1,2,12,20430,2,0,0,0,0,0,0,0,0,0,0,0,0,,1/1/2025,2024
11546,SYNTHETIC SITE 02545,102545,,SYNTHETIC COMPANY 02545,1 Example Way,Nowhere,ZZ,00000,3328,2017,SYNTHETIC INDUSTRY,1,2,57,92182,1,0,0,1,0,0,4,1,0,0,0,0,0,,1/1/2025,2024
11547,SYNTHETIC SITE 02546,102546,,SYNTHETIC COMPANY 02546,1 Example Way,Nowhere,ZZ,00000,3251,2017,SYNTHETIC INDUSTRY,1,2,163,326417,2,0,0,0,0,0,0,0,0,0,0,0,0,,1/1/2025,2024
11548,SYNTHETIC SITE 02547,102547,,SYNTHETIC COMPANY 02547,1 Example Way,Nowhere,ZZ,00000,6221,2017,SYNTHETIC INDUSTRY,1,2,36,83753,2,0,0,0,0,0,0,0,0,0,0,0,0,,1/1/2025,2024
11549,SYNTHETIC SITE 02548,102548,,SYNTHETIC COMPANY 02548,1 Example Way,Nowhere,ZZ,00000,3251,2017,SYNTHETIC INDUSTRY,1,2,64,125145,2,0,0,0,0,0,0,0,0,0,0,0,0,,1/1/2025,2024
11550,SYNTHETIC SITE 02549,102549,,SYNTHETIC COMPANY 02549,1 Example Way,Nowhere,ZZ,00000,4451,2017,SYNTHETIC INDUSTRY,1,2,2,4048,2,0,0,0,0,0,0,0,0,0,0,0,0,,1/1/2025,2024
11551,SYNTHETIC SITE 02550,102550,,SYNTHETIC COMPANY 02550,1 Example Way,Nowhere,ZZ,00000,3115,2017,SYNTHETIC INDUSTRY,1,2,28,50782,2,0,0,0,0,0,0,0,0,0,0,0,0,,1/1/2025,2024
11552,SYNTHETIC SITE 02551,102551,,SYNTHETIC COMPANY 02551,1 Example Way,Nowhere,ZZ,00000,3115,2017,SYNTHETIC INDUSTRY,1,2,370,738911,1,0,1,0,1,7,0,2,0,0,0,0,0,,1/1/2025,2024
11553,SYNTHETIC SITE 02552,102552,,SYNTHETIC COMPANY 02552,1 Example Way,Nowhere,ZZ,00000,3115,2017,SYNTHETIC INDUSTRY,1,2,29,49401,2,0,0,0,0,0,0,0,0,0,0,0,0,,1/1/2025,2024
11554,SYNTHETIC SITE 02553,102553,,SYNTHETIC COMPANY 02553,1 Example Way,Nowhere,ZZ,00000,3328,2017,SYNTHETIC INDUSTRY,1,2,148,237907,1,0,2,1,1,14,4,4,0,0,0,0,0,,1/1/2025,2024
11555,SYNTHETIC SITE 02554,102554,,SYNTHETIC COMPANY 02554,1 Example Way,Nowhere,ZZ,00000,2361,2017,SYNTHETIC INDUSTRY,1,2,73,128438,1,0,1,0,0,7,0,1,0,0,0,0,0,,1/1/2025,2024
11556,SYNTHETIC SITE 02555,102555,,SYNTHETIC COMPANY 02555,1 Example Way,Nowhere,ZZ,00000,3252,2017,SYNTHETIC INDUSTRY,1,2,16,31577,1,0,1,0,0,7,0,1,0,0,0,0,0,,1/1/2025,2024
11557,SYNTHETIC SITE 02556,102556,,SYNTHETIC COMPANY 02556,1 Example Way,Nowhere,ZZ,00000,4451,2017,SYNTHETIC INDUSTRY,1,2,80,145559,1,0,4,1,1,28,4,6,0,0,0,0,0,,1/1/2025,2024
11558,SYNTHETIC SITE 02557,102557,,SYNTHETIC COMPANY 02557,1 Example Way,Nowhere,ZZ,00000,3252,2017,SYNTHETIC INDUSTRY,1,2,67,118831,1,0,1,2,2,7,8,5,0,0,0,0,0,,1/1/2025,2024
11559,SYNTHETIC SITE 02558,102558,,SYNTHETIC COMPANY 02558,1 Example Way,Nowhere,ZZ,00000,4451,2017,SYNTHETIC INDUSTRY,1,2,62,117260,1,0,0,1,0,0,4,1,0,0,0,0,0,,1/1/2025,2024
11560,SYNTHETIC SITE 02559,102559,,SYNTHETIC COMPANY 02559,1 Example Way,Nowhere,ZZ,00000,3251,2017,SYNTHETIC INDUSTRY,1,2,199,371532,2,0,0,0,0,0,0,0,0,0,0,0,0,,1/1/2025,2024
11561,SYNTHETIC SITE 02560,102560,,SYNTHETIC COMPANY 02560,1 Example Way,Nowhere,ZZ,00000,4841,2017,SYNTHETIC INDUSTRY,1,2,38,47921,2,0,0,0,0,0,0,0,0,0,0,0,0,,1/1/2025,2024
11562,SYNTHETIC SITE 02561,102561,,SYNTHETIC COMPANY 02561,1 Example Way,Nowhere,ZZ,00000,4841,2017,SYNTHETIC INDUSTRY,1,2,14,27407,2,0,0,0,0,0,0,0,0,0,0,0,0,,1/1/2025,2024
11563,SYNTHETIC SITE 02562,102562,,SYNTHETIC COMPANY 02562,1 Example Way,Nowhere,ZZ,00000,3115,2017,SYNTHETIC INDUSTRY,1,2,10,22559,2,0,0,0,0,0,0,0,0,0,0,0,0,,1/1/2025,2024
11564,SYNTHETIC SITE 02563,102563,,SYNTHETIC COMPANY 02563,1 Example Way,Nowhere,ZZ,00000,4841,2017,SYNTHETIC INDUSTRY,1,2,11,21827,2,0,0,0,0,0,0,0,0,0,0,0,0,,1/1/2025,2024
11565,SYNTHETIC SITE 02564,102564,,SYNTHETIC COMPANY 02564,1 Example Way,Nowhere,ZZ,00000,6221,2017,SYNTHETIC INDUSTRY,1,2,54,98093,1,0,2,4,1,14,16,7,0,0,0,0,0,,1/1/2025,2024
11566,SYNTHETIC SITE 02565,102565,,SYNTHETIC COMPANY 02565,1 Example Way,Nowhere,ZZ,00000,3252,2017,SYNTHETIC INDUSTRY,1,2,31,62087,2,0,0,0,0,0,0,0,0,0,0,0,0,,1/1/2025,2024
11567,SYNTHETIC SITE 02566,102566,,SYNTHETIC COMPANY 02566,1 Example Way,Nowhere,ZZ,00000,3115,2017,SYNTHETIC INDUSTRY,1,2,39,84965,1,0,1,0,0,7,0,1,0,0,0,0,0,,1/1/2025,2024
11568,SYNTHETIC SITE 02567,102567,,SYNTHETIC COMPANY 02567,1 Example Way,Nowhere,ZZ,00000,4451,2017,SYNTHETIC INDUSTRY,1,2,223,416343,2,0,0,0,0,0,0,0,0,0,0,0,0,,1/1/2025,2024
11569,SYNTHETIC SITE 02568,102568,,SYNTHETIC COMPANY 02568,1 Example Way,Nowhere,ZZ,00000,2361,2017,SYNTHETIC INDUSTRY,1,2,111,248979,1,0,2,0,2,14,0,4,0,0,0,0,0,,1/1/2025,2024
11570,SYNTHETIC SITE 02569,102569,,SYNTHETIC COMPANY 02569,1 Example Way,Nowhere,ZZ,00000,3252,2017,SYNTHETIC INDUSTRY,1,2,16,31865,1,0,0,0,1,0,0,1,0,0,0,0,0,,1/1/2025,2024
11571,SYNTHETIC SITE 02570,102570,,SYNTHETIC COMPANY 02570,1 Example Way,Nowhere,ZZ,00000,3251,2017,SYNTHETIC INDUSTRY,1,2,23,45737,2,0,0,0,0,0,0,0,0,0,0,0,0,,1/1/2025,2024
11572,SYNTHETIC SITE 02571,102571,,SYNTHETIC COMPANY 02571,1 Example Way,Nowhere,ZZ,00000,3252,2017,SYNTHETIC INDUSTRY,1,2,60,106120,2,0,0,0,0,0,0,0,0,0,0,0,0,,1/1/2025,2024
11573,SYNTHETIC SITE 02572,102572,,SYNTHETIC COMPANY 02572,1 Example Way,Nowhere,ZZ,00000,3252,2017,SYNTHETIC INDUSTRY,1,2,25,61591,1,0,0,2,1,0,8,3,0,0,0,0,0,,1/1/2025,2024
11574,SYNTHETIC SITE 02573,102573,,SYNTHETIC COMPANY 02573,1 Example Way,Nowhere,ZZ,00000,6221,2017,SYNTHETIC INDUSTRY,1,2,180,290442,1,0,3,2,5,21,8,10,0,0,0,0,0,,1/1/2025,2024
11575,SYNTHETIC SITE 02574,102574,,SYNTHETIC COMPANY 02574,1 Example Way,Nowhere,ZZ,00000,3251,2017,SYNTHETIC INDUSTRY,1,2,21,43478,2,0,0,0,0,0,0,0,0,0,0,0,0,,1/1/2025,2024
11576,SYNTHETIC SITE 02575,102575,,SYNTHETIC COMPANY 02575,1 Example Way,Nowhere,ZZ,00000,3115,2017,SYNTHETIC INDUSTRY,1,2,81,148700,2,0,0,0,0,0,0,0,0,0,0,0,0,,1/1/2025,2024
11577,SYNTHETIC SITE 02576,102576,,SYNTHETIC COMPANY 02576,1 Example Way,Nowhere,ZZ,00000,2361,2017,SYNTHETIC INDUSTRY,1,2,12,26154,1,0,1,1,2,7,4,4,0,0,0,0,0,,1/1/2025,2024
11578,SYNTHETIC SITE 02577,102577,,SYNTHETIC COMPANY 02577,1 Example Way,Nowhere,ZZ,00000,3115,2017,SYNTHETIC INDUSTRY,1,2,40,85311,1,0,1,0,0,7,0,1,0,0,0,0,0,,1/1/2025,2024
11579,SYNTHETIC SITE 02578,102578,,SYNTHETIC COMPANY 02578,1 Example Way,Nowhere,ZZ,00000,3251,2017,SYNTHETIC INDUSTRY,1,2,45,73410,1,0,2,1,1,14,4,4,0,0,0,0,0,,1/1/2025,2024
11580,SYNTHETIC SITE 02579,102579,,SYNTHETIC COMPANY 02579,1 Example Way,Nowhere,ZZ,00000,3252,2017,SYNTHETIC INDUSTRY,1,2,32,55326,2,0,0,0,0,0,0,0,0,0,0,0,0,,1/1/2025,2024
11581,SYNTHETIC SITE 02580,102580,,SYNTHETIC COMPANY 02580,1 Example Way,Nowhere,ZZ,00000,3251,2017,SYNTHETIC INDUSTRY,1,2,586,1117079,1,0,4,5,9,28,20,18,0,0,0,0,0,,1/1/2025,2024
11582,SYNTHETIC SITE 02581,102581,,SYNTHETIC COMPANY 02581,1 Example Way,Nowhere,ZZ,00000,3328,2017,SYNTHETIC INDUSTRY,1,2,67,101532,2,0,0,0,0,0,0,0,0,0,0,0,0,,1/1/2025,2024
11583,SYNTHETIC SITE 02582,102582,,SYNTHETIC COMPANY 02582,1 Example Way,Nowhere,ZZ,00000,3115,2017,SYNTHETIC INDUSTRY,1,2,45,79379,1,0,0,0,2,0,0,2,0,0,0,0,0,,1/1/2025,2024
11584,SYNTHETIC SITE 02583,102583,,SYNTHETIC COMPANY 02583,1 Example Way,Nowhere,ZZ,00000,3115,2017,SYNTHETIC INDUSTRY,1,2,82,171178,2,0,0,0,0,0,0,0,0,0,0,0,0,,1/1/2025,2024
11585,SYNTHETIC SITE 02584,102584,,SYNTHETIC COMPANY 02584,1 Example Way,Nowhere,ZZ,00000,3252,2017,SYNTHETIC INDUSTRY,1,2,101,214873,1,0,7,1,5,49,4,13,0,0,0,0,0,,1/1/2025,2024
11586,SYNTHETIC SITE 02585,102585,,SYNTHETIC COMPANY 02585,1 Example Way,Nowhere,ZZ,00000,6221,2017,SYNTHETIC INDUSTRY,1,2,19,38802,1,0,2,0,0,14,0,2,0,0,0,0,0,,1/1/2025,2024
11587,SYNTHETIC SITE 02586,102586,,SYNTHETIC COMPANY 02586,1 Example Way,Nowhere,ZZ,00000,4841,2017,SYNTHETIC INDUSTRY,1,2,66,142959,1,0,0,1,0,0,4,1,0,0,0,0,0,,1/1/2025,2024
11588,SYNTHETIC SITE 02587,102587,,SYNTHETIC COMPANY 02587,1 Example Way,Nowhere,ZZ,00000,4451,2017,SYNTHETIC INDUSTRY,1,2,18,34261,2,0,0,0,0,0,0,0,0,0,0,0,0,,1/1/2025,2024
11589,SYNTHETIC SITE 02588,102588,,SYNTHETIC COMPANY 02588,1 Example Way,Nowhere,ZZ,00000,3328,2017,SYNTHETIC INDUSTRY,1,2,81,132754,2,0,0,0,0,0,0,0,0,0,0,0,0,,1/1/2025,2024
11590,SYNTHETIC SITE 02589,102589,,SYNTHETIC COMPANY 02589,1 Example Way,Nowhere,ZZ,00000,3115,2017,SYNTHETIC INDUSTRY,1,2,26,42646,1,0,2,0,2,14,0,4,0,0,0,0,0,,1/1/2025,2024
11591,SYNTHETIC SITE 02590,102590,,SYNTHETIC COMPANY 02590,1 Example Way,Nowhere,ZZ,00000,3252,2017,SYNTHETIC INDUSTRY,1,2,81,125225,2,0,0,0,0,0,0,0,0,0,0,0,0,,1/1/2025,2024
11592,SYNTHETIC SITE 02591,102591,,SYNTHETIC COMPANY 02591,1 Example Way,Nowhere,ZZ,00000,3328,2017,SYNTHETIC INDUSTRY,1,2,151,255696,1,0,10,6,9,70,24,25,0,0,0,0,0,,1/1/2025,2024
11593,SYNTHETIC SITE 02592,102592,,SYNTHETIC COMPANY 02592,1 Example Way,Nowhere,ZZ,00000,4451,2017,SYNTHETIC INDUSTRY,1,2,385,729654,2,0,0,0,0,0,0,0,0,0,0,0,0,,1/1/2025,2024
11594,SYNTHETIC SITE 02593,102593,,SYNTHETIC COMPANY 02593,1 Example Way,Nowhere,ZZ,00000,3115,2017,SYNTHETIC INDUSTRY,1,2,132,231129,2,0,0,0,0,0,0,0,0,0,0,0,0,,1/1/2025,2024
11595,SYNTHETIC SITE 02594,102594,,SYNTHETIC COMPANY 02594,1 Example Way,Nowhere,ZZ,00000,3252,2017,SYNTHETIC INDUSTRY,1,2,34,51280,1,0,1,0,0,7,0,1,0,0,0,0,0,,1/1/2025,2024
11596,SYNTHETIC SITE 02595,102595,,SYNTHETIC COMPANY 02595,1 Example Way,Nowhere,ZZ,00000,2361,2017,SYNTHETIC INDUSTRY,1,2,109,186815,1,0,1,0,1,7,0,2,0,0,0,0,0,,1/1/2025,2024
11597,SYNTHETIC SITE 02596,102596,,SYNTHETIC COMPANY 02596,1 Example Way,Nowhere,ZZ,00000,6221,2017,SYNTHETIC INDUSTRY,1,2,45,91426,1,0,1,0,0,7,0,1,0,0,0,0,0,,1/1/2025,2024
11598,SYNTHETIC SITE 02597,102597,,SYNTHETIC COMPANY 02597,1 Example Way,Nowhere,ZZ,00000,3252,2017,SYNTHETIC INDUSTRY,1,2,27,45678,2,0,0,0,0,0,0,0,0,0,0,0,0,,1/1/2025,2024
11599,SYNTHETIC SITE 02598,102598,,SYNTHETIC COMPANY 02598,1 Example Way,Nowhere,ZZ,00000,3115,2017,SYNTHETIC INDUSTRY,1,2,55,128629,1,0,0,0,1,0,0,1,0,0,0,0,0,,1/1/2025,2024
11600,SYNTHETIC SITE 02599,102599,,SYNTHETIC COMPANY 02599,1 Example Way,Nowhere,ZZ,00000,4841,2017,SYNTHETIC INDUSTRY,1,2,26,48534,2,0,0,0,0,0,0,0,0,0,0,0,0,,1/1/2025,2024
11601,SYNTHETIC SITE 02600,102600,,SYNTHETIC COMPANY 02600,1 Example Way,Nowhere,ZZ,00000,4451,2017,SYNTHETIC INDUSTRY,1,2,120,237238,1,0,2,0,2,14,0,4,0,0,0,0,0,,1/1/2025,2024
11602,SYNTHETIC SITE 02601,102601,,SYNTHETIC COMPANY 02601,1 Example Way,Nowhere,ZZ,00000,3328,2017,SYNTHETIC INDUSTRY,1,2,22,29033,2,0,0,0,0,0,0,0,0,0,0,0,0,,1/1/2025,2024
11603,SYNTHETIC SITE 02602,102602,,SYNTHETIC COMPANY 02602,1 Example Way,Nowhere,ZZ,00000,2361,2017,SYNTHETIC INDUSTRY,1,2,64,114060,2,0,0,0,0,0,0,0,0,0,0,0,0,,1/1/2025,2024
11604,SYNTHETIC SITE 02603,102603,,SYNTHETIC COMPANY 02603,1 Example Way,Nowhere,ZZ,00000,4451,2017,SYNTHETIC INDUSTRY,1,2,26,39791,2,0,0,0,0,0,0,0,0,0,0,0,0,,1/1/2025,2024
11605,SYNTHETIC SITE 02604,102604,,SYNTHETIC COMPANY 02604,1 Example Way,Nowhere,ZZ,00000,3328,2017,SYNTHETIC INDUSTRY,1,2,14,23730,2,0,0,0,0,0,0,0,0,0,0,0,0,,1/1/2025,2024
11606,SYNTHETIC SITE 02605,102605,,SYNTHETIC COMPANY 02605,1 Example Way,Nowhere,ZZ,00000,3115,2017,SYNTHETIC INDUSTRY,1,2,48,77750,1,0,1,2,1,7,8,4,0,0,0,0,0,,1/1/2025,2024
11607,SYNTHETIC SITE 02606,102606,,SYNTHETIC COMPANY 02606,1 Example Way,Nowhere,ZZ,00000,3328,2017,SYNTHETIC INDUSTRY,1,2,286,507773,1,0,1,0,2,7,0,3,0,0,0,0,0,,1/1/2025,2024
11608,SYNTHETIC SITE 02607,102607,,SYNTHETIC COMPANY 02607,1 Example Way,Nowhere,ZZ,00000,6221,2017,SYNTHETIC INDUSTRY,1,2,54,92385,1,0,1,3,1,7,12,5,0,0,0,0,0,,1/1/2025,2024
11609,SYNTHETIC SITE 02608,102608,,SYNTHETIC COMPANY 02608,1 Example Way,Nowhere,ZZ,00000,2361,2017,SYNTHETIC INDUSTRY,1,2,40,67378,1,0,2,1,2,14,4,5,0,0,0,0,0,,1/1/2025,2024
11610,SYNTHETIC SITE 02609,102609,,SYNTHETIC COMPANY 02609,1 Example Way,Nowhere,ZZ,00000,3252,2017,SYNTHETIC INDUSTRY,1,2,68,137567,1,0,1,1,4,7,4,6,0,0,0,0,0,,1/1/2025,2024
11611,SYNTHETIC SITE 02610,102610,,SYNTHETIC COMPANY 02610,1 Example Way,Nowhere,ZZ,00000,6221,2017,SYNTHETIC INDUSTRY,1,2,86,165558,2,0,0,0,0,0,0,0,0,0,0,0,0,,1/1/2025,2024
11612,SYNTHETIC SITE 02611,102611,,SYNTHETIC COMPANY 02611,1 Example Way,Nowhere,ZZ,00000,4451,2017,SYNTHETIC INDUSTRY,1,2,2,4290,1,0,0,0,1,0,0,1,0,0,0,0,0,,1/1/2025,2024
11613,SYNTHETIC SITE 02612,102612,,SYNTHETIC COMPANY 02612,1 Example Way,Nowhere,ZZ,00000,3252,2017,SYNTHETIC INDUSTRY,1,2,314,498769,2,0,0,0,0,0,0,0,0,0,0,0,0,,1/1/2025,2024
11614,SYNTHETIC SITE 02613,102613,,SYNTHETIC COMPANY 02613,1 Example Way,Nowhere,ZZ,00000,4451,2017,SYNTHETIC INDUSTRY,1,2,28,66078,2,0,0,0,0,0,0,0,0,0,0,0,0,,1/1/2025,2024
11615,SYNTHETIC SITE 02614,102614,,SYNTHETIC COMPANY 02614,1 Example Way,Nowhere,ZZ,00000,4451,2017,SYNTHETIC INDUSTRY,1,2,100,176834,1,0,1,0,0,7,0,1,0,0,0,0,0,,1/1/2025,2024
11616,SYNTHETIC SITE 02615,102615,,SYNTHETIC COMPANY 02615,1 Example Way,Nowhere,ZZ,00000,4841,2017,SYNTHETIC INDUSTRY,1,2,38,75714,1,0,1,0,0,7,0,1,0,0,0,0,0,,1/1/2025,2024
11617,SYNTHETIC SITE 02616,102616,,SYNTHETIC COMPANY 02616,1 Example Way,Nowhere,ZZ,00000,4841,2017,SYNTHETIC INDUSTRY,1,2,110,226563,2,0,0,0,0,0,0,0,0,0,0,0,0,,1/1/2025,2024
11618,SYNTHETIC SITE 02617,102617,,SYNTHETIC COMPANY 02617,1 Example Way,Nowhere,ZZ,00000,4451,2017,SYNTHETIC INDUSTRY,1,2,27,47563,2,0,0,0,0,0,0,0,0,0,0,0,0,,1/1/2025,2024
11619,SYNTHETIC SITE 02618,102618,,SYNTHETIC COMPANY 02618,1 Example Way,Nowhere,ZZ,00000,3251,2017,SYNTHETIC INDUSTRY,1,2,335,608928,1,0,2,1,1,14,4,4,0,0,0,0,0,,1/1/2025,2024
11620,SYNTHETIC SITE 02619,102619,,SYNTHETIC COMPANY 02619,1 Example Way,Nowhere,ZZ,00000,4451,2017,SYNTHETIC INDUSTRY,1,2,40,82059,2,0,0,0,0,0,0,0,0,0,0,0,0,,1/1/2025,2024
11621,SYNTHETIC SITE 02620,102620,,SYNTHETIC COMPANY 02620,1 Example Way,Nowhere,ZZ,00000,3252,2017,SYNTHETIC INDUSTRY,1,2,93,164118,2,0,0,0,0,0,0,0,0,0,0,0,0,,1/1/2025,2024
11622,SYNTHETIC SITE 02621,102621,,SYNTHETIC COMPANY 02621,1 Example Way,Nowhere,ZZ,00000,6221,2017,SYNTHETIC INDUSTRY,1,2,43,75229,2,0,0,0,0,0,0,0,0,0,0,0,0,,1/1/2025,2024
11623,SYNTHETIC SITE 02622,102622,,SYNTHETIC COMPANY 02622,1 Example Way,Nowhere,ZZ,00000,3115,2017,SYNTHETIC INDUSTRY,1,2,24,47411,1,0,0,0,1,0,0,1,0,0,0,0,0,,1/1/2025,2024
11624,SYNTHETIC SITE 02623,102623,,SYNTHETIC COMPANY 02623,1 Example Way,Nowhere,ZZ,00000,2361,2017,SYNTHETIC INDUSTRY,1,2,18,31999,2,0,0,0,0,0,0,0,0,0,0,0,0,,1/1/2025,2024
11625,SYNTHETIC SITE 02624,102624,,SYNTHETIC COMPANY 02624,1 Example Way,Nowhere,ZZ,00000,3328,2017,SYNTHETIC INDUSTRY,1,2,161,238817,1,0,5,0,2,35,0,7,0,0,0,0,0,,1/1/2025,2024
11626,SYNTHETIC SITE 02625,102625,,SYNTHETIC COMPANY 02625,1 Example Way,Nowhere,ZZ,00000,3252,2017,SYNTHETIC INDUSTRY,1,2,181,302944,2,0,0,0,0,0,0,0,0,0,0,0,0,,1/1/2025,2024
11627,SYNTHETIC SITE 02626,102626,,SYNTHETIC COMPANY 02626,1 Example Way,Nowhere,ZZ,00000,6221,2017,SYNTHETIC INDUSTRY,1,2,19,25204,2,0,0,0,0,0,0,0,0,0,0,0,0,,1/1/2025,2024
11628,SYNTHETIC SITE 02627,102627,,SYNTHETIC COMPANY 02627,1 Example Way,Nowhere,ZZ,00000,3115,2017,SYNTHETIC INDUSTRY,1,2,3,5604,2,0,0,0,0,0,0,0,0,0,0,0,0,,1/1/2025,2024
11629,SYNTHETIC SITE 02628,102628,,SYNTHETIC COMPANY 02628,1 Example Way,Nowhere,ZZ,00000,3115,2017,SYNTHETIC INDUSTRY,1,2,1550,3233438,1,0,2,3,12,14,12,17,0,0,0,0,0,,1/1/2025,2024
11630,SYNTHETIC SITE 02629,102629,,SYNTHETIC COMPANY 02629,1 Example Way,Nowhere,ZZ,00000,3328,2017,SYNTHETIC INDUSTRY,1,2,62,101631,2,0,0,0,0,0,0,0,0,0,0,0,0,,1/1/2025,2024
11631,SYNTHETIC SITE 02630,102630,,SYNTHETIC COMPANY 02630,1 Example Way,Nowhere,ZZ,00000,3252,2017,SYNTHETIC INDUSTRY,1,2,109,187613,2,0,0,0,0,0,0,0,0,0,0,0,0,,1/1/2025,2024
11632,SYNTHETIC SITE 02631,102631,,SYNTHETIC COMPANY 02631,1 Example Way,Nowhere,ZZ,00000,6221,2017,SYNTHETIC INDUSTRY,1,2,209,340920,1,0,0,1,0,0,4,1,0,0,0,0,0,,1/1/2025,2024
11633,SYNTHETIC SITE 02632,102632,,SYNTHETIC COMPANY 02632,1 Example Way,Nowhere,ZZ,00000,6221,2017,SYNTHETIC INDUSTRY,1,2,10,20179,2,0,0,0,0,0,0,0,0,0,0,0,0,,1/1/2025,2024
11634,SYNTHETIC SITE 02633,102633,,SYNTHETIC COMPANY 02633,1 Example Way,Nowhere,ZZ,00000,4841,2017,SYNTHETIC INDUSTRY,1,2,15,31496,2,0,0,0,0,0,0,0,0,0,0,0,0,,1/1/2025,2024
11635,SYNTHETIC SITE 02634,102634,,SYNTHETIC COMPANY 02634,1 Example Way,Nowhere,ZZ,00000,3115,2017,SYNTHETIC INDUSTRY,1,2,122,200532,1,0,2,2,7,14,8,11,0,0,0,0,0,,1/1/2025,2024
11636,SYNTHETIC SITE 02635,102635,,SYNTHETIC COMPANY 02635,1 Example Way,Nowhere,ZZ,00000,3328,2017,SYNTHETIC INDUSTRY,1,2,54,87075,1,0,0,1,0,0,4,1,0,0,0,0,0,,1/1/2025,2024
11637,SYNTHETIC SITE 02636,102636,,SYNTHETIC COMPANY 02636,1 Example Way,Nowhere,ZZ,00000,3251,2017,SYNTHETIC INDUSTRY,1,2,33,56238,2,0,0,0,0,0,0,0,0,0,0,0,0,,1/1/2025,2024
11638,SYNTHETIC SITE 02637,102637,,SYNTHETIC COMPANY 02637,1 Example Way,Nowhere,ZZ,00000,2361,2017,SYNTHETIC INDUSTRY,1,2,318,630415,1,0,0,0,1,0,0,1,0,0,0,0,0,,1/1/2025,2024
11639,SYNTHETIC SITE 02638,102638,,SYNTHETIC COMPANY 02638,1 Example Way,Nowhere,ZZ,00000,3328,2017,SYNTHETIC INDUSTRY,1,2,108,207128,2,0,0,0,0,0,0,0,0,0,0,0,0,,1/1/2025,2024
11640,SYNTHETIC SITE 02639,102639,,SYNTHETIC COMPANY 02639,1 Example Way,Nowhere,ZZ,00000,3251,2017,SYNTHETIC INDUSTRY,1,2,13,23420,2,0,0,0,0,0,0,0,0,0,0,0,0,,1/1/2025,2024
11641,SYNTHETIC SITE 02640,102640,,SYNTHETIC COMPANY 02640,1 Example Way,Nowhere,ZZ,00000,3328,2017,SYNTHETIC INDUSTRY,1,2,59,103309,2,0,0,0,0,0,0,0,0,0,0,0,0,,1/1/2025,2024
11642,SYNTHETIC SITE 02641,102641,,SYNTHETIC COMPANY 02641,1 Example Way,Nowhere,ZZ,00000,4451,2017,SYNTHETIC INDUSTRY,1,2,18,32608,2,0,0,0,0,0,0,0,0,0,0,0,0,,1/1/2025,2024
11643,SYNTHETIC SITE 02642,102642,,SYNTHETIC COMPANY 02642,1 Example Way,Nowhere,ZZ,00000,4451,2017,SYNTHETIC INDUSTRY,1,2,40,57761,2,0,0,0,0,0,0,0,0,0,0,0,0,,1/1/2025,2024
11644,SYNTHETIC SITE 02643,102643,,SYNTHETIC COMPANY 02643,1 Example Way,Nowhere,ZZ,00000,3252,2017,SYNTHETIC INDUSTRY,1,2,151,225031,1,0,6,4,4,42,16,14,0,0,0,0,0,,1/1/2025,2024
11645,SYNTHETIC SITE 02644,102644,,SYNTHETIC COMPANY 02644,1 Example Way,Nowhere,ZZ,00000,2361,2017,SYNTHETIC INDUSTRY,1,2,168,307461,2,0,0,0,0,0,0,0,0,0,0,0,0,,1/1/2025,2024
11646,SYNTHETIC SITE 02645,102645,,SYNTHETIC COMPANY 02645,1 Example Way,Nowhere,ZZ,00000,3115,2017,SYNTHETIC INDUSTRY,1,2,114,195947,2,0,0,0,0,0,0,0,0,0,0,0,0,,1/1/2025,2024
11647,SYNTHETIC SITE 02646,102646,,SYNTHETIC COMPANY 02646,1 Example Way,Nowhere,ZZ,00000,6221,2017,SYNTHETIC INDUSTRY,1,2,767,1195348,1,0,2,0,0,14,0,2,0,0,0,0,0,,1/1/2025,2024
11648,SYNTHETIC SITE 02647,102647,,SYNTHETIC COMPANY 02647,1 Example Way,Nowhere,ZZ,00000,3328,2017,SYNTHETIC INDUSTRY,1,2,257,511505,1,0,13,7,12,91,28,32,0,0,0,0,0,,1/1/2025,2024
11649,SYNTHETIC SITE 02648,102648,,SYNTHETIC COMPANY 02648,1 Example Way,Nowhere,ZZ,00000,3251,2017,SYNTHETIC INDUSTRY,1,2,297,416753,1,0,1,0,1,7,0,2,0,0,0,0,0,,1/1/2025,2024
11650,SYNTHETIC SITE 02649,102649,,SYNTHETIC COMPANY 02649,1 Example Way,Nowhere,ZZ,00000,3252,2017,SYNTHETIC INDUSTRY,1,2,21,41261,2,0,0,0,0,0,0,0,0,0,0,0,0,,1/1/2025,2024
11651,SYNTHETIC SITE 02650,102650,,SYNTHETIC COMPANY 02650,1 Example Way,Nowhere,ZZ,00000,3115,2017,SYNTHETIC INDUSTRY,1,2,105,204456,2,0,0,0,0,0,0,0,0,0,0,0,0,,1/1/2025,2024
11652,SYNTHETIC SITE 02651,102651,,SYNTHETIC COMPANY 02651,1 Example Way,Nowhere,ZZ,00000,6221,2017,SYNTHETIC INDUSTRY,1,2,101,161561,1,0,1,0,1,7,0,2,0,0,0,0,0,,1/1/2025,2024
11653,SYNTHETIC SITE 02652,102652,,SYNTHETIC COMPANY 02652,1 Example Way,Nowhere,ZZ,00000,6221,2017,SYNTHETIC INDUSTRY,1,2,69,147123,1,0,4,2,1,28,8,7,0,0,0,0,0,,1/1/2025,2024
11654,SYNTHETIC SITE 02653,102653,,SYNTHETIC COMPANY 02653,1 Example Way,Nowhere,ZZ,00000,4451,2017,SYNTHETIC INDUSTRY,1,2,46,94522,2,0,0,0,0,0,0,0,0,0,0,0,0,,1/1/2025,2024
11655,SYNTHETIC SITE 02654,102654,,SYNTHETIC COMPANY 02654,1 Example Way,Nowhere,ZZ,00000,3115,2017,SYNTHETIC INDUSTRY,1,2,50,87859,1,0,1,0,0,7,0,1,0,0,0,0,0,,1/1/2025,2024
11656,SYNTHETIC SITE 02655,102655,,SYNTHETIC COMPANY 02655,1 Example Way,Nowhere,ZZ,00000,3115,2017,SYNTHETIC INDUSTRY,1,2,68,130385,2,0,0,0,0,0,0,0,0,0,0,0,0,,1/1/2025,2024
11657,SYNTHETIC SITE 02656,102656,,SYNTHETIC COMPANY 02656,1 Example Way,Nowhere,ZZ,00000,3115,2017,SYNTHETIC INDUSTRY,1,2,2,3189,2,0,0,0,0,0,0,0,0,0,0,0,0,,1/1/2025,2024
11658,SYNTHETIC SITE 02657,102657,,SYNTHETIC COMPANY 02657,1 Example Way,Nowhere,ZZ,00000,6221,2017,SYNTHETIC INDUSTRY,1,2,182,355182,1,0,4,0,2,28,0,6,0,0,0,0,0,,1/1/2025,2024
11659,SYNTHETIC SITE 02658,102658,,SYNTHETIC COMPANY 02658,1 Example Way,Nowhere,ZZ,00000,3252,2017,SYNTHETIC INDUSTRY,1,2,409,734080,1,0,20,14,33,140,56,67,0,0,0,0,0,,1/1/2025,2024
11660,SYNTHETIC SITE 02659,102659,,SYNTHETIC COMPANY 02659,1 Example Way,Nowhere,ZZ,00000,3251,2017,SYNTHETIC INDUSTRY,1,2,36,67794,2,0,0,0,0,0,0,0,0,0,0,0,0,,1/1/2025,2024
11661,SYNTHETIC SITE 02660,102660,,SYNTHETIC COMPANY 02660,1 Example Way,Nowhere,ZZ,00000,3328,2017,SYNTHETIC INDUSTRY,1,2,72,140992,2,0,0,0,0,0,0,0,0,0,0,0,0,,1/1/2025,2024
11662,SYNTHETIC SITE 02661,102661,,SYNTHETIC COMPANY 02661,1 Example Way,Nowhere,ZZ,00000,3251,2017,SYNTHETIC INDUSTRY,1,2,35,56890,2,0,0,0,0,0,0,0,0,0,0,0,0,,1/1/2025,2024
11663,SYNTHETIC SITE 02662,102662,,SYNTHETIC COMPANY 02662,1 Example Way,Nowhere,ZZ,00000,2361,2017,SYNTHETIC INDUSTRY,1,2,139,253986,1,0,8,5,12,56,20,25,0,0,0,0,0,,1/1/2025,2024
11664,SYNTHETIC SITE 02663,102663,,SYNTHETIC COMPANY 02663,1 Example Way,Nowhere,ZZ,00000,6221,2017,SYNTHETIC INDUSTRY,1,2,35,72280,2,0,0,0,0,0,0,0,0,0,0,0,0,,1/1/2025,2024
11665,SYNTHETIC SITE 02664,102664,,SYNTHETIC COMPANY 02664,1 Example Way,Nowhere,ZZ,00000,3251,2017,SYNTHETIC INDUSTRY,1,2,19,47711,1,0,0,1,0,0,4,1,0,0,0,0,0,,1/1/2025,2024
11666,SYNTHETIC SITE 02665,102665,,SYNTHETIC COMPANY 02665,1 Example Way,Nowhere,ZZ,00000,6221,2017,SYNTHETIC INDUSTRY,1,2,110,207940,2,0,0,0,0,0,0,0,0,0,0,0,0,,1/1/2025,2024
11667,SYNTHETIC SITE 02666,102666,,SYNTHETIC COMPANY 02666,1 Example Way,Nowhere,ZZ,00000,3251,2017,SYNTHETIC INDUSTRY,1,2,11,23989,2,0,0,0,0,0,0,0,0,0,0,0,0,,1/1/2025,2024
11668,SYNTHETIC SITE 02667,102667,,SYNTHETIC COMPANY 02667,1 Example Way,Nowhere,ZZ,00000,3251,2017,SYNTHETIC INDUSTRY,1,2,283,433129,1,0,0,1,0,0,4,1,0,0,0,0,0,,1/1/2025,2024
11669,SYNTHETIC SITE 02668,102668,,SYNTHETIC COMPANY 02668,1 Example Way,Nowhere,ZZ,00000,3328,2017,SYNTHETIC INDUSTRY,1,2,37,56925,1,0,2,0,0,14,0,2,0,0,0,0,0,,1/1/2025,2024
11670,SYNTHETIC SITE 02669,102669,,SYNTHETIC COMPANY 02669,1 Example Way,Nowhere,ZZ,00000,3115,2017,SYNTHETIC INDUSTRY,1,2,48,109408,1,0,0,0,1,0,0,1,0,0,0,0,0,,1/1/2025,2024
11671,SYNTHETIC SITE 02670,102670,,SYNTHETIC COMPANY 02670,1 Example Way,Nowhere,ZZ,00000,6221,2017,SYNTHETIC INDUSTRY,1,2,89,170879,1,0,0,0,1,0,0,1,0,0,0,0,0,,1/1/2025,2024
11672,SYNTHETIC SITE 02671,102671,,SYNTHETIC COMPANY 02671,1 Example Way,Nowhere,ZZ,00000,4841,2017,SYNTHETIC INDUSTRY,1,2,18,34382,2,0,0,0,0,0,0,0,0,0,0,0,0,,1/1/2025,2024
11673,SYNTHETIC SITE 02672,102672,,SYNTHETIC COMPANY 02672,1 Example Way,Nowhere,ZZ,00000,3252,2017,SYNTHETIC INDUSTRY,1,2,68,122123,1,0,1,0,0,7,0,1,0,0,0,0,0,,1/1/2025,2024
11674,SYNTHETIC SITE 02673,102673,,SYNTHETIC COMPANY 02673,1 Example Way,Nowhere,ZZ,00000,3328,2017,SYNTHETIC INDUSTRY,1,2,3,5500,2,0,0,0,0,0,0,0,0,0,0,0,0,,1/1/2025,2024
11675,SYNTHETIC SITE 02674,102674,,SYNTHETIC COMPANY 02674,1 Example Way,Nowhere,ZZ,00000,3251,2017,SYNTHETIC INDUSTRY,1,2,7,6891,2,0,0,0,0,0,0,0,0,0,0,0,0,,1/1/2025,2024
11676,SYNTHETIC SITE 02675,102675,,SYNTHETIC COMPANY 02675,1 Example Way,Nowhere,ZZ,00000,3252,2017,SYNTHETIC INDUSTRY,1,2,16,25180,2,0,0,0,0,0,0,0,0,0,0,0,0,,1/1/2025,2024
11677,SYNTHETIC SITE 02676,102676,,SYNTHETIC COMPANY 02676,1 Example Way,Nowhere,ZZ,00000,3251,2017,SYNTHETIC INDUSTRY,1,2,192,337703,2,0,0,0,0,0,0,0,0,0,0,0,0,,1/1/2025,2024
11678,SYNTHETIC SITE 02677,102677,,SYNTHETIC COMPANY 02677,1 Example Way,Nowhere,ZZ,00000,4451,2017,SYNTHETIC INDUSTRY,1,2,202,333763,1,0,1,2,6,7,8,9,0,0,0,0,0,,1/1/2025,2024
11679,SYNTHETIC SITE 02678,102678,,SYNTHETIC COMPANY 02678,1 Example Way,Nowhere,ZZ,00000,6221,2017,SYNTHETIC INDUSTRY,1,2,30,51914,2,0,0,0,0,0,0,0,0,0,0,0,0,,1/1/2025,2024
11680,SYNTHETIC SITE 02679,102679,,SYNTHETIC COMPANY 02679,1 Example Way,Nowhere,ZZ,00000,4841,2017,SYNTHETIC INDUSTRY,1,2,97,170925,1,0,1,1,1,7,4,3,0,0,0,0,0,,1/1/2025,2024
11681,SYNTHETIC SITE 02680,102680,,SYNTHETIC COMPANY 02680,1 Example Way,Nowhere,ZZ,00000,4841,2017,SYNTHETIC INDUSTRY,1,2,148,220522,2,0,0,0,0,0,0,0,0,0,0,0,0,,1/1/2025,2024
11682,SYNTHETIC SITE 02681,102681,,SYNTHETIC COMPANY 02681,1 Example Way,Nowhere,ZZ,00000,4451,2017,SYNTHETIC INDUSTRY,1,2,49,100932,1,0,1,0,0,7,0,1,0,0,0,0,0,,1/1/2025,2024
11683,SYNTHETIC SITE 02682,102682,,SYNTHETIC COMPANY 02682,1 Example Way,Nowhere,ZZ,00000,3328,2017,SYNTHETIC INDUSTRY,1,2,22,38367,2,0,0,0,0,0,0,0,0,0,0,0,0,,1/1/2025,2024
11684,SYNTHETIC SITE 02683,102683,,SYNTHETIC COMPANY 02683,1 Example Way,Nowhere,ZZ,00000,4451,2017,SYNTHETIC INDUSTRY,1,2,44,84737,1,0,3,2,3,21,8,8,0,0,0,0,0,,1/1/2025,2024
11685,SYNTHETIC SITE 02684,102684,,SYNTHETIC COMPANY 02684,1 Example Way,Nowhere,ZZ,00000,4841,2017,SYNTHETIC INDUSTRY,1,2,25,49250,1,0,3,0,2,21,0,5,0,0,0,0,0,,1/1/2025,2024
11686,SYNTHETIC SITE 02685,102685,,SYNTHETIC COMPANY 02685,1 Example Way,Nowhere,ZZ,00000,6221,2017,SYNTHETIC INDUSTRY,1,2,211,354256,2,0,0,0,0,0,0,0,0,0,0,0,0,,1/1/2025,2024
11687,SYNTHETIC SITE 02686,102686,,SYNTHETIC COMPANY 02686,1 Example Way,Nowhere,ZZ,00000,3251,2017,SYNTHETIC INDUSTRY,1,2,274,594194,1,0,12,10,18,84,40,40,0,0,0,0,0,,1/1/2025,2024
11688,SYNTHETIC SITE 02687,102687,,SYNTHETIC COMPANY 02687,1 Example Way,Nowhere,ZZ,00000,3252,2017,SYNTHETIC INDUSTRY,1,2,10,17514,2,0,0,0,0,0,0,0,0,0,0,0,0,,1/1/2025,2024
11689,SYNTHETIC SITE 02688,102688,,SYNTHETIC COMPANY 02688,1 Example Way,Nowhere,ZZ,00000,4451,2017,SYNTHETIC INDUSTRY,1,2,66,102553,1,0,2,1,1,14,4,4,0,0,0,0,0,,1/1/2025,2024
11690,SYNTHETIC SITE 02689,102689,,SYNTHETIC COMPANY 02689,1 Example Way,Nowhere,ZZ,00000,6221,2017,SYNTHETIC INDUSTRY,1,2,16,34231,2,0,0,0,0,0,0,0,0,0,0,0,0,,1/1/2025,2024
11691,SYNTHETIC SITE 02690,102690,,SYNTHETIC COMPANY 02690,1 Example Way,Nowhere,ZZ,00000,3251,2017,SYNTHETIC INDUSTRY,1,2,99,166174,1,0,1,1,1,7,4,3,0,0,0,0,0,,1/1/2025,2024
11692,SYNTHETIC SITE 02691,102691,,SYNTHETIC COMPANY 02691,1 Example Way,Nowhere,ZZ,00000,3115,2017,SYNTHETIC INDUSTRY,1,2,83,130914,1,0,3,1,0,21,4,4,0,0,0,0,0,,1/1/2025,2024
11693,SYNTHETIC SITE 02692,102692,,SYNTHETIC COMPANY 02692,1 Example Way,Nowhere,ZZ,00000,2361,2017,SYNTHETIC INDUSTRY,1,2,32,54118,2,0,0,0,0,0,0,0,0,0,0,0,0,,1/1/2025,2024
11694,SYNTHETIC SITE 02693,102693,,SYNTHETIC COMPANY 02693,1 Example Way,Nowhere,ZZ,00000,2361,2017,SYNTHETIC INDUSTRY,1,2,29,53278,1,0,0,1,0,0,4,1,0,0,0,0,0,,1/1/2025,2024
11695,SYNTHETIC SITE 02694,102694,,SYNTHETIC COMPANY 02694,1 Example Way,Nowhere,ZZ,00000,2361,2017,SYNTHETIC INDUSTRY,1,2,95,160962,1,0,3,1,0,21,4,4,0,0,0,0,0,,1/1/2025,2024
11696,SYNTHETIC SITE 02695,102695,,SYNTHETIC COMPANY 02695,1 Example Way,Nowhere,ZZ,00000,3252,2017,SYNTHETIC INDUSTRY,1,2,269,474810,2,0,0,0,0,0,0,0,0,0,0,0,0,,1/1/2025,2024
11697,SYNTHETIC SITE 02696,102696,,SYNTHETIC COMPANY 02696,1 Example Way,Nowhere,ZZ,00000,3252,2017,SYNTHETIC INDUSTRY,1,2,10,14909,2,0,0,0,0,0,0,0,0,0,0,0,0,,1/1/2025,2024
11698,SYNTHETIC SITE 02697,102697,,SYNTHETIC COMPANY 02697,1 Example Way,Nowhere,ZZ,00000,3328,2017,SYNTHETIC INDUSTRY,1,2,81,137216,2,0,0,0,0,0,0,0,0,0,0,0,0,,1/1/2025,2024
11699,SYNTHETIC SITE 02698,102698,,SYNTHETIC COMPANY 02698,1 Example Way,Nowhere,ZZ,00000,3328,2017,SYNTHETIC INDUSTRY,1,2,8,14044,2,0,0,0,0,0,0,0,0,0,0,0,0,,1/1/2025,2024
11700,SYNTHETIC SITE 02699,102699,,SYNTHETIC COMPANY 02699,1 Example Way,Nowhere,ZZ,00000,3251,2017,SYNTHETIC INDUSTRY,1,2,151,272189,2,0,0,0,0,0,0,0,0,0,0,0,0,,1/1/2025,2024
11701,SYNTHETIC SITE 02700,102700,,SYNTHETIC COMPANY 02700,1 Example Way,Nowhere,ZZ,00000,3251,2017,SYNTHETIC INDUSTRY,1,2,121,258249,1,0,2,0,1,14,0,3,0,0,0,0,0,,1/1/2025,2024
11702,SYNTHETIC SITE 02701,102701,,SYNTHETIC COMPANY 02701,1 Example Way,Nowhere,ZZ,00000,4841,2017,SYNTHETIC INDUSTRY,1,2,68,117210,1,0,1,1,1,7,4,3,0,0,0,0,0,,1/1/2025,2024
11703,SYNTHETIC SITE 02702,102702,,SYNTHETIC COMPANY 02702,1 Example Way,Nowhere,ZZ,00000,3252,2017,SYNTHETIC INDUSTRY,1,2,8,14886,2,0,0,0,0,0,0,0,0,0,0,0,0,,1/1/2025,2024
11704,SYNTHETIC SITE 02703,102703,,SYNTHETIC COMPANY 02703,1 Example Way,Nowhere,ZZ,00000,2361,2017,SYNTHETIC INDUSTRY,1,2,130,213011,1,0,0,1,3,0,4,4,0,0,0,0,0,,1/1/2025,2024
11705,SYNTHETIC SITE 02704,102704,,SYNTHETIC COMPANY 02704,1 Example Way,Nowhere,ZZ,00000,4451,2017,SYNTHETIC INDUSTRY,1,2,35,68092,2,0,0,0,0,0,0,0,0,0,0,0,0,,1/1/2025,2024
11706,SYNTHETIC SITE 02705,102705,,SYNTHETIC COMPANY 02705,1 Example Way,Nowhere,ZZ,00000,6221,2017,SYNTHETIC INDUSTRY,1,2,84,150045,1,0,3,4,3,21,16,10,0,0,0,0,0,,1/1/2025,2024
11707,SYNTHETIC SITE 02706,102706,,SYNTHETIC COMPANY 02706,1 Example Way,Nowhere,ZZ,00000,3328,2017,SYNTHETIC INDUSTRY,1,2,53,86564,2,0,0,0,0,0,0,0,0,0,0,0,0,,1/1/2025,2024
11708,SYNTHETIC SITE 02707,102707,,SYNTHETIC COMPANY 02707,1 Example Way,Nowhere,ZZ,00000,4841,2017,SYNTHETIC INDUSTRY,1,2,15,32070,2,0,0,0,0,0,0,0,0,0,0,0,0,,1/1/2025,2024
11709,SYNTHETIC SITE 02708,102708,,SYNTHETIC COMPANY 02708,1 Example Way,Nowhere,ZZ,00000,3115,2017,SYNTHETIC INDUSTRY,1,2,4,8233,2,0,0,0,0,0,0,0,0,0,0,0,0,,1/1/2025,2024
11710,SYNTHETIC SITE 02709,102709,,SYNTHETIC COMPANY 02709,1 Example Way,Nowhere,ZZ,00000,4451,2017,SYNTHETIC INDUSTRY,1,2,18,34318,1,0,1,2,1,7,8,4,0,0,0,0,0,,1/1/2025,2024
11711,SYNTHETIC SITE 02710,102710,,SYNTHETIC COMPANY 02710,1 Example Way,Nowhere,ZZ,00000,2361,2017,SYNTHETIC INDUSTRY,1,2,34,77828,2,0,0,0,0,0,0,0,0,0,0,0,0,,1/1/2025,2024
11712,SYNTHETIC SITE 02711,102711,,SYNTHETIC COMPANY 02711,1 Example Way,Nowhere,ZZ,00000,4841,2017,SYNTHETIC INDUSTRY,1,2,15,23578,1,0,0,1,0,0,4,1,0,0,0,0,0,,1/1/2025,2024
11713,SYNTHETIC SITE 02712,102712,,SYNTHETIC COMPANY 02712,1 Example Way,Nowhere,ZZ,00000,4841,2017,SYNTHETIC INDUSTRY,1,2,31,56794,2,0,0,0,0,0,0,0,0,0,0,0,0,,1/1/2025,2024
11714,SYNTHETIC SITE 02713,102713,,SYNTHETIC COMPANY 02713,1 Example Way,Nowhere,ZZ,00000,4841,2017,SYNTHETIC INDUSTRY,1,2,13,17304,2,0,0,0,0,0,0,0,0,0,0,0,0,,1/1/2025,2024
11715,SYNTHETIC SITE 02714,102714,,SYNTHETIC COMPANY 02714,1 Example Way,Nowhere,ZZ,00000,3328,2017,SYNTHETIC INDUSTRY,1,2,144,189394,1,0,0,0,1,0,0,1,0,0,0,0,0,,1/1/2025,2024
11716,SYNTHETIC SITE 02715,102715,,SYNTHETIC COMPANY 02715,1 Example Way,Nowhere,ZZ,00000,4841,2017,SYNTHETIC INDUSTRY,1,2,81,184462,1,0,11,11,5,77,44,27,0,0,0,0,0,,1/1/2025,2024
11717,SYNTHETIC SITE 02716,102716,,SYNTHETIC COMPANY 02716,1 Example Way,Nowhere,ZZ,00000,6221,2017,SYNTHETIC INDUSTRY,1,2,27,54162,2,0,0,0,0,0,0,0,0,0,0,0,0,,1/1/2025,2024
11718,SYNTHETIC SITE 02717,102717,,SYNTHETIC COMPANY 02717,1 Example Way,Nowhere,ZZ,00000,4451,2017,SYNTHETIC INDUSTRY,1,2,4,7423,2,0,0,0,0,0,0,0,0,0,0,0,0,,1/1/2025,2024
11719,SYNTHETIC SITE 02718,102718,,SYNTHETIC COMPANY 02718,1 Example Way,Nowhere,ZZ,00000,3252,2017,SYNTHETIC INDUSTRY,1,2,22,35018,1,0,0,0,1,0,0,1,0,0,0,0,0,,1/1/2025,2024
11720,SYNTHETIC SITE 02719,102719,,SYNTHETIC COMPANY 02719,1 Example Way,Nowhere,ZZ,00000,6221,2017,SYNTHETIC INDUSTRY,1,2,50,99521,1,0,2,5,2,14,20,9,0,0,0,0,0,,1/1/2025,2024
11721,SYNTHETIC SITE 02720,102720,,SYNTHETIC COMPANY 02720,1 Example Way,Nowhere,ZZ,00000,3328,2017,SYNTHETIC INDUSTRY,1,2,69,124860,1,0,0,1,0,0,4,1,0,0,0,0,0,,1/1/2025,2024
11722,SYNTHETIC SITE 02721,102721,,SYNTHETIC COMPANY 02721,1 Example Way,Nowhere,ZZ,00000,3328,2017,SYNTHETIC INDUSTRY,1,2,68,119906,2,0,0,0,0,0,0,0,0,0,0,0,0,,1/1/2025,2024
11723,SYNTHETIC SITE 02722,102722,,SYNTHETIC COMPANY 02722,1 Example Way,Nowhere,ZZ,00000,4451,2017,SYNTHETIC INDUSTRY,1,2,106,165204,1,0,0,1,3,0,4,4,0,0,0,0,0,,1/1/2025,2024
11724,SYNTHETIC SITE 02723,102723,,SYNTHETIC COMPANY 02723,1 Example Way,Nowhere,ZZ,00000,3328,2017,SYNTHETIC INDUSTRY,1,2,13,27089,2,0,0,0,0,0,0,0,0,0,0,0,0,,1/1/2025,2024
11725,SYNTHETIC SITE 02724,102724,,SYNTHETIC COMPANY 02724,1 Example Way,Nowhere,ZZ,00000,4451,2017,SYNTHETIC INDUSTRY,1,2,140,310846,1,0,0,1,1,0,4,2,0,0,0,0,0,,1/1/2025,2024
11726,SYNTHETIC SITE 02725,102725,,SYNTHETIC COMPANY 02725,1 Example Way,Nowhere,ZZ,00000,4451,2017,SYNTHETIC INDUSTRY,1,2,44,65117,1,0,1,1,1,7,4,3,0,0,0,0,0,,1/1/2025,2024
11727,SYNTHETIC SITE 02726,102726,,SYNTHETIC COMPANY 02726,1 Example Way,Nowhere,ZZ,00000,3115,2017,SYNTHETIC INDUSTRY,1,2,94,1623690,1,0,0,1,1,0,4,2,0,0,0,0,0,,1/1/2025,2024
11728,SYNTHETIC SITE 02727,102727,,SYNTHETIC COMPANY 02727,1 Example Way,Nowhere,ZZ,00000,6221,2017,SYNTHETIC INDUSTRY,1,2,183,384063,1,0,1,0,2,7,0,3,0,0,0,0,0,,1/1/2025,2024
11729,SYNTHETIC SITE 02728,102728,,SYNTHETIC COMPANY 02728,1 Example Way,Nowhere,ZZ,00000,3115,2017,SYNTHETIC INDUSTRY,1,2,22,38209,1,0,0,1,3,0,4,4,0,0,0,0,0,,1/1/2025,2024
11730,SYNTHETIC SITE 02729,102729,,SYNTHETIC COMPANY 02729,1 Example Way,Nowhere,ZZ,00000,4451,2017,SYNTHETIC INDUSTRY,1,2,87,182815,1,0,2,0,2,14,0,4,0,0,0,0,0,,1/1/2025,2024
11731,SYNTHETIC SITE 02730,102730,,SYNTHETIC COMPANY 02730,1 Example Way,Nowhere,ZZ,00000,2361,2017,SYNTHETIC INDUSTRY,1,2,6,9185,2,0,0,0,0,0,0,0,0,0,0,0,0,,1/1/2025,2024
11732,SYNTHETIC SITE 02731,102731,,SYNTHETIC COMPANY 02731,1 Example Way,Nowhere,ZZ,00000,4451,2017,SYNTHETIC INDUSTRY,1,2,49,107737,1,0,0,1,2,0,4,3,0,0,0,0,0,,1/1/2025,2024
11733,SYNTHETIC SITE 02732,102732,,SYNTHETIC COMPANY 02732,1 Example Way,Nowhere,ZZ,00000,4841,2017,SYNTHETIC INDUSTRY,1,2,235,374978,2,0,0,0,0,0,0,0,0,0,0,0,0,,1/1/2025,2024
11734,SYNTHETIC SITE 02733,102733,,SYNTHETIC COMPANY 02733,1 Example Way,Nowhere,ZZ,00000,3252,2017,SYNTHETIC INDUSTRY,1,2,28,38152,2,0,0,0,0,0,0,0,0,0,0,0,0,,1/1/2025,2024
11735,SYNTHETIC SITE 02734,102734,,SYNTHETIC COMPANY 02734,1 Example Way,Nowhere,ZZ,00000,4451,2017,SYNTHETIC INDUSTRY,1,2,10,19569,2,0,0,0,0,0,0,0,0,0,0,0,0,,1/1/2025,2024
11736,SYNTHETIC SITE 02735,102735,,SYNTHETIC COMPANY 02735,1 Example Way,Nowhere,ZZ,00000,4841,2017,SYNTHETIC INDUSTRY,1,2,12,25355,2,0,0,0,0,0,0,0,0,0,0,0,0,,1/1/2025,2024
11737,SYNTHETIC SITE 02736,102736,,SYNTHETIC COMPANY 02736,1 Example Way,Nowhere,ZZ,00000,3115,2017,SYNTHETIC INDUSTRY,1,2,4,9511,2,0,0,0,0,0,0,0,0,0,0,0,0,,1/1/2025,2024
11738,SYNTHETIC SITE 02737,102737,,SYNTHETIC COMPANY 02737,1 Example Way,Nowhere,ZZ,00000,6221,2017,SYNTHETIC INDUSTRY,1,2,838,1677985,2,0,0,0,0,0,0,0,0,0,0,0,0,,1/1/2025,2024
11739,SYNTHETIC SITE 02738,102738,,SYNTHETIC COMPANY 02738,1 Example Way,Nowhere,ZZ,00000,3328,2017,SYNTHETIC INDUSTRY,1,2,145,266643,1,0,2,0,3,14,0,5,0,0,0,0,0,,1/1/2025,2024
11740,SYNTHETIC SITE 02739,102739,,SYNTHETIC COMPANY 02739,1 Example Way,Nowhere,ZZ,00000,4841,2017,SYNTHETIC INDUSTRY,1,2,145,229158,2,0,0,0,0,0,0,0,0,0,0,0,0,,1/1/2025,2024
11741,SYNTHETIC SITE 02740,102740,,SYNTHETIC COMPANY 02740,1 Example Way,Nowhere,ZZ,00000,6221,2017,SYNTHETIC INDUSTRY,1,2,95,164374,2,0,0,0,0,0,0,0,0,0,0,0,0,,1/1/2025,2024
11742,SYNTHETIC SITE 02741,102741,,SYNTHETIC COMPANY 02741,1 Example Way,Nowhere,ZZ,00000,3328,2017,SYNTHETIC INDUSTRY,1,2,31,52810,2,0,0,0,0,0,0,0,0,0,0,0,0,,1/1/2025,2024
11743,SYNTHETIC SITE 02742,102742,,SYNTHETIC COMPANY 02742,1 Example Way,Nowhere,ZZ,00000,4451,2017,SYNTHETIC INDUSTRY,1,2,53,88435,1,0,1,0,0,7,0,1,0,0,0,0,0,,1/1/2025,2024
11744,SYNTHETIC SITE 02743,102743,,SYNTHETIC COMPANY 02743,1 Example Way,Nowhere,ZZ,00000,3251,2017,SYNTHETIC INDUSTRY,1,2,180,262872,2,0,0,0,0,0,0,0,0,0,0,0,0,,1/1/2025,2024
11745,SYNTHETIC SITE 02744,102744,,SYNTHETIC COMPANY 02744,1 Example Way,Nowhere,ZZ,00000,2361,2017,SYNTHETIC INDUSTRY,1,2,88,146866,2,0,0,0,0,0,0,0,0,0,0,0,0,,1/1/2025,2024
11746,SYNTHETIC SITE 02745,102745,,SYNTHETIC COMPANY 02745,1 Example Way,Nowhere,ZZ,00000,3252,2017,SYNTHETIC INDUSTRY,1,2,49,88954,2,0,0,0,0,0,0,0,0,0,0,0,0,,1/1/2025,2024
11747,SYNTHETIC SITE 02746,102746,,SYNTHETIC COMPANY 02746,1 Example Way,Nowhere,ZZ,00000,4451,2017,SYNTHETIC INDUSTRY,1,2,16,28727,2,0,0,0,0,0,0,0,0,0,0,0,0,,1/1/2025,2024
11748,SYNTHETIC SITE 02747,102747,,SYNTHETIC COMPANY 02747,1 Example Way,Nowhere,ZZ,00000,3115,2017,SYNTHETIC INDUSTRY,1,2,127,224275,1,0,2,3,7,14,12,12,0,0,0,0,0,,1/1/2025,2024
11749,SYNTHETIC SITE 02748,102748,,SYNTHETIC COMPANY 02748,1 Example Way,Nowhere,ZZ,00000,6221,2017,SYNTHETIC INDUSTRY,1,2,33,56129,1,0,0,0,1,0,0,1,0,0,0,0,0,,1/1/2025,2024
11750,SYNTHETIC SITE 02749,102749,,SYNTHETIC COMPANY 02749,1 Example Way,Nowhere,ZZ,00000,3115,2017,SYNTHETIC INDUSTRY,1,2,42,78922,1,0,3,1,1,21,4,5,0,0,0,0,0,,1/1/2025,2024
11751,SYNTHETIC SITE 02750,102750,,SYNTHETIC COMPANY 02750,1 Example Way,Nowhere,ZZ,00000,2361,2017,SYNTHETIC INDUSTRY,1,2,31,43066,2,0,0,0,0,0,0,0,0,0,0,0,0,,1/1/2025,2024
11752,SYNTHETIC SITE 02751,102751,,SYNTHETIC COMPANY 02751,1 Example Way,Nowhere,ZZ,00000,3251,2017,SYNTHETIC INDUSTRY,1,2,97,164038,2,0,0,0,0,0,0,0,0,0,0,0,0,,1/1/2025,2024
11753,SYNTHETIC SITE 02752,102752,,SYNTHETIC COMPANY 02752,1 Example Way,Nowhere,ZZ,00000,3328,2017,SYNTHETIC INDUSTRY,1,2,165,314942,2,0,0,0,0,0,0,0,0,0,0,0,0,,1/1/2025,2024
11754,SYNTHETIC SITE 02753,102753,,SYNTHETIC COMPANY 02753,1 Example Way,Nowhere,ZZ,00000,4451,2017,SYNTHETIC INDUSTRY,1,2,3,4002,2,0,0,0,0,0,0,0,0,0,0,0,0,,1/1/2025,2024
11755,SYNTHETIC SITE 02754,102754,,SYNTHETIC COMPANY 02754,1 Example Way,Nowhere,ZZ,00000,2361,2017,SYNTHETIC INDUSTRY,1,2,16,25328,2,0,0,0,0,0,0,0,0,0,0,0,0,,1/1/2025,2024
11756,SYNTHETIC SITE 02755,102755,,SYNTHETIC COMPANY 02755,1 Example Way,Nowhere,ZZ,00000,2361,2017,SYNTHETIC INDUSTRY,1,2,54,89445,2,0,0,0,0,0,0,0,0,0,0,0,0,,1/1/2025,2024
11757,SYNTHETIC SITE 02756,102756,,SYNTHETIC COMPANY 02756,1 Example Way,Nowhere,ZZ,00000,3115,2017,SYNTHETIC INDUSTRY,1,2,777,1385989,1,0,3,0,1,21,0,4,0,0,0,0,0,,1/1/2025,2024
11758,SYNTHETIC SITE 02757,102757,,SYNTHETIC COMPANY 02757,1 Example Way,Nowhere,ZZ,00000,3252,2017,SYNTHETIC INDUSTRY,1,2,27,39244,2,0,0,0,0,0,0,0,0,0,0,0,0,,1/1/2025,2024
11759,SYNTHETIC SITE 02758,102758,,SYNTHETIC COMPANY 02758,1 Example Way,Nowhere,ZZ,00000,3115,2017,SYNTHETIC INDUSTRY,1,2,409,938618,2,0,0,0,0,0,0,0,0,0,0,0,0,,1/1/2025,2024
11760,SYNTHETIC SITE 02759,102759,,SYNTHETIC COMPANY 02759,1 Example Way,Nowhere,ZZ,00000,4841,2017,SYNTHETIC INDUSTRY,1,2,196,374293,2,0,0,0,0,0,0,0,0,0,0,0,0,,1/1/2025,2024
11761,SYNTHETIC SITE 02760,102760,,SYNTHETIC COMPANY 02760,1 Example Way,Nowhere,ZZ,00000,3251,2017,SYNTHETIC INDUSTRY,1,2,64,124566,2,0,0,0,0,0,0,0,0,0,0,0,0,,1/1/2025,2024
11762,SYNTHETIC SITE 02761,102761,,SYNTHETIC COMPANY 02761,1 Example Way,Nowhere,ZZ,00000,3252,2017,SYNTHETIC INDUSTRY,1,2,84,160578,1,0,1,0,3,7,0,4,0,0,0,0,0,,1/1/2025,2024
11763,SYNTHETIC SITE 02762,102762,,SYNTHETIC COMPANY 02762,1 Example Way,Nowhere,ZZ,00000,4841,2017,SYNTHETIC INDUSTRY,1,2,266,442214,1,0,10,2,12,70,8,24,0,0,0,0,0,,1/1/2025,2024
11764,SYNTHETIC SITE 02763,102763,,SYNTHETIC COMPANY 02763,1 Example Way,Nowhere,ZZ,00000,3328,2017,SYNTHETIC INDUSTRY,1,2,27,47216,2,0,0,0,0,0,0,0,0,0,0,0,0,,1/1/2025,2024
11765,SYNTHETIC SITE 02764,102764,,SYNTHETIC COMPANY 02764,1 Example Way,Nowhere,ZZ,00000,3115,2017,SYNTHETIC INDUSTRY,1,2,33,48219,2,0,0,0,0,0,0,0,0,0,0,0,0,,1/1/2025,2024
11766,SYNTHETIC SITE 02765,102765,,SYNTHETIC COMPANY 02765,1 Example Way,Nowhere,ZZ,00000,3251,2017,SYNTHETIC INDUSTRY,1,2,45,78126,2,0,0,0,0,0,0,0,0,0,0,0,0,,1/1/2025,2024
11767,SYNTHETIC SITE 02766,102766,,SYNTHETIC COMPANY 02766,1 Example Way,Nowhere,ZZ,00000,3115,2017,SYNTHETIC INDUSTRY,1,2,94,170525,2,0,0,0,0,0,0,0,0,0,0,0,0,,1/1/2025,2024
11768,SYNTHETIC SITE 02767,102767,,SYNTHETIC COMPANY 02767,1 Example Way,Nowhere,ZZ,00000,6221,2017,SYNTHETIC INDUSTRY,1,2,132,178640,1,0,1,0,0,7,0,1,0,0,0,0,0,,1/1/2025,2024
11769,SYNTHETIC SITE 02768,102768,,SYNTHETIC COMPANY 02768,1 Example Way,Nowhere,ZZ,00000,3328,2017,SYNTHETIC INDUSTRY,1,2,30,67596,2,0,0,0,0,0,0,0,0,0,0,0,0,,1/1/2025,2024
11770,SYNTHETIC SITE 02769,102769,,SYNTHETIC COMPANY 02769,1 Example Way,Nowhere,ZZ,00000,4451,2017,SYNTHETIC INDUSTRY,1,2,49,98716,1,0,1,3,5,7,12,9,0,0,0,0,0,,1/1/2025,2024
11771,SYNTHETIC SITE 02770,102770,,SYNTHETIC COMPANY 02770,1 Example Way,Nowhere,ZZ,00000,2361,2017,SYNTHETIC INDUSTRY,1,2,134,277514,1,0,1,2,3,7,8,6,0,0,0,0,0,,1/1/2025,2024
11772,SYNTHETIC SITE 02771,102771,,SYNTHETIC COMPANY 02771,1 Example Way,Nowhere,ZZ,00000,4841,2017,SYNTHETIC INDUSTRY,1,2,155,2395340,2,0,0,0,0,0,0,0,0,0,0,0,0,,1/1/2025,2024
11773,SYNTHETIC SITE 02772,102772,,SYNTHETIC COMPANY 02772,1 Example Way,Nowhere,ZZ,00000,3328,2017,SYNTHETIC INDUSTRY,1,2,13,23422,2,0,0,0,0,0,0,0,0,0,0,0,0,,1/1/2025,2024
11774,SYNTHETIC SITE 02773,102773,,SYNTHETIC COMPANY 02773,1 Example Way,Nowhere,ZZ,00000,3252,2017,SYNTHETIC INDUSTRY,1,2,47,82392,2,0,0,0,0,0,0,0,0,0,0,0,0,,1/1/2025,2024
11775,SYNTHETIC SITE 02774,102774,,SYNTHETIC COMPANY 02774,1 Example Way,Nowhere,ZZ,00000,4451,2017,SYNTHETIC INDUSTRY,1,2,31,60647,2,0,0,0,0,0,0,0,0,0,0,0,0,,1/1/2025,2024
11776,SYNTHETIC SITE 02775,102775,,SYNTHETIC COMPANY 02775,1 Example Way,Nowhere,ZZ,00000,4841,2017,SYNTHETIC INDUSTRY,1,2,33,73585,1,0,1,1,1,7,4,3,0,0,0,0,0,,1/1/2025,2024
11777,SYNTHETIC SITE 02776,102776,,SYNTHETIC COMPANY 02776,1 Example Way,Nowhere,ZZ,00000,4841,2017,SYNTHETIC INDUSTRY,1,2,33,55665,2,0,0,0,0,0,0,0,0,0,0,0,0,,1/1/2025,2024
11778,SYNTHETIC SITE 02777,102777,,SYNTHETIC COMPANY 02777,1 Example Way,Nowhere,ZZ,00000,4841,2017,SYNTHETIC INDUSTRY,1,2,159,306633,1,0,0,1,2,0,4,3,0,0,0,0,0,,1/1/2025,2024
11779,SYNTHETIC SITE 02778,102778,,SYNTHETIC COMPANY 02778,1 Example Way,Nowhere,ZZ,00000,4451,2017,SYNTHETIC INDUSTRY,1,2,55,103840,2,0,0,0,0,0,0,0,0,0,0,0,0,,1/1/2025,2024
11780,SYNTHETIC SITE 02779,102779,,SYNTHETIC COMPANY 02779,1 Example Way,Nowhere,ZZ,00000,3115,2017,SYNTHETIC INDUSTRY,1,2,34,60362,2,0,0,0,0,0,0,0,0,0,0,0,0,,1/1/2025,2024
11781,SYNTHETIC SITE 02780,102780,,SYNTHETIC COMPANY 02780,1 Example Way,Nowhere,ZZ,00000,6221,2017,SYNTHETIC INDUSTRY,1,2,17,30059,2,0,0,0,0,0,0,0,0,0,0,0,0,,1/1/2025,2024
11782,SYNTHETIC SITE 02781,102781,,SYNTHETIC COMPANY 02781,1 Example Way,Nowhere,ZZ,00000,2361,2017,SYNTHETIC INDUSTRY,1,2,7,10464,2,0,0,0,0,0,0,0,0,0,0,0,0,,1/1/2025,2024
11783,SYNTHETIC SITE 02782,102782,,SYNTHETIC COMPANY 02782,1 Example Way,Nowhere,ZZ,00000,4451,2017,SYNTHETIC INDUSTRY,1,2,95,145380,2,0,0,0,0,0,0,0,0,0,0,0,0,,1/1/2025,2024
11784,SYNTHETIC SITE 02783,102783,,SYNTHETIC COMPANY 02783,1 Example Way,Nowhere,ZZ,00000,3115,2017,SYNTHETIC INDUSTRY,1,2,70,137741,2,0,0,0,0,0,0,0,0,0,0,0,0,,1/1/2025,2024
11785,SYNTHETIC SITE 02784,102784,,SYNTHETIC COMPANY 02784,1 Example Way,Nowhere,ZZ,00000,3252,2017,SYNTHETIC INDUSTRY,1,2,8,12689,2,0,0,0,0,0,0,0,0,0,0,0,0,,1/1/2025,2024
11786,SYNTHETIC SITE 02785,102785,,SYNTHETIC COMPANY 02785,1 Example Way,Nowhere,ZZ,00000,3252,2017,SYNTHETIC INDUSTRY,1,2,7,14484,2,0,0,0,0,0,0,0,0,0,0,0,0,,1/1/2025,2024
11787,SYNTHETIC SITE 02786,102786,,SYNTHETIC COMPANY 02786,1 Example Way,Nowhere,ZZ,00000,3328,2017,SYNTHETIC INDUSTRY,1,2,74,147795,2,0,0,0,0,0,0,0,0,0,0,0,0,,1/1/2025,2024
11788,SYNTHETIC SITE 02787,102787,,SYNTHETIC COMPANY 02787,1 Example Way,Nowhere,ZZ,00000,2361,2017,SYNTHETIC INDUSTRY,1,2,43,83768,1,0,2,2,1,14,8,5,0,0,0,0,0,,1/1/2025,2024
11789,SYNTHETIC SITE 02788,102788,,SYNTHETIC COMPANY 02788,1 Example Way,Nowhere,ZZ,00000,3252,2017,SYNTHETIC INDUSTRY,1,2,47,81914,1,0,2,1,3,14,4,6,0,0,0,0,0,,1/1/2025,2024
11790,SYNTHETIC SITE 02789,102789,,SYNTHETIC COMPANY 02789,1 Example Way,Nowhere,ZZ,00000,3252,2017,SYNTHETIC INDUSTRY,1,2,29,5727300000,2,0,0,0,0,0,0,0,0,0,0,0,0,,1/1/2025,2024
11791,SYNTHETIC SITE 02790,102790,,SYNTHETIC COMPANY 02790,1 Example Way,Nowhere,ZZ,00000,3328,2017,SYNTHETIC INDUSTRY,1,2,34,63792,1,0,1,0,1,7,0,2,0,0,0,0,0,,1/1/2025,2024
11792,SYNTHETIC SITE 02791,102791,,SYNTHETIC COMPANY 02791,1 Example Way,Nowhere,ZZ,00000,3252,2017,SYNTHETIC INDUSTRY,1,2,91,154044,1,0,2,1,1,14,4,4,0,0,0,0,0,,1/1/2025,2024
11793,SYNTHETIC SITE 02792,102792,,SYNTHETIC COMPANY 02792,1 Example Way,Nowhere,ZZ,00000,2361,2017,SYNTHETIC INDUSTRY,1,2,158,197560,2,0,0,0,0,0,0,0,0,0,0,0,0,,1/1/2025,2024
11794,SYNTHETIC SITE 02793,102793,,SYNTHETIC COMPANY 02793,1 Example Way,Nowhere,ZZ,00000,4451,2017,SYNTHETIC INDUSTRY,1,2,54,94121,2,0,0,0,0,0,0,0,0,0,0,0,0,,1/1/2025,2024
11795,SYNTHETIC SITE 02794,102794,,SYNTHETIC COMPANY 02794,1 Example Way,Nowhere,ZZ,00000,6221,2017,SYNTHETIC INDUSTRY,1,2,1,1829,2,0,0,0,0,0,0,0,0,0,0,0,0,,1/1/2025,2024
11796,SYNTHETIC SITE 02795,102795,,SYNTHETIC COMPANY 02795,1 Example Way,Nowhere,ZZ,00000,3115,2017,SYNTHETIC INDUSTRY,1,2,65,95675,1,0,0,1,0,0,4,1,0,0,0,0,0,,1/1/2025,2024
11797,SYNTHETIC SITE 02796,102796,,SYNTHETIC COMPANY 02796,1 Example Way,Nowhere,ZZ,00000,4841,2017,SYNTHETIC INDUSTRY,1,2,47,67970,2,0,0,0,0,0,0,0,0,0,0,0,0,,1/1/2025,2024
11798,SYNTHETIC SITE 02797,102797,,SYNTHETIC COMPANY 02797,1 Example Way,Nowhere,ZZ,00000,3328,2017,SYNTHETIC INDUSTRY,1,2,77,156303,1,0,0,3,0,0,12,3,0,0,0,0,0,,1/1/2025,2024
11799,SYNTHETIC SITE 02798,102798,,SYNTHETIC COMPANY 02798,1 Example Way,Nowhere,ZZ,00000,6221,2017,SYNTHETIC INDUSTRY,1,2,327,557565,2,0,0,0,0,0,0,0,0,0,0,0,0,,1/1/2025,2024
11800,SYNTHETIC SITE 02799,102799,,SYNTHETIC COMPANY 02799,1 Example Way,Nowhere,ZZ,00000,2361,2017,SYNTHETIC INDUSTRY,1,2,79,123275,1,0,2,0,5,14,0,7,0,0,0,0,0,,1/1/2025,2024
11801,SYNTHETIC SITE 02800,102800,,SYNTHETIC COMPANY 02800,1 Example Way,Nowhere,ZZ,00000,3115,2017,SYNTHETIC INDUSTRY,1,2,6,10697,2,0,0,0,0,0,0,0,0,0,0,0,0,,1/1/2025,2024
11802,SYNTHETIC SITE 02801,102801,,SYNTHETIC COMPANY 02801,1 Example Way,Nowhere,ZZ,00000,4841,2017,SYNTHETIC INDUSTRY,1,2,19,45852,2,0,0,0,0,0,0,0,0,0,0,0,0,,1/1/2025,2024
11803,SYNTHETIC SITE 02802,102802,,SYNTHETIC COMPANY 02802,1 Example Way,Nowhere,ZZ,00000,3115,2017,SYNTHETIC INDUSTRY,1,2,66,95215,2,0,0,0,0,0,0,0,0,0,0,0,0,,1/1/2025,2024
11804,SYNTHETIC SITE 02803,102803,,SYNTHETIC COMPANY 02803,1 Example Way,Nowhere,ZZ,00000,6221,2017,SYNTHETIC INDUSTRY,1,2,306,467318,2,0,0,0,0,0,0,0,0,0,0,0,0,,1/1/2025,2024
11805,SYNTHETIC SITE 02804,102804,,SYNTHETIC COMPANY 02804,1 Example Way,Nowhere,ZZ,00000,3115,2017,SYNTHETIC INDUSTRY,1,2,17,25626,1,0,1,1,1,7,4,3,0,0,0,0,0,,1/1/2025,2024
11806,SYNTHETIC SITE 02805,102805,,SYNTHETIC COMPANY 02805,1 Example Way,Nowhere,ZZ,00000,3115,2017,SYNTHETIC INDUSTRY,1,2,47,89320,2,0,0,0,0,0,0,0,0,0,0,0,0,,1/1/2025,2024
11807,SYNTHETIC SITE 02806,102806,,SYNTHETIC COMPANY 02806,1 Example Way,Nowhere,ZZ,00000,3328,2017,SYNTHETIC INDUSTRY,1,2,4,7174,2,0,0,0,0,0,0,0,0,0,0,0,0,,1/1/2025,2024
11808,SYNTHETIC SITE 02807,102807,,SYNTHETIC COMPANY 02807,1 Example Way,Nowhere,ZZ,00000,2361,2017,SYNTHETIC INDUSTRY,1,2,77,141549,1,0,1,0,0,7,0,1,0,0,0,0,0,,1/1/2025,2024
11809,SYNTHETIC SITE 02808,102808,,SYNTHETIC COMPANY 02808,1 Example Way,Nowhere,ZZ,00000,4841,2017,SYNTHETIC INDUSTRY,1,2,31,59268,2,0,0,0,0,0,0,0,0,0,0,0,0,,1/1/2025,2024
11810,SYNTHETIC SITE 02809,102809,,SYNTHETIC COMPANY 02809,1 Example Way,Nowhere,ZZ,00000,3115,2017,SYNTHETIC INDUSTRY,1,2,16,28949,2,0,0,0,0,0,0,0,0,0,0,0,0,,1/1/2025,2024
11811,SYNTHETIC SITE 02810,102810,,SYNTHETIC COMPANY 02810,1 Example Way,Nowhere,ZZ,00000,4841,2017,SYNTHETIC INDUSTRY,1,2,23,44564,2,0,0,0,0,0,0,0,0,0,0,0,0,,1/1/2025,2024
11812,SYNTHETIC SITE 02811,102811,,SYNTHETIC COMPANY 02811,1 Example Way,Nowhere,ZZ,00000,4451,2017,SYNTHETIC INDUSTRY,1,2,3,5387,2,0,0,0,0,0,0,0,0,0,0,0,0,,1/1/2025,2024
11813,SYNTHETIC SITE 02812,102812,,SYNTHETIC COMPANY 02812,1 Example Way,Nowhere,ZZ,00000,6221,2017,SYNTHETIC INDUSTRY,1,2,323,743550,2,0,0,0,0,0,0,0,0,0,0,0,0,,1/1/2025,2024
11814,SYNTHETIC SITE 02813,102813,,SYNTHETIC COMPANY 02813,1 Example Way,Nowhere,ZZ,00000,2361,2017,SYNTHETIC INDUSTRY,1,2,50,101092,2,0,0,0,0,0,0,0,0,0,0,0,0,,1/1/2025,2024
11815,SYNTHETIC SITE 02814,102814,,SYNTHETIC COMPANY 02814,1 Example Way,Nowhere,ZZ,00000,4841,2017,SYNTHETIC INDUSTRY,1,2,63,134800,1,0,1,0,0,7,0,1,0,0,0,0,0,,1/1/2025,2024
11816,SYNTHETIC SITE 02815,102815,,SYNTHETIC COMPANY 02815,1 Example Way,Nowhere,ZZ,00000,2361,2017,SYNTHETIC INDUSTRY,1,2,20,34540,2,0,0,0,0,0,0,0,0,0,0,0,0,,1/1/2025,2024
11817,SYNTHETIC SITE 02816,102816,,SYNTHETIC COMPANY 02816,1 Example Way,Nowhere,ZZ,00000,3252,2017,SYNTHETIC INDUSTRY,1,2,125,200667,2,0,0,0,0,0,0,0,0,0,0,0,0,,1/1/2025,2024
11818,SYNTHETIC SITE 02817,102817,,SYNTHETIC COMPANY 02817,1 Example Way,Nowhere,ZZ,00000,2361,2017,SYNTHETIC INDUSTRY,1,2,10,20541,2,0,0,0,0,0,0,0,0,0,0,0,0,,1/1/2025,2024
11819,SYNTHETIC SITE 02818,102818,,SYNTHETIC COMPANY 02818,1 Example Way,Nowhere,ZZ,00000,4451,2017,SYNTHETIC INDUSTRY,1,2,155,292204,2,0,0,0,0,0,0,0,0,0,0,0,0,,1/1/2025,2024
11820,SYNTHETIC SITE 02819,102819,,SYNTHETIC COMPANY 02819,1 Example Way,Nowhere,ZZ,00000,4841,2017,SYNTHETIC INDUSTRY,1,2,222,315851,1,0,2,0,0,14,0,2,0,0,0,0,0,,1/1/2025,2024
11821,SYNTHETIC SITE 02820,102820,,SYNTHETIC COMPANY 02820,1 Example Way,Nowhere,ZZ,00000,4451,2017,SYNTHETIC INDUSTRY,1,2,77,108201,1,0,1,0,2,7,0,3,0,0,0,0,0,,1/1/2025,2024
11822,SYNTHETIC SITE 02821,102821,,SYNTHETIC COMPANY 02821,1 Example Way,Nowhere,ZZ,00000,4841,2017,SYNTHETIC INDUSTRY,1,2,20,35988,2,0,0,0,0,0,0,0,0,0,0,0,0,,1/1/2025,2024
11823,SYNTHETIC SITE 02822,102822,,SYNTHETIC COMPANY 02822,1 Example Way,Nowhere,ZZ,00000,3251,2017,SYNTHETIC INDUSTRY,1,2,22,40970,1,0,1,0,1,7,0,2,0,0,0,0,0,,1/1/2025,2024
11824,SYNTHETIC SITE 02823,102823,,SYNTHETIC COMPANY 02823,1 Example Way,Nowhere,ZZ,00000,3115,2017,SYNTHETIC INDUSTRY,1,2,798,1533918,1,0,14,3,21,98,12,38,0,0,0,0,0,,1/1/2025,2024
11825,SYNTHETIC SITE 02824,102824,,SYNTHETIC COMPANY 02824,1 Example Way,Nowhere,ZZ,00000,4841,2017,SYNTHETIC INDUSTRY,1,2,21,32731,1,0,0,0,1,0,0,1,0,0,0,0,0,,1/1/2025,2024
11826,SYNTHETIC SITE 02825,102825,,SYNTHETIC COMPANY 02825,1 Example Way,Nowhere,ZZ,00000,3328,2017,SYNTHETIC INDUSTRY,1,2,8,14224,2,0,0,0,0,0,0,0,0,0,0,0,0,,1/1/2025,2024
11827,SYNTHETIC SITE 02826,102826,,SYNTHETIC COMPANY 02826,1 Example Way,Nowhere,ZZ,00000,4841,2017,SYNTHETIC INDUSTRY,1,2,603,971956,2,0,0,0,0,0,0,0,0,0,0,0,0,,1/1/2025,2024
11828,SYNTHETIC SITE 02827,102827,,SYNTHETIC COMPANY 02827,1 Example Way,Nowhere,ZZ,00000,3252,2017,SYNTHETIC INDUSTRY,1,2,4,6461,2,0,0,0,0,0,0,0,0,0,0,0,0,,1/1/2025,2024
11829,SYNTHETIC SITE 02828,102828,,SYNTHETIC COMPANY 02828,1 Example Way,Nowhere,ZZ,00000,2361,2017,SYNTHETIC INDUSTRY,1,2,43,117153,1,0,1,1,0,7,4,2,0,0,0,0,0,,1/1/2025,2024
11830,SYNTHETIC SITE 02829,102829,,SYNTHETIC COMPANY 02829,1 Example Way,Nowhere,ZZ,00000,4841,2017,SYNTHETIC INDUSTRY,1,2,57,92583,1,0,1,0,1,7,0,2,0,0,0,0,0,,1/1/2025,2024
11831,SYNTHETIC SITE 02830,102830,,SYNTHETIC COMPANY 02830,1 Example Way,Nowhere,ZZ,00000,3115,2017,SYNTHETIC INDUSTRY,1,2,54,105790,1,0,0,0,1,0,0,1,0,0,0,0,0,,1/1/2025,2024
11832,SYNTHETIC SITE 02831,102831,,SYNTHETIC COMPANY 02831,1 Example Way,Nowhere,ZZ,00000,3115,2017,SYNTHETIC INDUSTRY,1,2,135,193497,1,0,2,1,5,14,4,8,0,0,0,0,0,,1/1/2025,2024
11833,SYNTHETIC SITE 02832,102832,,SYNTHETIC COMPANY 02832,1 Example Way,Nowhere,ZZ,00000,3252,2017,SYNTHETIC INDUSTRY,1,2,25,41196,1,0,2,1,1,14,4,4,0,0,0,0,0,,1/1/2025,2024
11834,SYNTHETIC SITE 02833,102833,,SYNTHETIC COMPANY 02833,1 Example Way,Nowhere,ZZ,00000,2361,2017,SYNTHETIC INDUSTRY,1,2,19,39000,2,0,0,0,0,0,0,0,0,0,0,0,0,,1/1/2025,2024
11835,SYNTHETIC SITE 02834,102834,,SYNTHETIC COMPANY 02834,1 Example Way,Nowhere,ZZ,00000,4841,2017,SYNTHETIC INDUSTRY,1,2,188,366588,1,0,2,2,2,14,8,6,0,0,0,0,0,,1/1/2025,2024
11836,SYNTHETIC SITE 02835,102835,,SYNTHETIC COMPANY 02835,1 Example Way,Nowhere,ZZ,00000,4841,2017,SYNTHETIC INDUSTRY,1,2,12,20367,1,0,0,1,0,0,4,1,0,0,0,0,0,,1/1/2025,2024
11837,SYNTHETIC SITE 02836,102836,,SYNTHETIC COMPANY 02836,1 Example Way,Nowhere,ZZ,00000,3252,2017,SYNTHETIC INDUSTRY,1,2,15,25534,2,0,0,0,0,0,0,0,0,0,0,0,0,,1/1/2025,2024
11838,SYNTHETIC SITE 02837,102837,,SYNTHETIC COMPANY 02837,1 Example Way,Nowhere,ZZ,00000,3251,2017,SYNTHETIC INDUSTRY,1,2,42,61860,1,0,1,0,2,7,0,3,0,0,0,0,0,,1/1/2025,2024
11839,SYNTHETIC SITE 02838,102838,,SYNTHETIC COMPANY 02838,1 Example Way,Nowhere,ZZ,00000,2361,2017,SYNTHETIC INDUSTRY,1,2,21,38881,2,0,0,0,0,0,0,0,0,0,0,0,0,,1/1/2025,2024
11840,SYNTHETIC SITE 02839,102839,,SYNTHETIC COMPANY 02839,1 Example Way,Nowhere,ZZ,00000,4841,2017,SYNTHETIC INDUSTRY,1,2,163,270493,1,0,0,0,1,0,0,1,0,0,0,0,0,,1/1/2025,2024
11841,SYNTHETIC SITE 02840,102840,,SYNTHETIC COMPANY 02840,1 Example Way,Nowhere,ZZ,00000,3328,2017,SYNTHETIC INDUSTRY,1,2,44,83253,2,0,0,0,0,0,0,0,0,0,0,0,0,,1/1/2025,2024
11842,SYNTHETIC SITE 02841,102841,,SYNTHETIC COMPANY 02841,1 Example Way,Nowhere,ZZ,00000,3328,2017,SYNTHETIC INDUSTRY,1,2,33,53437,1,0,3,0,2,21,0,5,0,0,0,0,0,,1/1/2025,2024
11843,SYNTHETIC SITE 02842,102842,,SYNTHETIC COMPANY 02842,1 Example Way,Nowhere,ZZ,00000,4451,2017,SYNTHETIC INDUSTRY,1,2,254,486613,1,0,5,4,5,35,16,14,0,0,0,0,0,,1/1/2025,2024
11844,SYNTHETIC SITE 02843,102843,,SYNTHETIC COMPANY 02843,1 Example Way,Nowhere,ZZ,00000,4841,2017,SYNTHETIC INDUSTRY,1,2,60,116142,2,0,0,0,0,0,0,0,0,0,0,0,0,,1/1/2025,2024
11845,SYNTHETIC SITE 02844,102844,,SYNTHETIC COMPANY 02844,1 Example Way,Nowhere,ZZ,00000,2361,2017,SYNTHETIC INDUSTRY,1,2,430,801362,1,0,3,2,2,21,8,7,0,0,0,0,0,,1/1/2025,2024
11846,SYNTHETIC SITE 02845,102845,,SYNTHETIC COMPANY 02845,1 Example Way,Nowhere,ZZ,00000,4841,2017,SYNTHETIC INDUSTRY,1,2,16,25510,2,0,0,0,0,0,0,0,0,0,0,0,0,,1/1/2025,2024
11847,SYNTHETIC SITE 02846,102846,,SYNTHETIC COMPANY 02846,1 Example Way,Nowhere,ZZ,00000,4451,2017,SYNTHETIC INDUSTRY,1,2,97,206503,1,0,2,2,0,14,8,4,0,0,0,0,0,,1/1/2025,2024
11848,SYNTHETIC SITE 02847,102847,,SYNTHETIC COMPANY 02847,1 Example Way,Nowhere,ZZ,00000,3328,2017,SYNTHETIC INDUSTRY,1,2,93,170665,1,0,2,1,1,14,4,4,0,0,0,0,0,,1/1/2025,2024
11849,SYNTHETIC SITE 02848,102848,,SYNTHETIC COMPANY 02848,1 Example Way,Nowhere,ZZ,00000,2361,2017,SYNTHETIC INDUSTRY,1,2,2,4005,2,0,0,0,0,0,0,0,0,0,0,0,0,,1/1/2025,2024
11850,SYNTHETIC SITE 02849,102849,,SYNTHETIC COMPANY 02849,1 Example Way,Nowhere,ZZ,00000,4451,2017,SYNTHETIC INDUSTRY,1,2,52,87963,1,0,1,0,3,7,0,4,0,0,0,0,0,,1/1/2025,2024
11851,SYNTHETIC SITE 02850,102850,,SYNTHETIC COMPANY 02850,1 Example Way,Nowhere,ZZ,00000,2361,2017,SYNTHETIC INDUSTRY,1,2,69,109296,1,0,1,1,2,7,4,4,0,0,0,0,0,,1/1/2025,2024
11852,SYNTHETIC SITE 02851,102851,,SYNTHETIC COMPANY 02851,1 Example Way,Nowhere,ZZ,00000,4841,2017,SYNTHETIC INDUSTRY,1,2,270,597918,2,0,0,0,0,0,0,0,0,0,0,0,0,,1/1/2025,2024
11853,SYNTHETIC SITE 02852,102852,,SYNTHETIC COMPANY 02852,1 Example Way,Nowhere,ZZ,00000,3328,2017,SYNTHETIC INDUSTRY,1,2,30,57913,2,0,0,0,0,0,0,0,0,0,0,0,0,,1/1/2025,2024
11854,SYNTHETIC SITE 02853,102853,,SYNTHETIC COMPANY 02853,1 Example Way,Nowhere,ZZ,00000,4841,2017,SYNTHETIC INDUSTRY,1,2,55,101800,2,0,0,0,0,0,0,0,0,0,0,0,0,,1/1/2025,2024
11855,SYNTHETIC SITE 02854,102854,,SYNTHETIC COMPANY 02854,1 Example Way,Nowhere,ZZ,00000,3115,2017,SYNTHETIC INDUSTRY,1,2,14,26126,2,0,0,0,0,0,0,0,0,0,0,0,0,,1/1/2025,2024
11856,SYNTHETIC SITE 02855,102855,,SYNTHETIC COMPANY 02855,1 Example Way,Nowhere,ZZ,00000,3328,2017,SYNTHETIC INDUSTRY,1,2,73,144662,1,0,0,1,0,0,4,1,0,0,0,0,0,,1/1/2025,2024
11857,SYNTHETIC SITE 02856,102856,,SYNTHETIC COMPANY 02856,1 Example Way,Nowhere,ZZ,00000,4451,2017,SYNTHETIC INDUSTRY,1,2,8,16631,2,0,0,0,0,0,0,0,0,0,0,0,0,,1/1/2025,2024
11858,SYNTHETIC SITE 02857,102857,,SYNTHETIC COMPANY 02857,1 Example Way,Nowhere,ZZ,00000,3252,2017,SYNTHETIC INDUSTRY,1,2,18,37032,1,0,1,0,0,7,0,1,0,0,0,0,0,,1/1/2025,2024
11859,SYNTHETIC SITE 02858,102858,,SYNTHETIC COMPANY 02858,1 Example Way,Nowhere,ZZ,00000,4841,2017,SYNTHETIC INDUSTRY,1,2,99,195402,1,0,2,0,3,14,0,5,0,0,0,0,0,,1/1/2025,2024
11860,SYNTHETIC SITE 02859,102859,,SYNTHETIC COMPANY 02859,1 Example Way,Nowhere,ZZ,00000,3328,2017,SYNTHETIC INDUSTRY,1,2,39,70365,1,0,2,0,1,14,0,3,0,0,0,0,0,,1/1/2025,2024
11861,SYNTHETIC SITE 02860,102860,,SYNTHETIC COMPANY 02860,1 Example Way,Nowhere,ZZ,00000,3115,2017,SYNTHETIC INDUSTRY,1,2,19,39496,2,0,0,0,0,0,0,0,0,0,0,0,0,,1/1/2025,2024
11862,SYNTHETIC SITE 02861,102861,,SYNTHETIC COMPANY 02861,1 Example Way,Nowhere,ZZ,00000,3252,2017,SYNTHETIC INDUSTRY,1,2,48,67984,1,0,0,0,1,0,0,1,0,0,0,0,0,,1/1/2025,2024
11863,SYNTHETIC SITE 02862,102862,,SYNTHETIC COMPANY 02862,1 Example Way,Nowhere,ZZ,00000,3251,2017,SYNTHETIC INDUSTRY,1,2,21,38860,1,0,3,3,5,21,12,11,0,0,0,0,0,,1/1/2025,2024
11864,SYNTHETIC SITE 02863,102863,,SYNTHETIC COMPANY 02863,1 Example Way,Nowhere,ZZ,00000,4451,2017,SYNTHETIC INDUSTRY,1,2,26,49007,2,0,0,0,0,0,0,0,0,0,0,0,0,,1/1/2025,2024
11865,SYNTHETIC SITE 02864,102864,,SYNTHETIC COMPANY 02864,1 Example Way,Nowhere,ZZ,00000,6221,2017,SYNTHETIC INDUSTRY,1,2,326,378657,2,0,0,0,0,0,0,0,0,0,0,0,0,,1/1/2025,2024
11866,SYNTHETIC SITE 02865,102865,,SYNTHETIC COMPANY 02865,1 Example Way,Nowhere,ZZ,00000,4841,2017,SYNTHETIC INDUSTRY,1,2,137,270029,1,0,5,1,9,35,4,15,0,0,0,0,0,,1/1/2025,2024
11867,SYNTHETIC SITE 02866,102866,,SYNTHETIC COMPANY 02866,1 Example Way,Nowhere,ZZ,00000,4841,2017,SYNTHETIC INDUSTRY,1,2,119,253721,1,0,3,1,5,21,4,9,0,0,0,0,0,,1/1/2025,2024
11868,SYNTHETIC SITE 02867,102867,,SYNTHETIC COMPANY 02867,1 Example Way,Nowhere,ZZ,00000,3328,2017,SYNTHETIC INDUSTRY,1,2,108,170513,1,0,3,3,3,21,12,9,0,0,0,0,0,,1/1/2025,2024
11869,SYNTHETIC SITE 02868,102868,,SYNTHETIC COMPANY 02868,1 Example Way,Nowhere,ZZ,00000,3251,2017,SYNTHETIC INDUSTRY,1,2,511,816649,2,0,0,0,0,0,0,0,0,0,0,0,0,,1/1/2025,2024
11870,SYNTHETIC SITE 02869,102869,,SYNTHETIC COMPANY 02869,1 Example Way,Nowhere,ZZ,00000,4451,2017,SYNTHETIC INDUSTRY,1,2,43,68483,2,0,0,0,0,0,0,0,0,0,0,0,0,,1/1/2025,2024
11871,SYNTHETIC SITE 02870,102870,,SYNTHETIC COMPANY 02870,1 Example Way,Nowhere,ZZ,00000,4451,2017,SYNTHETIC INDUSTRY,1,2,64,128670,2,0,0,0,0,0,0,0,0,0,0,0,0,,1/1/2025,2024
11872,SYNTHETIC SITE 02871,102871,,SYNTHETIC COMPANY 02871,1 Example Way,Nowhere,ZZ,00000,3115,2017,SYNTHETIC INDUSTRY,1,2,76,134089,2,0,0,0,0,0,0,0,0,0,0,0,0,,1/1/2025,2024
11873,SYNTHETIC SITE 02872,102872,,SYNTHETIC COMPANY 02872,1 Example Way,Nowhere,ZZ,00000,6221,2017,SYNTHETIC INDUSTRY,1,2,97,146845,1,0,0,1,2,0,4,3,0,0,0,0,0,,1/1/2025,2024
11874,SYNTHETIC SITE 02873,102873,,SYNTHETIC COMPANY 02873,1 Example Way,Nowhere,ZZ,00000,3251,2017,SYNTHETIC INDUSTRY,1,2,39,71410,2,0,0,0,0,0,0,0,0,0,0,0,0,,1/1/2025,2024
11875,SYNTHETIC SITE 02874,102874,,SYNTHETIC COMPANY 02874,1 Example Way,Nowhere,ZZ,00000,3252,2017,SYNTHETIC INDUSTRY,1,2,10,13860,2,0,0,0,0,0,0,0,0,0,0,0,0,,1/1/2025,2024
11876,SYNTHETIC SITE 02875,102875,,SYNTHETIC COMPANY 02875,1 Example Way,Nowhere,ZZ,00000,4451,2017,SYNTHETIC INDUSTRY,1,2,30,63038,1,0,2,0,2,14,0,4,0,0,0,0,0,,1/1/2025,2024
11877,SYNTHETIC SITE 02876,102876,,SYNTHETIC COMPANY 02876,1 Example Way,Nowhere,ZZ,00000,2361,2017,SYNTHETIC INDUSTRY,1,2,61,118852,2,0,0,0,0,0,0,0,0,0,0,0,0,,1/1/2025,2024
11878,SYNTHETIC SITE 02877,102877,,SYNTHETIC COMPANY 02877,1 Example Way,Nowhere,ZZ,00000,3251,2017,SYNTHETIC INDUSTRY,1,2,71,140533,1,0,4,1,2,28,4,7,0,0,0,0,0,,1/1/2025,2024
11879,SYNTHETIC SITE 02878,102878,,SYNTHETIC COMPANY 02878,1 Example Way,Nowhere,ZZ,00000,2361,2017,SYNTHETIC INDUSTRY,1,2,9,20256,1,0,0,0,1,0,0,1,0,0,0,0,0,,1/1/2025,2024
11880,SYNTHETIC SITE 02879,102879,,SYNTHETIC COMPANY 02879,1 Example Way,Nowhere,ZZ,00000,2361,2017,SYNTHETIC INDUSTRY,1,2,15,26670,2,0,0,0,0,0,0,0,0,0,0,0,0,,1/1/2025,2024
11881,SYNTHETIC SITE 02880,102880,,SYNTHETIC COMPANY 02880,1 Example Way,Nowhere,ZZ,00000,6221,2017,SYNTHETIC INDUSTRY,1,2,27,61856,1,0,0,1,2,0,4,3,0,0,0,0,0,,1/1/2025,2024
11882,SYNTHETIC SITE 02881,102881,,SYNTHETIC COMPANY 02881,1 Example Way,Nowhere,ZZ,00000,6221,2017,SYNTHETIC INDUSTRY,1,2,27,63262,2,0,0,0,0,0,0,0,0,0,0,0,0,,1/1/2025,2024
11883,SYNTHETIC SITE 02882,102882,,SYNTHETIC COMPANY 02882,1 Example Way,Nowhere,ZZ,00000,3252,2017,SYNTHETIC INDUSTRY,1,2,26,53757,2,0,0,0,0,0,0,0,0,0,0,0,0,,1/1/2025,2024
11884,SYNTHETIC SITE 02883,102883,,SYNTHETIC COMPANY 02883,1 Example Way,Nowhere,ZZ,00000,6221,2017,SYNTHETIC INDUSTRY,1,2,5,6299,2,0,0,0,0,0,0,0,0,0,0,0,0,,1/1/2025,2024
11885,SYNTHETIC SITE 02884,102884,,SYNTHETIC COMPANY 02884,1 Example Way,Nowhere,ZZ,00000,4451,2017,SYNTHETIC INDUSTRY,1,2,45,681520,2,0,0,0,0,0,0,0,0,0,0,0,0,,1/1/2025,2024
11886,SYNTHETIC SITE 02885,102885,,SYNTHETIC COMPANY 02885,1 Example Way,Nowhere,ZZ,00000,3252,2017,SYNTHETIC INDUSTRY,1,2,70,140252,1,0,2,2,1,14,8,5,0,0,0,0,0,,1/1/2025,2024
11887,SYNTHETIC SITE 02886,102886,,SYNTHETIC COMPANY 02886,1 Example Way,Nowhere,ZZ,00000,6221,2017,SYNTHETIC INDUSTRY,1,2,50,107602,2,0,0,0,0,0,0,0,0,0,0,0,0,,1/1/2025,2024
11888,SYNTHETIC SITE 02887,102887,,SYNTHETIC COMPANY 02887,1 Example Way,Nowhere,ZZ,00000,3251,2017,SYNTHETIC INDUSTRY,1,2,239,515138,1,0,4,2,2,28,8,8,0,0,0,0,0,,1/1/2025,2024
11889,SYNTHETIC SITE 02888,102888,,SYNTHETIC COMPANY 02888,1 Example Way,Nowhere,ZZ,00000,6221,2017,SYNTHETIC INDUSTRY,1,2,5,6687,2,0,0,0,0,0,0,0,0,0,0,0,0,,1/1/2025,2024
11890,SYNTHETIC SITE 02889,102889,,SYNTHETIC COMPANY 02889,1 Example Way,Nowhere,ZZ,00000,3252,2017,SYNTHETIC INDUSTRY,1,2,194,286807,1,0,5,3,4,35,12,12,0,0,0,0,0,,1/1/2025,2024
11891,SYNTHETIC SITE 02890,102890,,SYNTHETIC COMPANY 02890,1 Example Way,Nowhere,ZZ,00000,6221,2017,SYNTHETIC INDUSTRY,1,2,146,226658,1,0,4,5,5,28,20,14,0,0,0,0,0,,1/1/2025,2024
11892,SYNTHETIC SITE 02891,102891,,SYNTHETIC COMPANY 02891,1 Example Way,Nowhere,ZZ,00000,2361,2017,SYNTHETIC INDUSTRY,1,2,15,25097,2,0,0,0,0,0,0,0,0,0,0,0,0,,1/1/2025,2024
11893,SYNTHETIC SITE 02892,102892,,SYNTHETIC COMPANY 02892,1 Example Way,Nowhere,ZZ,00000,3251,2017,SYNTHETIC INDUSTRY,1,2,100,183068,1,0,2,2,1,14,8,5,0,0,0,0,0,,1/1/2025,2024
11894,SYNTHETIC SITE 02893,102893,,SYNTHETIC COMPANY 02893,1 Example Way,Nowhere,ZZ,00000,4841,2017,SYNTHETIC INDUSTRY,1,2,78,146506,1,0,0,0,1,0,0,1,0,0,0,0,0,,1/1/2025,2024
11895,SYNTHETIC SITE 02894,102894,,SYNTHETIC COMPANY 02894,1 Example Way,Nowhere,ZZ,00000,3115,2017,SYNTHETIC INDUSTRY,1,2,15,25172,2,0,0,0,0,0,0,0,0,0,0,0,0,,1/1/2025,2024
11896,SYNTHETIC SITE 02895,102895,,SYNTHETIC COMPANY 02895,1 Example Way,Nowhere,ZZ,00000,2361,2017,SYNTHETIC INDUSTRY,1,2,92,142401,1,0,0,1,2,0,4,3,0,0,0,0,0,,1/1/2025,2024
11897,SYNTHETIC SITE 02896,102896,,SYNTHETIC COMPANY 02896,1 Example Way,Nowhere,ZZ,00000,3328,2017,SYNTHETIC INDUSTRY,1,2,52,95316,2,0,0,0,0,0,0,0,0,0,0,0,0,,1/1/2025,2024
11898,SYNTHETIC SITE 02897,102897,,SYNTHETIC COMPANY 02897,1 Example Way,Nowhere,ZZ,00000,4451,2017,SYNTHETIC INDUSTRY,1,2,279,588410,2,0,0,0,0,0,0,0,0,0,0,0,0,,1/1/2025,2024
11899,SYNTHETIC SITE 02898,102898,,SYNTHETIC COMPANY 02898,1 Example Way,Nowhere,ZZ,00000,3251,2017,SYNTHETIC INDUSTRY,1,2,69,134873,2,0,0,0,0,0,0,0,0,0,0,0,0,,1/1/2025,2024
11900,SYNTHETIC SITE 02899,102899,,SYNTHETIC COMPANY 02899,1 Example Way,Nowhere,ZZ,00000,3251,2017,SYNTHETIC INDUSTRY,1,2,61,107576,1,0,3,1,3,21,4,7,0,0,0,0,0,,1/1/2025,2024
11901,SYNTHETIC SITE 02900,102900,,SYNTHETIC COMPANY 02900,1 Example Way,Nowhere,ZZ,00000,6221,2017,SYNTHETIC INDUSTRY,1,2,44,70206,2,0,0,0,0,0,0,0,0,0,0,0,0,,1/1/2025,2024
11902,SYNTHETIC SITE 02901,102901,,SYNTHETIC COMPANY 02901,1 Example Way,Nowhere,ZZ,00000,4451,2017,SYNTHETIC INDUSTRY,1,2,6,7522,2,0,0,0,0,0,0,0,0,0,0,0,0,,1/1/2025,2024
11903,SYNTHETIC SITE 02902,102902,,SYNTHETIC COMPANY 02902,1 Example Way,Nowhere,ZZ,00000,4451,2017,SYNTHETIC INDUSTRY,1,2,38,72700,2,0,0,0,0,0,0,0,0,0,0,0,0,,1/1/2025,2024
11904,SYNTHETIC SITE 02903,102903,,SYNTHETIC COMPANY 02903,1 Example Way,Nowhere,ZZ,00000,3252,2017,SYNTHETIC INDUSTRY,1,2,21,44896,2,0,0,0,0,0,0,0,0,0,0,0,0,,1/1/2025,2024
11905,SYNTHETIC SITE 02904,102904,,SYNTHETIC COMPANY 02904,1 Example Way,Nowhere,ZZ,00000,3251,2017,SYNTHETIC INDUSTRY,1,2,17,29960,2,0,0,0,0,0,0,0,0,0,0,0,0,,1/1/2025,2024
11906,SYNTHETIC SITE 02905,102905,,SYNTHETIC COMPANY 02905,1 Example Way,Nowhere,ZZ,00000,3252,2017,SYNTHETIC INDUSTRY,1,2,39,9103700000,2,0,0,0,0,0,0,0,0,0,0,0,0,,1/1/2025,2024
11907,SYNTHETIC SITE 02906,102906,,SYNTHETIC COMPANY 02906,1 Example Way,Nowhere,ZZ,00000,3252,2017,SYNTHETIC INDUSTRY,1,2,16,26908,1,0,0,1,0,0,4,1,0,0,0,0,0,,1/1/2025,2024
11908,SYNTHETIC SITE 02907,102907,,SYNTHETIC COMPANY 02907,1 Example Way,Nowhere,ZZ,00000,4841,2017,SYNTHETIC INDUSTRY,1,2,27,43891,2,0,0,0,0,0,0,0,0,0,0,0,0,,1/1/2025,2024
11909,SYNTHETIC SITE 02908,102908,,SYNTHETIC COMPANY 02908,1 Example Way,Nowhere,ZZ,00000,6221,2017,SYNTHETIC INDUSTRY,1,2,187,331562,2,0,0,0,0,0,0,0,0,0,0,0,0,,1/1/2025,2024
11910,SYNTHETIC SITE 02909,102909,,SYNTHETIC COMPANY 02909,1 Example Way,Nowhere,ZZ,00000,3115,2017,SYNTHETIC INDUSTRY,1,2,10,18774,2,0,0,0,0,0,0,0,0,0,0,0,0,,1/1/2025,2024
11911,SYNTHETIC SITE 02910,102910,,SYNTHETIC COMPANY 02910,1 Example Way,Nowhere,ZZ,00000,3115,2017,SYNTHETIC INDUSTRY,1,2,55,99696,2,0,0,0,0,0,0,0,0,0,0,0,0,,1/1/2025,2024
11912,SYNTHETIC SITE 02911,102911,,SYNTHETIC COMPANY 02911,1 Example Way,Nowhere,ZZ,00000,4451,2017,SYNTHETIC INDUSTRY,1,2,76,134703,2,0,0,0,0,0,0,0,0,0,0,0,0,,1/1/2025,2024
11913,SYNTHETIC SITE 02912,102912,,SYNTHETIC COMPANY 02912,1 Example Way,Nowhere,ZZ,00000,2361,2017,SYNTHETIC INDUSTRY,1,2,3,6007,2,0,0,0,0,0,0,0,0,0,0,0,0,,1/1/2025,2024
11914,SYNTHETIC SITE 02913,102913,,SYNTHETIC COMPANY 02913,1 Example Way,Nowhere,ZZ,00000,3328,2017,SYNTHETIC INDUSTRY,1,2,49,100127,1,0,1,0,0,7,0,1,0,0,0,0,0,,1/1/2025,2024
11915,SYNTHETIC SITE 02914,102914,,SYNTHETIC COMPANY 02914,1 Example Way,Nowhere,ZZ,00000,3251,2017,SYNTHETIC INDUSTRY,1,2,46,114564,1,0,1,0,0,7,0,1,0,0,0,0,0,,1/1/2025,2024
11916,SYNTHETIC SITE 02915,102915,,SYNTHETIC COMPANY 02915,1 Example Way,Nowhere,ZZ,00000,2361,2017,SYNTHETIC INDUSTRY,1,2,181,413189,2,0,0,0,0,0,0,0,0,0,0,0,0,,1/1/2025,2024
11917,SYNTHETIC SITE 02916,102916,,SYNTHETIC COMPANY 02916,1 Example Way,Nowhere,ZZ,00000,3115,2017,SYNTHETIC INDUSTRY,1,2,72,141672,2,0,0,0,0,0,0,0,0,0,0,0,0,,1/1/2025,2024
11918,SYNTHETIC SITE 02917,102917,,SYNTHETIC COMPANY 02917,1 Example Way,Nowhere,ZZ,00000,3252,2017,SYNTHETIC INDUSTRY,1,2,142,279592,1,0,4,0,4,28,0,8,0,0,0,0,0,,1/1/2025,2024
11919,SYNTHETIC SITE 02918,102918,,SYNTHETIC COMPANY 02918,1 Example Way,Nowhere,ZZ,00000,2361,2017,SYNTHETIC INDUSTRY,1,2,19,28145,2,0,0,0,0,0,0,0,0,0,0,0,0,,1/1/2025,2024
11920,SYNTHETIC SITE 02919,102919,,SYNTHETIC COMPANY 02919,1 Example Way,Nowhere,ZZ,00000,6221,2017,SYNTHETIC INDUSTRY,1,2,49,78105,2,0,0,0,0,0,0,0,0,0,0,0,0,,1/1/2025,2024
11921,SYNTHETIC SITE 02920,102920,,SYNTHETIC COMPANY 02920,1 Example Way,Nowhere,ZZ,00000,4451,2017,SYNTHETIC INDUSTRY,1,2,81,128878,1,0,1,1,2,7,4,4,0,0,0,0,0,,1/1/2025,2024
11922,SYNTHETIC SITE 02921,102921,,SYNTHETIC COMPANY 02921,1 Example Way,Nowhere,ZZ,00000,6221,2017,SYNTHETIC INDUSTRY,1,2,42,63962,1,0,1,0,0,7,0,1,0,0,0,0,0,,1/1/2025,2024
11923,SYNTHETIC SITE 02922,102922,,SYNTHETIC COMPANY 02922,1 Example Way,Nowhere,ZZ,00000,4451,2017,SYNTHETIC INDUSTRY,1,2,12,19564,2,0,0,0,0,0,0,0,0,0,0,0,0,,1/1/2025,2024
11924,SYNTHETIC SITE 02923,102923,,SYNTHETIC COMPANY 02923,1 Example Way,Nowhere,ZZ,00000,3328,2017,SYNTHETIC INDUSTRY,1,2,5,10426,2,0,0,0,0,0,0,0,0,0,0,0,0,,1/1/2025,2024
11925,SYNTHETIC SITE 02924,102924,,SYNTHETIC COMPANY 02924,1 Example Way,Nowhere,ZZ,00000,3115,2017,SYNTHETIC INDUSTRY,1,2,115,205476,2,0,0,0,0,0,0,0,0,0,0,0,0,,1/1/2025,2024
11926,SYNTHETIC SITE 02925,102925,,SYNTHETIC COMPANY 02925,1 Example Way,Nowhere,ZZ,00000,2361,2017,SYNTHETIC INDUSTRY,1,2,413,661305,1,0,8,3,12,56,12,23,0,0,0,0,0,,1/1/2025,2024
11927,SYNTHETIC SITE 02926,102926,,SYNTHETIC COMPANY 02926,1 Example Way,Nowhere,ZZ,00000,3252,2017,SYNTHETIC INDUSTRY,1,2,65,134044,2,0,0,0,0,0,0,0,0,0,0,0,0,,1/1/2025,2024
11928,SYNTHETIC SITE 02927,102927,,SYNTHETIC COMPANY 02927,1 Example Way,Nowhere,ZZ,00000,6221,2017,SYNTHETIC INDUSTRY,1,2,263,500262,1,0,10,7,12,70,28,29,0,0,0,0,0,,1/1/2025,2024
11929,SYNTHETIC SITE 02928,102928,,SYNTHETIC COMPANY 02928,1 Example Way,Nowhere,ZZ,00000,3328,2017,SYNTHETIC INDUSTRY,1,2,235,627413,1,0,9,5,9,63,20,23,0,0,0,0,0,,1/1/2025,2024
11930,SYNTHETIC SITE 02929,102929,,SYNTHETIC COMPANY 02929,1 Example Way,Nowhere,ZZ,00000,3115,2017,SYNTHETIC INDUSTRY,1,2,194,317164,1,0,2,1,1,14,4,4,0,0,0,0,0,,1/1/2025,2024
11931,SYNTHETIC SITE 02930,102930,,SYNTHETIC COMPANY 02930,1 Example Way,Nowhere,ZZ,00000,6221,2017,SYNTHETIC INDUSTRY,1,2,171,370003,1,0,1,0,2,7,0,3,0,0,0,0,0,,1/1/2025,2024
11932,SYNTHETIC SITE 02931,102931,,SYNTHETIC COMPANY 02931,1 Example Way,Nowhere,ZZ,00000,3252,2017,SYNTHETIC INDUSTRY,1,2,80,192914,2,0,0,0,0,0,0,0,0,0,0,0,0,,1/1/2025,2024
11933,SYNTHETIC SITE 02932,102932,,SYNTHETIC COMPANY 02932,1 Example Way,Nowhere,ZZ,00000,3115,2017,SYNTHETIC INDUSTRY,1,2,15,27809,2,0,0,0,0,0,0,0,0,0,0,0,0,,1/1/2025,2024
11934,SYNTHETIC SITE 02933,102933,,SYNTHETIC COMPANY 02933,1 Example Way,Nowhere,ZZ,00000,3251,2017,SYNTHETIC INDUSTRY,1,2,22,36930,1,0,0,1,0,0,4,1,0,0,0,0,0,,1/1/2025,2024
11935,SYNTHETIC SITE 02934,102934,,SYNTHETIC COMPANY 02934,1 Example Way,Nowhere,ZZ,00000,3252,2017,SYNTHETIC INDUSTRY,1,2,151,216857,1,0,3,3,4,21,12,10,0,0,0,0,0,,1/1/2025,2024
11936,SYNTHETIC SITE 02935,102935,,SYNTHETIC COMPANY 02935,1 Example Way,Nowhere,ZZ,00000,3328,2017,SYNTHETIC INDUSTRY,1,2,49,107418,1,0,1,0,0,7,0,1,0,0,0,0,0,,1/1/2025,2024
11937,SYNTHETIC SITE 02936,102936,,SYNTHETIC COMPANY 02936,1 Example Way,Nowhere,ZZ,00000,4841,2017,SYNTHETIC INDUSTRY,1,2,36,60393,2,0,0,0,0,0,0,0,0,0,0,0,0,,1/1/2025,2024
11938,SYNTHETIC SITE 02937,102937,,SYNTHETIC COMPANY 02937,1 Example Way,Nowhere,ZZ,00000,4451,2017,SYNTHETIC INDUSTRY,1,2,33,49019,2,0,0,0,0,0,0,0,0,0,0,0,0,,1/1/2025,2024
11939,SYNTHETIC SITE 02938,102938,,SYNTHETIC COMPANY 02938,1 Example Way,Nowhere,ZZ,00000,2361,2017,SYNTHETIC INDUSTRY,1,2,29,55314,2,0,0,0,0,0,0,0,0,0,0,0,0,,1/1/2025,2024
11940,SYNTHETIC SITE 02939,102939,,SYNTHETIC COMPANY 02939,1 Example Way,Nowhere,ZZ,00000,3251,2017,SYNTHETIC INDUSTRY,1,2,51,91273,1,0,1,1,2,7,4,4,0,0,0,0,0,,1/1/2025,2024
11941,SYNTHETIC SITE 02940,102940,,SYNTHETIC COMPANY 02940,1 Example Way,Nowhere,ZZ,00000,4451,2017,SYNTHETIC INDUSTRY,1,2,317,515281,1,0,9,3,10,63,12,22,0,0,0,0,0,,1/1/2025,2024
11942,SYNTHETIC SITE 02941,102941,,SYNTHETIC COMPANY 02941,1 Example Way,Nowhere,ZZ,00000,3328,2017,SYNTHETIC INDUSTRY,1,2,37,60581,1,0,1,0,0,7,0,1,0,0,0,0,0,,1/1/2025,2024
11943,SYNTHETIC SITE 02942,102942,,SYNTHETIC COMPANY 02942,1 Example Way,Nowhere,ZZ,00000,6221,2017,SYNTHETIC INDUSTRY,1,2,121,217928,2,0,0,0,0,0,0,0,0,0,0,0,0,,1/1/2025,2024
11944,SYNTHETIC SITE 02943,102943,,SYNTHETIC COMPANY 02943,1 Example Way,Nowhere,ZZ,00000,4841,2017,SYNTHETIC INDUSTRY,1,2,34,47372,2,0,0,0,0,0,0,0,0,0,0,0,0,,1/1/2025,2024
11945,SYNTHETIC SITE 02944,102944,,SYNTHETIC COMPANY 02944,1 Example Way,Nowhere,ZZ,00000,6221,2017,SYNTHETIC INDUSTRY,1,2,29,48894,2,0,0,0,0,0,0,0,0,0,0,0,0,,1/1/2025,2024
11946,SYNTHETIC SITE 02945,102945,,SYNTHETIC COMPANY 02945,1 Example Way,Nowhere,ZZ,00000,4451,2017,SYNTHETIC INDUSTRY,1,2,11,17669,2,0,0,0,0,0,0,0,0,0,0,0,0,,1/1/2025,2024
11947,SYNTHETIC SITE 02946,102946,,SYNTHETIC COMPANY 02946,1 Example Way,Nowhere,ZZ,00000,3251,2017,SYNTHETIC INDUSTRY,1,2,54,100749,2,0,0,0,0,0,0,0,0,0,0,0,0,,1/1/2025,2024
11948,SYNTHETIC SITE 02947,102947,,SYNTHETIC COMPANY 02947,1 Example Way,Nowhere,ZZ,00000,6221,2017,SYNTHETIC INDUSTRY,1,2,22,42213,2,0,0,0,0,0,0,0,0,0,0,0,0,,1/1/2025,2024
11949,SYNTHETIC SITE 02948,102948,,SYNTHETIC COMPANY 02948,1 Example Way,Nowhere,ZZ,00000,6221,2017,SYNTHETIC INDUSTRY,1,2,38,76333,2,0,0,0,0,0,0,0,0,0,0,0,0,,1/1/2025,2024
11950,SYNTHETIC SITE 02949,102949,,SYNTHETIC COMPANY 02949,1 Example Way,Nowhere,ZZ,00000,4841,2017,SYNTHETIC INDUSTRY,1,2,37,62519,1,0,2,0,0,14,0,2,0,0,0,0,0,,1/1/2025,2024
11951,SYNTHETIC SITE 02950,102950,,SYNTHETIC COMPANY 02950,1 Example Way,Nowhere,ZZ,00000,2361,2017,SYNTHETIC INDUSTRY,1,2,6,10892,2,0,0,0,0,0,0,0,0,0,0,0,0,,1/1/2025,2024
11952,SYNTHETIC SITE 02951,102951,,SYNTHETIC COMPANY 02951,1 Example Way,Nowhere,ZZ,00000,2361,2017,SYNTHETIC INDUSTRY,1,2,18,32721,2,0,0,0,0,0,0,0,0,0,0,0,0,,1/1/2025,2024
11953,SYNTHETIC SITE 02952,102952,,SYNTHETIC COMPANY 02952,1 Example Way,Nowhere,ZZ,00000,4841,2017,SYNTHETIC INDUSTRY,1,2,265,424750,2,0,0,0,0,0,0,0,0,0,0,0,0,,1/1/2025,2024
11954,SYNTHETIC SITE 02953,102953,,SYNTHETIC COMPANY 02953,1 Example Way,Nowhere,ZZ,00000,3115,2017,SYNTHETIC INDUSTRY,1,2,126,215456,1,0,3,0,1,21,0,4,0,0,0,0,0,,1/1/2025,2024
11955,SYNTHETIC SITE 02954,102954,,SYNTHETIC COMPANY 02954,1 Example Way,Nowhere,ZZ,00000,3115,2017,SYNTHETIC INDUSTRY,1,2,155,290567,1,0,1,0,2,7,0,3,0,0,0,0,0,,1/1/2025,2024
11956,SYNTHETIC SITE 02955,102955,,SYNTHETIC COMPANY 02955,1 Example Way,Nowhere,ZZ,00000,4451,2017,SYNTHETIC INDUSTRY,1,2,72,155929,1,0,3,1,3,21,4,7,0,0,0,0,0,,1/1/2025,2024
11957,SYNTHETIC SITE 02956,102956,,SYNTHETIC COMPANY 02956,1 Example Way,Nowhere,ZZ,00000,3251,2017,SYNTHETIC INDUSTRY,1,2,74,133213,2,0,0,0,0,0,0,0,0,0,0,0,0,,1/1/2025,2024
11958,SYNTHETIC SITE 02957,102957,,SYNTHETIC COMPANY 02957,1 Example Way,Nowhere,ZZ,00000,6221,2017,SYNTHETIC INDUSTRY,1,2,115,187661,1,0,0,1,0,0,4,1,0,0,0,0,0,,1/1/2025,2024
11959,SYNTHETIC SITE 02958,102958,,SYNTHETIC COMPANY 02958,1 Example Way,Nowhere,ZZ,00000,3251,2017,SYNTHETIC INDUSTRY,1,2,87,161732,2,0,0,0,0,0,0,0,0,0,0,0,0,,1/1/2025,2024
11960,SYNTHETIC SITE 02959,102959,,SYNTHETIC COMPANY 02959,1 Example Way,Nowhere,ZZ,00000,4841,2017,SYNTHETIC INDUSTRY,1,2,10,19201,2,0,0,0,0,0,0,0,0,0,0,0,0,,1/1/2025,2024
11961,SYNTHETIC SITE 02960,102960,,SYNTHETIC COMPANY 02960,1 Example Way,Nowhere,ZZ,00000,3252,2017,SYNTHETIC INDUSTRY,1,2,198,264906,1,0,2,0,4,14,0,6,0,0,0,0,0,,1/1/2025,2024
11962,SYNTHETIC SITE 02961,102961,,SYNTHETIC COMPANY 02961,1 Example Way,Nowhere,ZZ,00000,6221,2017,SYNTHETIC INDUSTRY,1,2,223,422610,1,0,2,0,1,14,0,3,0,0,0,0,0,,1/1/2025,2024
11963,SYNTHETIC SITE 02962,102962,,SYNTHETIC COMPANY 02962,1 Example Way,Nowhere,ZZ,00000,6221,2017,SYNTHETIC INDUSTRY,1,2,51,97869,1,0,1,1,1,7,4,3,0,0,0,0,0,,1/1/2025,2024
11964,SYNTHETIC SITE 02963,102963,,SYNTHETIC COMPANY 02963,1 Example Way,Nowhere,ZZ,00000,3252,2017,SYNTHETIC INDUSTRY,1,2,188,340266,2,0,0,0,0,0,0,0,0,0,0,0,0,,1/1/2025,2024
11965,SYNTHETIC SITE 02964,102964,,SYNTHETIC COMPANY 02964,1 Example Way,Nowhere,ZZ,00000,3328,2017,SYNTHETIC INDUSTRY,1,2,10,21418,2,0,0,0,0,0,0,0,0,0,0,0,0,,1/1/2025,2024
11966,SYNTHETIC SITE 02965,102965,,SYNTHETIC COMPANY 02965,1 Example Way,Nowhere,ZZ,00000,3251,2017,SYNTHETIC INDUSTRY,1,2,29,53038,2,0,0,0,0,0,0,0,0,0,0,0,0,,1/1/2025,2024
11967,SYNTHETIC SITE 02966,102966,,SYNTHETIC COMPANY 02966,1 Example Way,Nowhere,ZZ,00000,2361,2017,SYNTHETIC INDUSTRY,1,2,149,253500,2,0,0,0,0,0,0,0,0,0,0,0,0,,1/1/2025,2024
11968,SYNTHETIC SITE 02967,102967,,SYNTHETIC COMPANY 02967,1 Example Way,Nowhere,ZZ,00000,4451,2017,SYNTHETIC INDUSTRY,1,2,41,85894,2,0,0,0,0,0,0,0,0,0,0,0,0,,1/1/2025,2024
11969,SYNTHETIC SITE 02968,102968,,SYNTHETIC COMPANY 02968,1 Example Way,Nowhere,ZZ,00000,3328,2017,SYNTHETIC INDUSTRY,1,2,3,6221,2,0,0,0,0,0,0,0,0,0,0,0,0,,1/1/2025,2024
11970,SYNTHETIC SITE 02969,102969,,SYNTHETIC COMPANY 02969,1 Example Way,Nowhere,ZZ,00000,3251,2017,SYNTHETIC INDUSTRY,1,2,18,28258,1,0,0,0,1,0,0,1,0,0,0,0,0,,1/1/2025,2024
11971,SYNTHETIC SITE 02970,102970,,SYNTHETIC COMPANY 02970,1 Example Way,Nowhere,ZZ,00000,3115,2017,SYNTHETIC INDUSTRY,1,2,6,10094,2,0,0,0,0,0,0,0,0,0,0,0,0,,1/1/2025,2024
11972,SYNTHETIC SITE 02971,102971,,SYNTHETIC COMPANY 02971,1 Example Way,Nowhere,ZZ,00000,4841,2017,SYNTHETIC INDUSTRY,1,2,35,69781,1,0,1,0,0,7,0,1,0,0,0,0,0,,1/1/2025,2024
11973,SYNTHETIC SITE 02972,102972,,SYNTHETIC COMPANY 02972,1 Example Way,Nowhere,ZZ,00000,3115,2017,SYNTHETIC INDUSTRY,1,2,204,453729,1,0,15,11,15,105,44,41,0,0,0,0,0,,1/1/2025,2024
11974,SYNTHETIC SITE 02973,102973,,SYNTHETIC COMPANY 02973,1 Example Way,Nowhere,ZZ,00000,3252,2017,SYNTHETIC INDUSTRY,1,2,43,88086,1,0,1,0,0,7,0,1,0,0,0,0,0,,1/1/2025,2024
11975,SYNTHETIC SITE 02974,102974,,SYNTHETIC COMPANY 02974,1 Example Way,Nowhere,ZZ,00000,3115,2017,SYNTHETIC INDUSTRY,1,2,132,346755,2,0,0,0,0,0,0,0,0,0,0,0,0,,1/1/2025,2024
11976,SYNTHETIC SITE 02975,102975,,SYNTHETIC COMPANY 02975,1 Example Way,Nowhere,ZZ,00000,3252,2017,SYNTHETIC INDUSTRY,1,2,7,14822,2,0,0,0,0,0,0,0,0,0,0,0,0,,1/1/2025,2024
11977,SYNTHETIC SITE 02976,102976,,SYNTHETIC COMPANY 02976,1 Example Way,Nowhere,ZZ,00000,2361,2017,SYNTHETIC INDUSTRY,1,2,34,71789,1,0,0,0,1,0,0,1,0,0,0,0,0,,1/1/2025,2024
11978,SYNTHETIC SITE 02977,102977,,SYNTHETIC COMPANY 02977,1 Example Way,Nowhere,ZZ,00000,3328,2017,SYNTHETIC INDUSTRY,1,2,43,61164,1,0,0,1,0,0,4,1,0,0,0,0,0,,1/1/2025,2024
11979,SYNTHETIC SITE 02978,102978,,SYNTHETIC COMPANY 02978,1 Example Way,Nowhere,ZZ,00000,2361,2017,SYNTHETIC INDUSTRY,1,2,201,339670,2,0,0,0,0,0,0,0,0,0,0,0,0,,1/1/2025,2024
11980,SYNTHETIC SITE 02979,102979,,SYNTHETIC COMPANY 02979,1 Example Way,Nowhere,ZZ,00000,2361,2017,SYNTHETIC INDUSTRY,1,2,45,59660,2,0,0,0,0,0,0,0,0,0,0,0,0,,1/1/2025,2024
11981,SYNTHETIC SITE 02980,102980,,SYNTHETIC COMPANY 02980,1 Example Way,Nowhere,ZZ,00000,3115,2017,SYNTHETIC INDUSTRY,1,2,161,319372,2,0,0,0,0,0,0,0,0,0,0,0,0,,1/1/2025,2024
11982,SYNTHETIC SITE 02981,102981,,SYNTHETIC COMPANY 02981,1 Example Way,Nowhere,ZZ,00000,3252,2017,SYNTHETIC INDUSTRY,1,2,33,69826,2,0,0,0,0,0,0,0,0,0,0,0,0,,1/1/2025,2024
11983,SYNTHETIC SITE 02982,102982,,SYNTHETIC COMPANY 02982,1 Example Way,Nowhere,ZZ,00000,6221,2017,SYNTHETIC INDUSTRY,1,2,85,183250,1,0,3,1,8,21,4,12,0,0,0,0,0,,1/1/2025,2024
11984,SYNTHETIC SITE 02983,102983,,SYNTHETIC COMPANY 02983,1 Example Way,Nowhere,ZZ,00000,6221,2017,SYNTHETIC INDUSTRY,1,2,3,6386,2,0,0,0,0,0,0,0,0,0,0,0,0,,1/1/2025,2024
11985,SYNTHETIC SITE 02984,102984,,SYNTHETIC COMPANY 02984,1 Example Way,Nowhere,ZZ,00000,3251,2017,SYNTHETIC INDUSTRY,1,2,49,76436,1,0,2,0,2,14,0,4,0,0,0,0,0,,1/1/2025,2024
11986,SYNTHETIC SITE 02985,102985,,SYNTHETIC COMPANY 02985,1 Example Way,Nowhere,ZZ,00000,2361,2017,SYNTHETIC INDUSTRY,1,2,11,26527,2,0,0,0,0,0,0,0,0,0,0,0,0,,1/1/2025,2024
11987,SYNTHETIC SITE 02986,102986,,SYNTHETIC COMPANY 02986,1 Example Way,Nowhere,ZZ,00000,4841,2017,SYNTHETIC INDUSTRY,1,2,34,53304,2,0,0,0,0,0,0,0,0,0,0,0,0,,1/1/2025,2024
11988,SYNTHETIC SITE 02987,102987,,SYNTHETIC COMPANY 02987,1 Example Way,Nowhere,ZZ,00000,4451,2017,SYNTHETIC INDUSTRY,1,2,69,139002,1,0,2,0,3,14,0,5,0,0,0,0,0,,1/1/2025,2024
11989,SYNTHETIC SITE 02988,102988,,SYNTHETIC COMPANY 02988,1 Example Way,Nowhere,ZZ,00000,3115,2017,SYNTHETIC INDUSTRY,1,2,147,281854,2,0,0,0,0,0,0,0,0,0,0,0,0,,1/1/2025,2024
11990,SYNTHETIC SITE 02989,102989,,SYNTHETIC COMPANY 02989,1 Example Way,Nowhere,ZZ,00000,3115,2017,SYNTHETIC INDUSTRY,1,2,13,25975,1,0,0,1,3,0,4,4,0,0,0,0,0,,1/1/2025,2024
11991,SYNTHETIC SITE 02990,102990,,SYNTHETIC COMPANY 02990,1 Example Way,Nowhere,ZZ,00000,3328,2017,SYNTHETIC INDUSTRY,1,2,38,678540,2,0,0,0,0,0,0,0,0,0,0,0,0,,1/1/2025,2024
11992,SYNTHETIC SITE 02991,102991,,SYNTHETIC COMPANY 02991,1 Example Way,Nowhere,ZZ,00000,4841,2017,SYNTHETIC INDUSTRY,1,2,9,16068,2,0,0,0,0,0,0,0,0,0,0,0,0,,1/1/2025,2024
11993,SYNTHETIC SITE 02992,102992,,SYNTHETIC COMPANY 02992,1 Example Way,Nowhere,ZZ,00000,3251,2017,SYNTHETIC INDUSTRY,1,2,32,59028,2,0,0,0,0,0,0,0,0,0,0,0,0,,1/1/2025,2024
11994,SYNTHETIC SITE 02993,102993,,SYNTHETIC COMPANY 02993,1 Example Way,Nowhere,ZZ,00000,3328,2017,SYNTHETIC INDUSTRY,1,2,280,469157,1,0,7,2,13,49,8,22,0,0,0,0,0,,1/1/2025,2024
11995,SYNTHETIC SITE 02994,102994,,SYNTHETIC COMPANY 02994,1 Example Way,Nowhere,ZZ,00000,3115,2017,SYNTHETIC INDUSTRY,1,2,5,8649,2,0,0,0,0,0,0,0,0,0,0,0,0,,1/1/2025,2024
11996,SYNTHETIC SITE 02995,102995,,SYNTHETIC COMPANY 02995,1 Example Way,Nowhere,ZZ,00000,3328,2017,SYNTHETIC INDUSTRY,1,2,71,114284,2,0,0,0,0,0,0,0,0,0,0,0,0,,1/1/2025,2024
11997,SYNTHETIC SITE 02996,102996,,SYNTHETIC COMPANY 02996,1 Example Way,Nowhere,ZZ,00000,6221,2017,SYNTHETIC INDUSTRY,1,2,56,102801,1,0,1,1,0,7,4,2,0,0,0,0,0,,1/1/2025,2024
11998,SYNTHETIC SITE 02997,102997,,SYNTHETIC COMPANY 02997,1 Example Way,Nowhere,ZZ,00000,3115,2017,SYNTHETIC INDUSTRY,1,2,32,64146,2,0,0,0,0,0,0,0,0,0,0,0,0,,1/1/2025,2024
11999,SYNTHETIC SITE 02998,102998,,SYNTHETIC COMPANY 02998,1 Example Way,Nowhere,ZZ,00000,4841,2017,SYNTHETIC INDUSTRY,1,2,73,1584080,1,0,1,0,0,7,0,1,0,0,0,0,0,,1/1/2025,2024
12000,SYNTHETIC SITE 02999,102999,,SYNTHETIC COMPANY 02999,1 Example Way,Nowhere,ZZ,00000,3328,2017,SYNTHETIC INDUSTRY,1,2,24,31278,1,0,0,1,0,0,4,1,0,0,0,0,0,,1/1/2025,2024
