id,company_name,establishment_name,ein,street_address,city,state,zip_code,naics_code,industry_description,annual_average_employees,total_hours_worked,no_injuries_illnesses,total_deaths,total_dafw_cases,total_djtr_cases,total_other_cases,total_dafw_days,total_djtr_days,total_injuries,total_poisonings,total_respiratory_conditions,total_skin_disorders,total_hearing_loss,total_other_illnesses,establishment_id,establishment_type,size,year_filing_for,created_timestamp,change_reason
3001,SYNTHETIC COMPANY 00000,SYNTHETIC SITE 00000,,1 Example Way,Nowhere,ZZ,00000,2361,SYNTHETIC INDUSTRY,149,295930,1,0,4,4,2,28,16,10,0,0,0,0,0,100000,1,2,2022,1/1/2023,
3002,SYNTHETIC COMPANY 00001,SYNTHETIC SITE 00001,,1 Example Way,Nowhere,ZZ,00000,3115,SYNTHETIC INDUSTRY,12,26354,2,0,0,0,0,0,0,0,0,0,0,0,0,100001,1,2,2022,1/1/2023,
3003,SYNTHETIC COMPANY 00002,SYNTHETIC SITE 00002,,1 Example Way,Nowhere,ZZ,00000,3252,SYNTHETIC INDUSTRY,23,28852,2,0,0,0,0,0,0,0,0,0,0,0,0,100002,1,2,2022,1/1/2023,
3004,SYNTHETIC COMPANY 00003,SYNTHETIC SITE 00003,,1 Example Way,Nowhere,ZZ,00000,3115,SYNTHETIC INDUSTRY,75,158486,2,0,0,0,0,0,0,0,0,0,0,0,0,100003,1,2,2022,1/1/2023,
3005,SYNTHETIC COMPANY 00004,SYNTHETIC SITE 00004,,1 Example Way,Nowhere,ZZ,00000,2361,SYNTHETIC INDUSTRY,9,13647,2,0,0,0,0,0,0,0,0,0,0,0,0,100004,1,2,2022,1/1/2023,
3006,SYNTHETIC COMPANY 00005,SYNTHETIC SITE 00005,,1 Example Way,Nowhere,ZZ,00000,3251,SYNTHETIC INDUSTRY,9,15141,2,0,0,0,0,0,0,0,0,0,0,0,0,100005,1,2,2022,1/1/2023,
3007,SYNTHETIC COMPANY 00006,SYNTHETIC SITE 00006,,1 Example Way,Nowhere,ZZ,00000,3252,SYNTHETIC INDUSTRY,71,155733,2,0,0,0,0,0,0,0,0,0,0,0,0,100006,1,2,2022,1/1/2023,
3008,SYNTHETIC COMPANY 00007,SYNTHETIC SITE 00007,,1 Example Way,Nowhere,ZZ,00000,3328,SYNTHETIC INDUSTRY,188,409589,1,0,4,2,10,28,8,16,0,0,0,0,0,100007,1,2,2022,1/1/2023,
3009,SYNTHETIC COMPANY 00008,SYNTHETIC SITE 00008,,1 Example Way,Nowhere,ZZ,00000,6221,SYNTHETIC INDUSTRY,7,11397,2,0,0,0,0,0,0,0,0,0,0,0,0,100008,1,2,2022,1/1/2023,
3010,SYNTHETIC COMPANY 00009,SYNTHETIC SITE 00009,,1 Example Way,Nowhere,ZZ,00000,3328,SYNTHETIC INDUSTRY,150,301788,2,0,0,0,0,0,0,0,0,0,0,0,0,100009,1,2,2022,1/1/2023,
3011,SYNTHETIC COMPANY 00010,SYNTHETIC SITE 00010,,1 Example Way,Nowhere,ZZ,00000,4841,SYNTHETIC INDUSTRY,220,374974,2,0,0,0,0,0,0,0,0,0,0,0,0,100010,1,2,2022,1/1/2023,
3012,SYNTHETIC COMPANY 00011,SYNTHETIC SITE 00011,,1 Example Way,Nowhere,ZZ,00000,4841,SYNTHETIC INDUSTRY,47,95091,1,0,1,1,3,7,4,5,0,0,0,0,0,100011,1,2,2022,1/1/2023,
3013,SYNTHETIC COMPANY 00012,SYNTHETIC SITE 00012,,1 Example Way,Nowhere,ZZ,00000,3252,SYNTHETIC INDUSTRY,195,389978,2,0,0,0,0,0,0,0,0,0,0,0,0,100012,1,2,2022,1/1/2023,
3014,SYNTHETIC COMPANY 00013,SYNTHETIC SITE 00013,,1 Example Way,Nowhere,ZZ,00000,6221,SYNTHETIC INDUSTRY,249,497713,1,0,22,13,16,154,52,51,0,0,0,0,0,100013,1,2,2022,1/1/2023,
3015,SYNTHETIC COMPANY 00014,SYNTHETIC SITE 00014,,1 Example Way,Nowhere,ZZ,00000,3328,SYNTHETIC INDUSTRY,121,181742,1,0,2,2,3,14,8,7,0,0,0,0,0,100014,1,2,2022,1/1/2023,
3016,SYNTHETIC COMPANY 00015,SYNTHETIC SITE 00015,,1 Example Way,Nowhere,ZZ,00000,6221,SYNTHETIC INDUSTRY,114,148055,2,0,0,0,0,0,0,0,0,0,0,0,0,100015,1,2,2022,1/1/2023,
3017,SYNTHETIC COMPANY 00016,SYNTHETIC SITE 00016,,1 Example Way,Nowhere,ZZ,00000,4451,SYNTHETIC INDUSTRY,27,59896,2,0,0,0,0,0,0,0,0,0,0,0,0,100016,1,2,2022,1/1/2023,
3018,SYNTHETIC COMPANY 00017,SYNTHETIC SITE 00017,,1 Example Way,Nowhere,ZZ,00000,3252,SYNTHETIC INDUSTRY,13,30235,2,0,0,0,0,0,0,0,0,0,0,0,0,100017,1,2,2022,1/1/2023,
3019,SYNTHETIC COMPANY 00018,SYNTHETIC SITE 00018,,1 Example Way,Nowhere,ZZ,00000,4451,SYNTHETIC INDUSTRY,8,12062,2,0,0,0,0,0,0,0,0,0,0,0,0,100018,1,2,2022,1/1/2023,
3020,SYNTHETIC COMPANY 00019,SYNTHETIC SITE 00019,,1 Example Way,Nowhere,ZZ,00000,3251,SYNTHETIC INDUSTRY,4,5282,1,0,1,0,0,7,0,1,0,0,0,0,0,100019,1,2,2022,1/1/2023,
3021,SYNTHETIC COMPANY 00020,SYNTHETIC SITE 00020,,1 Example Way,Nowhere,ZZ,00000,4451,SYNTHETIC INDUSTRY,20,37647,2,0,0,0,0,0,0,0,0,0,0,0,0,100020,1,2,2022,1/1/2023,
3022,SYNTHETIC COMPANY 00021,SYNTHETIC SITE 00021,,1 Example Way,Nowhere,ZZ,00000,3115,SYNTHETIC INDUSTRY,65,132611,1,0,1,1,2,7,4,4,0,0,0,0,0,100021,1,2,2022,1/1/2023,
3023,SYNTHETIC COMPANY 00022,SYNTHETIC SITE 00022,,1 Example Way,Nowhere,ZZ,00000,2361,SYNTHETIC INDUSTRY,405,603918,1,0,2,2,3,14,8,7,0,0,0,0,0,100022,1,2,2022,1/1/2023,
3024,SYNTHETIC COMPANY 00023,SYNTHETIC SITE 00023,,1 Example Way,Nowhere,ZZ,00000,4841,SYNTHETIC INDUSTRY,77,126170,1,0,1,0,3,7,0,4,0,0,0,0,0,100023,1,2,2022,1/1/2023,
3025,SYNTHETIC COMPANY 00024,SYNTHETIC SITE 00024,,1 Example Way,Nowhere,ZZ,00000,3251,SYNTHETIC INDUSTRY,47,90616,2,0,0,0,0,0,0,0,0,0,0,0,0,100024,1,2,2022,1/1/2023,
3026,SYNTHETIC COMPANY 00025,SYNTHETIC SITE 00025,,1 Example Way,Nowhere,ZZ,00000,3251,SYNTHETIC INDUSTRY,3,5647,1,0,1,1,0,7,4,2,0,0,0,0,0,100025,1,2,2022,1/1/2023,
3027,SYNTHETIC COMPANY 00026,SYNTHETIC SITE 00026,,1 Example Way,Nowhere,ZZ,00000,3251,SYNTHETIC INDUSTRY,36,62284,2,0,0,0,0,0,0,0,0,0,0,0,0,100026,1,2,2022,1/1/2023,
3028,SYNTHETIC COMPANY 00027,SYNTHETIC SITE 00027,,1 Example Way,Nowhere,ZZ,00000,4841,SYNTHETIC INDUSTRY,68,126817,1,0,1,0,0,7,0,1,0,0,0,0,0,100027,1,2,2022,1/1/2023,
3029,SYNTHETIC COMPANY 00028,SYNTHETIC SITE 00028,,1 Example Way,Nowhere,ZZ,00000,4841,SYNTHETIC INDUSTRY,7,1340100,2,0,0,0,0,0,0,0,0,0,0,0,0,100028,1,2,2022,1/1/2023,
3030,SYNTHETIC COMPANY 00029,SYNTHETIC SITE 00029,,1 Example Way,Nowhere,ZZ,00000,3251,SYNTHETIC INDUSTRY,279,510079,1,0,3,2,0,21,8,5,0,0,0,0,0,100029,1,2,2022,1/1/2023,
3031,SYNTHETIC COMPANY 00030,SYNTHETIC SITE 00030,,1 Example Way,Nowhere,ZZ,00000,4841,SYNTHETIC INDUSTRY,35,7209500,2,0,0,0,0,0,0,0,0,0,0,0,0,100030,1,2,2022,1/1/2023,
3032,SYNTHETIC COMPANY 00031,SYNTHETIC SITE 00031,,1 Example Way,Nowhere,ZZ,00000,3328,SYNTHETIC INDUSTRY,34,49897,1,0,0,0,1,0,0,1,0,0,0,0,0,100031,1,2,2022,1/1/2023,
3033,SYNTHETIC COMPANY 00032,SYNTHETIC SITE 00032,,1 Example Way,Nowhere,ZZ,00000,3115,SYNTHETIC INDUSTRY,52,100128,2,0,0,0,0,0,0,0,0,0,0,0,0,100032,1,2,2022,1/1/2023,
3034,SYNTHETIC COMPANY 00033,SYNTHETIC SITE 00033,,1 Example Way,Nowhere,ZZ,00000,3115,SYNTHETIC INDUSTRY,47,92203,2,0,0,0,0,0,0,0,0,0,0,0,0,100033,1,2,2022,1/1/2023,
3035,SYNTHETIC COMPANY 00034,SYNTHETIC SITE 00034,,1 Example Way,Nowhere,ZZ,00000,3251,SYNTHETIC INDUSTRY,28,50576,2,0,0,0,0,0,0,0,0,0,0,0,0,100034,1,2,2022,1/1/2023,
3036,SYNTHETIC COMPANY 00035,SYNTHETIC SITE 00035,,1 Example Way,Nowhere,ZZ,00000,2361,SYNTHETIC INDUSTRY,21,36246,2,0,0,0,0,0,0,0,0,0,0,0,0,100035,1,2,2022,1/1/2023,
3037,SYNTHETIC COMPANY 00036,SYNTHETIC SITE 00036,,1 Example Way,Nowhere,ZZ,00000,3115,SYNTHETIC INDUSTRY,14,26599,1,0,1,0,0,7,0,1,0,0,0,0,0,100036,1,2,2022,1/1/2023,
3038,SYNTHETIC COMPANY 00037,SYNTHETIC SITE 00037,,1 Example Way,Nowhere,ZZ,00000,3328,SYNTHETIC INDUSTRY,4,7510,2,0,0,0,0,0,0,0,0,0,0,0,0,100037,1,2,2022,1/1/2023,
3039,SYNTHETIC COMPANY 00038,SYNTHETIC SITE 00038,,1 Example Way,Nowhere,ZZ,00000,3115,SYNTHETIC INDUSTRY,14,22609,2,0,0,0,0,0,0,0,0,0,0,0,0,100038,1,2,2022,1/1/2023,
3040,SYNTHETIC COMPANY 00039,SYNTHETIC SITE 00039,,1 Example Way,Nowhere,ZZ,00000,3328,SYNTHETIC INDUSTRY,87,149783,1,0,0,0,1,0,0,1,0,0,0,0,0,100039,1,2,2022,1/1/2023,
3041,SYNTHETIC COMPANY 00040,SYNTHETIC SITE 00040,,1 Example Way,Nowhere,ZZ,00000,4841,SYNTHETIC INDUSTRY,20,34384,1,0,0,0,1,0,0,1,0,0,0,0,0,100040,1,2,2022,1/1/2023,
3042,SYNTHETIC COMPANY 00041,SYNTHETIC SITE 00041,,1 Example Way,Nowhere,ZZ,00000,3251,SYNTHETIC INDUSTRY,88,166350,2,0,0,0,0,0,0,0,0,0,0,0,0,100041,1,2,2022,1/1/2023,
3043,SYNTHETIC COMPANY 00042,SYNTHETIC SITE 00042,,1 Example Way,Nowhere,ZZ,00000,3115,SYNTHETIC INDUSTRY,25,50138,2,0,0,0,0,0,0,0,0,0,0,0,0,100042,1,2,2022,1/1/2023,
3044,SYNTHETIC COMPANY 00043,SYNTHETIC SITE 00043,,1 Example Way,Nowhere,ZZ,00000,3328,SYNTHETIC INDUSTRY,48,78580,1,0,5,2,5,35,8,12,0,0,0,0,0,100043,1,2,2022,1/1/2023,
3045,SYNTHETIC COMPANY 00044,SYNTHETIC SITE 00044,,1 Example Way,Nowhere,ZZ,00000,3252,SYNTHETIC INDUSTRY,30,47271,2,0,0,0,0,0,0,0,0,0,0,0,0,100044,1,2,2022,1/1/2023,
3046,SYNTHETIC COMPANY 00045,SYNTHETIC SITE 00045,,1 Example Way,Nowhere,ZZ,00000,6221,SYNTHETIC INDUSTRY,244,491101,1,0,0,1,0,0,4,1,0,0,0,0,0,100045,1,2,2022,1/1/2023,
3047,SYNTHETIC COMPANY 00046,SYNTHETIC SITE 00046,,1 Example Way,Nowhere,ZZ,00000,2361,SYNTHETIC INDUSTRY,4,8403,2,0,0,0,0,0,0,0,0,0,0,0,0,100046,1,2,2022,1/1/2023,
3048,SYNTHETIC COMPANY 00047,SYNTHETIC SITE 00047,,1 Example Way,Nowhere,ZZ,00000,3252,SYNTHETIC INDUSTRY,57,100717,1,0,1,0,0,7,0,1,0,0,0,0,0,100047,1,2,2022,1/1/2023,
3049,SYNTHETIC COMPANY 00048,SYNTHETIC SITE 00048,,1 Example Way,Nowhere,ZZ,00000,4451,SYNTHETIC INDUSTRY,23,32067,2,0,0,0,0,0,0,0,0,0,0,0,0,100048,1,2,2022,1/1/2023,
3050,SYNTHETIC COMPANY 00049,SYNTHETIC SITE 00049,,1 Example Way,Nowhere,ZZ,00000,3115,SYNTHETIC INDUSTRY,92,150496,1,0,1,4,3,7,16,8,0,0,0,0,0,100049,1,2,2022,1/1/2023,
3051,SYNTHETIC COMPANY 00050,SYNTHETIC SITE 00050,,1 Example Way,Nowhere,ZZ,00000,6221,SYNTHETIC INDUSTRY,179,335666,1,0,1,1,1,7,4,3,0,0,0,0,0,100050,1,2,2022,1/1/2023,
3052,SYNTHETIC COMPANY 00051,SYNTHETIC SITE 00051,,1 Example Way,Nowhere,ZZ,00000,6221,SYNTHETIC INDUSTRY,8,15683,2,0,0,0,0,0,0,0,0,0,0,0,0,100051,1,2,2022,1/1/2023,
3053,SYNTHETIC COMPANY 00052,SYNTHETIC SITE 00052,,1 Example Way,Nowhere,ZZ,00000,3252,SYNTHETIC INDUSTRY,44,86916,2,0,0,0,0,0,0,0,0,0,0,0,0,100052,1,2,2022,1/1/2023,
3054,SYNTHETIC COMPANY 00053,SYNTHETIC SITE 00053,,1 Example Way,Nowhere,ZZ,00000,6221,SYNTHETIC INDUSTRY,128,217615,2,0,0,0,0,0,0,0,0,0,0,0,0,100053,1,2,2022,1/1/2023,
3055,SYNTHETIC COMPANY 00054,SYNTHETIC SITE 00054,,1 Example Way,Nowhere,ZZ,00000,3328,SYNTHETIC INDUSTRY,241,413520,2,0,0,0,0,0,0,0,0,0,0,0,0,100054,1,2,2022,1/1/2023,
3056,SYNTHETIC COMPANY 00055,SYNTHETIC SITE 00055,,1 Example Way,Nowhere,ZZ,00000,3115,SYNTHETIC INDUSTRY,762,1096282,2,0,0,0,0,0,0,0,0,0,0,0,0,100055,1,2,2022,1/1/2023,
3057,SYNTHETIC COMPANY 00056,SYNTHETIC SITE 00056,,1 Example Way,Nowhere,ZZ,00000,6221,SYNTHETIC INDUSTRY,9,13392,2,0,0,0,0,0,0,0,0,0,0,0,0,100056,1,2,2022,1/1/2023,
3058,SYNTHETIC COMPANY 00057,SYNTHETIC SITE 00057,,1 Example Way,Nowhere,ZZ,00000,3251,SYNTHETIC INDUSTRY,62,102737,1,0,1,0,0,7,0,1,0,0,0,0,0,100057,1,2,2022,1/1/2023,
3059,SYNTHETIC COMPANY 00058,SYNTHETIC SITE 00058,,1 Example Way,Nowhere,ZZ,00000,6221,SYNTHETIC INDUSTRY,19,30513,2,0,0,0,0,0,0,0,0,0,0,0,0,100058,1,2,2022,1/1/2023,
3060,SYNTHETIC COMPANY 00059,SYNTHETIC SITE 00059,,1 Example Way,Nowhere,ZZ,00000,3328,SYNTHETIC INDUSTRY,83,154396,2,0,0,0,0,0,0,0,0,0,0,0,0,100059,1,2,2022,1/1/2023,
3061,SYNTHETIC COMPANY 00060,SYNTHETIC SITE 00060,,1 Example Way,Nowhere,ZZ,00000,3251,SYNTHETIC INDUSTRY,96,164737,1,0,0,1,0,0,4,1,0,0,0,0,0,100060,1,2,2022,1/1/2023,
3062,SYNTHETIC COMPANY 00061,SYNTHETIC SITE 00061,,1 Example Way,Nowhere,ZZ,00000,2361,SYNTHETIC INDUSTRY,93,150756,1,0,1,0,0,7,0,1,0,0,0,0,0,100061,1,2,2022,1/1/2023,
3063,SYNTHETIC COMPANY 00062,SYNTHETIC SITE 00062,,1 Example Way,Nowhere,ZZ,00000,2361,SYNTHETIC INDUSTRY,77,158598,2,0,0,0,0,0,0,0,0,0,0,0,0,100062,1,2,2022,1/1/2023,
3064,SYNTHETIC COMPANY 00063,SYNTHETIC SITE 00063,,1 Example Way,Nowhere,ZZ,00000,2361,SYNTHETIC INDUSTRY,78,123151,1,0,2,2,0,14,8,4,0,0,0,0,0,100063,1,2,2022,1/1/2023,
3065,SYNTHETIC COMPANY 00064,SYNTHETIC SITE 00064,,1 Example Way,Nowhere,ZZ,00000,3251,SYNTHETIC INDUSTRY,58,104987,2,0,0,0,0,0,0,0,0,0,0,0,0,100064,1,2,2022,1/1/2023,
3066,SYNTHETIC COMPANY 00065,SYNTHETIC SITE 00065,,1 Example Way,Nowhere,ZZ,00000,2361,SYNTHETIC INDUSTRY,364,593825,1,0,4,4,4,28,16,12,0,0,0,0,0,100065,1,2,2022,1/1/2023,
3067,SYNTHETIC COMPANY 00066,SYNTHETIC SITE 00066,,1 Example Way,Nowhere,ZZ,00000,3251,SYNTHETIC INDUSTRY,420,758782,1,0,4,2,6,28,8,12,0,0,0,0,0,100066,1,2,2022,1/1/2023,
3068,SYNTHETIC COMPANY 00067,SYNTHETIC SITE 00067,,1 Example Way,Nowhere,ZZ,00000,3328,SYNTHETIC INDUSTRY,170,323743,2,0,0,0,0,0,0,0,0,0,0,0,0,100067,1,2,2022,1/1/2023,
3069,SYNTHETIC COMPANY 00068,SYNTHETIC SITE 00068,,1 Example Way,Nowhere,ZZ,00000,4841,SYNTHETIC INDUSTRY,75,103918,1,0,1,0,0,7,0,1,0,0,0,0,0,100068,1,2,2022,1/1/2023,
3070,SYNTHETIC COMPANY 00069,SYNTHETIC SITE 00069,,1 Example Way,Nowhere,ZZ,00000,2361,SYNTHETIC INDUSTRY,66,94293,2,0,0,0,0,0,0,0,0,0,0,0,0,100069,1,2,2022,1/1/2023,
3071,SYNTHETIC COMPANY 00070,SYNTHETIC SITE 00070,,1 Example Way,Nowhere,ZZ,00000,2361,SYNTHETIC INDUSTRY,94,182747,1,0,0,1,1,0,4,2,0,0,0,0,0,100070,1,2,2022,1/1/2023,
3072,SYNTHETIC COMPANY 00071,SYNTHETIC SITE 00071,,1 Example Way,Nowhere,ZZ,00000,3252,SYNTHETIC INDUSTRY,52,91086,2,0,0,0,0,0,0,0,0,0,0,0,0,100071,1,2,2022,1/1/2023,
3073,SYNTHETIC COMPANY 00072,SYNTHETIC SITE 00072,,1 Example Way,Nowhere,ZZ,00000,3115,SYNTHETIC INDUSTRY,130,263160,1,0,1,0,1,7,0,2,0,0,0,0,0,100072,1,2,2022,1/1/2023,
3074,SYNTHETIC COMPANY 00073,SYNTHETIC SITE 00073,,1 Example Way,Nowhere,ZZ,00000,3328,SYNTHETIC INDUSTRY,390,760766,1,0,0,3,0,0,12,3,0,0,0,0,0,100073,1,2,2022,1/1/2023,
3075,SYNTHETIC COMPANY 00074,SYNTHETIC SITE 00074,,1 Example Way,Nowhere,ZZ,00000,2361,SYNTHETIC INDUSTRY,62,121410,1,0,0,0,2,0,0,2,0,0,0,0,0,100074,1,2,2022,1/1/2023,
3076,SYNTHETIC COMPANY 00075,SYNTHETIC SITE 00075,,1 Example Way,Nowhere,ZZ,00000,4841,SYNTHETIC INDUSTRY,172,332508,2,0,0,0,0,0,0,0,0,0,0,0,0,100075,1,2,2022,1/1/2023,
3077,SYNTHETIC COMPANY 00076,SYNTHETIC SITE 00076,,1 Example Way,Nowhere,ZZ,00000,3115,SYNTHETIC INDUSTRY,382,716837,1,0,28,18,34,196,72,80,0,0,0,0,0,100076,1,2,2022,1/1/2023,
3078,SYNTHETIC COMPANY 00077,SYNTHETIC SITE 00077,,1 Example Way,Nowhere,ZZ,00000,3251,SYNTHETIC INDUSTRY,271,556261,1,0,5,2,9,35,8,16,0,0,0,0,0,100077,1,2,2022,1/1/2023,
3079,SYNTHETIC COMPANY 00078,SYNTHETIC SITE 00078,,1 Example Way,Nowhere,ZZ,00000,6221,SYNTHETIC INDUSTRY,1773,3225232,1,0,16,6,17,112,24,39,0,0,0,0,0,100078,1,2,2022,1/1/2023,
3080,SYNTHETIC COMPANY 00079,SYNTHETIC SITE 00079,,1 Example Way,Nowhere,ZZ,00000,4451,SYNTHETIC INDUSTRY,129,214747,2,0,0,0,0,0,0,0,0,0,0,0,0,100079,1,2,2022,1/1/2023,
3081,SYNTHETIC COMPANY 00080,SYNTHETIC SITE 00080,,1 Example Way,Nowhere,ZZ,00000,3328,SYNTHETIC INDUSTRY,663,1494774,1,0,1,0,0,7,0,1,0,0,0,0,0,100080,1,2,2022,1/1/2023,
3082,SYNTHETIC COMPANY 00081,SYNTHETIC SITE 00081,,1 Example Way,Nowhere,ZZ,00000,3252,SYNTHETIC INDUSTRY,5,7300,2,0,0,0,0,0,0,0,0,0,0,0,0,100081,1,2,2022,1/1/2023,
3083,SYNTHETIC COMPANY 00082,SYNTHETIC SITE 00082,,1 Example Way,Nowhere,ZZ,00000,3252,SYNTHETIC INDUSTRY,148,259542,1,0,3,1,2,21,4,6,0,0,0,0,0,100082,1,2,2022,1/1/2023,
3084,SYNTHETIC COMPANY 00083,SYNTHETIC SITE 00083,,1 Example Way,Nowhere,ZZ,00000,3252,SYNTHETIC INDUSTRY,76,116759,1,0,0,0,3,0,0,3,0,0,0,0,0,100083,1,2,2022,1/1/2023,
3085,SYNTHETIC COMPANY 00084,SYNTHETIC SITE 00084,,1 Example Way,Nowhere,ZZ,00000,3251,SYNTHETIC INDUSTRY,20,39718,2,0,0,0,0,0,0,0,0,0,0,0,0,100084,1,2,2022,1/1/2023,
3086,SYNTHETIC COMPANY 00085,SYNTHETIC SITE 00085,,1 Example Way,Nowhere,ZZ,00000,4451,SYNTHETIC INDUSTRY,256,465602,2,0,0,0,0,0,0,0,0,0,0,0,0,100085,1,2,2022,1/1/2023,
3087,SYNTHETIC COMPANY 00086,SYNTHETIC SITE 00086,,1 Example Way,Nowhere,ZZ,00000,3115,SYNTHETIC INDUSTRY,456,754300,1,0,1,4,3,7,16,8,0,0,0,0,0,100086,1,2,2022,1/1/2023,
3088,SYNTHETIC COMPANY 00087,SYNTHETIC SITE 00087,,1 Example Way,Nowhere,ZZ,00000,6221,SYNTHETIC INDUSTRY,21,45308,2,0,0,0,0,0,0,0,0,0,0,0,0,100087,1,2,2022,1/1/2023,
3089,SYNTHETIC COMPANY 00088,SYNTHETIC SITE 00088,,1 Example Way,Nowhere,ZZ,00000,2361,SYNTHETIC INDUSTRY,289,602225,1,0,4,3,9,28,12,16,0,0,0,0,0,100088,1,2,2022,1/1/2023,
3090,SYNTHETIC COMPANY 00089,SYNTHETIC SITE 00089,,1 Example Way,Nowhere,ZZ,00000,6221,SYNTHETIC INDUSTRY,71,133071,1,0,0,0,1,0,0,1,0,0,0,0,0,100089,1,2,2022,1/1/2023,
3091,SYNTHETIC COMPANY 00090,SYNTHETIC SITE 00090,,1 Example Way,Nowhere,ZZ,00000,3328,SYNTHETIC INDUSTRY,54,94160,2,0,0,0,0,0,0,0,0,0,0,0,0,100090,1,2,2022,1/1/2023,
3092,SYNTHETIC COMPANY 00091,SYNTHETIC SITE 00091,,1 Example Way,Nowhere,ZZ,00000,3115,SYNTHETIC INDUSTRY,43,64572,1,0,0,2,0,0,8,2,0,0,0,0,0,100091,1,2,2022,1/1/2023,
3093,SYNTHETIC COMPANY 00092,SYNTHETIC SITE 00092,,1 Example Way,Nowhere,ZZ,00000,4841,SYNTHETIC INDUSTRY,42,65166,2,0,0,0,0,0,0,0,0,0,0,0,0,100092,1,2,2022,1/1/2023,
3094,SYNTHETIC COMPANY 00093,SYNTHETIC SITE 00093,,1 Example Way,Nowhere,ZZ,00000,4841,SYNTHETIC INDUSTRY,286,543838,1,0,2,0,8,14,0,10,0,0,0,0,0,100093,1,2,2022,1/1/2023,
3095,SYNTHETIC COMPANY 00094,SYNTHETIC SITE 00094,,1 Example Way,Nowhere,ZZ,00000,3252,SYNTHETIC INDUSTRY,71,138777,1,0,3,2,1,21,8,6,0,0,0,0,0,100094,1,2,2022,1/1/2023,
3096,SYNTHETIC COMPANY 00095,SYNTHETIC SITE 00095,,1 Example Way,Nowhere,ZZ,00000,4451,SYNTHETIC INDUSTRY,125,243831,2,0,0,0,0,0,0,0,0,0,0,0,0,100095,1,2,2022,1/1/2023,
3097,SYNTHETIC COMPANY 00096,SYNTHETIC SITE 00096,,1 Example Way,Nowhere,ZZ,00000,3251,SYNTHETIC INDUSTRY,45,86378,1,0,0,0,2,0,0,2,0,0,0,0,0,100096,1,2,2022,1/1/2023,
3098,SYNTHETIC COMPANY 00097,SYNTHETIC SITE 00097,,1 Example Way,Nowhere,ZZ,00000,3252,SYNTHETIC INDUSTRY,11,15882,2,0,0,0,0,0,0,0,0,0,0,0,0,100097,1,2,2022,1/1/2023,
3099,SYNTHETIC COMPANY 00098,SYNTHETIC SITE 00098,,1 Example Way,Nowhere,ZZ,00000,4451,SYNTHETIC INDUSTRY,253,46167300000,2,0,0,0,0,0,0,0,0,0,0,0,0,100098,1,2,2022,1/1/2023,
3100,SYNTHETIC COMPANY 00099,SYNTHETIC SITE 00099,,1 Example Way,Nowhere,ZZ,00000,2361,SYNTHETIC INDUSTRY,78,135399,2,0,0,0,0,0,0,0,0,0,0,0,0,100099,1,2,2022,1/1/2023,
3101,SYNTHETIC COMPANY 00100,SYNTHETIC SITE 00100,,1 Example Way,Nowhere,ZZ,00000,3328,SYNTHETIC INDUSTRY,18,32423,2,0,0,0,0,0,0,0,0,0,0,0,0,100100,1,2,2022,1/1/2023,
3102,SYNTHETIC COMPANY 00101,SYNTHETIC SITE 00101,,1 Example Way,Nowhere,ZZ,00000,4841,SYNTHETIC INDUSTRY,133,243261,1,0,1,0,1,7,0,2,0,0,0,0,0,100101,1,2,2022,1/1/2023,
3103,SYNTHETIC COMPANY 00102,SYNTHETIC SITE 00102,,1 Example Way,Nowhere,ZZ,00000,4841,SYNTHETIC INDUSTRY,284,494644,1,0,4,1,2,28,4,7,0,0,0,0,0,100102,1,2,2022,1/1/2023,
3104,SYNTHETIC COMPANY 00103,SYNTHETIC SITE 00103,,1 Example Way,Nowhere,ZZ,00000,6221,SYNTHETIC INDUSTRY,171,274700,1,0,2,3,2,14,12,7,0,0,0,0,0,100103,1,2,2022,1/1/2023,
3105,SYNTHETIC COMPANY 00104,SYNTHETIC SITE 00104,,1 Example Way,Nowhere,ZZ,00000,4841,SYNTHETIC INDUSTRY,10,18604,2,0,0,0,0,0,0,0,0,0,0,0,0,100104,1,2,2022,1/1/2023,
3106,SYNTHETIC COMPANY 00105,SYNTHETIC SITE 00105,,1 Example Way,Nowhere,ZZ,00000,3328,SYNTHETIC INDUSTRY,19,33236,1,0,0,1,0,0,4,1,0,0,0,0,0,100105,1,2,2022,1/1/2023,
3107,SYNTHETIC COMPANY 00106,SYNTHETIC SITE 00106,,1 Example Way,Nowhere,ZZ,00000,4841,SYNTHETIC INDUSTRY,38,61157,1,0,0,3,2,0,12,5,0,0,0,0,0,100106,1,2,2022,1/1/2023,
3108,SYNTHETIC COMPANY 00107,SYNTHETIC SITE 00107,,1 Example Way,Nowhere,ZZ,00000,3251,SYNTHETIC INDUSTRY,110,225229,2,0,0,0,0,0,0,0,0,0,0,0,0,100107,1,2,2022,1/1/2023,
3109,SYNTHETIC COMPANY 00108,SYNTHETIC SITE 00108,,1 Example Way,Nowhere,ZZ,00000,4451,SYNTHETIC INDUSTRY,25,43680,2,0,0,0,0,0,0,0,0,0,0,0,0,100108,1,2,2022,1/1/2023,
3110,SYNTHETIC COMPANY 00109,SYNTHETIC SITE 00109,,1 Example Way,Nowhere,ZZ,00000,4451,SYNTHETIC INDUSTRY,31,50047000,2,0,0,0,0,0,0,0,0,0,0,0,0,100109,1,2,2022,1/1/2023,
3111,SYNTHETIC COMPANY 00110,SYNTHETIC SITE 00110,,1 Example Way,Nowhere,ZZ,00000,2361,SYNTHETIC INDUSTRY,80,148888,1,0,3,2,5,21,8,10,0,0,0,0,0,100110,1,2,2022,1/1/2023,
3112,SYNTHETIC COMPANY 00111,SYNTHETIC SITE 00111,,1 Example Way,Nowhere,ZZ,00000,4451,SYNTHETIC INDUSTRY,14,26718,2,0,0,0,0,0,0,0,0,0,0,0,0,100111,1,2,2022,1/1/2023,
3113,SYNTHETIC COMPANY 00112,SYNTHETIC SITE 00112,,1 Example Way,Nowhere,ZZ,00000,6221,SYNTHETIC INDUSTRY,11,18684,2,0,0,0,0,0,0,0,0,0,0,0,0,100112,1,2,2022,1/1/2023,
3114,SYNTHETIC COMPANY 00113,SYNTHETIC SITE 00113,,1 Example Way,Nowhere,ZZ,00000,2361,SYNTHETIC INDUSTRY,1563,2868150,2,0,0,0,0,0,0,0,0,0,0,0,0,100113,1,2,2022,1/1/2023,
3115,SYNTHETIC COMPANY 00114,SYNTHETIC SITE 00114,,1 Example Way,Nowhere,ZZ,00000,3252,SYNTHETIC INDUSTRY,33,53849,2,0,0,0,0,0,0,0,0,0,0,0,0,100114,1,2,2022,1/1/2023,
3116,SYNTHETIC COMPANY 00115,SYNTHETIC SITE 00115,,1 Example Way,Nowhere,ZZ,00000,4451,SYNTHETIC INDUSTRY,35,76502,2,0,0,0,0,0,0,0,0,0,0,0,0,100115,1,2,2022,1/1/2023,
3117,SYNTHETIC COMPANY 00116,SYNTHETIC SITE 00116,,1 Example Way,Nowhere,ZZ,00000,3328,SYNTHETIC INDUSTRY,12,19854,2,0,0,0,0,0,0,0,0,0,0,0,0,100116,1,2,2022,1/1/2023,
3118,SYNTHETIC COMPANY 00117,SYNTHETIC SITE 00117,,1 Example Way,Nowhere,ZZ,00000,6221,SYNTHETIC INDUSTRY,5,8678,2,0,0,0,0,0,0,0,0,0,0,0,0,100117,1,2,2022,1/1/2023,
3119,SYNTHETIC COMPANY 00118,SYNTHETIC SITE 00118,,1 Example Way,Nowhere,ZZ,00000,3328,SYNTHETIC INDUSTRY,37,717020,1,0,1,1,0,7,4,2,0,0,0,0,0,100118,1,2,2022,1/1/2023,
3120,SYNTHETIC COMPANY 00119,SYNTHETIC SITE 00119,,1 Example Way,Nowhere,ZZ,00000,3328,SYNTHETIC INDUSTRY,756,1195503,1,0,13,10,17,91,40,40,0,0,0,0,0,100119,1,2,2022,1/1/2023,
3121,SYNTHETIC COMPANY 00120,SYNTHETIC SITE 00120,,1 Example Way,Nowhere,ZZ,00000,6221,SYNTHETIC INDUSTRY,15,23748,2,0,0,0,0,0,0,0,0,0,0,0,0,100120,1,2,2022,1/1/2023,
3122,SYNTHETIC COMPANY 00121,SYNTHETIC SITE 00121,,1 Example Way,Nowhere,ZZ,00000,4451,SYNTHETIC INDUSTRY,459,795728,2,0,0,0,0,0,0,0,0,0,0,0,0,100121,1,2,2022,1/1/2023,
3123,SYNTHETIC COMPANY 00122,SYNTHETIC SITE 00122,,1 Example Way,Nowhere,ZZ,00000,3251,SYNTHETIC INDUSTRY,57,117245,1,0,3,0,0,21,0,3,0,0,0,0,0,100122,1,2,2022,1/1/2023,
3124,SYNTHETIC COMPANY 00123,SYNTHETIC SITE 00123,,1 Example Way,Nowhere,ZZ,00000,2361,SYNTHETIC INDUSTRY,33,69857,1,0,0,1,0,0,4,1,0,0,0,0,0,100123,1,2,2022,1/1/2023,
3125,SYNTHETIC COMPANY 00124,SYNTHETIC SITE 00124,,1 Example Way,Nowhere,ZZ,00000,3252,SYNTHETIC INDUSTRY,45,100201,1,0,0,1,1,0,4,2,0,0,0,0,0,100124,1,2,2022,1/1/2023,
3126,SYNTHETIC COMPANY 00125,SYNTHETIC SITE 00125,,1 Example Way,Nowhere,ZZ,00000,4841,SYNTHETIC INDUSTRY,25,39210,2,0,0,0,0,0,0,0,0,0,0,0,0,100125,1,2,2022,1/1/2023,
3127,SYNTHETIC COMPANY 00126,SYNTHETIC SITE 00126,,1 Example Way,Nowhere,ZZ,00000,4841,SYNTHETIC INDUSTRY,37,47839,2,0,0,0,0,0,0,0,0,0,0,0,0,100126,1,2,2022,1/1/2023,
3128,SYNTHETIC COMPANY 00127,SYNTHETIC SITE 00127,,1 Example Way,Nowhere,ZZ,00000,4451,SYNTHETIC INDUSTRY,60,92960,1,0,0,1,1,0,4,2,0,0,0,0,0,100127,1,2,2022,1/1/2023,
3129,SYNTHETIC COMPANY 00128,SYNTHETIC SITE 00128,,1 Example Way,Nowhere,ZZ,00000,3115,SYNTHETIC INDUSTRY,25,44723,2,0,0,0,0,0,0,0,0,0,0,0,0,100128,1,2,2022,1/1/2023,
3130,SYNTHETIC COMPANY 00129,SYNTHETIC SITE 00129,,1 Example Way,Nowhere,ZZ,00000,3251,SYNTHETIC INDUSTRY,64,116115,2,0,0,0,0,0,0,0,0,0,0,0,0,100129,1,2,2022,1/1/2023,
3131,SYNTHETIC COMPANY 00130,SYNTHETIC SITE 00130,,1 Example Way,Nowhere,ZZ,00000,2361,SYNTHETIC INDUSTRY,54,101672,1,0,2,2,1,14,8,5,0,0,0,0,0,100130,1,2,2022,1/1/2023,
3132,SYNTHETIC COMPANY 00131,SYNTHETIC SITE 00131,,1 Example Way,Nowhere,ZZ,00000,3115,SYNTHETIC INDUSTRY,110,230114,1,0,0,1,0,0,4,1,0,0,0,0,0,100131,1,2,2022,1/1/2023,
3133,SYNTHETIC COMPANY 00132,SYNTHETIC SITE 00132,,1 Example Way,Nowhere,ZZ,00000,3115,SYNTHETIC INDUSTRY,21,37844,2,0,0,0,0,0,0,0,0,0,0,0,0,100132,1,2,2022,1/1/2023,
3134,SYNTHETIC COMPANY 00133,SYNTHETIC SITE 00133,,1 Example Way,Nowhere,ZZ,00000,3115,SYNTHETIC INDUSTRY,77,155930,1,0,3,1,1,21,4,5,0,0,0,0,0,100133,1,2,2022,1/1/2023,
3135,SYNTHETIC COMPANY 00134,SYNTHETIC SITE 00134,,1 Example Way,Nowhere,ZZ,00000,4451,SYNTHETIC INDUSTRY,12,17277,2,0,0,0,0,0,0,0,0,0,0,0,0,100134,1,2,2022,1/1/2023,
3136,SYNTHETIC COMPANY 00135,SYNTHETIC SITE 00135,,1 Example Way,Nowhere,ZZ,00000,4451,SYNTHETIC INDUSTRY,49,86289,1,0,3,2,2,21,8,7,0,0,0,0,0,100135,1,2,2022,1/1/2023,
3137,SYNTHETIC COMPANY 00136,SYNTHETIC SITE 00136,,1 Example Way,Nowhere,ZZ,00000,4451,SYNTHETIC INDUSTRY,25,55235,2,0,0,0,0,0,0,0,0,0,0,0,0,100136,1,2,2022,1/1/2023,
3138,SYNTHETIC COMPANY 00137,SYNTHETIC SITE 00137,,1 Example Way,Nowhere,ZZ,00000,3252,SYNTHETIC INDUSTRY,7,10621,2,0,0,0,0,0,0,0,0,0,0,0,0,100137,1,2,2022,1/1/2023,
3139,SYNTHETIC COMPANY 00138,SYNTHETIC SITE 00138,,1 Example Way,Nowhere,ZZ,00000,3251,SYNTHETIC INDUSTRY,27,42349,2,0,0,0,0,0,0,0,0,0,0,0,0,100138,1,2,2022,1/1/2023,
3140,SYNTHETIC COMPANY 00139,SYNTHETIC SITE 00139,,1 Example Way,Nowhere,ZZ,00000,4841,SYNTHETIC INDUSTRY,263,443768,1,0,0,2,0,0,8,2,0,0,0,0,0,100139,1,2,2022,1/1/2023,
3141,SYNTHETIC COMPANY 00140,SYNTHETIC SITE 00140,,1 Example Way,Nowhere,ZZ,00000,3328,SYNTHETIC INDUSTRY,268,449715,2,0,0,0,0,0,0,0,0,0,0,0,0,100140,1,2,2022,1/1/2023,
3142,SYNTHETIC COMPANY 00141,SYNTHETIC SITE 00141,,1 Example Way,Nowhere,ZZ,00000,3252,SYNTHETIC INDUSTRY,116,202146,2,0,0,0,0,0,0,0,0,0,0,0,0,100141,1,2,2022,1/1/2023,
3143,SYNTHETIC COMPANY 00142,SYNTHETIC SITE 00142,,1 Example Way,Nowhere,ZZ,00000,4451,SYNTHETIC INDUSTRY,116,262862,2,0,0,0,0,0,0,0,0,0,0,0,0,100142,1,2,2022,1/1/2023,
3144,SYNTHETIC COMPANY 00143,SYNTHETIC SITE 00143,,1 Example Way,Nowhere,ZZ,00000,2361,SYNTHETIC INDUSTRY,26,47894,2,0,0,0,0,0,0,0,0,0,0,0,0,100143,1,2,2022,1/1/2023,
3145,SYNTHETIC COMPANY 00144,SYNTHETIC SITE 00144,,1 Example Way,Nowhere,ZZ,00000,3328,SYNTHETIC INDUSTRY,140,281786,2,0,0,0,0,0,0,0,0,0,0,0,0,100144,1,2,2022,1/1/2023,
3146,SYNTHETIC COMPANY 00145,SYNTHETIC SITE 00145,,1 Example Way,Nowhere,ZZ,00000,3252,SYNTHETIC INDUSTRY,30,51051,1,0,0,0,3,0,0,3,0,0,0,0,0,100145,1,2,2022,1/1/2023,
3147,SYNTHETIC COMPANY 00146,SYNTHETIC SITE 00146,,1 Example Way,Nowhere,ZZ,00000,4841,SYNTHETIC INDUSTRY,6,10724,2,0,0,0,0,0,0,0,0,0,0,0,0,100146,1,2,2022,1/1/2023,
3148,SYNTHETIC COMPANY 00147,SYNTHETIC SITE 00147,,1 Example Way,Nowhere,ZZ,00000,2361,SYNTHETIC INDUSTRY,16,33881,2,0,0,0,0,0,0,0,0,0,0,0,0,100147,1,2,2022,1/1/2023,
3149,SYNTHETIC COMPANY 00148,SYNTHETIC SITE 00148,,1 Example Way,Nowhere,ZZ,00000,3115,SYNTHETIC INDUSTRY,40,72332,1,0,0,0,1,0,0,1,0,0,0,0,0,100148,1,2,2022,1/1/2023,
3150,SYNTHETIC COMPANY 00149,SYNTHETIC SITE 00149,,1 Example Way,Nowhere,ZZ,00000,3115,SYNTHETIC INDUSTRY,25,49323,2,0,0,0,0,0,0,0,0,0,0,0,0,100149,1,2,2022,1/1/2023,
3151,SYNTHETIC COMPANY 00150,SYNTHETIC SITE 00150,,1 Example Way,Nowhere,ZZ,00000,3115,SYNTHETIC INDUSTRY,89,173644,1,0,1,0,0,7,0,1,0,0,0,0,0,100150,1,2,2022,1/1/2023,
3152,SYNTHETIC COMPANY 00151,SYNTHETIC SITE 00151,,1 Example Way,Nowhere,ZZ,00000,3251,SYNTHETIC INDUSTRY,40,77023,2,0,0,0,0,0,0,0,0,0,0,0,0,100151,1,2,2022,1/1/2023,
3153,SYNTHETIC COMPANY 00152,SYNTHETIC SITE 00152,,1 Example Way,Nowhere,ZZ,00000,3251,SYNTHETIC INDUSTRY,130,233028,2,0,0,0,0,0,0,0,0,0,0,0,0,100152,1,2,2022,1/1/2023,
3154,SYNTHETIC COMPANY 00153,SYNTHETIC SITE 00153,,1 Example Way,Nowhere,ZZ,00000,4451,SYNTHETIC INDUSTRY,54,108901,2,0,0,0,0,0,0,0,0,0,0,0,0,100153,1,2,2022,1/1/2023,
3155,SYNTHETIC COMPANY 00154,SYNTHETIC SITE 00154,,1 Example Way,Nowhere,ZZ,00000,4451,SYNTHETIC INDUSTRY,27,41451,2,0,0,0,0,0,0,0,0,0,0,0,0,100154,1,2,2022,1/1/2023,
3156,SYNTHETIC COMPANY 00155,SYNTHETIC SITE 00155,,1 Example Way,Nowhere,ZZ,00000,6221,SYNTHETIC INDUSTRY,6,9718,1,0,0,0,1,0,0,1,0,0,0,0,0,100155,1,2,2022,1/1/2023,
3157,SYNTHETIC COMPANY 00156,SYNTHETIC SITE 00156,,1 Example Way,Nowhere,ZZ,00000,3328,SYNTHETIC INDUSTRY,66,116540,2,0,0,0,0,0,0,0,0,0,0,0,0,100156,1,2,2022,1/1/2023,
3158,SYNTHETIC COMPANY 00157,SYNTHETIC SITE 00157,,1 Example Way,Nowhere,ZZ,00000,3328,SYNTHETIC INDUSTRY,7,15663,2,0,0,0,0,0,0,0,0,0,0,0,0,100157,1,2,2022,1/1/2023,
3159,SYNTHETIC COMPANY 00158,SYNTHETIC SITE 00158,,1 Example Way,Nowhere,ZZ,00000,3328,SYNTHETIC INDUSTRY,43,90226,1,0,0,1,1,0,4,2,0,0,0,0,0,100158,1,2,2022,1/1/2023,
3160,SYNTHETIC COMPANY 00159,SYNTHETIC SITE 00159,,1 Example Way,Nowhere,ZZ,00000,3115,SYNTHETIC INDUSTRY,36,77042,1,0,0,1,0,0,4,1,0,0,0,0,0,100159,1,2,2022,1/1/2023,
3161,SYNTHETIC COMPANY 00160,SYNTHETIC SITE 00160,,1 Example Way,Nowhere,ZZ,00000,2361,SYNTHETIC INDUSTRY,55,113700,1,0,2,0,1,14,0,3,0,0,0,0,0,100160,1,2,2022,1/1/2023,
3162,SYNTHETIC COMPANY 00161,SYNTHETIC SITE 00161,,1 Example Way,Nowhere,ZZ,00000,3251,SYNTHETIC INDUSTRY,89,169527,1,0,4,3,5,28,12,12,0,0,0,0,0,100161,1,2,2022,1/1/2023,
3163,SYNTHETIC COMPANY 00162,SYNTHETIC SITE 00162,,1 Example Way,Nowhere,ZZ,00000,3328,SYNTHETIC INDUSTRY,87,131052,2,0,0,0,0,0,0,0,0,0,0,0,0,100162,1,2,2022,1/1/2023,
3164,SYNTHETIC COMPANY 00163,SYNTHETIC SITE 00163,,1 Example Way,Nowhere,ZZ,00000,4841,SYNTHETIC INDUSTRY,55,94806,1,0,0,1,0,0,4,1,0,0,0,0,0,100163,1,2,2022,1/1/2023,
3165,SYNTHETIC COMPANY 00164,SYNTHETIC SITE 00164,,1 Example Way,Nowhere,ZZ,00000,2361,SYNTHETIC INDUSTRY,47,72493000,2,0,0,0,0,0,0,0,0,0,0,0,0,100164,1,2,2022,1/1/2023,
3166,SYNTHETIC COMPANY 00165,SYNTHETIC SITE 00165,,1 Example Way,Nowhere,ZZ,00000,4841,SYNTHETIC INDUSTRY,120,260580,2,0,0,0,0,0,0,0,0,0,0,0,0,100165,1,2,2022,1/1/2023,
3167,SYNTHETIC COMPANY 00166,SYNTHETIC SITE 00166,,1 Example Way,Nowhere,ZZ,00000,3251,SYNTHETIC INDUSTRY,25,38490,1,0,0,0,1,0,0,1,0,0,0,0,0,100166,1,2,2022,1/1/2023,
3168,SYNTHETIC COMPANY 00167,SYNTHETIC SITE 00167,,1 Example Way,Nowhere,ZZ,00000,3115,SYNTHETIC INDUSTRY,24,39757,2,0,0,0,0,0,0,0,0,0,0,0,0,100167,1,2,2022,1/1/2023,
3169,SYNTHETIC COMPANY 00168,SYNTHETIC SITE 00168,,1 Example Way,Nowhere,ZZ,00000,3252,SYNTHETIC INDUSTRY,298,566058,2,0,0,0,0,0,0,0,0,0,0,0,0,100168,1,2,2022,1/1/2023,
3170,SYNTHETIC COMPANY 00169,SYNTHETIC SITE 00169,,1 Example Way,Nowhere,ZZ,00000,4451,SYNTHETIC INDUSTRY,40,72161,2,0,0,0,0,0,0,0,0,0,0,0,0,100169,1,2,2022,1/1/2023,
3171,SYNTHETIC COMPANY 00170,SYNTHETIC SITE 00170,,1 Example Way,Nowhere,ZZ,00000,3252,SYNTHETIC INDUSTRY,32,79346,2,0,0,0,0,0,0,0,0,0,0,0,0,100170,1,2,2022,1/1/2023,
3172,SYNTHETIC COMPANY 00171,SYNTHETIC SITE 00171,,1 Example Way,Nowhere,ZZ,00000,3115,SYNTHETIC INDUSTRY,8,14399,2,0,0,0,0,0,0,0,0,0,0,0,0,100171,1,2,2022,1/1/2023,
3173,SYNTHETIC COMPANY 00172,SYNTHETIC SITE 00172,,1 Example Way,Nowhere,ZZ,00000,4841,SYNTHETIC INDUSTRY,35,58503,1,0,1,2,1,7,8,4,0,0,0,0,0,100172,1,2,2022,1/1/2023,
3174,SYNTHETIC COMPANY 00173,SYNTHETIC SITE 00173,,1 Example Way,Nowhere,ZZ,00000,3252,SYNTHETIC INDUSTRY,51,93385,1,0,3,0,0,21,0,3,0,0,0,0,0,100173,1,2,2022,1/1/2023,
3175,SYNTHETIC COMPANY 00174,SYNTHETIC SITE 00174,,1 Example Way,Nowhere,ZZ,00000,3328,SYNTHETIC INDUSTRY,13,25373,2,0,0,0,0,0,0,0,0,0,0,0,0,100174,1,2,2022,1/1/2023,
3176,SYNTHETIC COMPANY 00175,SYNTHETIC SITE 00175,,1 Example Way,Nowhere,ZZ,00000,4451,SYNTHETIC INDUSTRY,185,304817,1,0,0,1,8,0,4,9,0,0,0,0,0,100175,1,2,2022,1/1/2023,
3177,SYNTHETIC COMPANY 00176,SYNTHETIC SITE 00176,,1 Example Way,Nowhere,ZZ,00000,4451,SYNTHETIC INDUSTRY,7,15760,1,0,1,0,0,7,0,1,0,0,0,0,0,100176,1,2,2022,1/1/2023,
3178,SYNTHETIC COMPANY 00177,SYNTHETIC SITE 00177,,1 Example Way,Nowhere,ZZ,00000,3252,SYNTHETIC INDUSTRY,19,43229,2,0,0,0,0,0,0,0,0,0,0,0,0,100177,1,2,2022,1/1/2023,
3179,SYNTHETIC COMPANY 00178,SYNTHETIC SITE 00178,,1 Example Way,Nowhere,ZZ,00000,3251,SYNTHETIC INDUSTRY,54,128012,2,0,0,0,0,0,0,0,0,0,0,0,0,100178,1,2,2022,1/1/2023,
3180,SYNTHETIC COMPANY 00179,SYNTHETIC SITE 00179,,1 Example Way,Nowhere,ZZ,00000,4451,SYNTHETIC INDUSTRY,6,11618,2,0,0,0,0,0,0,0,0,0,0,0,0,100179,1,2,2022,1/1/2023,
3181,SYNTHETIC COMPANY 00180,SYNTHETIC SITE 00180,,1 Example Way,Nowhere,ZZ,00000,3252,SYNTHETIC INDUSTRY,14,25220,1,0,0,0,2,0,0,2,0,0,0,0,0,100180,1,2,2022,1/1/2023,
3182,SYNTHETIC COMPANY 00181,SYNTHETIC SITE 00181,,1 Example Way,Nowhere,ZZ,00000,6221,SYNTHETIC INDUSTRY,12,2654600,1,0,1,1,0,7,4,2,0,0,0,0,0,100181,1,2,2022,1/1/2023,
3183,SYNTHETIC COMPANY 00182,SYNTHETIC SITE 00182,,1 Example Way,Nowhere,ZZ,00000,3115,SYNTHETIC INDUSTRY,37,64489,2,0,0,0,0,0,0,0,0,0,0,0,0,100182,1,2,2022,1/1/2023,
3184,SYNTHETIC COMPANY 00183,SYNTHETIC SITE 00183,,1 Example Way,Nowhere,ZZ,00000,2361,SYNTHETIC INDUSTRY,23,48754,1,0,0,0,3,0,0,3,0,0,0,0,0,100183,1,2,2022,1/1/2023,
3185,SYNTHETIC COMPANY 00184,SYNTHETIC SITE 00184,,1 Example Way,Nowhere,ZZ,00000,3328,SYNTHETIC INDUSTRY,568,1003924,1,0,9,6,16,63,24,31,0,0,0,0,0,100184,1,2,2022,1/1/2023,
3186,SYNTHETIC COMPANY 00185,SYNTHETIC SITE 00185,,1 Example Way,Nowhere,ZZ,00000,3328,SYNTHETIC INDUSTRY,24,42898,2,0,0,0,0,0,0,0,0,0,0,0,0,100185,1,2,2022,1/1/2023,
3187,SYNTHETIC COMPANY 00186,SYNTHETIC SITE 00186,,1 Example Way,Nowhere,ZZ,00000,3115,SYNTHETIC INDUSTRY,171,302042,1,0,3,2,2,21,8,7,0,0,0,0,0,100186,1,2,2022,1/1/2023,
3188,SYNTHETIC COMPANY 00187,SYNTHETIC SITE 00187,,1 Example Way,Nowhere,ZZ,00000,2361,SYNTHETIC INDUSTRY,58,93762,2,0,0,0,0,0,0,0,0,0,0,0,0,100187,1,2,2022,1/1/2023,
3189,SYNTHETIC COMPANY 00188,SYNTHETIC SITE 00188,,1 Example Way,Nowhere,ZZ,00000,3115,SYNTHETIC INDUSTRY,163,240237,2,0,0,0,0,0,0,0,0,0,0,0,0,100188,1,2,2022,1/1/2023,
3190,SYNTHETIC COMPANY 00189,SYNTHETIC SITE 00189,,1 Example Way,Nowhere,ZZ,00000,3328,SYNTHETIC INDUSTRY,365,680782000,1,0,5,1,1,35,4,7,0,0,0,0,0,100189,1,2,2022,1/1/2023,
3191,SYNTHETIC COMPANY 00190,SYNTHETIC SITE 00190,,1 Example Way,Nowhere,ZZ,00000,4841,SYNTHETIC INDUSTRY,133,219402,1,0,1,1,2,7,4,4,0,0,0,0,0,100190,1,2,2022,1/1/2023,
3192,SYNTHETIC COMPANY 00191,SYNTHETIC SITE 00191,,1 Example Way,Nowhere,ZZ,00000,3251,SYNTHETIC INDUSTRY,35,60790,2,0,0,0,0,0,0,0,0,0,0,0,0,100191,1,2,2022,1/1/2023,
3193,SYNTHETIC COMPANY 00192,SYNTHETIC SITE 00192,,1 Example Way,Nowhere,ZZ,00000,3251,SYNTHETIC INDUSTRY,41,76088,1,0,2,0,0,14,0,2,0,0,0,0,0,100192,1,2,2022,1/1/2023,
3194,SYNTHETIC COMPANY 00193,SYNTHETIC SITE 00193,,1 Example Way,Nowhere,ZZ,00000,3251,SYNTHETIC INDUSTRY,64,107895,1,0,3,1,0,21,4,4,0,0,0,0,0,100193,1,2,2022,1/1/2023,
3195,SYNTHETIC COMPANY 00194,SYNTHETIC SITE 00194,,1 Example Way,Nowhere,ZZ,00000,2361,SYNTHETIC INDUSTRY,29,55313,2,0,0,0,0,0,0,0,0,0,0,0,0,100194,1,2,2022,1/1/2023,
3196,SYNTHETIC COMPANY 00195,SYNTHETIC SITE 00195,,1 Example Way,Nowhere,ZZ,00000,4451,SYNTHETIC INDUSTRY,90,165903,1,0,4,0,0,28,0,4,0,0,0,0,0,100195,1,2,2022,1/1/2023,
3197,SYNTHETIC COMPANY 00196,SYNTHETIC SITE 00196,,1 Example Way,Nowhere,ZZ,00000,3252,SYNTHETIC INDUSTRY,14,24628,1,0,0,0,1,0,0,1,0,0,0,0,0,100196,1,2,2022,1/1/2023,
3198,SYNTHETIC COMPANY 00197,SYNTHETIC SITE 00197,,1 Example Way,Nowhere,ZZ,00000,3252,SYNTHETIC INDUSTRY,47,76334,1,0,1,0,0,7,0,1,0,0,0,0,0,100197,1,2,2022,1/1/2023,
3199,SYNTHETIC COMPANY 00198,SYNTHETIC SITE 00198,,1 Example Way,Nowhere,ZZ,00000,2361,SYNTHETIC INDUSTRY,54,93518,1,0,0,0,2,0,0,2,0,0,0,0,0,100198,1,2,2022,1/1/2023,
3200,SYNTHETIC COMPANY 00199,SYNTHETIC SITE 00199,,1 Example Way,Nowhere,ZZ,00000,4841,SYNTHETIC INDUSTRY,24,48214,2,0,0,0,0,0,0,0,0,0,0,0,0,100199,1,2,2022,1/1/2023,
3201,SYNTHETIC COMPANY 00200,SYNTHETIC SITE 00200,,1 Example Way,Nowhere,ZZ,00000,4451,SYNTHETIC INDUSTRY,49,103288,2,0,0,0,0,0,0,0,0,0,0,0,0,100200,1,2,2022,1/1/2023,
3202,SYNTHETIC COMPANY 00201,SYNTHETIC SITE 00201,,1 Example Way,Nowhere,ZZ,00000,4841,SYNTHETIC INDUSTRY,24,37725,2,0,0,0,0,0,0,0,0,0,0,0,0,100201,1,2,2022,1/1/2023,
3203,SYNTHETIC COMPANY 00202,SYNTHETIC SITE 00202,,1 Example Way,Nowhere,ZZ,00000,2361,SYNTHETIC INDUSTRY,21,46052,1,0,0,0,1,0,0,1,0,0,0,0,0,100202,1,2,2022,1/1/2023,
3204,SYNTHETIC COMPANY 00203,SYNTHETIC SITE 00203,,1 Example Way,Nowhere,ZZ,00000,2361,SYNTHETIC INDUSTRY,5,8741,2,0,0,0,0,0,0,0,0,0,0,0,0,100203,1,2,2022,1/1/2023,
3205,SYNTHETIC COMPANY 00204,SYNTHETIC SITE 00204,,1 Example Way,Nowhere,ZZ,00000,3251,SYNTHETIC INDUSTRY,157,360388,2,0,0,0,0,0,0,0,0,0,0,0,0,100204,1,2,2022,1/1/2023,
3206,SYNTHETIC COMPANY 00205,SYNTHETIC SITE 00205,,1 Example Way,Nowhere,ZZ,00000,3251,SYNTHETIC INDUSTRY,13,25814,2,0,0,0,0,0,0,0,0,0,0,0,0,100205,1,2,2022,1/1/2023,
3207,SYNTHETIC COMPANY 00206,SYNTHETIC SITE 00206,,1 Example Way,Nowhere,ZZ,00000,3328,SYNTHETIC INDUSTRY,143,265432,1,0,0,1,1,0,4,2,0,0,0,0,0,100206,1,2,2022,1/1/2023,
3208,SYNTHETIC COMPANY 00207,SYNTHETIC SITE 00207,,1 Example Way,Nowhere,ZZ,00000,4841,SYNTHETIC INDUSTRY,30,48149,1,0,0,0,2,0,0,2,0,0,0,0,0,100207,1,2,2022,1/1/2023,
3209,SYNTHETIC COMPANY 00208,SYNTHETIC SITE 00208,,1 Example Way,Nowhere,ZZ,00000,4841,SYNTHETIC INDUSTRY,123,287181,1,0,1,2,4,7,8,7,0,0,0,0,0,100208,1,2,2022,1/1/2023,
3210,SYNTHETIC COMPANY 00209,SYNTHETIC SITE 00209,,1 Example Way,Nowhere,ZZ,00000,3252,SYNTHETIC INDUSTRY,103,141347,2,0,0,0,0,0,0,0,0,0,0,0,0,100209,1,2,2022,1/1/2023,
3211,SYNTHETIC COMPANY 00210,SYNTHETIC SITE 00210,,1 Example Way,Nowhere,ZZ,00000,3328,SYNTHETIC INDUSTRY,219,345023,1,0,0,0,2,0,0,2,0,0,0,0,0,100210,1,2,2022,1/1/2023,
3212,SYNTHETIC COMPANY 00211,SYNTHETIC SITE 00211,,1 Example Way,Nowhere,ZZ,00000,2361,SYNTHETIC INDUSTRY,6,9667,2,0,0,0,0,0,0,0,0,0,0,0,0,100211,1,2,2022,1/1/2023,
3213,SYNTHETIC COMPANY 00212,SYNTHETIC SITE 00212,,1 Example Way,Nowhere,ZZ,00000,3251,SYNTHETIC INDUSTRY,27,60387,1,0,0,1,0,0,4,1,0,0,0,0,0,100212,1,2,2022,1/1/2023,
3214,SYNTHETIC COMPANY 00213,SYNTHETIC SITE 00213,,1 Example Way,Nowhere,ZZ,00000,4451,SYNTHETIC INDUSTRY,50,82052,1,0,1,0,3,7,0,4,0,0,0,0,0,100213,1,2,2022,1/1/2023,
3215,SYNTHETIC COMPANY 00214,SYNTHETIC SITE 00214,,1 Example Way,Nowhere,ZZ,00000,3115,SYNTHETIC INDUSTRY,17,28669,2,0,0,0,0,0,0,0,0,0,0,0,0,100214,1,2,2022,1/1/2023,
3216,SYNTHETIC COMPANY 00215,SYNTHETIC SITE 00215,,1 Example Way,Nowhere,ZZ,00000,3328,SYNTHETIC INDUSTRY,13,30122,2,0,0,0,0,0,0,0,0,0,0,0,0,100215,1,2,2022,1/1/2023,
3217,SYNTHETIC COMPANY 00216,SYNTHETIC SITE 00216,,1 Example Way,Nowhere,ZZ,00000,3252,SYNTHETIC INDUSTRY,242,389361,1,0,4,2,12,28,8,18,0,0,0,0,0,100216,1,2,2022,1/1/2023,
3218,SYNTHETIC COMPANY 00217,SYNTHETIC SITE 00217,,1 Example Way,Nowhere,ZZ,00000,6221,SYNTHETIC INDUSTRY,129,212305,2,0,0,0,0,0,0,0,0,0,0,0,0,100217,1,2,2022,1/1/2023,
3219,SYNTHETIC COMPANY 00218,SYNTHETIC SITE 00218,,1 Example Way,Nowhere,ZZ,00000,3115,SYNTHETIC INDUSTRY,89,151584,1,0,2,1,0,14,4,3,0,0,0,0,0,100218,1,2,2022,1/1/2023,
3220,SYNTHETIC COMPANY 00219,SYNTHETIC SITE 00219,,1 Example Way,Nowhere,ZZ,00000,3328,SYNTHETIC INDUSTRY,81,160709,1,0,2,0,0,14,0,2,0,0,0,0,0,100219,1,2,2022,1/1/2023,
3221,SYNTHETIC COMPANY 00220,SYNTHETIC SITE 00220,,1 Example Way,Nowhere,ZZ,00000,3251,SYNTHETIC INDUSTRY,38,70912,2,0,0,0,0,0,0,0,0,0,0,0,0,100220,1,2,2022,1/1/2023,
3222,SYNTHETIC COMPANY 00221,SYNTHETIC SITE 00221,,1 Example Way,Nowhere,ZZ,00000,3115,SYNTHETIC INDUSTRY,31,73140,2,0,0,0,0,0,0,0,0,0,0,0,0,100221,1,2,2022,1/1/2023,
3223,SYNTHETIC COMPANY 00222,SYNTHETIC SITE 00222,,1 Example Way,Nowhere,ZZ,00000,4451,SYNTHETIC INDUSTRY,48,99967,2,0,0,0,0,0,0,0,0,0,0,0,0,100222,1,2,2022,1/1/2023,
3224,SYNTHETIC COMPANY 00223,SYNTHETIC SITE 00223,,1 Example Way,Nowhere,ZZ,00000,4841,SYNTHETIC INDUSTRY,24,54401,1,0,0,2,0,0,8,2,0,0,0,0,0,100223,1,2,2022,1/1/2023,
3225,SYNTHETIC COMPANY 00224,SYNTHETIC SITE 00224,,1 Example Way,Nowhere,ZZ,00000,6221,SYNTHETIC INDUSTRY,8,13718,2,0,0,0,0,0,0,0,0,0,0,0,0,100224,1,2,2022,1/1/2023,
3226,SYNTHETIC COMPANY 00225,SYNTHETIC SITE 00225,,1 Example Way,Nowhere,ZZ,00000,3252,SYNTHETIC INDUSTRY,61,118642,1,0,1,0,0,7,0,1,0,0,0,0,0,100225,1,2,2022,1/1/2023,
3227,SYNTHETIC COMPANY 00226,SYNTHETIC SITE 00226,,1 Example Way,Nowhere,ZZ,00000,6221,SYNTHETIC INDUSTRY,40,58318,2,0,0,0,0,0,0,0,0,0,0,0,0,100226,1,2,2022,1/1/2023,
3228,SYNTHETIC COMPANY 00227,SYNTHETIC SITE 00227,,1 Example Way,Nowhere,ZZ,00000,3115,SYNTHETIC INDUSTRY,12,18408,2,0,0,0,0,0,0,0,0,0,0,0,0,100227,1,2,2022,1/1/2023,
3229,SYNTHETIC COMPANY 00228,SYNTHETIC SITE 00228,,1 Example Way,Nowhere,ZZ,00000,2361,SYNTHETIC INDUSTRY,71,164138,1,0,1,0,0,7,0,1,0,0,0,0,0,100228,1,2,2022,1/1/2023,
3230,SYNTHETIC COMPANY 00229,SYNTHETIC SITE 00229,,1 Example Way,Nowhere,ZZ,00000,6221,SYNTHETIC INDUSTRY,72,142606,1,0,1,1,4,7,4,6,0,0,0,0,0,100229,1,2,2022,1/1/2023,
3231,SYNTHETIC COMPANY 00230,SYNTHETIC SITE 00230,,1 Example Way,Nowhere,ZZ,00000,6221,SYNTHETIC INDUSTRY,86,177543,1,0,1,1,3,7,4,5,0,0,0,0,0,100230,1,2,2022,1/1/2023,
3232,SYNTHETIC COMPANY 00231,SYNTHETIC SITE 00231,,1 Example Way,Nowhere,ZZ,00000,3251,SYNTHETIC INDUSTRY,17,31744,1,0,0,0,1,0,0,1,0,0,0,0,0,100231,1,2,2022,1/1/2023,
3233,SYNTHETIC COMPANY 00232,SYNTHETIC SITE 00232,,1 Example Way,Nowhere,ZZ,00000,3251,SYNTHETIC INDUSTRY,43,73531,2,0,0,0,0,0,0,0,0,0,0,0,0,100232,1,2,2022,1/1/2023,
3234,SYNTHETIC COMPANY 00233,SYNTHETIC SITE 00233,,1 Example Way,Nowhere,ZZ,00000,3328,SYNTHETIC INDUSTRY,88,180622,1,0,2,2,1,14,8,5,0,0,0,0,0,100233,1,2,2022,1/1/2023,
3235,SYNTHETIC COMPANY 00234,SYNTHETIC SITE 00234,,1 Example Way,Nowhere,ZZ,00000,3328,SYNTHETIC INDUSTRY,539,959666,1,0,1,1,1,7,4,3,0,0,0,0,0,100234,1,2,2022,1/1/2023,
3236,SYNTHETIC COMPANY 00235,SYNTHETIC SITE 00235,,1 Example Way,Nowhere,ZZ,00000,4841,SYNTHETIC INDUSTRY,15,29087,2,0,0,0,0,0,0,0,0,0,0,0,0,100235,1,2,2022,1/1/2023,
3237,SYNTHETIC COMPANY 00236,SYNTHETIC SITE 00236,,1 Example Way,Nowhere,ZZ,00000,6221,SYNTHETIC INDUSTRY,32,63945,2,0,0,0,0,0,0,0,0,0,0,0,0,100236,1,2,2022,1/1/2023,
3238,SYNTHETIC COMPANY 00237,SYNTHETIC SITE 00237,,1 Example Way,Nowhere,ZZ,00000,3115,SYNTHETIC INDUSTRY,294,571932,2,0,0,0,0,0,0,0,0,0,0,0,0,100237,1,2,2022,1/1/2023,
3239,SYNTHETIC COMPANY 00238,SYNTHETIC SITE 00238,,1 Example Way,Nowhere,ZZ,00000,6221,SYNTHETIC INDUSTRY,183,301763,1,0,3,1,0,21,4,4,0,0,0,0,0,100238,1,2,2022,1/1/2023,
3240,SYNTHETIC COMPANY 00239,SYNTHETIC SITE 00239,,1 Example Way,Nowhere,ZZ,00000,4451,SYNTHETIC INDUSTRY,37,83481,1,0,0,0,2,0,0,2,0,0,0,0,0,100239,1,2,2022,1/1/2023,
3241,SYNTHETIC COMPANY 00240,SYNTHETIC SITE 00240,,1 Example Way,Nowhere,ZZ,00000,3252,SYNTHETIC INDUSTRY,2,4008,2,0,0,0,0,0,0,0,0,0,0,0,0,100240,1,2,2022,1/1/2023,
3242,SYNTHETIC COMPANY 00241,SYNTHETIC SITE 00241,,1 Example Way,Nowhere,ZZ,00000,3115,SYNTHETIC INDUSTRY,10,20660,2,0,0,0,0,0,0,0,0,0,0,0,0,100241,1,2,2022,1/1/2023,
3243,SYNTHETIC COMPANY 00242,SYNTHETIC SITE 00242,,1 Example Way,Nowhere,ZZ,00000,2361,SYNTHETIC INDUSTRY,31,66527,2,0,0,0,0,0,0,0,0,0,0,0,0,100242,1,2,2022,1/1/2023,
3244,SYNTHETIC COMPANY 00243,SYNTHETIC SITE 00243,,1 Example Way,Nowhere,ZZ,00000,4841,SYNTHETIC INDUSTRY,10,21214,2,0,0,0,0,0,0,0,0,0,0,0,0,100243,1,2,2022,1/1/2023,
3245,SYNTHETIC COMPANY 00244,SYNTHETIC SITE 00244,,1 Example Way,Nowhere,ZZ,00000,6221,SYNTHETIC INDUSTRY,54,115210,1,0,1,0,0,7,0,1,0,0,0,0,0,100244,1,2,2022,1/1/2023,
3246,SYNTHETIC COMPANY 00245,SYNTHETIC SITE 00245,,1 Example Way,Nowhere,ZZ,00000,3251,SYNTHETIC INDUSTRY,43,88562,1,0,1,0,0,7,0,1,0,0,0,0,0,100245,1,2,2022,1/1/2023,
3247,SYNTHETIC COMPANY 00246,SYNTHETIC SITE 00246,,1 Example Way,Nowhere,ZZ,00000,2361,SYNTHETIC INDUSTRY,62,132029,2,0,0,0,0,0,0,0,0,0,0,0,0,100246,1,2,2022,1/1/2023,
3248,SYNTHETIC COMPANY 00247,SYNTHETIC SITE 00247,,1 Example Way,Nowhere,ZZ,00000,4841,SYNTHETIC INDUSTRY,27,56741,2,0,0,0,0,0,0,0,0,0,0,0,0,100247,1,2,2022,1/1/2023,
3249,SYNTHETIC COMPANY 00248,SYNTHETIC SITE 00248,,1 Example Way,Nowhere,ZZ,00000,4841,SYNTHETIC INDUSTRY,25,47868,2,0,0,0,0,0,0,0,0,0,0,0,0,100248,1,2,2022,1/1/2023,
3250,SYNTHETIC COMPANY 00249,SYNTHETIC SITE 00249,,1 Example Way,Nowhere,ZZ,00000,3252,SYNTHETIC INDUSTRY,57,90357,1,0,1,2,2,7,8,5,0,0,0,0,0,100249,1,2,2022,1/1/2023,
3251,SYNTHETIC COMPANY 00250,SYNTHETIC SITE 00250,,1 Example Way,Nowhere,ZZ,00000,2361,SYNTHETIC INDUSTRY,5,8692,2,0,0,0,0,0,0,0,0,0,0,0,0,100250,1,2,2022,1/1/2023,
3252,SYNTHETIC COMPANY 00251,SYNTHETIC SITE 00251,,1 Example Way,Nowhere,ZZ,00000,3328,SYNTHETIC INDUSTRY,28,67055,2,0,0,0,0,0,0,0,0,0,0,0,0,100251,1,2,2022,1/1/2023,
3253,SYNTHETIC COMPANY 00252,SYNTHETIC SITE 00252,,1 Example Way,Nowhere,ZZ,00000,3252,SYNTHETIC INDUSTRY,574,924810,2,0,0,0,0,0,0,0,0,0,0,0,0,100252,1,2,2022,1/1/2023,
3254,SYNTHETIC COMPANY 00253,SYNTHETIC SITE 00253,,1 Example Way,Nowhere,ZZ,00000,3251,SYNTHETIC INDUSTRY,31,40328,1,0,0,1,1,0,4,2,0,0,0,0,0,100253,1,2,2022,1/1/2023,
3255,SYNTHETIC COMPANY 00254,SYNTHETIC SITE 00254,,1 Example Way,Nowhere,ZZ,00000,3252,SYNTHETIC INDUSTRY,15,26750,1,0,0,0,1,0,0,1,0,0,0,0,0,100254,1,2,2022,1/1/2023,
3256,SYNTHETIC COMPANY 00255,SYNTHETIC SITE 00255,,1 Example Way,Nowhere,ZZ,00000,3115,SYNTHETIC INDUSTRY,198,359056,1,0,2,2,2,14,8,6,0,0,0,0,0,100255,1,2,2022,1/1/2023,
3257,SYNTHETIC COMPANY 00256,SYNTHETIC SITE 00256,,1 Example Way,Nowhere,ZZ,00000,3115,SYNTHETIC INDUSTRY,57,115495,1,0,0,0,1,0,0,1,0,0,0,0,0,100256,1,2,2022,1/1/2023,
3258,SYNTHETIC COMPANY 00257,SYNTHETIC SITE 00257,,1 Example Way,Nowhere,ZZ,00000,3328,SYNTHETIC INDUSTRY,73,130918,2,0,0,0,0,0,0,0,0,0,0,0,0,100257,1,2,2022,1/1/2023,
3259,SYNTHETIC COMPANY 00258,SYNTHETIC SITE 00258,,1 Example Way,Nowhere,ZZ,00000,4841,SYNTHETIC INDUSTRY,34,65361,2,0,0,0,0,0,0,0,0,0,0,0,0,100258,1,2,2022,1/1/2023,
3260,SYNTHETIC COMPANY 00259,SYNTHETIC SITE 00259,,1 Example Way,Nowhere,ZZ,00000,3115,SYNTHETIC INDUSTRY,81,161078,2,0,0,0,0,0,0,0,0,0,0,0,0,100259,1,2,2022,1/1/2023,
3261,SYNTHETIC COMPANY 00260,SYNTHETIC SITE 00260,,1 Example Way,Nowhere,ZZ,00000,3252,SYNTHETIC INDUSTRY,72,108428,2,0,0,0,0,0,0,0,0,0,0,0,0,100260,1,2,2022,1/1/2023,
3262,SYNTHETIC COMPANY 00261,SYNTHETIC SITE 00261,,1 Example Way,Nowhere,ZZ,00000,4841,SYNTHETIC INDUSTRY,170,383867,1,0,8,0,2,56,0,10,0,0,0,0,0,100261,1,2,2022,1/1/2023,
3263,SYNTHETIC COMPANY 00262,SYNTHETIC SITE 00262,,1 Example Way,Nowhere,ZZ,00000,3251,SYNTHETIC INDUSTRY,43,80940,1,0,0,0,1,0,0,1,0,0,0,0,0,100262,1,2,2022,1/1/2023,
3264,SYNTHETIC COMPANY 00263,SYNTHETIC SITE 00263,,1 Example Way,Nowhere,ZZ,00000,4841,SYNTHETIC INDUSTRY,73,158728,2,0,0,0,0,0,0,0,0,0,0,0,0,100263,1,2,2022,1/1/2023,
3265,SYNTHETIC COMPANY 00264,SYNTHETIC SITE 00264,,1 Example Way,Nowhere,ZZ,00000,4451,SYNTHETIC INDUSTRY,155,344911,1,0,1,1,2,7,4,4,0,0,0,0,0,100264,1,2,2022,1/1/2023,
3266,SYNTHETIC COMPANY 00265,SYNTHETIC SITE 00265,,1 Example Way,Nowhere,ZZ,00000,6221,SYNTHETIC INDUSTRY,78,125331,1,0,0,0,1,0,0,1,0,0,0,0,0,100265,1,2,2022,1/1/2023,
3267,SYNTHETIC COMPANY 00266,SYNTHETIC SITE 00266,,1 Example Way,Nowhere,ZZ,00000,4841,SYNTHETIC INDUSTRY,50,83262,1,0,3,2,2,21,8,7,0,0,0,0,0,100266,1,2,2022,1/1/2023,
3268,SYNTHETIC COMPANY 00267,SYNTHETIC SITE 00267,,1 Example Way,Nowhere,ZZ,00000,3115,SYNTHETIC INDUSTRY,180,3048750,1,0,3,2,5,21,8,10,0,0,0,0,0,100267,1,2,2022,1/1/2023,
3269,SYNTHETIC COMPANY 00268,SYNTHETIC SITE 00268,,1 Example Way,Nowhere,ZZ,00000,3252,SYNTHETIC INDUSTRY,2,3932,2,0,0,0,0,0,0,0,0,0,0,0,0,100268,1,2,2022,1/1/2023,
3270,SYNTHETIC COMPANY 00269,SYNTHETIC SITE 00269,,1 Example Way,Nowhere,ZZ,00000,4451,SYNTHETIC INDUSTRY,155,291402,2,0,0,0,0,0,0,0,0,0,0,0,0,100269,1,2,2022,1/1/2023,
3271,SYNTHETIC COMPANY 00270,SYNTHETIC SITE 00270,,1 Example Way,Nowhere,ZZ,00000,3115,SYNTHETIC INDUSTRY,10,15345,2,0,0,0,0,0,0,0,0,0,0,0,0,100270,1,2,2022,1/1/2023,
3272,SYNTHETIC COMPANY 00271,SYNTHETIC SITE 00271,,1 Example Way,Nowhere,ZZ,00000,6221,SYNTHETIC INDUSTRY,96,138833,1,0,0,0,1,0,0,1,0,0,0,0,0,100271,1,2,2022,1/1/2023,
3273,SYNTHETIC COMPANY 00272,SYNTHETIC SITE 00272,,1 Example Way,Nowhere,ZZ,00000,2361,SYNTHETIC INDUSTRY,5,9119,2,0,0,0,0,0,0,0,0,0,0,0,0,100272,1,2,2022,1/1/2023,
3274,SYNTHETIC COMPANY 00273,SYNTHETIC SITE 00273,,1 Example Way,Nowhere,ZZ,00000,3251,SYNTHETIC INDUSTRY,281,527710,1,0,4,2,5,28,8,11,0,0,0,0,0,100273,1,2,2022,1/1/2023,
3275,SYNTHETIC COMPANY 00274,SYNTHETIC SITE 00274,,1 Example Way,Nowhere,ZZ,00000,3252,SYNTHETIC INDUSTRY,25,49854,2,0,0,0,0,0,0,0,0,0,0,0,0,100274,1,2,2022,1/1/2023,
3276,SYNTHETIC COMPANY 00275,SYNTHETIC SITE 00275,,1 Example Way,Nowhere,ZZ,00000,3115,SYNTHETIC INDUSTRY,79,169014,1,0,4,2,4,28,8,10,0,0,0,0,0,100275,1,2,2022,1/1/2023,
3277,SYNTHETIC COMPANY 00276,SYNTHETIC SITE 00276,,1 Example Way,Nowhere,ZZ,00000,6221,SYNTHETIC INDUSTRY,247,511679,2,0,0,0,0,0,0,0,0,0,0,0,0,100276,1,2,2022,1/1/2023,
3278,SYNTHETIC COMPANY 00277,SYNTHETIC SITE 00277,,1 Example Way,Nowhere,ZZ,00000,2361,SYNTHETIC INDUSTRY,114,263112,1,0,1,1,4,7,4,6,0,0,0,0,0,100277,1,2,2022,1/1/2023,
3279,SYNTHETIC COMPANY 00278,SYNTHETIC SITE 00278,,1 Example Way,Nowhere,ZZ,00000,3252,SYNTHETIC INDUSTRY,154,340013,1,0,1,2,1,7,8,4,0,0,0,0,0,100278,1,2,2022,1/1/2023,
3280,SYNTHETIC COMPANY 00279,SYNTHETIC SITE 00279,,1 Example Way,Nowhere,ZZ,00000,3328,SYNTHETIC INDUSTRY,111,184443,2,0,0,0,0,0,0,0,0,0,0,0,0,100279,1,2,2022,1/1/2023,
3281,SYNTHETIC COMPANY 00280,SYNTHETIC SITE 00280,,1 Example Way,Nowhere,ZZ,00000,3251,SYNTHETIC INDUSTRY,122,228824,1,0,1,0,1,7,0,2,0,0,0,0,0,100280,1,2,2022,1/1/2023,
3282,SYNTHETIC COMPANY 00281,SYNTHETIC SITE 00281,,1 Example Way,Nowhere,ZZ,00000,3252,SYNTHETIC INDUSTRY,44,79565,2,0,0,0,0,0,0,0,0,0,0,0,0,100281,1,2,2022,1/1/2023,
3283,SYNTHETIC COMPANY 00282,SYNTHETIC SITE 00282,,1 Example Way,Nowhere,ZZ,00000,3328,SYNTHETIC INDUSTRY,25,41526,1,0,1,0,1,7,0,2,0,0,0,0,0,100282,1,2,2022,1/1/2023,
3284,SYNTHETIC COMPANY 00283,SYNTHETIC SITE 00283,,1 Example Way,Nowhere,ZZ,00000,3328,SYNTHETIC INDUSTRY,10,19557,1,0,1,0,0,7,0,1,0,0,0,0,0,100283,1,2,2022,1/1/2023,
3285,SYNTHETIC COMPANY 00284,SYNTHETIC SITE 00284,,1 Example Way,Nowhere,ZZ,00000,6221,SYNTHETIC INDUSTRY,36,74014,2,0,0,0,0,0,0,0,0,0,0,0,0,100284,1,2,2022,1/1/2023,
3286,SYNTHETIC COMPANY 00285,SYNTHETIC SITE 00285,,1 Example Way,Nowhere,ZZ,00000,4841,SYNTHETIC INDUSTRY,20,30333,2,0,0,0,0,0,0,0,0,0,0,0,0,100285,1,2,2022,1/1/2023,
3287,SYNTHETIC COMPANY 00286,SYNTHETIC SITE 00286,,1 Example Way,Nowhere,ZZ,00000,3252,SYNTHETIC INDUSTRY,55,96479,1,0,0,0,2,0,0,2,0,0,0,0,0,100286,1,2,2022,1/1/2023,
3288,SYNTHETIC COMPANY 00287,SYNTHETIC SITE 00287,,1 Example Way,Nowhere,ZZ,00000,4841,SYNTHETIC INDUSTRY,29,58598,2,0,0,0,0,0,0,0,0,0,0,0,0,100287,1,2,2022,1/1/2023,
3289,SYNTHETIC COMPANY 00288,SYNTHETIC SITE 00288,,1 Example Way,Nowhere,ZZ,00000,3251,SYNTHETIC INDUSTRY,64,111365,1,0,2,0,3,14,0,5,0,0,0,0,0,100288,1,2,2022,1/1/2023,
3290,SYNTHETIC COMPANY 00289,SYNTHETIC SITE 00289,,1 Example Way,Nowhere,ZZ,00000,3115,SYNTHETIC INDUSTRY,17,32151,2,0,0,0,0,0,0,0,0,0,0,0,0,100289,1,2,2022,1/1/2023,
3291,SYNTHETIC COMPANY 00290,SYNTHETIC SITE 00290,,1 Example Way,Nowhere,ZZ,00000,4451,SYNTHETIC INDUSTRY,24,46954,2,0,0,0,0,0,0,0,0,0,0,0,0,100290,1,2,2022,1/1/2023,
3292,SYNTHETIC COMPANY 00291,SYNTHETIC SITE 00291,,1 Example Way,Nowhere,ZZ,00000,3328,SYNTHETIC INDUSTRY,313,634064,2,0,0,0,0,0,0,0,0,0,0,0,0,100291,1,2,2022,1/1/2023,
3293,SYNTHETIC COMPANY 00292,SYNTHETIC SITE 00292,,1 Example Way,Nowhere,ZZ,00000,4841,SYNTHETIC INDUSTRY,54,78750,1,0,0,0,1,0,0,1,0,0,0,0,0,100292,1,2,2022,1/1/2023,
3294,SYNTHETIC COMPANY 00293,SYNTHETIC SITE 00293,,1 Example Way,Nowhere,ZZ,00000,3251,SYNTHETIC INDUSTRY,31,51522,2,0,0,0,0,0,0,0,0,0,0,0,0,100293,1,2,2022,1/1/2023,
3295,SYNTHETIC COMPANY 00294,SYNTHETIC SITE 00294,,1 Example Way,Nowhere,ZZ,00000,3252,SYNTHETIC INDUSTRY,78,146468,1,0,0,0,7,0,0,7,0,0,0,0,0,100294,1,2,2022,1/1/2023,
3296,SYNTHETIC COMPANY 00295,SYNTHETIC SITE 00295,,1 Example Way,Nowhere,ZZ,00000,4841,SYNTHETIC INDUSTRY,70,127032,2,0,0,0,0,0,0,0,0,0,0,0,0,100295,1,2,2022,1/1/2023,
3297,SYNTHETIC COMPANY 00296,SYNTHETIC SITE 00296,,1 Example Way,Nowhere,ZZ,00000,3115,SYNTHETIC INDUSTRY,31,51841,1,0,0,1,0,0,4,1,0,0,0,0,0,100296,1,2,2022,1/1/2023,
3298,SYNTHETIC COMPANY 00297,SYNTHETIC SITE 00297,,1 Example Way,Nowhere,ZZ,00000,3115,SYNTHETIC INDUSTRY,78,132309,1,0,3,4,5,21,16,12,0,0,0,0,0,100297,1,2,2022,1/1/2023,
3299,SYNTHETIC COMPANY 00298,SYNTHETIC SITE 00298,,1 Example Way,Nowhere,ZZ,00000,4841,SYNTHETIC INDUSTRY,126,272620,2,0,0,0,0,0,0,0,0,0,0,0,0,100298,1,2,2022,1/1/2023,
3300,SYNTHETIC COMPANY 00299,SYNTHETIC SITE 00299,,1 Example Way,Nowhere,ZZ,00000,4451,SYNTHETIC INDUSTRY,13,23916,2,0,0,0,0,0,0,0,0,0,0,0,0,100299,1,2,2022,1/1/2023,
3301,SYNTHETIC COMPANY 00300,SYNTHETIC SITE 00300,,1 Example Way,Nowhere,ZZ,00000,2361,SYNTHETIC INDUSTRY,20,31475,1,0,0,1,0,0,4,1,0,0,0,0,0,100300,1,2,2022,1/1/2023,
3302,SYNTHETIC COMPANY 00301,SYNTHETIC SITE 00301,,1 Example Way,Nowhere,ZZ,00000,6221,SYNTHETIC INDUSTRY,141,246843,1,0,2,0,0,14,0,2,0,0,0,0,0,100301,1,2,2022,1/1/2023,
3303,SYNTHETIC COMPANY 00302,SYNTHETIC SITE 00302,,1 Example Way,Nowhere,ZZ,00000,2361,SYNTHETIC INDUSTRY,150,299607,1,0,1,0,1,7,0,2,0,0,0,0,0,100302,1,2,2022,1/1/2023,
3304,SYNTHETIC COMPANY 00303,SYNTHETIC SITE 00303,,1 Example Way,Nowhere,ZZ,00000,4451,SYNTHETIC INDUSTRY,36,495250,2,0,0,0,0,0,0,0,0,0,0,0,0,100303,1,2,2022,1/1/2023,
3305,SYNTHETIC COMPANY 00304,SYNTHETIC SITE 00304,,1 Example Way,Nowhere,ZZ,00000,3328,SYNTHETIC INDUSTRY,25,49975,1,0,1,1,0,7,4,2,0,0,0,0,0,100304,1,2,2022,1/1/2023,
3306,SYNTHETIC COMPANY 00305,SYNTHETIC SITE 00305,,1 Example Way,Nowhere,ZZ,00000,4451,SYNTHETIC INDUSTRY,123,216644,2,0,0,0,0,0,0,0,0,0,0,0,0,100305,1,2,2022,1/1/2023,
3307,SYNTHETIC COMPANY 00306,SYNTHETIC SITE 00306,,1 Example Way,Nowhere,ZZ,00000,3328,SYNTHETIC INDUSTRY,69,127416,1,0,0,2,2,0,8,4,0,0,0,0,0,100306,1,2,2022,1/1/2023,
3308,SYNTHETIC COMPANY 00307,SYNTHETIC SITE 00307,,1 Example Way,Nowhere,ZZ,00000,3251,SYNTHETIC INDUSTRY,15,23355,2,0,0,0,0,0,0,0,0,0,0,0,0,100307,1,2,2022,1/1/2023,
3309,SYNTHETIC COMPANY 00308,SYNTHETIC SITE 00308,,1 Example Way,Nowhere,ZZ,00000,3251,SYNTHETIC INDUSTRY,248,564527,2,0,0,0,0,0,0,0,0,0,0,0,0,100308,1,2,2022,1/1/2023,
3310,SYNTHETIC COMPANY 00309,SYNTHETIC SITE 00309,,1 Example Way,Nowhere,ZZ,00000,3115,SYNTHETIC INDUSTRY,8,13630,2,0,0,0,0,0,0,0,0,0,0,0,0,100309,1,2,2022,1/1/2023,
3311,SYNTHETIC COMPANY 00310,SYNTHETIC SITE 00310,,1 Example Way,Nowhere,ZZ,00000,2361,SYNTHETIC INDUSTRY,7,14351,2,0,0,0,0,0,0,0,0,0,0,0,0,100310,1,2,2022,1/1/2023,
3312,SYNTHETIC COMPANY 00311,SYNTHETIC SITE 00311,,1 Example Way,Nowhere,ZZ,00000,6221,SYNTHETIC INDUSTRY,734,1489296,2,0,0,0,0,0,0,0,0,0,0,0,0,100311,1,2,2022,1/1/2023,
3313,SYNTHETIC COMPANY 00312,SYNTHETIC SITE 00312,,1 Example Way,Nowhere,ZZ,00000,3328,SYNTHETIC INDUSTRY,58,112714,1,0,0,0,2,0,0,2,0,0,0,0,0,100312,1,2,2022,1/1/2023,
3314,SYNTHETIC COMPANY 00313,SYNTHETIC SITE 00313,,1 Example Way,Nowhere,ZZ,00000,3328,SYNTHETIC INDUSTRY,18,23569,1,0,1,0,0,7,0,1,0,0,0,0,0,100313,1,2,2022,1/1/2023,
3315,SYNTHETIC COMPANY 00314,SYNTHETIC SITE 00314,,1 Example Way,Nowhere,ZZ,00000,3328,SYNTHETIC INDUSTRY,801,1357860,1,0,4,6,8,28,24,18,0,0,0,0,0,100314,1,2,2022,1/1/2023,
3316,SYNTHETIC COMPANY 00315,SYNTHETIC SITE 00315,,1 Example Way,Nowhere,ZZ,00000,2361,SYNTHETIC INDUSTRY,83,164247,1,0,0,0,1,0,0,1,0,0,0,0,0,100315,1,2,2022,1/1/2023,
3317,SYNTHETIC COMPANY 00316,SYNTHETIC SITE 00316,,1 Example Way,Nowhere,ZZ,00000,3328,SYNTHETIC INDUSTRY,7,13364,2,0,0,0,0,0,0,0,0,0,0,0,0,100316,1,2,2022,1/1/2023,
3318,SYNTHETIC COMPANY 00317,SYNTHETIC SITE 00317,,1 Example Way,Nowhere,ZZ,00000,2361,SYNTHETIC INDUSTRY,523,760171,1,0,0,1,1,0,4,2,0,0,0,0,0,100317,1,2,2022,1/1/2023,
3319,SYNTHETIC COMPANY 00318,SYNTHETIC SITE 00318,,1 Example Way,Nowhere,ZZ,00000,4451,SYNTHETIC INDUSTRY,18,30207,1,0,1,0,0,7,0,1,0,0,0,0,0,100318,1,2,2022,1/1/2023,
3320,SYNTHETIC COMPANY 00319,SYNTHETIC SITE 00319,,1 Example Way,Nowhere,ZZ,00000,3252,SYNTHETIC INDUSTRY,22,41731,2,0,0,0,0,0,0,0,0,0,0,0,0,100319,1,2,2022,1/1/2023,
3321,SYNTHETIC COMPANY 00320,SYNTHETIC SITE 00320,,1 Example Way,Nowhere,ZZ,00000,4841,SYNTHETIC INDUSTRY,9,17983,2,0,0,0,0,0,0,0,0,0,0,0,0,100320,1,2,2022,1/1/2023,
3322,SYNTHETIC COMPANY 00321,SYNTHETIC SITE 00321,,1 Example Way,Nowhere,ZZ,00000,2361,SYNTHETIC INDUSTRY,5,9198,2,0,0,0,0,0,0,0,0,0,0,0,0,100321,1,2,2022,1/1/2023,
3323,SYNTHETIC COMPANY 00322,SYNTHETIC SITE 00322,,1 Example Way,Nowhere,ZZ,00000,3251,SYNTHETIC INDUSTRY,180,340042,1,0,2,2,3,14,8,7,0,0,0,0,0,100322,1,2,2022,1/1/2023,
3324,SYNTHETIC COMPANY 00323,SYNTHETIC SITE 00323,,1 Example Way,Nowhere,ZZ,00000,6221,SYNTHETIC INDUSTRY,287,451514,2,0,0,0,0,0,0,0,0,0,0,0,0,100323,1,2,2022,1/1/2023,
3325,SYNTHETIC COMPANY 00324,SYNTHETIC SITE 00324,,1 Example Way,Nowhere,ZZ,00000,3328,SYNTHETIC INDUSTRY,9,17640,1,0,1,0,0,7,0,1,0,0,0,0,0,100324,1,2,2022,1/1/2023,
3326,SYNTHETIC COMPANY 00325,SYNTHETIC SITE 00325,,1 Example Way,Nowhere,ZZ,00000,4841,SYNTHETIC INDUSTRY,29,57588,1,0,0,1,0,0,4,1,0,0,0,0,0,100325,1,2,2022,1/1/2023,
3327,SYNTHETIC COMPANY 00326,SYNTHETIC SITE 00326,,1 Example Way,Nowhere,ZZ,00000,3115,SYNTHETIC INDUSTRY,19,39156,2,0,0,0,0,0,0,0,0,0,0,0,0,100326,1,2,2022,1/1/2023,
3328,SYNTHETIC COMPANY 00327,SYNTHETIC SITE 00327,,1 Example Way,Nowhere,ZZ,00000,4451,SYNTHETIC INDUSTRY,12,21641,2,0,0,0,0,0,0,0,0,0,0,0,0,100327,1,2,2022,1/1/2023,
3329,SYNTHETIC COMPANY 00328,SYNTHETIC SITE 00328,,1 Example Way,Nowhere,ZZ,00000,3251,SYNTHETIC INDUSTRY,217,392920,1,0,0,1,1,0,4,2,0,0,0,0,0,100328,1,2,2022,1/1/2023,
3330,SYNTHETIC COMPANY 00329,SYNTHETIC SITE 00329,,1 Example Way,Nowhere,ZZ,00000,6221,SYNTHETIC INDUSTRY,193,364111,1,0,11,8,7,77,32,26,0,0,0,0,0,100329,1,2,2022,1/1/2023,
3331,SYNTHETIC COMPANY 00330,SYNTHETIC SITE 00330,,1 Example Way,Nowhere,ZZ,00000,3251,SYNTHETIC INDUSTRY,31,62126,2,0,0,0,0,0,0,0,0,0,0,0,0,100330,1,2,2022,1/1/2023,
3332,SYNTHETIC COMPANY 00331,SYNTHETIC SITE 00331,,1 Example Way,Nowhere,ZZ,00000,3328,SYNTHETIC INDUSTRY,21,39226,2,0,0,0,0,0,0,0,0,0,0,0,0,100331,1,2,2022,1/1/2023,
3333,SYNTHETIC COMPANY 00332,SYNTHETIC SITE 00332,,1 Example Way,Nowhere,ZZ,00000,2361,SYNTHETIC INDUSTRY,28,51527,2,0,0,0,0,0,0,0,0,0,0,0,0,100332,1,2,2022,1/1/2023,
3334,SYNTHETIC COMPANY 00333,SYNTHETIC SITE 00333,,1 Example Way,Nowhere,ZZ,00000,3115,SYNTHETIC INDUSTRY,30,49087,1,0,0,0,1,0,0,1,0,0,0,0,0,100333,1,2,2022,1/1/2023,
3335,SYNTHETIC COMPANY 00334,SYNTHETIC SITE 00334,,1 Example Way,Nowhere,ZZ,00000,3251,SYNTHETIC INDUSTRY,7,13183,2,0,0,0,0,0,0,0,0,0,0,0,0,100334,1,2,2022,1/1/2023,
3336,SYNTHETIC COMPANY 00335,SYNTHETIC SITE 00335,,1 Example Way,Nowhere,ZZ,00000,4451,SYNTHETIC INDUSTRY,40,69411,2,0,0,0,0,0,0,0,0,0,0,0,0,100335,1,2,2022,1/1/2023,
3337,SYNTHETIC COMPANY 00336,SYNTHETIC SITE 00336,,1 Example Way,Nowhere,ZZ,00000,3252,SYNTHETIC INDUSTRY,108,182753,1,0,0,1,2,0,4,3,0,0,0,0,0,100336,1,2,2022,1/1/2023,
3338,SYNTHETIC COMPANY 00337,SYNTHETIC SITE 00337,,1 Example Way,Nowhere,ZZ,00000,3328,SYNTHETIC INDUSTRY,117,241592,2,0,0,0,0,0,0,0,0,0,0,0,0,100337,1,2,2022,1/1/2023,
3339,SYNTHETIC COMPANY 00338,SYNTHETIC SITE 00338,,1 Example Way,Nowhere,ZZ,00000,4841,SYNTHETIC INDUSTRY,64,121095,1,0,3,3,5,21,12,11,0,0,0,0,0,100338,1,2,2022,1/1/2023,
3340,SYNTHETIC COMPANY 00339,SYNTHETIC SITE 00339,,1 Example Way,Nowhere,ZZ,00000,4841,SYNTHETIC INDUSTRY,20,33089,2,0,0,0,0,0,0,0,0,0,0,0,0,100339,1,2,2022,1/1/2023,
3341,SYNTHETIC COMPANY 00340,SYNTHETIC SITE 00340,,1 Example Way,Nowhere,ZZ,00000,3251,SYNTHETIC INDUSTRY,14,29112,1,0,1,0,0,7,0,1,0,0,0,0,0,100340,1,2,2022,1/1/2023,
3342,SYNTHETIC COMPANY 00341,SYNTHETIC SITE 00341,,1 Example Way,Nowhere,ZZ,00000,6221,SYNTHETIC INDUSTRY,12,25109,2,0,0,0,0,0,0,0,0,0,0,0,0,100341,1,2,2022,1/1/2023,
3343,SYNTHETIC COMPANY 00342,SYNTHETIC SITE 00342,,1 Example Way,Nowhere,ZZ,00000,3252,SYNTHETIC INDUSTRY,13,25638,2,0,0,0,0,0,0,0,0,0,0,0,0,100342,1,2,2022,1/1/2023,
3344,SYNTHETIC COMPANY 00343,SYNTHETIC SITE 00343,,1 Example Way,Nowhere,ZZ,00000,6221,SYNTHETIC INDUSTRY,187,287816,1,0,0,1,1,0,4,2,0,0,0,0,0,100343,1,2,2022,1/1/2023,
3345,SYNTHETIC COMPANY 00344,SYNTHETIC SITE 00344,,1 Example Way,Nowhere,ZZ,00000,4451,SYNTHETIC INDUSTRY,85,130231,1,0,0,0,1,0,0,1,0,0,0,0,0,100344,1,2,2022,1/1/2023,
3346,SYNTHETIC COMPANY 00345,SYNTHETIC SITE 00345,,1 Example Way,Nowhere,ZZ,00000,3328,SYNTHETIC INDUSTRY,70,122502,2,0,0,0,0,0,0,0,0,0,0,0,0,100345,1,2,2022,1/1/2023,
3347,SYNTHETIC COMPANY 00346,SYNTHETIC SITE 00346,,1 Example Way,Nowhere,ZZ,00000,4451,SYNTHETIC INDUSTRY,509,931357,1,0,3,2,2,21,8,7,0,0,0,0,0,100346,1,2,2022,1/1/2023,
3348,SYNTHETIC COMPANY 00347,SYNTHETIC SITE 00347,,1 Example Way,Nowhere,ZZ,00000,4841,SYNTHETIC INDUSTRY,100,144376,2,0,0,0,0,0,0,0,0,0,0,0,0,100347,1,2,2022,1/1/2023,
3349,SYNTHETIC COMPANY 00348,SYNTHETIC SITE 00348,,1 Example Way,Nowhere,ZZ,00000,3252,SYNTHETIC INDUSTRY,143,259973,2,0,0,0,0,0,0,0,0,0,0,0,0,100348,1,2,2022,1/1/2023,
3350,SYNTHETIC COMPANY 00349,SYNTHETIC SITE 00349,,1 Example Way,Nowhere,ZZ,00000,6221,SYNTHETIC INDUSTRY,74,156353,2,0,0,0,0,0,0,0,0,0,0,0,0,100349,1,2,2022,1/1/2023,
3351,SYNTHETIC COMPANY 00350,SYNTHETIC SITE 00350,,1 Example Way,Nowhere,ZZ,00000,3251,SYNTHETIC INDUSTRY,36,77316,1,0,1,1,0,7,4,2,0,0,0,0,0,100350,1,2,2022,1/1/2023,
3352,SYNTHETIC COMPANY 00351,SYNTHETIC SITE 00351,,1 Example Way,Nowhere,ZZ,00000,3115,SYNTHETIC INDUSTRY,8,15244,2,0,0,0,0,0,0,0,0,0,0,0,0,100351,1,2,2022,1/1/2023,
3353,SYNTHETIC COMPANY 00352,SYNTHETIC SITE 00352,,1 Example Way,Nowhere,ZZ,00000,4451,SYNTHETIC INDUSTRY,28,46137,2,0,0,0,0,0,0,0,0,0,0,0,0,100352,1,2,2022,1/1/2023,
3354,SYNTHETIC COMPANY 00353,SYNTHETIC SITE 00353,,1 Example Way,Nowhere,ZZ,00000,3328,SYNTHETIC INDUSTRY,29,51901,1,0,0,0,1,0,0,1,0,0,0,0,0,100353,1,2,2022,1/1/2023,
3355,SYNTHETIC COMPANY 00354,SYNTHETIC SITE 00354,,1 Example Way,Nowhere,ZZ,00000,3251,SYNTHETIC INDUSTRY,16,33809,1,0,0,1,2,0,4,3,0,0,0,0,0,100354,1,2,2022,1/1/2023,
3356,SYNTHETIC COMPANY 00355,SYNTHETIC SITE 00355,,1 Example Way,Nowhere,ZZ,00000,6221,SYNTHETIC INDUSTRY,112,203713,1,0,0,0,2,0,0,2,0,0,0,0,0,100355,1,2,2022,1/1/2023,
3357,SYNTHETIC COMPANY 00356,SYNTHETIC SITE 00356,,1 Example Way,Nowhere,ZZ,00000,3115,SYNTHETIC INDUSTRY,88,144447,1,0,0,0,1,0,0,1,0,0,0,0,0,100356,1,2,2022,1/1/2023,
3358,SYNTHETIC COMPANY 00357,SYNTHETIC SITE 00357,,1 Example Way,Nowhere,ZZ,00000,3328,SYNTHETIC INDUSTRY,41,73852,2,0,0,0,0,0,0,0,0,0,0,0,0,100357,1,2,2022,1/1/2023,
3359,SYNTHETIC COMPANY 00358,SYNTHETIC SITE 00358,,1 Example Way,Nowhere,ZZ,00000,6221,SYNTHETIC INDUSTRY,35,63099,2,0,0,0,0,0,0,0,0,0,0,0,0,100358,1,2,2022,1/1/2023,
3360,SYNTHETIC COMPANY 00359,SYNTHETIC SITE 00359,,1 Example Way,Nowhere,ZZ,00000,3115,SYNTHETIC INDUSTRY,43,75531,2,0,0,0,0,0,0,0,0,0,0,0,0,100359,1,2,2022,1/1/2023,
3361,SYNTHETIC COMPANY 00360,SYNTHETIC SITE 00360,,1 Example Way,Nowhere,ZZ,00000,3252,SYNTHETIC INDUSTRY,150,330815,1,0,0,1,6,0,4,7,0,0,0,0,0,100360,1,2,2022,1/1/2023,
3362,SYNTHETIC COMPANY 00361,SYNTHETIC SITE 00361,,1 Example Way,Nowhere,ZZ,00000,2361,SYNTHETIC INDUSTRY,29,65094,1,0,0,0,1,0,0,1,0,0,0,0,0,100361,1,2,2022,1/1/2023,
3363,SYNTHETIC COMPANY 00362,SYNTHETIC SITE 00362,,1 Example Way,Nowhere,ZZ,00000,6221,SYNTHETIC INDUSTRY,8,15666,2,0,0,0,0,0,0,0,0,0,0,0,0,100362,1,2,2022,1/1/2023,
3364,SYNTHETIC COMPANY 00363,SYNTHETIC SITE 00363,,1 Example Way,Nowhere,ZZ,00000,4451,SYNTHETIC INDUSTRY,124,257420,1,0,4,0,1,28,0,5,0,0,0,0,0,100363,1,2,2022,1/1/2023,
3365,SYNTHETIC COMPANY 00364,SYNTHETIC SITE 00364,,1 Example Way,Nowhere,ZZ,00000,3251,SYNTHETIC INDUSTRY,81,132934,2,0,0,0,0,0,0,0,0,0,0,0,0,100364,1,2,2022,1/1/2023,
3366,SYNTHETIC COMPANY 00365,SYNTHETIC SITE 00365,,1 Example Way,Nowhere,ZZ,00000,3251,SYNTHETIC INDUSTRY,8,11272,2,0,0,0,0,0,0,0,0,0,0,0,0,100365,1,2,2022,1/1/2023,
3367,SYNTHETIC COMPANY 00366,SYNTHETIC SITE 00366,,1 Example Way,Nowhere,ZZ,00000,4841,SYNTHETIC INDUSTRY,55,78939,2,0,0,0,0,0,0,0,0,0,0,0,0,100366,1,2,2022,1/1/2023,
3368,SYNTHETIC COMPANY 00367,SYNTHETIC SITE 00367,,1 Example Way,Nowhere,ZZ,00000,3328,SYNTHETIC INDUSTRY,9,16135,2,0,0,0,0,0,0,0,0,0,0,0,0,100367,1,2,2022,1/1/2023,
3369,SYNTHETIC COMPANY 00368,SYNTHETIC SITE 00368,,1 Example Way,Nowhere,ZZ,00000,2361,SYNTHETIC INDUSTRY,43,846010,1,0,0,4,0,0,16,4,0,0,0,0,0,100368,1,2,2022,1/1/2023,
3370,SYNTHETIC COMPANY 00369,SYNTHETIC SITE 00369,,1 Example Way,Nowhere,ZZ,00000,6221,SYNTHETIC INDUSTRY,9,16222,1,0,0,0,1,0,0,1,0,0,0,0,0,100369,1,2,2022,1/1/2023,
3371,SYNTHETIC COMPANY 00370,SYNTHETIC SITE 00370,,1 Example Way,Nowhere,ZZ,00000,2361,SYNTHETIC INDUSTRY,369,564195,2,0,0,0,0,0,0,0,0,0,0,0,0,100370,1,2,2022,1/1/2023,
3372,SYNTHETIC COMPANY 00371,SYNTHETIC SITE 00371,,1 Example Way,Nowhere,ZZ,00000,4841,SYNTHETIC INDUSTRY,94,185151,1,0,0,1,2,0,4,3,0,0,0,0,0,100371,1,2,2022,1/1/2023,
3373,SYNTHETIC COMPANY 00372,SYNTHETIC SITE 00372,,1 Example Way,Nowhere,ZZ,00000,6221,SYNTHETIC INDUSTRY,31,40233,1,0,1,1,1,7,4,3,0,0,0,0,0,100372,1,2,2022,1/1/2023,
3374,SYNTHETIC COMPANY 00373,SYNTHETIC SITE 00373,,1 Example Way,Nowhere,ZZ,00000,4451,SYNTHETIC INDUSTRY,62,102253,1,0,0,0,1,0,0,1,0,0,0,0,0,100373,1,2,2022,1/1/2023,
3375,SYNTHETIC COMPANY 00374,SYNTHETIC SITE 00374,,1 Example Way,Nowhere,ZZ,00000,3251,SYNTHETIC INDUSTRY,36,81262,1,0,0,0,1,0,0,1,0,0,0,0,0,100374,1,2,2022,1/1/2023,
3376,SYNTHETIC COMPANY 00375,SYNTHETIC SITE 00375,,1 Example Way,Nowhere,ZZ,00000,4451,SYNTHETIC INDUSTRY,36,70410,1,0,1,1,1,7,4,3,0,0,0,0,0,100375,1,2,2022,1/1/2023,
3377,SYNTHETIC COMPANY 00376,SYNTHETIC SITE 00376,,1 Example Way,Nowhere,ZZ,00000,3251,SYNTHETIC INDUSTRY,42,68173,2,0,0,0,0,0,0,0,0,0,0,0,0,100376,1,2,2022,1/1/2023,
3378,SYNTHETIC COMPANY 00377,SYNTHETIC SITE 00377,,1 Example Way,Nowhere,ZZ,00000,3328,SYNTHETIC INDUSTRY,274,435960,1,0,0,0,1,0,0,1,0,0,0,0,0,100377,1,2,2022,1/1/2023,
3379,SYNTHETIC COMPANY 00378,SYNTHETIC SITE 00378,,1 Example Way,Nowhere,ZZ,00000,3115,SYNTHETIC INDUSTRY,119,231194,2,0,0,0,0,0,0,0,0,0,0,0,0,100378,1,2,2022,1/1/2023,
3380,SYNTHETIC COMPANY 00379,SYNTHETIC SITE 00379,,1 Example Way,Nowhere,ZZ,00000,6221,SYNTHETIC INDUSTRY,187,385258,1,0,2,2,3,14,8,7,0,0,0,0,0,100379,1,2,2022,1/1/2023,
3381,SYNTHETIC COMPANY 00380,SYNTHETIC SITE 00380,,1 Example Way,Nowhere,ZZ,00000,4841,SYNTHETIC INDUSTRY,9,17329,2,0,0,0,0,0,0,0,0,0,0,0,0,100380,1,2,2022,1/1/2023,
3382,SYNTHETIC COMPANY 00381,SYNTHETIC SITE 00381,,1 Example Way,Nowhere,ZZ,00000,3115,SYNTHETIC INDUSTRY,35,48145,1,0,1,0,0,7,0,1,0,0,0,0,0,100381,1,2,2022,1/1/2023,
3383,SYNTHETIC COMPANY 00382,SYNTHETIC SITE 00382,,1 Example Way,Nowhere,ZZ,00000,3252,SYNTHETIC INDUSTRY,54,113778,1,0,0,0,2,0,0,2,0,0,0,0,0,100382,1,2,2022,1/1/2023,
3384,SYNTHETIC COMPANY 00383,SYNTHETIC SITE 00383,,1 Example Way,Nowhere,ZZ,00000,3252,SYNTHETIC INDUSTRY,764,1624228,1,0,0,1,3,0,4,4,0,0,0,0,0,100383,1,2,2022,1/1/2023,
3385,SYNTHETIC COMPANY 00384,SYNTHETIC SITE 00384,,1 Example Way,Nowhere,ZZ,00000,3115,SYNTHETIC INDUSTRY,23,53638,2,0,0,0,0,0,0,0,0,0,0,0,0,100384,1,2,2022,1/1/2023,
3386,SYNTHETIC COMPANY 00385,SYNTHETIC SITE 00385,,1 Example Way,Nowhere,ZZ,00000,4841,SYNTHETIC INDUSTRY,76,127018,2,0,0,0,0,0,0,0,0,0,0,0,0,100385,1,2,2022,1/1/2023,
3387,SYNTHETIC COMPANY 00386,SYNTHETIC SITE 00386,,1 Example Way,Nowhere,ZZ,00000,6221,SYNTHETIC INDUSTRY,8,17061,1,0,0,0,1,0,0,1,0,0,0,0,0,100386,1,2,2022,1/1/2023,
3388,SYNTHETIC COMPANY 00387,SYNTHETIC SITE 00387,,1 Example Way,Nowhere,ZZ,00000,3115,SYNTHETIC INDUSTRY,45,98052,2,0,0,0,0,0,0,0,0,0,0,0,0,100387,1,2,2022,1/1/2023,
3389,SYNTHETIC COMPANY 00388,SYNTHETIC SITE 00388,,1 Example Way,Nowhere,ZZ,00000,3115,SYNTHETIC INDUSTRY,40,61692,2,0,0,0,0,0,0,0,0,0,0,0,0,100388,1,2,2022,1/1/2023,
3390,SYNTHETIC COMPANY 00389,SYNTHETIC SITE 00389,,1 Example Way,Nowhere,ZZ,00000,4841,SYNTHETIC INDUSTRY,255,404438,1,0,2,0,2,14,0,4,0,0,0,0,0,100389,1,2,2022,1/1/2023,
3391,SYNTHETIC COMPANY 00390,SYNTHETIC SITE 00390,,1 Example Way,Nowhere,ZZ,00000,3328,SYNTHETIC INDUSTRY,56,95515,1,0,0,2,1,0,8,3,0,0,0,0,0,100390,1,2,2022,1/1/2023,
3392,SYNTHETIC COMPANY 00391,SYNTHETIC SITE 00391,,1 Example Way,Nowhere,ZZ,00000,4841,SYNTHETIC INDUSTRY,44,84732,1,0,2,0,0,14,0,2,0,0,0,0,0,100391,1,2,2022,1/1/2023,
3393,SYNTHETIC COMPANY 00392,SYNTHETIC SITE 00392,,1 Example Way,Nowhere,ZZ,00000,4451,SYNTHETIC INDUSTRY,49,126346,2,0,0,0,0,0,0,0,0,0,0,0,0,100392,1,2,2022,1/1/2023,
3394,SYNTHETIC COMPANY 00393,SYNTHETIC SITE 00393,,1 Example Way,Nowhere,ZZ,00000,3251,SYNTHETIC INDUSTRY,73,141653,2,0,0,0,0,0,0,0,0,0,0,0,0,100393,1,2,2022,1/1/2023,
3395,SYNTHETIC COMPANY 00394,SYNTHETIC SITE 00394,,1 Example Way,Nowhere,ZZ,00000,3251,SYNTHETIC INDUSTRY,28,57830,2,0,0,0,0,0,0,0,0,0,0,0,0,100394,1,2,2022,1/1/2023,
3396,SYNTHETIC COMPANY 00395,SYNTHETIC SITE 00395,,1 Example Way,Nowhere,ZZ,00000,4451,SYNTHETIC INDUSTRY,17,38913,2,0,0,0,0,0,0,0,0,0,0,0,0,100395,1,2,2022,1/1/2023,
3397,SYNTHETIC COMPANY 00396,SYNTHETIC SITE 00396,,1 Example Way,Nowhere,ZZ,00000,3252,SYNTHETIC INDUSTRY,207,364246,2,0,0,0,0,0,0,0,0,0,0,0,0,100396,1,2,2022,1/1/2023,
3398,SYNTHETIC COMPANY 00397,SYNTHETIC SITE 00397,,1 Example Way,Nowhere,ZZ,00000,2361,SYNTHETIC INDUSTRY,8,12200,2,0,0,0,0,0,0,0,0,0,0,0,0,100397,1,2,2022,1/1/2023,
3399,SYNTHETIC COMPANY 00398,SYNTHETIC SITE 00398,,1 Example Way,Nowhere,ZZ,00000,3252,SYNTHETIC INDUSTRY,29,45737,2,0,0,0,0,0,0,0,0,0,0,0,0,100398,1,2,2022,1/1/2023,
3400,SYNTHETIC COMPANY 00399,SYNTHETIC SITE 00399,,1 Example Way,Nowhere,ZZ,00000,3115,SYNTHETIC INDUSTRY,64,112319,1,0,1,0,0,7,0,1,0,0,0,0,0,100399,1,2,2022,1/1/2023,
3401,SYNTHETIC COMPANY 00400,SYNTHETIC SITE 00400,,1 Example Way,Nowhere,ZZ,00000,3115,SYNTHETIC INDUSTRY,21,35831,2,0,0,0,0,0,0,0,0,0,0,0,0,100400,1,2,2022,1/1/2023,
3402,SYNTHETIC COMPANY 00401,SYNTHETIC SITE 00401,,1 Example Way,Nowhere,ZZ,00000,4841,SYNTHETIC INDUSTRY,59,134775,1,0,6,5,5,42,20,16,0,0,0,0,0,100401,1,2,2022,1/1/2023,
3403,SYNTHETIC COMPANY 00402,SYNTHETIC SITE 00402,,1 Example Way,Nowhere,ZZ,00000,3251,SYNTHETIC INDUSTRY,3,6968,2,0,0,0,0,0,0,0,0,0,0,0,0,100402,1,2,2022,1/1/2023,
3404,SYNTHETIC COMPANY 00403,SYNTHETIC SITE 00403,,1 Example Way,Nowhere,ZZ,00000,6221,SYNTHETIC INDUSTRY,44,69616,1,0,0,0,1,0,0,1,0,0,0,0,0,100403,1,2,2022,1/1/2023,
3405,SYNTHETIC COMPANY 00404,SYNTHETIC SITE 00404,,1 Example Way,Nowhere,ZZ,00000,4841,SYNTHETIC INDUSTRY,2436,4025236,2,0,0,0,0,0,0,0,0,0,0,0,0,100404,1,2,2022,1/1/2023,
3406,SYNTHETIC COMPANY 00405,SYNTHETIC SITE 00405,,1 Example Way,Nowhere,ZZ,00000,6221,SYNTHETIC INDUSTRY,79,144485,2,0,0,0,0,0,0,0,0,0,0,0,0,100405,1,2,2022,1/1/2023,
3407,SYNTHETIC COMPANY 00406,SYNTHETIC SITE 00406,,1 Example Way,Nowhere,ZZ,00000,3115,SYNTHETIC INDUSTRY,61,102151,1,0,2,0,3,14,0,5,0,0,0,0,0,100406,1,2,2022,1/1/2023,
3408,SYNTHETIC COMPANY 00407,SYNTHETIC SITE 00407,,1 Example Way,Nowhere,ZZ,00000,4451,SYNTHETIC INDUSTRY,31,47257,2,0,0,0,0,0,0,0,0,0,0,0,0,100407,1,2,2022,1/1/2023,
3409,SYNTHETIC COMPANY 00408,SYNTHETIC SITE 00408,,1 Example Way,Nowhere,ZZ,00000,6221,SYNTHETIC INDUSTRY,39,62528,2,0,0,0,0,0,0,0,0,0,0,0,0,100408,1,2,2022,1/1/2023,
3410,SYNTHETIC COMPANY 00409,SYNTHETIC SITE 00409,,1 Example Way,Nowhere,ZZ,00000,4841,SYNTHETIC INDUSTRY,13,18827,2,0,0,0,0,0,0,0,0,0,0,0,0,100409,1,2,2022,1/1/2023,
3411,SYNTHETIC COMPANY 00410,SYNTHETIC SITE 00410,,1 Example Way,Nowhere,ZZ,00000,4451,SYNTHETIC INDUSTRY,29,56627,2,0,0,0,0,0,0,0,0,0,0,0,0,100410,1,2,2022,1/1/2023,
3412,SYNTHETIC COMPANY 00411,SYNTHETIC SITE 00411,,1 Example Way,Nowhere,ZZ,00000,4451,SYNTHETIC INDUSTRY,118,229005,1,0,2,0,5,14,0,7,0,0,0,0,0,100411,1,2,2022,1/1/2023,
3413,SYNTHETIC COMPANY 00412,SYNTHETIC SITE 00412,,1 Example Way,Nowhere,ZZ,00000,3251,SYNTHETIC INDUSTRY,180,343513,1,0,2,3,2,14,12,7,0,0,0,0,0,100412,1,2,2022,1/1/2023,
3414,SYNTHETIC COMPANY 00413,SYNTHETIC SITE 00413,,1 Example Way,Nowhere,ZZ,00000,4841,SYNTHETIC INDUSTRY,15,33906,1,0,0,0,1,0,0,1,0,0,0,0,0,100413,1,2,2022,1/1/2023,
3415,SYNTHETIC COMPANY 00414,SYNTHETIC SITE 00414,,1 Example Way,Nowhere,ZZ,00000,3252,SYNTHETIC INDUSTRY,142,245613,2,0,0,0,0,0,0,0,0,0,0,0,0,100414,1,2,2022,1/1/2023,
3416,SYNTHETIC COMPANY 00415,SYNTHETIC SITE 00415,,1 Example Way,Nowhere,ZZ,00000,4841,SYNTHETIC INDUSTRY,187,378999,1,0,0,1,0,0,4,1,0,0,0,0,0,100415,1,2,2022,1/1/2023,
3417,SYNTHETIC COMPANY 00416,SYNTHETIC SITE 00416,,1 Example Way,Nowhere,ZZ,00000,3328,SYNTHETIC INDUSTRY,58,87953,2,0,0,0,0,0,0,0,0,0,0,0,0,100416,1,2,2022,1/1/2023,
3418,SYNTHETIC COMPANY 00417,SYNTHETIC SITE 00417,,1 Example Way,Nowhere,ZZ,00000,2361,SYNTHETIC INDUSTRY,33,58281,2,0,0,0,0,0,0,0,0,0,0,0,0,100417,1,2,2022,1/1/2023,
3419,SYNTHETIC COMPANY 00418,SYNTHETIC SITE 00418,,1 Example Way,Nowhere,ZZ,00000,6221,SYNTHETIC INDUSTRY,11,19537,2,0,0,0,0,0,0,0,0,0,0,0,0,100418,1,2,2022,1/1/2023,
3420,SYNTHETIC COMPANY 00419,SYNTHETIC SITE 00419,,1 Example Way,Nowhere,ZZ,00000,4841,SYNTHETIC INDUSTRY,75,137904,1,0,0,0,1,0,0,1,0,0,0,0,0,100419,1,2,2022,1/1/2023,
3421,SYNTHETIC COMPANY 00420,SYNTHETIC SITE 00420,,1 Example Way,Nowhere,ZZ,00000,2361,SYNTHETIC INDUSTRY,132,192082,1,0,1,1,0,7,4,2,0,0,0,0,0,100420,1,2,2022,1/1/2023,
3422,SYNTHETIC COMPANY 00421,SYNTHETIC SITE 00421,,1 Example Way,Nowhere,ZZ,00000,6221,SYNTHETIC INDUSTRY,46,98930,1,0,1,1,0,7,4,2,0,0,0,0,0,100421,1,2,2022,1/1/2023,
3423,SYNTHETIC COMPANY 00422,SYNTHETIC SITE 00422,,1 Example Way,Nowhere,ZZ,00000,6221,SYNTHETIC INDUSTRY,12,23335,2,0,0,0,0,0,0,0,0,0,0,0,0,100422,1,2,2022,1/1/2023,
3424,SYNTHETIC COMPANY 00423,SYNTHETIC SITE 00423,,1 Example Way,Nowhere,ZZ,00000,4451,SYNTHETIC INDUSTRY,29,51071,2,0,0,0,0,0,0,0,0,0,0,0,0,100423,1,2,2022,1/1/2023,
3425,SYNTHETIC COMPANY 00424,SYNTHETIC SITE 00424,,1 Example Way,Nowhere,ZZ,00000,3328,SYNTHETIC INDUSTRY,13,24024,2,0,0,0,0,0,0,0,0,0,0,0,0,100424,1,2,2022,1/1/2023,
3426,SYNTHETIC COMPANY 00425,SYNTHETIC SITE 00425,,1 Example Way,Nowhere,ZZ,00000,3115,SYNTHETIC INDUSTRY,7,8455,2,0,0,0,0,0,0,0,0,0,0,0,0,100425,1,2,2022,1/1/2023,
3427,SYNTHETIC COMPANY 00426,SYNTHETIC SITE 00426,,1 Example Way,Nowhere,ZZ,00000,3115,SYNTHETIC INDUSTRY,6,10535,2,0,0,0,0,0,0,0,0,0,0,0,0,100426,1,2,2022,1/1/2023,
3428,SYNTHETIC COMPANY 00427,SYNTHETIC SITE 00427,,1 Example Way,Nowhere,ZZ,00000,3328,SYNTHETIC INDUSTRY,21,47500,2,0,0,0,0,0,0,0,0,0,0,0,0,100427,1,2,2022,1/1/2023,
3429,SYNTHETIC COMPANY 00428,SYNTHETIC SITE 00428,,1 Example Way,Nowhere,ZZ,00000,2361,SYNTHETIC INDUSTRY,148,309098,2,0,0,0,0,0,0,0,0,0,0,0,0,100428,1,2,2022,1/1/2023,
3430,SYNTHETIC COMPANY 00429,SYNTHETIC SITE 00429,,1 Example Way,Nowhere,ZZ,00000,3252,SYNTHETIC INDUSTRY,14,28260,2,0,0,0,0,0,0,0,0,0,0,0,0,100429,1,2,2022,1/1/2023,
3431,SYNTHETIC COMPANY 00430,SYNTHETIC SITE 00430,,1 Example Way,Nowhere,ZZ,00000,6221,SYNTHETIC INDUSTRY,191,388137,1,0,1,0,0,7,0,1,0,0,0,0,0,100430,1,2,2022,1/1/2023,
3432,SYNTHETIC COMPANY 00431,SYNTHETIC SITE 00431,,1 Example Way,Nowhere,ZZ,00000,4451,SYNTHETIC INDUSTRY,4,8772,2,0,0,0,0,0,0,0,0,0,0,0,0,100431,1,2,2022,1/1/2023,
3433,SYNTHETIC COMPANY 00432,SYNTHETIC SITE 00432,,1 Example Way,Nowhere,ZZ,00000,3252,SYNTHETIC INDUSTRY,16,25227,2,0,0,0,0,0,0,0,0,0,0,0,0,100432,1,2,2022,1/1/2023,
3434,SYNTHETIC COMPANY 00433,SYNTHETIC SITE 00433,,1 Example Way,Nowhere,ZZ,00000,3251,SYNTHETIC INDUSTRY,30,60374,2,0,0,0,0,0,0,0,0,0,0,0,0,100433,1,2,2022,1/1/2023,
3435,SYNTHETIC COMPANY 00434,SYNTHETIC SITE 00434,,1 Example Way,Nowhere,ZZ,00000,4451,SYNTHETIC INDUSTRY,4,5836,2,0,0,0,0,0,0,0,0,0,0,0,0,100434,1,2,2022,1/1/2023,
3436,SYNTHETIC COMPANY 00435,SYNTHETIC SITE 00435,,1 Example Way,Nowhere,ZZ,00000,4451,SYNTHETIC INDUSTRY,218,470381,1,0,0,0,2,0,0,2,0,0,0,0,0,100435,1,2,2022,1/1/2023,
3437,SYNTHETIC COMPANY 00436,SYNTHETIC SITE 00436,,1 Example Way,Nowhere,ZZ,00000,3252,SYNTHETIC INDUSTRY,62,144030,2,0,0,0,0,0,0,0,0,0,0,0,0,100436,1,2,2022,1/1/2023,
3438,SYNTHETIC COMPANY 00437,SYNTHETIC SITE 00437,,1 Example Way,Nowhere,ZZ,00000,4451,SYNTHETIC INDUSTRY,42,67836,2,0,0,0,0,0,0,0,0,0,0,0,0,100437,1,2,2022,1/1/2023,
3439,SYNTHETIC COMPANY 00438,SYNTHETIC SITE 00438,,1 Example Way,Nowhere,ZZ,00000,6221,SYNTHETIC INDUSTRY,115,209296,2,0,0,0,0,0,0,0,0,0,0,0,0,100438,1,2,2022,1/1/2023,
3440,SYNTHETIC COMPANY 00439,SYNTHETIC SITE 00439,,1 Example Way,Nowhere,ZZ,00000,3251,SYNTHETIC INDUSTRY,23,46513,1,0,1,1,1,7,4,3,0,0,0,0,0,100439,1,2,2022,1/1/2023,
3441,SYNTHETIC COMPANY 00440,SYNTHETIC SITE 00440,,1 Example Way,Nowhere,ZZ,00000,3328,SYNTHETIC INDUSTRY,65,156656,2,0,0,0,0,0,0,0,0,0,0,0,0,100440,1,2,2022,1/1/2023,
3442,SYNTHETIC COMPANY 00441,SYNTHETIC SITE 00441,,1 Example Way,Nowhere,ZZ,00000,4451,SYNTHETIC INDUSTRY,22,49611,1,0,1,0,1,7,0,2,0,0,0,0,0,100441,1,2,2022,1/1/2023,
3443,SYNTHETIC COMPANY 00442,SYNTHETIC SITE 00442,,1 Example Way,Nowhere,ZZ,00000,3251,SYNTHETIC INDUSTRY,29,36502,2,0,0,0,0,0,0,0,0,0,0,0,0,100442,1,2,2022,1/1/2023,
3444,SYNTHETIC COMPANY 00443,SYNTHETIC SITE 00443,,1 Example Way,Nowhere,ZZ,00000,2361,SYNTHETIC INDUSTRY,18,30490,2,0,0,0,0,0,0,0,0,0,0,0,0,100443,1,2,2022,1/1/2023,
3445,SYNTHETIC COMPANY 00444,SYNTHETIC SITE 00444,,1 Example Way,Nowhere,ZZ,00000,4841,SYNTHETIC INDUSTRY,17,30878,2,0,0,0,0,0,0,0,0,0,0,0,0,100444,1,2,2022,1/1/2023,
3446,SYNTHETIC COMPANY 00445,SYNTHETIC SITE 00445,,1 Example Way,Nowhere,ZZ,00000,6221,SYNTHETIC INDUSTRY,205,380380,1,0,0,2,1,0,8,3,0,0,0,0,0,100445,1,2,2022,1/1/2023,
3447,SYNTHETIC COMPANY 00446,SYNTHETIC SITE 00446,,1 Example Way,Nowhere,ZZ,00000,3251,SYNTHETIC INDUSTRY,28,55575,1,0,2,1,1,14,4,4,0,0,0,0,0,100446,1,2,2022,1/1/2023,
3448,SYNTHETIC COMPANY 00447,SYNTHETIC SITE 00447,,1 Example Way,Nowhere,ZZ,00000,3251,SYNTHETIC INDUSTRY,120,214926,1,0,1,0,1,7,0,2,0,0,0,0,0,100447,1,2,2022,1/1/2023,
3449,SYNTHETIC COMPANY 00448,SYNTHETIC SITE 00448,,1 Example Way,Nowhere,ZZ,00000,3251,SYNTHETIC INDUSTRY,52,80573,1,0,0,1,1,0,4,2,0,0,0,0,0,100448,1,2,2022,1/1/2023,
3450,SYNTHETIC COMPANY 00449,SYNTHETIC SITE 00449,,1 Example Way,Nowhere,ZZ,00000,4841,SYNTHETIC INDUSTRY,30,48270,2,0,0,0,0,0,0,0,0,0,0,0,0,100449,1,2,2022,1/1/2023,
3451,SYNTHETIC COMPANY 00450,SYNTHETIC SITE 00450,,1 Example Way,Nowhere,ZZ,00000,2361,SYNTHETIC INDUSTRY,7,10202,2,0,0,0,0,0,0,0,0,0,0,0,0,100450,1,2,2022,1/1/2023,
3452,SYNTHETIC COMPANY 00451,SYNTHETIC SITE 00451,,1 Example Way,Nowhere,ZZ,00000,3252,SYNTHETIC INDUSTRY,90,198848,1,0,0,1,0,0,4,1,0,0,0,0,0,100451,1,2,2022,1/1/2023,
3453,SYNTHETIC COMPANY 00452,SYNTHETIC SITE 00452,,1 Example Way,Nowhere,ZZ,00000,3115,SYNTHETIC INDUSTRY,95,154312,1,0,0,1,0,0,4,1,0,0,0,0,0,100452,1,2,2022,1/1/2023,
3454,SYNTHETIC COMPANY 00453,SYNTHETIC SITE 00453,,1 Example Way,Nowhere,ZZ,00000,4451,SYNTHETIC INDUSTRY,10,1972800000,2,0,0,0,0,0,0,0,0,0,0,0,0,100453,1,2,2022,1/1/2023,
3455,SYNTHETIC COMPANY 00454,SYNTHETIC SITE 00454,,1 Example Way,Nowhere,ZZ,00000,4451,SYNTHETIC INDUSTRY,13,18728,2,0,0,0,0,0,0,0,0,0,0,0,0,100454,1,2,2022,1/1/2023,
3456,SYNTHETIC COMPANY 00455,SYNTHETIC SITE 00455,,1 Example Way,Nowhere,ZZ,00000,3252,SYNTHETIC INDUSTRY,51,71208000,2,0,0,0,0,0,0,0,0,0,0,0,0,100455,1,2,2022,1/1/2023,
3457,SYNTHETIC COMPANY 00456,SYNTHETIC SITE 00456,,1 Example Way,Nowhere,ZZ,00000,2361,SYNTHETIC INDUSTRY,21,38164,2,0,0,0,0,0,0,0,0,0,0,0,0,100456,1,2,2022,1/1/2023,
3458,SYNTHETIC COMPANY 00457,SYNTHETIC SITE 00457,,1 Example Way,Nowhere,ZZ,00000,6221,SYNTHETIC INDUSTRY,101,201497,2,0,0,0,0,0,0,0,0,0,0,0,0,100457,1,2,2022,1/1/2023,
3459,SYNTHETIC COMPANY 00458,SYNTHETIC SITE 00458,,1 Example Way,Nowhere,ZZ,00000,4841,SYNTHETIC INDUSTRY,61,117769,1,0,2,0,1,14,0,3,0,0,0,0,0,100458,1,2,2022,1/1/2023,
3460,SYNTHETIC COMPANY 00459,SYNTHETIC SITE 00459,,1 Example Way,Nowhere,ZZ,00000,6221,SYNTHETIC INDUSTRY,45,108458,2,0,0,0,0,0,0,0,0,0,0,0,0,100459,1,2,2022,1/1/2023,
3461,SYNTHETIC COMPANY 00460,SYNTHETIC SITE 00460,,1 Example Way,Nowhere,ZZ,00000,3251,SYNTHETIC INDUSTRY,145,292144,1,0,7,3,2,49,12,12,0,0,0,0,0,100460,1,2,2022,1/1/2023,
3462,SYNTHETIC COMPANY 00461,SYNTHETIC SITE 00461,,1 Example Way,Nowhere,ZZ,00000,6221,SYNTHETIC INDUSTRY,9,18155,2,0,0,0,0,0,0,0,0,0,0,0,0,100461,1,2,2022,1/1/2023,
3463,SYNTHETIC COMPANY 00462,SYNTHETIC SITE 00462,,1 Example Way,Nowhere,ZZ,00000,6221,SYNTHETIC INDUSTRY,83,166167,1,0,2,1,6,14,4,9,0,0,0,0,0,100462,1,2,2022,1/1/2023,
3464,SYNTHETIC COMPANY 00463,SYNTHETIC SITE 00463,,1 Example Way,Nowhere,ZZ,00000,6221,SYNTHETIC INDUSTRY,18,37061,2,0,0,0,0,0,0,0,0,0,0,0,0,100463,1,2,2022,1/1/2023,
3465,SYNTHETIC COMPANY 00464,SYNTHETIC SITE 00464,,1 Example Way,Nowhere,ZZ,00000,4451,SYNTHETIC INDUSTRY,26,50774,2,0,0,0,0,0,0,0,0,0,0,0,0,100464,1,2,2022,1/1/2023,
3466,SYNTHETIC COMPANY 00465,SYNTHETIC SITE 00465,,1 Example Way,Nowhere,ZZ,00000,3251,SYNTHETIC INDUSTRY,86,172252,2,0,0,0,0,0,0,0,0,0,0,0,0,100465,1,2,2022,1/1/2023,
3467,SYNTHETIC COMPANY 00466,SYNTHETIC SITE 00466,,1 Example Way,Nowhere,ZZ,00000,2361,SYNTHETIC INDUSTRY,109,231024,1,0,1,1,0,7,4,2,0,0,0,0,0,100466,1,2,2022,1/1/2023,
3468,SYNTHETIC COMPANY 00467,SYNTHETIC SITE 00467,,1 Example Way,Nowhere,ZZ,00000,3252,SYNTHETIC INDUSTRY,32,58970,1,0,0,0,1,0,0,1,0,0,0,0,0,100467,1,2,2022,1/1/2023,
3469,SYNTHETIC COMPANY 00468,SYNTHETIC SITE 00468,,1 Example Way,Nowhere,ZZ,00000,3115,SYNTHETIC INDUSTRY,217,443430,1,0,1,0,1,7,0,2,0,0,0,0,0,100468,1,2,2022,1/1/2023,
3470,SYNTHETIC COMPANY 00469,SYNTHETIC SITE 00469,,1 Example Way,Nowhere,ZZ,00000,6221,SYNTHETIC INDUSTRY,37,70871,2,0,0,0,0,0,0,0,0,0,0,0,0,100469,1,2,2022,1/1/2023,
3471,SYNTHETIC COMPANY 00470,SYNTHETIC SITE 00470,,1 Example Way,Nowhere,ZZ,00000,3251,SYNTHETIC INDUSTRY,55,103924,1,0,0,1,0,0,4,1,0,0,0,0,0,100470,1,2,2022,1/1/2023,
3472,SYNTHETIC COMPANY 00471,SYNTHETIC SITE 00471,,1 Example Way,Nowhere,ZZ,00000,2361,SYNTHETIC INDUSTRY,842,1820724,1,0,11,9,19,77,36,39,0,0,0,0,0,100471,1,2,2022,1/1/2023,
3473,SYNTHETIC COMPANY 00472,SYNTHETIC SITE 00472,,1 Example Way,Nowhere,ZZ,00000,6221,SYNTHETIC INDUSTRY,166,264872,1,0,4,1,5,28,4,10,0,0,0,0,0,100472,1,2,2022,1/1/2023,
3474,SYNTHETIC COMPANY 00473,SYNTHETIC SITE 00473,,1 Example Way,Nowhere,ZZ,00000,3251,SYNTHETIC INDUSTRY,25,48872,2,0,0,0,0,0,0,0,0,0,0,0,0,100473,1,2,2022,1/1/2023,
3475,SYNTHETIC COMPANY 00474,SYNTHETIC SITE 00474,,1 Example Way,Nowhere,ZZ,00000,3251,SYNTHETIC INDUSTRY,5,7402,2,0,0,0,0,0,0,0,0,0,0,0,0,100474,1,2,2022,1/1/2023,
3476,SYNTHETIC COMPANY 00475,SYNTHETIC SITE 00475,,1 Example Way,Nowhere,ZZ,00000,2361,SYNTHETIC INDUSTRY,10,18547,1,0,0,0,1,0,0,1,0,0,0,0,0,100475,1,2,2022,1/1/2023,
3477,SYNTHETIC COMPANY 00476,SYNTHETIC SITE 00476,,1 Example Way,Nowhere,ZZ,00000,6221,SYNTHETIC INDUSTRY,11,20921,2,0,0,0,0,0,0,0,0,0,0,0,0,100476,1,2,2022,1/1/2023,
3478,SYNTHETIC COMPANY 00477,SYNTHETIC SITE 00477,,1 Example Way,Nowhere,ZZ,00000,6221,SYNTHETIC INDUSTRY,16,29324,2,0,0,0,0,0,0,0,0,0,0,0,0,100477,1,2,2022,1/1/2023,
3479,SYNTHETIC COMPANY 00478,SYNTHETIC SITE 00478,,1 Example Way,Nowhere,ZZ,00000,3251,SYNTHETIC INDUSTRY,200,461938,2,0,0,0,0,0,0,0,0,0,0,0,0,100478,1,2,2022,1/1/2023,
3480,SYNTHETIC COMPANY 00479,SYNTHETIC SITE 00479,,1 Example Way,Nowhere,ZZ,00000,3115,SYNTHETIC INDUSTRY,54,112598,2,0,0,0,0,0,0,0,0,0,0,0,0,100479,1,2,2022,1/1/2023,
3481,SYNTHETIC COMPANY 00480,SYNTHETIC SITE 00480,,1 Example Way,Nowhere,ZZ,00000,2361,SYNTHETIC INDUSTRY,77,173403,2,0,0,0,0,0,0,0,0,0,0,0,0,100480,1,2,2022,1/1/2023,
3482,SYNTHETIC COMPANY 00481,SYNTHETIC SITE 00481,,1 Example Way,Nowhere,ZZ,00000,3115,SYNTHETIC INDUSTRY,73,146167,1,0,2,2,1,14,8,5,0,0,0,0,0,100481,1,2,2022,1/1/2023,
3483,SYNTHETIC COMPANY 00482,SYNTHETIC SITE 00482,,1 Example Way,Nowhere,ZZ,00000,3252,SYNTHETIC INDUSTRY,71,109871,1,0,2,1,0,14,4,3,0,0,0,0,0,100482,1,2,2022,1/1/2023,
3484,SYNTHETIC COMPANY 00483,SYNTHETIC SITE 00483,,1 Example Way,Nowhere,ZZ,00000,4841,SYNTHETIC INDUSTRY,40,68909,2,0,0,0,0,0,0,0,0,0,0,0,0,100483,1,2,2022,1/1/2023,
3485,SYNTHETIC COMPANY 00484,SYNTHETIC SITE 00484,,1 Example Way,Nowhere,ZZ,00000,4841,SYNTHETIC INDUSTRY,121,239595,2,0,0,0,0,0,0,0,0,0,0,0,0,100484,1,2,2022,1/1/2023,
3486,SYNTHETIC COMPANY 00485,SYNTHETIC SITE 00485,,1 Example Way,Nowhere,ZZ,00000,6221,SYNTHETIC INDUSTRY,14,30391,2,0,0,0,0,0,0,0,0,0,0,0,0,100485,1,2,2022,1/1/2023,
3487,SYNTHETIC COMPANY 00486,SYNTHETIC SITE 00486,,1 Example Way,Nowhere,ZZ,00000,3251,SYNTHETIC INDUSTRY,55,116339,1,0,3,1,5,21,4,9,0,0,0,0,0,100486,1,2,2022,1/1/2023,
3488,SYNTHETIC COMPANY 00487,SYNTHETIC SITE 00487,,1 Example Way,Nowhere,ZZ,00000,3252,SYNTHETIC INDUSTRY,287,503872,2,0,0,0,0,0,0,0,0,0,0,0,0,100487,1,2,2022,1/1/2023,
3489,SYNTHETIC COMPANY 00488,SYNTHETIC SITE 00488,,1 Example Way,Nowhere,ZZ,00000,4451,SYNTHETIC INDUSTRY,35,58030,1,0,1,0,0,7,0,1,0,0,0,0,0,100488,1,2,2022,1/1/2023,
3490,SYNTHETIC COMPANY 00489,SYNTHETIC SITE 00489,,1 Example Way,Nowhere,ZZ,00000,3252,SYNTHETIC INDUSTRY,79,191487,1,0,0,0,3,0,0,3,0,0,0,0,0,100489,1,2,2022,1/1/2023,
3491,SYNTHETIC COMPANY 00490,SYNTHETIC SITE 00490,,1 Example Way,Nowhere,ZZ,00000,6221,SYNTHETIC INDUSTRY,29,42939,2,0,0,0,0,0,0,0,0,0,0,0,0,100490,1,2,2022,1/1/2023,
3492,SYNTHETIC COMPANY 00491,SYNTHETIC SITE 00491,,1 Example Way,Nowhere,ZZ,00000,3115,SYNTHETIC INDUSTRY,27,51330,2,0,0,0,0,0,0,0,0,0,0,0,0,100491,1,2,2022,1/1/2023,
3493,SYNTHETIC COMPANY 00492,SYNTHETIC SITE 00492,,1 Example Way,Nowhere,ZZ,00000,3251,SYNTHETIC INDUSTRY,42,608030,2,0,0,0,0,0,0,0,0,0,0,0,0,100492,1,2,2022,1/1/2023,
3494,SYNTHETIC COMPANY 00493,SYNTHETIC SITE 00493,,1 Example Way,Nowhere,ZZ,00000,6221,SYNTHETIC INDUSTRY,213,258307,2,0,0,0,0,0,0,0,0,0,0,0,0,100493,1,2,2022,1/1/2023,
3495,SYNTHETIC COMPANY 00494,SYNTHETIC SITE 00494,,1 Example Way,Nowhere,ZZ,00000,4451,SYNTHETIC INDUSTRY,80,90771,2,0,0,0,0,0,0,0,0,0,0,0,0,100494,1,2,2022,1/1/2023,
3496,SYNTHETIC COMPANY 00495,SYNTHETIC SITE 00495,,1 Example Way,Nowhere,ZZ,00000,3251,SYNTHETIC INDUSTRY,64,101978,1,0,1,0,0,7,0,1,0,0,0,0,0,100495,1,2,2022,1/1/2023,
3497,SYNTHETIC COMPANY 00496,SYNTHETIC SITE 00496,,1 Example Way,Nowhere,ZZ,00000,6221,SYNTHETIC INDUSTRY,37,67164,2,0,0,0,0,0,0,0,0,0,0,0,0,100496,1,2,2022,1/1/2023,
3498,SYNTHETIC COMPANY 00497,SYNTHETIC SITE 00497,,1 Example Way,Nowhere,ZZ,00000,4451,SYNTHETIC INDUSTRY,12,21342,1,0,0,1,0,0,4,1,0,0,0,0,0,100497,1,2,2022,1/1/2023,
3499,SYNTHETIC COMPANY 00498,SYNTHETIC SITE 00498,,1 Example Way,Nowhere,ZZ,00000,3115,SYNTHETIC INDUSTRY,126,243318,1,0,1,0,0,7,0,1,0,0,0,0,0,100498,1,2,2022,1/1/2023,
3500,SYNTHETIC COMPANY 00499,SYNTHETIC SITE 00499,,1 Example Way,Nowhere,ZZ,00000,2361,SYNTHETIC INDUSTRY,190,385998,2,0,0,0,0,0,0,0,0,0,0,0,0,100499,1,2,2022,1/1/2023,
3501,SYNTHETIC COMPANY 00500,SYNTHETIC SITE 00500,,1 Example Way,Nowhere,ZZ,00000,4841,SYNTHETIC INDUSTRY,70,101214,2,0,0,0,0,0,0,0,0,0,0,0,0,100500,1,2,2022,1/1/2023,
3502,SYNTHETIC COMPANY 00501,SYNTHETIC SITE 00501,,1 Example Way,Nowhere,ZZ,00000,2361,SYNTHETIC INDUSTRY,97,151024,2,0,0,0,0,0,0,0,0,0,0,0,0,100501,1,2,2022,1/1/2023,
3503,SYNTHETIC COMPANY 00502,SYNTHETIC SITE 00502,,1 Example Way,Nowhere,ZZ,00000,3251,SYNTHETIC INDUSTRY,63,110687,1,0,1,0,0,7,0,1,0,0,0,0,0,100502,1,2,2022,1/1/2023,
3504,SYNTHETIC COMPANY 00503,SYNTHETIC SITE 00503,,1 Example Way,Nowhere,ZZ,00000,3251,SYNTHETIC INDUSTRY,4,7567,2,0,0,0,0,0,0,0,0,0,0,0,0,100503,1,2,2022,1/1/2023,
3505,SYNTHETIC COMPANY 00504,SYNTHETIC SITE 00504,,1 Example Way,Nowhere,ZZ,00000,3252,SYNTHETIC INDUSTRY,212,441696,2,0,0,0,0,0,0,0,0,0,0,0,0,100504,1,2,2022,1/1/2023,
3506,SYNTHETIC COMPANY 00505,SYNTHETIC SITE 00505,,1 Example Way,Nowhere,ZZ,00000,3252,SYNTHETIC INDUSTRY,233,386718,2,0,0,0,0,0,0,0,0,0,0,0,0,100505,1,2,2022,1/1/2023,
3507,SYNTHETIC COMPANY 00506,SYNTHETIC SITE 00506,,1 Example Way,Nowhere,ZZ,00000,3252,SYNTHETIC INDUSTRY,59,100416,2,0,0,0,0,0,0,0,0,0,0,0,0,100506,1,2,2022,1/1/2023,
3508,SYNTHETIC COMPANY 00507,SYNTHETIC SITE 00507,,1 Example Way,Nowhere,ZZ,00000,2361,SYNTHETIC INDUSTRY,30,55750,2,0,0,0,0,0,0,0,0,0,0,0,0,100507,1,2,2022,1/1/2023,
3509,SYNTHETIC COMPANY 00508,SYNTHETIC SITE 00508,,1 Example Way,Nowhere,ZZ,00000,4841,SYNTHETIC INDUSTRY,9,18471,2,0,0,0,0,0,0,0,0,0,0,0,0,100508,1,2,2022,1/1/2023,
3510,SYNTHETIC COMPANY 00509,SYNTHETIC SITE 00509,,1 Example Way,Nowhere,ZZ,00000,4841,SYNTHETIC INDUSTRY,47,86839,1,0,0,0,1,0,0,1,0,0,0,0,0,100509,1,2,2022,1/1/2023,
3511,SYNTHETIC COMPANY 00510,SYNTHETIC SITE 00510,,1 Example Way,Nowhere,ZZ,00000,3252,SYNTHETIC INDUSTRY,8,15518,2,0,0,0,0,0,0,0,0,0,0,0,0,100510,1,2,2022,1/1/2023,
3512,SYNTHETIC COMPANY 00511,SYNTHETIC SITE 00511,,1 Example Way,Nowhere,ZZ,00000,3252,SYNTHETIC INDUSTRY,35,83757,1,0,0,1,4,0,4,5,0,0,0,0,0,100511,1,2,2022,1/1/2023,
3513,SYNTHETIC COMPANY 00512,SYNTHETIC SITE 00512,,1 Example Way,Nowhere,ZZ,00000,6221,SYNTHETIC INDUSTRY,34,62516,2,0,0,0,0,0,0,0,0,0,0,0,0,100512,1,2,2022,1/1/2023,
3514,SYNTHETIC COMPANY 00513,SYNTHETIC SITE 00513,,1 Example Way,Nowhere,ZZ,00000,2361,SYNTHETIC INDUSTRY,28,54114,2,0,0,0,0,0,0,0,0,0,0,0,0,100513,1,2,2022,1/1/2023,
3515,SYNTHETIC COMPANY 00514,SYNTHETIC SITE 00514,,1 Example Way,Nowhere,ZZ,00000,3328,SYNTHETIC INDUSTRY,14,28436,1,0,0,0,1,0,0,1,0,0,0,0,0,100514,1,2,2022,1/1/2023,
3516,SYNTHETIC COMPANY 00515,SYNTHETIC SITE 00515,,1 Example Way,Nowhere,ZZ,00000,4451,SYNTHETIC INDUSTRY,104,132012,2,0,0,0,0,0,0,0,0,0,0,0,0,100515,1,2,2022,1/1/2023,
3517,SYNTHETIC COMPANY 00516,SYNTHETIC SITE 00516,,1 Example Way,Nowhere,ZZ,00000,4451,SYNTHETIC INDUSTRY,92,162084,1,0,3,0,6,21,0,9,0,0,0,0,0,100516,1,2,2022,1/1/2023,
3518,SYNTHETIC COMPANY 00517,SYNTHETIC SITE 00517,,1 Example Way,Nowhere,ZZ,00000,3251,SYNTHETIC INDUSTRY,12,21478,2,0,0,0,0,0,0,0,0,0,0,0,0,100517,1,2,2022,1/1/2023,
3519,SYNTHETIC COMPANY 00518,SYNTHETIC SITE 00518,,1 Example Way,Nowhere,ZZ,00000,2361,SYNTHETIC INDUSTRY,59,104813,1,0,0,0,1,0,0,1,0,0,0,0,0,100518,1,2,2022,1/1/2023,
3520,SYNTHETIC COMPANY 00519,SYNTHETIC SITE 00519,,1 Example Way,Nowhere,ZZ,00000,6221,SYNTHETIC INDUSTRY,20,35124,1,0,1,0,0,7,0,1,0,0,0,0,0,100519,1,2,2022,1/1/2023,
3521,SYNTHETIC COMPANY 00520,SYNTHETIC SITE 00520,,1 Example Way,Nowhere,ZZ,00000,6221,SYNTHETIC INDUSTRY,75,106722,1,0,1,0,1,7,0,2,0,0,0,0,0,100520,1,2,2022,1/1/2023,
3522,SYNTHETIC COMPANY 00521,SYNTHETIC SITE 00521,,1 Example Way,Nowhere,ZZ,00000,2361,SYNTHETIC INDUSTRY,97,148226,2,0,0,0,0,0,0,0,0,0,0,0,0,100521,1,2,2022,1/1/2023,
3523,SYNTHETIC COMPANY 00522,SYNTHETIC SITE 00522,,1 Example Way,Nowhere,ZZ,00000,6221,SYNTHETIC INDUSTRY,42,101147,1,0,1,0,0,7,0,1,0,0,0,0,0,100522,1,2,2022,1/1/2023,
3524,SYNTHETIC COMPANY 00523,SYNTHETIC SITE 00523,,1 Example Way,Nowhere,ZZ,00000,3328,SYNTHETIC INDUSTRY,464,824523,1,0,0,3,2,0,12,5,0,0,0,0,0,100523,1,2,2022,1/1/2023,
3525,SYNTHETIC COMPANY 00524,SYNTHETIC SITE 00524,,1 Example Way,Nowhere,ZZ,00000,4451,SYNTHETIC INDUSTRY,99,138080,2,0,0,0,0,0,0,0,0,0,0,0,0,100524,1,2,2022,1/1/2023,
3526,SYNTHETIC COMPANY 00525,SYNTHETIC SITE 00525,,1 Example Way,Nowhere,ZZ,00000,3252,SYNTHETIC INDUSTRY,17,24656,2,0,0,0,0,0,0,0,0,0,0,0,0,100525,1,2,2022,1/1/2023,
3527,SYNTHETIC COMPANY 00526,SYNTHETIC SITE 00526,,1 Example Way,Nowhere,ZZ,00000,4451,SYNTHETIC INDUSTRY,229,383640,1,0,0,1,0,0,4,1,0,0,0,0,0,100526,1,2,2022,1/1/2023,
3528,SYNTHETIC COMPANY 00527,SYNTHETIC SITE 00527,,1 Example Way,Nowhere,ZZ,00000,3251,SYNTHETIC INDUSTRY,83,124366,2,0,0,0,0,0,0,0,0,0,0,0,0,100527,1,2,2022,1/1/2023,
3529,SYNTHETIC COMPANY 00528,SYNTHETIC SITE 00528,,1 Example Way,Nowhere,ZZ,00000,4841,SYNTHETIC INDUSTRY,9,12939,2,0,0,0,0,0,0,0,0,0,0,0,0,100528,1,2,2022,1/1/2023,
3530,SYNTHETIC COMPANY 00529,SYNTHETIC SITE 00529,,1 Example Way,Nowhere,ZZ,00000,3328,SYNTHETIC INDUSTRY,121,199069,1,0,2,3,2,14,12,7,0,0,0,0,0,100529,1,2,2022,1/1/2023,
3531,SYNTHETIC COMPANY 00530,SYNTHETIC SITE 00530,,1 Example Way,Nowhere,ZZ,00000,4451,SYNTHETIC INDUSTRY,25,54639,2,0,0,0,0,0,0,0,0,0,0,0,0,100530,1,2,2022,1/1/2023,
3532,SYNTHETIC COMPANY 00531,SYNTHETIC SITE 00531,,1 Example Way,Nowhere,ZZ,00000,4841,SYNTHETIC INDUSTRY,32,54007,1,0,0,0,1,0,0,1,0,0,0,0,0,100531,1,2,2022,1/1/2023,
3533,SYNTHETIC COMPANY 00532,SYNTHETIC SITE 00532,,1 Example Way,Nowhere,ZZ,00000,6221,SYNTHETIC INDUSTRY,56,97713,1,0,1,2,5,7,8,8,0,0,0,0,0,100532,1,2,2022,1/1/2023,
3534,SYNTHETIC COMPANY 00533,SYNTHETIC SITE 00533,,1 Example Way,Nowhere,ZZ,00000,3328,SYNTHETIC INDUSTRY,29,51150,2,0,0,0,0,0,0,0,0,0,0,0,0,100533,1,2,2022,1/1/2023,
3535,SYNTHETIC COMPANY 00534,SYNTHETIC SITE 00534,,1 Example Way,Nowhere,ZZ,00000,3252,SYNTHETIC INDUSTRY,10,17939,2,0,0,0,0,0,0,0,0,0,0,0,0,100534,1,2,2022,1/1/2023,
3536,SYNTHETIC COMPANY 00535,SYNTHETIC SITE 00535,,1 Example Way,Nowhere,ZZ,00000,3328,SYNTHETIC INDUSTRY,63,116285,1,0,1,0,3,7,0,4,0,0,0,0,0,100535,1,2,2022,1/1/2023,
3537,SYNTHETIC COMPANY 00536,SYNTHETIC SITE 00536,,1 Example Way,Nowhere,ZZ,00000,3251,SYNTHETIC INDUSTRY,15,35974,2,0,0,0,0,0,0,0,0,0,0,0,0,100536,1,2,2022,1/1/2023,
3538,SYNTHETIC COMPANY 00537,SYNTHETIC SITE 00537,,1 Example Way,Nowhere,ZZ,00000,3252,SYNTHETIC INDUSTRY,31,62930,2,0,0,0,0,0,0,0,0,0,0,0,0,100537,1,2,2022,1/1/2023,
3539,SYNTHETIC COMPANY 00538,SYNTHETIC SITE 00538,,1 Example Way,Nowhere,ZZ,00000,6221,SYNTHETIC INDUSTRY,120,218694,2,0,0,0,0,0,0,0,0,0,0,0,0,100538,1,2,2022,1/1/2023,
3540,SYNTHETIC COMPANY 00539,SYNTHETIC SITE 00539,,1 Example Way,Nowhere,ZZ,00000,3115,SYNTHETIC INDUSTRY,77,137127,1,0,1,0,2,7,0,3,0,0,0,0,0,100539,1,2,2022,1/1/2023,
3541,SYNTHETIC COMPANY 00540,SYNTHETIC SITE 00540,,1 Example Way,Nowhere,ZZ,00000,3328,SYNTHETIC INDUSTRY,28,46012,2,0,0,0,0,0,0,0,0,0,0,0,0,100540,1,2,2022,1/1/2023,
3542,SYNTHETIC COMPANY 00541,SYNTHETIC SITE 00541,,1 Example Way,Nowhere,ZZ,00000,3252,SYNTHETIC INDUSTRY,90,163189,1,0,0,0,2,0,0,2,0,0,0,0,0,100541,1,2,2022,1/1/2023,
3543,SYNTHETIC COMPANY 00542,SYNTHETIC SITE 00542,,1 Example Way,Nowhere,ZZ,00000,3252,SYNTHETIC INDUSTRY,337,590925,1,0,9,2,4,63,8,15,0,0,0,0,0,100542,1,2,2022,1/1/2023,
3544,SYNTHETIC COMPANY 00543,SYNTHETIC SITE 00543,,1 Example Way,Nowhere,ZZ,00000,4451,SYNTHETIC INDUSTRY,16,30753,2,0,0,0,0,0,0,0,0,0,0,0,0,100543,1,2,2022,1/1/2023,
3545,SYNTHETIC COMPANY 00544,SYNTHETIC SITE 00544,,1 Example Way,Nowhere,ZZ,00000,3328,SYNTHETIC INDUSTRY,342,512499,2,0,0,0,0,0,0,0,0,0,0,0,0,100544,1,2,2022,1/1/2023,
3546,SYNTHETIC COMPANY 00545,SYNTHETIC SITE 00545,,1 Example Way,Nowhere,ZZ,00000,3115,SYNTHETIC INDUSTRY,9,14680,1,0,1,0,2,7,0,3,0,0,0,0,0,100545,1,2,2022,1/1/2023,
3547,SYNTHETIC COMPANY 00546,SYNTHETIC SITE 00546,,1 Example Way,Nowhere,ZZ,00000,3251,SYNTHETIC INDUSTRY,13,20669,2,0,0,0,0,0,0,0,0,0,0,0,0,100546,1,2,2022,1/1/2023,
3548,SYNTHETIC COMPANY 00547,SYNTHETIC SITE 00547,,1 Example Way,Nowhere,ZZ,00000,2361,SYNTHETIC INDUSTRY,59,120997,2,0,0,0,0,0,0,0,0,0,0,0,0,100547,1,2,2022,1/1/2023,
3549,SYNTHETIC COMPANY 00548,SYNTHETIC SITE 00548,,1 Example Way,Nowhere,ZZ,00000,3251,SYNTHETIC INDUSTRY,9,15094,2,0,0,0,0,0,0,0,0,0,0,0,0,100548,1,2,2022,1/1/2023,
3550,SYNTHETIC COMPANY 00549,SYNTHETIC SITE 00549,,1 Example Way,Nowhere,ZZ,00000,3115,SYNTHETIC INDUSTRY,33,58723,2,0,0,0,0,0,0,0,0,0,0,0,0,100549,1,2,2022,1/1/2023,
3551,SYNTHETIC COMPANY 00550,SYNTHETIC SITE 00550,,1 Example Way,Nowhere,ZZ,00000,3115,SYNTHETIC INDUSTRY,19,30720,1,0,2,0,1,14,0,3,0,0,0,0,0,100550,1,2,2022,1/1/2023,
3552,SYNTHETIC COMPANY 00551,SYNTHETIC SITE 00551,,1 Example Way,Nowhere,ZZ,00000,4451,SYNTHETIC INDUSTRY,70,155940,2,0,0,0,0,0,0,0,0,0,0,0,0,100551,1,2,2022,1/1/2023,
3553,SYNTHETIC COMPANY 00552,SYNTHETIC SITE 00552,,1 Example Way,Nowhere,ZZ,00000,3251,SYNTHETIC INDUSTRY,95,187270,2,0,0,0,0,0,0,0,0,0,0,0,0,100552,1,2,2022,1/1/2023,
3554,SYNTHETIC COMPANY 00553,SYNTHETIC SITE 00553,,1 Example Way,Nowhere,ZZ,00000,4451,SYNTHETIC INDUSTRY,119,252968,1,0,3,1,5,21,4,9,0,0,0,0,0,100553,1,2,2022,1/1/2023,
3555,SYNTHETIC COMPANY 00554,SYNTHETIC SITE 00554,,1 Example Way,Nowhere,ZZ,00000,3252,SYNTHETIC INDUSTRY,417,809400,1,0,4,5,6,28,20,15,0,0,0,0,0,100554,1,2,2022,1/1/2023,
3556,SYNTHETIC COMPANY 00555,SYNTHETIC SITE 00555,,1 Example Way,Nowhere,ZZ,00000,3115,SYNTHETIC INDUSTRY,22,27411,1,0,0,1,0,0,4,1,0,0,0,0,0,100555,1,2,2022,1/1/2023,
3557,SYNTHETIC COMPANY 00556,SYNTHETIC SITE 00556,,1 Example Way,Nowhere,ZZ,00000,3328,SYNTHETIC INDUSTRY,33,67476,2,0,0,0,0,0,0,0,0,0,0,0,0,100556,1,2,2022,1/1/2023,
3558,SYNTHETIC COMPANY 00557,SYNTHETIC SITE 00557,,1 Example Way,Nowhere,ZZ,00000,3252,SYNTHETIC INDUSTRY,102,131771,1,0,7,0,5,49,0,12,0,0,0,0,0,100557,1,2,2022,1/1/2023,
3559,SYNTHETIC COMPANY 00558,SYNTHETIC SITE 00558,,1 Example Way,Nowhere,ZZ,00000,3252,SYNTHETIC INDUSTRY,15,21686,2,0,0,0,0,0,0,0,0,0,0,0,0,100558,1,2,2022,1/1/2023,
3560,SYNTHETIC COMPANY 00559,SYNTHETIC SITE 00559,,1 Example Way,Nowhere,ZZ,00000,4841,SYNTHETIC INDUSTRY,20,45515,1,0,0,0,1,0,0,1,0,0,0,0,0,100559,1,2,2022,1/1/2023,
3561,SYNTHETIC COMPANY 00560,SYNTHETIC SITE 00560,,1 Example Way,Nowhere,ZZ,00000,3115,SYNTHETIC INDUSTRY,6,11642,2,0,0,0,0,0,0,0,0,0,0,0,0,100560,1,2,2022,1/1/2023,
3562,SYNTHETIC COMPANY 00561,SYNTHETIC SITE 00561,,1 Example Way,Nowhere,ZZ,00000,3328,SYNTHETIC INDUSTRY,12,20007,2,0,0,0,0,0,0,0,0,0,0,0,0,100561,1,2,2022,1/1/2023,
3563,SYNTHETIC COMPANY 00562,SYNTHETIC SITE 00562,,1 Example Way,Nowhere,ZZ,00000,3251,SYNTHETIC INDUSTRY,14,22766,1,0,0,0,1,0,0,1,0,0,0,0,0,100562,1,2,2022,1/1/2023,
3564,SYNTHETIC COMPANY 00563,SYNTHETIC SITE 00563,,1 Example Way,Nowhere,ZZ,00000,3251,SYNTHETIC INDUSTRY,13,31873,1,0,1,0,0,7,0,1,0,0,0,0,0,100563,1,2,2022,1/1/2023,
3565,SYNTHETIC COMPANY 00564,SYNTHETIC SITE 00564,,1 Example Way,Nowhere,ZZ,00000,3251,SYNTHETIC INDUSTRY,58,108958,2,0,0,0,0,0,0,0,0,0,0,0,0,100564,1,2,2022,1/1/2023,
3566,SYNTHETIC COMPANY 00565,SYNTHETIC SITE 00565,,1 Example Way,Nowhere,ZZ,00000,4451,SYNTHETIC INDUSTRY,725,1641200,1,0,5,3,9,35,12,17,0,0,0,0,0,100565,1,2,2022,1/1/2023,
3567,SYNTHETIC COMPANY 00566,SYNTHETIC SITE 00566,,1 Example Way,Nowhere,ZZ,00000,3115,SYNTHETIC INDUSTRY,19,34478,2,0,0,0,0,0,0,0,0,0,0,0,0,100566,1,2,2022,1/1/2023,
3568,SYNTHETIC COMPANY 00567,SYNTHETIC SITE 00567,,1 Example Way,Nowhere,ZZ,00000,3252,SYNTHETIC INDUSTRY,29,48089,1,0,0,1,0,0,4,1,0,0,0,0,0,100567,1,2,2022,1/1/2023,
3569,SYNTHETIC COMPANY 00568,SYNTHETIC SITE 00568,,1 Example Way,Nowhere,ZZ,00000,6221,SYNTHETIC INDUSTRY,28,63811,1,0,0,1,2,0,4,3,0,0,0,0,0,100568,1,2,2022,1/1/2023,
3570,SYNTHETIC COMPANY 00569,SYNTHETIC SITE 00569,,1 Example Way,Nowhere,ZZ,00000,4451,SYNTHETIC INDUSTRY,40,64925,2,0,0,0,0,0,0,0,0,0,0,0,0,100569,1,2,2022,1/1/2023,
3571,SYNTHETIC COMPANY 00570,SYNTHETIC SITE 00570,,1 Example Way,Nowhere,ZZ,00000,3252,SYNTHETIC INDUSTRY,84,126554,1,0,1,1,3,7,4,5,0,0,0,0,0,100570,1,2,2022,1/1/2023,
3572,SYNTHETIC COMPANY 00571,SYNTHETIC SITE 00571,,1 Example Way,Nowhere,ZZ,00000,4841,SYNTHETIC INDUSTRY,134,207808,1,0,1,0,0,7,0,1,0,0,0,0,0,100571,1,2,2022,1/1/2023,
3573,SYNTHETIC COMPANY 00572,SYNTHETIC SITE 00572,,1 Example Way,Nowhere,ZZ,00000,3251,SYNTHETIC INDUSTRY,27,41795,2,0,0,0,0,0,0,0,0,0,0,0,0,100572,1,2,2022,1/1/2023,
3574,SYNTHETIC COMPANY 00573,SYNTHETIC SITE 00573,,1 Example Way,Nowhere,ZZ,00000,3115,SYNTHETIC INDUSTRY,60,100770,2,0,0,0,0,0,0,0,0,0,0,0,0,100573,1,2,2022,1/1/2023,
3575,SYNTHETIC COMPANY 00574,SYNTHETIC SITE 00574,,1 Example Way,Nowhere,ZZ,00000,3252,SYNTHETIC INDUSTRY,8,12488,2,0,0,0,0,0,0,0,0,0,0,0,0,100574,1,2,2022,1/1/2023,
3576,SYNTHETIC COMPANY 00575,SYNTHETIC SITE 00575,,1 Example Way,Nowhere,ZZ,00000,2361,SYNTHETIC INDUSTRY,109,122729,2,0,0,0,0,0,0,0,0,0,0,0,0,100575,1,2,2022,1/1/2023,
3577,SYNTHETIC COMPANY 00576,SYNTHETIC SITE 00576,,1 Example Way,Nowhere,ZZ,00000,4841,SYNTHETIC INDUSTRY,34,61436,1,0,1,0,0,7,0,1,0,0,0,0,0,100576,1,2,2022,1/1/2023,
3578,SYNTHETIC COMPANY 00577,SYNTHETIC SITE 00577,,1 Example Way,Nowhere,ZZ,00000,3328,SYNTHETIC INDUSTRY,57,81204,2,0,0,0,0,0,0,0,0,0,0,0,0,100577,1,2,2022,1/1/2023,
3579,SYNTHETIC COMPANY 00578,SYNTHETIC SITE 00578,,1 Example Way,Nowhere,ZZ,00000,3252,SYNTHETIC INDUSTRY,449,954168,1,0,4,5,5,28,20,14,0,0,0,0,0,100578,1,2,2022,1/1/2023,
3580,SYNTHETIC COMPANY 00579,SYNTHETIC SITE 00579,,1 Example Way,Nowhere,ZZ,00000,4841,SYNTHETIC INDUSTRY,169,339653,1,0,2,1,2,14,4,5,0,0,0,0,0,100579,1,2,2022,1/1/2023,
3581,SYNTHETIC COMPANY 00580,SYNTHETIC SITE 00580,,1 Example Way,Nowhere,ZZ,00000,6221,SYNTHETIC INDUSTRY,118,244720,2,0,0,0,0,0,0,0,0,0,0,0,0,100580,1,2,2022,1/1/2023,
3582,SYNTHETIC COMPANY 00581,SYNTHETIC SITE 00581,,1 Example Way,Nowhere,ZZ,00000,3252,SYNTHETIC INDUSTRY,21,39534,2,0,0,0,0,0,0,0,0,0,0,0,0,100581,1,2,2022,1/1/2023,
3583,SYNTHETIC COMPANY 00582,SYNTHETIC SITE 00582,,1 Example Way,Nowhere,ZZ,00000,4841,SYNTHETIC INDUSTRY,167,318749,1,0,3,3,3,21,12,9,0,0,0,0,0,100582,1,2,2022,1/1/2023,
3584,SYNTHETIC COMPANY 00583,SYNTHETIC SITE 00583,,1 Example Way,Nowhere,ZZ,00000,4451,SYNTHETIC INDUSTRY,39,63394,1,0,3,1,1,21,4,5,0,0,0,0,0,100583,1,2,2022,1/1/2023,
3585,SYNTHETIC COMPANY 00584,SYNTHETIC SITE 00584,,1 Example Way,Nowhere,ZZ,00000,3252,SYNTHETIC INDUSTRY,133,272693,1,0,2,2,2,14,8,6,0,0,0,0,0,100584,1,2,2022,1/1/2023,
3586,SYNTHETIC COMPANY 00585,SYNTHETIC SITE 00585,,1 Example Way,Nowhere,ZZ,00000,3328,SYNTHETIC INDUSTRY,47,75313,2,0,0,0,0,0,0,0,0,0,0,0,0,100585,1,2,2022,1/1/2023,
3587,SYNTHETIC COMPANY 00586,SYNTHETIC SITE 00586,,1 Example Way,Nowhere,ZZ,00000,2361,SYNTHETIC INDUSTRY,23,39352,2,0,0,0,0,0,0,0,0,0,0,0,0,100586,1,2,2022,1/1/2023,
3588,SYNTHETIC COMPANY 00587,SYNTHETIC SITE 00587,,1 Example Way,Nowhere,ZZ,00000,3115,SYNTHETIC INDUSTRY,22,41760,2,0,0,0,0,0,0,0,0,0,0,0,0,100587,1,2,2022,1/1/2023,
3589,SYNTHETIC COMPANY 00588,SYNTHETIC SITE 00588,,1 Example Way,Nowhere,ZZ,00000,3252,SYNTHETIC INDUSTRY,33,61160,1,0,0,0,1,0,0,1,0,0,0,0,0,100588,1,2,2022,1/1/2023,
3590,SYNTHETIC COMPANY 00589,SYNTHETIC SITE 00589,,1 Example Way,Nowhere,ZZ,00000,3252,SYNTHETIC INDUSTRY,63,107798,2,0,0,0,0,0,0,0,0,0,0,0,0,100589,1,2,2022,1/1/2023,
3591,SYNTHETIC COMPANY 00590,SYNTHETIC SITE 00590,,1 Example Way,Nowhere,ZZ,00000,4451,SYNTHETIC INDUSTRY,279,510156,1,0,6,2,4,42,8,12,0,0,0,0,0,100590,1,2,2022,1/1/2023,
3592,SYNTHETIC COMPANY 00591,SYNTHETIC SITE 00591,,1 Example Way,Nowhere,ZZ,00000,4841,SYNTHETIC INDUSTRY,8,12136,2,0,0,0,0,0,0,0,0,0,0,0,0,100591,1,2,2022,1/1/2023,
3593,SYNTHETIC COMPANY 00592,SYNTHETIC SITE 00592,,1 Example Way,Nowhere,ZZ,00000,3115,SYNTHETIC INDUSTRY,41,68024,2,0,0,0,0,0,0,0,0,0,0,0,0,100592,1,2,2022,1/1/2023,
3594,SYNTHETIC COMPANY 00593,SYNTHETIC SITE 00593,,1 Example Way,Nowhere,ZZ,00000,6221,SYNTHETIC INDUSTRY,128,187143,2,0,0,0,0,0,0,0,0,0,0,0,0,100593,1,2,2022,1/1/2023,
3595,SYNTHETIC COMPANY 00594,SYNTHETIC SITE 00594,,1 Example Way,Nowhere,ZZ,00000,3251,SYNTHETIC INDUSTRY,12,2586400000,2,0,0,0,0,0,0,0,0,0,0,0,0,100594,1,2,2022,1/1/2023,
3596,SYNTHETIC COMPANY 00595,SYNTHETIC SITE 00595,,1 Example Way,Nowhere,ZZ,00000,3252,SYNTHETIC INDUSTRY,24,41782,2,0,0,0,0,0,0,0,0,0,0,0,0,100595,1,2,2022,1/1/2023,
3597,SYNTHETIC COMPANY 00596,SYNTHETIC SITE 00596,,1 Example Way,Nowhere,ZZ,00000,3251,SYNTHETIC INDUSTRY,482,900654,1,0,7,6,8,49,24,21,0,0,0,0,0,100596,1,2,2022,1/1/2023,
3598,SYNTHETIC COMPANY 00597,SYNTHETIC SITE 00597,,1 Example Way,Nowhere,ZZ,00000,2361,SYNTHETIC INDUSTRY,15,20765,2,0,0,0,0,0,0,0,0,0,0,0,0,100597,1,2,2022,1/1/2023,
3599,SYNTHETIC COMPANY 00598,SYNTHETIC SITE 00598,,1 Example Way,Nowhere,ZZ,00000,6221,SYNTHETIC INDUSTRY,72,131574,2,0,0,0,0,0,0,0,0,0,0,0,0,100598,1,2,2022,1/1/2023,
3600,SYNTHETIC COMPANY 00599,SYNTHETIC SITE 00599,,1 Example Way,Nowhere,ZZ,00000,6221,SYNTHETIC INDUSTRY,123,200446,2,0,0,0,0,0,0,0,0,0,0,0,0,100599,1,2,2022,1/1/2023,
3601,SYNTHETIC COMPANY 00600,SYNTHETIC SITE 00600,,1 Example Way,Nowhere,ZZ,00000,4841,SYNTHETIC INDUSTRY,88,178044,2,0,0,0,0,0,0,0,0,0,0,0,0,100600,1,2,2022,1/1/2023,
3602,SYNTHETIC COMPANY 00601,SYNTHETIC SITE 00601,,1 Example Way,Nowhere,ZZ,00000,3251,SYNTHETIC INDUSTRY,22,44598,2,0,0,0,0,0,0,0,0,0,0,0,0,100601,1,2,2022,1/1/2023,
3603,SYNTHETIC COMPANY 00602,SYNTHETIC SITE 00602,,1 Example Way,Nowhere,ZZ,00000,4841,SYNTHETIC INDUSTRY,7,11980,2,0,0,0,0,0,0,0,0,0,0,0,0,100602,1,2,2022,1/1/2023,
3604,SYNTHETIC COMPANY 00603,SYNTHETIC SITE 00603,,1 Example Way,Nowhere,ZZ,00000,2361,SYNTHETIC INDUSTRY,76,126523,1,0,0,0,1,0,0,1,0,0,0,0,0,100603,1,2,2022,1/1/2023,
3605,SYNTHETIC COMPANY 00604,SYNTHETIC SITE 00604,,1 Example Way,Nowhere,ZZ,00000,3115,SYNTHETIC INDUSTRY,3,5509,2,0,0,0,0,0,0,0,0,0,0,0,0,100604,1,2,2022,1/1/2023,
3606,SYNTHETIC COMPANY 00605,SYNTHETIC SITE 00605,,1 Example Way,Nowhere,ZZ,00000,3251,SYNTHETIC INDUSTRY,45,90614,1,0,0,0,1,0,0,1,0,0,0,0,0,100605,1,2,2022,1/1/2023,
3607,SYNTHETIC COMPANY 00606,SYNTHETIC SITE 00606,,1 Example Way,Nowhere,ZZ,00000,3328,SYNTHETIC INDUSTRY,68,86048,1,0,2,1,2,14,4,5,0,0,0,0,0,100606,1,2,2022,1/1/2023,
3608,SYNTHETIC COMPANY 00607,SYNTHETIC SITE 00607,,1 Example Way,Nowhere,ZZ,00000,4451,SYNTHETIC INDUSTRY,151,295571,1,0,5,5,10,35,20,20,0,0,0,0,0,100607,1,2,2022,1/1/2023,
3609,SYNTHETIC COMPANY 00608,SYNTHETIC SITE 00608,,1 Example Way,Nowhere,ZZ,00000,3328,SYNTHETIC INDUSTRY,29,70944,2,0,0,0,0,0,0,0,0,0,0,0,0,100608,1,2,2022,1/1/2023,
3610,SYNTHETIC COMPANY 00609,SYNTHETIC SITE 00609,,1 Example Way,Nowhere,ZZ,00000,3252,SYNTHETIC INDUSTRY,24,35364,2,0,0,0,0,0,0,0,0,0,0,0,0,100609,1,2,2022,1/1/2023,
3611,SYNTHETIC COMPANY 00610,SYNTHETIC SITE 00610,,1 Example Way,Nowhere,ZZ,00000,4451,SYNTHETIC INDUSTRY,59,95129,1,0,3,2,2,21,8,7,0,0,0,0,0,100610,1,2,2022,1/1/2023,
3612,SYNTHETIC COMPANY 00611,SYNTHETIC SITE 00611,,1 Example Way,Nowhere,ZZ,00000,3252,SYNTHETIC INDUSTRY,8,18872,2,0,0,0,0,0,0,0,0,0,0,0,0,100611,1,2,2022,1/1/2023,
3613,SYNTHETIC COMPANY 00612,SYNTHETIC SITE 00612,,1 Example Way,Nowhere,ZZ,00000,3115,SYNTHETIC INDUSTRY,800,1332991,2,0,0,0,0,0,0,0,0,0,0,0,0,100612,1,2,2022,1/1/2023,
3614,SYNTHETIC COMPANY 00613,SYNTHETIC SITE 00613,,1 Example Way,Nowhere,ZZ,00000,3115,SYNTHETIC INDUSTRY,34,67905,2,0,0,0,0,0,0,0,0,0,0,0,0,100613,1,2,2022,1/1/2023,
3615,SYNTHETIC COMPANY 00614,SYNTHETIC SITE 00614,,1 Example Way,Nowhere,ZZ,00000,3328,SYNTHETIC INDUSTRY,73,106035,1,0,2,1,1,14,4,4,0,0,0,0,0,100614,1,2,2022,1/1/2023,
3616,SYNTHETIC COMPANY 00615,SYNTHETIC SITE 00615,,1 Example Way,Nowhere,ZZ,00000,3328,SYNTHETIC INDUSTRY,137,255338,1,0,7,1,4,49,4,12,0,0,0,0,0,100615,1,2,2022,1/1/2023,
3617,SYNTHETIC COMPANY 00616,SYNTHETIC SITE 00616,,1 Example Way,Nowhere,ZZ,00000,3328,SYNTHETIC INDUSTRY,52,78348,2,0,0,0,0,0,0,0,0,0,0,0,0,100616,1,2,2022,1/1/2023,
3618,SYNTHETIC COMPANY 00617,SYNTHETIC SITE 00617,,1 Example Way,Nowhere,ZZ,00000,4841,SYNTHETIC INDUSTRY,155,311282,1,0,1,0,0,7,0,1,0,0,0,0,0,100617,1,2,2022,1/1/2023,
3619,SYNTHETIC COMPANY 00618,SYNTHETIC SITE 00618,,1 Example Way,Nowhere,ZZ,00000,2361,SYNTHETIC INDUSTRY,16,28233,2,0,0,0,0,0,0,0,0,0,0,0,0,100618,1,2,2022,1/1/2023,
3620,SYNTHETIC COMPANY 00619,SYNTHETIC SITE 00619,,1 Example Way,Nowhere,ZZ,00000,4451,SYNTHETIC INDUSTRY,242,36061700,1,0,1,2,1,7,8,4,0,0,0,0,0,100619,1,2,2022,1/1/2023,
3621,SYNTHETIC COMPANY 00620,SYNTHETIC SITE 00620,,1 Example Way,Nowhere,ZZ,00000,4841,SYNTHETIC INDUSTRY,15,26343,2,0,0,0,0,0,0,0,0,0,0,0,0,100620,1,2,2022,1/1/2023,
3622,SYNTHETIC COMPANY 00621,SYNTHETIC SITE 00621,,1 Example Way,Nowhere,ZZ,00000,3251,SYNTHETIC INDUSTRY,136,278210,1,0,0,2,0,0,8,2,0,0,0,0,0,100621,1,2,2022,1/1/2023,
3623,SYNTHETIC COMPANY 00622,SYNTHETIC SITE 00622,,1 Example Way,Nowhere,ZZ,00000,3328,SYNTHETIC INDUSTRY,113,207734,1,0,1,1,2,7,4,4,0,0,0,0,0,100622,1,2,2022,1/1/2023,
3624,SYNTHETIC COMPANY 00623,SYNTHETIC SITE 00623,,1 Example Way,Nowhere,ZZ,00000,3115,SYNTHETIC INDUSTRY,16,27483,2,0,0,0,0,0,0,0,0,0,0,0,0,100623,1,2,2022,1/1/2023,
3625,SYNTHETIC COMPANY 00624,SYNTHETIC SITE 00624,,1 Example Way,Nowhere,ZZ,00000,3115,SYNTHETIC INDUSTRY,40,89802,2,0,0,0,0,0,0,0,0,0,0,0,0,100624,1,2,2022,1/1/2023,
3626,SYNTHETIC COMPANY 00625,SYNTHETIC SITE 00625,,1 Example Way,Nowhere,ZZ,00000,2361,SYNTHETIC INDUSTRY,32,58221,2,0,0,0,0,0,0,0,0,0,0,0,0,100625,1,2,2022,1/1/2023,
3627,SYNTHETIC COMPANY 00626,SYNTHETIC SITE 00626,,1 Example Way,Nowhere,ZZ,00000,4451,SYNTHETIC INDUSTRY,17,25170,2,0,0,0,0,0,0,0,0,0,0,0,0,100626,1,2,2022,1/1/2023,
3628,SYNTHETIC COMPANY 00627,SYNTHETIC SITE 00627,,1 Example Way,Nowhere,ZZ,00000,3328,SYNTHETIC INDUSTRY,14,27410,2,0,0,0,0,0,0,0,0,0,0,0,0,100627,1,2,2022,1/1/2023,
3629,SYNTHETIC COMPANY 00628,SYNTHETIC SITE 00628,,1 Example Way,Nowhere,ZZ,00000,3328,SYNTHETIC INDUSTRY,73,170126,2,0,0,0,0,0,0,0,0,0,0,0,0,100628,1,2,2022,1/1/2023,
3630,SYNTHETIC COMPANY 00629,SYNTHETIC SITE 00629,,1 Example Way,Nowhere,ZZ,00000,4451,SYNTHETIC INDUSTRY,28,55010,2,0,0,0,0,0,0,0,0,0,0,0,0,100629,1,2,2022,1/1/2023,
3631,SYNTHETIC COMPANY 00630,SYNTHETIC SITE 00630,,1 Example Way,Nowhere,ZZ,00000,4841,SYNTHETIC INDUSTRY,90,163625,2,0,0,0,0,0,0,0,0,0,0,0,0,100630,1,2,2022,1/1/2023,
3632,SYNTHETIC COMPANY 00631,SYNTHETIC SITE 00631,,1 Example Way,Nowhere,ZZ,00000,3252,SYNTHETIC INDUSTRY,20,42656,2,0,0,0,0,0,0,0,0,0,0,0,0,100631,1,2,2022,1/1/2023,
3633,SYNTHETIC COMPANY 00632,SYNTHETIC SITE 00632,,1 Example Way,Nowhere,ZZ,00000,2361,SYNTHETIC INDUSTRY,302,658945,1,0,2,0,1,14,0,3,0,0,0,0,0,100632,1,2,2022,1/1/2023,
3634,SYNTHETIC COMPANY 00633,SYNTHETIC SITE 00633,,1 Example Way,Nowhere,ZZ,00000,3115,SYNTHETIC INDUSTRY,72,114571,1,0,2,2,1,14,8,5,0,0,0,0,0,100633,1,2,2022,1/1/2023,
3635,SYNTHETIC COMPANY 00634,SYNTHETIC SITE 00634,,1 Example Way,Nowhere,ZZ,00000,3328,SYNTHETIC INDUSTRY,3,5429,2,0,0,0,0,0,0,0,0,0,0,0,0,100634,1,2,2022,1/1/2023,
3636,SYNTHETIC COMPANY 00635,SYNTHETIC SITE 00635,,1 Example Way,Nowhere,ZZ,00000,4451,SYNTHETIC INDUSTRY,9,15013,1,0,1,0,0,7,0,1,0,0,0,0,0,100635,1,2,2022,1/1/2023,
3637,SYNTHETIC COMPANY 00636,SYNTHETIC SITE 00636,,1 Example Way,Nowhere,ZZ,00000,3328,SYNTHETIC INDUSTRY,22,40898,1,0,0,0,1,0,0,1,0,0,0,0,0,100636,1,2,2022,1/1/2023,
3638,SYNTHETIC COMPANY 00637,SYNTHETIC SITE 00637,,1 Example Way,Nowhere,ZZ,00000,3251,SYNTHETIC INDUSTRY,364,499772,1,0,0,1,1,0,4,2,0,0,0,0,0,100637,1,2,2022,1/1/2023,
3639,SYNTHETIC COMPANY 00638,SYNTHETIC SITE 00638,,1 Example Way,Nowhere,ZZ,00000,6221,SYNTHETIC INDUSTRY,7,14449,2,0,0,0,0,0,0,0,0,0,0,0,0,100638,1,2,2022,1/1/2023,
3640,SYNTHETIC COMPANY 00639,SYNTHETIC SITE 00639,,1 Example Way,Nowhere,ZZ,00000,2361,SYNTHETIC INDUSTRY,17,31552,2,0,0,0,0,0,0,0,0,0,0,0,0,100639,1,2,2022,1/1/2023,
3641,SYNTHETIC COMPANY 00640,SYNTHETIC SITE 00640,,1 Example Way,Nowhere,ZZ,00000,3251,SYNTHETIC INDUSTRY,200,394496,2,0,0,0,0,0,0,0,0,0,0,0,0,100640,1,2,2022,1/1/2023,
3642,SYNTHETIC COMPANY 00641,SYNTHETIC SITE 00641,,1 Example Way,Nowhere,ZZ,00000,3115,SYNTHETIC INDUSTRY,49,91176,2,0,0,0,0,0,0,0,0,0,0,0,0,100641,1,2,2022,1/1/2023,
3643,SYNTHETIC COMPANY 00642,SYNTHETIC SITE 00642,,1 Example Way,Nowhere,ZZ,00000,6221,SYNTHETIC INDUSTRY,108,227203,1,0,0,0,1,0,0,1,0,0,0,0,0,100642,1,2,2022,1/1/2023,
3644,SYNTHETIC COMPANY 00643,SYNTHETIC SITE 00643,,1 Example Way,Nowhere,ZZ,00000,3328,SYNTHETIC INDUSTRY,8,15693,2,0,0,0,0,0,0,0,0,0,0,0,0,100643,1,2,2022,1/1/2023,
3645,SYNTHETIC COMPANY 00644,SYNTHETIC SITE 00644,,1 Example Way,Nowhere,ZZ,00000,3252,SYNTHETIC INDUSTRY,576,1087294,1,0,13,8,13,91,32,34,0,0,0,0,0,100644,1,2,2022,1/1/2023,
3646,SYNTHETIC COMPANY 00645,SYNTHETIC SITE 00645,,1 Example Way,Nowhere,ZZ,00000,3252,SYNTHETIC INDUSTRY,291,486527,2,0,0,0,0,0,0,0,0,0,0,0,0,100645,1,2,2022,1/1/2023,
3647,SYNTHETIC COMPANY 00646,SYNTHETIC SITE 00646,,1 Example Way,Nowhere,ZZ,00000,4841,SYNTHETIC INDUSTRY,313,593850,2,0,0,0,0,0,0,0,0,0,0,0,0,100646,1,2,2022,1/1/2023,
3648,SYNTHETIC COMPANY 00647,SYNTHETIC SITE 00647,,1 Example Way,Nowhere,ZZ,00000,4451,SYNTHETIC INDUSTRY,19,34431,2,0,0,0,0,0,0,0,0,0,0,0,0,100647,1,2,2022,1/1/2023,
3649,SYNTHETIC COMPANY 00648,SYNTHETIC SITE 00648,,1 Example Way,Nowhere,ZZ,00000,4451,SYNTHETIC INDUSTRY,45,73962,1,0,1,0,0,7,0,1,0,0,0,0,0,100648,1,2,2022,1/1/2023,
3650,SYNTHETIC COMPANY 00649,SYNTHETIC SITE 00649,,1 Example Way,Nowhere,ZZ,00000,3251,SYNTHETIC INDUSTRY,30,54456,2,0,0,0,0,0,0,0,0,0,0,0,0,100649,1,2,2022,1/1/2023,
3651,SYNTHETIC COMPANY 00650,SYNTHETIC SITE 00650,,1 Example Way,Nowhere,ZZ,00000,3328,SYNTHETIC INDUSTRY,18,29216,2,0,0,0,0,0,0,0,0,0,0,0,0,100650,1,2,2022,1/1/2023,
3652,SYNTHETIC COMPANY 00651,SYNTHETIC SITE 00651,,1 Example Way,Nowhere,ZZ,00000,6221,SYNTHETIC INDUSTRY,17,35229,1,0,0,0,2,0,0,2,0,0,0,0,0,100651,1,2,2022,1/1/2023,
3653,SYNTHETIC COMPANY 00652,SYNTHETIC SITE 00652,,1 Example Way,Nowhere,ZZ,00000,3252,SYNTHETIC INDUSTRY,65,107774,2,0,0,0,0,0,0,0,0,0,0,0,0,100652,1,2,2022,1/1/2023,
3654,SYNTHETIC COMPANY 00653,SYNTHETIC SITE 00653,,1 Example Way,Nowhere,ZZ,00000,3328,SYNTHETIC INDUSTRY,103,205112,1,0,3,1,6,21,4,10,0,0,0,0,0,100653,1,2,2022,1/1/2023,
3655,SYNTHETIC COMPANY 00654,SYNTHETIC SITE 00654,,1 Example Way,Nowhere,ZZ,00000,3251,SYNTHETIC INDUSTRY,75,161190,1,0,0,3,2,0,12,5,0,0,0,0,0,100654,1,2,2022,1/1/2023,
3656,SYNTHETIC COMPANY 00655,SYNTHETIC SITE 00655,,1 Example Way,Nowhere,ZZ,00000,4841,SYNTHETIC INDUSTRY,20,37697,1,0,0,0,1,0,0,1,0,0,0,0,0,100655,1,2,2022,1/1/2023,
3657,SYNTHETIC COMPANY 00656,SYNTHETIC SITE 00656,,1 Example Way,Nowhere,ZZ,00000,4451,SYNTHETIC INDUSTRY,130,245765,2,0,0,0,0,0,0,0,0,0,0,0,0,100656,1,2,2022,1/1/2023,
3658,SYNTHETIC COMPANY 00657,SYNTHETIC SITE 00657,,1 Example Way,Nowhere,ZZ,00000,3328,SYNTHETIC INDUSTRY,276,543092,1,0,15,6,9,105,24,30,0,0,0,0,0,100657,1,2,2022,1/1/2023,
3659,SYNTHETIC COMPANY 00658,SYNTHETIC SITE 00658,,1 Example Way,Nowhere,ZZ,00000,4451,SYNTHETIC INDUSTRY,45,8407200000,1,0,0,2,2,0,8,4,0,0,0,0,0,100658,1,2,2022,1/1/2023,
3660,SYNTHETIC COMPANY 00659,SYNTHETIC SITE 00659,,1 Example Way,Nowhere,ZZ,00000,4451,SYNTHETIC INDUSTRY,16,32830,2,0,0,0,0,0,0,0,0,0,0,0,0,100659,1,2,2022,1/1/2023,
3661,SYNTHETIC COMPANY 00660,SYNTHETIC SITE 00660,,1 Example Way,Nowhere,ZZ,00000,3115,SYNTHETIC INDUSTRY,49,65765,1,0,3,1,1,21,4,5,0,0,0,0,0,100660,1,2,2022,1/1/2023,
3662,SYNTHETIC COMPANY 00661,SYNTHETIC SITE 00661,,1 Example Way,Nowhere,ZZ,00000,2361,SYNTHETIC INDUSTRY,83,163998,2,0,0,0,0,0,0,0,0,0,0,0,0,100661,1,2,2022,1/1/2023,
3663,SYNTHETIC COMPANY 00662,SYNTHETIC SITE 00662,,1 Example Way,Nowhere,ZZ,00000,6221,SYNTHETIC INDUSTRY,9,17747,2,0,0,0,0,0,0,0,0,0,0,0,0,100662,1,2,2022,1/1/2023,
3664,SYNTHETIC COMPANY 00663,SYNTHETIC SITE 00663,,1 Example Way,Nowhere,ZZ,00000,4451,SYNTHETIC INDUSTRY,187,377713,1,0,2,3,2,14,12,7,0,0,0,0,0,100663,1,2,2022,1/1/2023,
3665,SYNTHETIC COMPANY 00664,SYNTHETIC SITE 00664,,1 Example Way,Nowhere,ZZ,00000,3328,SYNTHETIC INDUSTRY,138,258832,1,0,7,8,8,49,32,23,0,0,0,0,0,100664,1,2,2022,1/1/2023,
3666,SYNTHETIC COMPANY 00665,SYNTHETIC SITE 00665,,1 Example Way,Nowhere,ZZ,00000,3115,SYNTHETIC INDUSTRY,48,93546,2,0,0,0,0,0,0,0,0,0,0,0,0,100665,1,2,2022,1/1/2023,
3667,SYNTHETIC COMPANY 00666,SYNTHETIC SITE 00666,,1 Example Way,Nowhere,ZZ,00000,3252,SYNTHETIC INDUSTRY,50,90579,2,0,0,0,0,0,0,0,0,0,0,0,0,100666,1,2,2022,1/1/2023,
3668,SYNTHETIC COMPANY 00667,SYNTHETIC SITE 00667,,1 Example Way,Nowhere,ZZ,00000,2361,SYNTHETIC INDUSTRY,12,23266,2,0,0,0,0,0,0,0,0,0,0,0,0,100667,1,2,2022,1/1/2023,
3669,SYNTHETIC COMPANY 00668,SYNTHETIC SITE 00668,,1 Example Way,Nowhere,ZZ,00000,3252,SYNTHETIC INDUSTRY,91,213197,1,0,1,1,0,7,4,2,0,0,0,0,0,100668,1,2,2022,1/1/2023,
3670,SYNTHETIC COMPANY 00669,SYNTHETIC SITE 00669,,1 Example Way,Nowhere,ZZ,00000,3328,SYNTHETIC INDUSTRY,39,69283,2,0,0,0,0,0,0,0,0,0,0,0,0,100669,1,2,2022,1/1/2023,
3671,SYNTHETIC COMPANY 00670,SYNTHETIC SITE 00670,,1 Example Way,Nowhere,ZZ,00000,3251,SYNTHETIC INDUSTRY,47,82004,2,0,0,0,0,0,0,0,0,0,0,0,0,100670,1,2,2022,1/1/2023,
3672,SYNTHETIC COMPANY 00671,SYNTHETIC SITE 00671,,1 Example Way,Nowhere,ZZ,00000,2361,SYNTHETIC INDUSTRY,18,32113,1,0,0,1,0,0,4,1,0,0,0,0,0,100671,1,2,2022,1/1/2023,
3673,SYNTHETIC COMPANY 00672,SYNTHETIC SITE 00672,,1 Example Way,Nowhere,ZZ,00000,4451,SYNTHETIC INDUSTRY,12,17044,2,0,0,0,0,0,0,0,0,0,0,0,0,100672,1,2,2022,1/1/2023,
3674,SYNTHETIC COMPANY 00673,SYNTHETIC SITE 00673,,1 Example Way,Nowhere,ZZ,00000,3252,SYNTHETIC INDUSTRY,169,399661,1,0,2,2,3,14,8,7,0,0,0,0,0,100673,1,2,2022,1/1/2023,
3675,SYNTHETIC COMPANY 00674,SYNTHETIC SITE 00674,,1 Example Way,Nowhere,ZZ,00000,2361,SYNTHETIC INDUSTRY,69,151397,1,0,0,1,2,0,4,3,0,0,0,0,0,100674,1,2,2022,1/1/2023,
3676,SYNTHETIC COMPANY 00675,SYNTHETIC SITE 00675,,1 Example Way,Nowhere,ZZ,00000,3251,SYNTHETIC INDUSTRY,63,115568,1,0,0,1,1,0,4,2,0,0,0,0,0,100675,1,2,2022,1/1/2023,
3677,SYNTHETIC COMPANY 00676,SYNTHETIC SITE 00676,,1 Example Way,Nowhere,ZZ,00000,3328,SYNTHETIC INDUSTRY,30,50444,2,0,0,0,0,0,0,0,0,0,0,0,0,100676,1,2,2022,1/1/2023,
3678,SYNTHETIC COMPANY 00677,SYNTHETIC SITE 00677,,1 Example Way,Nowhere,ZZ,00000,3251,SYNTHETIC INDUSTRY,13,25997,2,0,0,0,0,0,0,0,0,0,0,0,0,100677,1,2,2022,1/1/2023,
3679,SYNTHETIC COMPANY 00678,SYNTHETIC SITE 00678,,1 Example Way,Nowhere,ZZ,00000,4841,SYNTHETIC INDUSTRY,22,37524,2,0,0,0,0,0,0,0,0,0,0,0,0,100678,1,2,2022,1/1/2023,
3680,SYNTHETIC COMPANY 00679,SYNTHETIC SITE 00679,,1 Example Way,Nowhere,ZZ,00000,3252,SYNTHETIC INDUSTRY,6,11867,2,0,0,0,0,0,0,0,0,0,0,0,0,100679,1,2,2022,1/1/2023,
3681,SYNTHETIC COMPANY 00680,SYNTHETIC SITE 00680,,1 Example Way,Nowhere,ZZ,00000,6221,SYNTHETIC INDUSTRY,98,223160,2,0,0,0,0,0,0,0,0,0,0,0,0,100680,1,2,2022,1/1/2023,
3682,SYNTHETIC COMPANY 00681,SYNTHETIC SITE 00681,,1 Example Way,Nowhere,ZZ,00000,3252,SYNTHETIC INDUSTRY,19,37785,2,0,0,0,0,0,0,0,0,0,0,0,0,100681,1,2,2022,1/1/2023,
3683,SYNTHETIC COMPANY 00682,SYNTHETIC SITE 00682,,1 Example Way,Nowhere,ZZ,00000,4841,SYNTHETIC INDUSTRY,81,171726,2,0,0,0,0,0,0,0,0,0,0,0,0,100682,1,2,2022,1/1/2023,
3684,SYNTHETIC COMPANY 00683,SYNTHETIC SITE 00683,,1 Example Way,Nowhere,ZZ,00000,6221,SYNTHETIC INDUSTRY,60,114499,2,0,0,0,0,0,0,0,0,0,0,0,0,100683,1,2,2022,1/1/2023,
3685,SYNTHETIC COMPANY 00684,SYNTHETIC SITE 00684,,1 Example Way,Nowhere,ZZ,00000,3251,SYNTHETIC INDUSTRY,32,54211,2,0,0,0,0,0,0,0,0,0,0,0,0,100684,1,2,2022,1/1/2023,
3686,SYNTHETIC COMPANY 00685,SYNTHETIC SITE 00685,,1 Example Way,Nowhere,ZZ,00000,3115,SYNTHETIC INDUSTRY,142,324486,1,0,2,1,0,14,4,3,0,0,0,0,0,100685,1,2,2022,1/1/2023,
3687,SYNTHETIC COMPANY 00686,SYNTHETIC SITE 00686,,1 Example Way,Nowhere,ZZ,00000,2361,SYNTHETIC INDUSTRY,5,6822,2,0,0,0,0,0,0,0,0,0,0,0,0,100686,1,2,2022,1/1/2023,
3688,SYNTHETIC COMPANY 00687,SYNTHETIC SITE 00687,,1 Example Way,Nowhere,ZZ,00000,3252,SYNTHETIC INDUSTRY,222,470967,1,0,5,3,2,35,12,10,0,0,0,0,0,100687,1,2,2022,1/1/2023,
3689,SYNTHETIC COMPANY 00688,SYNTHETIC SITE 00688,,1 Example Way,Nowhere,ZZ,00000,2361,SYNTHETIC INDUSTRY,16,37950,1,0,1,1,0,7,4,2,0,0,0,0,0,100688,1,2,2022,1/1/2023,
3690,SYNTHETIC COMPANY 00689,SYNTHETIC SITE 00689,,1 Example Way,Nowhere,ZZ,00000,4841,SYNTHETIC INDUSTRY,91,156701,1,0,1,4,2,7,16,7,0,0,0,0,0,100689,1,2,2022,1/1/2023,
3691,SYNTHETIC COMPANY 00690,SYNTHETIC SITE 00690,,1 Example Way,Nowhere,ZZ,00000,4451,SYNTHETIC INDUSTRY,53,119713,1,0,0,0,1,0,0,1,0,0,0,0,0,100690,1,2,2022,1/1/2023,
3692,SYNTHETIC COMPANY 00691,SYNTHETIC SITE 00691,,1 Example Way,Nowhere,ZZ,00000,4451,SYNTHETIC INDUSTRY,29,51241,2,0,0,0,0,0,0,0,0,0,0,0,0,100691,1,2,2022,1/1/2023,
3693,SYNTHETIC COMPANY 00692,SYNTHETIC SITE 00692,,1 Example Way,Nowhere,ZZ,00000,3328,SYNTHETIC INDUSTRY,16,37066,2,0,0,0,0,0,0,0,0,0,0,0,0,100692,1,2,2022,1/1/2023,
3694,SYNTHETIC COMPANY 00693,SYNTHETIC SITE 00693,,1 Example Way,Nowhere,ZZ,00000,6221,SYNTHETIC INDUSTRY,296,479601,1,0,0,1,0,0,4,1,0,0,0,0,0,100693,1,2,2022,1/1/2023,
3695,SYNTHETIC COMPANY 00694,SYNTHETIC SITE 00694,,1 Example Way,Nowhere,ZZ,00000,4841,SYNTHETIC INDUSTRY,18,38219,2,0,0,0,0,0,0,0,0,0,0,0,0,100694,1,2,2022,1/1/2023,
3696,SYNTHETIC COMPANY 00695,SYNTHETIC SITE 00695,,1 Example Way,Nowhere,ZZ,00000,3252,SYNTHETIC INDUSTRY,15,29898,2,0,0,0,0,0,0,0,0,0,0,0,0,100695,1,2,2022,1/1/2023,
3697,SYNTHETIC COMPANY 00696,SYNTHETIC SITE 00696,,1 Example Way,Nowhere,ZZ,00000,6221,SYNTHETIC INDUSTRY,26,46837,2,0,0,0,0,0,0,0,0,0,0,0,0,100696,1,2,2022,1/1/2023,
3698,SYNTHETIC COMPANY 00697,SYNTHETIC SITE 00697,,1 Example Way,Nowhere,ZZ,00000,6221,SYNTHETIC INDUSTRY,18,35085,2,0,0,0,0,0,0,0,0,0,0,0,0,100697,1,2,2022,1/1/2023,
3699,SYNTHETIC COMPANY 00698,SYNTHETIC SITE 00698,,1 Example Way,Nowhere,ZZ,00000,3251,SYNTHETIC INDUSTRY,17,26240,2,0,0,0,0,0,0,0,0,0,0,0,0,100698,1,2,2022,1/1/2023,
3700,SYNTHETIC COMPANY 00699,SYNTHETIC SITE 00699,,1 Example Way,Nowhere,ZZ,00000,4841,SYNTHETIC INDUSTRY,74,131299,2,0,0,0,0,0,0,0,0,0,0,0,0,100699,1,2,2022,1/1/2023,
3701,SYNTHETIC COMPANY 00700,SYNTHETIC SITE 00700,,1 Example Way,Nowhere,ZZ,00000,2361,SYNTHETIC INDUSTRY,17,33238,2,0,0,0,0,0,0,0,0,0,0,0,0,100700,1,2,2022,1/1/2023,
3702,SYNTHETIC COMPANY 00701,SYNTHETIC SITE 00701,,1 Example Way,Nowhere,ZZ,00000,4451,SYNTHETIC INDUSTRY,62,94178,2,0,0,0,0,0,0,0,0,0,0,0,0,100701,1,2,2022,1/1/2023,
3703,SYNTHETIC COMPANY 00702,SYNTHETIC SITE 00702,,1 Example Way,Nowhere,ZZ,00000,3328,SYNTHETIC INDUSTRY,67,111152,1,0,2,0,3,14,0,5,0,0,0,0,0,100702,1,2,2022,1/1/2023,
3704,SYNTHETIC COMPANY 00703,SYNTHETIC SITE 00703,,1 Example Way,Nowhere,ZZ,00000,2361,SYNTHETIC INDUSTRY,98,191537,2,0,0,0,0,0,0,0,0,0,0,0,0,100703,1,2,2022,1/1/2023,
3705,SYNTHETIC COMPANY 00704,SYNTHETIC SITE 00704,,1 Example Way,Nowhere,ZZ,00000,3328,SYNTHETIC INDUSTRY,34,69155,2,0,0,0,0,0,0,0,0,0,0,0,0,100704,1,2,2022,1/1/2023,
3706,SYNTHETIC COMPANY 00705,SYNTHETIC SITE 00705,,1 Example Way,Nowhere,ZZ,00000,3328,SYNTHETIC INDUSTRY,21,38349,2,0,0,0,0,0,0,0,0,0,0,0,0,100705,1,2,2022,1/1/2023,
3707,SYNTHETIC COMPANY 00706,SYNTHETIC SITE 00706,,1 Example Way,Nowhere,ZZ,00000,3115,SYNTHETIC INDUSTRY,38,70696,1,0,0,0,1,0,0,1,0,0,0,0,0,100706,1,2,2022,1/1/2023,
3708,SYNTHETIC COMPANY 00707,SYNTHETIC SITE 00707,,1 Example Way,Nowhere,ZZ,00000,4451,SYNTHETIC INDUSTRY,126,212027,2,0,0,0,0,0,0,0,0,0,0,0,0,100707,1,2,2022,1/1/2023,
3709,SYNTHETIC COMPANY 00708,SYNTHETIC SITE 00708,,1 Example Way,Nowhere,ZZ,00000,3328,SYNTHETIC INDUSTRY,15,27650,1,0,0,0,1,0,0,1,0,0,0,0,0,100708,1,2,2022,1/1/2023,
3710,SYNTHETIC COMPANY 00709,SYNTHETIC SITE 00709,,1 Example Way,Nowhere,ZZ,00000,3328,SYNTHETIC INDUSTRY,2,3250,2,0,0,0,0,0,0,0,0,0,0,0,0,100709,1,2,2022,1/1/2023,
3711,SYNTHETIC COMPANY 00710,SYNTHETIC SITE 00710,,1 Example Way,Nowhere,ZZ,00000,2361,SYNTHETIC INDUSTRY,17,25992,2,0,0,0,0,0,0,0,0,0,0,0,0,100710,1,2,2022,1/1/2023,
3712,SYNTHETIC COMPANY 00711,SYNTHETIC SITE 00711,,1 Example Way,Nowhere,ZZ,00000,4841,SYNTHETIC INDUSTRY,10,18357,2,0,0,0,0,0,0,0,0,0,0,0,0,100711,1,2,2022,1/1/2023,
3713,SYNTHETIC COMPANY 00712,SYNTHETIC SITE 00712,,1 Example Way,Nowhere,ZZ,00000,3115,SYNTHETIC INDUSTRY,7,11313,1,0,1,1,0,7,4,2,0,0,0,0,0,100712,1,2,2022,1/1/2023,
3714,SYNTHETIC COMPANY 00713,SYNTHETIC SITE 00713,,1 Example Way,Nowhere,ZZ,00000,3252,SYNTHETIC INDUSTRY,267,630301,1,0,4,3,15,28,12,22,0,0,0,0,0,100713,1,2,2022,1/1/2023,
3715,SYNTHETIC COMPANY 00714,SYNTHETIC SITE 00714,,1 Example Way,Nowhere,ZZ,00000,6221,SYNTHETIC INDUSTRY,44,86205,2,0,0,0,0,0,0,0,0,0,0,0,0,100714,1,2,2022,1/1/2023,
3716,SYNTHETIC COMPANY 00715,SYNTHETIC SITE 00715,,1 Example Way,Nowhere,ZZ,00000,6221,SYNTHETIC INDUSTRY,28,51113,2,0,0,0,0,0,0,0,0,0,0,0,0,100715,1,2,2022,1/1/2023,
3717,SYNTHETIC COMPANY 00716,SYNTHETIC SITE 00716,,1 Example Way,Nowhere,ZZ,00000,2361,SYNTHETIC INDUSTRY,44,64594,1,0,0,1,0,0,4,1,0,0,0,0,0,100716,1,2,2022,1/1/2023,
3718,SYNTHETIC COMPANY 00717,SYNTHETIC SITE 00717,,1 Example Way,Nowhere,ZZ,00000,6221,SYNTHETIC INDUSTRY,4,9292,2,0,0,0,0,0,0,0,0,0,0,0,0,100717,1,2,2022,1/1/2023,
3719,SYNTHETIC COMPANY 00718,SYNTHETIC SITE 00718,,1 Example Way,Nowhere,ZZ,00000,6221,SYNTHETIC INDUSTRY,36,67791,2,0,0,0,0,0,0,0,0,0,0,0,0,100718,1,2,2022,1/1/2023,
3720,SYNTHETIC COMPANY 00719,SYNTHETIC SITE 00719,,1 Example Way,Nowhere,ZZ,00000,3252,SYNTHETIC INDUSTRY,21,31004,2,0,0,0,0,0,0,0,0,0,0,0,0,100719,1,2,2022,1/1/2023,
3721,SYNTHETIC COMPANY 00720,SYNTHETIC SITE 00720,,1 Example Way,Nowhere,ZZ,00000,6221,SYNTHETIC INDUSTRY,154,340351,1,0,1,0,2,7,0,3,0,0,0,0,0,100720,1,2,2022,1/1/2023,
3722,SYNTHETIC COMPANY 00721,SYNTHETIC SITE 00721,,1 Example Way,Nowhere,ZZ,00000,4841,SYNTHETIC INDUSTRY,31,72825,2,0,0,0,0,0,0,0,0,0,0,0,0,100721,1,2,2022,1/1/2023,
3723,SYNTHETIC COMPANY 00722,SYNTHETIC SITE 00722,,1 Example Way,Nowhere,ZZ,00000,2361,SYNTHETIC INDUSTRY,129,287348,1,0,0,1,0,0,4,1,0,0,0,0,0,100722,1,2,2022,1/1/2023,
3724,SYNTHETIC COMPANY 00723,SYNTHETIC SITE 00723,,1 Example Way,Nowhere,ZZ,00000,6221,SYNTHETIC INDUSTRY,8,13134,2,0,0,0,0,0,0,0,0,0,0,0,0,100723,1,2,2022,1/1/2023,
3725,SYNTHETIC COMPANY 00724,SYNTHETIC SITE 00724,,1 Example Way,Nowhere,ZZ,00000,6221,SYNTHETIC INDUSTRY,13,18393,2,0,0,0,0,0,0,0,0,0,0,0,0,100724,1,2,2022,1/1/2023,
3726,SYNTHETIC COMPANY 00725,SYNTHETIC SITE 00725,,1 Example Way,Nowhere,ZZ,00000,4841,SYNTHETIC INDUSTRY,48,70140,2,0,0,0,0,0,0,0,0,0,0,0,0,100725,1,2,2022,1/1/2023,
3727,SYNTHETIC COMPANY 00726,SYNTHETIC SITE 00726,,1 Example Way,Nowhere,ZZ,00000,3328,SYNTHETIC INDUSTRY,52,99447,1,0,1,0,0,7,0,1,0,0,0,0,0,100726,1,2,2022,1/1/2023,
3728,SYNTHETIC COMPANY 00727,SYNTHETIC SITE 00727,,1 Example Way,Nowhere,ZZ,00000,3251,SYNTHETIC INDUSTRY,449,758049,1,0,0,0,1,0,0,1,0,0,0,0,0,100727,1,2,2022,1/1/2023,
3729,SYNTHETIC COMPANY 00728,SYNTHETIC SITE 00728,,1 Example Way,Nowhere,ZZ,00000,6221,SYNTHETIC INDUSTRY,22,46682,1,0,0,1,0,0,4,1,0,0,0,0,0,100728,1,2,2022,1/1/2023,
3730,SYNTHETIC COMPANY 00729,SYNTHETIC SITE 00729,,1 Example Way,Nowhere,ZZ,00000,2361,SYNTHETIC INDUSTRY,188,411662,2,0,0,0,0,0,0,0,0,0,0,0,0,100729,1,2,2022,1/1/2023,
3731,SYNTHETIC COMPANY 00730,SYNTHETIC SITE 00730,,1 Example Way,Nowhere,ZZ,00000,6221,SYNTHETIC INDUSTRY,22,49186,2,0,0,0,0,0,0,0,0,0,0,0,0,100730,1,2,2022,1/1/2023,
3732,SYNTHETIC COMPANY 00731,SYNTHETIC SITE 00731,,1 Example Way,Nowhere,ZZ,00000,4841,SYNTHETIC INDUSTRY,13,22724,2,0,0,0,0,0,0,0,0,0,0,0,0,100731,1,2,2022,1/1/2023,
3733,SYNTHETIC COMPANY 00732,SYNTHETIC SITE 00732,,1 Example Way,Nowhere,ZZ,00000,4451,SYNTHETIC INDUSTRY,25,5593000,2,0,0,0,0,0,0,0,0,0,0,0,0,100732,1,2,2022,1/1/2023,
3734,SYNTHETIC COMPANY 00733,SYNTHETIC SITE 00733,,1 Example Way,Nowhere,ZZ,00000,3328,SYNTHETIC INDUSTRY,80,166998,2,0,0,0,0,0,0,0,0,0,0,0,0,100733,1,2,2022,1/1/2023,
3735,SYNTHETIC COMPANY 00734,SYNTHETIC SITE 00734,,1 Example Way,Nowhere,ZZ,00000,2361,SYNTHETIC INDUSTRY,25,43171,2,0,0,0,0,0,0,0,0,0,0,0,0,100734,1,2,2022,1/1/2023,
3736,SYNTHETIC COMPANY 00735,SYNTHETIC SITE 00735,,1 Example Way,Nowhere,ZZ,00000,6221,SYNTHETIC INDUSTRY,37,86354,2,0,0,0,0,0,0,0,0,0,0,0,0,100735,1,2,2022,1/1/2023,
3737,SYNTHETIC COMPANY 00736,SYNTHETIC SITE 00736,,1 Example Way,Nowhere,ZZ,00000,3115,SYNTHETIC INDUSTRY,40,75064,2,0,0,0,0,0,0,0,0,0,0,0,0,100736,1,2,2022,1/1/2023,
3738,SYNTHETIC COMPANY 00737,SYNTHETIC SITE 00737,,1 Example Way,Nowhere,ZZ,00000,2361,SYNTHETIC INDUSTRY,18,28390,1,0,0,0,1,0,0,1,0,0,0,0,0,100737,1,2,2022,1/1/2023,
3739,SYNTHETIC COMPANY 00738,SYNTHETIC SITE 00738,,1 Example Way,Nowhere,ZZ,00000,4841,SYNTHETIC INDUSTRY,1,1715,2,0,0,0,0,0,0,0,0,0,0,0,0,100738,1,2,2022,1/1/2023,
3740,SYNTHETIC COMPANY 00739,SYNTHETIC SITE 00739,,1 Example Way,Nowhere,ZZ,00000,3252,SYNTHETIC INDUSTRY,139,243707,2,0,0,0,0,0,0,0,0,0,0,0,0,100739,1,2,2022,1/1/2023,
3741,SYNTHETIC COMPANY 00740,SYNTHETIC SITE 00740,,1 Example Way,Nowhere,ZZ,00000,3328,SYNTHETIC INDUSTRY,19,36568,2,0,0,0,0,0,0,0,0,0,0,0,0,100740,1,2,2022,1/1/2023,
3742,SYNTHETIC COMPANY 00741,SYNTHETIC SITE 00741,,1 Example Way,Nowhere,ZZ,00000,3328,SYNTHETIC INDUSTRY,22,39124,2,0,0,0,0,0,0,0,0,0,0,0,0,100741,1,2,2022,1/1/2023,
3743,SYNTHETIC COMPANY 00742,SYNTHETIC SITE 00742,,1 Example Way,Nowhere,ZZ,00000,3251,SYNTHETIC INDUSTRY,53,104539,2,0,0,0,0,0,0,0,0,0,0,0,0,100742,1,2,2022,1/1/2023,
3744,SYNTHETIC COMPANY 00743,SYNTHETIC SITE 00743,,1 Example Way,Nowhere,ZZ,00000,2361,SYNTHETIC INDUSTRY,171,313313,1,0,1,0,0,7,0,1,0,0,0,0,0,100743,1,2,2022,1/1/2023,
3745,SYNTHETIC COMPANY 00744,SYNTHETIC SITE 00744,,1 Example Way,Nowhere,ZZ,00000,3115,SYNTHETIC INDUSTRY,52,97126,2,0,0,0,0,0,0,0,0,0,0,0,0,100744,1,2,2022,1/1/2023,
3746,SYNTHETIC COMPANY 00745,SYNTHETIC SITE 00745,,1 Example Way,Nowhere,ZZ,00000,4451,SYNTHETIC INDUSTRY,8,15850,2,0,0,0,0,0,0,0,0,0,0,0,0,100745,1,2,2022,1/1/2023,
3747,SYNTHETIC COMPANY 00746,SYNTHETIC SITE 00746,,1 Example Way,Nowhere,ZZ,00000,3328,SYNTHETIC INDUSTRY,31,70604,2,0,0,0,0,0,0,0,0,0,0,0,0,100746,1,2,2022,1/1/2023,
3748,SYNTHETIC COMPANY 00747,SYNTHETIC SITE 00747,,1 Example Way,Nowhere,ZZ,00000,4841,SYNTHETIC INDUSTRY,34,6451200000,1,0,1,0,0,7,0,1,0,0,0,0,0,100747,1,2,2022,1/1/2023,
3749,SYNTHETIC COMPANY 00748,SYNTHETIC SITE 00748,,1 Example Way,Nowhere,ZZ,00000,2361,SYNTHETIC INDUSTRY,26,47591,2,0,0,0,0,0,0,0,0,0,0,0,0,100748,1,2,2022,1/1/2023,
3750,SYNTHETIC COMPANY 00749,SYNTHETIC SITE 00749,,1 Example Way,Nowhere,ZZ,00000,3328,SYNTHETIC INDUSTRY,41,84292,2,0,0,0,0,0,0,0,0,0,0,0,0,100749,1,2,2022,1/1/2023,
3751,SYNTHETIC COMPANY 00750,SYNTHETIC SITE 00750,,1 Example Way,Nowhere,ZZ,00000,2361,SYNTHETIC INDUSTRY,32,64082,1,0,3,0,1,21,0,4,0,0,0,0,0,100750,1,2,2022,1/1/2023,
3752,SYNTHETIC COMPANY 00751,SYNTHETIC SITE 00751,,1 Example Way,Nowhere,ZZ,00000,6221,SYNTHETIC INDUSTRY,217,429981,2,0,0,0,0,0,0,0,0,0,0,0,0,100751,1,2,2022,1/1/2023,
3753,SYNTHETIC COMPANY 00752,SYNTHETIC SITE 00752,,1 Example Way,Nowhere,ZZ,00000,3251,SYNTHETIC INDUSTRY,164,277451,1,0,5,2,5,35,8,12,0,0,0,0,0,100752,1,2,2022,1/1/2023,
3754,SYNTHETIC COMPANY 00753,SYNTHETIC SITE 00753,,1 Example Way,Nowhere,ZZ,00000,4451,SYNTHETIC INDUSTRY,96,149378,1,0,1,0,1,7,0,2,0,0,0,0,0,100753,1,2,2022,1/1/2023,
3755,SYNTHETIC COMPANY 00754,SYNTHETIC SITE 00754,,1 Example Way,Nowhere,ZZ,00000,4841,SYNTHETIC INDUSTRY,90,165428,2,0,0,0,0,0,0,0,0,0,0,0,0,100754,1,2,2022,1/1/2023,
3756,SYNTHETIC COMPANY 00755,SYNTHETIC SITE 00755,,1 Example Way,Nowhere,ZZ,00000,6221,SYNTHETIC INDUSTRY,146,301336,1,0,3,4,3,21,16,10,0,0,0,0,0,100755,1,2,2022,1/1/2023,
3757,SYNTHETIC COMPANY 00756,SYNTHETIC SITE 00756,,1 Example Way,Nowhere,ZZ,00000,6221,SYNTHETIC INDUSTRY,5,8380,2,0,0,0,0,0,0,0,0,0,0,0,0,100756,1,2,2022,1/1/2023,
3758,SYNTHETIC COMPANY 00757,SYNTHETIC SITE 00757,,1 Example Way,Nowhere,ZZ,00000,3115,SYNTHETIC INDUSTRY,21,38552,1,0,0,1,1,0,4,2,0,0,0,0,0,100757,1,2,2022,1/1/2023,
3759,SYNTHETIC COMPANY 00758,SYNTHETIC SITE 00758,,1 Example Way,Nowhere,ZZ,00000,3115,SYNTHETIC INDUSTRY,467,1185089,1,0,2,0,3,14,0,5,0,0,0,0,0,100758,1,2,2022,1/1/2023,
3760,SYNTHETIC COMPANY 00759,SYNTHETIC SITE 00759,,1 Example Way,Nowhere,ZZ,00000,3252,SYNTHETIC INDUSTRY,22,4813400,2,0,0,0,0,0,0,0,0,0,0,0,0,100759,1,2,2022,1/1/2023,
3761,SYNTHETIC COMPANY 00760,SYNTHETIC SITE 00760,,1 Example Way,Nowhere,ZZ,00000,3328,SYNTHETIC INDUSTRY,137,225634,1,0,1,0,1,7,0,2,0,0,0,0,0,100760,1,2,2022,1/1/2023,
3762,SYNTHETIC COMPANY 00761,SYNTHETIC SITE 00761,,1 Example Way,Nowhere,ZZ,00000,6221,SYNTHETIC INDUSTRY,48,70770,1,0,0,0,1,0,0,1,0,0,0,0,0,100761,1,2,2022,1/1/2023,
3763,SYNTHETIC COMPANY 00762,SYNTHETIC SITE 00762,,1 Example Way,Nowhere,ZZ,00000,6221,SYNTHETIC INDUSTRY,301,613163,1,0,5,3,2,35,12,10,0,0,0,0,0,100762,1,2,2022,1/1/2023,
3764,SYNTHETIC COMPANY 00763,SYNTHETIC SITE 00763,,1 Example Way,Nowhere,ZZ,00000,2361,SYNTHETIC INDUSTRY,73,106942,1,0,1,0,0,7,0,1,0,0,0,0,0,100763,1,2,2022,1/1/2023,
3765,SYNTHETIC COMPANY 00764,SYNTHETIC SITE 00764,,1 Example Way,Nowhere,ZZ,00000,2361,SYNTHETIC INDUSTRY,107,200848,2,0,0,0,0,0,0,0,0,0,0,0,0,100764,1,2,2022,1/1/2023,
3766,SYNTHETIC COMPANY 00765,SYNTHETIC SITE 00765,,1 Example Way,Nowhere,ZZ,00000,6221,SYNTHETIC INDUSTRY,10,18619,2,0,0,0,0,0,0,0,0,0,0,0,0,100765,1,2,2022,1/1/2023,
3767,SYNTHETIC COMPANY 00766,SYNTHETIC SITE 00766,,1 Example Way,Nowhere,ZZ,00000,2361,SYNTHETIC INDUSTRY,188,2636700,2,0,0,0,0,0,0,0,0,0,0,0,0,100766,1,2,2022,1/1/2023,
3768,SYNTHETIC COMPANY 00767,SYNTHETIC SITE 00767,,1 Example Way,Nowhere,ZZ,00000,6221,SYNTHETIC INDUSTRY,42,69410,2,0,0,0,0,0,0,0,0,0,0,0,0,100767,1,2,2022,1/1/2023,
3769,SYNTHETIC COMPANY 00768,SYNTHETIC SITE 00768,,1 Example Way,Nowhere,ZZ,00000,3115,SYNTHETIC INDUSTRY,40,58760,2,0,0,0,0,0,0,0,0,0,0,0,0,100768,1,2,2022,1/1/2023,
3770,SYNTHETIC COMPANY 00769,SYNTHETIC SITE 00769,,1 Example Way,Nowhere,ZZ,00000,4841,SYNTHETIC INDUSTRY,24,45821,2,0,0,0,0,0,0,0,0,0,0,0,0,100769,1,2,2022,1/1/2023,
3771,SYNTHETIC COMPANY 00770,SYNTHETIC SITE 00770,,1 Example Way,Nowhere,ZZ,00000,3115,SYNTHETIC INDUSTRY,26,44451,2,0,0,0,0,0,0,0,0,0,0,0,0,100770,1,2,2022,1/1/2023,
3772,SYNTHETIC COMPANY 00771,SYNTHETIC SITE 00771,,1 Example Way,Nowhere,ZZ,00000,3252,SYNTHETIC INDUSTRY,88,156979,2,0,0,0,0,0,0,0,0,0,0,0,0,100771,1,2,2022,1/1/2023,
3773,SYNTHETIC COMPANY 00772,SYNTHETIC SITE 00772,,1 Example Way,Nowhere,ZZ,00000,3115,SYNTHETIC INDUSTRY,3,5598,2,0,0,0,0,0,0,0,0,0,0,0,0,100772,1,2,2022,1/1/2023,
3774,SYNTHETIC COMPANY 00773,SYNTHETIC SITE 00773,,1 Example Way,Nowhere,ZZ,00000,2361,SYNTHETIC INDUSTRY,7,13823,2,0,0,0,0,0,0,0,0,0,0,0,0,100773,1,2,2022,1/1/2023,
3775,SYNTHETIC COMPANY 00774,SYNTHETIC SITE 00774,,1 Example Way,Nowhere,ZZ,00000,4451,SYNTHETIC INDUSTRY,166,293744,2,0,0,0,0,0,0,0,0,0,0,0,0,100774,1,2,2022,1/1/2023,
3776,SYNTHETIC COMPANY 00775,SYNTHETIC SITE 00775,,1 Example Way,Nowhere,ZZ,00000,2361,SYNTHETIC INDUSTRY,108,176700,2,0,0,0,0,0,0,0,0,0,0,0,0,100775,1,2,2022,1/1/2023,
3777,SYNTHETIC COMPANY 00776,SYNTHETIC SITE 00776,,1 Example Way,Nowhere,ZZ,00000,2361,SYNTHETIC INDUSTRY,37,81148,2,0,0,0,0,0,0,0,0,0,0,0,0,100776,1,2,2022,1/1/2023,
3778,SYNTHETIC COMPANY 00777,SYNTHETIC SITE 00777,,1 Example Way,Nowhere,ZZ,00000,2361,SYNTHETIC INDUSTRY,99,200318,1,0,0,0,1,0,0,1,0,0,0,0,0,100777,1,2,2022,1/1/2023,
3779,SYNTHETIC COMPANY 00778,SYNTHETIC SITE 00778,,1 Example Way,Nowhere,ZZ,00000,3251,SYNTHETIC INDUSTRY,41,63245,2,0,0,0,0,0,0,0,0,0,0,0,0,100778,1,2,2022,1/1/2023,
3780,SYNTHETIC COMPANY 00779,SYNTHETIC SITE 00779,,1 Example Way,Nowhere,ZZ,00000,2361,SYNTHETIC INDUSTRY,12,21455,2,0,0,0,0,0,0,0,0,0,0,0,0,100779,1,2,2022,1/1/2023,
3781,SYNTHETIC COMPANY 00780,SYNTHETIC SITE 00780,,1 Example Way,Nowhere,ZZ,00000,3252,SYNTHETIC INDUSTRY,18,29535,2,0,0,0,0,0,0,0,0,0,0,0,0,100780,1,2,2022,1/1/2023,
3782,SYNTHETIC COMPANY 00781,SYNTHETIC SITE 00781,,1 Example Way,Nowhere,ZZ,00000,3252,SYNTHETIC INDUSTRY,235,463132,1,0,0,0,2,0,0,2,0,0,0,0,0,100781,1,2,2022,1/1/2023,
3783,SYNTHETIC COMPANY 00782,SYNTHETIC SITE 00782,,1 Example Way,Nowhere,ZZ,00000,3251,SYNTHETIC INDUSTRY,109,198458,1,0,0,0,1,0,0,1,0,0,0,0,0,100782,1,2,2022,1/1/2023,
3784,SYNTHETIC COMPANY 00783,SYNTHETIC SITE 00783,,1 Example Way,Nowhere,ZZ,00000,3252,SYNTHETIC INDUSTRY,13,29762,2,0,0,0,0,0,0,0,0,0,0,0,0,100783,1,2,2022,1/1/2023,
3785,SYNTHETIC COMPANY 00784,SYNTHETIC SITE 00784,,1 Example Way,Nowhere,ZZ,00000,2361,SYNTHETIC INDUSTRY,16,30332,2,0,0,0,0,0,0,0,0,0,0,0,0,100784,1,2,2022,1/1/2023,
3786,SYNTHETIC COMPANY 00785,SYNTHETIC SITE 00785,,1 Example Way,Nowhere,ZZ,00000,3251,SYNTHETIC INDUSTRY,112,196867,1,0,1,0,0,7,0,1,0,0,0,0,0,100785,1,2,2022,1/1/2023,
3787,SYNTHETIC COMPANY 00786,SYNTHETIC SITE 00786,,1 Example Way,Nowhere,ZZ,00000,3115,SYNTHETIC INDUSTRY,4,7775,2,0,0,0,0,0,0,0,0,0,0,0,0,100786,1,2,2022,1/1/2023,
3788,SYNTHETIC COMPANY 00787,SYNTHETIC SITE 00787,,1 Example Way,Nowhere,ZZ,00000,3252,SYNTHETIC INDUSTRY,48,85315,1,0,0,0,1,0,0,1,0,0,0,0,0,100787,1,2,2022,1/1/2023,
3789,SYNTHETIC COMPANY 00788,SYNTHETIC SITE 00788,,1 Example Way,Nowhere,ZZ,00000,3252,SYNTHETIC INDUSTRY,32,61595,2,0,0,0,0,0,0,0,0,0,0,0,0,100788,1,2,2022,1/1/2023,
3790,SYNTHETIC COMPANY 00789,SYNTHETIC SITE 00789,,1 Example Way,Nowhere,ZZ,00000,3251,SYNTHETIC INDUSTRY,41,59125,2,0,0,0,0,0,0,0,0,0,0,0,0,100789,1,2,2022,1/1/2023,
3791,SYNTHETIC COMPANY 00790,SYNTHETIC SITE 00790,,1 Example Way,Nowhere,ZZ,00000,3328,SYNTHETIC INDUSTRY,41,42030,1,0,2,0,1,14,0,3,0,0,0,0,0,100790,1,2,2022,1/1/2023,
3792,SYNTHETIC COMPANY 00791,SYNTHETIC SITE 00791,,1 Example Way,Nowhere,ZZ,00000,3328,SYNTHETIC INDUSTRY,162,266751,1,0,2,1,0,14,4,3,0,0,0,0,0,100791,1,2,2022,1/1/2023,
3793,SYNTHETIC COMPANY 00792,SYNTHETIC SITE 00792,,1 Example Way,Nowhere,ZZ,00000,4451,SYNTHETIC INDUSTRY,10,15747,2,0,0,0,0,0,0,0,0,0,0,0,0,100792,1,2,2022,1/1/2023,
3794,SYNTHETIC COMPANY 00793,SYNTHETIC SITE 00793,,1 Example Way,Nowhere,ZZ,00000,4841,SYNTHETIC INDUSTRY,195,429871,2,0,0,0,0,0,0,0,0,0,0,0,0,100793,1,2,2022,1/1/2023,
3795,SYNTHETIC COMPANY 00794,SYNTHETIC SITE 00794,,1 Example Way,Nowhere,ZZ,00000,2361,SYNTHETIC INDUSTRY,8,11163,2,0,0,0,0,0,0,0,0,0,0,0,0,100794,1,2,2022,1/1/2023,
3796,SYNTHETIC COMPANY 00795,SYNTHETIC SITE 00795,,1 Example Way,Nowhere,ZZ,00000,6221,SYNTHETIC INDUSTRY,9,19189,2,0,0,0,0,0,0,0,0,0,0,0,0,100795,1,2,2022,1/1/2023,
3797,SYNTHETIC COMPANY 00796,SYNTHETIC SITE 00796,,1 Example Way,Nowhere,ZZ,00000,3328,SYNTHETIC INDUSTRY,40,77106,2,0,0,0,0,0,0,0,0,0,0,0,0,100796,1,2,2022,1/1/2023,
3798,SYNTHETIC COMPANY 00797,SYNTHETIC SITE 00797,,1 Example Way,Nowhere,ZZ,00000,4451,SYNTHETIC INDUSTRY,23,42873,2,0,0,0,0,0,0,0,0,0,0,0,0,100797,1,2,2022,1/1/2023,
3799,SYNTHETIC COMPANY 00798,SYNTHETIC SITE 00798,,1 Example Way,Nowhere,ZZ,00000,6221,SYNTHETIC INDUSTRY,54,95510,1,0,2,0,0,14,0,2,0,0,0,0,0,100798,1,2,2022,1/1/2023,
3800,SYNTHETIC COMPANY 00799,SYNTHETIC SITE 00799,,1 Example Way,Nowhere,ZZ,00000,3252,SYNTHETIC INDUSTRY,29,58805,1,0,2,0,2,14,0,4,0,0,0,0,0,100799,1,2,2022,1/1/2023,
3801,SYNTHETIC COMPANY 00800,SYNTHETIC SITE 00800,,1 Example Way,Nowhere,ZZ,00000,4451,SYNTHETIC INDUSTRY,20,35514,1,0,0,1,0,0,4,1,0,0,0,0,0,100800,1,2,2022,1/1/2023,
3802,SYNTHETIC COMPANY 00801,SYNTHETIC SITE 00801,,1 Example Way,Nowhere,ZZ,00000,3328,SYNTHETIC INDUSTRY,45,75638,1,0,0,1,0,0,4,1,0,0,0,0,0,100801,1,2,2022,1/1/2023,
3803,SYNTHETIC COMPANY 00802,SYNTHETIC SITE 00802,,1 Example Way,Nowhere,ZZ,00000,4451,SYNTHETIC INDUSTRY,36,65210,2,0,0,0,0,0,0,0,0,0,0,0,0,100802,1,2,2022,1/1/2023,
3804,SYNTHETIC COMPANY 00803,SYNTHETIC SITE 00803,,1 Example Way,Nowhere,ZZ,00000,6221,SYNTHETIC INDUSTRY,312,770028,1,0,15,10,20,105,40,45,0,0,0,0,0,100803,1,2,2022,1/1/2023,
3805,SYNTHETIC COMPANY 00804,SYNTHETIC SITE 00804,,1 Example Way,Nowhere,ZZ,00000,3252,SYNTHETIC INDUSTRY,70,115209,2,0,0,0,0,0,0,0,0,0,0,0,0,100804,1,2,2022,1/1/2023,
3806,SYNTHETIC COMPANY 00805,SYNTHETIC SITE 00805,,1 Example Way,Nowhere,ZZ,00000,3328,SYNTHETIC INDUSTRY,10,20648,2,0,0,0,0,0,0,0,0,0,0,0,0,100805,1,2,2022,1/1/2023,
3807,SYNTHETIC COMPANY 00806,SYNTHETIC SITE 00806,,1 Example Way,Nowhere,ZZ,00000,4841,SYNTHETIC INDUSTRY,39,66590,1,0,0,1,1,0,4,2,0,0,0,0,0,100806,1,2,2022,1/1/2023,
3808,SYNTHETIC COMPANY 00807,SYNTHETIC SITE 00807,,1 Example Way,Nowhere,ZZ,00000,3115,SYNTHETIC INDUSTRY,19,41195,2,0,0,0,0,0,0,0,0,0,0,0,0,100807,1,2,2022,1/1/2023,
3809,SYNTHETIC COMPANY 00808,SYNTHETIC SITE 00808,,1 Example Way,Nowhere,ZZ,00000,3115,SYNTHETIC INDUSTRY,39,76870,2,0,0,0,0,0,0,0,0,0,0,0,0,100808,1,2,2022,1/1/2023,
3810,SYNTHETIC COMPANY 00809,SYNTHETIC SITE 00809,,1 Example Way,Nowhere,ZZ,00000,4841,SYNTHETIC INDUSTRY,24,48369,1,0,1,0,0,7,0,1,0,0,0,0,0,100809,1,2,2022,1/1/2023,
3811,SYNTHETIC COMPANY 00810,SYNTHETIC SITE 00810,,1 Example Way,Nowhere,ZZ,00000,3115,SYNTHETIC INDUSTRY,206,381824,1,0,1,0,0,7,0,1,0,0,0,0,0,100810,1,2,2022,1/1/2023,
3812,SYNTHETIC COMPANY 00811,SYNTHETIC SITE 00811,,1 Example Way,Nowhere,ZZ,00000,6221,SYNTHETIC INDUSTRY,62,82282,2,0,0,0,0,0,0,0,0,0,0,0,0,100811,1,2,2022,1/1/2023,
3813,SYNTHETIC COMPANY 00812,SYNTHETIC SITE 00812,,1 Example Way,Nowhere,ZZ,00000,6221,SYNTHETIC INDUSTRY,118,200942,1,0,1,0,0,7,0,1,0,0,0,0,0,100812,1,2,2022,1/1/2023,
3814,SYNTHETIC COMPANY 00813,SYNTHETIC SITE 00813,,1 Example Way,Nowhere,ZZ,00000,3251,SYNTHETIC INDUSTRY,71,165394,1,0,2,0,1,14,0,3,0,0,0,0,0,100813,1,2,2022,1/1/2023,
3815,SYNTHETIC COMPANY 00814,SYNTHETIC SITE 00814,,1 Example Way,Nowhere,ZZ,00000,3328,SYNTHETIC INDUSTRY,145,262844,1,0,3,1,2,21,4,6,0,0,0,0,0,100814,1,2,2022,1/1/2023,
3816,SYNTHETIC COMPANY 00815,SYNTHETIC SITE 00815,,1 Example Way,Nowhere,ZZ,00000,3252,SYNTHETIC INDUSTRY,122,260516,1,0,1,0,4,7,0,5,0,0,0,0,0,100815,1,2,2022,1/1/2023,
3817,SYNTHETIC COMPANY 00816,SYNTHETIC SITE 00816,,1 Example Way,Nowhere,ZZ,00000,4841,SYNTHETIC INDUSTRY,19,32181,2,0,0,0,0,0,0,0,0,0,0,0,0,100816,1,2,2022,1/1/2023,
3818,SYNTHETIC COMPANY 00817,SYNTHETIC SITE 00817,,1 Example Way,Nowhere,ZZ,00000,2361,SYNTHETIC INDUSTRY,107,188949,1,0,0,1,3,0,4,4,0,0,0,0,0,100817,1,2,2022,1/1/2023,
3819,SYNTHETIC COMPANY 00818,SYNTHETIC SITE 00818,,1 Example Way,Nowhere,ZZ,00000,2361,SYNTHETIC INDUSTRY,242,362539,1,0,2,2,1,14,8,5,0,0,0,0,0,100818,1,2,2022,1/1/2023,
3820,SYNTHETIC COMPANY 00819,SYNTHETIC SITE 00819,,1 Example Way,Nowhere,ZZ,00000,3328,SYNTHETIC INDUSTRY,13,21813,2,0,0,0,0,0,0,0,0,0,0,0,0,100819,1,2,2022,1/1/2023,
3821,SYNTHETIC COMPANY 00820,SYNTHETIC SITE 00820,,1 Example Way,Nowhere,ZZ,00000,3328,SYNTHETIC INDUSTRY,212,459047,1,0,0,1,0,0,4,1,0,0,0,0,0,100820,1,2,2022,1/1/2023,
3822,SYNTHETIC COMPANY 00821,SYNTHETIC SITE 00821,,1 Example Way,Nowhere,ZZ,00000,4451,SYNTHETIC INDUSTRY,12,26709,1,0,0,0,1,0,0,1,0,0,0,0,0,100821,1,2,2022,1/1/2023,
3823,SYNTHETIC COMPANY 00822,SYNTHETIC SITE 00822,,1 Example Way,Nowhere,ZZ,00000,3115,SYNTHETIC INDUSTRY,21,38281,2,0,0,0,0,0,0,0,0,0,0,0,0,100822,1,2,2022,1/1/2023,
3824,SYNTHETIC COMPANY 00823,SYNTHETIC SITE 00823,,1 Example Way,Nowhere,ZZ,00000,3252,SYNTHETIC INDUSTRY,21,39715,1,0,1,0,0,7,0,1,0,0,0,0,0,100823,1,2,2022,1/1/2023,
3825,SYNTHETIC COMPANY 00824,SYNTHETIC SITE 00824,,1 Example Way,Nowhere,ZZ,00000,2361,SYNTHETIC INDUSTRY,230,466686,1,0,0,2,1,0,8,3,0,0,0,0,0,100824,1,2,2022,1/1/2023,
3826,SYNTHETIC COMPANY 00825,SYNTHETIC SITE 00825,,1 Example Way,Nowhere,ZZ,00000,6221,SYNTHETIC INDUSTRY,18,32548,1,0,1,0,0,7,0,1,0,0,0,0,0,100825,1,2,2022,1/1/2023,
3827,SYNTHETIC COMPANY 00826,SYNTHETIC SITE 00826,,1 Example Way,Nowhere,ZZ,00000,3115,SYNTHETIC INDUSTRY,72,104850,1,0,3,0,1,21,0,4,0,0,0,0,0,100826,1,2,2022,1/1/2023,
3828,SYNTHETIC COMPANY 00827,SYNTHETIC SITE 00827,,1 Example Way,Nowhere,ZZ,00000,2361,SYNTHETIC INDUSTRY,65,149060,1,0,2,0,0,14,0,2,0,0,0,0,0,100827,1,2,2022,1/1/2023,
3829,SYNTHETIC COMPANY 00828,SYNTHETIC SITE 00828,,1 Example Way,Nowhere,ZZ,00000,2361,SYNTHETIC INDUSTRY,15,25286,2,0,0,0,0,0,0,0,0,0,0,0,0,100828,1,2,2022,1/1/2023,
3830,SYNTHETIC COMPANY 00829,SYNTHETIC SITE 00829,,1 Example Way,Nowhere,ZZ,00000,3115,SYNTHETIC INDUSTRY,145,239817,2,0,0,0,0,0,0,0,0,0,0,0,0,100829,1,2,2022,1/1/2023,
3831,SYNTHETIC COMPANY 00830,SYNTHETIC SITE 00830,,1 Example Way,Nowhere,ZZ,00000,3251,SYNTHETIC INDUSTRY,41,76997,1,0,1,1,1,7,4,3,0,0,0,0,0,100830,1,2,2022,1/1/2023,
3832,SYNTHETIC COMPANY 00831,SYNTHETIC SITE 00831,,1 Example Way,Nowhere,ZZ,00000,4451,SYNTHETIC INDUSTRY,42,82008,2,0,0,0,0,0,0,0,0,0,0,0,0,100831,1,2,2022,1/1/2023,
3833,SYNTHETIC COMPANY 00832,SYNTHETIC SITE 00832,,1 Example Way,Nowhere,ZZ,00000,3115,SYNTHETIC INDUSTRY,9,18469,1,0,1,0,0,7,0,1,0,0,0,0,0,100832,1,2,2022,1/1/2023,
3834,SYNTHETIC COMPANY 00833,SYNTHETIC SITE 00833,,1 Example Way,Nowhere,ZZ,00000,6221,SYNTHETIC INDUSTRY,267,372049,1,0,5,4,5,35,16,14,0,0,0,0,0,100833,1,2,2022,1/1/2023,
3835,SYNTHETIC COMPANY 00834,SYNTHETIC SITE 00834,,1 Example Way,Nowhere,ZZ,00000,3328,SYNTHETIC INDUSTRY,18,29129,2,0,0,0,0,0,0,0,0,0,0,0,0,100834,1,2,2022,1/1/2023,
3836,SYNTHETIC COMPANY 00835,SYNTHETIC SITE 00835,,1 Example Way,Nowhere,ZZ,00000,4841,SYNTHETIC INDUSTRY,25,49446,1,0,0,1,0,0,4,1,0,0,0,0,0,100835,1,2,2022,1/1/2023,
3837,SYNTHETIC COMPANY 00836,SYNTHETIC SITE 00836,,1 Example Way,Nowhere,ZZ,00000,3115,SYNTHETIC INDUSTRY,13,23356,2,0,0,0,0,0,0,0,0,0,0,0,0,100836,1,2,2022,1/1/2023,
3838,SYNTHETIC COMPANY 00837,SYNTHETIC SITE 00837,,1 Example Way,Nowhere,ZZ,00000,3115,SYNTHETIC INDUSTRY,76,127269,2,0,0,0,0,0,0,0,0,0,0,0,0,100837,1,2,2022,1/1/2023,
3839,SYNTHETIC COMPANY 00838,SYNTHETIC SITE 00838,,1 Example Way,Nowhere,ZZ,00000,3115,SYNTHETIC INDUSTRY,15,24670,2,0,0,0,0,0,0,0,0,0,0,0,0,100838,1,2,2022,1/1/2023,
3840,SYNTHETIC COMPANY 00839,SYNTHETIC SITE 00839,,1 Example Way,Nowhere,ZZ,00000,2361,SYNTHETIC INDUSTRY,206,460679,1,0,12,1,16,84,4,29,0,0,0,0,0,100839,1,2,2022,1/1/2023,
3841,SYNTHETIC COMPANY 00840,SYNTHETIC SITE 00840,,1 Example Way,Nowhere,ZZ,00000,6221,SYNTHETIC INDUSTRY,265,501551,1,0,13,9,9,91,36,31,0,0,0,0,0,100840,1,2,2022,1/1/2023,
3842,SYNTHETIC COMPANY 00841,SYNTHETIC SITE 00841,,1 Example Way,Nowhere,ZZ,00000,4841,SYNTHETIC INDUSTRY,275,582456,1,0,2,0,2,14,0,4,0,0,0,0,0,100841,1,2,2022,1/1/2023,
3843,SYNTHETIC COMPANY 00842,SYNTHETIC SITE 00842,,1 Example Way,Nowhere,ZZ,00000,4451,SYNTHETIC INDUSTRY,23,32046,2,0,0,0,0,0,0,0,0,0,0,0,0,100842,1,2,2022,1/1/2023,
3844,SYNTHETIC COMPANY 00843,SYNTHETIC SITE 00843,,1 Example Way,Nowhere,ZZ,00000,3115,SYNTHETIC INDUSTRY,22,44060,1,0,2,0,0,14,0,2,0,0,0,0,0,100843,1,2,2022,1/1/2023,
3845,SYNTHETIC COMPANY 00844,SYNTHETIC SITE 00844,,1 Example Way,Nowhere,ZZ,00000,6221,SYNTHETIC INDUSTRY,1,1874,2,0,0,0,0,0,0,0,0,0,0,0,0,100844,1,2,2022,1/1/2023,
3846,SYNTHETIC COMPANY 00845,SYNTHETIC SITE 00845,,1 Example Way,Nowhere,ZZ,00000,3115,SYNTHETIC INDUSTRY,29,57275,2,0,0,0,0,0,0,0,0,0,0,0,0,100845,1,2,2022,1/1/2023,
3847,SYNTHETIC COMPANY 00846,SYNTHETIC SITE 00846,,1 Example Way,Nowhere,ZZ,00000,4451,SYNTHETIC INDUSTRY,240,508804,1,0,3,0,3,21,0,6,0,0,0,0,0,100846,1,2,2022,1/1/2023,
3848,SYNTHETIC COMPANY 00847,SYNTHETIC SITE 00847,,1 Example Way,Nowhere,ZZ,00000,6221,SYNTHETIC INDUSTRY,65,141679,2,0,0,0,0,0,0,0,0,0,0,0,0,100847,1,2,2022,1/1/2023,
3849,SYNTHETIC COMPANY 00848,SYNTHETIC SITE 00848,,1 Example Way,Nowhere,ZZ,00000,3252,SYNTHETIC INDUSTRY,46,94496,2,0,0,0,0,0,0,0,0,0,0,0,0,100848,1,2,2022,1/1/2023,
3850,SYNTHETIC COMPANY 00849,SYNTHETIC SITE 00849,,1 Example Way,Nowhere,ZZ,00000,4841,SYNTHETIC INDUSTRY,134,315461,1,0,1,0,0,7,0,1,0,0,0,0,0,100849,1,2,2022,1/1/2023,
3851,SYNTHETIC COMPANY 00850,SYNTHETIC SITE 00850,,1 Example Way,Nowhere,ZZ,00000,3252,SYNTHETIC INDUSTRY,57,113662,1,0,0,0,1,0,0,1,0,0,0,0,0,100850,1,2,2022,1/1/2023,
3852,SYNTHETIC COMPANY 00851,SYNTHETIC SITE 00851,,1 Example Way,Nowhere,ZZ,00000,4451,SYNTHETIC INDUSTRY,6,10687,2,0,0,0,0,0,0,0,0,0,0,0,0,100851,1,2,2022,1/1/2023,
3853,SYNTHETIC COMPANY 00852,SYNTHETIC SITE 00852,,1 Example Way,Nowhere,ZZ,00000,2361,SYNTHETIC INDUSTRY,29,46049,2,0,0,0,0,0,0,0,0,0,0,0,0,100852,1,2,2022,1/1/2023,
3854,SYNTHETIC COMPANY 00853,SYNTHETIC SITE 00853,,1 Example Way,Nowhere,ZZ,00000,4841,SYNTHETIC INDUSTRY,368,606063,1,0,2,4,8,14,16,14,0,0,0,0,0,100853,1,2,2022,1/1/2023,
3855,SYNTHETIC COMPANY 00854,SYNTHETIC SITE 00854,,1 Example Way,Nowhere,ZZ,00000,3251,SYNTHETIC INDUSTRY,18,35446,2,0,0,0,0,0,0,0,0,0,0,0,0,100854,1,2,2022,1/1/2023,
3856,SYNTHETIC COMPANY 00855,SYNTHETIC SITE 00855,,1 Example Way,Nowhere,ZZ,00000,4451,SYNTHETIC INDUSTRY,49,109733,2,0,0,0,0,0,0,0,0,0,0,0,0,100855,1,2,2022,1/1/2023,
3857,SYNTHETIC COMPANY 00856,SYNTHETIC SITE 00856,,1 Example Way,Nowhere,ZZ,00000,6221,SYNTHETIC INDUSTRY,124,272488,1,0,2,0,0,14,0,2,0,0,0,0,0,100856,1,2,2022,1/1/2023,
3858,SYNTHETIC COMPANY 00857,SYNTHETIC SITE 00857,,1 Example Way,Nowhere,ZZ,00000,3251,SYNTHETIC INDUSTRY,43,86548,2,0,0,0,0,0,0,0,0,0,0,0,0,100857,1,2,2022,1/1/2023,
3859,SYNTHETIC COMPANY 00858,SYNTHETIC SITE 00858,,1 Example Way,Nowhere,ZZ,00000,3251,SYNTHETIC INDUSTRY,43,78664,1,0,0,0,1,0,0,1,0,0,0,0,0,100858,1,2,2022,1/1/2023,
3860,SYNTHETIC COMPANY 00859,SYNTHETIC SITE 00859,,1 Example Way,Nowhere,ZZ,00000,3328,SYNTHETIC INDUSTRY,18,32391,2,0,0,0,0,0,0,0,0,0,0,0,0,100859,1,2,2022,1/1/2023,
3861,SYNTHETIC COMPANY 00860,SYNTHETIC SITE 00860,,1 Example Way,Nowhere,ZZ,00000,3252,SYNTHETIC INDUSTRY,48,80267,2,0,0,0,0,0,0,0,0,0,0,0,0,100860,1,2,2022,1/1/2023,
3862,SYNTHETIC COMPANY 00861,SYNTHETIC SITE 00861,,1 Example Way,Nowhere,ZZ,00000,3251,SYNTHETIC INDUSTRY,4,8048,2,0,0,0,0,0,0,0,0,0,0,0,0,100861,1,2,2022,1/1/2023,
3863,SYNTHETIC COMPANY 00862,SYNTHETIC SITE 00862,,1 Example Way,Nowhere,ZZ,00000,3328,SYNTHETIC INDUSTRY,24,42221,2,0,0,0,0,0,0,0,0,0,0,0,0,100862,1,2,2022,1/1/2023,
3864,SYNTHETIC COMPANY 00863,SYNTHETIC SITE 00863,,1 Example Way,Nowhere,ZZ,00000,6221,SYNTHETIC INDUSTRY,120,226380,1,0,1,1,0,7,4,2,0,0,0,0,0,100863,1,2,2022,1/1/2023,
3865,SYNTHETIC COMPANY 00864,SYNTHETIC SITE 00864,,1 Example Way,Nowhere,ZZ,00000,6221,SYNTHETIC INDUSTRY,10,20539,2,0,0,0,0,0,0,0,0,0,0,0,0,100864,1,2,2022,1/1/2023,
3866,SYNTHETIC COMPANY 00865,SYNTHETIC SITE 00865,,1 Example Way,Nowhere,ZZ,00000,2361,SYNTHETIC INDUSTRY,8,16396,1,0,0,0,1,0,0,1,0,0,0,0,0,100865,1,2,2022,1/1/2023,
3867,SYNTHETIC COMPANY 00866,SYNTHETIC SITE 00866,,1 Example Way,Nowhere,ZZ,00000,3115,SYNTHETIC INDUSTRY,106,237848,2,0,0,0,0,0,0,0,0,0,0,0,0,100866,1,2,2022,1/1/2023,
3868,SYNTHETIC COMPANY 00867,SYNTHETIC SITE 00867,,1 Example Way,Nowhere,ZZ,00000,6221,SYNTHETIC INDUSTRY,50,88638,2,0,0,0,0,0,0,0,0,0,0,0,0,100867,1,2,2022,1/1/2023,
3869,SYNTHETIC COMPANY 00868,SYNTHETIC SITE 00868,,1 Example Way,Nowhere,ZZ,00000,3251,SYNTHETIC INDUSTRY,74,140085,1,0,2,1,3,14,4,6,0,0,0,0,0,100868,1,2,2022,1/1/2023,
3870,SYNTHETIC COMPANY 00869,SYNTHETIC SITE 00869,,1 Example Way,Nowhere,ZZ,00000,4451,SYNTHETIC INDUSTRY,39,87714,2,0,0,0,0,0,0,0,0,0,0,0,0,100869,1,2,2022,1/1/2023,
3871,SYNTHETIC COMPANY 00870,SYNTHETIC SITE 00870,,1 Example Way,Nowhere,ZZ,00000,4841,SYNTHETIC INDUSTRY,65,99421,2,0,0,0,0,0,0,0,0,0,0,0,0,100870,1,2,2022,1/1/2023,
3872,SYNTHETIC COMPANY 00871,SYNTHETIC SITE 00871,,1 Example Way,Nowhere,ZZ,00000,2361,SYNTHETIC INDUSTRY,71,111913,2,0,0,0,0,0,0,0,0,0,0,0,0,100871,1,2,2022,1/1/2023,
3873,SYNTHETIC COMPANY 00872,SYNTHETIC SITE 00872,,1 Example Way,Nowhere,ZZ,00000,2361,SYNTHETIC INDUSTRY,387,77597500000,2,0,0,0,0,0,0,0,0,0,0,0,0,100872,1,2,2022,1/1/2023,
3874,SYNTHETIC COMPANY 00873,SYNTHETIC SITE 00873,,1 Example Way,Nowhere,ZZ,00000,3328,SYNTHETIC INDUSTRY,77,178454,2,0,0,0,0,0,0,0,0,0,0,0,0,100873,1,2,2022,1/1/2023,
3875,SYNTHETIC COMPANY 00874,SYNTHETIC SITE 00874,,1 Example Way,Nowhere,ZZ,00000,3115,SYNTHETIC INDUSTRY,44,84490,2,0,0,0,0,0,0,0,0,0,0,0,0,100874,1,2,2022,1/1/2023,
3876,SYNTHETIC COMPANY 00875,SYNTHETIC SITE 00875,,1 Example Way,Nowhere,ZZ,00000,4451,SYNTHETIC INDUSTRY,7,13286,1,0,0,0,1,0,0,1,0,0,0,0,0,100875,1,2,2022,1/1/2023,
3877,SYNTHETIC COMPANY 00876,SYNTHETIC SITE 00876,,1 Example Way,Nowhere,ZZ,00000,6221,SYNTHETIC INDUSTRY,28,52425,2,0,0,0,0,0,0,0,0,0,0,0,0,100876,1,2,2022,1/1/2023,
3878,SYNTHETIC COMPANY 00877,SYNTHETIC SITE 00877,,1 Example Way,Nowhere,ZZ,00000,4451,SYNTHETIC INDUSTRY,19,26965,2,0,0,0,0,0,0,0,0,0,0,0,0,100877,1,2,2022,1/1/2023,
3879,SYNTHETIC COMPANY 00878,SYNTHETIC SITE 00878,,1 Example Way,Nowhere,ZZ,00000,6221,SYNTHETIC INDUSTRY,142,233068,2,0,0,0,0,0,0,0,0,0,0,0,0,100878,1,2,2022,1/1/2023,
3880,SYNTHETIC COMPANY 00879,SYNTHETIC SITE 00879,,1 Example Way,Nowhere,ZZ,00000,3115,SYNTHETIC INDUSTRY,34,63936,1,0,1,0,0,7,0,1,0,0,0,0,0,100879,1,2,2022,1/1/2023,
3881,SYNTHETIC COMPANY 00880,SYNTHETIC SITE 00880,,1 Example Way,Nowhere,ZZ,00000,4841,SYNTHETIC INDUSTRY,144,274973,1,0,0,1,0,0,4,1,0,0,0,0,0,100880,1,2,2022,1/1/2023,
3882,SYNTHETIC COMPANY 00881,SYNTHETIC SITE 00881,,1 Example Way,Nowhere,ZZ,00000,3252,SYNTHETIC INDUSTRY,17,29147,1,0,2,0,0,14,0,2,0,0,0,0,0,100881,1,2,2022,1/1/2023,
3883,SYNTHETIC COMPANY 00882,SYNTHETIC SITE 00882,,1 Example Way,Nowhere,ZZ,00000,4841,SYNTHETIC INDUSTRY,7,12613,2,0,0,0,0,0,0,0,0,0,0,0,0,100882,1,2,2022,1/1/2023,
3884,SYNTHETIC COMPANY 00883,SYNTHETIC SITE 00883,,1 Example Way,Nowhere,ZZ,00000,4841,SYNTHETIC INDUSTRY,96,173068,2,0,0,0,0,0,0,0,0,0,0,0,0,100883,1,2,2022,1/1/2023,
3885,SYNTHETIC COMPANY 00884,SYNTHETIC SITE 00884,,1 Example Way,Nowhere,ZZ,00000,4841,SYNTHETIC INDUSTRY,10,16785,2,0,0,0,0,0,0,0,0,0,0,0,0,100884,1,2,2022,1/1/2023,
3886,SYNTHETIC COMPANY 00885,SYNTHETIC SITE 00885,,1 Example Way,Nowhere,ZZ,00000,6221,SYNTHETIC INDUSTRY,109,193766,2,0,0,0,0,0,0,0,0,0,0,0,0,100885,1,2,2022,1/1/2023,
3887,SYNTHETIC COMPANY 00886,SYNTHETIC SITE 00886,,1 Example Way,Nowhere,ZZ,00000,2361,SYNTHETIC INDUSTRY,54,109821,2,0,0,0,0,0,0,0,0,0,0,0,0,100886,1,2,2022,1/1/2023,
3888,SYNTHETIC COMPANY 00887,SYNTHETIC SITE 00887,,1 Example Way,Nowhere,ZZ,00000,2361,SYNTHETIC INDUSTRY,7,12507,2,0,0,0,0,0,0,0,0,0,0,0,0,100887,1,2,2022,1/1/2023,
3889,SYNTHETIC COMPANY 00888,SYNTHETIC SITE 00888,,1 Example Way,Nowhere,ZZ,00000,3252,SYNTHETIC INDUSTRY,71,129536,2,0,0,0,0,0,0,0,0,0,0,0,0,100888,1,2,2022,1/1/2023,
3890,SYNTHETIC COMPANY 00889,SYNTHETIC SITE 00889,,1 Example Way,Nowhere,ZZ,00000,3115,SYNTHETIC INDUSTRY,50,88368,2,0,0,0,0,0,0,0,0,0,0,0,0,100889,1,2,2022,1/1/2023,
3891,SYNTHETIC COMPANY 00890,SYNTHETIC SITE 00890,,1 Example Way,Nowhere,ZZ,00000,3251,SYNTHETIC INDUSTRY,110,153243,2,0,0,0,0,0,0,0,0,0,0,0,0,100890,1,2,2022,1/1/2023,
3892,SYNTHETIC COMPANY 00891,SYNTHETIC SITE 00891,,1 Example Way,Nowhere,ZZ,00000,3252,SYNTHETIC INDUSTRY,28,46950,1,0,1,1,3,7,4,5,0,0,0,0,0,100891,1,2,2022,1/1/2023,
3893,SYNTHETIC COMPANY 00892,SYNTHETIC SITE 00892,,1 Example Way,Nowhere,ZZ,00000,6221,SYNTHETIC INDUSTRY,118,239445,1,0,1,1,5,7,4,7,0,0,0,0,0,100892,1,2,2022,1/1/2023,
3894,SYNTHETIC COMPANY 00893,SYNTHETIC SITE 00893,,1 Example Way,Nowhere,ZZ,00000,2361,SYNTHETIC INDUSTRY,18,31142,1,0,0,0,1,0,0,1,0,0,0,0,0,100893,1,2,2022,1/1/2023,
3895,SYNTHETIC COMPANY 00894,SYNTHETIC SITE 00894,,1 Example Way,Nowhere,ZZ,00000,3251,SYNTHETIC INDUSTRY,23,34889,2,0,0,0,0,0,0,0,0,0,0,0,0,100894,1,2,2022,1/1/2023,
3896,SYNTHETIC COMPANY 00895,SYNTHETIC SITE 00895,,1 Example Way,Nowhere,ZZ,00000,3251,SYNTHETIC INDUSTRY,35,49852,2,0,0,0,0,0,0,0,0,0,0,0,0,100895,1,2,2022,1/1/2023,
3897,SYNTHETIC COMPANY 00896,SYNTHETIC SITE 00896,,1 Example Way,Nowhere,ZZ,00000,4841,SYNTHETIC INDUSTRY,130,266158,1,0,0,2,1,0,8,3,0,0,0,0,0,100896,1,2,2022,1/1/2023,
3898,SYNTHETIC COMPANY 00897,SYNTHETIC SITE 00897,,1 Example Way,Nowhere,ZZ,00000,4841,SYNTHETIC INDUSTRY,47,99053,1,0,0,0,2,0,0,2,0,0,0,0,0,100897,1,2,2022,1/1/2023,
3899,SYNTHETIC COMPANY 00898,SYNTHETIC SITE 00898,,1 Example Way,Nowhere,ZZ,00000,3252,SYNTHETIC INDUSTRY,8,15054,1,0,1,0,1,7,0,2,0,0,0,0,0,100898,1,2,2022,1/1/2023,
3900,SYNTHETIC COMPANY 00899,SYNTHETIC SITE 00899,,1 Example Way,Nowhere,ZZ,00000,4451,SYNTHETIC INDUSTRY,63,141024,1,0,1,1,2,7,4,4,0,0,0,0,0,100899,1,2,2022,1/1/2023,
3901,SYNTHETIC COMPANY 00900,SYNTHETIC SITE 00900,,1 Example Way,Nowhere,ZZ,00000,3328,SYNTHETIC INDUSTRY,117,263993,2,0,0,0,0,0,0,0,0,0,0,0,0,100900,1,2,2022,1/1/2023,
3902,SYNTHETIC COMPANY 00901,SYNTHETIC SITE 00901,,1 Example Way,Nowhere,ZZ,00000,3252,SYNTHETIC INDUSTRY,52,55299,2,0,0,0,0,0,0,0,0,0,0,0,0,100901,1,2,2022,1/1/2023,
3903,SYNTHETIC COMPANY 00902,SYNTHETIC SITE 00902,,1 Example Way,Nowhere,ZZ,00000,4841,SYNTHETIC INDUSTRY,75,157406,2,0,0,0,0,0,0,0,0,0,0,0,0,100902,1,2,2022,1/1/2023,
3904,SYNTHETIC COMPANY 00903,SYNTHETIC SITE 00903,,1 Example Way,Nowhere,ZZ,00000,3252,SYNTHETIC INDUSTRY,1629,3411280,1,0,12,7,19,84,28,38,0,0,0,0,0,100903,1,2,2022,1/1/2023,
3905,SYNTHETIC COMPANY 00904,SYNTHETIC SITE 00904,,1 Example Way,Nowhere,ZZ,00000,2361,SYNTHETIC INDUSTRY,21,37853,1,0,1,0,0,7,0,1,0,0,0,0,0,100904,1,2,2022,1/1/2023,
3906,SYNTHETIC COMPANY 00905,SYNTHETIC SITE 00905,,1 Example Way,Nowhere,ZZ,00000,6221,SYNTHETIC INDUSTRY,40,71040,2,0,0,0,0,0,0,0,0,0,0,0,0,100905,1,2,2022,1/1/2023,
3907,SYNTHETIC COMPANY 00906,SYNTHETIC SITE 00906,,1 Example Way,Nowhere,ZZ,00000,3115,SYNTHETIC INDUSTRY,232,405121,2,0,0,0,0,0,0,0,0,0,0,0,0,100906,1,2,2022,1/1/2023,
3908,SYNTHETIC COMPANY 00907,SYNTHETIC SITE 00907,,1 Example Way,Nowhere,ZZ,00000,2361,SYNTHETIC INDUSTRY,43,80968,2,0,0,0,0,0,0,0,0,0,0,0,0,100907,1,2,2022,1/1/2023,
3909,SYNTHETIC COMPANY 00908,SYNTHETIC SITE 00908,,1 Example Way,Nowhere,ZZ,00000,6221,SYNTHETIC INDUSTRY,33,60311,1,0,0,1,1,0,4,2,0,0,0,0,0,100908,1,2,2022,1/1/2023,
3910,SYNTHETIC COMPANY 00909,SYNTHETIC SITE 00909,,1 Example Way,Nowhere,ZZ,00000,3115,SYNTHETIC INDUSTRY,80,137621,1,0,6,4,4,42,16,14,0,0,0,0,0,100909,1,2,2022,1/1/2023,
3911,SYNTHETIC COMPANY 00910,SYNTHETIC SITE 00910,,1 Example Way,Nowhere,ZZ,00000,6221,SYNTHETIC INDUSTRY,17,35619,2,0,0,0,0,0,0,0,0,0,0,0,0,100910,1,2,2022,1/1/2023,
3912,SYNTHETIC COMPANY 00911,SYNTHETIC SITE 00911,,1 Example Way,Nowhere,ZZ,00000,3115,SYNTHETIC INDUSTRY,53,813900,2,0,0,0,0,0,0,0,0,0,0,0,0,100911,1,2,2022,1/1/2023,
3913,SYNTHETIC COMPANY 00912,SYNTHETIC SITE 00912,,1 Example Way,Nowhere,ZZ,00000,4451,SYNTHETIC INDUSTRY,165,259824,1,0,0,0,1,0,0,1,0,0,0,0,0,100912,1,2,2022,1/1/2023,
3914,SYNTHETIC COMPANY 00913,SYNTHETIC SITE 00913,,1 Example Way,Nowhere,ZZ,00000,3252,SYNTHETIC INDUSTRY,28,49966,1,0,0,0,2,0,0,2,0,0,0,0,0,100913,1,2,2022,1/1/2023,
3915,SYNTHETIC COMPANY 00914,SYNTHETIC SITE 00914,,1 Example Way,Nowhere,ZZ,00000,3252,SYNTHETIC INDUSTRY,35,52399,1,0,1,0,2,7,0,3,0,0,0,0,0,100914,1,2,2022,1/1/2023,
3916,SYNTHETIC COMPANY 00915,SYNTHETIC SITE 00915,,1 Example Way,Nowhere,ZZ,00000,3251,SYNTHETIC INDUSTRY,52,85677,2,0,0,0,0,0,0,0,0,0,0,0,0,100915,1,2,2022,1/1/2023,
3917,SYNTHETIC COMPANY 00916,SYNTHETIC SITE 00916,,1 Example Way,Nowhere,ZZ,00000,3251,SYNTHETIC INDUSTRY,283,448226,2,0,0,0,0,0,0,0,0,0,0,0,0,100916,1,2,2022,1/1/2023,
3918,SYNTHETIC COMPANY 00917,SYNTHETIC SITE 00917,,1 Example Way,Nowhere,ZZ,00000,6221,SYNTHETIC INDUSTRY,12,16279,2,0,0,0,0,0,0,0,0,0,0,0,0,100917,1,2,2022,1/1/2023,
3919,SYNTHETIC COMPANY 00918,SYNTHETIC SITE 00918,,1 Example Way,Nowhere,ZZ,00000,6221,SYNTHETIC INDUSTRY,58,112949,1,0,1,0,2,7,0,3,0,0,0,0,0,100918,1,2,2022,1/1/2023,
3920,SYNTHETIC COMPANY 00919,SYNTHETIC SITE 00919,,1 Example Way,Nowhere,ZZ,00000,3252,SYNTHETIC INDUSTRY,12,28642,1,0,0,0,1,0,0,1,0,0,0,0,0,100919,1,2,2022,1/1/2023,
3921,SYNTHETIC COMPANY 00920,SYNTHETIC SITE 00920,,1 Example Way,Nowhere,ZZ,00000,4841,SYNTHETIC INDUSTRY,50,93132,2,0,0,0,0,0,0,0,0,0,0,0,0,100920,1,2,2022,1/1/2023,
3922,SYNTHETIC COMPANY 00921,SYNTHETIC SITE 00921,,1 Example Way,Nowhere,ZZ,00000,2361,SYNTHETIC INDUSTRY,64,147623,1,0,1,0,0,7,0,1,0,0,0,0,0,100921,1,2,2022,1/1/2023,
3923,SYNTHETIC COMPANY 00922,SYNTHETIC SITE 00922,,1 Example Way,Nowhere,ZZ,00000,3252,SYNTHETIC INDUSTRY,19,31445,1,0,1,2,0,7,8,3,0,0,0,0,0,100922,1,2,2022,1/1/2023,
3924,SYNTHETIC COMPANY 00923,SYNTHETIC SITE 00923,,1 Example Way,Nowhere,ZZ,00000,3252,SYNTHETIC INDUSTRY,58,106658,1,0,0,1,0,0,4,1,0,0,0,0,0,100923,1,2,2022,1/1/2023,
3925,SYNTHETIC COMPANY 00924,SYNTHETIC SITE 00924,,1 Example Way,Nowhere,ZZ,00000,3115,SYNTHETIC INDUSTRY,95,195758,2,0,0,0,0,0,0,0,0,0,0,0,0,100924,1,2,2022,1/1/2023,
3926,SYNTHETIC COMPANY 00925,SYNTHETIC SITE 00925,,1 Example Way,Nowhere,ZZ,00000,2361,SYNTHETIC INDUSTRY,86,163331,1,0,1,0,2,7,0,3,0,0,0,0,0,100925,1,2,2022,1/1/2023,
3927,SYNTHETIC COMPANY 00926,SYNTHETIC SITE 00926,,1 Example Way,Nowhere,ZZ,00000,3115,SYNTHETIC INDUSTRY,160,309892,1,0,1,2,3,7,8,6,0,0,0,0,0,100926,1,2,2022,1/1/2023,
3928,SYNTHETIC COMPANY 00927,SYNTHETIC SITE 00927,,1 Example Way,Nowhere,ZZ,00000,3252,SYNTHETIC INDUSTRY,118,179368,1,0,0,1,1,0,4,2,0,0,0,0,0,100927,1,2,2022,1/1/2023,
3929,SYNTHETIC COMPANY 00928,SYNTHETIC SITE 00928,,1 Example Way,Nowhere,ZZ,00000,3251,SYNTHETIC INDUSTRY,130,269508,2,0,0,0,0,0,0,0,0,0,0,0,0,100928,1,2,2022,1/1/2023,
3930,SYNTHETIC COMPANY 00929,SYNTHETIC SITE 00929,,1 Example Way,Nowhere,ZZ,00000,3251,SYNTHETIC INDUSTRY,116,227005,2,0,0,0,0,0,0,0,0,0,0,0,0,100929,1,2,2022,1/1/2023,
3931,SYNTHETIC COMPANY 00930,SYNTHETIC SITE 00930,,1 Example Way,Nowhere,ZZ,00000,3115,SYNTHETIC INDUSTRY,146,300748,1,0,0,0,1,0,0,1,0,0,0,0,0,100930,1,2,2022,1/1/2023,
3932,SYNTHETIC COMPANY 00931,SYNTHETIC SITE 00931,,1 Example Way,Nowhere,ZZ,00000,4451,SYNTHETIC INDUSTRY,36,76905,2,0,0,0,0,0,0,0,0,0,0,0,0,100931,1,2,2022,1/1/2023,
3933,SYNTHETIC COMPANY 00932,SYNTHETIC SITE 00932,,1 Example Way,Nowhere,ZZ,00000,3115,SYNTHETIC INDUSTRY,27,41358,1,0,1,0,1,7,0,2,0,0,0,0,0,100932,1,2,2022,1/1/2023,
3934,SYNTHETIC COMPANY 00933,SYNTHETIC SITE 00933,,1 Example Way,Nowhere,ZZ,00000,4451,SYNTHETIC INDUSTRY,6,12372,2,0,0,0,0,0,0,0,0,0,0,0,0,100933,1,2,2022,1/1/2023,
3935,SYNTHETIC COMPANY 00934,SYNTHETIC SITE 00934,,1 Example Way,Nowhere,ZZ,00000,3328,SYNTHETIC INDUSTRY,36,61776,2,0,0,0,0,0,0,0,0,0,0,0,0,100934,1,2,2022,1/1/2023,
3936,SYNTHETIC COMPANY 00935,SYNTHETIC SITE 00935,,1 Example Way,Nowhere,ZZ,00000,4841,SYNTHETIC INDUSTRY,6,9809,2,0,0,0,0,0,0,0,0,0,0,0,0,100935,1,2,2022,1/1/2023,
3937,SYNTHETIC COMPANY 00936,SYNTHETIC SITE 00936,,1 Example Way,Nowhere,ZZ,00000,3252,SYNTHETIC INDUSTRY,10,1973200,1,0,1,0,0,7,0,1,0,0,0,0,0,100936,1,2,2022,1/1/2023,
3938,SYNTHETIC COMPANY 00937,SYNTHETIC SITE 00937,,1 Example Way,Nowhere,ZZ,00000,3252,SYNTHETIC INDUSTRY,179,416281,1,0,1,0,0,7,0,1,0,0,0,0,0,100937,1,2,2022,1/1/2023,
3939,SYNTHETIC COMPANY 00938,SYNTHETIC SITE 00938,,1 Example Way,Nowhere,ZZ,00000,6221,SYNTHETIC INDUSTRY,428,852958,1,0,24,21,40,168,84,85,0,0,0,0,0,100938,1,2,2022,1/1/2023,
3940,SYNTHETIC COMPANY 00939,SYNTHETIC SITE 00939,,1 Example Way,Nowhere,ZZ,00000,3328,SYNTHETIC INDUSTRY,68,132361,2,0,0,0,0,0,0,0,0,0,0,0,0,100939,1,2,2022,1/1/2023,
3941,SYNTHETIC COMPANY 00940,SYNTHETIC SITE 00940,,1 Example Way,Nowhere,ZZ,00000,3115,SYNTHETIC INDUSTRY,22,41621,2,0,0,0,0,0,0,0,0,0,0,0,0,100940,1,2,2022,1/1/2023,
3942,SYNTHETIC COMPANY 00941,SYNTHETIC SITE 00941,,1 Example Way,Nowhere,ZZ,00000,3252,SYNTHETIC INDUSTRY,68,131382,2,0,0,0,0,0,0,0,0,0,0,0,0,100941,1,2,2022,1/1/2023,
3943,SYNTHETIC COMPANY 00942,SYNTHETIC SITE 00942,,1 Example Way,Nowhere,ZZ,00000,3252,SYNTHETIC INDUSTRY,14,22435,1,0,0,2,0,0,8,2,0,0,0,0,0,100942,1,2,2022,1/1/2023,
3944,SYNTHETIC COMPANY 00943,SYNTHETIC SITE 00943,,1 Example Way,Nowhere,ZZ,00000,3115,SYNTHETIC INDUSTRY,272,526812,1,0,4,0,5,28,0,9,0,0,0,0,0,100943,1,2,2022,1/1/2023,
3945,SYNTHETIC COMPANY 00944,SYNTHETIC SITE 00944,,1 Example Way,Nowhere,ZZ,00000,2361,SYNTHETIC INDUSTRY,42,82373,2,0,0,0,0,0,0,0,0,0,0,0,0,100944,1,2,2022,1/1/2023,
3946,SYNTHETIC COMPANY 00945,SYNTHETIC SITE 00945,,1 Example Way,Nowhere,ZZ,00000,3328,SYNTHETIC INDUSTRY,23,43626,2,0,0,0,0,0,0,0,0,0,0,0,0,100945,1,2,2022,1/1/2023,
3947,SYNTHETIC COMPANY 00946,SYNTHETIC SITE 00946,,1 Example Way,Nowhere,ZZ,00000,3252,SYNTHETIC INDUSTRY,38,90137,2,0,0,0,0,0,0,0,0,0,0,0,0,100946,1,2,2022,1/1/2023,
3948,SYNTHETIC COMPANY 00947,SYNTHETIC SITE 00947,,1 Example Way,Nowhere,ZZ,00000,6221,SYNTHETIC INDUSTRY,168,327383,2,0,0,0,0,0,0,0,0,0,0,0,0,100947,1,2,2022,1/1/2023,
3949,SYNTHETIC COMPANY 00948,SYNTHETIC SITE 00948,,1 Example Way,Nowhere,ZZ,00000,6221,SYNTHETIC INDUSTRY,169,382189,1,0,2,2,2,14,8,6,0,0,0,0,0,100948,1,2,2022,1/1/2023,
3950,SYNTHETIC COMPANY 00949,SYNTHETIC SITE 00949,,1 Example Way,Nowhere,ZZ,00000,4451,SYNTHETIC INDUSTRY,321,594493,1,0,0,0,2,0,0,2,0,0,0,0,0,100949,1,2,2022,1/1/2023,
3951,SYNTHETIC COMPANY 00950,SYNTHETIC SITE 00950,,1 Example Way,Nowhere,ZZ,00000,4451,SYNTHETIC INDUSTRY,14,29592,2,0,0,0,0,0,0,0,0,0,0,0,0,100950,1,2,2022,1/1/2023,
3952,SYNTHETIC COMPANY 00951,SYNTHETIC SITE 00951,,1 Example Way,Nowhere,ZZ,00000,2361,SYNTHETIC INDUSTRY,38,73926,2,0,0,0,0,0,0,0,0,0,0,0,0,100951,1,2,2022,1/1/2023,
3953,SYNTHETIC COMPANY 00952,SYNTHETIC SITE 00952,,1 Example Way,Nowhere,ZZ,00000,4841,SYNTHETIC INDUSTRY,81,157515,2,0,0,0,0,0,0,0,0,0,0,0,0,100952,1,2,2022,1/1/2023,
3954,SYNTHETIC COMPANY 00953,SYNTHETIC SITE 00953,,1 Example Way,Nowhere,ZZ,00000,4841,SYNTHETIC INDUSTRY,378,587641,1,0,1,0,1,7,0,2,0,0,0,0,0,100953,1,2,2022,1/1/2023,
3955,SYNTHETIC COMPANY 00954,SYNTHETIC SITE 00954,,1 Example Way,Nowhere,ZZ,00000,4451,SYNTHETIC INDUSTRY,426,764292,1,0,1,1,0,7,4,2,0,0,0,0,0,100954,1,2,2022,1/1/2023,
3956,SYNTHETIC COMPANY 00955,SYNTHETIC SITE 00955,,1 Example Way,Nowhere,ZZ,00000,4841,SYNTHETIC INDUSTRY,65,93808,2,0,0,0,0,0,0,0,0,0,0,0,0,100955,1,2,2022,1/1/2023,
3957,SYNTHETIC COMPANY 00956,SYNTHETIC SITE 00956,,1 Example Way,Nowhere,ZZ,00000,6221,SYNTHETIC INDUSTRY,42,87173,1,0,0,1,2,0,4,3,0,0,0,0,0,100956,1,2,2022,1/1/2023,
3958,SYNTHETIC COMPANY 00957,SYNTHETIC SITE 00957,,1 Example Way,Nowhere,ZZ,00000,2361,SYNTHETIC INDUSTRY,262,60703200000,1,0,15,13,18,105,52,46,0,0,0,0,0,100957,1,2,2022,1/1/2023,
3959,SYNTHETIC COMPANY 00958,SYNTHETIC SITE 00958,,1 Example Way,Nowhere,ZZ,00000,3115,SYNTHETIC INDUSTRY,427,716807,2,0,0,0,0,0,0,0,0,0,0,0,0,100958,1,2,2022,1/1/2023,
3960,SYNTHETIC COMPANY 00959,SYNTHETIC SITE 00959,,1 Example Way,Nowhere,ZZ,00000,2361,SYNTHETIC INDUSTRY,47,68303,2,0,0,0,0,0,0,0,0,0,0,0,0,100959,1,2,2022,1/1/2023,
3961,SYNTHETIC COMPANY 00960,SYNTHETIC SITE 00960,,1 Example Way,Nowhere,ZZ,00000,3252,SYNTHETIC INDUSTRY,265,487243,1,0,2,0,4,14,0,6,0,0,0,0,0,100960,1,2,2022,1/1/2023,
3962,SYNTHETIC COMPANY 00961,SYNTHETIC SITE 00961,,1 Example Way,Nowhere,ZZ,00000,3115,SYNTHETIC INDUSTRY,39,72750,2,0,0,0,0,0,0,0,0,0,0,0,0,100961,1,2,2022,1/1/2023,
3963,SYNTHETIC COMPANY 00962,SYNTHETIC SITE 00962,,1 Example Way,Nowhere,ZZ,00000,4841,SYNTHETIC INDUSTRY,15,35575,2,0,0,0,0,0,0,0,0,0,0,0,0,100962,1,2,2022,1/1/2023,
3964,SYNTHETIC COMPANY 00963,SYNTHETIC SITE 00963,,1 Example Way,Nowhere,ZZ,00000,4451,SYNTHETIC INDUSTRY,74,121073,1,0,2,2,3,14,8,7,0,0,0,0,0,100963,1,2,2022,1/1/2023,
3965,SYNTHETIC COMPANY 00964,SYNTHETIC SITE 00964,,1 Example Way,Nowhere,ZZ,00000,3252,SYNTHETIC INDUSTRY,94,170980,1,0,0,1,1,0,4,2,0,0,0,0,0,100964,1,2,2022,1/1/2023,
3966,SYNTHETIC COMPANY 00965,SYNTHETIC SITE 00965,,1 Example Way,Nowhere,ZZ,00000,3115,SYNTHETIC INDUSTRY,130,301616,1,0,3,1,1,21,4,5,0,0,0,0,0,100965,1,2,2022,1/1/2023,
3967,SYNTHETIC COMPANY 00966,SYNTHETIC SITE 00966,,1 Example Way,Nowhere,ZZ,00000,2361,SYNTHETIC INDUSTRY,270,441899,1,0,2,1,4,14,4,7,0,0,0,0,0,100966,1,2,2022,1/1/2023,
3968,SYNTHETIC COMPANY 00967,SYNTHETIC SITE 00967,,1 Example Way,Nowhere,ZZ,00000,4841,SYNTHETIC INDUSTRY,334,775107,2,0,0,0,0,0,0,0,0,0,0,0,0,100967,1,2,2022,1/1/2023,
3969,SYNTHETIC COMPANY 00968,SYNTHETIC SITE 00968,,1 Example Way,Nowhere,ZZ,00000,3115,SYNTHETIC INDUSTRY,84,151832,2,0,0,0,0,0,0,0,0,0,0,0,0,100968,1,2,2022,1/1/2023,
3970,SYNTHETIC COMPANY 00969,SYNTHETIC SITE 00969,,1 Example Way,Nowhere,ZZ,00000,3328,SYNTHETIC INDUSTRY,382,816299,2,0,0,0,0,0,0,0,0,0,0,0,0,100969,1,2,2022,1/1/2023,
3971,SYNTHETIC COMPANY 00970,SYNTHETIC SITE 00970,,1 Example Way,Nowhere,ZZ,00000,6221,SYNTHETIC INDUSTRY,6,7828,2,0,0,0,0,0,0,0,0,0,0,0,0,100970,1,2,2022,1/1/2023,
3972,SYNTHETIC COMPANY 00971,SYNTHETIC SITE 00971,,1 Example Way,Nowhere,ZZ,00000,4451,SYNTHETIC INDUSTRY,13,23821,1,0,0,1,0,0,4,1,0,0,0,0,0,100971,1,2,2022,1/1/2023,
3973,SYNTHETIC COMPANY 00972,SYNTHETIC SITE 00972,,1 Example Way,Nowhere,ZZ,00000,4841,SYNTHETIC INDUSTRY,136,226446,2,0,0,0,0,0,0,0,0,0,0,0,0,100972,1,2,2022,1/1/2023,
3974,SYNTHETIC COMPANY 00973,SYNTHETIC SITE 00973,,1 Example Way,Nowhere,ZZ,00000,4451,SYNTHETIC INDUSTRY,27,55806,2,0,0,0,0,0,0,0,0,0,0,0,0,100973,1,2,2022,1/1/2023,
3975,SYNTHETIC COMPANY 00974,SYNTHETIC SITE 00974,,1 Example Way,Nowhere,ZZ,00000,3328,SYNTHETIC INDUSTRY,59,104263,1,0,1,0,1,7,0,2,0,0,0,0,0,100974,1,2,2022,1/1/2023,
3976,SYNTHETIC COMPANY 00975,SYNTHETIC SITE 00975,,1 Example Way,Nowhere,ZZ,00000,3252,SYNTHETIC INDUSTRY,28,50242,1,0,0,0,1,0,0,1,0,0,0,0,0,100975,1,2,2022,1/1/2023,
3977,SYNTHETIC COMPANY 00976,SYNTHETIC SITE 00976,,1 Example Way,Nowhere,ZZ,00000,2361,SYNTHETIC INDUSTRY,522,938393,1,0,8,6,9,56,24,23,0,0,0,0,0,100976,1,2,2022,1/1/2023,
3978,SYNTHETIC COMPANY 00977,SYNTHETIC SITE 00977,,1 Example Way,Nowhere,ZZ,00000,3328,SYNTHETIC INDUSTRY,25,45063000,2,0,0,0,0,0,0,0,0,0,0,0,0,100977,1,2,2022,1/1/2023,
3979,SYNTHETIC COMPANY 00978,SYNTHETIC SITE 00978,,1 Example Way,Nowhere,ZZ,00000,3252,SYNTHETIC INDUSTRY,28,54961,1,0,0,0,2,0,0,2,0,0,0,0,0,100978,1,2,2022,1/1/2023,
3980,SYNTHETIC COMPANY 00979,SYNTHETIC SITE 00979,,1 Example Way,Nowhere,ZZ,00000,3115,SYNTHETIC INDUSTRY,235,307998,2,0,0,0,0,0,0,0,0,0,0,0,0,100979,1,2,2022,1/1/2023,
3981,SYNTHETIC COMPANY 00980,SYNTHETIC SITE 00980,,1 Example Way,Nowhere,ZZ,00000,3328,SYNTHETIC INDUSTRY,30,43239,2,0,0,0,0,0,0,0,0,0,0,0,0,100980,1,2,2022,1/1/2023,
3982,SYNTHETIC COMPANY 00981,SYNTHETIC SITE 00981,,1 Example Way,Nowhere,ZZ,00000,4451,SYNTHETIC INDUSTRY,37,59858,2,0,0,0,0,0,0,0,0,0,0,0,0,100981,1,2,2022,1/1/2023,
3983,SYNTHETIC COMPANY 00982,SYNTHETIC SITE 00982,,1 Example Way,Nowhere,ZZ,00000,4451,SYNTHETIC INDUSTRY,59,101597,2,0,0,0,0,0,0,0,0,0,0,0,0,100982,1,2,2022,1/1/2023,
3984,SYNTHETIC COMPANY 00983,SYNTHETIC SITE 00983,,1 Example Way,Nowhere,ZZ,00000,2361,SYNTHETIC INDUSTRY,109,164312,1,0,1,0,0,7,0,1,0,0,0,0,0,100983,1,2,2022,1/1/2023,
3985,SYNTHETIC COMPANY 00984,SYNTHETIC SITE 00984,,1 Example Way,Nowhere,ZZ,00000,4841,SYNTHETIC INDUSTRY,48,85534,1,0,0,1,0,0,4,1,0,0,0,0,0,100984,1,2,2022,1/1/2023,
3986,SYNTHETIC COMPANY 00985,SYNTHETIC SITE 00985,,1 Example Way,Nowhere,ZZ,00000,4451,SYNTHETIC INDUSTRY,18,25962,2,0,0,0,0,0,0,0,0,0,0,0,0,100985,1,2,2022,1/1/2023,
3987,SYNTHETIC COMPANY 00986,SYNTHETIC SITE 00986,,1 Example Way,Nowhere,ZZ,00000,3251,SYNTHETIC INDUSTRY,22,30653,1,0,1,0,0,7,0,1,0,0,0,0,0,100986,1,2,2022,1/1/2023,
3988,SYNTHETIC COMPANY 00987,SYNTHETIC SITE 00987,,1 Example Way,Nowhere,ZZ,00000,3115,SYNTHETIC INDUSTRY,5,9184,2,0,0,0,0,0,0,0,0,0,0,0,0,100987,1,2,2022,1/1/2023,
3989,SYNTHETIC COMPANY 00988,SYNTHETIC SITE 00988,,1 Example Way,Nowhere,ZZ,00000,2361,SYNTHETIC INDUSTRY,6,11973,2,0,0,0,0,0,0,0,0,0,0,0,0,100988,1,2,2022,1/1/2023,
3990,SYNTHETIC COMPANY 00989,SYNTHETIC SITE 00989,,1 Example Way,Nowhere,ZZ,00000,6221,SYNTHETIC INDUSTRY,42,94447,2,0,0,0,0,0,0,0,0,0,0,0,0,100989,1,2,2022,1/1/2023,
3991,SYNTHETIC COMPANY 00990,SYNTHETIC SITE 00990,,1 Example Way,Nowhere,ZZ,00000,3251,SYNTHETIC INDUSTRY,1,1799,2,0,0,0,0,0,0,0,0,0,0,0,0,100990,1,2,2022,1/1/2023,
3992,SYNTHETIC COMPANY 00991,SYNTHETIC SITE 00991,,1 Example Way,Nowhere,ZZ,00000,4451,SYNTHETIC INDUSTRY,9,13797,2,0,0,0,0,0,0,0,0,0,0,0,0,100991,1,2,2022,1/1/2023,
3993,SYNTHETIC COMPANY 00992,SYNTHETIC SITE 00992,,1 Example Way,Nowhere,ZZ,00000,3115,SYNTHETIC INDUSTRY,50,96792,2,0,0,0,0,0,0,0,0,0,0,0,0,100992,1,2,2022,1/1/2023,
3994,SYNTHETIC COMPANY 00993,SYNTHETIC SITE 00993,,1 Example Way,Nowhere,ZZ,00000,3328,SYNTHETIC INDUSTRY,8,13948,2,0,0,0,0,0,0,0,0,0,0,0,0,100993,1,2,2022,1/1/2023,
3995,SYNTHETIC COMPANY 00994,SYNTHETIC SITE 00994,,1 Example Way,Nowhere,ZZ,00000,3251,SYNTHETIC INDUSTRY,91,144095,1,0,0,0,1,0,0,1,0,0,0,0,0,100994,1,2,2022,1/1/2023,
3996,SYNTHETIC COMPANY 00995,SYNTHETIC SITE 00995,,1 Example Way,Nowhere,ZZ,00000,4841,SYNTHETIC INDUSTRY,15,17351,1,0,0,0,1,0,0,1,0,0,0,0,0,100995,1,2,2022,1/1/2023,
3997,SYNTHETIC COMPANY 00996,SYNTHETIC SITE 00996,,1 Example Way,Nowhere,ZZ,00000,6221,SYNTHETIC INDUSTRY,47,92854,1,0,0,0,1,0,0,1,0,0,0,0,0,100996,1,2,2022,1/1/2023,
3998,SYNTHETIC COMPANY 00997,SYNTHETIC SITE 00997,,1 Example Way,Nowhere,ZZ,00000,3251,SYNTHETIC INDUSTRY,31,56060,1,0,0,0,1,0,0,1,0,0,0,0,0,100997,1,2,2022,1/1/2023,
3999,SYNTHETIC COMPANY 00998,SYNTHETIC SITE 00998,,1 Example Way,Nowhere,ZZ,00000,3251,SYNTHETIC INDUSTRY,271,441432,1,0,4,0,1,28,0,5,0,0,0,0,0,100998,1,2,2022,1/1/2023,
4000,SYNTHETIC COMPANY 00999,SYNTHETIC SITE 00999,,1 Example Way,Nowhere,ZZ,00000,3115,SYNTHETIC INDUSTRY,30,65350,1,0,1,0,1,7,0,2,0,0,0,0,0,100999,1,2,2022,1/1/2023,
4001,SYNTHETIC COMPANY 01000,SYNTHETIC SITE 01000,,1 Example Way,Nowhere,ZZ,00000,3115,SYNTHETIC INDUSTRY,41,80332,1,0,1,0,0,7,0,1,0,0,0,0,0,101000,1,2,2022,1/1/2023,
4002,SYNTHETIC COMPANY 01001,SYNTHETIC SITE 01001,,1 Example Way,Nowhere,ZZ,00000,6221,SYNTHETIC INDUSTRY,211,421503,1,0,1,0,0,7,0,1,0,0,0,0,0,101001,1,2,2022,1/1/2023,
4003,SYNTHETIC COMPANY 01002,SYNTHETIC SITE 01002,,1 Example Way,Nowhere,ZZ,00000,6221,SYNTHETIC INDUSTRY,23,36909,2,0,0,0,0,0,0,0,0,0,0,0,0,101002,1,2,2022,1/1/2023,
4004,SYNTHETIC COMPANY 01003,SYNTHETIC SITE 01003,,1 Example Way,Nowhere,ZZ,00000,2361,SYNTHETIC INDUSTRY,5,7200,2,0,0,0,0,0,0,0,0,0,0,0,0,101003,1,2,2022,1/1/2023,
4005,SYNTHETIC COMPANY 01004,SYNTHETIC SITE 01004,,1 Example Way,Nowhere,ZZ,00000,3252,SYNTHETIC INDUSTRY,19,33660,2,0,0,0,0,0,0,0,0,0,0,0,0,101004,1,2,2022,1/1/2023,
4006,SYNTHETIC COMPANY 01005,SYNTHETIC SITE 01005,,1 Example Way,Nowhere,ZZ,00000,4841,SYNTHETIC INDUSTRY,115,194910,1,0,0,0,1,0,0,1,0,0,0,0,0,101005,1,2,2022,1/1/2023,
4007,SYNTHETIC COMPANY 01006,SYNTHETIC SITE 01006,,1 Example Way,Nowhere,ZZ,00000,3328,SYNTHETIC INDUSTRY,23,45223,2,0,0,0,0,0,0,0,0,0,0,0,0,101006,1,2,2022,1/1/2023,
4008,SYNTHETIC COMPANY 01007,SYNTHETIC SITE 01007,,1 Example Way,Nowhere,ZZ,00000,3115,SYNTHETIC INDUSTRY,36,73215,2,0,0,0,0,0,0,0,0,0,0,0,0,101007,1,2,2022,1/1/2023,
4009,SYNTHETIC COMPANY 01008,SYNTHETIC SITE 01008,,1 Example Way,Nowhere,ZZ,00000,6221,SYNTHETIC INDUSTRY,245,423362,1,0,2,0,4,14,0,6,0,0,0,0,0,101008,1,2,2022,1/1/2023,
4010,SYNTHETIC COMPANY 01009,SYNTHETIC SITE 01009,,1 Example Way,Nowhere,ZZ,00000,3115,SYNTHETIC INDUSTRY,126,261751,1,0,1,0,1,7,0,2,0,0,0,0,0,101009,1,2,2022,1/1/2023,
4011,SYNTHETIC COMPANY 01010,SYNTHETIC SITE 01010,,1 Example Way,Nowhere,ZZ,00000,2361,SYNTHETIC INDUSTRY,23,40250,1,0,0,0,3,0,0,3,0,0,0,0,0,101010,1,2,2022,1/1/2023,
4012,SYNTHETIC COMPANY 01011,SYNTHETIC SITE 01011,,1 Example Way,Nowhere,ZZ,00000,4841,SYNTHETIC INDUSTRY,186,332124,2,0,0,0,0,0,0,0,0,0,0,0,0,101011,1,2,2022,1/1/2023,
4013,SYNTHETIC COMPANY 01012,SYNTHETIC SITE 01012,,1 Example Way,Nowhere,ZZ,00000,4451,SYNTHETIC INDUSTRY,67,106720,2,0,0,0,0,0,0,0,0,0,0,0,0,101012,1,2,2022,1/1/2023,
4014,SYNTHETIC COMPANY 01013,SYNTHETIC SITE 01013,,1 Example Way,Nowhere,ZZ,00000,3252,SYNTHETIC INDUSTRY,20,41343,2,0,0,0,0,0,0,0,0,0,0,0,0,101013,1,2,2022,1/1/2023,
4015,SYNTHETIC COMPANY 01014,SYNTHETIC SITE 01014,,1 Example Way,Nowhere,ZZ,00000,2361,SYNTHETIC INDUSTRY,66,104576,1,0,2,1,3,14,4,6,0,0,0,0,0,101014,1,2,2022,1/1/2023,
4016,SYNTHETIC COMPANY 01015,SYNTHETIC SITE 01015,,1 Example Way,Nowhere,ZZ,00000,3251,SYNTHETIC INDUSTRY,68,110265,2,0,0,0,0,0,0,0,0,0,0,0,0,101015,1,2,2022,1/1/2023,
4017,SYNTHETIC COMPANY 01016,SYNTHETIC SITE 01016,,1 Example Way,Nowhere,ZZ,00000,4451,SYNTHETIC INDUSTRY,98,189183,1,0,3,1,1,21,4,5,0,0,0,0,0,101016,1,2,2022,1/1/2023,
4018,SYNTHETIC COMPANY 01017,SYNTHETIC SITE 01017,,1 Example Way,Nowhere,ZZ,00000,3252,SYNTHETIC INDUSTRY,32,6726700,1,0,0,0,1,0,0,1,0,0,0,0,0,101017,1,2,2022,1/1/2023,
4019,SYNTHETIC COMPANY 01018,SYNTHETIC SITE 01018,,1 Example Way,Nowhere,ZZ,00000,3328,SYNTHETIC INDUSTRY,5,11146,1,0,1,0,1,7,0,2,0,0,0,0,0,101018,1,2,2022,1/1/2023,
4020,SYNTHETIC COMPANY 01019,SYNTHETIC SITE 01019,,1 Example Way,Nowhere,ZZ,00000,3252,SYNTHETIC INDUSTRY,31,47452,2,0,0,0,0,0,0,0,0,0,0,0,0,101019,1,2,2022,1/1/2023,
4021,SYNTHETIC COMPANY 01020,SYNTHETIC SITE 01020,,1 Example Way,Nowhere,ZZ,00000,6221,SYNTHETIC INDUSTRY,103,186664,2,0,0,0,0,0,0,0,0,0,0,0,0,101020,1,2,2022,1/1/2023,
4022,SYNTHETIC COMPANY 01021,SYNTHETIC SITE 01021,,1 Example Way,Nowhere,ZZ,00000,2361,SYNTHETIC INDUSTRY,136,271296,2,0,0,0,0,0,0,0,0,0,0,0,0,101021,1,2,2022,1/1/2023,
4023,SYNTHETIC COMPANY 01022,SYNTHETIC SITE 01022,,1 Example Way,Nowhere,ZZ,00000,6221,SYNTHETIC INDUSTRY,65,103113,1,0,0,1,0,0,4,1,0,0,0,0,0,101022,1,2,2022,1/1/2023,
4024,SYNTHETIC COMPANY 01023,SYNTHETIC SITE 01023,,1 Example Way,Nowhere,ZZ,00000,3115,SYNTHETIC INDUSTRY,14,27079,2,0,0,0,0,0,0,0,0,0,0,0,0,101023,1,2,2022,1/1/2023,
4025,SYNTHETIC COMPANY 01024,SYNTHETIC SITE 01024,,1 Example Way,Nowhere,ZZ,00000,3328,SYNTHETIC INDUSTRY,92,177634,2,0,0,0,0,0,0,0,0,0,0,0,0,101024,1,2,2022,1/1/2023,
4026,SYNTHETIC COMPANY 01025,SYNTHETIC SITE 01025,,1 Example Way,Nowhere,ZZ,00000,4451,SYNTHETIC INDUSTRY,12,27683,2,0,0,0,0,0,0,0,0,0,0,0,0,101025,1,2,2022,1/1/2023,
4027,SYNTHETIC COMPANY 01026,SYNTHETIC SITE 01026,,1 Example Way,Nowhere,ZZ,00000,3252,SYNTHETIC INDUSTRY,121,226296,1,0,4,1,3,28,4,8,0,0,0,0,0,101026,1,2,2022,1/1/2023,
4028,SYNTHETIC COMPANY 01027,SYNTHETIC SITE 01027,,1 Example Way,Nowhere,ZZ,00000,3251,SYNTHETIC INDUSTRY,48,90993,2,0,0,0,0,0,0,0,0,0,0,0,0,101027,1,2,2022,1/1/2023,
4029,SYNTHETIC COMPANY 01028,SYNTHETIC SITE 01028,,1 Example Way,Nowhere,ZZ,00000,4841,SYNTHETIC INDUSTRY,350,459391,1,0,5,1,5,35,4,11,0,0,0,0,0,101028,1,2,2022,1/1/2023,
4030,SYNTHETIC COMPANY 01029,SYNTHETIC SITE 01029,,1 Example Way,Nowhere,ZZ,00000,3252,SYNTHETIC INDUSTRY,23,34877,2,0,0,0,0,0,0,0,0,0,0,0,0,101029,1,2,2022,1/1/2023,
4031,SYNTHETIC COMPANY 01030,SYNTHETIC SITE 01030,,1 Example Way,Nowhere,ZZ,00000,3251,SYNTHETIC INDUSTRY,112,175737,1,0,2,2,3,14,8,7,0,0,0,0,0,101030,1,2,2022,1/1/2023,
4032,SYNTHETIC COMPANY 01031,SYNTHETIC SITE 01031,,1 Example Way,Nowhere,ZZ,00000,6221,SYNTHETIC INDUSTRY,27,48883,1,0,1,1,0,7,4,2,0,0,0,0,0,101031,1,2,2022,1/1/2023,
4033,SYNTHETIC COMPANY 01032,SYNTHETIC SITE 01032,,1 Example Way,Nowhere,ZZ,00000,3115,SYNTHETIC INDUSTRY,41,93057,2,0,0,0,0,0,0,0,0,0,0,0,0,101032,1,2,2022,1/1/2023,
4034,SYNTHETIC COMPANY 01033,SYNTHETIC SITE 01033,,1 Example Way,Nowhere,ZZ,00000,6221,SYNTHETIC INDUSTRY,114,189345,1,0,3,1,1,21,4,5,0,0,0,0,0,101033,1,2,2022,1/1/2023,
4035,SYNTHETIC COMPANY 01034,SYNTHETIC SITE 01034,,1 Example Way,Nowhere,ZZ,00000,4451,SYNTHETIC INDUSTRY,45,78323,1,0,0,1,0,0,4,1,0,0,0,0,0,101034,1,2,2022,1/1/2023,
4036,SYNTHETIC COMPANY 01035,SYNTHETIC SITE 01035,,1 Example Way,Nowhere,ZZ,00000,3252,SYNTHETIC INDUSTRY,12,15686,2,0,0,0,0,0,0,0,0,0,0,0,0,101035,1,2,2022,1/1/2023,
4037,SYNTHETIC COMPANY 01036,SYNTHETIC SITE 01036,,1 Example Way,Nowhere,ZZ,00000,3252,SYNTHETIC INDUSTRY,19,28593,2,0,0,0,0,0,0,0,0,0,0,0,0,101036,1,2,2022,1/1/2023,
4038,SYNTHETIC COMPANY 01037,SYNTHETIC SITE 01037,,1 Example Way,Nowhere,ZZ,00000,3328,SYNTHETIC INDUSTRY,308,493961,1,0,6,1,7,42,4,14,0,0,0,0,0,101037,1,2,2022,1/1/2023,
4039,SYNTHETIC COMPANY 01038,SYNTHETIC SITE 01038,,1 Example Way,Nowhere,ZZ,00000,4841,SYNTHETIC INDUSTRY,15,31249,1,0,0,0,1,0,0,1,0,0,0,0,0,101038,1,2,2022,1/1/2023,
4040,SYNTHETIC COMPANY 01039,SYNTHETIC SITE 01039,,1 Example Way,Nowhere,ZZ,00000,4451,SYNTHETIC INDUSTRY,17,39224,2,0,0,0,0,0,0,0,0,0,0,0,0,101039,1,2,2022,1/1/2023,
4041,SYNTHETIC COMPANY 01040,SYNTHETIC SITE 01040,,1 Example Way,Nowhere,ZZ,00000,3252,SYNTHETIC INDUSTRY,12,19896,2,0,0,0,0,0,0,0,0,0,0,0,0,101040,1,2,2022,1/1/2023,
4042,SYNTHETIC COMPANY 01041,SYNTHETIC SITE 01041,,1 Example Way,Nowhere,ZZ,00000,4451,SYNTHETIC INDUSTRY,11,16201,2,0,0,0,0,0,0,0,0,0,0,0,0,101041,1,2,2022,1/1/2023,
4043,SYNTHETIC COMPANY 01042,SYNTHETIC SITE 01042,,1 Example Way,Nowhere,ZZ,00000,3251,SYNTHETIC INDUSTRY,5,9924,2,0,0,0,0,0,0,0,0,0,0,0,0,101042,1,2,2022,1/1/2023,
4044,SYNTHETIC COMPANY 01043,SYNTHETIC SITE 01043,,1 Example Way,Nowhere,ZZ,00000,2361,SYNTHETIC INDUSTRY,153,312094,1,0,1,1,0,7,4,2,0,0,0,0,0,101043,1,2,2022,1/1/2023,
4045,SYNTHETIC COMPANY 01044,SYNTHETIC SITE 01044,,1 Example Way,Nowhere,ZZ,00000,2361,SYNTHETIC INDUSTRY,95,191252,1,0,1,0,2,7,0,3,0,0,0,0,0,101044,1,2,2022,1/1/2023,
4046,SYNTHETIC COMPANY 01045,SYNTHETIC SITE 01045,,1 Example Way,Nowhere,ZZ,00000,2361,SYNTHETIC INDUSTRY,173,316669,1,0,1,1,1,7,4,3,0,0,0,0,0,101045,1,2,2022,1/1/2023,
4047,SYNTHETIC COMPANY 01046,SYNTHETIC SITE 01046,,1 Example Way,Nowhere,ZZ,00000,4451,SYNTHETIC INDUSTRY,163,230535,1,0,0,1,1,0,4,2,0,0,0,0,0,101046,1,2,2022,1/1/2023,
4048,SYNTHETIC COMPANY 01047,SYNTHETIC SITE 01047,,1 Example Way,Nowhere,ZZ,00000,3251,SYNTHETIC INDUSTRY,106,228468,2,0,0,0,0,0,0,0,0,0,0,0,0,101047,1,2,2022,1/1/2023,
4049,SYNTHETIC COMPANY 01048,SYNTHETIC SITE 01048,,1 Example Way,Nowhere,ZZ,00000,3251,SYNTHETIC INDUSTRY,186,398190,2,0,0,0,0,0,0,0,0,0,0,0,0,101048,1,2,2022,1/1/2023,
4050,SYNTHETIC COMPANY 01049,SYNTHETIC SITE 01049,,1 Example Way,Nowhere,ZZ,00000,6221,SYNTHETIC INDUSTRY,105,210989,2,0,0,0,0,0,0,0,0,0,0,0,0,101049,1,2,2022,1/1/2023,
4051,SYNTHETIC COMPANY 01050,SYNTHETIC SITE 01050,,1 Example Way,Nowhere,ZZ,00000,3328,SYNTHETIC INDUSTRY,115,163968,1,0,0,2,3,0,8,5,0,0,0,0,0,101050,1,2,2022,1/1/2023,
4052,SYNTHETIC COMPANY 01051,SYNTHETIC SITE 01051,,1 Example Way,Nowhere,ZZ,00000,3252,SYNTHETIC INDUSTRY,32,46890,2,0,0,0,0,0,0,0,0,0,0,0,0,101051,1,2,2022,1/1/2023,
4053,SYNTHETIC COMPANY 01052,SYNTHETIC SITE 01052,,1 Example Way,Nowhere,ZZ,00000,3252,SYNTHETIC INDUSTRY,2,4212,2,0,0,0,0,0,0,0,0,0,0,0,0,101052,1,2,2022,1/1/2023,
4054,SYNTHETIC COMPANY 01053,SYNTHETIC SITE 01053,,1 Example Way,Nowhere,ZZ,00000,3115,SYNTHETIC INDUSTRY,682,1211960,1,0,9,5,14,63,20,28,0,0,0,0,0,101053,1,2,2022,1/1/2023,
4055,SYNTHETIC COMPANY 01054,SYNTHETIC SITE 01054,,1 Example Way,Nowhere,ZZ,00000,3115,SYNTHETIC INDUSTRY,66,115996,2,0,0,0,0,0,0,0,0,0,0,0,0,101054,1,2,2022,1/1/2023,
4056,SYNTHETIC COMPANY 01055,SYNTHETIC SITE 01055,,1 Example Way,Nowhere,ZZ,00000,6221,SYNTHETIC INDUSTRY,145,280278,2,0,0,0,0,0,0,0,0,0,0,0,0,101055,1,2,2022,1/1/2023,
4057,SYNTHETIC COMPANY 01056,SYNTHETIC SITE 01056,,1 Example Way,Nowhere,ZZ,00000,3328,SYNTHETIC INDUSTRY,24,50012,2,0,0,0,0,0,0,0,0,0,0,0,0,101056,1,2,2022,1/1/2023,
4058,SYNTHETIC COMPANY 01057,SYNTHETIC SITE 01057,,1 Example Way,Nowhere,ZZ,00000,3251,SYNTHETIC INDUSTRY,33,75336,2,0,0,0,0,0,0,0,0,0,0,0,0,101057,1,2,2022,1/1/2023,
4059,SYNTHETIC COMPANY 01058,SYNTHETIC SITE 01058,,1 Example Way,Nowhere,ZZ,00000,3252,SYNTHETIC INDUSTRY,16,27182,2,0,0,0,0,0,0,0,0,0,0,0,0,101058,1,2,2022,1/1/2023,
4060,SYNTHETIC COMPANY 01059,SYNTHETIC SITE 01059,,1 Example Way,Nowhere,ZZ,00000,3252,SYNTHETIC INDUSTRY,249,395207,1,0,5,0,2,35,0,7,0,0,0,0,0,101059,1,2,2022,1/1/2023,
4061,SYNTHETIC COMPANY 01060,SYNTHETIC SITE 01060,,1 Example Way,Nowhere,ZZ,00000,4451,SYNTHETIC INDUSTRY,17,26564,2,0,0,0,0,0,0,0,0,0,0,0,0,101060,1,2,2022,1/1/2023,
4062,SYNTHETIC COMPANY 01061,SYNTHETIC SITE 01061,,1 Example Way,Nowhere,ZZ,00000,3251,SYNTHETIC INDUSTRY,17,30894,2,0,0,0,0,0,0,0,0,0,0,0,0,101061,1,2,2022,1/1/2023,
4063,SYNTHETIC COMPANY 01062,SYNTHETIC SITE 01062,,1 Example Way,Nowhere,ZZ,00000,3251,SYNTHETIC INDUSTRY,117,213506,2,0,0,0,0,0,0,0,0,0,0,0,0,101062,1,2,2022,1/1/2023,
4064,SYNTHETIC COMPANY 01063,SYNTHETIC SITE 01063,,1 Example Way,Nowhere,ZZ,00000,3115,SYNTHETIC INDUSTRY,159,253400,1,0,1,0,0,7,0,1,0,0,0,0,0,101063,1,2,2022,1/1/2023,
4065,SYNTHETIC COMPANY 01064,SYNTHETIC SITE 01064,,1 Example Way,Nowhere,ZZ,00000,4841,SYNTHETIC INDUSTRY,9,18149,2,0,0,0,0,0,0,0,0,0,0,0,0,101064,1,2,2022,1/1/2023,
4066,SYNTHETIC COMPANY 01065,SYNTHETIC SITE 01065,,1 Example Way,Nowhere,ZZ,00000,3252,SYNTHETIC INDUSTRY,43,91013,1,0,1,0,1,7,0,2,0,0,0,0,0,101065,1,2,2022,1/1/2023,
4067,SYNTHETIC COMPANY 01066,SYNTHETIC SITE 01066,,1 Example Way,Nowhere,ZZ,00000,6221,SYNTHETIC INDUSTRY,132,222912,1,0,1,1,9,7,4,11,0,0,0,0,0,101066,1,2,2022,1/1/2023,
4068,SYNTHETIC COMPANY 01067,SYNTHETIC SITE 01067,,1 Example Way,Nowhere,ZZ,00000,6221,SYNTHETIC INDUSTRY,25,38952,1,0,0,0,1,0,0,1,0,0,0,0,0,101067,1,2,2022,1/1/2023,
4069,SYNTHETIC COMPANY 01068,SYNTHETIC SITE 01068,,1 Example Way,Nowhere,ZZ,00000,3328,SYNTHETIC INDUSTRY,123,204379,2,0,0,0,0,0,0,0,0,0,0,0,0,101068,1,2,2022,1/1/2023,
4070,SYNTHETIC COMPANY 01069,SYNTHETIC SITE 01069,,1 Example Way,Nowhere,ZZ,00000,3251,SYNTHETIC INDUSTRY,152,256329,1,0,1,0,2,7,0,3,0,0,0,0,0,101069,1,2,2022,1/1/2023,
4071,SYNTHETIC COMPANY 01070,SYNTHETIC SITE 01070,,1 Example Way,Nowhere,ZZ,00000,3328,SYNTHETIC INDUSTRY,81,154154,1,0,1,0,1,7,0,2,0,0,0,0,0,101070,1,2,2022,1/1/2023,
4072,SYNTHETIC COMPANY 01071,SYNTHETIC SITE 01071,,1 Example Way,Nowhere,ZZ,00000,3115,SYNTHETIC INDUSTRY,38,75271,2,0,0,0,0,0,0,0,0,0,0,0,0,101071,1,2,2022,1/1/2023,
4073,SYNTHETIC COMPANY 01072,SYNTHETIC SITE 01072,,1 Example Way,Nowhere,ZZ,00000,2361,SYNTHETIC INDUSTRY,36,63128,2,0,0,0,0,0,0,0,0,0,0,0,0,101072,1,2,2022,1/1/2023,
4074,SYNTHETIC COMPANY 01073,SYNTHETIC SITE 01073,,1 Example Way,Nowhere,ZZ,00000,2361,SYNTHETIC INDUSTRY,2,4025,2,0,0,0,0,0,0,0,0,0,0,0,0,101073,1,2,2022,1/1/2023,
4075,SYNTHETIC COMPANY 01074,SYNTHETIC SITE 01074,,1 Example Way,Nowhere,ZZ,00000,4841,SYNTHETIC INDUSTRY,230,474382,1,0,5,1,1,35,4,7,0,0,0,0,0,101074,1,2,2022,1/1/2023,
4076,SYNTHETIC COMPANY 01075,SYNTHETIC SITE 01075,,1 Example Way,Nowhere,ZZ,00000,2361,SYNTHETIC INDUSTRY,396,603474,1,0,1,1,0,7,4,2,0,0,0,0,0,101075,1,2,2022,1/1/2023,
4077,SYNTHETIC COMPANY 01076,SYNTHETIC SITE 01076,,1 Example Way,Nowhere,ZZ,00000,3115,SYNTHETIC INDUSTRY,10,17137,2,0,0,0,0,0,0,0,0,0,0,0,0,101076,1,2,2022,1/1/2023,
4078,SYNTHETIC COMPANY 01077,SYNTHETIC SITE 01077,,1 Example Way,Nowhere,ZZ,00000,4841,SYNTHETIC INDUSTRY,14,31689,1,0,1,0,0,7,0,1,0,0,0,0,0,101077,1,2,2022,1/1/2023,
4079,SYNTHETIC COMPANY 01078,SYNTHETIC SITE 01078,,1 Example Way,Nowhere,ZZ,00000,4841,SYNTHETIC INDUSTRY,8,16358,2,0,0,0,0,0,0,0,0,0,0,0,0,101078,1,2,2022,1/1/2023,
4080,SYNTHETIC COMPANY 01079,SYNTHETIC SITE 01079,,1 Example Way,Nowhere,ZZ,00000,4451,SYNTHETIC INDUSTRY,394,635719,1,0,6,5,10,42,20,21,0,0,0,0,0,101079,1,2,2022,1/1/2023,
4081,SYNTHETIC COMPANY 01080,SYNTHETIC SITE 01080,,1 Example Way,Nowhere,ZZ,00000,3328,SYNTHETIC INDUSTRY,20,36496,2,0,0,0,0,0,0,0,0,0,0,0,0,101080,1,2,2022,1/1/2023,
4082,SYNTHETIC COMPANY 01081,SYNTHETIC SITE 01081,,1 Example Way,Nowhere,ZZ,00000,3328,SYNTHETIC INDUSTRY,122,181530,1,0,2,2,1,14,8,5,0,0,0,0,0,101081,1,2,2022,1/1/2023,
4083,SYNTHETIC COMPANY 01082,SYNTHETIC SITE 01082,,1 Example Way,Nowhere,ZZ,00000,4841,SYNTHETIC INDUSTRY,49,83025,1,0,1,0,0,7,0,1,0,0,0,0,0,101082,1,2,2022,1/1/2023,
4084,SYNTHETIC COMPANY 01083,SYNTHETIC SITE 01083,,1 Example Way,Nowhere,ZZ,00000,4841,SYNTHETIC INDUSTRY,25,52433,1,0,0,1,0,0,4,1,0,0,0,0,0,101083,1,2,2022,1/1/2023,
4085,SYNTHETIC COMPANY 01084,SYNTHETIC SITE 01084,,1 Example Way,Nowhere,ZZ,00000,4841,SYNTHETIC INDUSTRY,15,24100,2,0,0,0,0,0,0,0,0,0,0,0,0,101084,1,2,2022,1/1/2023,
4086,SYNTHETIC COMPANY 01085,SYNTHETIC SITE 01085,,1 Example Way,Nowhere,ZZ,00000,3252,SYNTHETIC INDUSTRY,103,180293,1,0,3,0,3,21,0,6,0,0,0,0,0,101085,1,2,2022,1/1/2023,
4087,SYNTHETIC COMPANY 01086,SYNTHETIC SITE 01086,,1 Example Way,Nowhere,ZZ,00000,2361,SYNTHETIC INDUSTRY,156,290378,1,0,2,0,2,14,0,4,0,0,0,0,0,101086,1,2,2022,1/1/2023,
4088,SYNTHETIC COMPANY 01087,SYNTHETIC SITE 01087,,1 Example Way,Nowhere,ZZ,00000,6221,SYNTHETIC INDUSTRY,534,1142984,2,0,0,0,0,0,0,0,0,0,0,0,0,101087,1,2,2022,1/1/2023,
4089,SYNTHETIC COMPANY 01088,SYNTHETIC SITE 01088,,1 Example Way,Nowhere,ZZ,00000,2361,SYNTHETIC INDUSTRY,28,56315,2,0,0,0,0,0,0,0,0,0,0,0,0,101088,1,2,2022,1/1/2023,
4090,SYNTHETIC COMPANY 01089,SYNTHETIC SITE 01089,,1 Example Way,Nowhere,ZZ,00000,4451,SYNTHETIC INDUSTRY,102,215200,2,0,0,0,0,0,0,0,0,0,0,0,0,101089,1,2,2022,1/1/2023,
4091,SYNTHETIC COMPANY 01090,SYNTHETIC SITE 01090,,1 Example Way,Nowhere,ZZ,00000,3328,SYNTHETIC INDUSTRY,9,13740,2,0,0,0,0,0,0,0,0,0,0,0,0,101090,1,2,2022,1/1/2023,
4092,SYNTHETIC COMPANY 01091,SYNTHETIC SITE 01091,,1 Example Way,Nowhere,ZZ,00000,3328,SYNTHETIC INDUSTRY,47,106942,1,0,1,0,1,7,0,2,0,0,0,0,0,101091,1,2,2022,1/1/2023,
4093,SYNTHETIC COMPANY 01092,SYNTHETIC SITE 01092,,1 Example Way,Nowhere,ZZ,00000,3115,SYNTHETIC INDUSTRY,70,147276,2,0,0,0,0,0,0,0,0,0,0,0,0,101092,1,2,2022,1/1/2023,
4094,SYNTHETIC COMPANY 01093,SYNTHETIC SITE 01093,,1 Example Way,Nowhere,ZZ,00000,3252,SYNTHETIC INDUSTRY,46,69507,2,0,0,0,0,0,0,0,0,0,0,0,0,101093,1,2,2022,1/1/2023,
4095,SYNTHETIC COMPANY 01094,SYNTHETIC SITE 01094,,1 Example Way,Nowhere,ZZ,00000,3328,SYNTHETIC INDUSTRY,85,140099,1,0,1,0,2,7,0,3,0,0,0,0,0,101094,1,2,2022,1/1/2023,
4096,SYNTHETIC COMPANY 01095,SYNTHETIC SITE 01095,,1 Example Way,Nowhere,ZZ,00000,3252,SYNTHETIC INDUSTRY,198,367034,1,0,1,0,0,7,0,1,0,0,0,0,0,101095,1,2,2022,1/1/2023,
4097,SYNTHETIC COMPANY 01096,SYNTHETIC SITE 01096,,1 Example Way,Nowhere,ZZ,00000,4841,SYNTHETIC INDUSTRY,26,59961,2,0,0,0,0,0,0,0,0,0,0,0,0,101096,1,2,2022,1/1/2023,
4098,SYNTHETIC COMPANY 01097,SYNTHETIC SITE 01097,,1 Example Way,Nowhere,ZZ,00000,3328,SYNTHETIC INDUSTRY,39,71532,2,0,0,0,0,0,0,0,0,0,0,0,0,101097,1,2,2022,1/1/2023,
4099,SYNTHETIC COMPANY 01098,SYNTHETIC SITE 01098,,1 Example Way,Nowhere,ZZ,00000,6221,SYNTHETIC INDUSTRY,120,293016,1,0,2,1,2,14,4,5,0,0,0,0,0,101098,1,2,2022,1/1/2023,
4100,SYNTHETIC COMPANY 01099,SYNTHETIC SITE 01099,,1 Example Way,Nowhere,ZZ,00000,3115,SYNTHETIC INDUSTRY,34,79544,1,0,1,0,0,7,0,1,0,0,0,0,0,101099,1,2,2022,1/1/2023,
4101,SYNTHETIC COMPANY 01100,SYNTHETIC SITE 01100,,1 Example Way,Nowhere,ZZ,00000,3251,SYNTHETIC INDUSTRY,97,179488,2,0,0,0,0,0,0,0,0,0,0,0,0,101100,1,2,2022,1/1/2023,
4102,SYNTHETIC COMPANY 01101,SYNTHETIC SITE 01101,,1 Example Way,Nowhere,ZZ,00000,4841,SYNTHETIC INDUSTRY,261,341545,1,0,3,0,2,21,0,5,0,0,0,0,0,101101,1,2,2022,1/1/2023,
4103,SYNTHETIC COMPANY 01102,SYNTHETIC SITE 01102,,1 Example Way,Nowhere,ZZ,00000,2361,SYNTHETIC INDUSTRY,138,278895,1,0,0,0,1,0,0,1,0,0,0,0,0,101102,1,2,2022,1/1/2023,
4104,SYNTHETIC COMPANY 01103,SYNTHETIC SITE 01103,,1 Example Way,Nowhere,ZZ,00000,4841,SYNTHETIC INDUSTRY,32,59981,1,0,1,0,0,7,0,1,0,0,0,0,0,101103,1,2,2022,1/1/2023,
4105,SYNTHETIC COMPANY 01104,SYNTHETIC SITE 01104,,1 Example Way,Nowhere,ZZ,00000,3115,SYNTHETIC INDUSTRY,19,39262,2,0,0,0,0,0,0,0,0,0,0,0,0,101104,1,2,2022,1/1/2023,
4106,SYNTHETIC COMPANY 01105,SYNTHETIC SITE 01105,,1 Example Way,Nowhere,ZZ,00000,6221,SYNTHETIC INDUSTRY,69,100536,1,0,0,0,1,0,0,1,0,0,0,0,0,101105,1,2,2022,1/1/2023,
4107,SYNTHETIC COMPANY 01106,SYNTHETIC SITE 01106,,1 Example Way,Nowhere,ZZ,00000,3328,SYNTHETIC INDUSTRY,75,127690,1,0,0,0,2,0,0,2,0,0,0,0,0,101106,1,2,2022,1/1/2023,
4108,SYNTHETIC COMPANY 01107,SYNTHETIC SITE 01107,,1 Example Way,Nowhere,ZZ,00000,3252,SYNTHETIC INDUSTRY,5,9609,1,0,1,0,0,7,0,1,0,0,0,0,0,101107,1,2,2022,1/1/2023,
4109,SYNTHETIC COMPANY 01108,SYNTHETIC SITE 01108,,1 Example Way,Nowhere,ZZ,00000,3252,SYNTHETIC INDUSTRY,10,18029,2,0,0,0,0,0,0,0,0,0,0,0,0,101108,1,2,2022,1/1/2023,
4110,SYNTHETIC COMPANY 01109,SYNTHETIC SITE 01109,,1 Example Way,Nowhere,ZZ,00000,4451,SYNTHETIC INDUSTRY,89,184167,1,0,2,1,0,14,4,3,0,0,0,0,0,101109,1,2,2022,1/1/2023,
4111,SYNTHETIC COMPANY 01110,SYNTHETIC SITE 01110,,1 Example Way,Nowhere,ZZ,00000,3328,SYNTHETIC INDUSTRY,57,99987,1,0,0,3,0,0,12,3,0,0,0,0,0,101110,1,2,2022,1/1/2023,
4112,SYNTHETIC COMPANY 01111,SYNTHETIC SITE 01111,,1 Example Way,Nowhere,ZZ,00000,3251,SYNTHETIC INDUSTRY,26,54457,2,0,0,0,0,0,0,0,0,0,0,0,0,101111,1,2,2022,1/1/2023,
4113,SYNTHETIC COMPANY 01112,SYNTHETIC SITE 01112,,1 Example Way,Nowhere,ZZ,00000,4451,SYNTHETIC INDUSTRY,18,30175,1,0,1,0,0,7,0,1,0,0,0,0,0,101112,1,2,2022,1/1/2023,
4114,SYNTHETIC COMPANY 01113,SYNTHETIC SITE 01113,,1 Example Way,Nowhere,ZZ,00000,4451,SYNTHETIC INDUSTRY,107,189335,1,0,8,4,7,56,16,19,0,0,0,0,0,101113,1,2,2022,1/1/2023,
4115,SYNTHETIC COMPANY 01114,SYNTHETIC SITE 01114,,1 Example Way,Nowhere,ZZ,00000,4451,SYNTHETIC INDUSTRY,24,51250,1,0,1,0,1,7,0,2,0,0,0,0,0,101114,1,2,2022,1/1/2023,
4116,SYNTHETIC COMPANY 01115,SYNTHETIC SITE 01115,,1 Example Way,Nowhere,ZZ,00000,3251,SYNTHETIC INDUSTRY,51,84813,2,0,0,0,0,0,0,0,0,0,0,0,0,101115,1,2,2022,1/1/2023,
4117,SYNTHETIC COMPANY 01116,SYNTHETIC SITE 01116,,1 Example Way,Nowhere,ZZ,00000,4451,SYNTHETIC INDUSTRY,57,1002370,2,0,0,0,0,0,0,0,0,0,0,0,0,101116,1,2,2022,1/1/2023,
4118,SYNTHETIC COMPANY 01117,SYNTHETIC SITE 01117,,1 Example Way,Nowhere,ZZ,00000,3328,SYNTHETIC INDUSTRY,70,140542,2,0,0,0,0,0,0,0,0,0,0,0,0,101117,1,2,2022,1/1/2023,
4119,SYNTHETIC COMPANY 01118,SYNTHETIC SITE 01118,,1 Example Way,Nowhere,ZZ,00000,3115,SYNTHETIC INDUSTRY,207,389367,1,0,8,2,10,56,8,20,0,0,0,0,0,101118,1,2,2022,1/1/2023,
4120,SYNTHETIC COMPANY 01119,SYNTHETIC SITE 01119,,1 Example Way,Nowhere,ZZ,00000,3252,SYNTHETIC INDUSTRY,12,22983,2,0,0,0,0,0,0,0,0,0,0,0,0,101119,1,2,2022,1/1/2023,
4121,SYNTHETIC COMPANY 01120,SYNTHETIC SITE 01120,,1 Example Way,Nowhere,ZZ,00000,2361,SYNTHETIC INDUSTRY,16,24791,2,0,0,0,0,0,0,0,0,0,0,0,0,101120,1,2,2022,1/1/2023,
4122,SYNTHETIC COMPANY 01121,SYNTHETIC SITE 01121,,1 Example Way,Nowhere,ZZ,00000,2361,SYNTHETIC INDUSTRY,34,49553,2,0,0,0,0,0,0,0,0,0,0,0,0,101121,1,2,2022,1/1/2023,
4123,SYNTHETIC COMPANY 01122,SYNTHETIC SITE 01122,,1 Example Way,Nowhere,ZZ,00000,3328,SYNTHETIC INDUSTRY,69,108553,1,0,0,0,2,0,0,2,0,0,0,0,0,101122,1,2,2022,1/1/2023,
4124,SYNTHETIC COMPANY 01123,SYNTHETIC SITE 01123,,1 Example Way,Nowhere,ZZ,00000,3328,SYNTHETIC INDUSTRY,25,40966,2,0,0,0,0,0,0,0,0,0,0,0,0,101123,1,2,2022,1/1/2023,
4125,SYNTHETIC COMPANY 01124,SYNTHETIC SITE 01124,,1 Example Way,Nowhere,ZZ,00000,6221,SYNTHETIC INDUSTRY,28,57463,2,0,0,0,0,0,0,0,0,0,0,0,0,101124,1,2,2022,1/1/2023,
4126,SYNTHETIC COMPANY 01125,SYNTHETIC SITE 01125,,1 Example Way,Nowhere,ZZ,00000,4841,SYNTHETIC INDUSTRY,179,396127,1,0,6,2,3,42,8,11,0,0,0,0,0,101125,1,2,2022,1/1/2023,
4127,SYNTHETIC COMPANY 01126,SYNTHETIC SITE 01126,,1 Example Way,Nowhere,ZZ,00000,2361,SYNTHETIC INDUSTRY,161,288268,1,0,1,1,0,7,4,2,0,0,0,0,0,101126,1,2,2022,1/1/2023,
4128,SYNTHETIC COMPANY 01127,SYNTHETIC SITE 01127,,1 Example Way,Nowhere,ZZ,00000,4451,SYNTHETIC INDUSTRY,42,72513,2,0,0,0,0,0,0,0,0,0,0,0,0,101127,1,2,2022,1/1/2023,
4129,SYNTHETIC COMPANY 01128,SYNTHETIC SITE 01128,,1 Example Way,Nowhere,ZZ,00000,3251,SYNTHETIC INDUSTRY,5,10503,1,0,0,1,0,0,4,1,0,0,0,0,0,101128,1,2,2022,1/1/2023,
4130,SYNTHETIC COMPANY 01129,SYNTHETIC SITE 01129,,1 Example Way,Nowhere,ZZ,00000,3328,SYNTHETIC INDUSTRY,120,240088,1,0,2,1,0,14,4,3,0,0,0,0,0,101129,1,2,2022,1/1/2023,
4131,SYNTHETIC COMPANY 01130,SYNTHETIC SITE 01130,,1 Example Way,Nowhere,ZZ,00000,3328,SYNTHETIC INDUSTRY,209,423160,2,0,0,0,0,0,0,0,0,0,0,0,0,101130,1,2,2022,1/1/2023,
4132,SYNTHETIC COMPANY 01131,SYNTHETIC SITE 01131,,1 Example Way,Nowhere,ZZ,00000,3252,SYNTHETIC INDUSTRY,32,60563,1,0,0,1,0,0,4,1,0,0,0,0,0,101131,1,2,2022,1/1/2023,
4133,SYNTHETIC COMPANY 01132,SYNTHETIC SITE 01132,,1 Example Way,Nowhere,ZZ,00000,6221,SYNTHETIC INDUSTRY,44,77524,2,0,0,0,0,0,0,0,0,0,0,0,0,101132,1,2,2022,1/1/2023,
4134,SYNTHETIC COMPANY 01133,SYNTHETIC SITE 01133,,1 Example Way,Nowhere,ZZ,00000,3328,SYNTHETIC INDUSTRY,11,19982,2,0,0,0,0,0,0,0,0,0,0,0,0,101133,1,2,2022,1/1/2023,
4135,SYNTHETIC COMPANY 01134,SYNTHETIC SITE 01134,,1 Example Way,Nowhere,ZZ,00000,3252,SYNTHETIC INDUSTRY,247,450540,1,0,2,3,4,14,12,9,0,0,0,0,0,101134,1,2,2022,1/1/2023,
4136,SYNTHETIC COMPANY 01135,SYNTHETIC SITE 01135,,1 Example Way,Nowhere,ZZ,00000,3115,SYNTHETIC INDUSTRY,636,1294893,1,0,21,16,32,147,64,69,0,0,0,0,0,101135,1,2,2022,1/1/2023,
4137,SYNTHETIC COMPANY 01136,SYNTHETIC SITE 01136,,1 Example Way,Nowhere,ZZ,00000,4841,SYNTHETIC INDUSTRY,146,221663,2,0,0,0,0,0,0,0,0,0,0,0,0,101136,1,2,2022,1/1/2023,
4138,SYNTHETIC COMPANY 01137,SYNTHETIC SITE 01137,,1 Example Way,Nowhere,ZZ,00000,3328,SYNTHETIC INDUSTRY,154,295831,1,0,0,1,1,0,4,2,0,0,0,0,0,101137,1,2,2022,1/1/2023,
4139,SYNTHETIC COMPANY 01138,SYNTHETIC SITE 01138,,1 Example Way,Nowhere,ZZ,00000,4841,SYNTHETIC INDUSTRY,13,20243,1,0,0,1,2,0,4,3,0,0,0,0,0,101138,1,2,2022,1/1/2023,
4140,SYNTHETIC COMPANY 01139,SYNTHETIC SITE 01139,,1 Example Way,Nowhere,ZZ,00000,3251,SYNTHETIC INDUSTRY,7,13383,1,0,0,2,0,0,8,2,0,0,0,0,0,101139,1,2,2022,1/1/2023,
4141,SYNTHETIC COMPANY 01140,SYNTHETIC SITE 01140,,1 Example Way,Nowhere,ZZ,00000,3252,SYNTHETIC INDUSTRY,112,148851,1,0,6,3,6,42,12,15,0,0,0,0,0,101140,1,2,2022,1/1/2023,
4142,SYNTHETIC COMPANY 01141,SYNTHETIC SITE 01141,,1 Example Way,Nowhere,ZZ,00000,4451,SYNTHETIC INDUSTRY,134,280651,1,0,0,0,2,0,0,2,0,0,0,0,0,101141,1,2,2022,1/1/2023,
4143,SYNTHETIC COMPANY 01142,SYNTHETIC SITE 01142,,1 Example Way,Nowhere,ZZ,00000,4841,SYNTHETIC INDUSTRY,107,167440,1,0,1,1,1,7,4,3,0,0,0,0,0,101142,1,2,2022,1/1/2023,
4144,SYNTHETIC COMPANY 01143,SYNTHETIC SITE 01143,,1 Example Way,Nowhere,ZZ,00000,3328,SYNTHETIC INDUSTRY,58,102007,1,0,0,1,1,0,4,2,0,0,0,0,0,101143,1,2,2022,1/1/2023,
4145,SYNTHETIC COMPANY 01144,SYNTHETIC SITE 01144,,1 Example Way,Nowhere,ZZ,00000,4451,SYNTHETIC INDUSTRY,48,115990,2,0,0,0,0,0,0,0,0,0,0,0,0,101144,1,2,2022,1/1/2023,
4146,SYNTHETIC COMPANY 01145,SYNTHETIC SITE 01145,,1 Example Way,Nowhere,ZZ,00000,3251,SYNTHETIC INDUSTRY,58,95225,1,0,2,1,1,14,4,4,0,0,0,0,0,101145,1,2,2022,1/1/2023,
4147,SYNTHETIC COMPANY 01146,SYNTHETIC SITE 01146,,1 Example Way,Nowhere,ZZ,00000,3252,SYNTHETIC INDUSTRY,24,49296,1,0,0,0,1,0,0,1,0,0,0,0,0,101146,1,2,2022,1/1/2023,
4148,SYNTHETIC COMPANY 01147,SYNTHETIC SITE 01147,,1 Example Way,Nowhere,ZZ,00000,3328,SYNTHETIC INDUSTRY,20,36589,1,0,1,0,0,7,0,1,0,0,0,0,0,101147,1,2,2022,1/1/2023,
4149,SYNTHETIC COMPANY 01148,SYNTHETIC SITE 01148,,1 Example Way,Nowhere,ZZ,00000,3328,SYNTHETIC INDUSTRY,90,162133,1,0,2,0,2,14,0,4,0,0,0,0,0,101148,1,2,2022,1/1/2023,
4150,SYNTHETIC COMPANY 01149,SYNTHETIC SITE 01149,,1 Example Way,Nowhere,ZZ,00000,4841,SYNTHETIC INDUSTRY,68,154749,2,0,0,0,0,0,0,0,0,0,0,0,0,101149,1,2,2022,1/1/2023,
4151,SYNTHETIC COMPANY 01150,SYNTHETIC SITE 01150,,1 Example Way,Nowhere,ZZ,00000,3328,SYNTHETIC INDUSTRY,261,561210,2,0,0,0,0,0,0,0,0,0,0,0,0,101150,1,2,2022,1/1/2023,
4152,SYNTHETIC COMPANY 01151,SYNTHETIC SITE 01151,,1 Example Way,Nowhere,ZZ,00000,4841,SYNTHETIC INDUSTRY,4,8442,1,0,0,1,0,0,4,1,0,0,0,0,0,101151,1,2,2022,1/1/2023,
4153,SYNTHETIC COMPANY 01152,SYNTHETIC SITE 01152,,1 Example Way,Nowhere,ZZ,00000,2361,SYNTHETIC INDUSTRY,130,237429,1,0,9,9,10,63,36,28,0,0,0,0,0,101152,1,2,2022,1/1/2023,
4154,SYNTHETIC COMPANY 01153,SYNTHETIC SITE 01153,,1 Example Way,Nowhere,ZZ,00000,4451,SYNTHETIC INDUSTRY,55,91693,2,0,0,0,0,0,0,0,0,0,0,0,0,101153,1,2,2022,1/1/2023,
4155,SYNTHETIC COMPANY 01154,SYNTHETIC SITE 01154,,1 Example Way,Nowhere,ZZ,00000,3252,SYNTHETIC INDUSTRY,60,99471,1,0,0,0,1,0,0,1,0,0,0,0,0,101154,1,2,2022,1/1/2023,
4156,SYNTHETIC COMPANY 01155,SYNTHETIC SITE 01155,,1 Example Way,Nowhere,ZZ,00000,6221,SYNTHETIC INDUSTRY,27,45503,2,0,0,0,0,0,0,0,0,0,0,0,0,101155,1,2,2022,1/1/2023,
4157,SYNTHETIC COMPANY 01156,SYNTHETIC SITE 01156,,1 Example Way,Nowhere,ZZ,00000,3115,SYNTHETIC INDUSTRY,7,15724,2,0,0,0,0,0,0,0,0,0,0,0,0,101156,1,2,2022,1/1/2023,
4158,SYNTHETIC COMPANY 01157,SYNTHETIC SITE 01157,,1 Example Way,Nowhere,ZZ,00000,6221,SYNTHETIC INDUSTRY,35,52892,2,0,0,0,0,0,0,0,0,0,0,0,0,101157,1,2,2022,1/1/2023,
4159,SYNTHETIC COMPANY 01158,SYNTHETIC SITE 01158,,1 Example Way,Nowhere,ZZ,00000,3328,SYNTHETIC INDUSTRY,533,1205320,1,0,49,23,51,343,92,123,0,0,0,0,0,101158,1,2,2022,1/1/2023,
4160,SYNTHETIC COMPANY 01159,SYNTHETIC SITE 01159,,1 Example Way,Nowhere,ZZ,00000,6221,SYNTHETIC INDUSTRY,57,105984,2,0,0,0,0,0,0,0,0,0,0,0,0,101159,1,2,2022,1/1/2023,
4161,SYNTHETIC COMPANY 01160,SYNTHETIC SITE 01160,,1 Example Way,Nowhere,ZZ,00000,4451,SYNTHETIC INDUSTRY,23,40759,1,0,0,0,1,0,0,1,0,0,0,0,0,101160,1,2,2022,1/1/2023,
4162,SYNTHETIC COMPANY 01161,SYNTHETIC SITE 01161,,1 Example Way,Nowhere,ZZ,00000,4841,SYNTHETIC INDUSTRY,63,156433,1,0,0,1,1,0,4,2,0,0,0,0,0,101161,1,2,2022,1/1/2023,
4163,SYNTHETIC COMPANY 01162,SYNTHETIC SITE 01162,,1 Example Way,Nowhere,ZZ,00000,3252,SYNTHETIC INDUSTRY,56,98351,1,0,0,0,1,0,0,1,0,0,0,0,0,101162,1,2,2022,1/1/2023,
4164,SYNTHETIC COMPANY 01163,SYNTHETIC SITE 01163,,1 Example Way,Nowhere,ZZ,00000,3252,SYNTHETIC INDUSTRY,44,83132,1,0,1,0,0,7,0,1,0,0,0,0,0,101163,1,2,2022,1/1/2023,
4165,SYNTHETIC COMPANY 01164,SYNTHETIC SITE 01164,,1 Example Way,Nowhere,ZZ,00000,3251,SYNTHETIC INDUSTRY,120,236503,1,0,4,5,2,28,20,11,0,0,0,0,0,101164,1,2,2022,1/1/2023,
4166,SYNTHETIC COMPANY 01165,SYNTHETIC SITE 01165,,1 Example Way,Nowhere,ZZ,00000,4451,SYNTHETIC INDUSTRY,137,286592,1,0,3,3,7,21,12,13,0,0,0,0,0,101165,1,2,2022,1/1/2023,
4167,SYNTHETIC COMPANY 01166,SYNTHETIC SITE 01166,,1 Example Way,Nowhere,ZZ,00000,3251,SYNTHETIC INDUSTRY,31,52101,1,0,1,0,0,7,0,1,0,0,0,0,0,101166,1,2,2022,1/1/2023,
4168,SYNTHETIC COMPANY 01167,SYNTHETIC SITE 01167,,1 Example Way,Nowhere,ZZ,00000,2361,SYNTHETIC INDUSTRY,78,140231,1,0,1,0,1,7,0,2,0,0,0,0,0,101167,1,2,2022,1/1/2023,
4169,SYNTHETIC COMPANY 01168,SYNTHETIC SITE 01168,,1 Example Way,Nowhere,ZZ,00000,3328,SYNTHETIC INDUSTRY,511,951495,2,0,0,0,0,0,0,0,0,0,0,0,0,101168,1,2,2022,1/1/2023,
4170,SYNTHETIC COMPANY 01169,SYNTHETIC SITE 01169,,1 Example Way,Nowhere,ZZ,00000,4841,SYNTHETIC INDUSTRY,42,52682,1,0,0,0,1,0,0,1,0,0,0,0,0,101169,1,2,2022,1/1/2023,
4171,SYNTHETIC COMPANY 01170,SYNTHETIC SITE 01170,,1 Example Way,Nowhere,ZZ,00000,3115,SYNTHETIC INDUSTRY,110,188664,2,0,0,0,0,0,0,0,0,0,0,0,0,101170,1,2,2022,1/1/2023,
4172,SYNTHETIC COMPANY 01171,SYNTHETIC SITE 01171,,1 Example Way,Nowhere,ZZ,00000,2361,SYNTHETIC INDUSTRY,165,254824,1,0,0,0,1,0,0,1,0,0,0,0,0,101171,1,2,2022,1/1/2023,
4173,SYNTHETIC COMPANY 01172,SYNTHETIC SITE 01172,,1 Example Way,Nowhere,ZZ,00000,3252,SYNTHETIC INDUSTRY,100,197219,2,0,0,0,0,0,0,0,0,0,0,0,0,101172,1,2,2022,1/1/2023,
4174,SYNTHETIC COMPANY 01173,SYNTHETIC SITE 01173,,1 Example Way,Nowhere,ZZ,00000,2361,SYNTHETIC INDUSTRY,24,47906,1,0,1,0,0,7,0,1,0,0,0,0,0,101173,1,2,2022,1/1/2023,
4175,SYNTHETIC COMPANY 01174,SYNTHETIC SITE 01174,,1 Example Way,Nowhere,ZZ,00000,4841,SYNTHETIC INDUSTRY,22,37839,2,0,0,0,0,0,0,0,0,0,0,0,0,101174,1,2,2022,1/1/2023,
4176,SYNTHETIC COMPANY 01175,SYNTHETIC SITE 01175,,1 Example Way,Nowhere,ZZ,00000,4841,SYNTHETIC INDUSTRY,21,40008,2,0,0,0,0,0,0,0,0,0,0,0,0,101175,1,2,2022,1/1/2023,
4177,SYNTHETIC COMPANY 01176,SYNTHETIC SITE 01176,,1 Example Way,Nowhere,ZZ,00000,3328,SYNTHETIC INDUSTRY,18,32333,2,0,0,0,0,0,0,0,0,0,0,0,0,101176,1,2,2022,1/1/2023,
4178,SYNTHETIC COMPANY 01177,SYNTHETIC SITE 01177,,1 Example Way,Nowhere,ZZ,00000,2361,SYNTHETIC INDUSTRY,45,74826,2,0,0,0,0,0,0,0,0,0,0,0,0,101177,1,2,2022,1/1/2023,
4179,SYNTHETIC COMPANY 01178,SYNTHETIC SITE 01178,,1 Example Way,Nowhere,ZZ,00000,2361,SYNTHETIC INDUSTRY,33,56423,2,0,0,0,0,0,0,0,0,0,0,0,0,101178,1,2,2022,1/1/2023,
4180,SYNTHETIC COMPANY 01179,SYNTHETIC SITE 01179,,1 Example Way,Nowhere,ZZ,00000,6221,SYNTHETIC INDUSTRY,37,87801000,1,0,0,0,1,0,0,1,0,0,0,0,0,101179,1,2,2022,1/1/2023,
4181,SYNTHETIC COMPANY 01180,SYNTHETIC SITE 01180,,1 Example Way,Nowhere,ZZ,00000,3115,SYNTHETIC INDUSTRY,78,123476,2,0,0,0,0,0,0,0,0,0,0,0,0,101180,1,2,2022,1/1/2023,
4182,SYNTHETIC COMPANY 01181,SYNTHETIC SITE 01181,,1 Example Way,Nowhere,ZZ,00000,3251,SYNTHETIC INDUSTRY,18,32204,1,0,1,1,0,7,4,2,0,0,0,0,0,101181,1,2,2022,1/1/2023,
4183,SYNTHETIC COMPANY 01182,SYNTHETIC SITE 01182,,1 Example Way,Nowhere,ZZ,00000,4451,SYNTHETIC INDUSTRY,20,38055,2,0,0,0,0,0,0,0,0,0,0,0,0,101182,1,2,2022,1/1/2023,
4184,SYNTHETIC COMPANY 01183,SYNTHETIC SITE 01183,,1 Example Way,Nowhere,ZZ,00000,3252,SYNTHETIC INDUSTRY,86,184956,1,0,2,1,0,14,4,3,0,0,0,0,0,101183,1,2,2022,1/1/2023,
4185,SYNTHETIC COMPANY 01184,SYNTHETIC SITE 01184,,1 Example Way,Nowhere,ZZ,00000,3251,SYNTHETIC INDUSTRY,213,334602,2,0,0,0,0,0,0,0,0,0,0,0,0,101184,1,2,2022,1/1/2023,
4186,SYNTHETIC COMPANY 01185,SYNTHETIC SITE 01185,,1 Example Way,Nowhere,ZZ,00000,4841,SYNTHETIC INDUSTRY,2,4366,2,0,0,0,0,0,0,0,0,0,0,0,0,101185,1,2,2022,1/1/2023,
4187,SYNTHETIC COMPANY 01186,SYNTHETIC SITE 01186,,1 Example Way,Nowhere,ZZ,00000,3328,SYNTHETIC INDUSTRY,105,123000,1,0,1,0,0,7,0,1,0,0,0,0,0,101186,1,2,2022,1/1/2023,
4188,SYNTHETIC COMPANY 01187,SYNTHETIC SITE 01187,,1 Example Way,Nowhere,ZZ,00000,3252,SYNTHETIC INDUSTRY,204,314591,1,0,2,1,2,14,4,5,0,0,0,0,0,101187,1,2,2022,1/1/2023,
4189,SYNTHETIC COMPANY 01188,SYNTHETIC SITE 01188,,1 Example Way,Nowhere,ZZ,00000,4451,SYNTHETIC INDUSTRY,45,9050800000,1,0,1,0,1,7,0,2,0,0,0,0,0,101188,1,2,2022,1/1/2023,
4190,SYNTHETIC COMPANY 01189,SYNTHETIC SITE 01189,,1 Example Way,Nowhere,ZZ,00000,2361,SYNTHETIC INDUSTRY,154,256533,2,0,0,0,0,0,0,0,0,0,0,0,0,101189,1,2,2022,1/1/2023,
4191,SYNTHETIC COMPANY 01190,SYNTHETIC SITE 01190,,1 Example Way,Nowhere,ZZ,00000,4451,SYNTHETIC INDUSTRY,216,335157,1,0,1,1,1,7,4,3,0,0,0,0,0,101190,1,2,2022,1/1/2023,
4192,SYNTHETIC COMPANY 01191,SYNTHETIC SITE 01191,,1 Example Way,Nowhere,ZZ,00000,3251,SYNTHETIC INDUSTRY,68,94296,1,0,2,0,0,14,0,2,0,0,0,0,0,101191,1,2,2022,1/1/2023,
4193,SYNTHETIC COMPANY 01192,SYNTHETIC SITE 01192,,1 Example Way,Nowhere,ZZ,00000,3328,SYNTHETIC INDUSTRY,31,60370,2,0,0,0,0,0,0,0,0,0,0,0,0,101192,1,2,2022,1/1/2023,
4194,SYNTHETIC COMPANY 01193,SYNTHETIC SITE 01193,,1 Example Way,Nowhere,ZZ,00000,6221,SYNTHETIC INDUSTRY,14,29945,1,0,1,0,0,7,0,1,0,0,0,0,0,101193,1,2,2022,1/1/2023,
4195,SYNTHETIC COMPANY 01194,SYNTHETIC SITE 01194,,1 Example Way,Nowhere,ZZ,00000,3115,SYNTHETIC INDUSTRY,92,167678,1,0,0,1,1,0,4,2,0,0,0,0,0,101194,1,2,2022,1/1/2023,
4196,SYNTHETIC COMPANY 01195,SYNTHETIC SITE 01195,,1 Example Way,Nowhere,ZZ,00000,6221,SYNTHETIC INDUSTRY,114,136361,1,0,1,1,1,7,4,3,0,0,0,0,0,101195,1,2,2022,1/1/2023,
4197,SYNTHETIC COMPANY 01196,SYNTHETIC SITE 01196,,1 Example Way,Nowhere,ZZ,00000,2361,SYNTHETIC INDUSTRY,9,20283,2,0,0,0,0,0,0,0,0,0,0,0,0,101196,1,2,2022,1/1/2023,
4198,SYNTHETIC COMPANY 01197,SYNTHETIC SITE 01197,,1 Example Way,Nowhere,ZZ,00000,3115,SYNTHETIC INDUSTRY,14,26441,2,0,0,0,0,0,0,0,0,0,0,0,0,101197,1,2,2022,1/1/2023,
4199,SYNTHETIC COMPANY 01198,SYNTHETIC SITE 01198,,1 Example Way,Nowhere,ZZ,00000,3252,SYNTHETIC INDUSTRY,36,71172,1,0,0,0,2,0,0,2,0,0,0,0,0,101198,1,2,2022,1/1/2023,
4200,SYNTHETIC COMPANY 01199,SYNTHETIC SITE 01199,,1 Example Way,Nowhere,ZZ,00000,4451,SYNTHETIC INDUSTRY,48,101136,2,0,0,0,0,0,0,0,0,0,0,0,0,101199,1,2,2022,1/1/2023,
4201,SYNTHETIC COMPANY 01200,SYNTHETIC SITE 01200,,1 Example Way,Nowhere,ZZ,00000,6221,SYNTHETIC INDUSTRY,17,29691,2,0,0,0,0,0,0,0,0,0,0,0,0,101200,1,2,2022,1/1/2023,
4202,SYNTHETIC COMPANY 01201,SYNTHETIC SITE 01201,,1 Example Way,Nowhere,ZZ,00000,6221,SYNTHETIC INDUSTRY,53,91278,1,0,2,0,2,14,0,4,0,0,0,0,0,101201,1,2,2022,1/1/2023,
4203,SYNTHETIC COMPANY 01202,SYNTHETIC SITE 01202,,1 Example Way,Nowhere,ZZ,00000,3115,SYNTHETIC INDUSTRY,218,439037,1,0,15,20,24,105,80,59,0,0,0,0,0,101202,1,2,2022,1/1/2023,
4204,SYNTHETIC COMPANY 01203,SYNTHETIC SITE 01203,,1 Example Way,Nowhere,ZZ,00000,3328,SYNTHETIC INDUSTRY,18,33417,2,0,0,0,0,0,0,0,0,0,0,0,0,101203,1,2,2022,1/1/2023,
4205,SYNTHETIC COMPANY 01204,SYNTHETIC SITE 01204,,1 Example Way,Nowhere,ZZ,00000,3252,SYNTHETIC INDUSTRY,94,180768,1,0,1,2,6,7,8,9,0,0,0,0,0,101204,1,2,2022,1/1/2023,
4206,SYNTHETIC COMPANY 01205,SYNTHETIC SITE 01205,,1 Example Way,Nowhere,ZZ,00000,3252,SYNTHETIC INDUSTRY,56,82468,2,0,0,0,0,0,0,0,0,0,0,0,0,101205,1,2,2022,1/1/2023,
4207,SYNTHETIC COMPANY 01206,SYNTHETIC SITE 01206,,1 Example Way,Nowhere,ZZ,00000,3251,SYNTHETIC INDUSTRY,17,31689,1,0,0,0,1,0,0,1,0,0,0,0,0,101206,1,2,2022,1/1/2023,
4208,SYNTHETIC COMPANY 01207,SYNTHETIC SITE 01207,,1 Example Way,Nowhere,ZZ,00000,4451,SYNTHETIC INDUSTRY,307,565385,2,0,0,0,0,0,0,0,0,0,0,0,0,101207,1,2,2022,1/1/2023,
4209,SYNTHETIC COMPANY 01208,SYNTHETIC SITE 01208,,1 Example Way,Nowhere,ZZ,00000,3252,SYNTHETIC INDUSTRY,53,82654,2,0,0,0,0,0,0,0,0,0,0,0,0,101208,1,2,2022,1/1/2023,
4210,SYNTHETIC COMPANY 01209,SYNTHETIC SITE 01209,,1 Example Way,Nowhere,ZZ,00000,3252,SYNTHETIC INDUSTRY,43,62513,1,0,0,0,1,0,0,1,0,0,0,0,0,101209,1,2,2022,1/1/2023,
4211,SYNTHETIC COMPANY 01210,SYNTHETIC SITE 01210,,1 Example Way,Nowhere,ZZ,00000,3251,SYNTHETIC INDUSTRY,386,713383,1,0,1,0,0,7,0,1,0,0,0,0,0,101210,1,2,2022,1/1/2023,
4212,SYNTHETIC COMPANY 01211,SYNTHETIC SITE 01211,,1 Example Way,Nowhere,ZZ,00000,4841,SYNTHETIC INDUSTRY,24,38061,2,0,0,0,0,0,0,0,0,0,0,0,0,101211,1,2,2022,1/1/2023,
4213,SYNTHETIC COMPANY 01212,SYNTHETIC SITE 01212,,1 Example Way,Nowhere,ZZ,00000,3252,SYNTHETIC INDUSTRY,25,41493,2,0,0,0,0,0,0,0,0,0,0,0,0,101212,1,2,2022,1/1/2023,
4214,SYNTHETIC COMPANY 01213,SYNTHETIC SITE 01213,,1 Example Way,Nowhere,ZZ,00000,4841,SYNTHETIC INDUSTRY,128,222092,2,0,0,0,0,0,0,0,0,0,0,0,0,101213,1,2,2022,1/1/2023,
4215,SYNTHETIC COMPANY 01214,SYNTHETIC SITE 01214,,1 Example Way,Nowhere,ZZ,00000,2361,SYNTHETIC INDUSTRY,20,31972,2,0,0,0,0,0,0,0,0,0,0,0,0,101214,1,2,2022,1/1/2023,
4216,SYNTHETIC COMPANY 01215,SYNTHETIC SITE 01215,,1 Example Way,Nowhere,ZZ,00000,3328,SYNTHETIC INDUSTRY,12,16933,2,0,0,0,0,0,0,0,0,0,0,0,0,101215,1,2,2022,1/1/2023,
4217,SYNTHETIC COMPANY 01216,SYNTHETIC SITE 01216,,1 Example Way,Nowhere,ZZ,00000,2361,SYNTHETIC INDUSTRY,14,26348,1,0,1,0,0,7,0,1,0,0,0,0,0,101216,1,2,2022,1/1/2023,
4218,SYNTHETIC COMPANY 01217,SYNTHETIC SITE 01217,,1 Example Way,Nowhere,ZZ,00000,4451,SYNTHETIC INDUSTRY,10,16449,2,0,0,0,0,0,0,0,0,0,0,0,0,101217,1,2,2022,1/1/2023,
4219,SYNTHETIC COMPANY 01218,SYNTHETIC SITE 01218,,1 Example Way,Nowhere,ZZ,00000,3252,SYNTHETIC INDUSTRY,11,19940,2,0,0,0,0,0,0,0,0,0,0,0,0,101218,1,2,2022,1/1/2023,
4220,SYNTHETIC COMPANY 01219,SYNTHETIC SITE 01219,,1 Example Way,Nowhere,ZZ,00000,3251,SYNTHETIC INDUSTRY,42,71331,2,0,0,0,0,0,0,0,0,0,0,0,0,101219,1,2,2022,1/1/2023,
4221,SYNTHETIC COMPANY 01220,SYNTHETIC SITE 01220,,1 Example Way,Nowhere,ZZ,00000,2361,SYNTHETIC INDUSTRY,155,325588,2,0,0,0,0,0,0,0,0,0,0,0,0,101220,1,2,2022,1/1/2023,
4222,SYNTHETIC COMPANY 01221,SYNTHETIC SITE 01221,,1 Example Way,Nowhere,ZZ,00000,3251,SYNTHETIC INDUSTRY,593,997895,2,0,0,0,0,0,0,0,0,0,0,0,0,101221,1,2,2022,1/1/2023,
4223,SYNTHETIC COMPANY 01222,SYNTHETIC SITE 01222,,1 Example Way,Nowhere,ZZ,00000,4841,SYNTHETIC INDUSTRY,146,275671,1,0,1,1,1,7,4,3,0,0,0,0,0,101222,1,2,2022,1/1/2023,
4224,SYNTHETIC COMPANY 01223,SYNTHETIC SITE 01223,,1 Example Way,Nowhere,ZZ,00000,3252,SYNTHETIC INDUSTRY,29,49865,1,0,1,0,2,7,0,3,0,0,0,0,0,101223,1,2,2022,1/1/2023,
4225,SYNTHETIC COMPANY 01224,SYNTHETIC SITE 01224,,1 Example Way,Nowhere,ZZ,00000,2361,SYNTHETIC INDUSTRY,217,404269,1,0,1,1,2,7,4,4,0,0,0,0,0,101224,1,2,2022,1/1/2023,
4226,SYNTHETIC COMPANY 01225,SYNTHETIC SITE 01225,,1 Example Way,Nowhere,ZZ,00000,3251,SYNTHETIC INDUSTRY,21,37686,2,0,0,0,0,0,0,0,0,0,0,0,0,101225,1,2,2022,1/1/2023,
4227,SYNTHETIC COMPANY 01226,SYNTHETIC SITE 01226,,1 Example Way,Nowhere,ZZ,00000,6221,SYNTHETIC INDUSTRY,13,21026,2,0,0,0,0,0,0,0,0,0,0,0,0,101226,1,2,2022,1/1/2023,
4228,SYNTHETIC COMPANY 01227,SYNTHETIC SITE 01227,,1 Example Way,Nowhere,ZZ,00000,2361,SYNTHETIC INDUSTRY,174,252108,2,0,0,0,0,0,0,0,0,0,0,0,0,101227,1,2,2022,1/1/2023,
4229,SYNTHETIC COMPANY 01228,SYNTHETIC SITE 01228,,1 Example Way,Nowhere,ZZ,00000,3115,SYNTHETIC INDUSTRY,51,103044,1,0,3,0,1,21,0,4,0,0,0,0,0,101228,1,2,2022,1/1/2023,
4230,SYNTHETIC COMPANY 01229,SYNTHETIC SITE 01229,,1 Example Way,Nowhere,ZZ,00000,4451,SYNTHETIC INDUSTRY,41,65400,1,0,0,1,1,0,4,2,0,0,0,0,0,101229,1,2,2022,1/1/2023,
4231,SYNTHETIC COMPANY 01230,SYNTHETIC SITE 01230,,1 Example Way,Nowhere,ZZ,00000,2361,SYNTHETIC INDUSTRY,134,233718,1,0,3,1,1,21,4,5,0,0,0,0,0,101230,1,2,2022,1/1/2023,
4232,SYNTHETIC COMPANY 01231,SYNTHETIC SITE 01231,,1 Example Way,Nowhere,ZZ,00000,4451,SYNTHETIC INDUSTRY,29,67558,2,0,0,0,0,0,0,0,0,0,0,0,0,101231,1,2,2022,1/1/2023,
4233,SYNTHETIC COMPANY 01232,SYNTHETIC SITE 01232,,1 Example Way,Nowhere,ZZ,00000,4841,SYNTHETIC INDUSTRY,30,60424,2,0,0,0,0,0,0,0,0,0,0,0,0,101232,1,2,2022,1/1/2023,
4234,SYNTHETIC COMPANY 01233,SYNTHETIC SITE 01233,,1 Example Way,Nowhere,ZZ,00000,4841,SYNTHETIC INDUSTRY,30,55330,2,0,0,0,0,0,0,0,0,0,0,0,0,101233,1,2,2022,1/1/2023,
4235,SYNTHETIC COMPANY 01234,SYNTHETIC SITE 01234,,1 Example Way,Nowhere,ZZ,00000,3115,SYNTHETIC INDUSTRY,48,73242,1,0,1,1,0,7,4,2,0,0,0,0,0,101234,1,2,2022,1/1/2023,
4236,SYNTHETIC COMPANY 01235,SYNTHETIC SITE 01235,,1 Example Way,Nowhere,ZZ,00000,3328,SYNTHETIC INDUSTRY,47,99305,2,0,0,0,0,0,0,0,0,0,0,0,0,101235,1,2,2022,1/1/2023,
4237,SYNTHETIC COMPANY 01236,SYNTHETIC SITE 01236,,1 Example Way,Nowhere,ZZ,00000,4841,SYNTHETIC INDUSTRY,24,21646,2,0,0,0,0,0,0,0,0,0,0,0,0,101236,1,2,2022,1/1/2023,
4238,SYNTHETIC COMPANY 01237,SYNTHETIC SITE 01237,,1 Example Way,Nowhere,ZZ,00000,6221,SYNTHETIC INDUSTRY,6,921100000,2,0,0,0,0,0,0,0,0,0,0,0,0,101237,1,2,2022,1/1/2023,
4239,SYNTHETIC COMPANY 01238,SYNTHETIC SITE 01238,,1 Example Way,Nowhere,ZZ,00000,3252,SYNTHETIC INDUSTRY,22,37097,1,0,1,1,1,7,4,3,0,0,0,0,0,101238,1,2,2022,1/1/2023,
4240,SYNTHETIC COMPANY 01239,SYNTHETIC SITE 01239,,1 Example Way,Nowhere,ZZ,00000,4451,SYNTHETIC INDUSTRY,36,69895,1,0,1,1,0,7,4,2,0,0,0,0,0,101239,1,2,2022,1/1/2023,
4241,SYNTHETIC COMPANY 01240,SYNTHETIC SITE 01240,,1 Example Way,Nowhere,ZZ,00000,3252,SYNTHETIC INDUSTRY,181,313546,1,0,3,1,6,21,4,10,0,0,0,0,0,101240,1,2,2022,1/1/2023,
4242,SYNTHETIC COMPANY 01241,SYNTHETIC SITE 01241,,1 Example Way,Nowhere,ZZ,00000,4451,SYNTHETIC INDUSTRY,6,11559,2,0,0,0,0,0,0,0,0,0,0,0,0,101241,1,2,2022,1/1/2023,
4243,SYNTHETIC COMPANY 01242,SYNTHETIC SITE 01242,,1 Example Way,Nowhere,ZZ,00000,3328,SYNTHETIC INDUSTRY,42,80073,2,0,0,0,0,0,0,0,0,0,0,0,0,101242,1,2,2022,1/1/2023,
4244,SYNTHETIC COMPANY 01243,SYNTHETIC SITE 01243,,1 Example Way,Nowhere,ZZ,00000,3328,SYNTHETIC INDUSTRY,92,189186,1,0,3,1,7,21,4,11,0,0,0,0,0,101243,1,2,2022,1/1/2023,
4245,SYNTHETIC COMPANY 01244,SYNTHETIC SITE 01244,,1 Example Way,Nowhere,ZZ,00000,3115,SYNTHETIC INDUSTRY,22,47503,2,0,0,0,0,0,0,0,0,0,0,0,0,101244,1,2,2022,1/1/2023,
4246,SYNTHETIC COMPANY 01245,SYNTHETIC SITE 01245,,1 Example Way,Nowhere,ZZ,00000,3328,SYNTHETIC INDUSTRY,7,14464,1,0,1,0,0,7,0,1,0,0,0,0,0,101245,1,2,2022,1/1/2023,
4247,SYNTHETIC COMPANY 01246,SYNTHETIC SITE 01246,,1 Example Way,Nowhere,ZZ,00000,3115,SYNTHETIC INDUSTRY,86,210423,2,0,0,0,0,0,0,0,0,0,0,0,0,101246,1,2,2022,1/1/2023,
4248,SYNTHETIC COMPANY 01247,SYNTHETIC SITE 01247,,1 Example Way,Nowhere,ZZ,00000,3251,SYNTHETIC INDUSTRY,101,198168,1,0,1,1,4,7,4,6,0,0,0,0,0,101247,1,2,2022,1/1/2023,
4249,SYNTHETIC COMPANY 01248,SYNTHETIC SITE 01248,,1 Example Way,Nowhere,ZZ,00000,6221,SYNTHETIC INDUSTRY,118,187940,2,0,0,0,0,0,0,0,0,0,0,0,0,101248,1,2,2022,1/1/2023,
4250,SYNTHETIC COMPANY 01249,SYNTHETIC SITE 01249,,1 Example Way,Nowhere,ZZ,00000,3115,SYNTHETIC INDUSTRY,417,78606100000,1,0,0,0,1,0,0,1,0,0,0,0,0,101249,1,2,2022,1/1/2023,
4251,SYNTHETIC COMPANY 01250,SYNTHETIC SITE 01250,,1 Example Way,Nowhere,ZZ,00000,3328,SYNTHETIC INDUSTRY,92,176610,1,0,0,0,1,0,0,1,0,0,0,0,0,101250,1,2,2022,1/1/2023,
4252,SYNTHETIC COMPANY 01251,SYNTHETIC SITE 01251,,1 Example Way,Nowhere,ZZ,00000,2361,SYNTHETIC INDUSTRY,106,208776,1,0,1,0,0,7,0,1,0,0,0,0,0,101251,1,2,2022,1/1/2023,
4253,SYNTHETIC COMPANY 01252,SYNTHETIC SITE 01252,,1 Example Way,Nowhere,ZZ,00000,6221,SYNTHETIC INDUSTRY,14,26460,1,0,0,0,1,0,0,1,0,0,0,0,0,101252,1,2,2022,1/1/2023,
4254,SYNTHETIC COMPANY 01253,SYNTHETIC SITE 01253,,1 Example Way,Nowhere,ZZ,00000,3115,SYNTHETIC INDUSTRY,21,31922,2,0,0,0,0,0,0,0,0,0,0,0,0,101253,1,2,2022,1/1/2023,
4255,SYNTHETIC COMPANY 01254,SYNTHETIC SITE 01254,,1 Example Way,Nowhere,ZZ,00000,4841,SYNTHETIC INDUSTRY,80,152553,2,0,0,0,0,0,0,0,0,0,0,0,0,101254,1,2,2022,1/1/2023,
4256,SYNTHETIC COMPANY 01255,SYNTHETIC SITE 01255,,1 Example Way,Nowhere,ZZ,00000,3251,SYNTHETIC INDUSTRY,213,309931,1,0,7,2,2,49,8,11,0,0,0,0,0,101255,1,2,2022,1/1/2023,
4257,SYNTHETIC COMPANY 01256,SYNTHETIC SITE 01256,,1 Example Way,Nowhere,ZZ,00000,3251,SYNTHETIC INDUSTRY,805,1000640,1,0,8,7,12,56,28,27,0,0,0,0,0,101256,1,2,2022,1/1/2023,
4258,SYNTHETIC COMPANY 01257,SYNTHETIC SITE 01257,,1 Example Way,Nowhere,ZZ,00000,2361,SYNTHETIC INDUSTRY,116,170410,2,0,0,0,0,0,0,0,0,0,0,0,0,101257,1,2,2022,1/1/2023,
4259,SYNTHETIC COMPANY 01258,SYNTHETIC SITE 01258,,1 Example Way,Nowhere,ZZ,00000,4451,SYNTHETIC INDUSTRY,59,126373,1,0,2,1,4,14,4,7,0,0,0,0,0,101258,1,2,2022,1/1/2023,
4260,SYNTHETIC COMPANY 01259,SYNTHETIC SITE 01259,,1 Example Way,Nowhere,ZZ,00000,3115,SYNTHETIC INDUSTRY,22,43925,2,0,0,0,0,0,0,0,0,0,0,0,0,101259,1,2,2022,1/1/2023,
4261,SYNTHETIC COMPANY 01260,SYNTHETIC SITE 01260,,1 Example Way,Nowhere,ZZ,00000,3328,SYNTHETIC INDUSTRY,13,26472,2,0,0,0,0,0,0,0,0,0,0,0,0,101260,1,2,2022,1/1/2023,
4262,SYNTHETIC COMPANY 01261,SYNTHETIC SITE 01261,,1 Example Way,Nowhere,ZZ,00000,4451,SYNTHETIC INDUSTRY,11,19194,2,0,0,0,0,0,0,0,0,0,0,0,0,101261,1,2,2022,1/1/2023,
4263,SYNTHETIC COMPANY 01262,SYNTHETIC SITE 01262,,1 Example Way,Nowhere,ZZ,00000,4841,SYNTHETIC INDUSTRY,27,50914,2,0,0,0,0,0,0,0,0,0,0,0,0,101262,1,2,2022,1/1/2023,
4264,SYNTHETIC COMPANY 01263,SYNTHETIC SITE 01263,,1 Example Way,Nowhere,ZZ,00000,3252,SYNTHETIC INDUSTRY,19,39860,2,0,0,0,0,0,0,0,0,0,0,0,0,101263,1,2,2022,1/1/2023,
4265,SYNTHETIC COMPANY 01264,SYNTHETIC SITE 01264,,1 Example Way,Nowhere,ZZ,00000,3328,SYNTHETIC INDUSTRY,29,42126,2,0,0,0,0,0,0,0,0,0,0,0,0,101264,1,2,2022,1/1/2023,
4266,SYNTHETIC COMPANY 01265,SYNTHETIC SITE 01265,,1 Example Way,Nowhere,ZZ,00000,3252,SYNTHETIC INDUSTRY,48,72619,2,0,0,0,0,0,0,0,0,0,0,0,0,101265,1,2,2022,1/1/2023,
4267,SYNTHETIC COMPANY 01266,SYNTHETIC SITE 01266,,1 Example Way,Nowhere,ZZ,00000,3252,SYNTHETIC INDUSTRY,186,284901,1,0,0,2,3,0,8,5,0,0,0,0,0,101266,1,2,2022,1/1/2023,
4268,SYNTHETIC COMPANY 01267,SYNTHETIC SITE 01267,,1 Example Way,Nowhere,ZZ,00000,4841,SYNTHETIC INDUSTRY,135,309426,2,0,0,0,0,0,0,0,0,0,0,0,0,101267,1,2,2022,1/1/2023,
4269,SYNTHETIC COMPANY 01268,SYNTHETIC SITE 01268,,1 Example Way,Nowhere,ZZ,00000,3115,SYNTHETIC INDUSTRY,21,3634100,1,0,1,0,0,7,0,1,0,0,0,0,0,101268,1,2,2022,1/1/2023,
4270,SYNTHETIC COMPANY 01269,SYNTHETIC SITE 01269,,1 Example Way,Nowhere,ZZ,00000,3252,SYNTHETIC INDUSTRY,71,137107,2,0,0,0,0,0,0,0,0,0,0,0,0,101269,1,2,2022,1/1/2023,
4271,SYNTHETIC COMPANY 01270,SYNTHETIC SITE 01270,,1 Example Way,Nowhere,ZZ,00000,3251,SYNTHETIC INDUSTRY,138,219025,2,0,0,0,0,0,0,0,0,0,0,0,0,101270,1,2,2022,1/1/2023,
4272,SYNTHETIC COMPANY 01271,SYNTHETIC SITE 01271,,1 Example Way,Nowhere,ZZ,00000,2361,SYNTHETIC INDUSTRY,9,17243,1,0,1,0,1,7,0,2,0,0,0,0,0,101271,1,2,2022,1/1/2023,
4273,SYNTHETIC COMPANY 01272,SYNTHETIC SITE 01272,,1 Example Way,Nowhere,ZZ,00000,2361,SYNTHETIC INDUSTRY,86,156804,1,0,1,1,3,7,4,5,0,0,0,0,0,101272,1,2,2022,1/1/2023,
4274,SYNTHETIC COMPANY 01273,SYNTHETIC SITE 01273,,1 Example Way,Nowhere,ZZ,00000,6221,SYNTHETIC INDUSTRY,66,110610,2,0,0,0,0,0,0,0,0,0,0,0,0,101273,1,2,2022,1/1/2023,
4275,SYNTHETIC COMPANY 01274,SYNTHETIC SITE 01274,,1 Example Way,Nowhere,ZZ,00000,3328,SYNTHETIC INDUSTRY,22,50419,1,0,0,0,1,0,0,1,0,0,0,0,0,101274,1,2,2022,1/1/2023,
4276,SYNTHETIC COMPANY 01275,SYNTHETIC SITE 01275,,1 Example Way,Nowhere,ZZ,00000,3328,SYNTHETIC INDUSTRY,89,166241,2,0,0,0,0,0,0,0,0,0,0,0,0,101275,1,2,2022,1/1/2023,
4277,SYNTHETIC COMPANY 01276,SYNTHETIC SITE 01276,,1 Example Way,Nowhere,ZZ,00000,3252,SYNTHETIC INDUSTRY,100,185937,2,0,0,0,0,0,0,0,0,0,0,0,0,101276,1,2,2022,1/1/2023,
4278,SYNTHETIC COMPANY 01277,SYNTHETIC SITE 01277,,1 Example Way,Nowhere,ZZ,00000,3252,SYNTHETIC INDUSTRY,114,205962,1,0,1,2,1,7,8,4,0,0,0,0,0,101277,1,2,2022,1/1/2023,
4279,SYNTHETIC COMPANY 01278,SYNTHETIC SITE 01278,,1 Example Way,Nowhere,ZZ,00000,3115,SYNTHETIC INDUSTRY,50,71287,2,0,0,0,0,0,0,0,0,0,0,0,0,101278,1,2,2022,1/1/2023,
4280,SYNTHETIC COMPANY 01279,SYNTHETIC SITE 01279,,1 Example Way,Nowhere,ZZ,00000,4451,SYNTHETIC INDUSTRY,66,155626,2,0,0,0,0,0,0,0,0,0,0,0,0,101279,1,2,2022,1/1/2023,
4281,SYNTHETIC COMPANY 01280,SYNTHETIC SITE 01280,,1 Example Way,Nowhere,ZZ,00000,3328,SYNTHETIC INDUSTRY,53,80475,1,0,1,0,3,7,0,4,0,0,0,0,0,101280,1,2,2022,1/1/2023,
4282,SYNTHETIC COMPANY 01281,SYNTHETIC SITE 01281,,1 Example Way,Nowhere,ZZ,00000,3251,SYNTHETIC INDUSTRY,171,309728,1,0,1,1,1,7,4,3,0,0,0,0,0,101281,1,2,2022,1/1/2023,
4283,SYNTHETIC COMPANY 01282,SYNTHETIC SITE 01282,,1 Example Way,Nowhere,ZZ,00000,3115,SYNTHETIC INDUSTRY,92,236351,1,0,0,0,4,0,0,4,0,0,0,0,0,101282,1,2,2022,1/1/2023,
4284,SYNTHETIC COMPANY 01283,SYNTHETIC SITE 01283,,1 Example Way,Nowhere,ZZ,00000,3328,SYNTHETIC INDUSTRY,429,897275,1,0,0,2,1,0,8,3,0,0,0,0,0,101283,1,2,2022,1/1/2023,
4285,SYNTHETIC COMPANY 01284,SYNTHETIC SITE 01284,,1 Example Way,Nowhere,ZZ,00000,4451,SYNTHETIC INDUSTRY,235,381227,1,0,0,1,0,0,4,1,0,0,0,0,0,101284,1,2,2022,1/1/2023,
4286,SYNTHETIC COMPANY 01285,SYNTHETIC SITE 01285,,1 Example Way,Nowhere,ZZ,00000,2361,SYNTHETIC INDUSTRY,122,241906,2,0,0,0,0,0,0,0,0,0,0,0,0,101285,1,2,2022,1/1/2023,
4287,SYNTHETIC COMPANY 01286,SYNTHETIC SITE 01286,,1 Example Way,Nowhere,ZZ,00000,6221,SYNTHETIC INDUSTRY,112,161339,1,0,1,1,0,7,4,2,0,0,0,0,0,101286,1,2,2022,1/1/2023,
4288,SYNTHETIC COMPANY 01287,SYNTHETIC SITE 01287,,1 Example Way,Nowhere,ZZ,00000,3251,SYNTHETIC INDUSTRY,92,165387,2,0,0,0,0,0,0,0,0,0,0,0,0,101287,1,2,2022,1/1/2023,
4289,SYNTHETIC COMPANY 01288,SYNTHETIC SITE 01288,,1 Example Way,Nowhere,ZZ,00000,3252,SYNTHETIC INDUSTRY,45,93704,1,0,1,1,1,7,4,3,0,0,0,0,0,101288,1,2,2022,1/1/2023,
4290,SYNTHETIC COMPANY 01289,SYNTHETIC SITE 01289,,1 Example Way,Nowhere,ZZ,00000,3328,SYNTHETIC INDUSTRY,639,1082561,1,0,1,1,1,7,4,3,0,0,0,0,0,101289,1,2,2022,1/1/2023,
4291,SYNTHETIC COMPANY 01290,SYNTHETIC SITE 01290,,1 Example Way,Nowhere,ZZ,00000,2361,SYNTHETIC INDUSTRY,171,334386,2,0,0,0,0,0,0,0,0,0,0,0,0,101290,1,2,2022,1/1/2023,
4292,SYNTHETIC COMPANY 01291,SYNTHETIC SITE 01291,,1 Example Way,Nowhere,ZZ,00000,2361,SYNTHETIC INDUSTRY,158,327756,1,0,1,0,1,7,0,2,0,0,0,0,0,101291,1,2,2022,1/1/2023,
4293,SYNTHETIC COMPANY 01292,SYNTHETIC SITE 01292,,1 Example Way,Nowhere,ZZ,00000,3252,SYNTHETIC INDUSTRY,3,5550,2,0,0,0,0,0,0,0,0,0,0,0,0,101292,1,2,2022,1/1/2023,
4294,SYNTHETIC COMPANY 01293,SYNTHETIC SITE 01293,,1 Example Way,Nowhere,ZZ,00000,4841,SYNTHETIC INDUSTRY,255,458043,1,0,8,5,11,56,20,24,0,0,0,0,0,101293,1,2,2022,1/1/2023,
4295,SYNTHETIC COMPANY 01294,SYNTHETIC SITE 01294,,1 Example Way,Nowhere,ZZ,00000,3251,SYNTHETIC INDUSTRY,260,405837,2,0,0,0,0,0,0,0,0,0,0,0,0,101294,1,2,2022,1/1/2023,
4296,SYNTHETIC COMPANY 01295,SYNTHETIC SITE 01295,,1 Example Way,Nowhere,ZZ,00000,3251,SYNTHETIC INDUSTRY,97,179975,1,0,0,1,2,0,4,3,0,0,0,0,0,101295,1,2,2022,1/1/2023,
4297,SYNTHETIC COMPANY 01296,SYNTHETIC SITE 01296,,1 Example Way,Nowhere,ZZ,00000,3115,SYNTHETIC INDUSTRY,45,96539,1,0,0,1,2,0,4,3,0,0,0,0,0,101296,1,2,2022,1/1/2023,
4298,SYNTHETIC COMPANY 01297,SYNTHETIC SITE 01297,,1 Example Way,Nowhere,ZZ,00000,3252,SYNTHETIC INDUSTRY,140,302086,1,0,4,5,6,28,20,15,0,0,0,0,0,101297,1,2,2022,1/1/2023,
4299,SYNTHETIC COMPANY 01298,SYNTHETIC SITE 01298,,1 Example Way,Nowhere,ZZ,00000,6221,SYNTHETIC INDUSTRY,9,14203,1,0,1,0,0,7,0,1,0,0,0,0,0,101298,1,2,2022,1/1/2023,
4300,SYNTHETIC COMPANY 01299,SYNTHETIC SITE 01299,,1 Example Way,Nowhere,ZZ,00000,3251,SYNTHETIC INDUSTRY,76,151272,1,0,0,1,0,0,4,1,0,0,0,0,0,101299,1,2,2022,1/1/2023,
4301,SYNTHETIC COMPANY 01300,SYNTHETIC SITE 01300,,1 Example Way,Nowhere,ZZ,00000,3252,SYNTHETIC INDUSTRY,325,617577,1,0,2,5,2,14,20,9,0,0,0,0,0,101300,1,2,2022,1/1/2023,
4302,SYNTHETIC COMPANY 01301,SYNTHETIC SITE 01301,,1 Example Way,Nowhere,ZZ,00000,3115,SYNTHETIC INDUSTRY,109,167837,1,0,0,0,1,0,0,1,0,0,0,0,0,101301,1,2,2022,1/1/2023,
4303,SYNTHETIC COMPANY 01302,SYNTHETIC SITE 01302,,1 Example Way,Nowhere,ZZ,00000,3115,SYNTHETIC INDUSTRY,19,37751,2,0,0,0,0,0,0,0,0,0,0,0,0,101302,1,2,2022,1/1/2023,
4304,SYNTHETIC COMPANY 01303,SYNTHETIC SITE 01303,,1 Example Way,Nowhere,ZZ,00000,3115,SYNTHETIC INDUSTRY,40,59950,2,0,0,0,0,0,0,0,0,0,0,0,0,101303,1,2,2022,1/1/2023,
4305,SYNTHETIC COMPANY 01304,SYNTHETIC SITE 01304,,1 Example Way,Nowhere,ZZ,00000,2361,SYNTHETIC INDUSTRY,253,474238,2,0,0,0,0,0,0,0,0,0,0,0,0,101304,1,2,2022,1/1/2023,
4306,SYNTHETIC COMPANY 01305,SYNTHETIC SITE 01305,,1 Example Way,Nowhere,ZZ,00000,4451,SYNTHETIC INDUSTRY,36,70884,2,0,0,0,0,0,0,0,0,0,0,0,0,101305,1,2,2022,1/1/2023,
4307,SYNTHETIC COMPANY 01306,SYNTHETIC SITE 01306,,1 Example Way,Nowhere,ZZ,00000,4841,SYNTHETIC INDUSTRY,15,21104,2,0,0,0,0,0,0,0,0,0,0,0,0,101306,1,2,2022,1/1/2023,
4308,SYNTHETIC COMPANY 01307,SYNTHETIC SITE 01307,,1 Example Way,Nowhere,ZZ,00000,3251,SYNTHETIC INDUSTRY,71,145230,1,0,1,2,1,7,8,4,0,0,0,0,0,101307,1,2,2022,1/1/2023,
4309,SYNTHETIC COMPANY 01308,SYNTHETIC SITE 01308,,1 Example Way,Nowhere,ZZ,00000,3252,SYNTHETIC INDUSTRY,231,408105,1,0,4,1,2,28,4,7,0,0,0,0,0,101308,1,2,2022,1/1/2023,
4310,SYNTHETIC COMPANY 01309,SYNTHETIC SITE 01309,,1 Example Way,Nowhere,ZZ,00000,3115,SYNTHETIC INDUSTRY,19,41959,1,0,1,0,0,7,0,1,0,0,0,0,0,101309,1,2,2022,1/1/2023,
4311,SYNTHETIC COMPANY 01310,SYNTHETIC SITE 01310,,1 Example Way,Nowhere,ZZ,00000,2361,SYNTHETIC INDUSTRY,89,142844,2,0,0,0,0,0,0,0,0,0,0,0,0,101310,1,2,2022,1/1/2023,
4312,SYNTHETIC COMPANY 01311,SYNTHETIC SITE 01311,,1 Example Way,Nowhere,ZZ,00000,2361,SYNTHETIC INDUSTRY,362,726006,2,0,0,0,0,0,0,0,0,0,0,0,0,101311,1,2,2022,1/1/2023,
4313,SYNTHETIC COMPANY 01312,SYNTHETIC SITE 01312,,1 Example Way,Nowhere,ZZ,00000,4451,SYNTHETIC INDUSTRY,1072,2436446,1,0,56,35,74,392,140,165,0,0,0,0,0,101312,1,2,2022,1/1/2023,
4314,SYNTHETIC COMPANY 01313,SYNTHETIC SITE 01313,,1 Example Way,Nowhere,ZZ,00000,2361,SYNTHETIC INDUSTRY,220,409681,1,0,6,2,7,42,8,15,0,0,0,0,0,101313,1,2,2022,1/1/2023,
4315,SYNTHETIC COMPANY 01314,SYNTHETIC SITE 01314,,1 Example Way,Nowhere,ZZ,00000,6221,SYNTHETIC INDUSTRY,27,56239,2,0,0,0,0,0,0,0,0,0,0,0,0,101314,1,2,2022,1/1/2023,
4316,SYNTHETIC COMPANY 01315,SYNTHETIC SITE 01315,,1 Example Way,Nowhere,ZZ,00000,4841,SYNTHETIC INDUSTRY,110,200949,1,0,1,0,0,7,0,1,0,0,0,0,0,101315,1,2,2022,1/1/2023,
4317,SYNTHETIC COMPANY 01316,SYNTHETIC SITE 01316,,1 Example Way,Nowhere,ZZ,00000,4841,SYNTHETIC INDUSTRY,151,34431300,1,0,6,2,6,42,8,14,0,0,0,0,0,101316,1,2,2022,1/1/2023,
4318,SYNTHETIC COMPANY 01317,SYNTHETIC SITE 01317,,1 Example Way,Nowhere,ZZ,00000,2361,SYNTHETIC INDUSTRY,31,60383,1,0,0,1,1,0,4,2,0,0,0,0,0,101317,1,2,2022,1/1/2023,
4319,SYNTHETIC COMPANY 01318,SYNTHETIC SITE 01318,,1 Example Way,Nowhere,ZZ,00000,4451,SYNTHETIC INDUSTRY,35,75973,1,0,1,2,4,7,8,7,0,0,0,0,0,101318,1,2,2022,1/1/2023,
4320,SYNTHETIC COMPANY 01319,SYNTHETIC SITE 01319,,1 Example Way,Nowhere,ZZ,00000,6221,SYNTHETIC INDUSTRY,44,91396,1,0,1,1,0,7,4,2,0,0,0,0,0,101319,1,2,2022,1/1/2023,
4321,SYNTHETIC COMPANY 01320,SYNTHETIC SITE 01320,,1 Example Way,Nowhere,ZZ,00000,3252,SYNTHETIC INDUSTRY,22,43139,1,0,3,3,1,21,12,7,0,0,0,0,0,101320,1,2,2022,1/1/2023,
4322,SYNTHETIC COMPANY 01321,SYNTHETIC SITE 01321,,1 Example Way,Nowhere,ZZ,00000,3251,SYNTHETIC INDUSTRY,897,1890996,1,0,17,17,15,119,68,49,0,0,0,0,0,101321,1,2,2022,1/1/2023,
4323,SYNTHETIC COMPANY 01322,SYNTHETIC SITE 01322,,1 Example Way,Nowhere,ZZ,00000,3252,SYNTHETIC INDUSTRY,81,152193,1,0,6,0,5,42,0,11,0,0,0,0,0,101322,1,2,2022,1/1/2023,
4324,SYNTHETIC COMPANY 01323,SYNTHETIC SITE 01323,,1 Example Way,Nowhere,ZZ,00000,3251,SYNTHETIC INDUSTRY,114,236867,1,0,1,0,2,7,0,3,0,0,0,0,0,101323,1,2,2022,1/1/2023,
4325,SYNTHETIC COMPANY 01324,SYNTHETIC SITE 01324,,1 Example Way,Nowhere,ZZ,00000,3251,SYNTHETIC INDUSTRY,151,316933,1,0,8,7,4,56,28,19,0,0,0,0,0,101324,1,2,2022,1/1/2023,
4326,SYNTHETIC COMPANY 01325,SYNTHETIC SITE 01325,,1 Example Way,Nowhere,ZZ,00000,3328,SYNTHETIC INDUSTRY,305,571938,1,0,5,3,2,35,12,10,0,0,0,0,0,101325,1,2,2022,1/1/2023,
4327,SYNTHETIC COMPANY 01326,SYNTHETIC SITE 01326,,1 Example Way,Nowhere,ZZ,00000,3115,SYNTHETIC INDUSTRY,111,239547,1,0,4,2,4,28,8,10,0,0,0,0,0,101326,1,2,2022,1/1/2023,
4328,SYNTHETIC COMPANY 01327,SYNTHETIC SITE 01327,,1 Example Way,Nowhere,ZZ,00000,2361,SYNTHETIC INDUSTRY,20,41035,2,0,0,0,0,0,0,0,0,0,0,0,0,101327,1,2,2022,1/1/2023,
4329,SYNTHETIC COMPANY 01328,SYNTHETIC SITE 01328,,1 Example Way,Nowhere,ZZ,00000,4451,SYNTHETIC INDUSTRY,81,152015,2,0,0,0,0,0,0,0,0,0,0,0,0,101328,1,2,2022,1/1/2023,
4330,SYNTHETIC COMPANY 01329,SYNTHETIC SITE 01329,,1 Example Way,Nowhere,ZZ,00000,4451,SYNTHETIC INDUSTRY,250,385391,2,0,0,0,0,0,0,0,0,0,0,0,0,101329,1,2,2022,1/1/2023,
4331,SYNTHETIC COMPANY 01330,SYNTHETIC SITE 01330,,1 Example Way,Nowhere,ZZ,00000,2361,SYNTHETIC INDUSTRY,30,62974,2,0,0,0,0,0,0,0,0,0,0,0,0,101330,1,2,2022,1/1/2023,
4332,SYNTHETIC COMPANY 01331,SYNTHETIC SITE 01331,,1 Example Way,Nowhere,ZZ,00000,3251,SYNTHETIC INDUSTRY,13,20243,2,0,0,0,0,0,0,0,0,0,0,0,0,101331,1,2,2022,1/1/2023,
4333,SYNTHETIC COMPANY 01332,SYNTHETIC SITE 01332,,1 Example Way,Nowhere,ZZ,00000,6221,SYNTHETIC INDUSTRY,143,301707,2,0,0,0,0,0,0,0,0,0,0,0,0,101332,1,2,2022,1/1/2023,
4334,SYNTHETIC COMPANY 01333,SYNTHETIC SITE 01333,,1 Example Way,Nowhere,ZZ,00000,3115,SYNTHETIC INDUSTRY,36,74863,2,0,0,0,0,0,0,0,0,0,0,0,0,101333,1,2,2022,1/1/2023,
4335,SYNTHETIC COMPANY 01334,SYNTHETIC SITE 01334,,1 Example Way,Nowhere,ZZ,00000,3115,SYNTHETIC INDUSTRY,46,67554,1,0,1,2,2,7,8,5,0,0,0,0,0,101334,1,2,2022,1/1/2023,
4336,SYNTHETIC COMPANY 01335,SYNTHETIC SITE 01335,,1 Example Way,Nowhere,ZZ,00000,2361,SYNTHETIC INDUSTRY,27,63172,1,0,1,1,0,7,4,2,0,0,0,0,0,101335,1,2,2022,1/1/2023,
4337,SYNTHETIC COMPANY 01336,SYNTHETIC SITE 01336,,1 Example Way,Nowhere,ZZ,00000,3252,SYNTHETIC INDUSTRY,86,172496,2,0,0,0,0,0,0,0,0,0,0,0,0,101336,1,2,2022,1/1/2023,
4338,SYNTHETIC COMPANY 01337,SYNTHETIC SITE 01337,,1 Example Way,Nowhere,ZZ,00000,3252,SYNTHETIC INDUSTRY,3,4361,2,0,0,0,0,0,0,0,0,0,0,0,0,101337,1,2,2022,1/1/2023,
4339,SYNTHETIC COMPANY 01338,SYNTHETIC SITE 01338,,1 Example Way,Nowhere,ZZ,00000,3252,SYNTHETIC INDUSTRY,112,176217,1,0,0,0,1,0,0,1,0,0,0,0,0,101338,1,2,2022,1/1/2023,
4340,SYNTHETIC COMPANY 01339,SYNTHETIC SITE 01339,,1 Example Way,Nowhere,ZZ,00000,3115,SYNTHETIC INDUSTRY,13,18887,2,0,0,0,0,0,0,0,0,0,0,0,0,101339,1,2,2022,1/1/2023,
4341,SYNTHETIC COMPANY 01340,SYNTHETIC SITE 01340,,1 Example Way,Nowhere,ZZ,00000,3328,SYNTHETIC INDUSTRY,51,101395,2,0,0,0,0,0,0,0,0,0,0,0,0,101340,1,2,2022,1/1/2023,
4342,SYNTHETIC COMPANY 01341,SYNTHETIC SITE 01341,,1 Example Way,Nowhere,ZZ,00000,3115,SYNTHETIC INDUSTRY,90,165077,1,0,3,2,0,21,8,5,0,0,0,0,0,101341,1,2,2022,1/1/2023,
4343,SYNTHETIC COMPANY 01342,SYNTHETIC SITE 01342,,1 Example Way,Nowhere,ZZ,00000,4841,SYNTHETIC INDUSTRY,32,54199,2,0,0,0,0,0,0,0,0,0,0,0,0,101342,1,2,2022,1/1/2023,
4344,SYNTHETIC COMPANY 01343,SYNTHETIC SITE 01343,,1 Example Way,Nowhere,ZZ,00000,3115,SYNTHETIC INDUSTRY,274,483680,1,0,2,0,1,14,0,3,0,0,0,0,0,101343,1,2,2022,1/1/2023,
4345,SYNTHETIC COMPANY 01344,SYNTHETIC SITE 01344,,1 Example Way,Nowhere,ZZ,00000,3251,SYNTHETIC INDUSTRY,47,97998,2,0,0,0,0,0,0,0,0,0,0,0,0,101344,1,2,2022,1/1/2023,
4346,SYNTHETIC COMPANY 01345,SYNTHETIC SITE 01345,,1 Example Way,Nowhere,ZZ,00000,3328,SYNTHETIC INDUSTRY,306,597551,1,0,1,0,4,7,0,5,0,0,0,0,0,101345,1,2,2022,1/1/2023,
4347,SYNTHETIC COMPANY 01346,SYNTHETIC SITE 01346,,1 Example Way,Nowhere,ZZ,00000,3115,SYNTHETIC INDUSTRY,29,44079,2,0,0,0,0,0,0,0,0,0,0,0,0,101346,1,2,2022,1/1/2023,
4348,SYNTHETIC COMPANY 01347,SYNTHETIC SITE 01347,,1 Example Way,Nowhere,ZZ,00000,3251,SYNTHETIC INDUSTRY,62,141873,1,0,1,0,0,7,0,1,0,0,0,0,0,101347,1,2,2022,1/1/2023,
4349,SYNTHETIC COMPANY 01348,SYNTHETIC SITE 01348,,1 Example Way,Nowhere,ZZ,00000,3328,SYNTHETIC INDUSTRY,23,45664,2,0,0,0,0,0,0,0,0,0,0,0,0,101348,1,2,2022,1/1/2023,
4350,SYNTHETIC COMPANY 01349,SYNTHETIC SITE 01349,,1 Example Way,Nowhere,ZZ,00000,3115,SYNTHETIC INDUSTRY,20,35281,2,0,0,0,0,0,0,0,0,0,0,0,0,101349,1,2,2022,1/1/2023,
4351,SYNTHETIC COMPANY 01350,SYNTHETIC SITE 01350,,1 Example Way,Nowhere,ZZ,00000,3252,SYNTHETIC INDUSTRY,32,82263,2,0,0,0,0,0,0,0,0,0,0,0,0,101350,1,2,2022,1/1/2023,
4352,SYNTHETIC COMPANY 01351,SYNTHETIC SITE 01351,,1 Example Way,Nowhere,ZZ,00000,3115,SYNTHETIC INDUSTRY,35,61215,2,0,0,0,0,0,0,0,0,0,0,0,0,101351,1,2,2022,1/1/2023,
4353,SYNTHETIC COMPANY 01352,SYNTHETIC SITE 01352,,1 Example Way,Nowhere,ZZ,00000,6221,SYNTHETIC INDUSTRY,28,50124,1,0,1,0,0,7,0,1,0,0,0,0,0,101352,1,2,2022,1/1/2023,
4354,SYNTHETIC COMPANY 01353,SYNTHETIC SITE 01353,,1 Example Way,Nowhere,ZZ,00000,3328,SYNTHETIC INDUSTRY,62,130415,2,0,0,0,0,0,0,0,0,0,0,0,0,101353,1,2,2022,1/1/2023,
4355,SYNTHETIC COMPANY 01354,SYNTHETIC SITE 01354,,1 Example Way,Nowhere,ZZ,00000,3328,SYNTHETIC INDUSTRY,21,45146,1,0,0,1,0,0,4,1,0,0,0,0,0,101354,1,2,2022,1/1/2023,
4356,SYNTHETIC COMPANY 01355,SYNTHETIC SITE 01355,,1 Example Way,Nowhere,ZZ,00000,3251,SYNTHETIC INDUSTRY,138,237956,1,0,2,0,3,14,0,5,0,0,0,0,0,101355,1,2,2022,1/1/2023,
4357,SYNTHETIC COMPANY 01356,SYNTHETIC SITE 01356,,1 Example Way,Nowhere,ZZ,00000,3328,SYNTHETIC INDUSTRY,8,15241,2,0,0,0,0,0,0,0,0,0,0,0,0,101356,1,2,2022,1/1/2023,
4358,SYNTHETIC COMPANY 01357,SYNTHETIC SITE 01357,,1 Example Way,Nowhere,ZZ,00000,3251,SYNTHETIC INDUSTRY,58,111146,1,0,1,0,0,7,0,1,0,0,0,0,0,101357,1,2,2022,1/1/2023,
4359,SYNTHETIC COMPANY 01358,SYNTHETIC SITE 01358,,1 Example Way,Nowhere,ZZ,00000,6221,SYNTHETIC INDUSTRY,41,59825,1,0,1,1,1,7,4,3,0,0,0,0,0,101358,1,2,2022,1/1/2023,
4360,SYNTHETIC COMPANY 01359,SYNTHETIC SITE 01359,,1 Example Way,Nowhere,ZZ,00000,3252,SYNTHETIC INDUSTRY,63,101338,2,0,0,0,0,0,0,0,0,0,0,0,0,101359,1,2,2022,1/1/2023,
4361,SYNTHETIC COMPANY 01360,SYNTHETIC SITE 01360,,1 Example Way,Nowhere,ZZ,00000,4451,SYNTHETIC INDUSTRY,24,45880,1,0,2,0,0,14,0,2,0,0,0,0,0,101360,1,2,2022,1/1/2023,
4362,SYNTHETIC COMPANY 01361,SYNTHETIC SITE 01361,,1 Example Way,Nowhere,ZZ,00000,3251,SYNTHETIC INDUSTRY,35,76775,1,0,0,0,2,0,0,2,0,0,0,0,0,101361,1,2,2022,1/1/2023,
4363,SYNTHETIC COMPANY 01362,SYNTHETIC SITE 01362,,1 Example Way,Nowhere,ZZ,00000,3115,SYNTHETIC INDUSTRY,67,127325,2,0,0,0,0,0,0,0,0,0,0,0,0,101362,1,2,2022,1/1/2023,
4364,SYNTHETIC COMPANY 01363,SYNTHETIC SITE 01363,,1 Example Way,Nowhere,ZZ,00000,3251,SYNTHETIC INDUSTRY,14,22987,2,0,0,0,0,0,0,0,0,0,0,0,0,101363,1,2,2022,1/1/2023,
4365,SYNTHETIC COMPANY 01364,SYNTHETIC SITE 01364,,1 Example Way,Nowhere,ZZ,00000,3252,SYNTHETIC INDUSTRY,34,67142,2,0,0,0,0,0,0,0,0,0,0,0,0,101364,1,2,2022,1/1/2023,
4366,SYNTHETIC COMPANY 01365,SYNTHETIC SITE 01365,,1 Example Way,Nowhere,ZZ,00000,3115,SYNTHETIC INDUSTRY,57,110349,1,0,1,0,1,7,0,2,0,0,0,0,0,101365,1,2,2022,1/1/2023,
4367,SYNTHETIC COMPANY 01366,SYNTHETIC SITE 01366,,1 Example Way,Nowhere,ZZ,00000,4451,SYNTHETIC INDUSTRY,22,34581,2,0,0,0,0,0,0,0,0,0,0,0,0,101366,1,2,2022,1/1/2023,
4368,SYNTHETIC COMPANY 01367,SYNTHETIC SITE 01367,,1 Example Way,Nowhere,ZZ,00000,3252,SYNTHETIC INDUSTRY,122,238160,2,0,0,0,0,0,0,0,0,0,0,0,0,101367,1,2,2022,1/1/2023,
4369,SYNTHETIC COMPANY 01368,SYNTHETIC SITE 01368,,1 Example Way,Nowhere,ZZ,00000,4841,SYNTHETIC INDUSTRY,33,47890,2,0,0,0,0,0,0,0,0,0,0,0,0,101368,1,2,2022,1/1/2023,
4370,SYNTHETIC COMPANY 01369,SYNTHETIC SITE 01369,,1 Example Way,Nowhere,ZZ,00000,3251,SYNTHETIC INDUSTRY,158,257703,2,0,0,0,0,0,0,0,0,0,0,0,0,101369,1,2,2022,1/1/2023,
4371,SYNTHETIC COMPANY 01370,SYNTHETIC SITE 01370,,1 Example Way,Nowhere,ZZ,00000,4841,SYNTHETIC INDUSTRY,70,133337,2,0,0,0,0,0,0,0,0,0,0,0,0,101370,1,2,2022,1/1/2023,
4372,SYNTHETIC COMPANY 01371,SYNTHETIC SITE 01371,,1 Example Way,Nowhere,ZZ,00000,3115,SYNTHETIC INDUSTRY,78,136509,1,0,0,0,2,0,0,2,0,0,0,0,0,101371,1,2,2022,1/1/2023,
4373,SYNTHETIC COMPANY 01372,SYNTHETIC SITE 01372,,1 Example Way,Nowhere,ZZ,00000,3115,SYNTHETIC INDUSTRY,212,410659,2,0,0,0,0,0,0,0,0,0,0,0,0,101372,1,2,2022,1/1/2023,
4374,SYNTHETIC COMPANY 01373,SYNTHETIC SITE 01373,,1 Example Way,Nowhere,ZZ,00000,3115,SYNTHETIC INDUSTRY,78,136880,1,0,4,0,3,28,0,7,0,0,0,0,0,101373,1,2,2022,1/1/2023,
4375,SYNTHETIC COMPANY 01374,SYNTHETIC SITE 01374,,1 Example Way,Nowhere,ZZ,00000,2361,SYNTHETIC INDUSTRY,371,656948,1,0,5,3,8,35,12,16,0,0,0,0,0,101374,1,2,2022,1/1/2023,
4376,SYNTHETIC COMPANY 01375,SYNTHETIC SITE 01375,,1 Example Way,Nowhere,ZZ,00000,3328,SYNTHETIC INDUSTRY,33,73598,1,0,1,1,2,7,4,4,0,0,0,0,0,101375,1,2,2022,1/1/2023,
4377,SYNTHETIC COMPANY 01376,SYNTHETIC SITE 01376,,1 Example Way,Nowhere,ZZ,00000,3328,SYNTHETIC INDUSTRY,16,30006,2,0,0,0,0,0,0,0,0,0,0,0,0,101376,1,2,2022,1/1/2023,
4378,SYNTHETIC COMPANY 01377,SYNTHETIC SITE 01377,,1 Example Way,Nowhere,ZZ,00000,3328,SYNTHETIC INDUSTRY,42,102510,1,0,3,0,2,21,0,5,0,0,0,0,0,101377,1,2,2022,1/1/2023,
4379,SYNTHETIC COMPANY 01378,SYNTHETIC SITE 01378,,1 Example Way,Nowhere,ZZ,00000,3115,SYNTHETIC INDUSTRY,41,87857,2,0,0,0,0,0,0,0,0,0,0,0,0,101378,1,2,2022,1/1/2023,
4380,SYNTHETIC COMPANY 01379,SYNTHETIC SITE 01379,,1 Example Way,Nowhere,ZZ,00000,3115,SYNTHETIC INDUSTRY,388,578045,2,0,0,0,0,0,0,0,0,0,0,0,0,101379,1,2,2022,1/1/2023,
4381,SYNTHETIC COMPANY 01380,SYNTHETIC SITE 01380,,1 Example Way,Nowhere,ZZ,00000,4451,SYNTHETIC INDUSTRY,71,113637,2,0,0,0,0,0,0,0,0,0,0,0,0,101380,1,2,2022,1/1/2023,
4382,SYNTHETIC COMPANY 01381,SYNTHETIC SITE 01381,,1 Example Way,Nowhere,ZZ,00000,4841,SYNTHETIC INDUSTRY,43,86093,2,0,0,0,0,0,0,0,0,0,0,0,0,101381,1,2,2022,1/1/2023,
4383,SYNTHETIC COMPANY 01382,SYNTHETIC SITE 01382,,1 Example Way,Nowhere,ZZ,00000,6221,SYNTHETIC INDUSTRY,32,65151,2,0,0,0,0,0,0,0,0,0,0,0,0,101382,1,2,2022,1/1/2023,
4384,SYNTHETIC COMPANY 01383,SYNTHETIC SITE 01383,,1 Example Way,Nowhere,ZZ,00000,6221,SYNTHETIC INDUSTRY,74,156603,1,0,0,0,2,0,0,2,0,0,0,0,0,101383,1,2,2022,1/1/2023,
4385,SYNTHETIC COMPANY 01384,SYNTHETIC SITE 01384,,1 Example Way,Nowhere,ZZ,00000,4841,SYNTHETIC INDUSTRY,60,120616,1,0,1,0,1,7,0,2,0,0,0,0,0,101384,1,2,2022,1/1/2023,
4386,SYNTHETIC COMPANY 01385,SYNTHETIC SITE 01385,,1 Example Way,Nowhere,ZZ,00000,6221,SYNTHETIC INDUSTRY,136,238185,1,0,0,1,0,0,4,1,0,0,0,0,0,101385,1,2,2022,1/1/2023,
4387,SYNTHETIC COMPANY 01386,SYNTHETIC SITE 01386,,1 Example Way,Nowhere,ZZ,00000,3115,SYNTHETIC INDUSTRY,64,112330,1,0,0,0,1,0,0,1,0,0,0,0,0,101386,1,2,2022,1/1/2023,
4388,SYNTHETIC COMPANY 01387,SYNTHETIC SITE 01387,,1 Example Way,Nowhere,ZZ,00000,3115,SYNTHETIC INDUSTRY,15,27051,2,0,0,0,0,0,0,0,0,0,0,0,0,101387,1,2,2022,1/1/2023,
4389,SYNTHETIC COMPANY 01388,SYNTHETIC SITE 01388,,1 Example Way,Nowhere,ZZ,00000,3251,SYNTHETIC INDUSTRY,9,17854,2,0,0,0,0,0,0,0,0,0,0,0,0,101388,1,2,2022,1/1/2023,
4390,SYNTHETIC COMPANY 01389,SYNTHETIC SITE 01389,,1 Example Way,Nowhere,ZZ,00000,2361,SYNTHETIC INDUSTRY,15,32979,1,0,0,1,0,0,4,1,0,0,0,0,0,101389,1,2,2022,1/1/2023,
4391,SYNTHETIC COMPANY 01390,SYNTHETIC SITE 01390,,1 Example Way,Nowhere,ZZ,00000,3115,SYNTHETIC INDUSTRY,22,30406,2,0,0,0,0,0,0,0,0,0,0,0,0,101390,1,2,2022,1/1/2023,
4392,SYNTHETIC COMPANY 01391,SYNTHETIC SITE 01391,,1 Example Way,Nowhere,ZZ,00000,3115,SYNTHETIC INDUSTRY,36,73967,2,0,0,0,0,0,0,0,0,0,0,0,0,101391,1,2,2022,1/1/2023,
4393,SYNTHETIC COMPANY 01392,SYNTHETIC SITE 01392,,1 Example Way,Nowhere,ZZ,00000,3115,SYNTHETIC INDUSTRY,53,63878,1,0,0,0,1,0,0,1,0,0,0,0,0,101392,1,2,2022,1/1/2023,
4394,SYNTHETIC COMPANY 01393,SYNTHETIC SITE 01393,,1 Example Way,Nowhere,ZZ,00000,2361,SYNTHETIC INDUSTRY,56,100633,2,0,0,0,0,0,0,0,0,0,0,0,0,101393,1,2,2022,1/1/2023,
4395,SYNTHETIC COMPANY 01394,SYNTHETIC SITE 01394,,1 Example Way,Nowhere,ZZ,00000,3252,SYNTHETIC INDUSTRY,304,579766,1,0,2,0,2,14,0,4,0,0,0,0,0,101394,1,2,2022,1/1/2023,
4396,SYNTHETIC COMPANY 01395,SYNTHETIC SITE 01395,,1 Example Way,Nowhere,ZZ,00000,6221,SYNTHETIC INDUSTRY,69,138836,1,0,2,2,5,14,8,9,0,0,0,0,0,101395,1,2,2022,1/1/2023,
4397,SYNTHETIC COMPANY 01396,SYNTHETIC SITE 01396,,1 Example Way,Nowhere,ZZ,00000,3251,SYNTHETIC INDUSTRY,24,51804,1,0,1,0,2,7,0,3,0,0,0,0,0,101396,1,2,2022,1/1/2023,
4398,SYNTHETIC COMPANY 01397,SYNTHETIC SITE 01397,,1 Example Way,Nowhere,ZZ,00000,6221,SYNTHETIC INDUSTRY,101,233640,1,0,1,2,1,7,8,4,0,0,0,0,0,101397,1,2,2022,1/1/2023,
4399,SYNTHETIC COMPANY 01398,SYNTHETIC SITE 01398,,1 Example Way,Nowhere,ZZ,00000,6221,SYNTHETIC INDUSTRY,54,76370,2,0,0,0,0,0,0,0,0,0,0,0,0,101398,1,2,2022,1/1/2023,
4400,SYNTHETIC COMPANY 01399,SYNTHETIC SITE 01399,,1 Example Way,Nowhere,ZZ,00000,4841,SYNTHETIC INDUSTRY,40,96691,2,0,0,0,0,0,0,0,0,0,0,0,0,101399,1,2,2022,1/1/2023,
4401,SYNTHETIC COMPANY 01400,SYNTHETIC SITE 01400,,1 Example Way,Nowhere,ZZ,00000,4841,SYNTHETIC INDUSTRY,16,36932,1,0,1,0,0,7,0,1,0,0,0,0,0,101400,1,2,2022,1/1/2023,
4402,SYNTHETIC COMPANY 01401,SYNTHETIC SITE 01401,,1 Example Way,Nowhere,ZZ,00000,2361,SYNTHETIC INDUSTRY,36,81235,1,0,1,4,1,7,16,6,0,0,0,0,0,101401,1,2,2022,1/1/2023,
4403,SYNTHETIC COMPANY 01402,SYNTHETIC SITE 01402,,1 Example Way,Nowhere,ZZ,00000,3251,SYNTHETIC INDUSTRY,141,298542,2,0,0,0,0,0,0,0,0,0,0,0,0,101402,1,2,2022,1/1/2023,
4404,SYNTHETIC COMPANY 01403,SYNTHETIC SITE 01403,,1 Example Way,Nowhere,ZZ,00000,6221,SYNTHETIC INDUSTRY,33,59237,2,0,0,0,0,0,0,0,0,0,0,0,0,101403,1,2,2022,1/1/2023,
4405,SYNTHETIC COMPANY 01404,SYNTHETIC SITE 01404,,1 Example Way,Nowhere,ZZ,00000,3328,SYNTHETIC INDUSTRY,10,18496,1,0,0,1,2,0,4,3,0,0,0,0,0,101404,1,2,2022,1/1/2023,
4406,SYNTHETIC COMPANY 01405,SYNTHETIC SITE 01405,,1 Example Way,Nowhere,ZZ,00000,3328,SYNTHETIC INDUSTRY,310,568047,2,0,0,0,0,0,0,0,0,0,0,0,0,101405,1,2,2022,1/1/2023,
4407,SYNTHETIC COMPANY 01406,SYNTHETIC SITE 01406,,1 Example Way,Nowhere,ZZ,00000,3252,SYNTHETIC INDUSTRY,59,106368,1,0,2,1,4,14,4,7,0,0,0,0,0,101406,1,2,2022,1/1/2023,
4408,SYNTHETIC COMPANY 01407,SYNTHETIC SITE 01407,,1 Example Way,Nowhere,ZZ,00000,3328,SYNTHETIC INDUSTRY,73,120614,1,0,1,1,0,7,4,2,0,0,0,0,0,101407,1,2,2022,1/1/2023,
4409,SYNTHETIC COMPANY 01408,SYNTHETIC SITE 01408,,1 Example Way,Nowhere,ZZ,00000,4451,SYNTHETIC INDUSTRY,49,94813,2,0,0,0,0,0,0,0,0,0,0,0,0,101408,1,2,2022,1/1/2023,
4410,SYNTHETIC COMPANY 01409,SYNTHETIC SITE 01409,,1 Example Way,Nowhere,ZZ,00000,3252,SYNTHETIC INDUSTRY,14,29110,1,0,0,1,1,0,4,2,0,0,0,0,0,101409,1,2,2022,1/1/2023,
4411,SYNTHETIC COMPANY 01410,SYNTHETIC SITE 01410,,1 Example Way,Nowhere,ZZ,00000,4451,SYNTHETIC INDUSTRY,33,49229,2,0,0,0,0,0,0,0,0,0,0,0,0,101410,1,2,2022,1/1/2023,
4412,SYNTHETIC COMPANY 01411,SYNTHETIC SITE 01411,,1 Example Way,Nowhere,ZZ,00000,6221,SYNTHETIC INDUSTRY,12,24784,2,0,0,0,0,0,0,0,0,0,0,0,0,101411,1,2,2022,1/1/2023,
4413,SYNTHETIC COMPANY 01412,SYNTHETIC SITE 01412,,1 Example Way,Nowhere,ZZ,00000,3115,SYNTHETIC INDUSTRY,95,146176,2,0,0,0,0,0,0,0,0,0,0,0,0,101412,1,2,2022,1/1/2023,
4414,SYNTHETIC COMPANY 01413,SYNTHETIC SITE 01413,,1 Example Way,Nowhere,ZZ,00000,3328,SYNTHETIC INDUSTRY,22,39267,2,0,0,0,0,0,0,0,0,0,0,0,0,101413,1,2,2022,1/1/2023,
4415,SYNTHETIC COMPANY 01414,SYNTHETIC SITE 01414,,1 Example Way,Nowhere,ZZ,00000,6221,SYNTHETIC INDUSTRY,63,131269,2,0,0,0,0,0,0,0,0,0,0,0,0,101414,1,2,2022,1/1/2023,
4416,SYNTHETIC COMPANY 01415,SYNTHETIC SITE 01415,,1 Example Way,Nowhere,ZZ,00000,3328,SYNTHETIC INDUSTRY,114,206998,2,0,0,0,0,0,0,0,0,0,0,0,0,101415,1,2,2022,1/1/2023,
4417,SYNTHETIC COMPANY 01416,SYNTHETIC SITE 01416,,1 Example Way,Nowhere,ZZ,00000,3251,SYNTHETIC INDUSTRY,33,51973,2,0,0,0,0,0,0,0,0,0,0,0,0,101416,1,2,2022,1/1/2023,
4418,SYNTHETIC COMPANY 01417,SYNTHETIC SITE 01417,,1 Example Way,Nowhere,ZZ,00000,3328,SYNTHETIC INDUSTRY,69,147060,1,0,0,0,1,0,0,1,0,0,0,0,0,101417,1,2,2022,1/1/2023,
4419,SYNTHETIC COMPANY 01418,SYNTHETIC SITE 01418,,1 Example Way,Nowhere,ZZ,00000,3252,SYNTHETIC INDUSTRY,21,43614,2,0,0,0,0,0,0,0,0,0,0,0,0,101418,1,2,2022,1/1/2023,
4420,SYNTHETIC COMPANY 01419,SYNTHETIC SITE 01419,,1 Example Way,Nowhere,ZZ,00000,2361,SYNTHETIC INDUSTRY,23,42529,1,0,0,0,1,0,0,1,0,0,0,0,0,101419,1,2,2022,1/1/2023,
4421,SYNTHETIC COMPANY 01420,SYNTHETIC SITE 01420,,1 Example Way,Nowhere,ZZ,00000,3115,SYNTHETIC INDUSTRY,85,179863,2,0,0,0,0,0,0,0,0,0,0,0,0,101420,1,2,2022,1/1/2023,
4422,SYNTHETIC COMPANY 01421,SYNTHETIC SITE 01421,,1 Example Way,Nowhere,ZZ,00000,2361,SYNTHETIC INDUSTRY,11,25162,2,0,0,0,0,0,0,0,0,0,0,0,0,101421,1,2,2022,1/1/2023,
4423,SYNTHETIC COMPANY 01422,SYNTHETIC SITE 01422,,1 Example Way,Nowhere,ZZ,00000,6221,SYNTHETIC INDUSTRY,32,68602,2,0,0,0,0,0,0,0,0,0,0,0,0,101422,1,2,2022,1/1/2023,
4424,SYNTHETIC COMPANY 01423,SYNTHETIC SITE 01423,,1 Example Way,Nowhere,ZZ,00000,3252,SYNTHETIC INDUSTRY,15,34201,2,0,0,0,0,0,0,0,0,0,0,0,0,101423,1,2,2022,1/1/2023,
4425,SYNTHETIC COMPANY 01424,SYNTHETIC SITE 01424,,1 Example Way,Nowhere,ZZ,00000,3251,SYNTHETIC INDUSTRY,23,41417,2,0,0,0,0,0,0,0,0,0,0,0,0,101424,1,2,2022,1/1/2023,
4426,SYNTHETIC COMPANY 01425,SYNTHETIC SITE 01425,,1 Example Way,Nowhere,ZZ,00000,2361,SYNTHETIC INDUSTRY,66,118421,1,0,0,0,1,0,0,1,0,0,0,0,0,101425,1,2,2022,1/1/2023,
4427,SYNTHETIC COMPANY 01426,SYNTHETIC SITE 01426,,1 Example Way,Nowhere,ZZ,00000,3328,SYNTHETIC INDUSTRY,166,254006,1,0,1,1,2,7,4,4,0,0,0,0,0,101426,1,2,2022,1/1/2023,
4428,SYNTHETIC COMPANY 01427,SYNTHETIC SITE 01427,,1 Example Way,Nowhere,ZZ,00000,3115,SYNTHETIC INDUSTRY,5,6515,1,0,0,1,0,0,4,1,0,0,0,0,0,101427,1,2,2022,1/1/2023,
4429,SYNTHETIC COMPANY 01428,SYNTHETIC SITE 01428,,1 Example Way,Nowhere,ZZ,00000,2361,SYNTHETIC INDUSTRY,75,159005,1,0,0,1,0,0,4,1,0,0,0,0,0,101428,1,2,2022,1/1/2023,
4430,SYNTHETIC COMPANY 01429,SYNTHETIC SITE 01429,,1 Example Way,Nowhere,ZZ,00000,2361,SYNTHETIC INDUSTRY,61,116263,2,0,0,0,0,0,0,0,0,0,0,0,0,101429,1,2,2022,1/1/2023,
4431,SYNTHETIC COMPANY 01430,SYNTHETIC SITE 01430,,1 Example Way,Nowhere,ZZ,00000,3251,SYNTHETIC INDUSTRY,66,147672,1,0,1,1,4,7,4,6,0,0,0,0,0,101430,1,2,2022,1/1/2023,
4432,SYNTHETIC COMPANY 01431,SYNTHETIC SITE 01431,,1 Example Way,Nowhere,ZZ,00000,4451,SYNTHETIC INDUSTRY,98,160597,2,0,0,0,0,0,0,0,0,0,0,0,0,101431,1,2,2022,1/1/2023,
4433,SYNTHETIC COMPANY 01432,SYNTHETIC SITE 01432,,1 Example Way,Nowhere,ZZ,00000,3251,SYNTHETIC INDUSTRY,60,117415,2,0,0,0,0,0,0,0,0,0,0,0,0,101432,1,2,2022,1/1/2023,
4434,SYNTHETIC COMPANY 01433,SYNTHETIC SITE 01433,,1 Example Way,Nowhere,ZZ,00000,2361,SYNTHETIC INDUSTRY,14,27850,1,0,2,1,0,14,4,3,0,0,0,0,0,101433,1,2,2022,1/1/2023,
4435,SYNTHETIC COMPANY 01434,SYNTHETIC SITE 01434,,1 Example Way,Nowhere,ZZ,00000,4841,SYNTHETIC INDUSTRY,263,462318,1,0,0,2,2,0,8,4,0,0,0,0,0,101434,1,2,2022,1/1/2023,
4436,SYNTHETIC COMPANY 01435,SYNTHETIC SITE 01435,,1 Example Way,Nowhere,ZZ,00000,3328,SYNTHETIC INDUSTRY,7,13362,1,0,0,0,1,0,0,1,0,0,0,0,0,101435,1,2,2022,1/1/2023,
4437,SYNTHETIC COMPANY 01436,SYNTHETIC SITE 01436,,1 Example Way,Nowhere,ZZ,00000,4451,SYNTHETIC INDUSTRY,105,202282,1,0,1,1,0,7,4,2,0,0,0,0,0,101436,1,2,2022,1/1/2023,
4438,SYNTHETIC COMPANY 01437,SYNTHETIC SITE 01437,,1 Example Way,Nowhere,ZZ,00000,3252,SYNTHETIC INDUSTRY,33,68218,2,0,0,0,0,0,0,0,0,0,0,0,0,101437,1,2,2022,1/1/2023,
4439,SYNTHETIC COMPANY 01438,SYNTHETIC SITE 01438,,1 Example Way,Nowhere,ZZ,00000,6221,SYNTHETIC INDUSTRY,15,27467,2,0,0,0,0,0,0,0,0,0,0,0,0,101438,1,2,2022,1/1/2023,
4440,SYNTHETIC COMPANY 01439,SYNTHETIC SITE 01439,,1 Example Way,Nowhere,ZZ,00000,3328,SYNTHETIC INDUSTRY,52,105393,1,0,1,0,2,7,0,3,0,0,0,0,0,101439,1,2,2022,1/1/2023,
4441,SYNTHETIC COMPANY 01440,SYNTHETIC SITE 01440,,1 Example Way,Nowhere,ZZ,00000,2361,SYNTHETIC INDUSTRY,170,340661,1,0,0,2,1,0,8,3,0,0,0,0,0,101440,1,2,2022,1/1/2023,
4442,SYNTHETIC COMPANY 01441,SYNTHETIC SITE 01441,,1 Example Way,Nowhere,ZZ,00000,3115,SYNTHETIC INDUSTRY,443,1000350,1,0,0,1,0,0,4,1,0,0,0,0,0,101441,1,2,2022,1/1/2023,
4443,SYNTHETIC COMPANY 01442,SYNTHETIC SITE 01442,,1 Example Way,Nowhere,ZZ,00000,6221,SYNTHETIC INDUSTRY,6,13652,2,0,0,0,0,0,0,0,0,0,0,0,0,101442,1,2,2022,1/1/2023,
4444,SYNTHETIC COMPANY 01443,SYNTHETIC SITE 01443,,1 Example Way,Nowhere,ZZ,00000,3251,SYNTHETIC INDUSTRY,177,356380,2,0,0,0,0,0,0,0,0,0,0,0,0,101443,1,2,2022,1/1/2023,
4445,SYNTHETIC COMPANY 01444,SYNTHETIC SITE 01444,,1 Example Way,Nowhere,ZZ,00000,3328,SYNTHETIC INDUSTRY,8,15744,2,0,0,0,0,0,0,0,0,0,0,0,0,101444,1,2,2022,1/1/2023,
4446,SYNTHETIC COMPANY 01445,SYNTHETIC SITE 01445,,1 Example Way,Nowhere,ZZ,00000,4841,SYNTHETIC INDUSTRY,24,40518,2,0,0,0,0,0,0,0,0,0,0,0,0,101445,1,2,2022,1/1/2023,
4447,SYNTHETIC COMPANY 01446,SYNTHETIC SITE 01446,,1 Example Way,Nowhere,ZZ,00000,6221,SYNTHETIC INDUSTRY,16,30160,2,0,0,0,0,0,0,0,0,0,0,0,0,101446,1,2,2022,1/1/2023,
4448,SYNTHETIC COMPANY 01447,SYNTHETIC SITE 01447,,1 Example Way,Nowhere,ZZ,00000,3251,SYNTHETIC INDUSTRY,48,95861,2,0,0,0,0,0,0,0,0,0,0,0,0,101447,1,2,2022,1/1/2023,
4449,SYNTHETIC COMPANY 01448,SYNTHETIC SITE 01448,,1 Example Way,Nowhere,ZZ,00000,4841,SYNTHETIC INDUSTRY,18,28021,1,0,2,0,0,14,0,2,0,0,0,0,0,101448,1,2,2022,1/1/2023,
4450,SYNTHETIC COMPANY 01449,SYNTHETIC SITE 01449,,1 Example Way,Nowhere,ZZ,00000,4451,SYNTHETIC INDUSTRY,108,149942,2,0,0,0,0,0,0,0,0,0,0,0,0,101449,1,2,2022,1/1/2023,
4451,SYNTHETIC COMPANY 01450,SYNTHETIC SITE 01450,,1 Example Way,Nowhere,ZZ,00000,3252,SYNTHETIC INDUSTRY,20,39240,2,0,0,0,0,0,0,0,0,0,0,0,0,101450,1,2,2022,1/1/2023,
4452,SYNTHETIC COMPANY 01451,SYNTHETIC SITE 01451,,1 Example Way,Nowhere,ZZ,00000,6221,SYNTHETIC INDUSTRY,6,10701,2,0,0,0,0,0,0,0,0,0,0,0,0,101451,1,2,2022,1/1/2023,
4453,SYNTHETIC COMPANY 01452,SYNTHETIC SITE 01452,,1 Example Way,Nowhere,ZZ,00000,6221,SYNTHETIC INDUSTRY,192,334591,1,0,0,4,1,0,16,5,0,0,0,0,0,101452,1,2,2022,1/1/2023,
4454,SYNTHETIC COMPANY 01453,SYNTHETIC SITE 01453,,1 Example Way,Nowhere,ZZ,00000,4841,SYNTHETIC INDUSTRY,5,10999,2,0,0,0,0,0,0,0,0,0,0,0,0,101453,1,2,2022,1/1/2023,
4455,SYNTHETIC COMPANY 01454,SYNTHETIC SITE 01454,,1 Example Way,Nowhere,ZZ,00000,3115,SYNTHETIC INDUSTRY,26,51911,2,0,0,0,0,0,0,0,0,0,0,0,0,101454,1,2,2022,1/1/2023,
4456,SYNTHETIC COMPANY 01455,SYNTHETIC SITE 01455,,1 Example Way,Nowhere,ZZ,00000,3251,SYNTHETIC INDUSTRY,64,122437,1,0,0,1,0,0,4,1,0,0,0,0,0,101455,1,2,2022,1/1/2023,
4457,SYNTHETIC COMPANY 01456,SYNTHETIC SITE 01456,,1 Example Way,Nowhere,ZZ,00000,3115,SYNTHETIC INDUSTRY,55,110081,1,0,0,1,2,0,4,3,0,0,0,0,0,101456,1,2,2022,1/1/2023,
4458,SYNTHETIC COMPANY 01457,SYNTHETIC SITE 01457,,1 Example Way,Nowhere,ZZ,00000,3252,SYNTHETIC INDUSTRY,52,99307,2,0,0,0,0,0,0,0,0,0,0,0,0,101457,1,2,2022,1/1/2023,
4459,SYNTHETIC COMPANY 01458,SYNTHETIC SITE 01458,,1 Example Way,Nowhere,ZZ,00000,3252,SYNTHETIC INDUSTRY,48,70930,1,0,0,0,1,0,0,1,0,0,0,0,0,101458,1,2,2022,1/1/2023,
4460,SYNTHETIC COMPANY 01459,SYNTHETIC SITE 01459,,1 Example Way,Nowhere,ZZ,00000,3251,SYNTHETIC INDUSTRY,29,46427,2,0,0,0,0,0,0,0,0,0,0,0,0,101459,1,2,2022,1/1/2023,
4461,SYNTHETIC COMPANY 01460,SYNTHETIC SITE 01460,,1 Example Way,Nowhere,ZZ,00000,3252,SYNTHETIC INDUSTRY,28,54537,2,0,0,0,0,0,0,0,0,0,0,0,0,101460,1,2,2022,1/1/2023,
4462,SYNTHETIC COMPANY 01461,SYNTHETIC SITE 01461,,1 Example Way,Nowhere,ZZ,00000,4451,SYNTHETIC INDUSTRY,89,169085,1,0,0,0,1,0,0,1,0,0,0,0,0,101461,1,2,2022,1/1/2023,
4463,SYNTHETIC COMPANY 01462,SYNTHETIC SITE 01462,,1 Example Way,Nowhere,ZZ,00000,3115,SYNTHETIC INDUSTRY,59,97154,1,0,0,0,1,0,0,1,0,0,0,0,0,101462,1,2,2022,1/1/2023,
4464,SYNTHETIC COMPANY 01463,SYNTHETIC SITE 01463,,1 Example Way,Nowhere,ZZ,00000,3328,SYNTHETIC INDUSTRY,21,30466,2,0,0,0,0,0,0,0,0,0,0,0,0,101463,1,2,2022,1/1/2023,
4465,SYNTHETIC COMPANY 01464,SYNTHETIC SITE 01464,,1 Example Way,Nowhere,ZZ,00000,2361,SYNTHETIC INDUSTRY,10,19644,2,0,0,0,0,0,0,0,0,0,0,0,0,101464,1,2,2022,1/1/2023,
4466,SYNTHETIC COMPANY 01465,SYNTHETIC SITE 01465,,1 Example Way,Nowhere,ZZ,00000,6221,SYNTHETIC INDUSTRY,11,22324,2,0,0,0,0,0,0,0,0,0,0,0,0,101465,1,2,2022,1/1/2023,
4467,SYNTHETIC COMPANY 01466,SYNTHETIC SITE 01466,,1 Example Way,Nowhere,ZZ,00000,3251,SYNTHETIC INDUSTRY,73,143562,1,0,1,0,0,7,0,1,0,0,0,0,0,101466,1,2,2022,1/1/2023,
4468,SYNTHETIC COMPANY 01467,SYNTHETIC SITE 01467,,1 Example Way,Nowhere,ZZ,00000,3115,SYNTHETIC INDUSTRY,24,54130,1,0,0,0,2,0,0,2,0,0,0,0,0,101467,1,2,2022,1/1/2023,
4469,SYNTHETIC COMPANY 01468,SYNTHETIC SITE 01468,,1 Example Way,Nowhere,ZZ,00000,3251,SYNTHETIC INDUSTRY,295,568842,1,0,1,0,0,7,0,1,0,0,0,0,0,101468,1,2,2022,1/1/2023,
4470,SYNTHETIC COMPANY 01469,SYNTHETIC SITE 01469,,1 Example Way,Nowhere,ZZ,00000,4841,SYNTHETIC INDUSTRY,11,17373,2,0,0,0,0,0,0,0,0,0,0,0,0,101469,1,2,2022,1/1/2023,
4471,SYNTHETIC COMPANY 01470,SYNTHETIC SITE 01470,,1 Example Way,Nowhere,ZZ,00000,4451,SYNTHETIC INDUSTRY,33,61998,2,0,0,0,0,0,0,0,0,0,0,0,0,101470,1,2,2022,1/1/2023,
4472,SYNTHETIC COMPANY 01471,SYNTHETIC SITE 01471,,1 Example Way,Nowhere,ZZ,00000,3115,SYNTHETIC INDUSTRY,142,269252,2,0,0,0,0,0,0,0,0,0,0,0,0,101471,1,2,2022,1/1/2023,
4473,SYNTHETIC COMPANY 01472,SYNTHETIC SITE 01472,,1 Example Way,Nowhere,ZZ,00000,3252,SYNTHETIC INDUSTRY,21,34057,2,0,0,0,0,0,0,0,0,0,0,0,0,101472,1,2,2022,1/1/2023,
4474,SYNTHETIC COMPANY 01473,SYNTHETIC SITE 01473,,1 Example Way,Nowhere,ZZ,00000,3251,SYNTHETIC INDUSTRY,28,53329,2,0,0,0,0,0,0,0,0,0,0,0,0,101473,1,2,2022,1/1/2023,
4475,SYNTHETIC COMPANY 01474,SYNTHETIC SITE 01474,,1 Example Way,Nowhere,ZZ,00000,3115,SYNTHETIC INDUSTRY,100,198169,1,0,2,1,1,14,4,4,0,0,0,0,0,101474,1,2,2022,1/1/2023,
4476,SYNTHETIC COMPANY 01475,SYNTHETIC SITE 01475,,1 Example Way,Nowhere,ZZ,00000,4841,SYNTHETIC INDUSTRY,23,47049,2,0,0,0,0,0,0,0,0,0,0,0,0,101475,1,2,2022,1/1/2023,
4477,SYNTHETIC COMPANY 01476,SYNTHETIC SITE 01476,,1 Example Way,Nowhere,ZZ,00000,4841,SYNTHETIC INDUSTRY,305,608907,2,0,0,0,0,0,0,0,0,0,0,0,0,101476,1,2,2022,1/1/2023,
4478,SYNTHETIC COMPANY 01477,SYNTHETIC SITE 01477,,1 Example Way,Nowhere,ZZ,00000,3115,SYNTHETIC INDUSTRY,27,44751,1,0,1,0,0,7,0,1,0,0,0,0,0,101477,1,2,2022,1/1/2023,
4479,SYNTHETIC COMPANY 01478,SYNTHETIC SITE 01478,,1 Example Way,Nowhere,ZZ,00000,4451,SYNTHETIC INDUSTRY,63,48559,1,0,1,0,0,7,0,1,0,0,0,0,0,101478,1,2,2022,1/1/2023,
4480,SYNTHETIC COMPANY 01479,SYNTHETIC SITE 01479,,1 Example Way,Nowhere,ZZ,00000,3251,SYNTHETIC INDUSTRY,15,27536,2,0,0,0,0,0,0,0,0,0,0,0,0,101479,1,2,2022,1/1/2023,
4481,SYNTHETIC COMPANY 01480,SYNTHETIC SITE 01480,,1 Example Way,Nowhere,ZZ,00000,3251,SYNTHETIC INDUSTRY,106,133413,1,0,1,3,3,7,12,7,0,0,0,0,0,101480,1,2,2022,1/1/2023,
4482,SYNTHETIC COMPANY 01481,SYNTHETIC SITE 01481,,1 Example Way,Nowhere,ZZ,00000,6221,SYNTHETIC INDUSTRY,90,148734,2,0,0,0,0,0,0,0,0,0,0,0,0,101481,1,2,2022,1/1/2023,
4483,SYNTHETIC COMPANY 01482,SYNTHETIC SITE 01482,,1 Example Way,Nowhere,ZZ,00000,2361,SYNTHETIC INDUSTRY,355,702496,2,0,0,0,0,0,0,0,0,0,0,0,0,101482,1,2,2022,1/1/2023,
4484,SYNTHETIC COMPANY 01483,SYNTHETIC SITE 01483,,1 Example Way,Nowhere,ZZ,00000,6221,SYNTHETIC INDUSTRY,28,48211,2,0,0,0,0,0,0,0,0,0,0,0,0,101483,1,2,2022,1/1/2023,
4485,SYNTHETIC COMPANY 01484,SYNTHETIC SITE 01484,,1 Example Way,Nowhere,ZZ,00000,6221,SYNTHETIC INDUSTRY,20,36823,2,0,0,0,0,0,0,0,0,0,0,0,0,101484,1,2,2022,1/1/2023,
4486,SYNTHETIC COMPANY 01485,SYNTHETIC SITE 01485,,1 Example Way,Nowhere,ZZ,00000,3251,SYNTHETIC INDUSTRY,37,69581,1,0,1,0,0,7,0,1,0,0,0,0,0,101485,1,2,2022,1/1/2023,
4487,SYNTHETIC COMPANY 01486,SYNTHETIC SITE 01486,,1 Example Way,Nowhere,ZZ,00000,3252,SYNTHETIC INDUSTRY,287,498497,1,0,14,8,20,98,32,42,0,0,0,0,0,101486,1,2,2022,1/1/2023,
4488,SYNTHETIC COMPANY 01487,SYNTHETIC SITE 01487,,1 Example Way,Nowhere,ZZ,00000,6221,SYNTHETIC INDUSTRY,216,443507,1,0,4,1,2,28,4,7,0,0,0,0,0,101487,1,2,2022,1/1/2023,
4489,SYNTHETIC COMPANY 01488,SYNTHETIC SITE 01488,,1 Example Way,Nowhere,ZZ,00000,4841,SYNTHETIC INDUSTRY,26,52685,2,0,0,0,0,0,0,0,0,0,0,0,0,101488,1,2,2022,1/1/2023,
4490,SYNTHETIC COMPANY 01489,SYNTHETIC SITE 01489,,1 Example Way,Nowhere,ZZ,00000,3328,SYNTHETIC INDUSTRY,352,723356,1,0,10,6,7,70,24,23,0,0,0,0,0,101489,1,2,2022,1/1/2023,
4491,SYNTHETIC COMPANY 01490,SYNTHETIC SITE 01490,,1 Example Way,Nowhere,ZZ,00000,6221,SYNTHETIC INDUSTRY,12,29906,2,0,0,0,0,0,0,0,0,0,0,0,0,101490,1,2,2022,1/1/2023,
4492,SYNTHETIC COMPANY 01491,SYNTHETIC SITE 01491,,1 Example Way,Nowhere,ZZ,00000,3328,SYNTHETIC INDUSTRY,17,41371000,2,0,0,0,0,0,0,0,0,0,0,0,0,101491,1,2,2022,1/1/2023,
4493,SYNTHETIC COMPANY 01492,SYNTHETIC SITE 01492,,1 Example Way,Nowhere,ZZ,00000,4451,SYNTHETIC INDUSTRY,266,612569,1,0,5,2,6,35,8,13,0,0,0,0,0,101492,1,2,2022,1/1/2023,
4494,SYNTHETIC COMPANY 01493,SYNTHETIC SITE 01493,,1 Example Way,Nowhere,ZZ,00000,2361,SYNTHETIC INDUSTRY,437,638404,1,0,1,1,1,7,4,3,0,0,0,0,0,101493,1,2,2022,1/1/2023,
4495,SYNTHETIC COMPANY 01494,SYNTHETIC SITE 01494,,1 Example Way,Nowhere,ZZ,00000,2361,SYNTHETIC INDUSTRY,111,185071,1,0,4,2,2,28,8,8,0,0,0,0,0,101494,1,2,2022,1/1/2023,
4496,SYNTHETIC COMPANY 01495,SYNTHETIC SITE 01495,,1 Example Way,Nowhere,ZZ,00000,3251,SYNTHETIC INDUSTRY,52,108618,2,0,0,0,0,0,0,0,0,0,0,0,0,101495,1,2,2022,1/1/2023,
4497,SYNTHETIC COMPANY 01496,SYNTHETIC SITE 01496,,1 Example Way,Nowhere,ZZ,00000,6221,SYNTHETIC INDUSTRY,50,69268,2,0,0,0,0,0,0,0,0,0,0,0,0,101496,1,2,2022,1/1/2023,
4498,SYNTHETIC COMPANY 01497,SYNTHETIC SITE 01497,,1 Example Way,Nowhere,ZZ,00000,4841,SYNTHETIC INDUSTRY,126,245030,1,0,0,0,1,0,0,1,0,0,0,0,0,101497,1,2,2022,1/1/2023,
4499,SYNTHETIC COMPANY 01498,SYNTHETIC SITE 01498,,1 Example Way,Nowhere,ZZ,00000,4451,SYNTHETIC INDUSTRY,7,13896,2,0,0,0,0,0,0,0,0,0,0,0,0,101498,1,2,2022,1/1/2023,
4500,SYNTHETIC COMPANY 01499,SYNTHETIC SITE 01499,,1 Example Way,Nowhere,ZZ,00000,2361,SYNTHETIC INDUSTRY,123,213776,1,0,1,0,0,7,0,1,0,0,0,0,0,101499,1,2,2022,1/1/2023,
4501,SYNTHETIC COMPANY 01500,SYNTHETIC SITE 01500,,1 Example Way,Nowhere,ZZ,00000,3115,SYNTHETIC INDUSTRY,9,16812,2,0,0,0,0,0,0,0,0,0,0,0,0,101500,1,2,2022,1/1/2023,
4502,SYNTHETIC COMPANY 01501,SYNTHETIC SITE 01501,,1 Example Way,Nowhere,ZZ,00000,3328,SYNTHETIC INDUSTRY,67,103336,2,0,0,0,0,0,0,0,0,0,0,0,0,101501,1,2,2022,1/1/2023,
4503,SYNTHETIC COMPANY 01502,SYNTHETIC SITE 01502,,1 Example Way,Nowhere,ZZ,00000,3328,SYNTHETIC INDUSTRY,37,90364,2,0,0,0,0,0,0,0,0,0,0,0,0,101502,1,2,2022,1/1/2023,
4504,SYNTHETIC COMPANY 01503,SYNTHETIC SITE 01503,,1 Example Way,Nowhere,ZZ,00000,2361,SYNTHETIC INDUSTRY,25,34391,2,0,0,0,0,0,0,0,0,0,0,0,0,101503,1,2,2022,1/1/2023,
4505,SYNTHETIC COMPANY 01504,SYNTHETIC SITE 01504,,1 Example Way,Nowhere,ZZ,00000,6221,SYNTHETIC INDUSTRY,33,68183,2,0,0,0,0,0,0,0,0,0,0,0,0,101504,1,2,2022,1/1/2023,
4506,SYNTHETIC COMPANY 01505,SYNTHETIC SITE 01505,,1 Example Way,Nowhere,ZZ,00000,4841,SYNTHETIC INDUSTRY,104,161490,2,0,0,0,0,0,0,0,0,0,0,0,0,101505,1,2,2022,1/1/2023,
4507,SYNTHETIC COMPANY 01506,SYNTHETIC SITE 01506,,1 Example Way,Nowhere,ZZ,00000,2361,SYNTHETIC INDUSTRY,15,24799,2,0,0,0,0,0,0,0,0,0,0,0,0,101506,1,2,2022,1/1/2023,
4508,SYNTHETIC COMPANY 01507,SYNTHETIC SITE 01507,,1 Example Way,Nowhere,ZZ,00000,4841,SYNTHETIC INDUSTRY,24,40075,1,0,0,1,1,0,4,2,0,0,0,0,0,101507,1,2,2022,1/1/2023,
4509,SYNTHETIC COMPANY 01508,SYNTHETIC SITE 01508,,1 Example Way,Nowhere,ZZ,00000,3115,SYNTHETIC INDUSTRY,43,60969,2,0,0,0,0,0,0,0,0,0,0,0,0,101508,1,2,2022,1/1/2023,
4510,SYNTHETIC COMPANY 01509,SYNTHETIC SITE 01509,,1 Example Way,Nowhere,ZZ,00000,3328,SYNTHETIC INDUSTRY,60,117588,1,0,2,1,1,14,4,4,0,0,0,0,0,101509,1,2,2022,1/1/2023,
4511,SYNTHETIC COMPANY 01510,SYNTHETIC SITE 01510,,1 Example Way,Nowhere,ZZ,00000,3252,SYNTHETIC INDUSTRY,50,104590,1,0,0,0,1,0,0,1,0,0,0,0,0,101510,1,2,2022,1/1/2023,
4512,SYNTHETIC COMPANY 01511,SYNTHETIC SITE 01511,,1 Example Way,Nowhere,ZZ,00000,3115,SYNTHETIC INDUSTRY,393,535102,2,0,0,0,0,0,0,0,0,0,0,0,0,101511,1,2,2022,1/1/2023,
4513,SYNTHETIC COMPANY 01512,SYNTHETIC SITE 01512,,1 Example Way,Nowhere,ZZ,00000,3252,SYNTHETIC INDUSTRY,13,25083,2,0,0,0,0,0,0,0,0,0,0,0,0,101512,1,2,2022,1/1/2023,
4514,SYNTHETIC COMPANY 01513,SYNTHETIC SITE 01513,,1 Example Way,Nowhere,ZZ,00000,3252,SYNTHETIC INDUSTRY,37,63297,2,0,0,0,0,0,0,0,0,0,0,0,0,101513,1,2,2022,1/1/2023,
4515,SYNTHETIC COMPANY 01514,SYNTHETIC SITE 01514,,1 Example Way,Nowhere,ZZ,00000,3251,SYNTHETIC INDUSTRY,10,18493,2,0,0,0,0,0,0,0,0,0,0,0,0,101514,1,2,2022,1/1/2023,
4516,SYNTHETIC COMPANY 01515,SYNTHETIC SITE 01515,,1 Example Way,Nowhere,ZZ,00000,3328,SYNTHETIC INDUSTRY,708,1180535,1,0,0,1,0,0,4,1,0,0,0,0,0,101515,1,2,2022,1/1/2023,
4517,SYNTHETIC COMPANY 01516,SYNTHETIC SITE 01516,,1 Example Way,Nowhere,ZZ,00000,6221,SYNTHETIC INDUSTRY,108,171543,1,0,0,1,0,0,4,1,0,0,0,0,0,101516,1,2,2022,1/1/2023,
4518,SYNTHETIC COMPANY 01517,SYNTHETIC SITE 01517,,1 Example Way,Nowhere,ZZ,00000,3328,SYNTHETIC INDUSTRY,19,44472,2,0,0,0,0,0,0,0,0,0,0,0,0,101517,1,2,2022,1/1/2023,
4519,SYNTHETIC COMPANY 01518,SYNTHETIC SITE 01518,,1 Example Way,Nowhere,ZZ,00000,3252,SYNTHETIC INDUSTRY,36,72848,2,0,0,0,0,0,0,0,0,0,0,0,0,101518,1,2,2022,1/1/2023,
4520,SYNTHETIC COMPANY 01519,SYNTHETIC SITE 01519,,1 Example Way,Nowhere,ZZ,00000,3252,SYNTHETIC INDUSTRY,427,881701,1,0,0,2,2,0,8,4,0,0,0,0,0,101519,1,2,2022,1/1/2023,
4521,SYNTHETIC COMPANY 01520,SYNTHETIC SITE 01520,,1 Example Way,Nowhere,ZZ,00000,3115,SYNTHETIC INDUSTRY,302,390413,1,0,2,0,4,14,0,6,0,0,0,0,0,101520,1,2,2022,1/1/2023,
4522,SYNTHETIC COMPANY 01521,SYNTHETIC SITE 01521,,1 Example Way,Nowhere,ZZ,00000,2361,SYNTHETIC INDUSTRY,33,55407,2,0,0,0,0,0,0,0,0,0,0,0,0,101521,1,2,2022,1/1/2023,
4523,SYNTHETIC COMPANY 01522,SYNTHETIC SITE 01522,,1 Example Way,Nowhere,ZZ,00000,3252,SYNTHETIC INDUSTRY,55,109887,2,0,0,0,0,0,0,0,0,0,0,0,0,101522,1,2,2022,1/1/2023,
4524,SYNTHETIC COMPANY 01523,SYNTHETIC SITE 01523,,1 Example Way,Nowhere,ZZ,00000,2361,SYNTHETIC INDUSTRY,125,238302,2,0,0,0,0,0,0,0,0,0,0,0,0,101523,1,2,2022,1/1/2023,
4525,SYNTHETIC COMPANY 01524,SYNTHETIC SITE 01524,,1 Example Way,Nowhere,ZZ,00000,6221,SYNTHETIC INDUSTRY,153,254934,1,0,1,3,5,7,12,9,0,0,0,0,0,101524,1,2,2022,1/1/2023,
4526,SYNTHETIC COMPANY 01525,SYNTHETIC SITE 01525,,1 Example Way,Nowhere,ZZ,00000,3115,SYNTHETIC INDUSTRY,144,242637,2,0,0,0,0,0,0,0,0,0,0,0,0,101525,1,2,2022,1/1/2023,
4527,SYNTHETIC COMPANY 01526,SYNTHETIC SITE 01526,,1 Example Way,Nowhere,ZZ,00000,3328,SYNTHETIC INDUSTRY,182,349469,1,0,3,3,4,21,12,10,0,0,0,0,0,101526,1,2,2022,1/1/2023,
4528,SYNTHETIC COMPANY 01527,SYNTHETIC SITE 01527,,1 Example Way,Nowhere,ZZ,00000,3115,SYNTHETIC INDUSTRY,75,103632,2,0,0,0,0,0,0,0,0,0,0,0,0,101527,1,2,2022,1/1/2023,
4529,SYNTHETIC COMPANY 01528,SYNTHETIC SITE 01528,,1 Example Way,Nowhere,ZZ,00000,3115,SYNTHETIC INDUSTRY,15,27956,1,0,1,0,1,7,0,2,0,0,0,0,0,101528,1,2,2022,1/1/2023,
4530,SYNTHETIC COMPANY 01529,SYNTHETIC SITE 01529,,1 Example Way,Nowhere,ZZ,00000,6221,SYNTHETIC INDUSTRY,23,41736,2,0,0,0,0,0,0,0,0,0,0,0,0,101529,1,2,2022,1/1/2023,
4531,SYNTHETIC COMPANY 01530,SYNTHETIC SITE 01530,,1 Example Way,Nowhere,ZZ,00000,3115,SYNTHETIC INDUSTRY,39,67652,2,0,0,0,0,0,0,0,0,0,0,0,0,101530,1,2,2022,1/1/2023,
4532,SYNTHETIC COMPANY 01531,SYNTHETIC SITE 01531,,1 Example Way,Nowhere,ZZ,00000,3251,SYNTHETIC INDUSTRY,39,63929,2,0,0,0,0,0,0,0,0,0,0,0,0,101531,1,2,2022,1/1/2023,
4533,SYNTHETIC COMPANY 01532,SYNTHETIC SITE 01532,,1 Example Way,Nowhere,ZZ,00000,3251,SYNTHETIC INDUSTRY,97,182904,1,0,3,0,1,21,0,4,0,0,0,0,0,101532,1,2,2022,1/1/2023,
4534,SYNTHETIC COMPANY 01533,SYNTHETIC SITE 01533,,1 Example Way,Nowhere,ZZ,00000,3328,SYNTHETIC INDUSTRY,574,838350,1,0,7,7,10,49,28,24,0,0,0,0,0,101533,1,2,2022,1/1/2023,
4535,SYNTHETIC COMPANY 01534,SYNTHETIC SITE 01534,,1 Example Way,Nowhere,ZZ,00000,4841,SYNTHETIC INDUSTRY,16,30831,2,0,0,0,0,0,0,0,0,0,0,0,0,101534,1,2,2022,1/1/2023,
4536,SYNTHETIC COMPANY 01535,SYNTHETIC SITE 01535,,1 Example Way,Nowhere,ZZ,00000,2361,SYNTHETIC INDUSTRY,58,123973,1,0,0,0,2,0,0,2,0,0,0,0,0,101535,1,2,2022,1/1/2023,
4537,SYNTHETIC COMPANY 01536,SYNTHETIC SITE 01536,,1 Example Way,Nowhere,ZZ,00000,3328,SYNTHETIC INDUSTRY,43,73986,2,0,0,0,0,0,0,0,0,0,0,0,0,101536,1,2,2022,1/1/2023,
4538,SYNTHETIC COMPANY 01537,SYNTHETIC SITE 01537,,1 Example Way,Nowhere,ZZ,00000,4841,SYNTHETIC INDUSTRY,231,493175,1,0,8,4,8,56,16,20,0,0,0,0,0,101537,1,2,2022,1/1/2023,
4539,SYNTHETIC COMPANY 01538,SYNTHETIC SITE 01538,,1 Example Way,Nowhere,ZZ,00000,4451,SYNTHETIC INDUSTRY,1200,1963814,2,0,0,0,0,0,0,0,0,0,0,0,0,101538,1,2,2022,1/1/2023,
4540,SYNTHETIC COMPANY 01539,SYNTHETIC SITE 01539,,1 Example Way,Nowhere,ZZ,00000,3251,SYNTHETIC INDUSTRY,198,358079,1,0,4,5,3,28,20,12,0,0,0,0,0,101539,1,2,2022,1/1/2023,
4541,SYNTHETIC COMPANY 01540,SYNTHETIC SITE 01540,,1 Example Way,Nowhere,ZZ,00000,2361,SYNTHETIC INDUSTRY,22,43429,2,0,0,0,0,0,0,0,0,0,0,0,0,101540,1,2,2022,1/1/2023,
4542,SYNTHETIC COMPANY 01541,SYNTHETIC SITE 01541,,1 Example Way,Nowhere,ZZ,00000,4451,SYNTHETIC INDUSTRY,115,229023,1,0,2,0,2,14,0,4,0,0,0,0,0,101541,1,2,2022,1/1/2023,
4543,SYNTHETIC COMPANY 01542,SYNTHETIC SITE 01542,,1 Example Way,Nowhere,ZZ,00000,4451,SYNTHETIC INDUSTRY,17,40249,2,0,0,0,0,0,0,0,0,0,0,0,0,101542,1,2,2022,1/1/2023,
4544,SYNTHETIC COMPANY 01543,SYNTHETIC SITE 01543,,1 Example Way,Nowhere,ZZ,00000,2361,SYNTHETIC INDUSTRY,16,30943,2,0,0,0,0,0,0,0,0,0,0,0,0,101543,1,2,2022,1/1/2023,
4545,SYNTHETIC COMPANY 01544,SYNTHETIC SITE 01544,,1 Example Way,Nowhere,ZZ,00000,3115,SYNTHETIC INDUSTRY,15,33145,1,0,0,0,1,0,0,1,0,0,0,0,0,101544,1,2,2022,1/1/2023,
4546,SYNTHETIC COMPANY 01545,SYNTHETIC SITE 01545,,1 Example Way,Nowhere,ZZ,00000,6221,SYNTHETIC INDUSTRY,478,816310,1,0,12,9,25,84,36,46,0,0,0,0,0,101545,1,2,2022,1/1/2023,
4547,SYNTHETIC COMPANY 01546,SYNTHETIC SITE 01546,,1 Example Way,Nowhere,ZZ,00000,3115,SYNTHETIC INDUSTRY,13,23642,2,0,0,0,0,0,0,0,0,0,0,0,0,101546,1,2,2022,1/1/2023,
4548,SYNTHETIC COMPANY 01547,SYNTHETIC SITE 01547,,1 Example Way,Nowhere,ZZ,00000,2361,SYNTHETIC INDUSTRY,16,21517,2,0,0,0,0,0,0,0,0,0,0,0,0,101547,1,2,2022,1/1/2023,
4549,SYNTHETIC COMPANY 01548,SYNTHETIC SITE 01548,,1 Example Way,Nowhere,ZZ,00000,3251,SYNTHETIC INDUSTRY,94,169733,1,0,0,1,1,0,4,2,0,0,0,0,0,101548,1,2,2022,1/1/2023,
4550,SYNTHETIC COMPANY 01549,SYNTHETIC SITE 01549,,1 Example Way,Nowhere,ZZ,00000,3252,SYNTHETIC INDUSTRY,13,25185,1,0,1,0,0,7,0,1,0,0,0,0,0,101549,1,2,2022,1/1/2023,
4551,SYNTHETIC COMPANY 01550,SYNTHETIC SITE 01550,,1 Example Way,Nowhere,ZZ,00000,6221,SYNTHETIC INDUSTRY,124,233096,2,0,0,0,0,0,0,0,0,0,0,0,0,101550,1,2,2022,1/1/2023,
4552,SYNTHETIC COMPANY 01551,SYNTHETIC SITE 01551,,1 Example Way,Nowhere,ZZ,00000,3251,SYNTHETIC INDUSTRY,548,1007164,1,0,5,3,10,35,12,18,0,0,0,0,0,101551,1,2,2022,1/1/2023,
4553,SYNTHETIC COMPANY 01552,SYNTHETIC SITE 01552,,1 Example Way,Nowhere,ZZ,00000,6221,SYNTHETIC INDUSTRY,313,527223,1,0,2,0,3,14,0,5,0,0,0,0,0,101552,1,2,2022,1/1/2023,
4554,SYNTHETIC COMPANY 01553,SYNTHETIC SITE 01553,,1 Example Way,Nowhere,ZZ,00000,3252,SYNTHETIC INDUSTRY,53,105371,1,0,1,2,0,7,8,3,0,0,0,0,0,101553,1,2,2022,1/1/2023,
4555,SYNTHETIC COMPANY 01554,SYNTHETIC SITE 01554,,1 Example Way,Nowhere,ZZ,00000,3252,SYNTHETIC INDUSTRY,5,9973,2,0,0,0,0,0,0,0,0,0,0,0,0,101554,1,2,2022,1/1/2023,
4556,SYNTHETIC COMPANY 01555,SYNTHETIC SITE 01555,,1 Example Way,Nowhere,ZZ,00000,3115,SYNTHETIC INDUSTRY,23,37617,1,0,1,2,2,7,8,5,0,0,0,0,0,101555,1,2,2022,1/1/2023,
4557,SYNTHETIC COMPANY 01556,SYNTHETIC SITE 01556,,1 Example Way,Nowhere,ZZ,00000,4841,SYNTHETIC INDUSTRY,7,8848,2,0,0,0,0,0,0,0,0,0,0,0,0,101556,1,2,2022,1/1/2023,
4558,SYNTHETIC COMPANY 01557,SYNTHETIC SITE 01557,,1 Example Way,Nowhere,ZZ,00000,6221,SYNTHETIC INDUSTRY,14,26362,1,0,0,0,1,0,0,1,0,0,0,0,0,101557,1,2,2022,1/1/2023,
4559,SYNTHETIC COMPANY 01558,SYNTHETIC SITE 01558,,1 Example Way,Nowhere,ZZ,00000,2361,SYNTHETIC INDUSTRY,398,716273,1,0,6,3,3,42,12,12,0,0,0,0,0,101558,1,2,2022,1/1/2023,
4560,SYNTHETIC COMPANY 01559,SYNTHETIC SITE 01559,,1 Example Way,Nowhere,ZZ,00000,6221,SYNTHETIC INDUSTRY,36,76121,2,0,0,0,0,0,0,0,0,0,0,0,0,101559,1,2,2022,1/1/2023,
4561,SYNTHETIC COMPANY 01560,SYNTHETIC SITE 01560,,1 Example Way,Nowhere,ZZ,00000,3252,SYNTHETIC INDUSTRY,187,360372,1,0,0,0,1,0,0,1,0,0,0,0,0,101560,1,2,2022,1/1/2023,
4562,SYNTHETIC COMPANY 01561,SYNTHETIC SITE 01561,,1 Example Way,Nowhere,ZZ,00000,3115,SYNTHETIC INDUSTRY,12,24186,2,0,0,0,0,0,0,0,0,0,0,0,0,101561,1,2,2022,1/1/2023,
4563,SYNTHETIC COMPANY 01562,SYNTHETIC SITE 01562,,1 Example Way,Nowhere,ZZ,00000,3252,SYNTHETIC INDUSTRY,13,29742,2,0,0,0,0,0,0,0,0,0,0,0,0,101562,1,2,2022,1/1/2023,
4564,SYNTHETIC COMPANY 01563,SYNTHETIC SITE 01563,,1 Example Way,Nowhere,ZZ,00000,4451,SYNTHETIC INDUSTRY,125,255465,1,0,1,2,2,7,8,5,0,0,0,0,0,101563,1,2,2022,1/1/2023,
4565,SYNTHETIC COMPANY 01564,SYNTHETIC SITE 01564,,1 Example Way,Nowhere,ZZ,00000,4451,SYNTHETIC INDUSTRY,228,488798,2,0,0,0,0,0,0,0,0,0,0,0,0,101564,1,2,2022,1/1/2023,
4566,SYNTHETIC COMPANY 01565,SYNTHETIC SITE 01565,,1 Example Way,Nowhere,ZZ,00000,4841,SYNTHETIC INDUSTRY,77,79424,1,0,0,1,2,0,4,3,0,0,0,0,0,101565,1,2,2022,1/1/2023,
4567,SYNTHETIC COMPANY 01566,SYNTHETIC SITE 01566,,1 Example Way,Nowhere,ZZ,00000,3328,SYNTHETIC INDUSTRY,91,162096,1,0,1,0,1,7,0,2,0,0,0,0,0,101566,1,2,2022,1/1/2023,
4568,SYNTHETIC COMPANY 01567,SYNTHETIC SITE 01567,,1 Example Way,Nowhere,ZZ,00000,3251,SYNTHETIC INDUSTRY,247,382545,2,0,0,0,0,0,0,0,0,0,0,0,0,101567,1,2,2022,1/1/2023,
4569,SYNTHETIC COMPANY 01568,SYNTHETIC SITE 01568,,1 Example Way,Nowhere,ZZ,00000,2361,SYNTHETIC INDUSTRY,17,37713,2,0,0,0,0,0,0,0,0,0,0,0,0,101568,1,2,2022,1/1/2023,
4570,SYNTHETIC COMPANY 01569,SYNTHETIC SITE 01569,,1 Example Way,Nowhere,ZZ,00000,2361,SYNTHETIC INDUSTRY,165,241433,2,0,0,0,0,0,0,0,0,0,0,0,0,101569,1,2,2022,1/1/2023,
4571,SYNTHETIC COMPANY 01570,SYNTHETIC SITE 01570,,1 Example Way,Nowhere,ZZ,00000,3328,SYNTHETIC INDUSTRY,37,69268,2,0,0,0,0,0,0,0,0,0,0,0,0,101570,1,2,2022,1/1/2023,
4572,SYNTHETIC COMPANY 01571,SYNTHETIC SITE 01571,,1 Example Way,Nowhere,ZZ,00000,3252,SYNTHETIC INDUSTRY,15,26022,2,0,0,0,0,0,0,0,0,0,0,0,0,101571,1,2,2022,1/1/2023,
4573,SYNTHETIC COMPANY 01572,SYNTHETIC SITE 01572,,1 Example Way,Nowhere,ZZ,00000,3252,SYNTHETIC INDUSTRY,4,76700,2,0,0,0,0,0,0,0,0,0,0,0,0,101572,1,2,2022,1/1/2023,
4574,SYNTHETIC COMPANY 01573,SYNTHETIC SITE 01573,,1 Example Way,Nowhere,ZZ,00000,4451,SYNTHETIC INDUSTRY,200,381811,1,0,0,4,6,0,16,10,0,0,0,0,0,101573,1,2,2022,1/1/2023,
4575,SYNTHETIC COMPANY 01574,SYNTHETIC SITE 01574,,1 Example Way,Nowhere,ZZ,00000,3251,SYNTHETIC INDUSTRY,7,15950,2,0,0,0,0,0,0,0,0,0,0,0,0,101574,1,2,2022,1/1/2023,
4576,SYNTHETIC COMPANY 01575,SYNTHETIC SITE 01575,,1 Example Way,Nowhere,ZZ,00000,3251,SYNTHETIC INDUSTRY,14,31736,2,0,0,0,0,0,0,0,0,0,0,0,0,101575,1,2,2022,1/1/2023,
4577,SYNTHETIC COMPANY 01576,SYNTHETIC SITE 01576,,1 Example Way,Nowhere,ZZ,00000,3328,SYNTHETIC INDUSTRY,63,91100,2,0,0,0,0,0,0,0,0,0,0,0,0,101576,1,2,2022,1/1/2023,
4578,SYNTHETIC COMPANY 01577,SYNTHETIC SITE 01577,,1 Example Way,Nowhere,ZZ,00000,3252,SYNTHETIC INDUSTRY,308,639154,2,0,0,0,0,0,0,0,0,0,0,0,0,101577,1,2,2022,1/1/2023,
4579,SYNTHETIC COMPANY 01578,SYNTHETIC SITE 01578,,1 Example Way,Nowhere,ZZ,00000,3328,SYNTHETIC INDUSTRY,282,483825,1,0,1,2,6,7,8,9,0,0,0,0,0,101578,1,2,2022,1/1/2023,
4580,SYNTHETIC COMPANY 01579,SYNTHETIC SITE 01579,,1 Example Way,Nowhere,ZZ,00000,3252,SYNTHETIC INDUSTRY,46,85442,2,0,0,0,0,0,0,0,0,0,0,0,0,101579,1,2,2022,1/1/2023,
4581,SYNTHETIC COMPANY 01580,SYNTHETIC SITE 01580,,1 Example Way,Nowhere,ZZ,00000,2361,SYNTHETIC INDUSTRY,114,239220,2,0,0,0,0,0,0,0,0,0,0,0,0,101580,1,2,2022,1/1/2023,
4582,SYNTHETIC COMPANY 01581,SYNTHETIC SITE 01581,,1 Example Way,Nowhere,ZZ,00000,3251,SYNTHETIC INDUSTRY,32,49440,2,0,0,0,0,0,0,0,0,0,0,0,0,101581,1,2,2022,1/1/2023,
4583,SYNTHETIC COMPANY 01582,SYNTHETIC SITE 01582,,1 Example Way,Nowhere,ZZ,00000,4841,SYNTHETIC INDUSTRY,14,18087,1,0,1,0,0,7,0,1,0,0,0,0,0,101582,1,2,2022,1/1/2023,
4584,SYNTHETIC COMPANY 01583,SYNTHETIC SITE 01583,,1 Example Way,Nowhere,ZZ,00000,3252,SYNTHETIC INDUSTRY,30,50490,2,0,0,0,0,0,0,0,0,0,0,0,0,101583,1,2,2022,1/1/2023,
4585,SYNTHETIC COMPANY 01584,SYNTHETIC SITE 01584,,1 Example Way,Nowhere,ZZ,00000,2361,SYNTHETIC INDUSTRY,136,187434,1,0,0,0,1,0,0,1,0,0,0,0,0,101584,1,2,2022,1/1/2023,
4586,SYNTHETIC COMPANY 01585,SYNTHETIC SITE 01585,,1 Example Way,Nowhere,ZZ,00000,4451,SYNTHETIC INDUSTRY,32,58501,2,0,0,0,0,0,0,0,0,0,0,0,0,101585,1,2,2022,1/1/2023,
4587,SYNTHETIC COMPANY 01586,SYNTHETIC SITE 01586,,1 Example Way,Nowhere,ZZ,00000,3252,SYNTHETIC INDUSTRY,45,81935,1,0,2,0,1,14,0,3,0,0,0,0,0,101586,1,2,2022,1/1/2023,
4588,SYNTHETIC COMPANY 01587,SYNTHETIC SITE 01587,,1 Example Way,Nowhere,ZZ,00000,3115,SYNTHETIC INDUSTRY,42,93206,2,0,0,0,0,0,0,0,0,0,0,0,0,101587,1,2,2022,1/1/2023,
4589,SYNTHETIC COMPANY 01588,SYNTHETIC SITE 01588,,1 Example Way,Nowhere,ZZ,00000,2361,SYNTHETIC INDUSTRY,25,47151,1,0,1,0,1,7,0,2,0,0,0,0,0,101588,1,2,2022,1/1/2023,
4590,SYNTHETIC COMPANY 01589,SYNTHETIC SITE 01589,,1 Example Way,Nowhere,ZZ,00000,4841,SYNTHETIC INDUSTRY,43,72177,2,0,0,0,0,0,0,0,0,0,0,0,0,101589,1,2,2022,1/1/2023,
4591,SYNTHETIC COMPANY 01590,SYNTHETIC SITE 01590,,1 Example Way,Nowhere,ZZ,00000,3115,SYNTHETIC INDUSTRY,245,350981,1,0,2,0,2,14,0,4,0,0,0,0,0,101590,1,2,2022,1/1/2023,
4592,SYNTHETIC COMPANY 01591,SYNTHETIC SITE 01591,,1 Example Way,Nowhere,ZZ,00000,6221,SYNTHETIC INDUSTRY,514,1048425,2,0,0,0,0,0,0,0,0,0,0,0,0,101591,1,2,2022,1/1/2023,
4593,SYNTHETIC COMPANY 01592,SYNTHETIC SITE 01592,,1 Example Way,Nowhere,ZZ,00000,3115,SYNTHETIC INDUSTRY,45,73150,2,0,0,0,0,0,0,0,0,0,0,0,0,101592,1,2,2022,1/1/2023,
4594,SYNTHETIC COMPANY 01593,SYNTHETIC SITE 01593,,1 Example Way,Nowhere,ZZ,00000,6221,SYNTHETIC INDUSTRY,17,33005,2,0,0,0,0,0,0,0,0,0,0,0,0,101593,1,2,2022,1/1/2023,
4595,SYNTHETIC COMPANY 01594,SYNTHETIC SITE 01594,,1 Example Way,Nowhere,ZZ,00000,2361,SYNTHETIC INDUSTRY,47,82474,2,0,0,0,0,0,0,0,0,0,0,0,0,101594,1,2,2022,1/1/2023,
4596,SYNTHETIC COMPANY 01595,SYNTHETIC SITE 01595,,1 Example Way,Nowhere,ZZ,00000,3115,SYNTHETIC INDUSTRY,21,36922,1,0,0,0,1,0,0,1,0,0,0,0,0,101595,1,2,2022,1/1/2023,
4597,SYNTHETIC COMPANY 01596,SYNTHETIC SITE 01596,,1 Example Way,Nowhere,ZZ,00000,4451,SYNTHETIC INDUSTRY,20,24388,2,0,0,0,0,0,0,0,0,0,0,0,0,101596,1,2,2022,1/1/2023,
4598,SYNTHETIC COMPANY 01597,SYNTHETIC SITE 01597,,1 Example Way,Nowhere,ZZ,00000,6221,SYNTHETIC INDUSTRY,95,152229,2,0,0,0,0,0,0,0,0,0,0,0,0,101597,1,2,2022,1/1/2023,
4599,SYNTHETIC COMPANY 01598,SYNTHETIC SITE 01598,,1 Example Way,Nowhere,ZZ,00000,3328,SYNTHETIC INDUSTRY,39,50699,2,0,0,0,0,0,0,0,0,0,0,0,0,101598,1,2,2022,1/1/2023,
4600,SYNTHETIC COMPANY 01599,SYNTHETIC SITE 01599,,1 Example Way,Nowhere,ZZ,00000,4841,SYNTHETIC INDUSTRY,153,315177,2,0,0,0,0,0,0,0,0,0,0,0,0,101599,1,2,2022,1/1/2023,
4601,SYNTHETIC COMPANY 01600,SYNTHETIC SITE 01600,,1 Example Way,Nowhere,ZZ,00000,6221,SYNTHETIC INDUSTRY,111,172479,2,0,0,0,0,0,0,0,0,0,0,0,0,101600,1,2,2022,1/1/2023,
4602,SYNTHETIC COMPANY 01601,SYNTHETIC SITE 01601,,1 Example Way,Nowhere,ZZ,00000,2361,SYNTHETIC INDUSTRY,30,66302,1,0,0,0,1,0,0,1,0,0,0,0,0,101601,1,2,2022,1/1/2023,
4603,SYNTHETIC COMPANY 01602,SYNTHETIC SITE 01602,,1 Example Way,Nowhere,ZZ,00000,6221,SYNTHETIC INDUSTRY,54,140819,1,0,0,1,1,0,4,2,0,0,0,0,0,101602,1,2,2022,1/1/2023,
4604,SYNTHETIC COMPANY 01603,SYNTHETIC SITE 01603,,1 Example Way,Nowhere,ZZ,00000,2361,SYNTHETIC INDUSTRY,49,97650,1,0,2,0,0,14,0,2,0,0,0,0,0,101603,1,2,2022,1/1/2023,
4605,SYNTHETIC COMPANY 01604,SYNTHETIC SITE 01604,,1 Example Way,Nowhere,ZZ,00000,3115,SYNTHETIC INDUSTRY,28,55944,2,0,0,0,0,0,0,0,0,0,0,0,0,101604,1,2,2022,1/1/2023,
4606,SYNTHETIC COMPANY 01605,SYNTHETIC SITE 01605,,1 Example Way,Nowhere,ZZ,00000,4451,SYNTHETIC INDUSTRY,6,8649,2,0,0,0,0,0,0,0,0,0,0,0,0,101605,1,2,2022,1/1/2023,
4607,SYNTHETIC COMPANY 01606,SYNTHETIC SITE 01606,,1 Example Way,Nowhere,ZZ,00000,4451,SYNTHETIC INDUSTRY,6,11602,2,0,0,0,0,0,0,0,0,0,0,0,0,101606,1,2,2022,1/1/2023,
4608,SYNTHETIC COMPANY 01607,SYNTHETIC SITE 01607,,1 Example Way,Nowhere,ZZ,00000,2361,SYNTHETIC INDUSTRY,136,300606,1,0,0,2,0,0,8,2,0,0,0,0,0,101607,1,2,2022,1/1/2023,
4609,SYNTHETIC COMPANY 01608,SYNTHETIC SITE 01608,,1 Example Way,Nowhere,ZZ,00000,3252,SYNTHETIC INDUSTRY,33,65158,2,0,0,0,0,0,0,0,0,0,0,0,0,101608,1,2,2022,1/1/2023,
4610,SYNTHETIC COMPANY 01609,SYNTHETIC SITE 01609,,1 Example Way,Nowhere,ZZ,00000,3328,SYNTHETIC INDUSTRY,70,137381,2,0,0,0,0,0,0,0,0,0,0,0,0,101609,1,2,2022,1/1/2023,
4611,SYNTHETIC COMPANY 01610,SYNTHETIC SITE 01610,,1 Example Way,Nowhere,ZZ,00000,3252,SYNTHETIC INDUSTRY,21,43367,2,0,0,0,0,0,0,0,0,0,0,0,0,101610,1,2,2022,1/1/2023,
4612,SYNTHETIC COMPANY 01611,SYNTHETIC SITE 01611,,1 Example Way,Nowhere,ZZ,00000,2361,SYNTHETIC INDUSTRY,138,279908,2,0,0,0,0,0,0,0,0,0,0,0,0,101611,1,2,2022,1/1/2023,
4613,SYNTHETIC COMPANY 01612,SYNTHETIC SITE 01612,,1 Example Way,Nowhere,ZZ,00000,6221,SYNTHETIC INDUSTRY,801,1427736,1,0,10,8,17,70,32,35,0,0,0,0,0,101612,1,2,2022,1/1/2023,
4614,SYNTHETIC COMPANY 01613,SYNTHETIC SITE 01613,,1 Example Way,Nowhere,ZZ,00000,3252,SYNTHETIC INDUSTRY,18,33717,2,0,0,0,0,0,0,0,0,0,0,0,0,101613,1,2,2022,1/1/2023,
4615,SYNTHETIC COMPANY 01614,SYNTHETIC SITE 01614,,1 Example Way,Nowhere,ZZ,00000,2361,SYNTHETIC INDUSTRY,24,44030,2,0,0,0,0,0,0,0,0,0,0,0,0,101614,1,2,2022,1/1/2023,
4616,SYNTHETIC COMPANY 01615,SYNTHETIC SITE 01615,,1 Example Way,Nowhere,ZZ,00000,4451,SYNTHETIC INDUSTRY,47,103398,1,0,1,1,2,7,4,4,0,0,0,0,0,101615,1,2,2022,1/1/2023,
4617,SYNTHETIC COMPANY 01616,SYNTHETIC SITE 01616,,1 Example Way,Nowhere,ZZ,00000,3251,SYNTHETIC INDUSTRY,677,1118953,2,0,0,0,0,0,0,0,0,0,0,0,0,101616,1,2,2022,1/1/2023,
4618,SYNTHETIC COMPANY 01617,SYNTHETIC SITE 01617,,1 Example Way,Nowhere,ZZ,00000,6221,SYNTHETIC INDUSTRY,222,388531,2,0,0,0,0,0,0,0,0,0,0,0,0,101617,1,2,2022,1/1/2023,
4619,SYNTHETIC COMPANY 01618,SYNTHETIC SITE 01618,,1 Example Way,Nowhere,ZZ,00000,3115,SYNTHETIC INDUSTRY,64,110345,1,0,1,0,2,7,0,3,0,0,0,0,0,101618,1,2,2022,1/1/2023,
4620,SYNTHETIC COMPANY 01619,SYNTHETIC SITE 01619,,1 Example Way,Nowhere,ZZ,00000,2361,SYNTHETIC INDUSTRY,49,82523,2,0,0,0,0,0,0,0,0,0,0,0,0,101619,1,2,2022,1/1/2023,
4621,SYNTHETIC COMPANY 01620,SYNTHETIC SITE 01620,,1 Example Way,Nowhere,ZZ,00000,3328,SYNTHETIC INDUSTRY,8,15925,2,0,0,0,0,0,0,0,0,0,0,0,0,101620,1,2,2022,1/1/2023,
4622,SYNTHETIC COMPANY 01621,SYNTHETIC SITE 01621,,1 Example Way,Nowhere,ZZ,00000,3251,SYNTHETIC INDUSTRY,8,13683,2,0,0,0,0,0,0,0,0,0,0,0,0,101621,1,2,2022,1/1/2023,
4623,SYNTHETIC COMPANY 01622,SYNTHETIC SITE 01622,,1 Example Way,Nowhere,ZZ,00000,3252,SYNTHETIC INDUSTRY,111,205101,2,0,0,0,0,0,0,0,0,0,0,0,0,101622,1,2,2022,1/1/2023,
4624,SYNTHETIC COMPANY 01623,SYNTHETIC SITE 01623,,1 Example Way,Nowhere,ZZ,00000,3252,SYNTHETIC INDUSTRY,211,507503,2,0,0,0,0,0,0,0,0,0,0,0,0,101623,1,2,2022,1/1/2023,
4625,SYNTHETIC COMPANY 01624,SYNTHETIC SITE 01624,,1 Example Way,Nowhere,ZZ,00000,4841,SYNTHETIC INDUSTRY,41,90309,2,0,0,0,0,0,0,0,0,0,0,0,0,101624,1,2,2022,1/1/2023,
4626,SYNTHETIC COMPANY 01625,SYNTHETIC SITE 01625,,1 Example Way,Nowhere,ZZ,00000,3328,SYNTHETIC INDUSTRY,7,12623,1,0,0,2,1,0,8,3,0,0,0,0,0,101625,1,2,2022,1/1/2023,
4627,SYNTHETIC COMPANY 01626,SYNTHETIC SITE 01626,,1 Example Way,Nowhere,ZZ,00000,3328,SYNTHETIC INDUSTRY,46,84009,1,0,2,1,2,14,4,5,0,0,0,0,0,101626,1,2,2022,1/1/2023,
4628,SYNTHETIC COMPANY 01627,SYNTHETIC SITE 01627,,1 Example Way,Nowhere,ZZ,00000,3252,SYNTHETIC INDUSTRY,44,88194,1,0,0,0,1,0,0,1,0,0,0,0,0,101627,1,2,2022,1/1/2023,
4629,SYNTHETIC COMPANY 01628,SYNTHETIC SITE 01628,,1 Example Way,Nowhere,ZZ,00000,6221,SYNTHETIC INDUSTRY,52,88065,2,0,0,0,0,0,0,0,0,0,0,0,0,101628,1,2,2022,1/1/2023,
4630,SYNTHETIC COMPANY 01629,SYNTHETIC SITE 01629,,1 Example Way,Nowhere,ZZ,00000,3251,SYNTHETIC INDUSTRY,11,16854,2,0,0,0,0,0,0,0,0,0,0,0,0,101629,1,2,2022,1/1/2023,
4631,SYNTHETIC COMPANY 01630,SYNTHETIC SITE 01630,,1 Example Way,Nowhere,ZZ,00000,3251,SYNTHETIC INDUSTRY,26,50276,2,0,0,0,0,0,0,0,0,0,0,0,0,101630,1,2,2022,1/1/2023,
4632,SYNTHETIC COMPANY 01631,SYNTHETIC SITE 01631,,1 Example Way,Nowhere,ZZ,00000,3252,SYNTHETIC INDUSTRY,484,767566,1,0,2,0,1,14,0,3,0,0,0,0,0,101631,1,2,2022,1/1/2023,
4633,SYNTHETIC COMPANY 01632,SYNTHETIC SITE 01632,,1 Example Way,Nowhere,ZZ,00000,3251,SYNTHETIC INDUSTRY,10,16721,2,0,0,0,0,0,0,0,0,0,0,0,0,101632,1,2,2022,1/1/2023,
4634,SYNTHETIC COMPANY 01633,SYNTHETIC SITE 01633,,1 Example Way,Nowhere,ZZ,00000,2361,SYNTHETIC INDUSTRY,115,189054,1,0,1,2,4,7,8,7,0,0,0,0,0,101633,1,2,2022,1/1/2023,
4635,SYNTHETIC COMPANY 01634,SYNTHETIC SITE 01634,,1 Example Way,Nowhere,ZZ,00000,6221,SYNTHETIC INDUSTRY,101,214372,1,0,0,4,4,0,16,8,0,0,0,0,0,101634,1,2,2022,1/1/2023,
4636,SYNTHETIC COMPANY 01635,SYNTHETIC SITE 01635,,1 Example Way,Nowhere,ZZ,00000,3115,SYNTHETIC INDUSTRY,74,161033,2,0,0,0,0,0,0,0,0,0,0,0,0,101635,1,2,2022,1/1/2023,
4637,SYNTHETIC COMPANY 01636,SYNTHETIC SITE 01636,,1 Example Way,Nowhere,ZZ,00000,3328,SYNTHETIC INDUSTRY,1856,3678672,1,0,3,2,3,21,8,8,0,0,0,0,0,101636,1,2,2022,1/1/2023,
4638,SYNTHETIC COMPANY 01637,SYNTHETIC SITE 01637,,1 Example Way,Nowhere,ZZ,00000,6221,SYNTHETIC INDUSTRY,93,165822,1,0,3,0,0,21,0,3,0,0,0,0,0,101637,1,2,2022,1/1/2023,
4639,SYNTHETIC COMPANY 01638,SYNTHETIC SITE 01638,,1 Example Way,Nowhere,ZZ,00000,3251,SYNTHETIC INDUSTRY,46,73611,2,0,0,0,0,0,0,0,0,0,0,0,0,101638,1,2,2022,1/1/2023,
4640,SYNTHETIC COMPANY 01639,SYNTHETIC SITE 01639,,1 Example Way,Nowhere,ZZ,00000,3328,SYNTHETIC INDUSTRY,49,64589,1,0,1,0,1,7,0,2,0,0,0,0,0,101639,1,2,2022,1/1/2023,
4641,SYNTHETIC COMPANY 01640,SYNTHETIC SITE 01640,,1 Example Way,Nowhere,ZZ,00000,3328,SYNTHETIC INDUSTRY,20,33579,1,0,0,0,1,0,0,1,0,0,0,0,0,101640,1,2,2022,1/1/2023,
4642,SYNTHETIC COMPANY 01641,SYNTHETIC SITE 01641,,1 Example Way,Nowhere,ZZ,00000,2361,SYNTHETIC INDUSTRY,171,243993,1,0,9,2,1,63,8,12,0,0,0,0,0,101641,1,2,2022,1/1/2023,
4643,SYNTHETIC COMPANY 01642,SYNTHETIC SITE 01642,,1 Example Way,Nowhere,ZZ,00000,6221,SYNTHETIC INDUSTRY,49,86124,2,0,0,0,0,0,0,0,0,0,0,0,0,101642,1,2,2022,1/1/2023,
4644,SYNTHETIC COMPANY 01643,SYNTHETIC SITE 01643,,1 Example Way,Nowhere,ZZ,00000,3328,SYNTHETIC INDUSTRY,21,37117,2,0,0,0,0,0,0,0,0,0,0,0,0,101643,1,2,2022,1/1/2023,
4645,SYNTHETIC COMPANY 01644,SYNTHETIC SITE 01644,,1 Example Way,Nowhere,ZZ,00000,3115,SYNTHETIC INDUSTRY,59,86385,1,0,2,0,2,14,0,4,0,0,0,0,0,101644,1,2,2022,1/1/2023,
4646,SYNTHETIC COMPANY 01645,SYNTHETIC SITE 01645,,1 Example Way,Nowhere,ZZ,00000,3252,SYNTHETIC INDUSTRY,106,194895,2,0,0,0,0,0,0,0,0,0,0,0,0,101645,1,2,2022,1/1/2023,
4647,SYNTHETIC COMPANY 01646,SYNTHETIC SITE 01646,,1 Example Way,Nowhere,ZZ,00000,2361,SYNTHETIC INDUSTRY,12,18900,1,0,0,1,0,0,4,1,0,0,0,0,0,101646,1,2,2022,1/1/2023,
4648,SYNTHETIC COMPANY 01647,SYNTHETIC SITE 01647,,1 Example Way,Nowhere,ZZ,00000,3251,SYNTHETIC INDUSTRY,85,160438,2,0,0,0,0,0,0,0,0,0,0,0,0,101647,1,2,2022,1/1/2023,
4649,SYNTHETIC COMPANY 01648,SYNTHETIC SITE 01648,,1 Example Way,Nowhere,ZZ,00000,4451,SYNTHETIC INDUSTRY,18,29215,1,0,0,0,1,0,0,1,0,0,0,0,0,101648,1,2,2022,1/1/2023,
4650,SYNTHETIC COMPANY 01649,SYNTHETIC SITE 01649,,1 Example Way,Nowhere,ZZ,00000,3328,SYNTHETIC INDUSTRY,107,205596,2,0,0,0,0,0,0,0,0,0,0,0,0,101649,1,2,2022,1/1/2023,
4651,SYNTHETIC COMPANY 01650,SYNTHETIC SITE 01650,,1 Example Way,Nowhere,ZZ,00000,2361,SYNTHETIC INDUSTRY,49,103689,1,0,1,1,0,7,4,2,0,0,0,0,0,101650,1,2,2022,1/1/2023,
4652,SYNTHETIC COMPANY 01651,SYNTHETIC SITE 01651,,1 Example Way,Nowhere,ZZ,00000,4451,SYNTHETIC INDUSTRY,36,49274,2,0,0,0,0,0,0,0,0,0,0,0,0,101651,1,2,2022,1/1/2023,
4653,SYNTHETIC COMPANY 01652,SYNTHETIC SITE 01652,,1 Example Way,Nowhere,ZZ,00000,2361,SYNTHETIC INDUSTRY,9,14865,2,0,0,0,0,0,0,0,0,0,0,0,0,101652,1,2,2022,1/1/2023,
4654,SYNTHETIC COMPANY 01653,SYNTHETIC SITE 01653,,1 Example Way,Nowhere,ZZ,00000,3115,SYNTHETIC INDUSTRY,56,110213,1,0,1,0,2,7,0,3,0,0,0,0,0,101653,1,2,2022,1/1/2023,
4655,SYNTHETIC COMPANY 01654,SYNTHETIC SITE 01654,,1 Example Way,Nowhere,ZZ,00000,3115,SYNTHETIC INDUSTRY,326,713231,1,0,3,6,5,21,24,14,0,0,0,0,0,101654,1,2,2022,1/1/2023,
4656,SYNTHETIC COMPANY 01655,SYNTHETIC SITE 01655,,1 Example Way,Nowhere,ZZ,00000,3115,SYNTHETIC INDUSTRY,4,6406,2,0,0,0,0,0,0,0,0,0,0,0,0,101655,1,2,2022,1/1/2023,
4657,SYNTHETIC COMPANY 01656,SYNTHETIC SITE 01656,,1 Example Way,Nowhere,ZZ,00000,3328,SYNTHETIC INDUSTRY,82,152740,1,0,0,0,1,0,0,1,0,0,0,0,0,101656,1,2,2022,1/1/2023,
4658,SYNTHETIC COMPANY 01657,SYNTHETIC SITE 01657,,1 Example Way,Nowhere,ZZ,00000,3252,SYNTHETIC INDUSTRY,122,233353,2,0,0,0,0,0,0,0,0,0,0,0,0,101657,1,2,2022,1/1/2023,
4659,SYNTHETIC COMPANY 01658,SYNTHETIC SITE 01658,,1 Example Way,Nowhere,ZZ,00000,3328,SYNTHETIC INDUSTRY,40,60220,2,0,0,0,0,0,0,0,0,0,0,0,0,101658,1,2,2022,1/1/2023,
4660,SYNTHETIC COMPANY 01659,SYNTHETIC SITE 01659,,1 Example Way,Nowhere,ZZ,00000,4451,SYNTHETIC INDUSTRY,18,32156,2,0,0,0,0,0,0,0,0,0,0,0,0,101659,1,2,2022,1/1/2023,
4661,SYNTHETIC COMPANY 01660,SYNTHETIC SITE 01660,,1 Example Way,Nowhere,ZZ,00000,3115,SYNTHETIC INDUSTRY,47,90763,2,0,0,0,0,0,0,0,0,0,0,0,0,101660,1,2,2022,1/1/2023,
4662,SYNTHETIC COMPANY 01661,SYNTHETIC SITE 01661,,1 Example Way,Nowhere,ZZ,00000,3252,SYNTHETIC INDUSTRY,12,20919,2,0,0,0,0,0,0,0,0,0,0,0,0,101661,1,2,2022,1/1/2023,
4663,SYNTHETIC COMPANY 01662,SYNTHETIC SITE 01662,,1 Example Way,Nowhere,ZZ,00000,4841,SYNTHETIC INDUSTRY,22,41710,2,0,0,0,0,0,0,0,0,0,0,0,0,101662,1,2,2022,1/1/2023,
4664,SYNTHETIC COMPANY 01663,SYNTHETIC SITE 01663,,1 Example Way,Nowhere,ZZ,00000,2361,SYNTHETIC INDUSTRY,335,591791,1,0,9,2,7,63,8,18,0,0,0,0,0,101663,1,2,2022,1/1/2023,
4665,SYNTHETIC COMPANY 01664,SYNTHETIC SITE 01664,,1 Example Way,Nowhere,ZZ,00000,3115,SYNTHETIC INDUSTRY,126,231144,2,0,0,0,0,0,0,0,0,0,0,0,0,101664,1,2,2022,1/1/2023,
4666,SYNTHETIC COMPANY 01665,SYNTHETIC SITE 01665,,1 Example Way,Nowhere,ZZ,00000,3115,SYNTHETIC INDUSTRY,241,396360,1,0,2,0,2,14,0,4,0,0,0,0,0,101665,1,2,2022,1/1/2023,
4667,SYNTHETIC COMPANY 01666,SYNTHETIC SITE 01666,,1 Example Way,Nowhere,ZZ,00000,3328,SYNTHETIC INDUSTRY,18,22052,2,0,0,0,0,0,0,0,0,0,0,0,0,101666,1,2,2022,1/1/2023,
4668,SYNTHETIC COMPANY 01667,SYNTHETIC SITE 01667,,1 Example Way,Nowhere,ZZ,00000,3252,SYNTHETIC INDUSTRY,49,84057,2,0,0,0,0,0,0,0,0,0,0,0,0,101667,1,2,2022,1/1/2023,
4669,SYNTHETIC COMPANY 01668,SYNTHETIC SITE 01668,,1 Example Way,Nowhere,ZZ,00000,3252,SYNTHETIC INDUSTRY,18,33257,2,0,0,0,0,0,0,0,0,0,0,0,0,101668,1,2,2022,1/1/2023,
4670,SYNTHETIC COMPANY 01669,SYNTHETIC SITE 01669,,1 Example Way,Nowhere,ZZ,00000,3252,SYNTHETIC INDUSTRY,54,116366,1,0,2,2,2,14,8,6,0,0,0,0,0,101669,1,2,2022,1/1/2023,
4671,SYNTHETIC COMPANY 01670,SYNTHETIC SITE 01670,,1 Example Way,Nowhere,ZZ,00000,3251,SYNTHETIC INDUSTRY,26,45369,1,0,0,2,0,0,8,2,0,0,0,0,0,101670,1,2,2022,1/1/2023,
4672,SYNTHETIC COMPANY 01671,SYNTHETIC SITE 01671,,1 Example Way,Nowhere,ZZ,00000,4451,SYNTHETIC INDUSTRY,69,126471,1,0,5,2,2,35,8,9,0,0,0,0,0,101671,1,2,2022,1/1/2023,
4673,SYNTHETIC COMPANY 01672,SYNTHETIC SITE 01672,,1 Example Way,Nowhere,ZZ,00000,4841,SYNTHETIC INDUSTRY,361,775045,1,0,0,0,2,0,0,2,0,0,0,0,0,101672,1,2,2022,1/1/2023,
4674,SYNTHETIC COMPANY 01673,SYNTHETIC SITE 01673,,1 Example Way,Nowhere,ZZ,00000,3115,SYNTHETIC INDUSTRY,244,482505,2,0,0,0,0,0,0,0,0,0,0,0,0,101673,1,2,2022,1/1/2023,
4675,SYNTHETIC COMPANY 01674,SYNTHETIC SITE 01674,,1 Example Way,Nowhere,ZZ,00000,3252,SYNTHETIC INDUSTRY,12,24847,2,0,0,0,0,0,0,0,0,0,0,0,0,101674,1,2,2022,1/1/2023,
4676,SYNTHETIC COMPANY 01675,SYNTHETIC SITE 01675,,1 Example Way,Nowhere,ZZ,00000,4451,SYNTHETIC INDUSTRY,156,288150,1,0,0,0,3,0,0,3,0,0,0,0,0,101675,1,2,2022,1/1/2023,
4677,SYNTHETIC COMPANY 01676,SYNTHETIC SITE 01676,,1 Example Way,Nowhere,ZZ,00000,3115,SYNTHETIC INDUSTRY,111,240188,1,0,1,0,0,7,0,1,0,0,0,0,0,101676,1,2,2022,1/1/2023,
4678,SYNTHETIC COMPANY 01677,SYNTHETIC SITE 01677,,1 Example Way,Nowhere,ZZ,00000,3328,SYNTHETIC INDUSTRY,121,151179,1,0,1,1,1,7,4,3,0,0,0,0,0,101677,1,2,2022,1/1/2023,
4679,SYNTHETIC COMPANY 01678,SYNTHETIC SITE 01678,,1 Example Way,Nowhere,ZZ,00000,3252,SYNTHETIC INDUSTRY,151,286889,2,0,0,0,0,0,0,0,0,0,0,0,0,101678,1,2,2022,1/1/2023,
4680,SYNTHETIC COMPANY 01679,SYNTHETIC SITE 01679,,1 Example Way,Nowhere,ZZ,00000,3115,SYNTHETIC INDUSTRY,47,108606,1,0,2,0,0,14,0,2,0,0,0,0,0,101679,1,2,2022,1/1/2023,
4681,SYNTHETIC COMPANY 01680,SYNTHETIC SITE 01680,,1 Example Way,Nowhere,ZZ,00000,6221,SYNTHETIC INDUSTRY,69,146675,1,0,1,0,0,7,0,1,0,0,0,0,0,101680,1,2,2022,1/1/2023,
4682,SYNTHETIC COMPANY 01681,SYNTHETIC SITE 01681,,1 Example Way,Nowhere,ZZ,00000,3115,SYNTHETIC INDUSTRY,84,110283,2,0,0,0,0,0,0,0,0,0,0,0,0,101681,1,2,2022,1/1/2023,
4683,SYNTHETIC COMPANY 01682,SYNTHETIC SITE 01682,,1 Example Way,Nowhere,ZZ,00000,4451,SYNTHETIC INDUSTRY,6,10957,2,0,0,0,0,0,0,0,0,0,0,0,0,101682,1,2,2022,1/1/2023,
4684,SYNTHETIC COMPANY 01683,SYNTHETIC SITE 01683,,1 Example Way,Nowhere,ZZ,00000,4841,SYNTHETIC INDUSTRY,52,112556,1,0,0,0,1,0,0,1,0,0,0,0,0,101683,1,2,2022,1/1/2023,
4685,SYNTHETIC COMPANY 01684,SYNTHETIC SITE 01684,,1 Example Way,Nowhere,ZZ,00000,3328,SYNTHETIC INDUSTRY,185,426884,2,0,0,0,0,0,0,0,0,0,0,0,0,101684,1,2,2022,1/1/2023,
4686,SYNTHETIC COMPANY 01685,SYNTHETIC SITE 01685,,1 Example Way,Nowhere,ZZ,00000,6221,SYNTHETIC INDUSTRY,22,41721,1,0,0,0,1,0,0,1,0,0,0,0,0,101685,1,2,2022,1/1/2023,
4687,SYNTHETIC COMPANY 01686,SYNTHETIC SITE 01686,,1 Example Way,Nowhere,ZZ,00000,6221,SYNTHETIC INDUSTRY,32,54317,2,0,0,0,0,0,0,0,0,0,0,0,0,101686,1,2,2022,1/1/2023,
4688,SYNTHETIC COMPANY 01687,SYNTHETIC SITE 01687,,1 Example Way,Nowhere,ZZ,00000,3115,SYNTHETIC INDUSTRY,23,41013,2,0,0,0,0,0,0,0,0,0,0,0,0,101687,1,2,2022,1/1/2023,
4689,SYNTHETIC COMPANY 01688,SYNTHETIC SITE 01688,,1 Example Way,Nowhere,ZZ,00000,2361,SYNTHETIC INDUSTRY,85,188284,2,0,0,0,0,0,0,0,0,0,0,0,0,101688,1,2,2022,1/1/2023,
4690,SYNTHETIC COMPANY 01689,SYNTHETIC SITE 01689,,1 Example Way,Nowhere,ZZ,00000,3251,SYNTHETIC INDUSTRY,74,106068,2,0,0,0,0,0,0,0,0,0,0,0,0,101689,1,2,2022,1/1/2023,
4691,SYNTHETIC COMPANY 01690,SYNTHETIC SITE 01690,,1 Example Way,Nowhere,ZZ,00000,4841,SYNTHETIC INDUSTRY,109,180484,2,0,0,0,0,0,0,0,0,0,0,0,0,101690,1,2,2022,1/1/2023,
4692,SYNTHETIC COMPANY 01691,SYNTHETIC SITE 01691,,1 Example Way,Nowhere,ZZ,00000,3251,SYNTHETIC INDUSTRY,29,72346,2,0,0,0,0,0,0,0,0,0,0,0,0,101691,1,2,2022,1/1/2023,
4693,SYNTHETIC COMPANY 01692,SYNTHETIC SITE 01692,,1 Example Way,Nowhere,ZZ,00000,3328,SYNTHETIC INDUSTRY,42,77491,1,0,2,1,2,14,4,5,0,0,0,0,0,101692,1,2,2022,1/1/2023,
4694,SYNTHETIC COMPANY 01693,SYNTHETIC SITE 01693,,1 Example Way,Nowhere,ZZ,00000,3251,SYNTHETIC INDUSTRY,28,42771,2,0,0,0,0,0,0,0,0,0,0,0,0,101693,1,2,2022,1/1/2023,
4695,SYNTHETIC COMPANY 01694,SYNTHETIC SITE 01694,,1 Example Way,Nowhere,ZZ,00000,2361,SYNTHETIC INDUSTRY,14,25859,1,0,0,2,0,0,8,2,0,0,0,0,0,101694,1,2,2022,1/1/2023,
4696,SYNTHETIC COMPANY 01695,SYNTHETIC SITE 01695,,1 Example Way,Nowhere,ZZ,00000,3251,SYNTHETIC INDUSTRY,9,15086,2,0,0,0,0,0,0,0,0,0,0,0,0,101695,1,2,2022,1/1/2023,
4697,SYNTHETIC COMPANY 01696,SYNTHETIC SITE 01696,,1 Example Way,Nowhere,ZZ,00000,4841,SYNTHETIC INDUSTRY,12,2392200000,1,0,0,0,1,0,0,1,0,0,0,0,0,101696,1,2,2022,1/1/2023,
4698,SYNTHETIC COMPANY 01697,SYNTHETIC SITE 01697,,1 Example Way,Nowhere,ZZ,00000,3328,SYNTHETIC INDUSTRY,6,10887,2,0,0,0,0,0,0,0,0,0,0,0,0,101697,1,2,2022,1/1/2023,
4699,SYNTHETIC COMPANY 01698,SYNTHETIC SITE 01698,,1 Example Way,Nowhere,ZZ,00000,3252,SYNTHETIC INDUSTRY,79,153205,1,0,1,0,3,7,0,4,0,0,0,0,0,101698,1,2,2022,1/1/2023,
4700,SYNTHETIC COMPANY 01699,SYNTHETIC SITE 01699,,1 Example Way,Nowhere,ZZ,00000,2361,SYNTHETIC INDUSTRY,128,255862,2,0,0,0,0,0,0,0,0,0,0,0,0,101699,1,2,2022,1/1/2023,
4701,SYNTHETIC COMPANY 01700,SYNTHETIC SITE 01700,,1 Example Way,Nowhere,ZZ,00000,4451,SYNTHETIC INDUSTRY,37,61746,2,0,0,0,0,0,0,0,0,0,0,0,0,101700,1,2,2022,1/1/2023,
4702,SYNTHETIC COMPANY 01701,SYNTHETIC SITE 01701,,1 Example Way,Nowhere,ZZ,00000,6221,SYNTHETIC INDUSTRY,362,478181,1,0,3,1,4,21,4,8,0,0,0,0,0,101701,1,2,2022,1/1/2023,
4703,SYNTHETIC COMPANY 01702,SYNTHETIC SITE 01702,,1 Example Way,Nowhere,ZZ,00000,6221,SYNTHETIC INDUSTRY,55,1033200,2,0,0,0,0,0,0,0,0,0,0,0,0,101702,1,2,2022,1/1/2023,
4704,SYNTHETIC COMPANY 01703,SYNTHETIC SITE 01703,,1 Example Way,Nowhere,ZZ,00000,3115,SYNTHETIC INDUSTRY,6,10439,2,0,0,0,0,0,0,0,0,0,0,0,0,101703,1,2,2022,1/1/2023,
4705,SYNTHETIC COMPANY 01704,SYNTHETIC SITE 01704,,1 Example Way,Nowhere,ZZ,00000,2361,SYNTHETIC INDUSTRY,12,22693,2,0,0,0,0,0,0,0,0,0,0,0,0,101704,1,2,2022,1/1/2023,
4706,SYNTHETIC COMPANY 01705,SYNTHETIC SITE 01705,,1 Example Way,Nowhere,ZZ,00000,4841,SYNTHETIC INDUSTRY,72,128390,2,0,0,0,0,0,0,0,0,0,0,0,0,101705,1,2,2022,1/1/2023,
4707,SYNTHETIC COMPANY 01706,SYNTHETIC SITE 01706,,1 Example Way,Nowhere,ZZ,00000,3115,SYNTHETIC INDUSTRY,51,96702,2,0,0,0,0,0,0,0,0,0,0,0,0,101706,1,2,2022,1/1/2023,
4708,SYNTHETIC COMPANY 01707,SYNTHETIC SITE 01707,,1 Example Way,Nowhere,ZZ,00000,3252,SYNTHETIC INDUSTRY,40,53565,2,0,0,0,0,0,0,0,0,0,0,0,0,101707,1,2,2022,1/1/2023,
4709,SYNTHETIC COMPANY 01708,SYNTHETIC SITE 01708,,1 Example Way,Nowhere,ZZ,00000,3252,SYNTHETIC INDUSTRY,812,1429465,1,0,1,2,7,7,8,10,0,0,0,0,0,101708,1,2,2022,1/1/2023,
4710,SYNTHETIC COMPANY 01709,SYNTHETIC SITE 01709,,1 Example Way,Nowhere,ZZ,00000,3115,SYNTHETIC INDUSTRY,62,138984,2,0,0,0,0,0,0,0,0,0,0,0,0,101709,1,2,2022,1/1/2023,
4711,SYNTHETIC COMPANY 01710,SYNTHETIC SITE 01710,,1 Example Way,Nowhere,ZZ,00000,3252,SYNTHETIC INDUSTRY,56,117599,2,0,0,0,0,0,0,0,0,0,0,0,0,101710,1,2,2022,1/1/2023,
4712,SYNTHETIC COMPANY 01711,SYNTHETIC SITE 01711,,1 Example Way,Nowhere,ZZ,00000,3252,SYNTHETIC INDUSTRY,82,123862,1,0,0,1,0,0,4,1,0,0,0,0,0,101711,1,2,2022,1/1/2023,
4713,SYNTHETIC COMPANY 01712,SYNTHETIC SITE 01712,,1 Example Way,Nowhere,ZZ,00000,3328,SYNTHETIC INDUSTRY,116,214700,1,0,1,0,0,7,0,1,0,0,0,0,0,101712,1,2,2022,1/1/2023,
4714,SYNTHETIC COMPANY 01713,SYNTHETIC SITE 01713,,1 Example Way,Nowhere,ZZ,00000,3251,SYNTHETIC INDUSTRY,65,126759,2,0,0,0,0,0,0,0,0,0,0,0,0,101713,1,2,2022,1/1/2023,
4715,SYNTHETIC COMPANY 01714,SYNTHETIC SITE 01714,,1 Example Way,Nowhere,ZZ,00000,3328,SYNTHETIC INDUSTRY,50,98110,1,0,1,0,0,7,0,1,0,0,0,0,0,101714,1,2,2022,1/1/2023,
4716,SYNTHETIC COMPANY 01715,SYNTHETIC SITE 01715,,1 Example Way,Nowhere,ZZ,00000,4841,SYNTHETIC INDUSTRY,37,69745,1,0,1,4,3,7,16,8,0,0,0,0,0,101715,1,2,2022,1/1/2023,
4717,SYNTHETIC COMPANY 01716,SYNTHETIC SITE 01716,,1 Example Way,Nowhere,ZZ,00000,6221,SYNTHETIC INDUSTRY,24,40612,2,0,0,0,0,0,0,0,0,0,0,0,0,101716,1,2,2022,1/1/2023,
4718,SYNTHETIC COMPANY 01717,SYNTHETIC SITE 01717,,1 Example Way,Nowhere,ZZ,00000,6221,SYNTHETIC INDUSTRY,56,121717,2,0,0,0,0,0,0,0,0,0,0,0,0,101717,1,2,2022,1/1/2023,
4719,SYNTHETIC COMPANY 01718,SYNTHETIC SITE 01718,,1 Example Way,Nowhere,ZZ,00000,6221,SYNTHETIC INDUSTRY,99,150572,2,0,0,0,0,0,0,0,0,0,0,0,0,101718,1,2,2022,1/1/2023,
4720,SYNTHETIC COMPANY 01719,SYNTHETIC SITE 01719,,1 Example Way,Nowhere,ZZ,00000,3115,SYNTHETIC INDUSTRY,37,59216,2,0,0,0,0,0,0,0,0,0,0,0,0,101719,1,2,2022,1/1/2023,
4721,SYNTHETIC COMPANY 01720,SYNTHETIC SITE 01720,,1 Example Way,Nowhere,ZZ,00000,4841,SYNTHETIC INDUSTRY,29,50102,2,0,0,0,0,0,0,0,0,0,0,0,0,101720,1,2,2022,1/1/2023,
4722,SYNTHETIC COMPANY 01721,SYNTHETIC SITE 01721,,1 Example Way,Nowhere,ZZ,00000,4451,SYNTHETIC INDUSTRY,36,78503,2,0,0,0,0,0,0,0,0,0,0,0,0,101721,1,2,2022,1/1/2023,
4723,SYNTHETIC COMPANY 01722,SYNTHETIC SITE 01722,,1 Example Way,Nowhere,ZZ,00000,3252,SYNTHETIC INDUSTRY,189,362445,1,0,0,2,3,0,8,5,0,0,0,0,0,101722,1,2,2022,1/1/2023,
4724,SYNTHETIC COMPANY 01723,SYNTHETIC SITE 01723,,1 Example Way,Nowhere,ZZ,00000,6221,SYNTHETIC INDUSTRY,14,28030,1,0,1,0,0,7,0,1,0,0,0,0,0,101723,1,2,2022,1/1/2023,
4725,SYNTHETIC COMPANY 01724,SYNTHETIC SITE 01724,,1 Example Way,Nowhere,ZZ,00000,4841,SYNTHETIC INDUSTRY,31,63421,2,0,0,0,0,0,0,0,0,0,0,0,0,101724,1,2,2022,1/1/2023,
4726,SYNTHETIC COMPANY 01725,SYNTHETIC SITE 01725,,1 Example Way,Nowhere,ZZ,00000,4451,SYNTHETIC INDUSTRY,132,297211,1,0,3,2,1,21,8,6,0,0,0,0,0,101725,1,2,2022,1/1/2023,
4727,SYNTHETIC COMPANY 01726,SYNTHETIC SITE 01726,,1 Example Way,Nowhere,ZZ,00000,3328,SYNTHETIC INDUSTRY,127,214334,1,0,1,0,1,7,0,2,0,0,0,0,0,101726,1,2,2022,1/1/2023,
4728,SYNTHETIC COMPANY 01727,SYNTHETIC SITE 01727,,1 Example Way,Nowhere,ZZ,00000,2361,SYNTHETIC INDUSTRY,227,452379,1,0,3,1,3,21,4,7,0,0,0,0,0,101727,1,2,2022,1/1/2023,
4729,SYNTHETIC COMPANY 01728,SYNTHETIC SITE 01728,,1 Example Way,Nowhere,ZZ,00000,4841,SYNTHETIC INDUSTRY,53,88758,2,0,0,0,0,0,0,0,0,0,0,0,0,101728,1,2,2022,1/1/2023,
4730,SYNTHETIC COMPANY 01729,SYNTHETIC SITE 01729,,1 Example Way,Nowhere,ZZ,00000,4841,SYNTHETIC INDUSTRY,39,82875,2,0,0,0,0,0,0,0,0,0,0,0,0,101729,1,2,2022,1/1/2023,
4731,SYNTHETIC COMPANY 01730,SYNTHETIC SITE 01730,,1 Example Way,Nowhere,ZZ,00000,4841,SYNTHETIC INDUSTRY,19,33549,1,0,1,0,0,7,0,1,0,0,0,0,0,101730,1,2,2022,1/1/2023,
4732,SYNTHETIC COMPANY 01731,SYNTHETIC SITE 01731,,1 Example Way,Nowhere,ZZ,00000,2361,SYNTHETIC INDUSTRY,70,131582,2,0,0,0,0,0,0,0,0,0,0,0,0,101731,1,2,2022,1/1/2023,
4733,SYNTHETIC COMPANY 01732,SYNTHETIC SITE 01732,,1 Example Way,Nowhere,ZZ,00000,3252,SYNTHETIC INDUSTRY,181,365905,1,0,1,2,3,7,8,6,0,0,0,0,0,101732,1,2,2022,1/1/2023,
4734,SYNTHETIC COMPANY 01733,SYNTHETIC SITE 01733,,1 Example Way,Nowhere,ZZ,00000,3251,SYNTHETIC INDUSTRY,33,69034,1,0,0,1,0,0,4,1,0,0,0,0,0,101733,1,2,2022,1/1/2023,
4735,SYNTHETIC COMPANY 01734,SYNTHETIC SITE 01734,,1 Example Way,Nowhere,ZZ,00000,3251,SYNTHETIC INDUSTRY,171,364248,1,0,0,1,0,0,4,1,0,0,0,0,0,101734,1,2,2022,1/1/2023,
4736,SYNTHETIC COMPANY 01735,SYNTHETIC SITE 01735,,1 Example Way,Nowhere,ZZ,00000,3252,SYNTHETIC INDUSTRY,114,178835,2,0,0,0,0,0,0,0,0,0,0,0,0,101735,1,2,2022,1/1/2023,
4737,SYNTHETIC COMPANY 01736,SYNTHETIC SITE 01736,,1 Example Way,Nowhere,ZZ,00000,4841,SYNTHETIC INDUSTRY,44,76470,1,0,0,0,1,0,0,1,0,0,0,0,0,101736,1,2,2022,1/1/2023,
4738,SYNTHETIC COMPANY 01737,SYNTHETIC SITE 01737,,1 Example Way,Nowhere,ZZ,00000,3115,SYNTHETIC INDUSTRY,81,13282000,1,0,0,0,1,0,0,1,0,0,0,0,0,101737,1,2,2022,1/1/2023,
4739,SYNTHETIC COMPANY 01738,SYNTHETIC SITE 01738,,1 Example Way,Nowhere,ZZ,00000,2361,SYNTHETIC INDUSTRY,16,26633,2,0,0,0,0,0,0,0,0,0,0,0,0,101738,1,2,2022,1/1/2023,
4740,SYNTHETIC COMPANY 01739,SYNTHETIC SITE 01739,,1 Example Way,Nowhere,ZZ,00000,4451,SYNTHETIC INDUSTRY,26,38212,1,0,0,0,1,0,0,1,0,0,0,0,0,101739,1,2,2022,1/1/2023,
4741,SYNTHETIC COMPANY 01740,SYNTHETIC SITE 01740,,1 Example Way,Nowhere,ZZ,00000,4451,SYNTHETIC INDUSTRY,60,11995900000,1,0,1,0,1,7,0,2,0,0,0,0,0,101740,1,2,2022,1/1/2023,
4742,SYNTHETIC COMPANY 01741,SYNTHETIC SITE 01741,,1 Example Way,Nowhere,ZZ,00000,3252,SYNTHETIC INDUSTRY,31,66329,2,0,0,0,0,0,0,0,0,0,0,0,0,101741,1,2,2022,1/1/2023,
4743,SYNTHETIC COMPANY 01742,SYNTHETIC SITE 01742,,1 Example Way,Nowhere,ZZ,00000,6221,SYNTHETIC INDUSTRY,130,230613,1,0,0,0,1,0,0,1,0,0,0,0,0,101742,1,2,2022,1/1/2023,
4744,SYNTHETIC COMPANY 01743,SYNTHETIC SITE 01743,,1 Example Way,Nowhere,ZZ,00000,3251,SYNTHETIC INDUSTRY,290,673010,1,0,8,3,3,56,12,14,0,0,0,0,0,101743,1,2,2022,1/1/2023,
4745,SYNTHETIC COMPANY 01744,SYNTHETIC SITE 01744,,1 Example Way,Nowhere,ZZ,00000,4451,SYNTHETIC INDUSTRY,46,60154,1,0,0,1,2,0,4,3,0,0,0,0,0,101744,1,2,2022,1/1/2023,
4746,SYNTHETIC COMPANY 01745,SYNTHETIC SITE 01745,,1 Example Way,Nowhere,ZZ,00000,3115,SYNTHETIC INDUSTRY,18,34871,2,0,0,0,0,0,0,0,0,0,0,0,0,101745,1,2,2022,1/1/2023,
4747,SYNTHETIC COMPANY 01746,SYNTHETIC SITE 01746,,1 Example Way,Nowhere,ZZ,00000,3115,SYNTHETIC INDUSTRY,54,110775,2,0,0,0,0,0,0,0,0,0,0,0,0,101746,1,2,2022,1/1/2023,
4748,SYNTHETIC COMPANY 01747,SYNTHETIC SITE 01747,,1 Example Way,Nowhere,ZZ,00000,3251,SYNTHETIC INDUSTRY,18,32690,1,0,0,0,1,0,0,1,0,0,0,0,0,101747,1,2,2022,1/1/2023,
4749,SYNTHETIC COMPANY 01748,SYNTHETIC SITE 01748,,1 Example Way,Nowhere,ZZ,00000,2361,SYNTHETIC INDUSTRY,96,185949,2,0,0,0,0,0,0,0,0,0,0,0,0,101748,1,2,2022,1/1/2023,
4750,SYNTHETIC COMPANY 01749,SYNTHETIC SITE 01749,,1 Example Way,Nowhere,ZZ,00000,3115,SYNTHETIC INDUSTRY,65,94679,1,0,5,4,3,35,16,12,0,0,0,0,0,101749,1,2,2022,1/1/2023,
4751,SYNTHETIC COMPANY 01750,SYNTHETIC SITE 01750,,1 Example Way,Nowhere,ZZ,00000,6221,SYNTHETIC INDUSTRY,223,389524,2,0,0,0,0,0,0,0,0,0,0,0,0,101750,1,2,2022,1/1/2023,
4752,SYNTHETIC COMPANY 01751,SYNTHETIC SITE 01751,,1 Example Way,Nowhere,ZZ,00000,2361,SYNTHETIC INDUSTRY,10,18759,2,0,0,0,0,0,0,0,0,0,0,0,0,101751,1,2,2022,1/1/2023,
4753,SYNTHETIC COMPANY 01752,SYNTHETIC SITE 01752,,1 Example Way,Nowhere,ZZ,00000,3328,SYNTHETIC INDUSTRY,104,191840,2,0,0,0,0,0,0,0,0,0,0,0,0,101752,1,2,2022,1/1/2023,
4754,SYNTHETIC COMPANY 01753,SYNTHETIC SITE 01753,,1 Example Way,Nowhere,ZZ,00000,4451,SYNTHETIC INDUSTRY,40,78141,2,0,0,0,0,0,0,0,0,0,0,0,0,101753,1,2,2022,1/1/2023,
4755,SYNTHETIC COMPANY 01754,SYNTHETIC SITE 01754,,1 Example Way,Nowhere,ZZ,00000,3328,SYNTHETIC INDUSTRY,70,127876,2,0,0,0,0,0,0,0,0,0,0,0,0,101754,1,2,2022,1/1/2023,
4756,SYNTHETIC COMPANY 01755,SYNTHETIC SITE 01755,,1 Example Way,Nowhere,ZZ,00000,4841,SYNTHETIC INDUSTRY,22,44051,2,0,0,0,0,0,0,0,0,0,0,0,0,101755,1,2,2022,1/1/2023,
4757,SYNTHETIC COMPANY 01756,SYNTHETIC SITE 01756,,1 Example Way,Nowhere,ZZ,00000,3251,SYNTHETIC INDUSTRY,16,35473,1,0,1,0,0,7,0,1,0,0,0,0,0,101756,1,2,2022,1/1/2023,
4758,SYNTHETIC COMPANY 01757,SYNTHETIC SITE 01757,,1 Example Way,Nowhere,ZZ,00000,3251,SYNTHETIC INDUSTRY,127,290360,1,0,11,2,10,77,8,23,0,0,0,0,0,101757,1,2,2022,1/1/2023,
4759,SYNTHETIC COMPANY 01758,SYNTHETIC SITE 01758,,1 Example Way,Nowhere,ZZ,00000,4841,SYNTHETIC INDUSTRY,213,377781,1,0,1,0,2,7,0,3,0,0,0,0,0,101758,1,2,2022,1/1/2023,
4760,SYNTHETIC COMPANY 01759,SYNTHETIC SITE 01759,,1 Example Way,Nowhere,ZZ,00000,3328,SYNTHETIC INDUSTRY,70,142477,2,0,0,0,0,0,0,0,0,0,0,0,0,101759,1,2,2022,1/1/2023,
4761,SYNTHETIC COMPANY 01760,SYNTHETIC SITE 01760,,1 Example Way,Nowhere,ZZ,00000,6221,SYNTHETIC INDUSTRY,21,44876,2,0,0,0,0,0,0,0,0,0,0,0,0,101760,1,2,2022,1/1/2023,
4762,SYNTHETIC COMPANY 01761,SYNTHETIC SITE 01761,,1 Example Way,Nowhere,ZZ,00000,3115,SYNTHETIC INDUSTRY,30,61834,1,0,2,0,1,14,0,3,0,0,0,0,0,101761,1,2,2022,1/1/2023,
4763,SYNTHETIC COMPANY 01762,SYNTHETIC SITE 01762,,1 Example Way,Nowhere,ZZ,00000,6221,SYNTHETIC INDUSTRY,118,241519,1,0,1,0,1,7,0,2,0,0,0,0,0,101762,1,2,2022,1/1/2023,
4764,SYNTHETIC COMPANY 01763,SYNTHETIC SITE 01763,,1 Example Way,Nowhere,ZZ,00000,2361,SYNTHETIC INDUSTRY,131,238045,1,0,1,2,5,7,8,8,0,0,0,0,0,101763,1,2,2022,1/1/2023,
4765,SYNTHETIC COMPANY 01764,SYNTHETIC SITE 01764,,1 Example Way,Nowhere,ZZ,00000,3115,SYNTHETIC INDUSTRY,339,522078,2,0,0,0,0,0,0,0,0,0,0,0,0,101764,1,2,2022,1/1/2023,
4766,SYNTHETIC COMPANY 01765,SYNTHETIC SITE 01765,,1 Example Way,Nowhere,ZZ,00000,6221,SYNTHETIC INDUSTRY,31,70101,2,0,0,0,0,0,0,0,0,0,0,0,0,101765,1,2,2022,1/1/2023,
4767,SYNTHETIC COMPANY 01766,SYNTHETIC SITE 01766,,1 Example Way,Nowhere,ZZ,00000,3251,SYNTHETIC INDUSTRY,72,132981,1,0,0,0,2,0,0,2,0,0,0,0,0,101766,1,2,2022,1/1/2023,
4768,SYNTHETIC COMPANY 01767,SYNTHETIC SITE 01767,,1 Example Way,Nowhere,ZZ,00000,6221,SYNTHETIC INDUSTRY,45,89981,2,0,0,0,0,0,0,0,0,0,0,0,0,101767,1,2,2022,1/1/2023,
4769,SYNTHETIC COMPANY 01768,SYNTHETIC SITE 01768,,1 Example Way,Nowhere,ZZ,00000,2361,SYNTHETIC INDUSTRY,47,90101,2,0,0,0,0,0,0,0,0,0,0,0,0,101768,1,2,2022,1/1/2023,
4770,SYNTHETIC COMPANY 01769,SYNTHETIC SITE 01769,,1 Example Way,Nowhere,ZZ,00000,3115,SYNTHETIC INDUSTRY,15,25859,1,0,1,1,2,7,4,4,0,0,0,0,0,101769,1,2,2022,1/1/2023,
4771,SYNTHETIC COMPANY 01770,SYNTHETIC SITE 01770,,1 Example Way,Nowhere,ZZ,00000,3115,SYNTHETIC INDUSTRY,239,450846,1,0,9,3,6,63,12,18,0,0,0,0,0,101770,1,2,2022,1/1/2023,
4772,SYNTHETIC COMPANY 01771,SYNTHETIC SITE 01771,,1 Example Way,Nowhere,ZZ,00000,3252,SYNTHETIC INDUSTRY,206,504546,1,0,0,0,1,0,0,1,0,0,0,0,0,101771,1,2,2022,1/1/2023,
4773,SYNTHETIC COMPANY 01772,SYNTHETIC SITE 01772,,1 Example Way,Nowhere,ZZ,00000,6221,SYNTHETIC INDUSTRY,528,1073085,2,0,0,0,0,0,0,0,0,0,0,0,0,101772,1,2,2022,1/1/2023,
4774,SYNTHETIC COMPANY 01773,SYNTHETIC SITE 01773,,1 Example Way,Nowhere,ZZ,00000,3251,SYNTHETIC INDUSTRY,110,187432,1,0,1,0,0,7,0,1,0,0,0,0,0,101773,1,2,2022,1/1/2023,
4775,SYNTHETIC COMPANY 01774,SYNTHETIC SITE 01774,,1 Example Way,Nowhere,ZZ,00000,2361,SYNTHETIC INDUSTRY,47,106671,2,0,0,0,0,0,0,0,0,0,0,0,0,101774,1,2,2022,1/1/2023,
4776,SYNTHETIC COMPANY 01775,SYNTHETIC SITE 01775,,1 Example Way,Nowhere,ZZ,00000,6221,SYNTHETIC INDUSTRY,53,131037,1,0,0,1,2,0,4,3,0,0,0,0,0,101775,1,2,2022,1/1/2023,
4777,SYNTHETIC COMPANY 01776,SYNTHETIC SITE 01776,,1 Example Way,Nowhere,ZZ,00000,3115,SYNTHETIC INDUSTRY,64,100393,2,0,0,0,0,0,0,0,0,0,0,0,0,101776,1,2,2022,1/1/2023,
4778,SYNTHETIC COMPANY 01777,SYNTHETIC SITE 01777,,1 Example Way,Nowhere,ZZ,00000,3252,SYNTHETIC INDUSTRY,236,510435,1,0,2,5,12,14,20,19,0,0,0,0,0,101777,1,2,2022,1/1/2023,
4779,SYNTHETIC COMPANY 01778,SYNTHETIC SITE 01778,,1 Example Way,Nowhere,ZZ,00000,3252,SYNTHETIC INDUSTRY,43,73679,1,0,0,0,1,0,0,1,0,0,0,0,0,101778,1,2,2022,1/1/2023,
4780,SYNTHETIC COMPANY 01779,SYNTHETIC SITE 01779,,1 Example Way,Nowhere,ZZ,00000,6221,SYNTHETIC INDUSTRY,10,20562,2,0,0,0,0,0,0,0,0,0,0,0,0,101779,1,2,2022,1/1/2023,
4781,SYNTHETIC COMPANY 01780,SYNTHETIC SITE 01780,,1 Example Way,Nowhere,ZZ,00000,3115,SYNTHETIC INDUSTRY,171,381300,1,0,2,4,5,14,16,11,0,0,0,0,0,101780,1,2,2022,1/1/2023,
4782,SYNTHETIC COMPANY 01781,SYNTHETIC SITE 01781,,1 Example Way,Nowhere,ZZ,00000,4451,SYNTHETIC INDUSTRY,221,436779,1,0,11,4,12,77,16,27,0,0,0,0,0,101781,1,2,2022,1/1/2023,
4783,SYNTHETIC COMPANY 01782,SYNTHETIC SITE 01782,,1 Example Way,Nowhere,ZZ,00000,4841,SYNTHETIC INDUSTRY,7,14445,2,0,0,0,0,0,0,0,0,0,0,0,0,101782,1,2,2022,1/1/2023,
4784,SYNTHETIC COMPANY 01783,SYNTHETIC SITE 01783,,1 Example Way,Nowhere,ZZ,00000,3115,SYNTHETIC INDUSTRY,24,46141,2,0,0,0,0,0,0,0,0,0,0,0,0,101783,1,2,2022,1/1/2023,
4785,SYNTHETIC COMPANY 01784,SYNTHETIC SITE 01784,,1 Example Way,Nowhere,ZZ,00000,3115,SYNTHETIC INDUSTRY,47,104788,2,0,0,0,0,0,0,0,0,0,0,0,0,101784,1,2,2022,1/1/2023,
4786,SYNTHETIC COMPANY 01785,SYNTHETIC SITE 01785,,1 Example Way,Nowhere,ZZ,00000,3328,SYNTHETIC INDUSTRY,149,276159,2,0,0,0,0,0,0,0,0,0,0,0,0,101785,1,2,2022,1/1/2023,
4787,SYNTHETIC COMPANY 01786,SYNTHETIC SITE 01786,,1 Example Way,Nowhere,ZZ,00000,2361,SYNTHETIC INDUSTRY,21,40949,2,0,0,0,0,0,0,0,0,0,0,0,0,101786,1,2,2022,1/1/2023,
4788,SYNTHETIC COMPANY 01787,SYNTHETIC SITE 01787,,1 Example Way,Nowhere,ZZ,00000,4451,SYNTHETIC INDUSTRY,105,167336,2,0,0,0,0,0,0,0,0,0,0,0,0,101787,1,2,2022,1/1/2023,
4789,SYNTHETIC COMPANY 01788,SYNTHETIC SITE 01788,,1 Example Way,Nowhere,ZZ,00000,6221,SYNTHETIC INDUSTRY,137,257015,2,0,0,0,0,0,0,0,0,0,0,0,0,101788,1,2,2022,1/1/2023,
4790,SYNTHETIC COMPANY 01789,SYNTHETIC SITE 01789,,1 Example Way,Nowhere,ZZ,00000,4841,SYNTHETIC INDUSTRY,91,181340,2,0,0,0,0,0,0,0,0,0,0,0,0,101789,1,2,2022,1/1/2023,
4791,SYNTHETIC COMPANY 01790,SYNTHETIC SITE 01790,,1 Example Way,Nowhere,ZZ,00000,3251,SYNTHETIC INDUSTRY,16,27530,2,0,0,0,0,0,0,0,0,0,0,0,0,101790,1,2,2022,1/1/2023,
4792,SYNTHETIC COMPANY 01791,SYNTHETIC SITE 01791,,1 Example Way,Nowhere,ZZ,00000,3251,SYNTHETIC INDUSTRY,6,10460,2,0,0,0,0,0,0,0,0,0,0,0,0,101791,1,2,2022,1/1/2023,
4793,SYNTHETIC COMPANY 01792,SYNTHETIC SITE 01792,,1 Example Way,Nowhere,ZZ,00000,2361,SYNTHETIC INDUSTRY,179,380428,2,0,0,0,0,0,0,0,0,0,0,0,0,101792,1,2,2022,1/1/2023,
4794,SYNTHETIC COMPANY 01793,SYNTHETIC SITE 01793,,1 Example Way,Nowhere,ZZ,00000,4451,SYNTHETIC INDUSTRY,3,6731,1,0,0,0,1,0,0,1,0,0,0,0,0,101793,1,2,2022,1/1/2023,
4795,SYNTHETIC COMPANY 01794,SYNTHETIC SITE 01794,,1 Example Way,Nowhere,ZZ,00000,3251,SYNTHETIC INDUSTRY,121,220291,2,0,0,0,0,0,0,0,0,0,0,0,0,101794,1,2,2022,1/1/2023,
4796,SYNTHETIC COMPANY 01795,SYNTHETIC SITE 01795,,1 Example Way,Nowhere,ZZ,00000,3328,SYNTHETIC INDUSTRY,27,52384,2,0,0,0,0,0,0,0,0,0,0,0,0,101795,1,2,2022,1/1/2023,
4797,SYNTHETIC COMPANY 01796,SYNTHETIC SITE 01796,,1 Example Way,Nowhere,ZZ,00000,3115,SYNTHETIC INDUSTRY,44,71988,1,0,4,1,2,28,4,7,0,0,0,0,0,101796,1,2,2022,1/1/2023,
4798,SYNTHETIC COMPANY 01797,SYNTHETIC SITE 01797,,1 Example Way,Nowhere,ZZ,00000,4451,SYNTHETIC INDUSTRY,78,166137,1,0,1,1,0,7,4,2,0,0,0,0,0,101797,1,2,2022,1/1/2023,
4799,SYNTHETIC COMPANY 01798,SYNTHETIC SITE 01798,,1 Example Way,Nowhere,ZZ,00000,3328,SYNTHETIC INDUSTRY,69,122320,2,0,0,0,0,0,0,0,0,0,0,0,0,101798,1,2,2022,1/1/2023,
4800,SYNTHETIC COMPANY 01799,SYNTHETIC SITE 01799,,1 Example Way,Nowhere,ZZ,00000,4451,SYNTHETIC INDUSTRY,41,8015000000,1,0,3,0,2,21,0,5,0,0,0,0,0,101799,1,2,2022,1/1/2023,
4801,SYNTHETIC COMPANY 01800,SYNTHETIC SITE 01800,,1 Example Way,Nowhere,ZZ,00000,4841,SYNTHETIC INDUSTRY,124,251016,2,0,0,0,0,0,0,0,0,0,0,0,0,101800,1,2,2022,1/1/2023,
4802,SYNTHETIC COMPANY 01801,SYNTHETIC SITE 01801,,1 Example Way,Nowhere,ZZ,00000,3115,SYNTHETIC INDUSTRY,8,12949,2,0,0,0,0,0,0,0,0,0,0,0,0,101801,1,2,2022,1/1/2023,
4803,SYNTHETIC COMPANY 01802,SYNTHETIC SITE 01802,,1 Example Way,Nowhere,ZZ,00000,3252,SYNTHETIC INDUSTRY,29,44465,2,0,0,0,0,0,0,0,0,0,0,0,0,101802,1,2,2022,1/1/2023,
4804,SYNTHETIC COMPANY 01803,SYNTHETIC SITE 01803,,1 Example Way,Nowhere,ZZ,00000,3328,SYNTHETIC INDUSTRY,75,152611,2,0,0,0,0,0,0,0,0,0,0,0,0,101803,1,2,2022,1/1/2023,
4805,SYNTHETIC COMPANY 01804,SYNTHETIC SITE 01804,,1 Example Way,Nowhere,ZZ,00000,4451,SYNTHETIC INDUSTRY,55,98761,2,0,0,0,0,0,0,0,0,0,0,0,0,101804,1,2,2022,1/1/2023,
4806,SYNTHETIC COMPANY 01805,SYNTHETIC SITE 01805,,1 Example Way,Nowhere,ZZ,00000,3252,SYNTHETIC INDUSTRY,240,409383,1,0,3,0,2,21,0,5,0,0,0,0,0,101805,1,2,2022,1/1/2023,
4807,SYNTHETIC COMPANY 01806,SYNTHETIC SITE 01806,,1 Example Way,Nowhere,ZZ,00000,4841,SYNTHETIC INDUSTRY,50,67990,2,0,0,0,0,0,0,0,0,0,0,0,0,101806,1,2,2022,1/1/2023,
4808,SYNTHETIC COMPANY 01807,SYNTHETIC SITE 01807,,1 Example Way,Nowhere,ZZ,00000,3328,SYNTHETIC INDUSTRY,63,123653,1,0,1,0,0,7,0,1,0,0,0,0,0,101807,1,2,2022,1/1/2023,
4809,SYNTHETIC COMPANY 01808,SYNTHETIC SITE 01808,,1 Example Way,Nowhere,ZZ,00000,6221,SYNTHETIC INDUSTRY,17,29205,2,0,0,0,0,0,0,0,0,0,0,0,0,101808,1,2,2022,1/1/2023,
4810,SYNTHETIC COMPANY 01809,SYNTHETIC SITE 01809,,1 Example Way,Nowhere,ZZ,00000,6221,SYNTHETIC INDUSTRY,30,54822,1,0,5,0,2,35,0,7,0,0,0,0,0,101809,1,2,2022,1/1/2023,
4811,SYNTHETIC COMPANY 01810,SYNTHETIC SITE 01810,,1 Example Way,Nowhere,ZZ,00000,4841,SYNTHETIC INDUSTRY,450,966509,1,0,3,0,2,21,0,5,0,0,0,0,0,101810,1,2,2022,1/1/2023,
4812,SYNTHETIC COMPANY 01811,SYNTHETIC SITE 01811,,1 Example Way,Nowhere,ZZ,00000,3251,SYNTHETIC INDUSTRY,15,28883,1,0,1,0,2,7,0,3,0,0,0,0,0,101811,1,2,2022,1/1/2023,
4813,SYNTHETIC COMPANY 01812,SYNTHETIC SITE 01812,,1 Example Way,Nowhere,ZZ,00000,3328,SYNTHETIC INDUSTRY,81,139667,1,0,1,0,1,7,0,2,0,0,0,0,0,101812,1,2,2022,1/1/2023,
4814,SYNTHETIC COMPANY 01813,SYNTHETIC SITE 01813,,1 Example Way,Nowhere,ZZ,00000,3252,SYNTHETIC INDUSTRY,20,32415,1,0,2,1,0,14,4,3,0,0,0,0,0,101813,1,2,2022,1/1/2023,
4815,SYNTHETIC COMPANY 01814,SYNTHETIC SITE 01814,,1 Example Way,Nowhere,ZZ,00000,6221,SYNTHETIC INDUSTRY,107,225429,1,0,0,2,2,0,8,4,0,0,0,0,0,101814,1,2,2022,1/1/2023,
4816,SYNTHETIC COMPANY 01815,SYNTHETIC SITE 01815,,1 Example Way,Nowhere,ZZ,00000,3252,SYNTHETIC INDUSTRY,26,51889,2,0,0,0,0,0,0,0,0,0,0,0,0,101815,1,2,2022,1/1/2023,
4817,SYNTHETIC COMPANY 01816,SYNTHETIC SITE 01816,,1 Example Way,Nowhere,ZZ,00000,3252,SYNTHETIC INDUSTRY,72,142733,2,0,0,0,0,0,0,0,0,0,0,0,0,101816,1,2,2022,1/1/2023,
4818,SYNTHETIC COMPANY 01817,SYNTHETIC SITE 01817,,1 Example Way,Nowhere,ZZ,00000,3252,SYNTHETIC INDUSTRY,104,189764,2,0,0,0,0,0,0,0,0,0,0,0,0,101817,1,2,2022,1/1/2023,
4819,SYNTHETIC COMPANY 01818,SYNTHETIC SITE 01818,,1 Example Way,Nowhere,ZZ,00000,4451,SYNTHETIC INDUSTRY,15,32802,2,0,0,0,0,0,0,0,0,0,0,0,0,101818,1,2,2022,1/1/2023,
4820,SYNTHETIC COMPANY 01819,SYNTHETIC SITE 01819,,1 Example Way,Nowhere,ZZ,00000,2361,SYNTHETIC INDUSTRY,65,122256,1,0,0,1,5,0,4,6,0,0,0,0,0,101819,1,2,2022,1/1/2023,
4821,SYNTHETIC COMPANY 01820,SYNTHETIC SITE 01820,,1 Example Way,Nowhere,ZZ,00000,3115,SYNTHETIC INDUSTRY,8,16589,2,0,0,0,0,0,0,0,0,0,0,0,0,101820,1,2,2022,1/1/2023,
4822,SYNTHETIC COMPANY 01821,SYNTHETIC SITE 01821,,1 Example Way,Nowhere,ZZ,00000,4841,SYNTHETIC INDUSTRY,18,34313,2,0,0,0,0,0,0,0,0,0,0,0,0,101821,1,2,2022,1/1/2023,
4823,SYNTHETIC COMPANY 01822,SYNTHETIC SITE 01822,,1 Example Way,Nowhere,ZZ,00000,3251,SYNTHETIC INDUSTRY,21,30866,2,0,0,0,0,0,0,0,0,0,0,0,0,101822,1,2,2022,1/1/2023,
4824,SYNTHETIC COMPANY 01823,SYNTHETIC SITE 01823,,1 Example Way,Nowhere,ZZ,00000,3252,SYNTHETIC INDUSTRY,20,34457,2,0,0,0,0,0,0,0,0,0,0,0,0,101823,1,2,2022,1/1/2023,
4825,SYNTHETIC COMPANY 01824,SYNTHETIC SITE 01824,,1 Example Way,Nowhere,ZZ,00000,2361,SYNTHETIC INDUSTRY,13,24861,2,0,0,0,0,0,0,0,0,0,0,0,0,101824,1,2,2022,1/1/2023,
4826,SYNTHETIC COMPANY 01825,SYNTHETIC SITE 01825,,1 Example Way,Nowhere,ZZ,00000,3251,SYNTHETIC INDUSTRY,11,19326,2,0,0,0,0,0,0,0,0,0,0,0,0,101825,1,2,2022,1/1/2023,
4827,SYNTHETIC COMPANY 01826,SYNTHETIC SITE 01826,,1 Example Way,Nowhere,ZZ,00000,3115,SYNTHETIC INDUSTRY,116,230525,1,0,4,3,7,28,12,14,0,0,0,0,0,101826,1,2,2022,1/1/2023,
4828,SYNTHETIC COMPANY 01827,SYNTHETIC SITE 01827,,1 Example Way,Nowhere,ZZ,00000,3251,SYNTHETIC INDUSTRY,50,106410,2,0,0,0,0,0,0,0,0,0,0,0,0,101827,1,2,2022,1/1/2023,
4829,SYNTHETIC COMPANY 01828,SYNTHETIC SITE 01828,,1 Example Way,Nowhere,ZZ,00000,4451,SYNTHETIC INDUSTRY,94,180289,1,0,2,2,1,14,8,5,0,0,0,0,0,101828,1,2,2022,1/1/2023,
4830,SYNTHETIC COMPANY 01829,SYNTHETIC SITE 01829,,1 Example Way,Nowhere,ZZ,00000,4451,SYNTHETIC INDUSTRY,33,54646,2,0,0,0,0,0,0,0,0,0,0,0,0,101829,1,2,2022,1/1/2023,
4831,SYNTHETIC COMPANY 01830,SYNTHETIC SITE 01830,,1 Example Way,Nowhere,ZZ,00000,4451,SYNTHETIC INDUSTRY,129,197437,1,0,1,0,3,7,0,4,0,0,0,0,0,101830,1,2,2022,1/1/2023,
4832,SYNTHETIC COMPANY 01831,SYNTHETIC SITE 01831,,1 Example Way,Nowhere,ZZ,00000,3328,SYNTHETIC INDUSTRY,185,361701,1,0,2,0,3,14,0,5,0,0,0,0,0,101831,1,2,2022,1/1/2023,
4833,SYNTHETIC COMPANY 01832,SYNTHETIC SITE 01832,,1 Example Way,Nowhere,ZZ,00000,4841,SYNTHETIC INDUSTRY,6,9283,2,0,0,0,0,0,0,0,0,0,0,0,0,101832,1,2,2022,1/1/2023,
4834,SYNTHETIC COMPANY 01833,SYNTHETIC SITE 01833,,1 Example Way,Nowhere,ZZ,00000,4841,SYNTHETIC INDUSTRY,18,35304,2,0,0,0,0,0,0,0,0,0,0,0,0,101833,1,2,2022,1/1/2023,
4835,SYNTHETIC COMPANY 01834,SYNTHETIC SITE 01834,,1 Example Way,Nowhere,ZZ,00000,4451,SYNTHETIC INDUSTRY,32,59297,2,0,0,0,0,0,0,0,0,0,0,0,0,101834,1,2,2022,1/1/2023,
4836,SYNTHETIC COMPANY 01835,SYNTHETIC SITE 01835,,1 Example Way,Nowhere,ZZ,00000,6221,SYNTHETIC INDUSTRY,17,34101,2,0,0,0,0,0,0,0,0,0,0,0,0,101835,1,2,2022,1/1/2023,
4837,SYNTHETIC COMPANY 01836,SYNTHETIC SITE 01836,,1 Example Way,Nowhere,ZZ,00000,2361,SYNTHETIC INDUSTRY,44,76420,2,0,0,0,0,0,0,0,0,0,0,0,0,101836,1,2,2022,1/1/2023,
4838,SYNTHETIC COMPANY 01837,SYNTHETIC SITE 01837,,1 Example Way,Nowhere,ZZ,00000,2361,SYNTHETIC INDUSTRY,17,31395,2,0,0,0,0,0,0,0,0,0,0,0,0,101837,1,2,2022,1/1/2023,
4839,SYNTHETIC COMPANY 01838,SYNTHETIC SITE 01838,,1 Example Way,Nowhere,ZZ,00000,3252,SYNTHETIC INDUSTRY,149,283271,1,0,1,0,0,7,0,1,0,0,0,0,0,101838,1,2,2022,1/1/2023,
4840,SYNTHETIC COMPANY 01839,SYNTHETIC SITE 01839,,1 Example Way,Nowhere,ZZ,00000,4451,SYNTHETIC INDUSTRY,165,294754,1,0,1,0,1,7,0,2,0,0,0,0,0,101839,1,2,2022,1/1/2023,
4841,SYNTHETIC COMPANY 01840,SYNTHETIC SITE 01840,,1 Example Way,Nowhere,ZZ,00000,3328,SYNTHETIC INDUSTRY,49,86416,2,0,0,0,0,0,0,0,0,0,0,0,0,101840,1,2,2022,1/1/2023,
4842,SYNTHETIC COMPANY 01841,SYNTHETIC SITE 01841,,1 Example Way,Nowhere,ZZ,00000,6221,SYNTHETIC INDUSTRY,123,180219,1,0,2,2,0,14,8,4,0,0,0,0,0,101841,1,2,2022,1/1/2023,
4843,SYNTHETIC COMPANY 01842,SYNTHETIC SITE 01842,,1 Example Way,Nowhere,ZZ,00000,4451,SYNTHETIC INDUSTRY,55,95433,1,0,4,1,0,28,4,5,0,0,0,0,0,101842,1,2,2022,1/1/2023,
4844,SYNTHETIC COMPANY 01843,SYNTHETIC SITE 01843,,1 Example Way,Nowhere,ZZ,00000,3328,SYNTHETIC INDUSTRY,32,57748,1,0,0,1,1,0,4,2,0,0,0,0,0,101843,1,2,2022,1/1/2023,
4845,SYNTHETIC COMPANY 01844,SYNTHETIC SITE 01844,,1 Example Way,Nowhere,ZZ,00000,3115,SYNTHETIC INDUSTRY,90,181495,2,0,0,0,0,0,0,0,0,0,0,0,0,101844,1,2,2022,1/1/2023,
4846,SYNTHETIC COMPANY 01845,SYNTHETIC SITE 01845,,1 Example Way,Nowhere,ZZ,00000,3115,SYNTHETIC INDUSTRY,29,59860,2,0,0,0,0,0,0,0,0,0,0,0,0,101845,1,2,2022,1/1/2023,
4847,SYNTHETIC COMPANY 01846,SYNTHETIC SITE 01846,,1 Example Way,Nowhere,ZZ,00000,3251,SYNTHETIC INDUSTRY,151,273024,1,0,3,3,5,21,12,11,0,0,0,0,0,101846,1,2,2022,1/1/2023,
4848,SYNTHETIC COMPANY 01847,SYNTHETIC SITE 01847,,1 Example Way,Nowhere,ZZ,00000,3328,SYNTHETIC INDUSTRY,72,110082,2,0,0,0,0,0,0,0,0,0,0,0,0,101847,1,2,2022,1/1/2023,
4849,SYNTHETIC COMPANY 01848,SYNTHETIC SITE 01848,,1 Example Way,Nowhere,ZZ,00000,4451,SYNTHETIC INDUSTRY,123,220589,2,0,0,0,0,0,0,0,0,0,0,0,0,101848,1,2,2022,1/1/2023,
4850,SYNTHETIC COMPANY 01849,SYNTHETIC SITE 01849,,1 Example Way,Nowhere,ZZ,00000,3252,SYNTHETIC INDUSTRY,90,167343,1,0,0,1,0,0,4,1,0,0,0,0,0,101849,1,2,2022,1/1/2023,
4851,SYNTHETIC COMPANY 01850,SYNTHETIC SITE 01850,,1 Example Way,Nowhere,ZZ,00000,3252,SYNTHETIC INDUSTRY,52,92480,2,0,0,0,0,0,0,0,0,0,0,0,0,101850,1,2,2022,1/1/2023,
4852,SYNTHETIC COMPANY 01851,SYNTHETIC SITE 01851,,1 Example Way,Nowhere,ZZ,00000,4451,SYNTHETIC INDUSTRY,425,641047,2,0,0,0,0,0,0,0,0,0,0,0,0,101851,1,2,2022,1/1/2023,
4853,SYNTHETIC COMPANY 01852,SYNTHETIC SITE 01852,,1 Example Way,Nowhere,ZZ,00000,6221,SYNTHETIC INDUSTRY,18,33902,2,0,0,0,0,0,0,0,0,0,0,0,0,101852,1,2,2022,1/1/2023,
4854,SYNTHETIC COMPANY 01853,SYNTHETIC SITE 01853,,1 Example Way,Nowhere,ZZ,00000,4841,SYNTHETIC INDUSTRY,21,41261,2,0,0,0,0,0,0,0,0,0,0,0,0,101853,1,2,2022,1/1/2023,
4855,SYNTHETIC COMPANY 01854,SYNTHETIC SITE 01854,,1 Example Way,Nowhere,ZZ,00000,6221,SYNTHETIC INDUSTRY,64,151497,1,0,1,1,0,7,4,2,0,0,0,0,0,101854,1,2,2022,1/1/2023,
4856,SYNTHETIC COMPANY 01855,SYNTHETIC SITE 01855,,1 Example Way,Nowhere,ZZ,00000,6221,SYNTHETIC INDUSTRY,11,17982,1,0,0,1,0,0,4,1,0,0,0,0,0,101855,1,2,2022,1/1/2023,
4857,SYNTHETIC COMPANY 01856,SYNTHETIC SITE 01856,,1 Example Way,Nowhere,ZZ,00000,3328,SYNTHETIC INDUSTRY,76,160788,1,0,6,4,7,42,16,17,0,0,0,0,0,101856,1,2,2022,1/1/2023,
4858,SYNTHETIC COMPANY 01857,SYNTHETIC SITE 01857,,1 Example Way,Nowhere,ZZ,00000,4841,SYNTHETIC INDUSTRY,201,291648,1,0,8,5,5,56,20,18,0,0,0,0,0,101857,1,2,2022,1/1/2023,
4859,SYNTHETIC COMPANY 01858,SYNTHETIC SITE 01858,,1 Example Way,Nowhere,ZZ,00000,3115,SYNTHETIC INDUSTRY,13,19449,2,0,0,0,0,0,0,0,0,0,0,0,0,101858,1,2,2022,1/1/2023,
4860,SYNTHETIC COMPANY 01859,SYNTHETIC SITE 01859,,1 Example Way,Nowhere,ZZ,00000,3328,SYNTHETIC INDUSTRY,54,96028,1,0,1,0,0,7,0,1,0,0,0,0,0,101859,1,2,2022,1/1/2023,
4861,SYNTHETIC COMPANY 01860,SYNTHETIC SITE 01860,,1 Example Way,Nowhere,ZZ,00000,3115,SYNTHETIC INDUSTRY,4,7242,2,0,0,0,0,0,0,0,0,0,0,0,0,101860,1,2,2022,1/1/2023,
4862,SYNTHETIC COMPANY 01861,SYNTHETIC SITE 01861,,1 Example Way,Nowhere,ZZ,00000,3115,SYNTHETIC INDUSTRY,125,274835,1,0,0,0,4,0,0,4,0,0,0,0,0,101861,1,2,2022,1/1/2023,
4863,SYNTHETIC COMPANY 01862,SYNTHETIC SITE 01862,,1 Example Way,Nowhere,ZZ,00000,3251,SYNTHETIC INDUSTRY,9,15991,2,0,0,0,0,0,0,0,0,0,0,0,0,101862,1,2,2022,1/1/2023,
4864,SYNTHETIC COMPANY 01863,SYNTHETIC SITE 01863,,1 Example Way,Nowhere,ZZ,00000,3115,SYNTHETIC INDUSTRY,20,32815,2,0,0,0,0,0,0,0,0,0,0,0,0,101863,1,2,2022,1/1/2023,
4865,SYNTHETIC COMPANY 01864,SYNTHETIC SITE 01864,,1 Example Way,Nowhere,ZZ,00000,4841,SYNTHETIC INDUSTRY,129,236298,1,0,8,3,4,56,12,15,0,0,0,0,0,101864,1,2,2022,1/1/2023,
4866,SYNTHETIC COMPANY 01865,SYNTHETIC SITE 01865,,1 Example Way,Nowhere,ZZ,00000,3115,SYNTHETIC INDUSTRY,42,88536,2,0,0,0,0,0,0,0,0,0,0,0,0,101865,1,2,2022,1/1/2023,
4867,SYNTHETIC COMPANY 01866,SYNTHETIC SITE 01866,,1 Example Way,Nowhere,ZZ,00000,4841,SYNTHETIC INDUSTRY,75,141620,1,0,1,0,2,7,0,3,0,0,0,0,0,101866,1,2,2022,1/1/2023,
4868,SYNTHETIC COMPANY 01867,SYNTHETIC SITE 01867,,1 Example Way,Nowhere,ZZ,00000,3328,SYNTHETIC INDUSTRY,144,228906,2,0,0,0,0,0,0,0,0,0,0,0,0,101867,1,2,2022,1/1/2023,
4869,SYNTHETIC COMPANY 01868,SYNTHETIC SITE 01868,,1 Example Way,Nowhere,ZZ,00000,4451,SYNTHETIC INDUSTRY,34,52277,2,0,0,0,0,0,0,0,0,0,0,0,0,101868,1,2,2022,1/1/2023,
4870,SYNTHETIC COMPANY 01869,SYNTHETIC SITE 01869,,1 Example Way,Nowhere,ZZ,00000,2361,SYNTHETIC INDUSTRY,231,468181,1,0,2,4,1,14,16,7,0,0,0,0,0,101869,1,2,2022,1/1/2023,
4871,SYNTHETIC COMPANY 01870,SYNTHETIC SITE 01870,,1 Example Way,Nowhere,ZZ,00000,6221,SYNTHETIC INDUSTRY,146,293727,2,0,0,0,0,0,0,0,0,0,0,0,0,101870,1,2,2022,1/1/2023,
4872,SYNTHETIC COMPANY 01871,SYNTHETIC SITE 01871,,1 Example Way,Nowhere,ZZ,00000,4841,SYNTHETIC INDUSTRY,52,95553,2,0,0,0,0,0,0,0,0,0,0,0,0,101871,1,2,2022,1/1/2023,
4873,SYNTHETIC COMPANY 01872,SYNTHETIC SITE 01872,,1 Example Way,Nowhere,ZZ,00000,4451,SYNTHETIC INDUSTRY,27,46598,1,0,0,2,1,0,8,3,0,0,0,0,0,101872,1,2,2022,1/1/2023,
4874,SYNTHETIC COMPANY 01873,SYNTHETIC SITE 01873,,1 Example Way,Nowhere,ZZ,00000,3115,SYNTHETIC INDUSTRY,59,105001,2,0,0,0,0,0,0,0,0,0,0,0,0,101873,1,2,2022,1/1/2023,
4875,SYNTHETIC COMPANY 01874,SYNTHETIC SITE 01874,,1 Example Way,Nowhere,ZZ,00000,6221,SYNTHETIC INDUSTRY,28,57125,2,0,0,0,0,0,0,0,0,0,0,0,0,101874,1,2,2022,1/1/2023,
4876,SYNTHETIC COMPANY 01875,SYNTHETIC SITE 01875,,1 Example Way,Nowhere,ZZ,00000,2361,SYNTHETIC INDUSTRY,16,29159,2,0,0,0,0,0,0,0,0,0,0,0,0,101875,1,2,2022,1/1/2023,
4877,SYNTHETIC COMPANY 01876,SYNTHETIC SITE 01876,,1 Example Way,Nowhere,ZZ,00000,3115,SYNTHETIC INDUSTRY,23,34013,2,0,0,0,0,0,0,0,0,0,0,0,0,101876,1,2,2022,1/1/2023,
4878,SYNTHETIC COMPANY 01877,SYNTHETIC SITE 01877,,1 Example Way,Nowhere,ZZ,00000,3251,SYNTHETIC INDUSTRY,72,131393,2,0,0,0,0,0,0,0,0,0,0,0,0,101877,1,2,2022,1/1/2023,
4879,SYNTHETIC COMPANY 01878,SYNTHETIC SITE 01878,,1 Example Way,Nowhere,ZZ,00000,6221,SYNTHETIC INDUSTRY,36,76301,1,0,0,1,0,0,4,1,0,0,0,0,0,101878,1,2,2022,1/1/2023,
4880,SYNTHETIC COMPANY 01879,SYNTHETIC SITE 01879,,1 Example Way,Nowhere,ZZ,00000,3251,SYNTHETIC INDUSTRY,78,121274,2,0,0,0,0,0,0,0,0,0,0,0,0,101879,1,2,2022,1/1/2023,
4881,SYNTHETIC COMPANY 01880,SYNTHETIC SITE 01880,,1 Example Way,Nowhere,ZZ,00000,4451,SYNTHETIC INDUSTRY,72,109248,1,0,1,2,2,7,8,5,0,0,0,0,0,101880,1,2,2022,1/1/2023,
4882,SYNTHETIC COMPANY 01881,SYNTHETIC SITE 01881,,1 Example Way,Nowhere,ZZ,00000,4841,SYNTHETIC INDUSTRY,211,411502,1,0,4,3,5,28,12,12,0,0,0,0,0,101881,1,2,2022,1/1/2023,
4883,SYNTHETIC COMPANY 01882,SYNTHETIC SITE 01882,,1 Example Way,Nowhere,ZZ,00000,3115,SYNTHETIC INDUSTRY,253,496522,1,0,1,2,2,7,8,5,0,0,0,0,0,101882,1,2,2022,1/1/2023,
4884,SYNTHETIC COMPANY 01883,SYNTHETIC SITE 01883,,1 Example Way,Nowhere,ZZ,00000,6221,SYNTHETIC INDUSTRY,66,116959,1,0,2,0,2,14,0,4,0,0,0,0,0,101883,1,2,2022,1/1/2023,
4885,SYNTHETIC COMPANY 01884,SYNTHETIC SITE 01884,,1 Example Way,Nowhere,ZZ,00000,4841,SYNTHETIC INDUSTRY,189,412362,1,0,3,3,7,21,12,13,0,0,0,0,0,101884,1,2,2022,1/1/2023,
4886,SYNTHETIC COMPANY 01885,SYNTHETIC SITE 01885,,1 Example Way,Nowhere,ZZ,00000,6221,SYNTHETIC INDUSTRY,8,17362,1,0,0,0,1,0,0,1,0,0,0,0,0,101885,1,2,2022,1/1/2023,
4887,SYNTHETIC COMPANY 01886,SYNTHETIC SITE 01886,,1 Example Way,Nowhere,ZZ,00000,6221,SYNTHETIC INDUSTRY,4,7622,2,0,0,0,0,0,0,0,0,0,0,0,0,101886,1,2,2022,1/1/2023,
4888,SYNTHETIC COMPANY 01887,SYNTHETIC SITE 01887,,1 Example Way,Nowhere,ZZ,00000,3251,SYNTHETIC INDUSTRY,31,47627,1,0,0,0,1,0,0,1,0,0,0,0,0,101887,1,2,2022,1/1/2023,
4889,SYNTHETIC COMPANY 01888,SYNTHETIC SITE 01888,,1 Example Way,Nowhere,ZZ,00000,4841,SYNTHETIC INDUSTRY,64,109491,1,0,0,0,1,0,0,1,0,0,0,0,0,101888,1,2,2022,1/1/2023,
4890,SYNTHETIC COMPANY 01889,SYNTHETIC SITE 01889,,1 Example Way,Nowhere,ZZ,00000,3328,SYNTHETIC INDUSTRY,13,19181,2,0,0,0,0,0,0,0,0,0,0,0,0,101889,1,2,2022,1/1/2023,
4891,SYNTHETIC COMPANY 01890,SYNTHETIC SITE 01890,,1 Example Way,Nowhere,ZZ,00000,3328,SYNTHETIC INDUSTRY,23,39663,2,0,0,0,0,0,0,0,0,0,0,0,0,101890,1,2,2022,1/1/2023,
4892,SYNTHETIC COMPANY 01891,SYNTHETIC SITE 01891,,1 Example Way,Nowhere,ZZ,00000,3328,SYNTHETIC INDUSTRY,123,228029,1,0,0,0,1,0,0,1,0,0,0,0,0,101891,1,2,2022,1/1/2023,
4893,SYNTHETIC COMPANY 01892,SYNTHETIC SITE 01892,,1 Example Way,Nowhere,ZZ,00000,3252,SYNTHETIC INDUSTRY,15,21994,2,0,0,0,0,0,0,0,0,0,0,0,0,101892,1,2,2022,1/1/2023,
4894,SYNTHETIC COMPANY 01893,SYNTHETIC SITE 01893,,1 Example Way,Nowhere,ZZ,00000,3251,SYNTHETIC INDUSTRY,41,79952,2,0,0,0,0,0,0,0,0,0,0,0,0,101893,1,2,2022,1/1/2023,
4895,SYNTHETIC COMPANY 01894,SYNTHETIC SITE 01894,,1 Example Way,Nowhere,ZZ,00000,3252,SYNTHETIC INDUSTRY,66,142480,2,0,0,0,0,0,0,0,0,0,0,0,0,101894,1,2,2022,1/1/2023,
4896,SYNTHETIC COMPANY 01895,SYNTHETIC SITE 01895,,1 Example Way,Nowhere,ZZ,00000,3251,SYNTHETIC INDUSTRY,12,24894,1,0,0,0,1,0,0,1,0,0,0,0,0,101895,1,2,2022,1/1/2023,
4897,SYNTHETIC COMPANY 01896,SYNTHETIC SITE 01896,,1 Example Way,Nowhere,ZZ,00000,6221,SYNTHETIC INDUSTRY,76,153754,1,0,1,2,1,7,8,4,0,0,0,0,0,101896,1,2,2022,1/1/2023,
4898,SYNTHETIC COMPANY 01897,SYNTHETIC SITE 01897,,1 Example Way,Nowhere,ZZ,00000,3251,SYNTHETIC INDUSTRY,3,6091,2,0,0,0,0,0,0,0,0,0,0,0,0,101897,1,2,2022,1/1/2023,
4899,SYNTHETIC COMPANY 01898,SYNTHETIC SITE 01898,,1 Example Way,Nowhere,ZZ,00000,6221,SYNTHETIC INDUSTRY,32,43262,2,0,0,0,0,0,0,0,0,0,0,0,0,101898,1,2,2022,1/1/2023,
4900,SYNTHETIC COMPANY 01899,SYNTHETIC SITE 01899,,1 Example Way,Nowhere,ZZ,00000,2361,SYNTHETIC INDUSTRY,114,178692,2,0,0,0,0,0,0,0,0,0,0,0,0,101899,1,2,2022,1/1/2023,
4901,SYNTHETIC COMPANY 01900,SYNTHETIC SITE 01900,,1 Example Way,Nowhere,ZZ,00000,3251,SYNTHETIC INDUSTRY,17,29821,2,0,0,0,0,0,0,0,0,0,0,0,0,101900,1,2,2022,1/1/2023,
4902,SYNTHETIC COMPANY 01901,SYNTHETIC SITE 01901,,1 Example Way,Nowhere,ZZ,00000,4451,SYNTHETIC INDUSTRY,121,179774,1,0,3,0,4,21,0,7,0,0,0,0,0,101901,1,2,2022,1/1/2023,
4903,SYNTHETIC COMPANY 01902,SYNTHETIC SITE 01902,,1 Example Way,Nowhere,ZZ,00000,4841,SYNTHETIC INDUSTRY,3,5591,2,0,0,0,0,0,0,0,0,0,0,0,0,101902,1,2,2022,1/1/2023,
4904,SYNTHETIC COMPANY 01903,SYNTHETIC SITE 01903,,1 Example Way,Nowhere,ZZ,00000,4841,SYNTHETIC INDUSTRY,82,141845,1,0,1,0,1,7,0,2,0,0,0,0,0,101903,1,2,2022,1/1/2023,
4905,SYNTHETIC COMPANY 01904,SYNTHETIC SITE 01904,,1 Example Way,Nowhere,ZZ,00000,3252,SYNTHETIC INDUSTRY,453,750170,1,0,4,0,2,28,0,6,0,0,0,0,0,101904,1,2,2022,1/1/2023,
4906,SYNTHETIC COMPANY 01905,SYNTHETIC SITE 01905,,1 Example Way,Nowhere,ZZ,00000,4451,SYNTHETIC INDUSTRY,50,77907,2,0,0,0,0,0,0,0,0,0,0,0,0,101905,1,2,2022,1/1/2023,
4907,SYNTHETIC COMPANY 01906,SYNTHETIC SITE 01906,,1 Example Way,Nowhere,ZZ,00000,4451,SYNTHETIC INDUSTRY,33,67894,1,0,1,1,0,7,4,2,0,0,0,0,0,101906,1,2,2022,1/1/2023,
4908,SYNTHETIC COMPANY 01907,SYNTHETIC SITE 01907,,1 Example Way,Nowhere,ZZ,00000,3252,SYNTHETIC INDUSTRY,20,34450,2,0,0,0,0,0,0,0,0,0,0,0,0,101907,1,2,2022,1/1/2023,
4909,SYNTHETIC COMPANY 01908,SYNTHETIC SITE 01908,,1 Example Way,Nowhere,ZZ,00000,4841,SYNTHETIC INDUSTRY,48,90780,1,0,0,1,1,0,4,2,0,0,0,0,0,101908,1,2,2022,1/1/2023,
4910,SYNTHETIC COMPANY 01909,SYNTHETIC SITE 01909,,1 Example Way,Nowhere,ZZ,00000,6221,SYNTHETIC INDUSTRY,21,38436,2,0,0,0,0,0,0,0,0,0,0,0,0,101909,1,2,2022,1/1/2023,
4911,SYNTHETIC COMPANY 01910,SYNTHETIC SITE 01910,,1 Example Way,Nowhere,ZZ,00000,3251,SYNTHETIC INDUSTRY,87,136912,2,0,0,0,0,0,0,0,0,0,0,0,0,101910,1,2,2022,1/1/2023,
4912,SYNTHETIC COMPANY 01911,SYNTHETIC SITE 01911,,1 Example Way,Nowhere,ZZ,00000,3251,SYNTHETIC INDUSTRY,69,117724,2,0,0,0,0,0,0,0,0,0,0,0,0,101911,1,2,2022,1/1/2023,
4913,SYNTHETIC COMPANY 01912,SYNTHETIC SITE 01912,,1 Example Way,Nowhere,ZZ,00000,3115,SYNTHETIC INDUSTRY,6,11688,2,0,0,0,0,0,0,0,0,0,0,0,0,101912,1,2,2022,1/1/2023,
4914,SYNTHETIC COMPANY 01913,SYNTHETIC SITE 01913,,1 Example Way,Nowhere,ZZ,00000,3115,SYNTHETIC INDUSTRY,14,27610,2,0,0,0,0,0,0,0,0,0,0,0,0,101913,1,2,2022,1/1/2023,
4915,SYNTHETIC COMPANY 01914,SYNTHETIC SITE 01914,,1 Example Way,Nowhere,ZZ,00000,6221,SYNTHETIC INDUSTRY,128,230607,2,0,0,0,0,0,0,0,0,0,0,0,0,101914,1,2,2022,1/1/2023,
4916,SYNTHETIC COMPANY 01915,SYNTHETIC SITE 01915,,1 Example Way,Nowhere,ZZ,00000,6221,SYNTHETIC INDUSTRY,22,43748,2,0,0,0,0,0,0,0,0,0,0,0,0,101915,1,2,2022,1/1/2023,
4917,SYNTHETIC COMPANY 01916,SYNTHETIC SITE 01916,,1 Example Way,Nowhere,ZZ,00000,3251,SYNTHETIC INDUSTRY,149,280236,1,0,2,0,3,14,0,5,0,0,0,0,0,101916,1,2,2022,1/1/2023,
4918,SYNTHETIC COMPANY 01917,SYNTHETIC SITE 01917,,1 Example Way,Nowhere,ZZ,00000,2361,SYNTHETIC INDUSTRY,32,60700,2,0,0,0,0,0,0,0,0,0,0,0,0,101917,1,2,2022,1/1/2023,
4919,SYNTHETIC COMPANY 01918,SYNTHETIC SITE 01918,,1 Example Way,Nowhere,ZZ,00000,3252,SYNTHETIC INDUSTRY,35,70145,1,0,2,0,1,14,0,3,0,0,0,0,0,101918,1,2,2022,1/1/2023,
4920,SYNTHETIC COMPANY 01919,SYNTHETIC SITE 01919,,1 Example Way,Nowhere,ZZ,00000,3115,SYNTHETIC INDUSTRY,560,1058383,2,0,0,0,0,0,0,0,0,0,0,0,0,101919,1,2,2022,1/1/2023,
4921,SYNTHETIC COMPANY 01920,SYNTHETIC SITE 01920,,1 Example Way,Nowhere,ZZ,00000,3328,SYNTHETIC INDUSTRY,161,346601,1,0,2,3,1,14,12,6,0,0,0,0,0,101920,1,2,2022,1/1/2023,
4922,SYNTHETIC COMPANY 01921,SYNTHETIC SITE 01921,,1 Example Way,Nowhere,ZZ,00000,2361,SYNTHETIC INDUSTRY,48,109404,1,0,0,2,0,0,8,2,0,0,0,0,0,101921,1,2,2022,1/1/2023,
4923,SYNTHETIC COMPANY 01922,SYNTHETIC SITE 01922,,1 Example Way,Nowhere,ZZ,00000,3252,SYNTHETIC INDUSTRY,11,17872,2,0,0,0,0,0,0,0,0,0,0,0,0,101922,1,2,2022,1/1/2023,
4924,SYNTHETIC COMPANY 01923,SYNTHETIC SITE 01923,,1 Example Way,Nowhere,ZZ,00000,2361,SYNTHETIC INDUSTRY,65,148879,2,0,0,0,0,0,0,0,0,0,0,0,0,101923,1,2,2022,1/1/2023,
4925,SYNTHETIC COMPANY 01924,SYNTHETIC SITE 01924,,1 Example Way,Nowhere,ZZ,00000,3251,SYNTHETIC INDUSTRY,7,13325,2,0,0,0,0,0,0,0,0,0,0,0,0,101924,1,2,2022,1/1/2023,
4926,SYNTHETIC COMPANY 01925,SYNTHETIC SITE 01925,,1 Example Way,Nowhere,ZZ,00000,4451,SYNTHETIC INDUSTRY,57,90533,2,0,0,0,0,0,0,0,0,0,0,0,0,101925,1,2,2022,1/1/2023,
4927,SYNTHETIC COMPANY 01926,SYNTHETIC SITE 01926,,1 Example Way,Nowhere,ZZ,00000,6221,SYNTHETIC INDUSTRY,95,178018,2,0,0,0,0,0,0,0,0,0,0,0,0,101926,1,2,2022,1/1/2023,
4928,SYNTHETIC COMPANY 01927,SYNTHETIC SITE 01927,,1 Example Way,Nowhere,ZZ,00000,3251,SYNTHETIC INDUSTRY,47,87520,2,0,0,0,0,0,0,0,0,0,0,0,0,101927,1,2,2022,1/1/2023,
4929,SYNTHETIC COMPANY 01928,SYNTHETIC SITE 01928,,1 Example Way,Nowhere,ZZ,00000,3115,SYNTHETIC INDUSTRY,30,62861,1,0,2,0,2,14,0,4,0,0,0,0,0,101928,1,2,2022,1/1/2023,
4930,SYNTHETIC COMPANY 01929,SYNTHETIC SITE 01929,,1 Example Way,Nowhere,ZZ,00000,4841,SYNTHETIC INDUSTRY,132,225754,2,0,0,0,0,0,0,0,0,0,0,0,0,101929,1,2,2022,1/1/2023,
4931,SYNTHETIC COMPANY 01930,SYNTHETIC SITE 01930,,1 Example Way,Nowhere,ZZ,00000,4841,SYNTHETIC INDUSTRY,48,90941,2,0,0,0,0,0,0,0,0,0,0,0,0,101930,1,2,2022,1/1/2023,
4932,SYNTHETIC COMPANY 01931,SYNTHETIC SITE 01931,,1 Example Way,Nowhere,ZZ,00000,4451,SYNTHETIC INDUSTRY,107,224945,1,0,1,0,0,7,0,1,0,0,0,0,0,101931,1,2,2022,1/1/2023,
4933,SYNTHETIC COMPANY 01932,SYNTHETIC SITE 01932,,1 Example Way,Nowhere,ZZ,00000,3252,SYNTHETIC INDUSTRY,90,156434,2,0,0,0,0,0,0,0,0,0,0,0,0,101932,1,2,2022,1/1/2023,
4934,SYNTHETIC COMPANY 01933,SYNTHETIC SITE 01933,,1 Example Way,Nowhere,ZZ,00000,3252,SYNTHETIC INDUSTRY,26,45969,2,0,0,0,0,0,0,0,0,0,0,0,0,101933,1,2,2022,1/1/2023,
4935,SYNTHETIC COMPANY 01934,SYNTHETIC SITE 01934,,1 Example Way,Nowhere,ZZ,00000,6221,SYNTHETIC INDUSTRY,55,108755,2,0,0,0,0,0,0,0,0,0,0,0,0,101934,1,2,2022,1/1/2023,
4936,SYNTHETIC COMPANY 01935,SYNTHETIC SITE 01935,,1 Example Way,Nowhere,ZZ,00000,3251,SYNTHETIC INDUSTRY,130,237048,1,0,0,1,0,0,4,1,0,0,0,0,0,101935,1,2,2022,1/1/2023,
4937,SYNTHETIC COMPANY 01936,SYNTHETIC SITE 01936,,1 Example Way,Nowhere,ZZ,00000,4451,SYNTHETIC INDUSTRY,33,52779,2,0,0,0,0,0,0,0,0,0,0,0,0,101936,1,2,2022,1/1/2023,
4938,SYNTHETIC COMPANY 01937,SYNTHETIC SITE 01937,,1 Example Way,Nowhere,ZZ,00000,4841,SYNTHETIC INDUSTRY,149,263542,2,0,0,0,0,0,0,0,0,0,0,0,0,101937,1,2,2022,1/1/2023,
4939,SYNTHETIC COMPANY 01938,SYNTHETIC SITE 01938,,1 Example Way,Nowhere,ZZ,00000,3251,SYNTHETIC INDUSTRY,94,165847,2,0,0,0,0,0,0,0,0,0,0,0,0,101938,1,2,2022,1/1/2023,
4940,SYNTHETIC COMPANY 01939,SYNTHETIC SITE 01939,,1 Example Way,Nowhere,ZZ,00000,2361,SYNTHETIC INDUSTRY,519,889086,1,0,3,3,5,21,12,11,0,0,0,0,0,101939,1,2,2022,1/1/2023,
4941,SYNTHETIC COMPANY 01940,SYNTHETIC SITE 01940,,1 Example Way,Nowhere,ZZ,00000,2361,SYNTHETIC INDUSTRY,42,61395,2,0,0,0,0,0,0,0,0,0,0,0,0,101940,1,2,2022,1/1/2023,
4942,SYNTHETIC COMPANY 01941,SYNTHETIC SITE 01941,,1 Example Way,Nowhere,ZZ,00000,3328,SYNTHETIC INDUSTRY,173,308898,1,0,1,1,1,7,4,3,0,0,0,0,0,101941,1,2,2022,1/1/2023,
4943,SYNTHETIC COMPANY 01942,SYNTHETIC SITE 01942,,1 Example Way,Nowhere,ZZ,00000,3252,SYNTHETIC INDUSTRY,112,227416,2,0,0,0,0,0,0,0,0,0,0,0,0,101942,1,2,2022,1/1/2023,
4944,SYNTHETIC COMPANY 01943,SYNTHETIC SITE 01943,,1 Example Way,Nowhere,ZZ,00000,3115,SYNTHETIC INDUSTRY,30,51657,1,0,0,1,1,0,4,2,0,0,0,0,0,101943,1,2,2022,1/1/2023,
4945,SYNTHETIC COMPANY 01944,SYNTHETIC SITE 01944,,1 Example Way,Nowhere,ZZ,00000,6221,SYNTHETIC INDUSTRY,4,6402,2,0,0,0,0,0,0,0,0,0,0,0,0,101944,1,2,2022,1/1/2023,
4946,SYNTHETIC COMPANY 01945,SYNTHETIC SITE 01945,,1 Example Way,Nowhere,ZZ,00000,3328,SYNTHETIC INDUSTRY,36,61809,2,0,0,0,0,0,0,0,0,0,0,0,0,101945,1,2,2022,1/1/2023,
4947,SYNTHETIC COMPANY 01946,SYNTHETIC SITE 01946,,1 Example Way,Nowhere,ZZ,00000,2361,SYNTHETIC INDUSTRY,124,198495,1,0,9,3,3,63,12,15,0,0,0,0,0,101946,1,2,2022,1/1/2023,
4948,SYNTHETIC COMPANY 01947,SYNTHETIC SITE 01947,,1 Example Way,Nowhere,ZZ,00000,6221,SYNTHETIC INDUSTRY,30,50343,1,0,3,0,1,21,0,4,0,0,0,0,0,101947,1,2,2022,1/1/2023,
4949,SYNTHETIC COMPANY 01948,SYNTHETIC SITE 01948,,1 Example Way,Nowhere,ZZ,00000,3115,SYNTHETIC INDUSTRY,24,45498,2,0,0,0,0,0,0,0,0,0,0,0,0,101948,1,2,2022,1/1/2023,
4950,SYNTHETIC COMPANY 01949,SYNTHETIC SITE 01949,,1 Example Way,Nowhere,ZZ,00000,4841,SYNTHETIC INDUSTRY,17,31265,2,0,0,0,0,0,0,0,0,0,0,0,0,101949,1,2,2022,1/1/2023,
4951,SYNTHETIC COMPANY 01950,SYNTHETIC SITE 01950,,1 Example Way,Nowhere,ZZ,00000,6221,SYNTHETIC INDUSTRY,60,118976,2,0,0,0,0,0,0,0,0,0,0,0,0,101950,1,2,2022,1/1/2023,
4952,SYNTHETIC COMPANY 01951,SYNTHETIC SITE 01951,,1 Example Way,Nowhere,ZZ,00000,4841,SYNTHETIC INDUSTRY,44,57942,2,0,0,0,0,0,0,0,0,0,0,0,0,101951,1,2,2022,1/1/2023,
4953,SYNTHETIC COMPANY 01952,SYNTHETIC SITE 01952,,1 Example Way,Nowhere,ZZ,00000,4451,SYNTHETIC INDUSTRY,19,30428,2,0,0,0,0,0,0,0,0,0,0,0,0,101952,1,2,2022,1/1/2023,
4954,SYNTHETIC COMPANY 01953,SYNTHETIC SITE 01953,,1 Example Way,Nowhere,ZZ,00000,3252,SYNTHETIC INDUSTRY,377,627470,2,0,0,0,0,0,0,0,0,0,0,0,0,101953,1,2,2022,1/1/2023,
4955,SYNTHETIC COMPANY 01954,SYNTHETIC SITE 01954,,1 Example Way,Nowhere,ZZ,00000,2361,SYNTHETIC INDUSTRY,21,26869,1,0,0,1,0,0,4,1,0,0,0,0,0,101954,1,2,2022,1/1/2023,
4956,SYNTHETIC COMPANY 01955,SYNTHETIC SITE 01955,,1 Example Way,Nowhere,ZZ,00000,6221,SYNTHETIC INDUSTRY,54,115635,2,0,0,0,0,0,0,0,0,0,0,0,0,101955,1,2,2022,1/1/2023,
4957,SYNTHETIC COMPANY 01956,SYNTHETIC SITE 01956,,1 Example Way,Nowhere,ZZ,00000,6221,SYNTHETIC INDUSTRY,30,51391,1,0,2,1,2,14,4,5,0,0,0,0,0,101956,1,2,2022,1/1/2023,
4958,SYNTHETIC COMPANY 01957,SYNTHETIC SITE 01957,,1 Example Way,Nowhere,ZZ,00000,2361,SYNTHETIC INDUSTRY,27,60816,2,0,0,0,0,0,0,0,0,0,0,0,0,101957,1,2,2022,1/1/2023,
4959,SYNTHETIC COMPANY 01958,SYNTHETIC SITE 01958,,1 Example Way,Nowhere,ZZ,00000,4841,SYNTHETIC INDUSTRY,103,152974,1,0,0,2,2,0,8,4,0,0,0,0,0,101958,1,2,2022,1/1/2023,
4960,SYNTHETIC COMPANY 01959,SYNTHETIC SITE 01959,,1 Example Way,Nowhere,ZZ,00000,2361,SYNTHETIC INDUSTRY,95,179132,1,0,6,1,5,42,4,12,0,0,0,0,0,101959,1,2,2022,1/1/2023,
4961,SYNTHETIC COMPANY 01960,SYNTHETIC SITE 01960,,1 Example Way,Nowhere,ZZ,00000,6221,SYNTHETIC INDUSTRY,57,103110,1,0,0,0,2,0,0,2,0,0,0,0,0,101960,1,2,2022,1/1/2023,
4962,SYNTHETIC COMPANY 01961,SYNTHETIC SITE 01961,,1 Example Way,Nowhere,ZZ,00000,4841,SYNTHETIC INDUSTRY,49,81127,2,0,0,0,0,0,0,0,0,0,0,0,0,101961,1,2,2022,1/1/2023,
4963,SYNTHETIC COMPANY 01962,SYNTHETIC SITE 01962,,1 Example Way,Nowhere,ZZ,00000,3251,SYNTHETIC INDUSTRY,15,29461,2,0,0,0,0,0,0,0,0,0,0,0,0,101962,1,2,2022,1/1/2023,
4964,SYNTHETIC COMPANY 01963,SYNTHETIC SITE 01963,,1 Example Way,Nowhere,ZZ,00000,3328,SYNTHETIC INDUSTRY,26,45881,2,0,0,0,0,0,0,0,0,0,0,0,0,101963,1,2,2022,1/1/2023,
4965,SYNTHETIC COMPANY 01964,SYNTHETIC SITE 01964,,1 Example Way,Nowhere,ZZ,00000,3252,SYNTHETIC INDUSTRY,12,21556,2,0,0,0,0,0,0,0,0,0,0,0,0,101964,1,2,2022,1/1/2023,
4966,SYNTHETIC COMPANY 01965,SYNTHETIC SITE 01965,,1 Example Way,Nowhere,ZZ,00000,3115,SYNTHETIC INDUSTRY,253,440613,1,0,3,1,0,21,4,4,0,0,0,0,0,101965,1,2,2022,1/1/2023,
4967,SYNTHETIC COMPANY 01966,SYNTHETIC SITE 01966,,1 Example Way,Nowhere,ZZ,00000,3328,SYNTHETIC INDUSTRY,87,123842,2,0,0,0,0,0,0,0,0,0,0,0,0,101966,1,2,2022,1/1/2023,
4968,SYNTHETIC COMPANY 01967,SYNTHETIC SITE 01967,,1 Example Way,Nowhere,ZZ,00000,4451,SYNTHETIC INDUSTRY,140,293827,1,0,1,0,3,7,0,4,0,0,0,0,0,101967,1,2,2022,1/1/2023,
4969,SYNTHETIC COMPANY 01968,SYNTHETIC SITE 01968,,1 Example Way,Nowhere,ZZ,00000,3251,SYNTHETIC INDUSTRY,10,16678,2,0,0,0,0,0,0,0,0,0,0,0,0,101968,1,2,2022,1/1/2023,
4970,SYNTHETIC COMPANY 01969,SYNTHETIC SITE 01969,,1 Example Way,Nowhere,ZZ,00000,4451,SYNTHETIC INDUSTRY,39,85927,2,0,0,0,0,0,0,0,0,0,0,0,0,101969,1,2,2022,1/1/2023,
4971,SYNTHETIC COMPANY 01970,SYNTHETIC SITE 01970,,1 Example Way,Nowhere,ZZ,00000,2361,SYNTHETIC INDUSTRY,17,26068,1,0,0,1,0,0,4,1,0,0,0,0,0,101970,1,2,2022,1/1/2023,
4972,SYNTHETIC COMPANY 01971,SYNTHETIC SITE 01971,,1 Example Way,Nowhere,ZZ,00000,4841,SYNTHETIC INDUSTRY,133,204864,1,0,0,0,1,0,0,1,0,0,0,0,0,101971,1,2,2022,1/1/2023,
4973,SYNTHETIC COMPANY 01972,SYNTHETIC SITE 01972,,1 Example Way,Nowhere,ZZ,00000,3115,SYNTHETIC INDUSTRY,145,241541,1,0,1,0,2,7,0,3,0,0,0,0,0,101972,1,2,2022,1/1/2023,
4974,SYNTHETIC COMPANY 01973,SYNTHETIC SITE 01973,,1 Example Way,Nowhere,ZZ,00000,6221,SYNTHETIC INDUSTRY,244,440166,2,0,0,0,0,0,0,0,0,0,0,0,0,101973,1,2,2022,1/1/2023,
4975,SYNTHETIC COMPANY 01974,SYNTHETIC SITE 01974,,1 Example Way,Nowhere,ZZ,00000,3252,SYNTHETIC INDUSTRY,11,17968,2,0,0,0,0,0,0,0,0,0,0,0,0,101974,1,2,2022,1/1/2023,
4976,SYNTHETIC COMPANY 01975,SYNTHETIC SITE 01975,,1 Example Way,Nowhere,ZZ,00000,2361,SYNTHETIC INDUSTRY,197,469084,1,0,1,0,2,7,0,3,0,0,0,0,0,101975,1,2,2022,1/1/2023,
4977,SYNTHETIC COMPANY 01976,SYNTHETIC SITE 01976,,1 Example Way,Nowhere,ZZ,00000,2361,SYNTHETIC INDUSTRY,25,41187,2,0,0,0,0,0,0,0,0,0,0,0,0,101976,1,2,2022,1/1/2023,
4978,SYNTHETIC COMPANY 01977,SYNTHETIC SITE 01977,,1 Example Way,Nowhere,ZZ,00000,3328,SYNTHETIC INDUSTRY,57,117589,1,0,2,1,2,14,4,5,0,0,0,0,0,101977,1,2,2022,1/1/2023,
4979,SYNTHETIC COMPANY 01978,SYNTHETIC SITE 01978,,1 Example Way,Nowhere,ZZ,00000,6221,SYNTHETIC INDUSTRY,134,259954,2,0,0,0,0,0,0,0,0,0,0,0,0,101978,1,2,2022,1/1/2023,
4980,SYNTHETIC COMPANY 01979,SYNTHETIC SITE 01979,,1 Example Way,Nowhere,ZZ,00000,4841,SYNTHETIC INDUSTRY,96,128025,1,0,0,0,2,0,0,2,0,0,0,0,0,101979,1,2,2022,1/1/2023,
4981,SYNTHETIC COMPANY 01980,SYNTHETIC SITE 01980,,1 Example Way,Nowhere,ZZ,00000,4451,SYNTHETIC INDUSTRY,42,62235,2,0,0,0,0,0,0,0,0,0,0,0,0,101980,1,2,2022,1/1/2023,
4982,SYNTHETIC COMPANY 01981,SYNTHETIC SITE 01981,,1 Example Way,Nowhere,ZZ,00000,4841,SYNTHETIC INDUSTRY,352,639622,1,0,2,4,6,14,16,12,0,0,0,0,0,101981,1,2,2022,1/1/2023,
4983,SYNTHETIC COMPANY 01982,SYNTHETIC SITE 01982,,1 Example Way,Nowhere,ZZ,00000,3252,SYNTHETIC INDUSTRY,107,196900,1,0,1,1,0,7,4,2,0,0,0,0,0,101982,1,2,2022,1/1/2023,
4984,SYNTHETIC COMPANY 01983,SYNTHETIC SITE 01983,,1 Example Way,Nowhere,ZZ,00000,3252,SYNTHETIC INDUSTRY,31,54308,2,0,0,0,0,0,0,0,0,0,0,0,0,101983,1,2,2022,1/1/2023,
4985,SYNTHETIC COMPANY 01984,SYNTHETIC SITE 01984,,1 Example Way,Nowhere,ZZ,00000,4841,SYNTHETIC INDUSTRY,209,478302,1,0,1,0,4,7,0,5,0,0,0,0,0,101984,1,2,2022,1/1/2023,
4986,SYNTHETIC COMPANY 01985,SYNTHETIC SITE 01985,,1 Example Way,Nowhere,ZZ,00000,4451,SYNTHETIC INDUSTRY,114,256729,1,0,0,1,0,0,4,1,0,0,0,0,0,101985,1,2,2022,1/1/2023,
4987,SYNTHETIC COMPANY 01986,SYNTHETIC SITE 01986,,1 Example Way,Nowhere,ZZ,00000,6221,SYNTHETIC INDUSTRY,196,337963,1,0,1,0,0,7,0,1,0,0,0,0,0,101986,1,2,2022,1/1/2023,
4988,SYNTHETIC COMPANY 01987,SYNTHETIC SITE 01987,,1 Example Way,Nowhere,ZZ,00000,3251,SYNTHETIC INDUSTRY,19,31850,1,0,1,0,0,7,0,1,0,0,0,0,0,101987,1,2,2022,1/1/2023,
4989,SYNTHETIC COMPANY 01988,SYNTHETIC SITE 01988,,1 Example Way,Nowhere,ZZ,00000,3115,SYNTHETIC INDUSTRY,27,49918,2,0,0,0,0,0,0,0,0,0,0,0,0,101988,1,2,2022,1/1/2023,
4990,SYNTHETIC COMPANY 01989,SYNTHETIC SITE 01989,,1 Example Way,Nowhere,ZZ,00000,3252,SYNTHETIC INDUSTRY,526,735517,2,0,0,0,0,0,0,0,0,0,0,0,0,101989,1,2,2022,1/1/2023,
4991,SYNTHETIC COMPANY 01990,SYNTHETIC SITE 01990,,1 Example Way,Nowhere,ZZ,00000,4451,SYNTHETIC INDUSTRY,11,20384,2,0,0,0,0,0,0,0,0,0,0,0,0,101990,1,2,2022,1/1/2023,
4992,SYNTHETIC COMPANY 01991,SYNTHETIC SITE 01991,,1 Example Way,Nowhere,ZZ,00000,3252,SYNTHETIC INDUSTRY,29,49176,2,0,0,0,0,0,0,0,0,0,0,0,0,101991,1,2,2022,1/1/2023,
4993,SYNTHETIC COMPANY 01992,SYNTHETIC SITE 01992,,1 Example Way,Nowhere,ZZ,00000,3252,SYNTHETIC INDUSTRY,43,75764,2,0,0,0,0,0,0,0,0,0,0,0,0,101992,1,2,2022,1/1/2023,
4994,SYNTHETIC COMPANY 01993,SYNTHETIC SITE 01993,,1 Example Way,Nowhere,ZZ,00000,4841,SYNTHETIC INDUSTRY,69,135209,1,0,0,1,0,0,4,1,0,0,0,0,0,101993,1,2,2022,1/1/2023,
4995,SYNTHETIC COMPANY 01994,SYNTHETIC SITE 01994,,1 Example Way,Nowhere,ZZ,00000,3251,SYNTHETIC INDUSTRY,677,1276216,1,0,8,3,5,56,12,16,0,0,0,0,0,101994,1,2,2022,1/1/2023,
4996,SYNTHETIC COMPANY 01995,SYNTHETIC SITE 01995,,1 Example Way,Nowhere,ZZ,00000,3251,SYNTHETIC INDUSTRY,102,172994,2,0,0,0,0,0,0,0,0,0,0,0,0,101995,1,2,2022,1/1/2023,
4997,SYNTHETIC COMPANY 01996,SYNTHETIC SITE 01996,,1 Example Way,Nowhere,ZZ,00000,6221,SYNTHETIC INDUSTRY,52,110399,1,0,0,0,1,0,0,1,0,0,0,0,0,101996,1,2,2022,1/1/2023,
4998,SYNTHETIC COMPANY 01997,SYNTHETIC SITE 01997,,1 Example Way,Nowhere,ZZ,00000,4451,SYNTHETIC INDUSTRY,110,192819,1,0,0,0,1,0,0,1,0,0,0,0,0,101997,1,2,2022,1/1/2023,
4999,SYNTHETIC COMPANY 01998,SYNTHETIC SITE 01998,,1 Example Way,Nowhere,ZZ,00000,2361,SYNTHETIC INDUSTRY,38,57937,2,0,0,0,0,0,0,0,0,0,0,0,0,101998,1,2,2022,1/1/2023,
5000,SYNTHETIC COMPANY 01999,SYNTHETIC SITE 01999,,1 Example Way,Nowhere,ZZ,00000,6221,SYNTHETIC INDUSTRY,143,287303,2,0,0,0,0,0,0,0,0,0,0,0,0,101999,1,2,2022,1/1/2023,
5001,SYNTHETIC COMPANY 02000,SYNTHETIC SITE 02000,,1 Example Way,Nowhere,ZZ,00000,3115,SYNTHETIC INDUSTRY,17,40884,2,0,0,0,0,0,0,0,0,0,0,0,0,102000,1,2,2022,1/1/2023,
5002,SYNTHETIC COMPANY 02001,SYNTHETIC SITE 02001,,1 Example Way,Nowhere,ZZ,00000,4841,SYNTHETIC INDUSTRY,77,131850,2,0,0,0,0,0,0,0,0,0,0,0,0,102001,1,2,2022,1/1/2023,
5003,SYNTHETIC COMPANY 02002,SYNTHETIC SITE 02002,,1 Example Way,Nowhere,ZZ,00000,4451,SYNTHETIC INDUSTRY,83,154062,2,0,0,0,0,0,0,0,0,0,0,0,0,102002,1,2,2022,1/1/2023,
5004,SYNTHETIC COMPANY 02003,SYNTHETIC SITE 02003,,1 Example Way,Nowhere,ZZ,00000,3251,SYNTHETIC INDUSTRY,48,72333,1,0,1,0,0,7,0,1,0,0,0,0,0,102003,1,2,2022,1/1/2023,
5005,SYNTHETIC COMPANY 02004,SYNTHETIC SITE 02004,,1 Example Way,Nowhere,ZZ,00000,3251,SYNTHETIC INDUSTRY,16,28225,2,0,0,0,0,0,0,0,0,0,0,0,0,102004,1,2,2022,1/1/2023,
5006,SYNTHETIC COMPANY 02005,SYNTHETIC SITE 02005,,1 Example Way,Nowhere,ZZ,00000,3252,SYNTHETIC INDUSTRY,81,160751,1,0,5,1,1,35,4,7,0,0,0,0,0,102005,1,2,2022,1/1/2023,
5007,SYNTHETIC COMPANY 02006,SYNTHETIC SITE 02006,,1 Example Way,Nowhere,ZZ,00000,6221,SYNTHETIC INDUSTRY,55,103954,1,0,1,0,0,7,0,1,0,0,0,0,0,102006,1,2,2022,1/1/2023,
5008,SYNTHETIC COMPANY 02007,SYNTHETIC SITE 02007,,1 Example Way,Nowhere,ZZ,00000,3252,SYNTHETIC INDUSTRY,65,124438,2,0,0,0,0,0,0,0,0,0,0,0,0,102007,1,2,2022,1/1/2023,
5009,SYNTHETIC COMPANY 02008,SYNTHETIC SITE 02008,,1 Example Way,Nowhere,ZZ,00000,2361,SYNTHETIC INDUSTRY,31,61474,1,0,0,1,0,0,4,1,0,0,0,0,0,102008,1,2,2022,1/1/2023,
5010,SYNTHETIC COMPANY 02009,SYNTHETIC SITE 02009,,1 Example Way,Nowhere,ZZ,00000,2361,SYNTHETIC INDUSTRY,566,1235594,1,0,19,13,16,133,52,48,0,0,0,0,0,102009,1,2,2022,1/1/2023,
5011,SYNTHETIC COMPANY 02010,SYNTHETIC SITE 02010,,1 Example Way,Nowhere,ZZ,00000,3252,SYNTHETIC INDUSTRY,7,9529,2,0,0,0,0,0,0,0,0,0,0,0,0,102010,1,2,2022,1/1/2023,
5012,SYNTHETIC COMPANY 02011,SYNTHETIC SITE 02011,,1 Example Way,Nowhere,ZZ,00000,3115,SYNTHETIC INDUSTRY,32,70825,2,0,0,0,0,0,0,0,0,0,0,0,0,102011,1,2,2022,1/1/2023,
5013,SYNTHETIC COMPANY 02012,SYNTHETIC SITE 02012,,1 Example Way,Nowhere,ZZ,00000,3115,SYNTHETIC INDUSTRY,15,21627,2,0,0,0,0,0,0,0,0,0,0,0,0,102012,1,2,2022,1/1/2023,
5014,SYNTHETIC COMPANY 02013,SYNTHETIC SITE 02013,,1 Example Way,Nowhere,ZZ,00000,3252,SYNTHETIC INDUSTRY,136,345751,2,0,0,0,0,0,0,0,0,0,0,0,0,102013,1,2,2022,1/1/2023,
5015,SYNTHETIC COMPANY 02014,SYNTHETIC SITE 02014,,1 Example Way,Nowhere,ZZ,00000,3252,SYNTHETIC INDUSTRY,40,83623,1,0,0,1,0,0,4,1,0,0,0,0,0,102014,1,2,2022,1/1/2023,
5016,SYNTHETIC COMPANY 02015,SYNTHETIC SITE 02015,,1 Example Way,Nowhere,ZZ,00000,3252,SYNTHETIC INDUSTRY,571,1085981,1,0,9,5,12,63,20,26,0,0,0,0,0,102015,1,2,2022,1/1/2023,
5017,SYNTHETIC COMPANY 02016,SYNTHETIC SITE 02016,,1 Example Way,Nowhere,ZZ,00000,3251,SYNTHETIC INDUSTRY,62,74731,1,0,1,0,0,7,0,1,0,0,0,0,0,102016,1,2,2022,1/1/2023,
5018,SYNTHETIC COMPANY 02017,SYNTHETIC SITE 02017,,1 Example Way,Nowhere,ZZ,00000,6221,SYNTHETIC INDUSTRY,41,67386,1,0,1,1,0,7,4,2,0,0,0,0,0,102017,1,2,2022,1/1/2023,
5019,SYNTHETIC COMPANY 02018,SYNTHETIC SITE 02018,,1 Example Way,Nowhere,ZZ,00000,3251,SYNTHETIC INDUSTRY,3,4761,2,0,0,0,0,0,0,0,0,0,0,0,0,102018,1,2,2022,1/1/2023,
5020,SYNTHETIC COMPANY 02019,SYNTHETIC SITE 02019,,1 Example Way,Nowhere,ZZ,00000,3251,SYNTHETIC INDUSTRY,48,95332,1,0,0,0,1,0,0,1,0,0,0,0,0,102019,1,2,2022,1/1/2023,
5021,SYNTHETIC COMPANY 02020,SYNTHETIC SITE 02020,,1 Example Way,Nowhere,ZZ,00000,3251,SYNTHETIC INDUSTRY,15,28247,2,0,0,0,0,0,0,0,0,0,0,0,0,102020,1,2,2022,1/1/2023,
5022,SYNTHETIC COMPANY 02021,SYNTHETIC SITE 02021,,1 Example Way,Nowhere,ZZ,00000,4841,SYNTHETIC INDUSTRY,40,75704,1,0,0,0,3,0,0,3,0,0,0,0,0,102021,1,2,2022,1/1/2023,
5023,SYNTHETIC COMPANY 02022,SYNTHETIC SITE 02022,,1 Example Way,Nowhere,ZZ,00000,3251,SYNTHETIC INDUSTRY,301,560663,2,0,0,0,0,0,0,0,0,0,0,0,0,102022,1,2,2022,1/1/2023,
5024,SYNTHETIC COMPANY 02023,SYNTHETIC SITE 02023,,1 Example Way,Nowhere,ZZ,00000,2361,SYNTHETIC INDUSTRY,92,204858,2,0,0,0,0,0,0,0,0,0,0,0,0,102023,1,2,2022,1/1/2023,
5025,SYNTHETIC COMPANY 02024,SYNTHETIC SITE 02024,,1 Example Way,Nowhere,ZZ,00000,6221,SYNTHETIC INDUSTRY,46,88109,1,0,0,1,0,0,4,1,0,0,0,0,0,102024,1,2,2022,1/1/2023,
5026,SYNTHETIC COMPANY 02025,SYNTHETIC SITE 02025,,1 Example Way,Nowhere,ZZ,00000,3252,SYNTHETIC INDUSTRY,173,362498,1,0,1,0,1,7,0,2,0,0,0,0,0,102025,1,2,2022,1/1/2023,
5027,SYNTHETIC COMPANY 02026,SYNTHETIC SITE 02026,,1 Example Way,Nowhere,ZZ,00000,3252,SYNTHETIC INDUSTRY,112,162319,2,0,0,0,0,0,0,0,0,0,0,0,0,102026,1,2,2022,1/1/2023,
5028,SYNTHETIC COMPANY 02027,SYNTHETIC SITE 02027,,1 Example Way,Nowhere,ZZ,00000,3251,SYNTHETIC INDUSTRY,8,15640,2,0,0,0,0,0,0,0,0,0,0,0,0,102027,1,2,2022,1/1/2023,
5029,SYNTHETIC COMPANY 02028,SYNTHETIC SITE 02028,,1 Example Way,Nowhere,ZZ,00000,6221,SYNTHETIC INDUSTRY,13,21765,2,0,0,0,0,0,0,0,0,0,0,0,0,102028,1,2,2022,1/1/2023,
5030,SYNTHETIC COMPANY 02029,SYNTHETIC SITE 02029,,1 Example Way,Nowhere,ZZ,00000,2361,SYNTHETIC INDUSTRY,16,32009,1,0,1,0,1,7,0,2,0,0,0,0,0,102029,1,2,2022,1/1/2023,
5031,SYNTHETIC COMPANY 02030,SYNTHETIC SITE 02030,,1 Example Way,Nowhere,ZZ,00000,6221,SYNTHETIC INDUSTRY,46,80694,1,0,2,2,2,14,8,6,0,0,0,0,0,102030,1,2,2022,1/1/2023,
5032,SYNTHETIC COMPANY 02031,SYNTHETIC SITE 02031,,1 Example Way,Nowhere,ZZ,00000,2361,SYNTHETIC INDUSTRY,147,209108,2,0,0,0,0,0,0,0,0,0,0,0,0,102031,1,2,2022,1/1/2023,
5033,SYNTHETIC COMPANY 02032,SYNTHETIC SITE 02032,,1 Example Way,Nowhere,ZZ,00000,6221,SYNTHETIC INDUSTRY,26,48065,1,0,0,1,0,0,4,1,0,0,0,0,0,102032,1,2,2022,1/1/2023,
5034,SYNTHETIC COMPANY 02033,SYNTHETIC SITE 02033,,1 Example Way,Nowhere,ZZ,00000,3115,SYNTHETIC INDUSTRY,3,5348,2,0,0,0,0,0,0,0,0,0,0,0,0,102033,1,2,2022,1/1/2023,
5035,SYNTHETIC COMPANY 02034,SYNTHETIC SITE 02034,,1 Example Way,Nowhere,ZZ,00000,3251,SYNTHETIC INDUSTRY,23,36976,2,0,0,0,0,0,0,0,0,0,0,0,0,102034,1,2,2022,1/1/2023,
5036,SYNTHETIC COMPANY 02035,SYNTHETIC SITE 02035,,1 Example Way,Nowhere,ZZ,00000,3328,SYNTHETIC INDUSTRY,50,79852,2,0,0,0,0,0,0,0,0,0,0,0,0,102035,1,2,2022,1/1/2023,
5037,SYNTHETIC COMPANY 02036,SYNTHETIC SITE 02036,,1 Example Way,Nowhere,ZZ,00000,3328,SYNTHETIC INDUSTRY,17,30402,2,0,0,0,0,0,0,0,0,0,0,0,0,102036,1,2,2022,1/1/2023,
5038,SYNTHETIC COMPANY 02037,SYNTHETIC SITE 02037,,1 Example Way,Nowhere,ZZ,00000,6221,SYNTHETIC INDUSTRY,10,20032,1,0,1,0,0,7,0,1,0,0,0,0,0,102037,1,2,2022,1/1/2023,
5039,SYNTHETIC COMPANY 02038,SYNTHETIC SITE 02038,,1 Example Way,Nowhere,ZZ,00000,4841,SYNTHETIC INDUSTRY,4,6179,2,0,0,0,0,0,0,0,0,0,0,0,0,102038,1,2,2022,1/1/2023,
5040,SYNTHETIC COMPANY 02039,SYNTHETIC SITE 02039,,1 Example Way,Nowhere,ZZ,00000,6221,SYNTHETIC INDUSTRY,47,67233,2,0,0,0,0,0,0,0,0,0,0,0,0,102039,1,2,2022,1/1/2023,
5041,SYNTHETIC COMPANY 02040,SYNTHETIC SITE 02040,,1 Example Way,Nowhere,ZZ,00000,2361,SYNTHETIC INDUSTRY,11,20513,2,0,0,0,0,0,0,0,0,0,0,0,0,102040,1,2,2022,1/1/2023,
5042,SYNTHETIC COMPANY 02041,SYNTHETIC SITE 02041,,1 Example Way,Nowhere,ZZ,00000,3328,SYNTHETIC INDUSTRY,130,260561,2,0,0,0,0,0,0,0,0,0,0,0,0,102041,1,2,2022,1/1/2023,
5043,SYNTHETIC COMPANY 02042,SYNTHETIC SITE 02042,,1 Example Way,Nowhere,ZZ,00000,4451,SYNTHETIC INDUSTRY,43,71408,1,0,0,0,1,0,0,1,0,0,0,0,0,102042,1,2,2022,1/1/2023,
5044,SYNTHETIC COMPANY 02043,SYNTHETIC SITE 02043,,1 Example Way,Nowhere,ZZ,00000,4841,SYNTHETIC INDUSTRY,69,123521,2,0,0,0,0,0,0,0,0,0,0,0,0,102043,1,2,2022,1/1/2023,
5045,SYNTHETIC COMPANY 02044,SYNTHETIC SITE 02044,,1 Example Way,Nowhere,ZZ,00000,4451,SYNTHETIC INDUSTRY,18,32462,2,0,0,0,0,0,0,0,0,0,0,0,0,102044,1,2,2022,1/1/2023,
5046,SYNTHETIC COMPANY 02045,SYNTHETIC SITE 02045,,1 Example Way,Nowhere,ZZ,00000,2361,SYNTHETIC INDUSTRY,13,25572,2,0,0,0,0,0,0,0,0,0,0,0,0,102045,1,2,2022,1/1/2023,
5047,SYNTHETIC COMPANY 02046,SYNTHETIC SITE 02046,,1 Example Way,Nowhere,ZZ,00000,6221,SYNTHETIC INDUSTRY,71,120310,2,0,0,0,0,0,0,0,0,0,0,0,0,102046,1,2,2022,1/1/2023,
5048,SYNTHETIC COMPANY 02047,SYNTHETIC SITE 02047,,1 Example Way,Nowhere,ZZ,00000,3115,SYNTHETIC INDUSTRY,3,5492,2,0,0,0,0,0,0,0,0,0,0,0,0,102047,1,2,2022,1/1/2023,
5049,SYNTHETIC COMPANY 02048,SYNTHETIC SITE 02048,,1 Example Way,Nowhere,ZZ,00000,3252,SYNTHETIC INDUSTRY,5,8633,1,0,0,0,1,0,0,1,0,0,0,0,0,102048,1,2,2022,1/1/2023,
5050,SYNTHETIC COMPANY 02049,SYNTHETIC SITE 02049,,1 Example Way,Nowhere,ZZ,00000,4841,SYNTHETIC INDUSTRY,14,25184,1,0,0,0,2,0,0,2,0,0,0,0,0,102049,1,2,2022,1/1/2023,
5051,SYNTHETIC COMPANY 02050,SYNTHETIC SITE 02050,,1 Example Way,Nowhere,ZZ,00000,3251,SYNTHETIC INDUSTRY,91,167605,2,0,0,0,0,0,0,0,0,0,0,0,0,102050,1,2,2022,1/1/2023,
5052,SYNTHETIC COMPANY 02051,SYNTHETIC SITE 02051,,1 Example Way,Nowhere,ZZ,00000,4451,SYNTHETIC INDUSTRY,140,248757,2,0,0,0,0,0,0,0,0,0,0,0,0,102051,1,2,2022,1/1/2023,
5053,SYNTHETIC COMPANY 02052,SYNTHETIC SITE 02052,,1 Example Way,Nowhere,ZZ,00000,3328,SYNTHETIC INDUSTRY,284,543378,2,0,0,0,0,0,0,0,0,0,0,0,0,102052,1,2,2022,1/1/2023,
5054,SYNTHETIC COMPANY 02053,SYNTHETIC SITE 02053,,1 Example Way,Nowhere,ZZ,00000,6221,SYNTHETIC INDUSTRY,65,124236,1,0,0,0,1,0,0,1,0,0,0,0,0,102053,1,2,2022,1/1/2023,
5055,SYNTHETIC COMPANY 02054,SYNTHETIC SITE 02054,,1 Example Way,Nowhere,ZZ,00000,4451,SYNTHETIC INDUSTRY,112,247086,1,0,1,0,3,7,0,4,0,0,0,0,0,102054,1,2,2022,1/1/2023,
5056,SYNTHETIC COMPANY 02055,SYNTHETIC SITE 02055,,1 Example Way,Nowhere,ZZ,00000,4451,SYNTHETIC INDUSTRY,24,42502,2,0,0,0,0,0,0,0,0,0,0,0,0,102055,1,2,2022,1/1/2023,
5057,SYNTHETIC COMPANY 02056,SYNTHETIC SITE 02056,,1 Example Way,Nowhere,ZZ,00000,3251,SYNTHETIC INDUSTRY,33,52779,1,0,0,0,1,0,0,1,0,0,0,0,0,102056,1,2,2022,1/1/2023,
5058,SYNTHETIC COMPANY 02057,SYNTHETIC SITE 02057,,1 Example Way,Nowhere,ZZ,00000,6221,SYNTHETIC INDUSTRY,88,183456,1,0,0,1,1,0,4,2,0,0,0,0,0,102057,1,2,2022,1/1/2023,
5059,SYNTHETIC COMPANY 02058,SYNTHETIC SITE 02058,,1 Example Way,Nowhere,ZZ,00000,3251,SYNTHETIC INDUSTRY,164,349350,1,0,15,6,8,105,24,29,0,0,0,0,0,102058,1,2,2022,1/1/2023,
5060,SYNTHETIC COMPANY 02059,SYNTHETIC SITE 02059,,1 Example Way,Nowhere,ZZ,00000,4841,SYNTHETIC INDUSTRY,106,226215,2,0,0,0,0,0,0,0,0,0,0,0,0,102059,1,2,2022,1/1/2023,
5061,SYNTHETIC COMPANY 02060,SYNTHETIC SITE 02060,,1 Example Way,Nowhere,ZZ,00000,6221,SYNTHETIC INDUSTRY,309,453299,1,0,4,5,6,28,20,15,0,0,0,0,0,102060,1,2,2022,1/1/2023,
5062,SYNTHETIC COMPANY 02061,SYNTHETIC SITE 02061,,1 Example Way,Nowhere,ZZ,00000,4451,SYNTHETIC INDUSTRY,125,240076,1,0,6,1,2,42,4,9,0,0,0,0,0,102061,1,2,2022,1/1/2023,
5063,SYNTHETIC COMPANY 02062,SYNTHETIC SITE 02062,,1 Example Way,Nowhere,ZZ,00000,3328,SYNTHETIC INDUSTRY,36,82913,1,0,1,0,0,7,0,1,0,0,0,0,0,102062,1,2,2022,1/1/2023,
5064,SYNTHETIC COMPANY 02063,SYNTHETIC SITE 02063,,1 Example Way,Nowhere,ZZ,00000,3328,SYNTHETIC INDUSTRY,24,48443,2,0,0,0,0,0,0,0,0,0,0,0,0,102063,1,2,2022,1/1/2023,
5065,SYNTHETIC COMPANY 02064,SYNTHETIC SITE 02064,,1 Example Way,Nowhere,ZZ,00000,4451,SYNTHETIC INDUSTRY,67,122132,2,0,0,0,0,0,0,0,0,0,0,0,0,102064,1,2,2022,1/1/2023,
5066,SYNTHETIC COMPANY 02065,SYNTHETIC SITE 02065,,1 Example Way,Nowhere,ZZ,00000,3328,SYNTHETIC INDUSTRY,33,76186,2,0,0,0,0,0,0,0,0,0,0,0,0,102065,1,2,2022,1/1/2023,
5067,SYNTHETIC COMPANY 02066,SYNTHETIC SITE 02066,,1 Example Way,Nowhere,ZZ,00000,4841,SYNTHETIC INDUSTRY,19,39673,2,0,0,0,0,0,0,0,0,0,0,0,0,102066,1,2,2022,1/1/2023,
5068,SYNTHETIC COMPANY 02067,SYNTHETIC SITE 02067,,1 Example Way,Nowhere,ZZ,00000,3251,SYNTHETIC INDUSTRY,200,291791,1,0,2,0,5,14,0,7,0,0,0,0,0,102067,1,2,2022,1/1/2023,
5069,SYNTHETIC COMPANY 02068,SYNTHETIC SITE 02068,,1 Example Way,Nowhere,ZZ,00000,3115,SYNTHETIC INDUSTRY,9,19194,2,0,0,0,0,0,0,0,0,0,0,0,0,102068,1,2,2022,1/1/2023,
5070,SYNTHETIC COMPANY 02069,SYNTHETIC SITE 02069,,1 Example Way,Nowhere,ZZ,00000,4451,SYNTHETIC INDUSTRY,708,1379147,2,0,0,0,0,0,0,0,0,0,0,0,0,102069,1,2,2022,1/1/2023,
5071,SYNTHETIC COMPANY 02070,SYNTHETIC SITE 02070,,1 Example Way,Nowhere,ZZ,00000,6221,SYNTHETIC INDUSTRY,204,325198,2,0,0,0,0,0,0,0,0,0,0,0,0,102070,1,2,2022,1/1/2023,
5072,SYNTHETIC COMPANY 02071,SYNTHETIC SITE 02071,,1 Example Way,Nowhere,ZZ,00000,6221,SYNTHETIC INDUSTRY,604,1251324,1,0,12,5,14,84,20,31,0,0,0,0,0,102071,1,2,2022,1/1/2023,
5073,SYNTHETIC COMPANY 02072,SYNTHETIC SITE 02072,,1 Example Way,Nowhere,ZZ,00000,2361,SYNTHETIC INDUSTRY,40,76345,2,0,0,0,0,0,0,0,0,0,0,0,0,102072,1,2,2022,1/1/2023,
5074,SYNTHETIC COMPANY 02073,SYNTHETIC SITE 02073,,1 Example Way,Nowhere,ZZ,00000,4841,SYNTHETIC INDUSTRY,27,45648,1,0,0,0,1,0,0,1,0,0,0,0,0,102073,1,2,2022,1/1/2023,
5075,SYNTHETIC COMPANY 02074,SYNTHETIC SITE 02074,,1 Example Way,Nowhere,ZZ,00000,3328,SYNTHETIC INDUSTRY,733,1182717,1,0,13,11,24,91,44,48,0,0,0,0,0,102074,1,2,2022,1/1/2023,
5076,SYNTHETIC COMPANY 02075,SYNTHETIC SITE 02075,,1 Example Way,Nowhere,ZZ,00000,3328,SYNTHETIC INDUSTRY,36,83020,1,0,4,0,1,28,0,5,0,0,0,0,0,102075,1,2,2022,1/1/2023,
5077,SYNTHETIC COMPANY 02076,SYNTHETIC SITE 02076,,1 Example Way,Nowhere,ZZ,00000,4841,SYNTHETIC INDUSTRY,159,228874,1,0,1,0,2,7,0,3,0,0,0,0,0,102076,1,2,2022,1/1/2023,
5078,SYNTHETIC COMPANY 02077,SYNTHETIC SITE 02077,,1 Example Way,Nowhere,ZZ,00000,4841,SYNTHETIC INDUSTRY,36,68307,1,0,1,0,1,7,0,2,0,0,0,0,0,102077,1,2,2022,1/1/2023,
5079,SYNTHETIC COMPANY 02078,SYNTHETIC SITE 02078,,1 Example Way,Nowhere,ZZ,00000,3251,SYNTHETIC INDUSTRY,14,21353,2,0,0,0,0,0,0,0,0,0,0,0,0,102078,1,2,2022,1/1/2023,
5080,SYNTHETIC COMPANY 02079,SYNTHETIC SITE 02079,,1 Example Way,Nowhere,ZZ,00000,3115,SYNTHETIC INDUSTRY,15,32384,2,0,0,0,0,0,0,0,0,0,0,0,0,102079,1,2,2022,1/1/2023,
5081,SYNTHETIC COMPANY 02080,SYNTHETIC SITE 02080,,1 Example Way,Nowhere,ZZ,00000,4451,SYNTHETIC INDUSTRY,68,109145,2,0,0,0,0,0,0,0,0,0,0,0,0,102080,1,2,2022,1/1/2023,
5082,SYNTHETIC COMPANY 02081,SYNTHETIC SITE 02081,,1 Example Way,Nowhere,ZZ,00000,3328,SYNTHETIC INDUSTRY,67,142800,1,0,1,2,2,7,8,5,0,0,0,0,0,102081,1,2,2022,1/1/2023,
5083,SYNTHETIC COMPANY 02082,SYNTHETIC SITE 02082,,1 Example Way,Nowhere,ZZ,00000,2361,SYNTHETIC INDUSTRY,631,1145680,1,0,1,0,0,7,0,1,0,0,0,0,0,102082,1,2,2022,1/1/2023,
5084,SYNTHETIC COMPANY 02083,SYNTHETIC SITE 02083,,1 Example Way,Nowhere,ZZ,00000,6221,SYNTHETIC INDUSTRY,98,136830,1,0,2,0,2,14,0,4,0,0,0,0,0,102083,1,2,2022,1/1/2023,
5085,SYNTHETIC COMPANY 02084,SYNTHETIC SITE 02084,,1 Example Way,Nowhere,ZZ,00000,3251,SYNTHETIC INDUSTRY,123,245686,2,0,0,0,0,0,0,0,0,0,0,0,0,102084,1,2,2022,1/1/2023,
5086,SYNTHETIC COMPANY 02085,SYNTHETIC SITE 02085,,1 Example Way,Nowhere,ZZ,00000,3115,SYNTHETIC INDUSTRY,54,95977,1,0,1,0,2,7,0,3,0,0,0,0,0,102085,1,2,2022,1/1/2023,
5087,SYNTHETIC COMPANY 02086,SYNTHETIC SITE 02086,,1 Example Way,Nowhere,ZZ,00000,3328,SYNTHETIC INDUSTRY,15,28738,2,0,0,0,0,0,0,0,0,0,0,0,0,102086,1,2,2022,1/1/2023,
5088,SYNTHETIC COMPANY 02087,SYNTHETIC SITE 02087,,1 Example Way,Nowhere,ZZ,00000,3251,SYNTHETIC INDUSTRY,15,29440,2,0,0,0,0,0,0,0,0,0,0,0,0,102087,1,2,2022,1/1/2023,
5089,SYNTHETIC COMPANY 02088,SYNTHETIC SITE 02088,,1 Example Way,Nowhere,ZZ,00000,2361,SYNTHETIC INDUSTRY,63,94216,2,0,0,0,0,0,0,0,0,0,0,0,0,102088,1,2,2022,1/1/2023,
5090,SYNTHETIC COMPANY 02089,SYNTHETIC SITE 02089,,1 Example Way,Nowhere,ZZ,00000,3252,SYNTHETIC INDUSTRY,46,80885,1,0,0,2,0,0,8,2,0,0,0,0,0,102089,1,2,2022,1/1/2023,
5091,SYNTHETIC COMPANY 02090,SYNTHETIC SITE 02090,,1 Example Way,Nowhere,ZZ,00000,6221,SYNTHETIC INDUSTRY,86,189999,2,0,0,0,0,0,0,0,0,0,0,0,0,102090,1,2,2022,1/1/2023,
5092,SYNTHETIC COMPANY 02091,SYNTHETIC SITE 02091,,1 Example Way,Nowhere,ZZ,00000,3252,SYNTHETIC INDUSTRY,35,64658,2,0,0,0,0,0,0,0,0,0,0,0,0,102091,1,2,2022,1/1/2023,
5093,SYNTHETIC COMPANY 02092,SYNTHETIC SITE 02092,,1 Example Way,Nowhere,ZZ,00000,6221,SYNTHETIC INDUSTRY,22,37257,2,0,0,0,0,0,0,0,0,0,0,0,0,102092,1,2,2022,1/1/2023,
5094,SYNTHETIC COMPANY 02093,SYNTHETIC SITE 02093,,1 Example Way,Nowhere,ZZ,00000,6221,SYNTHETIC INDUSTRY,440,806780,1,0,16,14,33,112,56,63,0,0,0,0,0,102093,1,2,2022,1/1/2023,
5095,SYNTHETIC COMPANY 02094,SYNTHETIC SITE 02094,,1 Example Way,Nowhere,ZZ,00000,4451,SYNTHETIC INDUSTRY,13,24126,2,0,0,0,0,0,0,0,0,0,0,0,0,102094,1,2,2022,1/1/2023,
5096,SYNTHETIC COMPANY 02095,SYNTHETIC SITE 02095,,1 Example Way,Nowhere,ZZ,00000,4841,SYNTHETIC INDUSTRY,32,71984,2,0,0,0,0,0,0,0,0,0,0,0,0,102095,1,2,2022,1/1/2023,
5097,SYNTHETIC COMPANY 02096,SYNTHETIC SITE 02096,,1 Example Way,Nowhere,ZZ,00000,3251,SYNTHETIC INDUSTRY,273,444588,2,0,0,0,0,0,0,0,0,0,0,0,0,102096,1,2,2022,1/1/2023,
5098,SYNTHETIC COMPANY 02097,SYNTHETIC SITE 02097,,1 Example Way,Nowhere,ZZ,00000,3252,SYNTHETIC INDUSTRY,7,15609,2,0,0,0,0,0,0,0,0,0,0,0,0,102097,1,2,2022,1/1/2023,
5099,SYNTHETIC COMPANY 02098,SYNTHETIC SITE 02098,,1 Example Way,Nowhere,ZZ,00000,4841,SYNTHETIC INDUSTRY,26,36624,2,0,0,0,0,0,0,0,0,0,0,0,0,102098,1,2,2022,1/1/2023,
5100,SYNTHETIC COMPANY 02099,SYNTHETIC SITE 02099,,1 Example Way,Nowhere,ZZ,00000,4451,SYNTHETIC INDUSTRY,64,127175,1,0,0,0,1,0,0,1,0,0,0,0,0,102099,1,2,2022,1/1/2023,
5101,SYNTHETIC COMPANY 02100,SYNTHETIC SITE 02100,,1 Example Way,Nowhere,ZZ,00000,3115,SYNTHETIC INDUSTRY,47,103088,1,0,1,0,0,7,0,1,0,0,0,0,0,102100,1,2,2022,1/1/2023,
5102,SYNTHETIC COMPANY 02101,SYNTHETIC SITE 02101,,1 Example Way,Nowhere,ZZ,00000,3251,SYNTHETIC INDUSTRY,20,32745,1,0,1,0,0,7,0,1,0,0,0,0,0,102101,1,2,2022,1/1/2023,
5103,SYNTHETIC COMPANY 02102,SYNTHETIC SITE 02102,,1 Example Way,Nowhere,ZZ,00000,3115,SYNTHETIC INDUSTRY,35,57791,2,0,0,0,0,0,0,0,0,0,0,0,0,102102,1,2,2022,1/1/2023,
5104,SYNTHETIC COMPANY 02103,SYNTHETIC SITE 02103,,1 Example Way,Nowhere,ZZ,00000,2361,SYNTHETIC INDUSTRY,10,13715,2,0,0,0,0,0,0,0,0,0,0,0,0,102103,1,2,2022,1/1/2023,
5105,SYNTHETIC COMPANY 02104,SYNTHETIC SITE 02104,,1 Example Way,Nowhere,ZZ,00000,4841,SYNTHETIC INDUSTRY,41,82875,2,0,0,0,0,0,0,0,0,0,0,0,0,102104,1,2,2022,1/1/2023,
5106,SYNTHETIC COMPANY 02105,SYNTHETIC SITE 02105,,1 Example Way,Nowhere,ZZ,00000,3252,SYNTHETIC INDUSTRY,87,186174,2,0,0,0,0,0,0,0,0,0,0,0,0,102105,1,2,2022,1/1/2023,
5107,SYNTHETIC COMPANY 02106,SYNTHETIC SITE 02106,,1 Example Way,Nowhere,ZZ,00000,4451,SYNTHETIC INDUSTRY,54,84277,1,0,1,0,0,7,0,1,0,0,0,0,0,102106,1,2,2022,1/1/2023,
5108,SYNTHETIC COMPANY 02107,SYNTHETIC SITE 02107,,1 Example Way,Nowhere,ZZ,00000,3115,SYNTHETIC INDUSTRY,11,18950,1,0,0,0,1,0,0,1,0,0,0,0,0,102107,1,2,2022,1/1/2023,
5109,SYNTHETIC COMPANY 02108,SYNTHETIC SITE 02108,,1 Example Way,Nowhere,ZZ,00000,4841,SYNTHETIC INDUSTRY,55,101828,2,0,0,0,0,0,0,0,0,0,0,0,0,102108,1,2,2022,1/1/2023,
5110,SYNTHETIC COMPANY 02109,SYNTHETIC SITE 02109,,1 Example Way,Nowhere,ZZ,00000,4841,SYNTHETIC INDUSTRY,138,248824,1,0,2,1,1,14,4,4,0,0,0,0,0,102109,1,2,2022,1/1/2023,
5111,SYNTHETIC COMPANY 02110,SYNTHETIC SITE 02110,,1 Example Way,Nowhere,ZZ,00000,2361,SYNTHETIC INDUSTRY,183,279620,2,0,0,0,0,0,0,0,0,0,0,0,0,102110,1,2,2022,1/1/2023,
5112,SYNTHETIC COMPANY 02111,SYNTHETIC SITE 02111,,1 Example Way,Nowhere,ZZ,00000,3115,SYNTHETIC INDUSTRY,71,120908,1,0,1,0,0,7,0,1,0,0,0,0,0,102111,1,2,2022,1/1/2023,
5113,SYNTHETIC COMPANY 02112,SYNTHETIC SITE 02112,,1 Example Way,Nowhere,ZZ,00000,3115,SYNTHETIC INDUSTRY,28,53795,1,0,2,2,4,14,8,8,0,0,0,0,0,102112,1,2,2022,1/1/2023,
5114,SYNTHETIC COMPANY 02113,SYNTHETIC SITE 02113,,1 Example Way,Nowhere,ZZ,00000,3115,SYNTHETIC INDUSTRY,18,31534,2,0,0,0,0,0,0,0,0,0,0,0,0,102113,1,2,2022,1/1/2023,
5115,SYNTHETIC COMPANY 02114,SYNTHETIC SITE 02114,,1 Example Way,Nowhere,ZZ,00000,3115,SYNTHETIC INDUSTRY,15,31096,2,0,0,0,0,0,0,0,0,0,0,0,0,102114,1,2,2022,1/1/2023,
5116,SYNTHETIC COMPANY 02115,SYNTHETIC SITE 02115,,1 Example Way,Nowhere,ZZ,00000,6221,SYNTHETIC INDUSTRY,24,37847,2,0,0,0,0,0,0,0,0,0,0,0,0,102115,1,2,2022,1/1/2023,
5117,SYNTHETIC COMPANY 02116,SYNTHETIC SITE 02116,,1 Example Way,Nowhere,ZZ,00000,6221,SYNTHETIC INDUSTRY,5,8780,2,0,0,0,0,0,0,0,0,0,0,0,0,102116,1,2,2022,1/1/2023,
5118,SYNTHETIC COMPANY 02117,SYNTHETIC SITE 02117,,1 Example Way,Nowhere,ZZ,00000,4841,SYNTHETIC INDUSTRY,27,50973,1,0,1,0,1,7,0,2,0,0,0,0,0,102117,1,2,2022,1/1/2023,
5119,SYNTHETIC COMPANY 02118,SYNTHETIC SITE 02118,,1 Example Way,Nowhere,ZZ,00000,3251,SYNTHETIC INDUSTRY,302,572083,1,0,4,0,5,28,0,9,0,0,0,0,0,102118,1,2,2022,1/1/2023,
5120,SYNTHETIC COMPANY 02119,SYNTHETIC SITE 02119,,1 Example Way,Nowhere,ZZ,00000,4451,SYNTHETIC INDUSTRY,314,462555,1,0,6,6,5,42,24,17,0,0,0,0,0,102119,1,2,2022,1/1/2023,
5121,SYNTHETIC COMPANY 02120,SYNTHETIC SITE 02120,,1 Example Way,Nowhere,ZZ,00000,3328,SYNTHETIC INDUSTRY,81,135462,1,0,1,0,1,7,0,2,0,0,0,0,0,102120,1,2,2022,1/1/2023,
5122,SYNTHETIC COMPANY 02121,SYNTHETIC SITE 02121,,1 Example Way,Nowhere,ZZ,00000,3115,SYNTHETIC INDUSTRY,57,138683,1,0,0,1,1,0,4,2,0,0,0,0,0,102121,1,2,2022,1/1/2023,
5123,SYNTHETIC COMPANY 02122,SYNTHETIC SITE 02122,,1 Example Way,Nowhere,ZZ,00000,4841,SYNTHETIC INDUSTRY,8,14280,2,0,0,0,0,0,0,0,0,0,0,0,0,102122,1,2,2022,1/1/2023,
5124,SYNTHETIC COMPANY 02123,SYNTHETIC SITE 02123,,1 Example Way,Nowhere,ZZ,00000,6221,SYNTHETIC INDUSTRY,94,211113,2,0,0,0,0,0,0,0,0,0,0,0,0,102123,1,2,2022,1/1/2023,
5125,SYNTHETIC COMPANY 02124,SYNTHETIC SITE 02124,,1 Example Way,Nowhere,ZZ,00000,3115,SYNTHETIC INDUSTRY,154,348207,1,0,3,2,1,21,8,6,0,0,0,0,0,102124,1,2,2022,1/1/2023,
5126,SYNTHETIC COMPANY 02125,SYNTHETIC SITE 02125,,1 Example Way,Nowhere,ZZ,00000,4841,SYNTHETIC INDUSTRY,22,38451,2,0,0,0,0,0,0,0,0,0,0,0,0,102125,1,2,2022,1/1/2023,
5127,SYNTHETIC COMPANY 02126,SYNTHETIC SITE 02126,,1 Example Way,Nowhere,ZZ,00000,3251,SYNTHETIC INDUSTRY,11,20404,2,0,0,0,0,0,0,0,0,0,0,0,0,102126,1,2,2022,1/1/2023,
5128,SYNTHETIC COMPANY 02127,SYNTHETIC SITE 02127,,1 Example Way,Nowhere,ZZ,00000,2361,SYNTHETIC INDUSTRY,132,191833,2,0,0,0,0,0,0,0,0,0,0,0,0,102127,1,2,2022,1/1/2023,
5129,SYNTHETIC COMPANY 02128,SYNTHETIC SITE 02128,,1 Example Way,Nowhere,ZZ,00000,4841,SYNTHETIC INDUSTRY,14,28267,2,0,0,0,0,0,0,0,0,0,0,0,0,102128,1,2,2022,1/1/2023,
5130,SYNTHETIC COMPANY 02129,SYNTHETIC SITE 02129,,1 Example Way,Nowhere,ZZ,00000,6221,SYNTHETIC INDUSTRY,255,552071,1,0,1,1,1,7,4,3,0,0,0,0,0,102129,1,2,2022,1/1/2023,
5131,SYNTHETIC COMPANY 02130,SYNTHETIC SITE 02130,,1 Example Way,Nowhere,ZZ,00000,3328,SYNTHETIC INDUSTRY,458,720481,1,0,21,8,14,147,32,43,0,0,0,0,0,102130,1,2,2022,1/1/2023,
5132,SYNTHETIC COMPANY 02131,SYNTHETIC SITE 02131,,1 Example Way,Nowhere,ZZ,00000,3328,SYNTHETIC INDUSTRY,103,171623,1,0,0,1,1,0,4,2,0,0,0,0,0,102131,1,2,2022,1/1/2023,
5133,SYNTHETIC COMPANY 02132,SYNTHETIC SITE 02132,,1 Example Way,Nowhere,ZZ,00000,3328,SYNTHETIC INDUSTRY,180,420280,2,0,0,0,0,0,0,0,0,0,0,0,0,102132,1,2,2022,1/1/2023,
5134,SYNTHETIC COMPANY 02133,SYNTHETIC SITE 02133,,1 Example Way,Nowhere,ZZ,00000,3328,SYNTHETIC INDUSTRY,135,216176,1,0,3,1,7,21,4,11,0,0,0,0,0,102133,1,2,2022,1/1/2023,
5135,SYNTHETIC COMPANY 02134,SYNTHETIC SITE 02134,,1 Example Way,Nowhere,ZZ,00000,6221,SYNTHETIC INDUSTRY,57,86079,1,0,1,0,0,7,0,1,0,0,0,0,0,102134,1,2,2022,1/1/2023,
5136,SYNTHETIC COMPANY 02135,SYNTHETIC SITE 02135,,1 Example Way,Nowhere,ZZ,00000,4841,SYNTHETIC INDUSTRY,20,41761,1,0,1,0,0,7,0,1,0,0,0,0,0,102135,1,2,2022,1/1/2023,
5137,SYNTHETIC COMPANY 02136,SYNTHETIC SITE 02136,,1 Example Way,Nowhere,ZZ,00000,4841,SYNTHETIC INDUSTRY,53,101850,2,0,0,0,0,0,0,0,0,0,0,0,0,102136,1,2,2022,1/1/2023,
5138,SYNTHETIC COMPANY 02137,SYNTHETIC SITE 02137,,1 Example Way,Nowhere,ZZ,00000,4841,SYNTHETIC INDUSTRY,24,45083,2,0,0,0,0,0,0,0,0,0,0,0,0,102137,1,2,2022,1/1/2023,
5139,SYNTHETIC COMPANY 02138,SYNTHETIC SITE 02138,,1 Example Way,Nowhere,ZZ,00000,4841,SYNTHETIC INDUSTRY,16,28049,2,0,0,0,0,0,0,0,0,0,0,0,0,102138,1,2,2022,1/1/2023,
5140,SYNTHETIC COMPANY 02139,SYNTHETIC SITE 02139,,1 Example Way,Nowhere,ZZ,00000,3328,SYNTHETIC INDUSTRY,9,18331,2,0,0,0,0,0,0,0,0,0,0,0,0,102139,1,2,2022,1/1/2023,
5141,SYNTHETIC COMPANY 02140,SYNTHETIC SITE 02140,,1 Example Way,Nowhere,ZZ,00000,4451,SYNTHETIC INDUSTRY,32,65589,2,0,0,0,0,0,0,0,0,0,0,0,0,102140,1,2,2022,1/1/2023,
5142,SYNTHETIC COMPANY 02141,SYNTHETIC SITE 02141,,1 Example Way,Nowhere,ZZ,00000,3251,SYNTHETIC INDUSTRY,19,33292,1,0,0,2,0,0,8,2,0,0,0,0,0,102141,1,2,2022,1/1/2023,
5143,SYNTHETIC COMPANY 02142,SYNTHETIC SITE 02142,,1 Example Way,Nowhere,ZZ,00000,3251,SYNTHETIC INDUSTRY,13,25145,2,0,0,0,0,0,0,0,0,0,0,0,0,102142,1,2,2022,1/1/2023,
5144,SYNTHETIC COMPANY 02143,SYNTHETIC SITE 02143,,1 Example Way,Nowhere,ZZ,00000,3115,SYNTHETIC INDUSTRY,6,11477,2,0,0,0,0,0,0,0,0,0,0,0,0,102143,1,2,2022,1/1/2023,
5145,SYNTHETIC COMPANY 02144,SYNTHETIC SITE 02144,,1 Example Way,Nowhere,ZZ,00000,3328,SYNTHETIC INDUSTRY,68,112289,1,0,3,0,0,21,0,3,0,0,0,0,0,102144,1,2,2022,1/1/2023,
5146,SYNTHETIC COMPANY 02145,SYNTHETIC SITE 02145,,1 Example Way,Nowhere,ZZ,00000,4451,SYNTHETIC INDUSTRY,24,34711,2,0,0,0,0,0,0,0,0,0,0,0,0,102145,1,2,2022,1/1/2023,
5147,SYNTHETIC COMPANY 02146,SYNTHETIC SITE 02146,,1 Example Way,Nowhere,ZZ,00000,3115,SYNTHETIC INDUSTRY,69,108669,1,0,0,0,1,0,0,1,0,0,0,0,0,102146,1,2,2022,1/1/2023,
5148,SYNTHETIC COMPANY 02147,SYNTHETIC SITE 02147,,1 Example Way,Nowhere,ZZ,00000,4841,SYNTHETIC INDUSTRY,62,108437,1,0,0,1,0,0,4,1,0,0,0,0,0,102147,1,2,2022,1/1/2023,
5149,SYNTHETIC COMPANY 02148,SYNTHETIC SITE 02148,,1 Example Way,Nowhere,ZZ,00000,2361,SYNTHETIC INDUSTRY,160,268985,1,0,2,0,2,14,0,4,0,0,0,0,0,102148,1,2,2022,1/1/2023,
5150,SYNTHETIC COMPANY 02149,SYNTHETIC SITE 02149,,1 Example Way,Nowhere,ZZ,00000,3251,SYNTHETIC INDUSTRY,136,248148,2,0,0,0,0,0,0,0,0,0,0,0,0,102149,1,2,2022,1/1/2023,
5151,SYNTHETIC COMPANY 02150,SYNTHETIC SITE 02150,,1 Example Way,Nowhere,ZZ,00000,3328,SYNTHETIC INDUSTRY,340,579382,1,0,1,2,0,7,8,3,0,0,0,0,0,102150,1,2,2022,1/1/2023,
5152,SYNTHETIC COMPANY 02151,SYNTHETIC SITE 02151,,1 Example Way,Nowhere,ZZ,00000,3251,SYNTHETIC INDUSTRY,591,1116248,1,0,3,0,11,21,0,14,0,0,0,0,0,102151,1,2,2022,1/1/2023,
5153,SYNTHETIC COMPANY 02152,SYNTHETIC SITE 02152,,1 Example Way,Nowhere,ZZ,00000,3252,SYNTHETIC INDUSTRY,17,28911,2,0,0,0,0,0,0,0,0,0,0,0,0,102152,1,2,2022,1/1/2023,
5154,SYNTHETIC COMPANY 02153,SYNTHETIC SITE 02153,,1 Example Way,Nowhere,ZZ,00000,3328,SYNTHETIC INDUSTRY,13,21056,2,0,0,0,0,0,0,0,0,0,0,0,0,102153,1,2,2022,1/1/2023,
5155,SYNTHETIC COMPANY 02154,SYNTHETIC SITE 02154,,1 Example Way,Nowhere,ZZ,00000,4451,SYNTHETIC INDUSTRY,564,874873,1,0,4,1,0,28,4,5,0,0,0,0,0,102154,1,2,2022,1/1/2023,
5156,SYNTHETIC COMPANY 02155,SYNTHETIC SITE 02155,,1 Example Way,Nowhere,ZZ,00000,3251,SYNTHETIC INDUSTRY,137,239179,2,0,0,0,0,0,0,0,0,0,0,0,0,102155,1,2,2022,1/1/2023,
5157,SYNTHETIC COMPANY 02156,SYNTHETIC SITE 02156,,1 Example Way,Nowhere,ZZ,00000,3328,SYNTHETIC INDUSTRY,19,34589,1,0,0,0,1,0,0,1,0,0,0,0,0,102156,1,2,2022,1/1/2023,
5158,SYNTHETIC COMPANY 02157,SYNTHETIC SITE 02157,,1 Example Way,Nowhere,ZZ,00000,4841,SYNTHETIC INDUSTRY,38,75716,1,0,1,0,1,7,0,2,0,0,0,0,0,102157,1,2,2022,1/1/2023,
5159,SYNTHETIC COMPANY 02158,SYNTHETIC SITE 02158,,1 Example Way,Nowhere,ZZ,00000,3251,SYNTHETIC INDUSTRY,61,127631,2,0,0,0,0,0,0,0,0,0,0,0,0,102158,1,2,2022,1/1/2023,
5160,SYNTHETIC COMPANY 02159,SYNTHETIC SITE 02159,,1 Example Way,Nowhere,ZZ,00000,3252,SYNTHETIC INDUSTRY,53,90236,2,0,0,0,0,0,0,0,0,0,0,0,0,102159,1,2,2022,1/1/2023,
5161,SYNTHETIC COMPANY 02160,SYNTHETIC SITE 02160,,1 Example Way,Nowhere,ZZ,00000,4451,SYNTHETIC INDUSTRY,80,133202,1,0,0,0,1,0,0,1,0,0,0,0,0,102160,1,2,2022,1/1/2023,
5162,SYNTHETIC COMPANY 02161,SYNTHETIC SITE 02161,,1 Example Way,Nowhere,ZZ,00000,4841,SYNTHETIC INDUSTRY,188,368265,1,0,4,2,3,28,8,9,0,0,0,0,0,102161,1,2,2022,1/1/2023,
5163,SYNTHETIC COMPANY 02162,SYNTHETIC SITE 02162,,1 Example Way,Nowhere,ZZ,00000,4841,SYNTHETIC INDUSTRY,19,34507,1,0,0,1,2,0,4,3,0,0,0,0,0,102162,1,2,2022,1/1/2023,
5164,SYNTHETIC COMPANY 02163,SYNTHETIC SITE 02163,,1 Example Way,Nowhere,ZZ,00000,3251,SYNTHETIC INDUSTRY,126,221189,1,0,1,1,3,7,4,5,0,0,0,0,0,102163,1,2,2022,1/1/2023,
5165,SYNTHETIC COMPANY 02164,SYNTHETIC SITE 02164,,1 Example Way,Nowhere,ZZ,00000,2361,SYNTHETIC INDUSTRY,17,32713,1,0,0,0,1,0,0,1,0,0,0,0,0,102164,1,2,2022,1/1/2023,
5166,SYNTHETIC COMPANY 02165,SYNTHETIC SITE 02165,,1 Example Way,Nowhere,ZZ,00000,6221,SYNTHETIC INDUSTRY,6,11400,2,0,0,0,0,0,0,0,0,0,0,0,0,102165,1,2,2022,1/1/2023,
5167,SYNTHETIC COMPANY 02166,SYNTHETIC SITE 02166,,1 Example Way,Nowhere,ZZ,00000,2361,SYNTHETIC INDUSTRY,148,252526,2,0,0,0,0,0,0,0,0,0,0,0,0,102166,1,2,2022,1/1/2023,
5168,SYNTHETIC COMPANY 02167,SYNTHETIC SITE 02167,,1 Example Way,Nowhere,ZZ,00000,3328,SYNTHETIC INDUSTRY,19,30850,1,0,0,0,1,0,0,1,0,0,0,0,0,102167,1,2,2022,1/1/2023,
5169,SYNTHETIC COMPANY 02168,SYNTHETIC SITE 02168,,1 Example Way,Nowhere,ZZ,00000,3252,SYNTHETIC INDUSTRY,45,81947,1,0,2,1,1,14,4,4,0,0,0,0,0,102168,1,2,2022,1/1/2023,
5170,SYNTHETIC COMPANY 02169,SYNTHETIC SITE 02169,,1 Example Way,Nowhere,ZZ,00000,2361,SYNTHETIC INDUSTRY,29,58568,1,0,1,1,2,7,4,4,0,0,0,0,0,102169,1,2,2022,1/1/2023,
5171,SYNTHETIC COMPANY 02170,SYNTHETIC SITE 02170,,1 Example Way,Nowhere,ZZ,00000,3115,SYNTHETIC INDUSTRY,103,18896900000,2,0,0,0,0,0,0,0,0,0,0,0,0,102170,1,2,2022,1/1/2023,
5172,SYNTHETIC COMPANY 02171,SYNTHETIC SITE 02171,,1 Example Way,Nowhere,ZZ,00000,4841,SYNTHETIC INDUSTRY,8,15025,1,0,0,0,1,0,0,1,0,0,0,0,0,102171,1,2,2022,1/1/2023,
5173,SYNTHETIC COMPANY 02172,SYNTHETIC SITE 02172,,1 Example Way,Nowhere,ZZ,00000,3252,SYNTHETIC INDUSTRY,140,28749400,1,0,2,3,1,14,12,6,0,0,0,0,0,102172,1,2,2022,1/1/2023,
5174,SYNTHETIC COMPANY 02173,SYNTHETIC SITE 02173,,1 Example Way,Nowhere,ZZ,00000,2361,SYNTHETIC INDUSTRY,267,323850,1,0,3,5,2,21,20,10,0,0,0,0,0,102173,1,2,2022,1/1/2023,
5175,SYNTHETIC COMPANY 02174,SYNTHETIC SITE 02174,,1 Example Way,Nowhere,ZZ,00000,2361,SYNTHETIC INDUSTRY,34,43442,2,0,0,0,0,0,0,0,0,0,0,0,0,102174,1,2,2022,1/1/2023,
5176,SYNTHETIC COMPANY 02175,SYNTHETIC SITE 02175,,1 Example Way,Nowhere,ZZ,00000,3251,SYNTHETIC INDUSTRY,18,33630,2,0,0,0,0,0,0,0,0,0,0,0,0,102175,1,2,2022,1/1/2023,
5177,SYNTHETIC COMPANY 02176,SYNTHETIC SITE 02176,,1 Example Way,Nowhere,ZZ,00000,3115,SYNTHETIC INDUSTRY,4,7689,2,0,0,0,0,0,0,0,0,0,0,0,0,102176,1,2,2022,1/1/2023,
5178,SYNTHETIC COMPANY 02177,SYNTHETIC SITE 02177,,1 Example Way,Nowhere,ZZ,00000,2361,SYNTHETIC INDUSTRY,152,345138,2,0,0,0,0,0,0,0,0,0,0,0,0,102177,1,2,2022,1/1/2023,
5179,SYNTHETIC COMPANY 02178,SYNTHETIC SITE 02178,,1 Example Way,Nowhere,ZZ,00000,3251,SYNTHETIC INDUSTRY,643,1469131,1,0,7,7,6,49,28,20,0,0,0,0,0,102178,1,2,2022,1/1/2023,
5180,SYNTHETIC COMPANY 02179,SYNTHETIC SITE 02179,,1 Example Way,Nowhere,ZZ,00000,4451,SYNTHETIC INDUSTRY,97,185567,2,0,0,0,0,0,0,0,0,0,0,0,0,102179,1,2,2022,1/1/2023,
5181,SYNTHETIC COMPANY 02180,SYNTHETIC SITE 02180,,1 Example Way,Nowhere,ZZ,00000,3251,SYNTHETIC INDUSTRY,6,10409,2,0,0,0,0,0,0,0,0,0,0,0,0,102180,1,2,2022,1/1/2023,
5182,SYNTHETIC COMPANY 02181,SYNTHETIC SITE 02181,,1 Example Way,Nowhere,ZZ,00000,4841,SYNTHETIC INDUSTRY,7,17470,2,0,0,0,0,0,0,0,0,0,0,0,0,102181,1,2,2022,1/1/2023,
5183,SYNTHETIC COMPANY 02182,SYNTHETIC SITE 02182,,1 Example Way,Nowhere,ZZ,00000,3328,SYNTHETIC INDUSTRY,4,7907,2,0,0,0,0,0,0,0,0,0,0,0,0,102182,1,2,2022,1/1/2023,
5184,SYNTHETIC COMPANY 02183,SYNTHETIC SITE 02183,,1 Example Way,Nowhere,ZZ,00000,4841,SYNTHETIC INDUSTRY,27,47506,2,0,0,0,0,0,0,0,0,0,0,0,0,102183,1,2,2022,1/1/2023,
5185,SYNTHETIC COMPANY 02184,SYNTHETIC SITE 02184,,1 Example Way,Nowhere,ZZ,00000,3115,SYNTHETIC INDUSTRY,82,162449,2,0,0,0,0,0,0,0,0,0,0,0,0,102184,1,2,2022,1/1/2023,
5186,SYNTHETIC COMPANY 02185,SYNTHETIC SITE 02185,,1 Example Way,Nowhere,ZZ,00000,4451,SYNTHETIC INDUSTRY,26,37765,2,0,0,0,0,0,0,0,0,0,0,0,0,102185,1,2,2022,1/1/2023,
5187,SYNTHETIC COMPANY 02186,SYNTHETIC SITE 02186,,1 Example Way,Nowhere,ZZ,00000,4451,SYNTHETIC INDUSTRY,284,52083700000,1,0,1,0,0,7,0,1,0,0,0,0,0,102186,1,2,2022,1/1/2023,
5188,SYNTHETIC COMPANY 02187,SYNTHETIC SITE 02187,,1 Example Way,Nowhere,ZZ,00000,3252,SYNTHETIC INDUSTRY,59,93070,1,0,1,0,0,7,0,1,0,0,0,0,0,102187,1,2,2022,1/1/2023,
5189,SYNTHETIC COMPANY 02188,SYNTHETIC SITE 02188,,1 Example Way,Nowhere,ZZ,00000,2361,SYNTHETIC INDUSTRY,17,31805,1,0,0,0,1,0,0,1,0,0,0,0,0,102188,1,2,2022,1/1/2023,
5190,SYNTHETIC COMPANY 02189,SYNTHETIC SITE 02189,,1 Example Way,Nowhere,ZZ,00000,3328,SYNTHETIC INDUSTRY,1242,2149049,2,0,0,0,0,0,0,0,0,0,0,0,0,102189,1,2,2022,1/1/2023,
5191,SYNTHETIC COMPANY 02190,SYNTHETIC SITE 02190,,1 Example Way,Nowhere,ZZ,00000,3252,SYNTHETIC INDUSTRY,56,102265,2,0,0,0,0,0,0,0,0,0,0,0,0,102190,1,2,2022,1/1/2023,
5192,SYNTHETIC COMPANY 02191,SYNTHETIC SITE 02191,,1 Example Way,Nowhere,ZZ,00000,4841,SYNTHETIC INDUSTRY,514,93558700000,1,0,3,1,1,21,4,5,0,0,0,0,0,102191,1,2,2022,1/1/2023,
5193,SYNTHETIC COMPANY 02192,SYNTHETIC SITE 02192,,1 Example Way,Nowhere,ZZ,00000,4841,SYNTHETIC INDUSTRY,59,118742,2,0,0,0,0,0,0,0,0,0,0,0,0,102192,1,2,2022,1/1/2023,
5194,SYNTHETIC COMPANY 02193,SYNTHETIC SITE 02193,,1 Example Way,Nowhere,ZZ,00000,4451,SYNTHETIC INDUSTRY,164,261748,1,0,1,1,0,7,4,2,0,0,0,0,0,102193,1,2,2022,1/1/2023,
5195,SYNTHETIC COMPANY 02194,SYNTHETIC SITE 02194,,1 Example Way,Nowhere,ZZ,00000,4841,SYNTHETIC INDUSTRY,55,114780,2,0,0,0,0,0,0,0,0,0,0,0,0,102194,1,2,2022,1/1/2023,
5196,SYNTHETIC COMPANY 02195,SYNTHETIC SITE 02195,,1 Example Way,Nowhere,ZZ,00000,3115,SYNTHETIC INDUSTRY,106,168754,1,0,0,0,6,0,0,6,0,0,0,0,0,102195,1,2,2022,1/1/2023,
5197,SYNTHETIC COMPANY 02196,SYNTHETIC SITE 02196,,1 Example Way,Nowhere,ZZ,00000,2361,SYNTHETIC INDUSTRY,28,38342,1,0,0,0,1,0,0,1,0,0,0,0,0,102196,1,2,2022,1/1/2023,
5198,SYNTHETIC COMPANY 02197,SYNTHETIC SITE 02197,,1 Example Way,Nowhere,ZZ,00000,3115,SYNTHETIC INDUSTRY,17,39637,2,0,0,0,0,0,0,0,0,0,0,0,0,102197,1,2,2022,1/1/2023,
5199,SYNTHETIC COMPANY 02198,SYNTHETIC SITE 02198,,1 Example Way,Nowhere,ZZ,00000,3251,SYNTHETIC INDUSTRY,4,8250,2,0,0,0,0,0,0,0,0,0,0,0,0,102198,1,2,2022,1/1/2023,
5200,SYNTHETIC COMPANY 02199,SYNTHETIC SITE 02199,,1 Example Way,Nowhere,ZZ,00000,3252,SYNTHETIC INDUSTRY,77,160673,2,0,0,0,0,0,0,0,0,0,0,0,0,102199,1,2,2022,1/1/2023,
5201,SYNTHETIC COMPANY 02200,SYNTHETIC SITE 02200,,1 Example Way,Nowhere,ZZ,00000,3328,SYNTHETIC INDUSTRY,48,97720,2,0,0,0,0,0,0,0,0,0,0,0,0,102200,1,2,2022,1/1/2023,
5202,SYNTHETIC COMPANY 02201,SYNTHETIC SITE 02201,,1 Example Way,Nowhere,ZZ,00000,3328,SYNTHETIC INDUSTRY,8,16388,2,0,0,0,0,0,0,0,0,0,0,0,0,102201,1,2,2022,1/1/2023,
5203,SYNTHETIC COMPANY 02202,SYNTHETIC SITE 02202,,1 Example Way,Nowhere,ZZ,00000,6221,SYNTHETIC INDUSTRY,454,844526,1,0,0,1,1,0,4,2,0,0,0,0,0,102202,1,2,2022,1/1/2023,
5204,SYNTHETIC COMPANY 02203,SYNTHETIC SITE 02203,,1 Example Way,Nowhere,ZZ,00000,3252,SYNTHETIC INDUSTRY,122,304801,1,0,0,0,1,0,0,1,0,0,0,0,0,102203,1,2,2022,1/1/2023,
5205,SYNTHETIC COMPANY 02204,SYNTHETIC SITE 02204,,1 Example Way,Nowhere,ZZ,00000,2361,SYNTHETIC INDUSTRY,90,125446,2,0,0,0,0,0,0,0,0,0,0,0,0,102204,1,2,2022,1/1/2023,
5206,SYNTHETIC COMPANY 02205,SYNTHETIC SITE 02205,,1 Example Way,Nowhere,ZZ,00000,3251,SYNTHETIC INDUSTRY,22,34874,2,0,0,0,0,0,0,0,0,0,0,0,0,102205,1,2,2022,1/1/2023,
5207,SYNTHETIC COMPANY 02206,SYNTHETIC SITE 02206,,1 Example Way,Nowhere,ZZ,00000,2361,SYNTHETIC INDUSTRY,219,467296,1,0,8,4,10,56,16,22,0,0,0,0,0,102206,1,2,2022,1/1/2023,
5208,SYNTHETIC COMPANY 02207,SYNTHETIC SITE 02207,,1 Example Way,Nowhere,ZZ,00000,3251,SYNTHETIC INDUSTRY,167,326198,1,0,1,2,2,7,8,5,0,0,0,0,0,102207,1,2,2022,1/1/2023,
5209,SYNTHETIC COMPANY 02208,SYNTHETIC SITE 02208,,1 Example Way,Nowhere,ZZ,00000,3115,SYNTHETIC INDUSTRY,300,348016,1,0,2,1,4,14,4,7,0,0,0,0,0,102208,1,2,2022,1/1/2023,
5210,SYNTHETIC COMPANY 02209,SYNTHETIC SITE 02209,,1 Example Way,Nowhere,ZZ,00000,4841,SYNTHETIC INDUSTRY,4,9474,2,0,0,0,0,0,0,0,0,0,0,0,0,102209,1,2,2022,1/1/2023,
5211,SYNTHETIC COMPANY 02210,SYNTHETIC SITE 02210,,1 Example Way,Nowhere,ZZ,00000,4451,SYNTHETIC INDUSTRY,53,101308,1,0,0,1,1,0,4,2,0,0,0,0,0,102210,1,2,2022,1/1/2023,
5212,SYNTHETIC COMPANY 02211,SYNTHETIC SITE 02211,,1 Example Way,Nowhere,ZZ,00000,4841,SYNTHETIC INDUSTRY,128,204485,1,0,3,1,8,21,4,12,0,0,0,0,0,102211,1,2,2022,1/1/2023,
5213,SYNTHETIC COMPANY 02212,SYNTHETIC SITE 02212,,1 Example Way,Nowhere,ZZ,00000,3115,SYNTHETIC INDUSTRY,17,34668,2,0,0,0,0,0,0,0,0,0,0,0,0,102212,1,2,2022,1/1/2023,
5214,SYNTHETIC COMPANY 02213,SYNTHETIC SITE 02213,,1 Example Way,Nowhere,ZZ,00000,3328,SYNTHETIC INDUSTRY,10,22355,1,0,0,0,1,0,0,1,0,0,0,0,0,102213,1,2,2022,1/1/2023,
5215,SYNTHETIC COMPANY 02214,SYNTHETIC SITE 02214,,1 Example Way,Nowhere,ZZ,00000,3252,SYNTHETIC INDUSTRY,213,292695,1,0,1,0,1,7,0,2,0,0,0,0,0,102214,1,2,2022,1/1/2023,
5216,SYNTHETIC COMPANY 02215,SYNTHETIC SITE 02215,,1 Example Way,Nowhere,ZZ,00000,3115,SYNTHETIC INDUSTRY,413,751023,1,0,16,14,23,112,56,53,0,0,0,0,0,102215,1,2,2022,1/1/2023,
5217,SYNTHETIC COMPANY 02216,SYNTHETIC SITE 02216,,1 Example Way,Nowhere,ZZ,00000,3251,SYNTHETIC INDUSTRY,15,26472,1,0,1,0,0,7,0,1,0,0,0,0,0,102216,1,2,2022,1/1/2023,
5218,SYNTHETIC COMPANY 02217,SYNTHETIC SITE 02217,,1 Example Way,Nowhere,ZZ,00000,3115,SYNTHETIC INDUSTRY,224,406552,1,0,1,0,2,7,0,3,0,0,0,0,0,102217,1,2,2022,1/1/2023,
5219,SYNTHETIC COMPANY 02218,SYNTHETIC SITE 02218,,1 Example Way,Nowhere,ZZ,00000,4451,SYNTHETIC INDUSTRY,31,62596,2,0,0,0,0,0,0,0,0,0,0,0,0,102218,1,2,2022,1/1/2023,
5220,SYNTHETIC COMPANY 02219,SYNTHETIC SITE 02219,,1 Example Way,Nowhere,ZZ,00000,2361,SYNTHETIC INDUSTRY,339,571823,1,0,4,3,7,28,12,14,0,0,0,0,0,102219,1,2,2022,1/1/2023,
5221,SYNTHETIC COMPANY 02220,SYNTHETIC SITE 02220,,1 Example Way,Nowhere,ZZ,00000,6221,SYNTHETIC INDUSTRY,46,87261,2,0,0,0,0,0,0,0,0,0,0,0,0,102220,1,2,2022,1/1/2023,
5222,SYNTHETIC COMPANY 02221,SYNTHETIC SITE 02221,,1 Example Way,Nowhere,ZZ,00000,3328,SYNTHETIC INDUSTRY,34,56795,1,0,0,2,1,0,8,3,0,0,0,0,0,102221,1,2,2022,1/1/2023,
5223,SYNTHETIC COMPANY 02222,SYNTHETIC SITE 02222,,1 Example Way,Nowhere,ZZ,00000,3115,SYNTHETIC INDUSTRY,131,245969,1,0,1,0,2,7,0,3,0,0,0,0,0,102222,1,2,2022,1/1/2023,
5224,SYNTHETIC COMPANY 02223,SYNTHETIC SITE 02223,,1 Example Way,Nowhere,ZZ,00000,4841,SYNTHETIC INDUSTRY,74,161569,2,0,0,0,0,0,0,0,0,0,0,0,0,102223,1,2,2022,1/1/2023,
5225,SYNTHETIC COMPANY 02224,SYNTHETIC SITE 02224,,1 Example Way,Nowhere,ZZ,00000,3115,SYNTHETIC INDUSTRY,36,74451,1,0,1,0,2,7,0,3,0,0,0,0,0,102224,1,2,2022,1/1/2023,
5226,SYNTHETIC COMPANY 02225,SYNTHETIC SITE 02225,,1 Example Way,Nowhere,ZZ,00000,3328,SYNTHETIC INDUSTRY,85,161654,1,0,1,1,1,7,4,3,0,0,0,0,0,102225,1,2,2022,1/1/2023,
5227,SYNTHETIC COMPANY 02226,SYNTHETIC SITE 02226,,1 Example Way,Nowhere,ZZ,00000,3115,SYNTHETIC INDUSTRY,26,55950,1,0,0,1,0,0,4,1,0,0,0,0,0,102226,1,2,2022,1/1/2023,
5228,SYNTHETIC COMPANY 02227,SYNTHETIC SITE 02227,,1 Example Way,Nowhere,ZZ,00000,4841,SYNTHETIC INDUSTRY,50,102603,1,0,0,0,2,0,0,2,0,0,0,0,0,102227,1,2,2022,1/1/2023,
5229,SYNTHETIC COMPANY 02228,SYNTHETIC SITE 02228,,1 Example Way,Nowhere,ZZ,00000,3328,SYNTHETIC INDUSTRY,40,80063,2,0,0,0,0,0,0,0,0,0,0,0,0,102228,1,2,2022,1/1/2023,
5230,SYNTHETIC COMPANY 02229,SYNTHETIC SITE 02229,,1 Example Way,Nowhere,ZZ,00000,3328,SYNTHETIC INDUSTRY,34,49599,2,0,0,0,0,0,0,0,0,0,0,0,0,102229,1,2,2022,1/1/2023,
5231,SYNTHETIC COMPANY 02230,SYNTHETIC SITE 02230,,1 Example Way,Nowhere,ZZ,00000,3115,SYNTHETIC INDUSTRY,39,67670,2,0,0,0,0,0,0,0,0,0,0,0,0,102230,1,2,2022,1/1/2023,
5232,SYNTHETIC COMPANY 02231,SYNTHETIC SITE 02231,,1 Example Way,Nowhere,ZZ,00000,3252,SYNTHETIC INDUSTRY,68,134762,2,0,0,0,0,0,0,0,0,0,0,0,0,102231,1,2,2022,1/1/2023,
5233,SYNTHETIC COMPANY 02232,SYNTHETIC SITE 02232,,1 Example Way,Nowhere,ZZ,00000,3251,SYNTHETIC INDUSTRY,88,152194,1,0,4,1,3,28,4,8,0,0,0,0,0,102232,1,2,2022,1/1/2023,
5234,SYNTHETIC COMPANY 02233,SYNTHETIC SITE 02233,,1 Example Way,Nowhere,ZZ,00000,4451,SYNTHETIC INDUSTRY,177,356576,2,0,0,0,0,0,0,0,0,0,0,0,0,102233,1,2,2022,1/1/2023,
5235,SYNTHETIC COMPANY 02234,SYNTHETIC SITE 02234,,1 Example Way,Nowhere,ZZ,00000,3115,SYNTHETIC INDUSTRY,113,207990,2,0,0,0,0,0,0,0,0,0,0,0,0,102234,1,2,2022,1/1/2023,
5236,SYNTHETIC COMPANY 02235,SYNTHETIC SITE 02235,,1 Example Way,Nowhere,ZZ,00000,4451,SYNTHETIC INDUSTRY,32,59155,2,0,0,0,0,0,0,0,0,0,0,0,0,102235,1,2,2022,1/1/2023,
5237,SYNTHETIC COMPANY 02236,SYNTHETIC SITE 02236,,1 Example Way,Nowhere,ZZ,00000,3115,SYNTHETIC INDUSTRY,303,495590,1,0,8,9,17,56,36,34,0,0,0,0,0,102236,1,2,2022,1/1/2023,
5238,SYNTHETIC COMPANY 02237,SYNTHETIC SITE 02237,,1 Example Way,Nowhere,ZZ,00000,4841,SYNTHETIC INDUSTRY,22,47345,2,0,0,0,0,0,0,0,0,0,0,0,0,102237,1,2,2022,1/1/2023,
5239,SYNTHETIC COMPANY 02238,SYNTHETIC SITE 02238,,1 Example Way,Nowhere,ZZ,00000,3251,SYNTHETIC INDUSTRY,23,42663,2,0,0,0,0,0,0,0,0,0,0,0,0,102238,1,2,2022,1/1/2023,
5240,SYNTHETIC COMPANY 02239,SYNTHETIC SITE 02239,,1 Example Way,Nowhere,ZZ,00000,2361,SYNTHETIC INDUSTRY,73,119344,2,0,0,0,0,0,0,0,0,0,0,0,0,102239,1,2,2022,1/1/2023,
5241,SYNTHETIC COMPANY 02240,SYNTHETIC SITE 02240,,1 Example Way,Nowhere,ZZ,00000,3115,SYNTHETIC INDUSTRY,29,61020,1,0,0,0,1,0,0,1,0,0,0,0,0,102240,1,2,2022,1/1/2023,
5242,SYNTHETIC COMPANY 02241,SYNTHETIC SITE 02241,,1 Example Way,Nowhere,ZZ,00000,2361,SYNTHETIC INDUSTRY,14,27266,1,0,0,0,1,0,0,1,0,0,0,0,0,102241,1,2,2022,1/1/2023,
5243,SYNTHETIC COMPANY 02242,SYNTHETIC SITE 02242,,1 Example Way,Nowhere,ZZ,00000,3252,SYNTHETIC INDUSTRY,152,208862,2,0,0,0,0,0,0,0,0,0,0,0,0,102242,1,2,2022,1/1/2023,
5244,SYNTHETIC COMPANY 02243,SYNTHETIC SITE 02243,,1 Example Way,Nowhere,ZZ,00000,4451,SYNTHETIC INDUSTRY,169,398606,2,0,0,0,0,0,0,0,0,0,0,0,0,102243,1,2,2022,1/1/2023,
5245,SYNTHETIC COMPANY 02244,SYNTHETIC SITE 02244,,1 Example Way,Nowhere,ZZ,00000,3252,SYNTHETIC INDUSTRY,38,85347,1,0,0,0,1,0,0,1,0,0,0,0,0,102244,1,2,2022,1/1/2023,
5246,SYNTHETIC COMPANY 02245,SYNTHETIC SITE 02245,,1 Example Way,Nowhere,ZZ,00000,3251,SYNTHETIC INDUSTRY,93,166415,2,0,0,0,0,0,0,0,0,0,0,0,0,102245,1,2,2022,1/1/2023,
5247,SYNTHETIC COMPANY 02246,SYNTHETIC SITE 02246,,1 Example Way,Nowhere,ZZ,00000,3328,SYNTHETIC INDUSTRY,124,195974,1,0,0,1,2,0,4,3,0,0,0,0,0,102246,1,2,2022,1/1/2023,
5248,SYNTHETIC COMPANY 02247,SYNTHETIC SITE 02247,,1 Example Way,Nowhere,ZZ,00000,3328,SYNTHETIC INDUSTRY,17,31631,2,0,0,0,0,0,0,0,0,0,0,0,0,102247,1,2,2022,1/1/2023,
5249,SYNTHETIC COMPANY 02248,SYNTHETIC SITE 02248,,1 Example Way,Nowhere,ZZ,00000,4451,SYNTHETIC INDUSTRY,10,14511,2,0,0,0,0,0,0,0,0,0,0,0,0,102248,1,2,2022,1/1/2023,
5250,SYNTHETIC COMPANY 02249,SYNTHETIC SITE 02249,,1 Example Way,Nowhere,ZZ,00000,4841,SYNTHETIC INDUSTRY,17,25527,2,0,0,0,0,0,0,0,0,0,0,0,0,102249,1,2,2022,1/1/2023,
5251,SYNTHETIC COMPANY 02250,SYNTHETIC SITE 02250,,1 Example Way,Nowhere,ZZ,00000,3115,SYNTHETIC INDUSTRY,308,517846,2,0,0,0,0,0,0,0,0,0,0,0,0,102250,1,2,2022,1/1/2023,
5252,SYNTHETIC COMPANY 02251,SYNTHETIC SITE 02251,,1 Example Way,Nowhere,ZZ,00000,3328,SYNTHETIC INDUSTRY,21,43076,2,0,0,0,0,0,0,0,0,0,0,0,0,102251,1,2,2022,1/1/2023,
5253,SYNTHETIC COMPANY 02252,SYNTHETIC SITE 02252,,1 Example Way,Nowhere,ZZ,00000,3252,SYNTHETIC INDUSTRY,26,60168,2,0,0,0,0,0,0,0,0,0,0,0,0,102252,1,2,2022,1/1/2023,
5254,SYNTHETIC COMPANY 02253,SYNTHETIC SITE 02253,,1 Example Way,Nowhere,ZZ,00000,2361,SYNTHETIC INDUSTRY,21,41494,2,0,0,0,0,0,0,0,0,0,0,0,0,102253,1,2,2022,1/1/2023,
5255,SYNTHETIC COMPANY 02254,SYNTHETIC SITE 02254,,1 Example Way,Nowhere,ZZ,00000,3251,SYNTHETIC INDUSTRY,154,254333,2,0,0,0,0,0,0,0,0,0,0,0,0,102254,1,2,2022,1/1/2023,
5256,SYNTHETIC COMPANY 02255,SYNTHETIC SITE 02255,,1 Example Way,Nowhere,ZZ,00000,3251,SYNTHETIC INDUSTRY,23,43124,1,0,1,0,0,7,0,1,0,0,0,0,0,102255,1,2,2022,1/1/2023,
5257,SYNTHETIC COMPANY 02256,SYNTHETIC SITE 02256,,1 Example Way,Nowhere,ZZ,00000,6221,SYNTHETIC INDUSTRY,119,258441,1,0,6,4,2,42,16,12,0,0,0,0,0,102256,1,2,2022,1/1/2023,
5258,SYNTHETIC COMPANY 02257,SYNTHETIC SITE 02257,,1 Example Way,Nowhere,ZZ,00000,2361,SYNTHETIC INDUSTRY,52,8041900,2,0,0,0,0,0,0,0,0,0,0,0,0,102257,1,2,2022,1/1/2023,
5259,SYNTHETIC COMPANY 02258,SYNTHETIC SITE 02258,,1 Example Way,Nowhere,ZZ,00000,4841,SYNTHETIC INDUSTRY,15,33280,1,0,1,0,0,7,0,1,0,0,0,0,0,102258,1,2,2022,1/1/2023,
5260,SYNTHETIC COMPANY 02259,SYNTHETIC SITE 02259,,1 Example Way,Nowhere,ZZ,00000,4451,SYNTHETIC INDUSTRY,299,475151,1,0,1,3,0,7,12,4,0,0,0,0,0,102259,1,2,2022,1/1/2023,
5261,SYNTHETIC COMPANY 02260,SYNTHETIC SITE 02260,,1 Example Way,Nowhere,ZZ,00000,6221,SYNTHETIC INDUSTRY,11,20825,1,0,0,0,1,0,0,1,0,0,0,0,0,102260,1,2,2022,1/1/2023,
5262,SYNTHETIC COMPANY 02261,SYNTHETIC SITE 02261,,1 Example Way,Nowhere,ZZ,00000,3115,SYNTHETIC INDUSTRY,68,137038,2,0,0,0,0,0,0,0,0,0,0,0,0,102261,1,2,2022,1/1/2023,
5263,SYNTHETIC COMPANY 02262,SYNTHETIC SITE 02262,,1 Example Way,Nowhere,ZZ,00000,6221,SYNTHETIC INDUSTRY,94,193844,1,0,0,1,0,0,4,1,0,0,0,0,0,102262,1,2,2022,1/1/2023,
5264,SYNTHETIC COMPANY 02263,SYNTHETIC SITE 02263,,1 Example Way,Nowhere,ZZ,00000,3115,SYNTHETIC INDUSTRY,74,134207,2,0,0,0,0,0,0,0,0,0,0,0,0,102263,1,2,2022,1/1/2023,
5265,SYNTHETIC COMPANY 02264,SYNTHETIC SITE 02264,,1 Example Way,Nowhere,ZZ,00000,3328,SYNTHETIC INDUSTRY,6,11930,2,0,0,0,0,0,0,0,0,0,0,0,0,102264,1,2,2022,1/1/2023,
5266,SYNTHETIC COMPANY 02265,SYNTHETIC SITE 02265,,1 Example Way,Nowhere,ZZ,00000,2361,SYNTHETIC INDUSTRY,44,82869,1,0,1,0,2,7,0,3,0,0,0,0,0,102265,1,2,2022,1/1/2023,
5267,SYNTHETIC COMPANY 02266,SYNTHETIC SITE 02266,,1 Example Way,Nowhere,ZZ,00000,2361,SYNTHETIC INDUSTRY,233,350142,1,0,4,3,6,28,12,13,0,0,0,0,0,102266,1,2,2022,1/1/2023,
5268,SYNTHETIC COMPANY 02267,SYNTHETIC SITE 02267,,1 Example Way,Nowhere,ZZ,00000,3251,SYNTHETIC INDUSTRY,50,101599,2,0,0,0,0,0,0,0,0,0,0,0,0,102267,1,2,2022,1/1/2023,
5269,SYNTHETIC COMPANY 02268,SYNTHETIC SITE 02268,,1 Example Way,Nowhere,ZZ,00000,2361,SYNTHETIC INDUSTRY,74,128590,2,0,0,0,0,0,0,0,0,0,0,0,0,102268,1,2,2022,1/1/2023,
5270,SYNTHETIC COMPANY 02269,SYNTHETIC SITE 02269,,1 Example Way,Nowhere,ZZ,00000,4841,SYNTHETIC INDUSTRY,16,23249,1,0,1,0,0,7,0,1,0,0,0,0,0,102269,1,2,2022,1/1/2023,
5271,SYNTHETIC COMPANY 02270,SYNTHETIC SITE 02270,,1 Example Way,Nowhere,ZZ,00000,3251,SYNTHETIC INDUSTRY,25,39258,2,0,0,0,0,0,0,0,0,0,0,0,0,102270,1,2,2022,1/1/2023,
5272,SYNTHETIC COMPANY 02271,SYNTHETIC SITE 02271,,1 Example Way,Nowhere,ZZ,00000,3328,SYNTHETIC INDUSTRY,28,45088,2,0,0,0,0,0,0,0,0,0,0,0,0,102271,1,2,2022,1/1/2023,
5273,SYNTHETIC COMPANY 02272,SYNTHETIC SITE 02272,,1 Example Way,Nowhere,ZZ,00000,4841,SYNTHETIC INDUSTRY,28,57673,2,0,0,0,0,0,0,0,0,0,0,0,0,102272,1,2,2022,1/1/2023,
5274,SYNTHETIC COMPANY 02273,SYNTHETIC SITE 02273,,1 Example Way,Nowhere,ZZ,00000,2361,SYNTHETIC INDUSTRY,42,76057,2,0,0,0,0,0,0,0,0,0,0,0,0,102273,1,2,2022,1/1/2023,
5275,SYNTHETIC COMPANY 02274,SYNTHETIC SITE 02274,,1 Example Way,Nowhere,ZZ,00000,3252,SYNTHETIC INDUSTRY,319,678198,1,0,8,4,5,56,16,17,0,0,0,0,0,102274,1,2,2022,1/1/2023,
5276,SYNTHETIC COMPANY 02275,SYNTHETIC SITE 02275,,1 Example Way,Nowhere,ZZ,00000,3328,SYNTHETIC INDUSTRY,53,103541,2,0,0,0,0,0,0,0,0,0,0,0,0,102275,1,2,2022,1/1/2023,
5277,SYNTHETIC COMPANY 02276,SYNTHETIC SITE 02276,,1 Example Way,Nowhere,ZZ,00000,2361,SYNTHETIC INDUSTRY,139,235957,2,0,0,0,0,0,0,0,0,0,0,0,0,102276,1,2,2022,1/1/2023,
5278,SYNTHETIC COMPANY 02277,SYNTHETIC SITE 02277,,1 Example Way,Nowhere,ZZ,00000,3115,SYNTHETIC INDUSTRY,5,11134,2,0,0,0,0,0,0,0,0,0,0,0,0,102277,1,2,2022,1/1/2023,
5279,SYNTHETIC COMPANY 02278,SYNTHETIC SITE 02278,,1 Example Way,Nowhere,ZZ,00000,4841,SYNTHETIC INDUSTRY,140,248184,1,0,1,1,0,7,4,2,0,0,0,0,0,102278,1,2,2022,1/1/2023,
5280,SYNTHETIC COMPANY 02279,SYNTHETIC SITE 02279,,1 Example Way,Nowhere,ZZ,00000,3251,SYNTHETIC INDUSTRY,15,26460,1,0,0,0,1,0,0,1,0,0,0,0,0,102279,1,2,2022,1/1/2023,
5281,SYNTHETIC COMPANY 02280,SYNTHETIC SITE 02280,,1 Example Way,Nowhere,ZZ,00000,3251,SYNTHETIC INDUSTRY,12,23323,1,0,0,1,0,0,4,1,0,0,0,0,0,102280,1,2,2022,1/1/2023,
5282,SYNTHETIC COMPANY 02281,SYNTHETIC SITE 02281,,1 Example Way,Nowhere,ZZ,00000,6221,SYNTHETIC INDUSTRY,173,300087,1,0,6,10,7,42,40,23,0,0,0,0,0,102281,1,2,2022,1/1/2023,
5283,SYNTHETIC COMPANY 02282,SYNTHETIC SITE 02282,,1 Example Way,Nowhere,ZZ,00000,3252,SYNTHETIC INDUSTRY,17,29850,2,0,0,0,0,0,0,0,0,0,0,0,0,102282,1,2,2022,1/1/2023,
5284,SYNTHETIC COMPANY 02283,SYNTHETIC SITE 02283,,1 Example Way,Nowhere,ZZ,00000,3328,SYNTHETIC INDUSTRY,201,367433,1,0,0,2,5,0,8,7,0,0,0,0,0,102283,1,2,2022,1/1/2023,
5285,SYNTHETIC COMPANY 02284,SYNTHETIC SITE 02284,,1 Example Way,Nowhere,ZZ,00000,3115,SYNTHETIC INDUSTRY,22,42880,2,0,0,0,0,0,0,0,0,0,0,0,0,102284,1,2,2022,1/1/2023,
5286,SYNTHETIC COMPANY 02285,SYNTHETIC SITE 02285,,1 Example Way,Nowhere,ZZ,00000,6221,SYNTHETIC INDUSTRY,10,19583,2,0,0,0,0,0,0,0,0,0,0,0,0,102285,1,2,2022,1/1/2023,
5287,SYNTHETIC COMPANY 02286,SYNTHETIC SITE 02286,,1 Example Way,Nowhere,ZZ,00000,4451,SYNTHETIC INDUSTRY,45,65116,2,0,0,0,0,0,0,0,0,0,0,0,0,102286,1,2,2022,1/1/2023,
5288,SYNTHETIC COMPANY 02287,SYNTHETIC SITE 02287,,1 Example Way,Nowhere,ZZ,00000,3252,SYNTHETIC INDUSTRY,19,28381,2,0,0,0,0,0,0,0,0,0,0,0,0,102287,1,2,2022,1/1/2023,
5289,SYNTHETIC COMPANY 02288,SYNTHETIC SITE 02288,,1 Example Way,Nowhere,ZZ,00000,4451,SYNTHETIC INDUSTRY,153,345694,1,0,0,0,1,0,0,1,0,0,0,0,0,102288,1,2,2022,1/1/2023,
5290,SYNTHETIC COMPANY 02289,SYNTHETIC SITE 02289,,1 Example Way,Nowhere,ZZ,00000,3251,SYNTHETIC INDUSTRY,101,189906,2,0,0,0,0,0,0,0,0,0,0,0,0,102289,1,2,2022,1/1/2023,
5291,SYNTHETIC COMPANY 02290,SYNTHETIC SITE 02290,,1 Example Way,Nowhere,ZZ,00000,4451,SYNTHETIC INDUSTRY,178,373880,2,0,0,0,0,0,0,0,0,0,0,0,0,102290,1,2,2022,1/1/2023,
5292,SYNTHETIC COMPANY 02291,SYNTHETIC SITE 02291,,1 Example Way,Nowhere,ZZ,00000,2361,SYNTHETIC INDUSTRY,21,32827,2,0,0,0,0,0,0,0,0,0,0,0,0,102291,1,2,2022,1/1/2023,
5293,SYNTHETIC COMPANY 02292,SYNTHETIC SITE 02292,,1 Example Way,Nowhere,ZZ,00000,3251,SYNTHETIC INDUSTRY,73,151253,1,0,2,1,3,14,4,6,0,0,0,0,0,102292,1,2,2022,1/1/2023,
5294,SYNTHETIC COMPANY 02293,SYNTHETIC SITE 02293,,1 Example Way,Nowhere,ZZ,00000,3252,SYNTHETIC INDUSTRY,68,103086,2,0,0,0,0,0,0,0,0,0,0,0,0,102293,1,2,2022,1/1/2023,
5295,SYNTHETIC COMPANY 02294,SYNTHETIC SITE 02294,,1 Example Way,Nowhere,ZZ,00000,3251,SYNTHETIC INDUSTRY,14,24070,1,0,1,0,0,7,0,1,0,0,0,0,0,102294,1,2,2022,1/1/2023,
5296,SYNTHETIC COMPANY 02295,SYNTHETIC SITE 02295,,1 Example Way,Nowhere,ZZ,00000,4841,SYNTHETIC INDUSTRY,42,93012,1,0,2,2,1,14,8,5,0,0,0,0,0,102295,1,2,2022,1/1/2023,
5297,SYNTHETIC COMPANY 02296,SYNTHETIC SITE 02296,,1 Example Way,Nowhere,ZZ,00000,2361,SYNTHETIC INDUSTRY,119,236133,1,0,2,2,3,14,8,7,0,0,0,0,0,102296,1,2,2022,1/1/2023,
5298,SYNTHETIC COMPANY 02297,SYNTHETIC SITE 02297,,1 Example Way,Nowhere,ZZ,00000,3251,SYNTHETIC INDUSTRY,69,110819,2,0,0,0,0,0,0,0,0,0,0,0,0,102297,1,2,2022,1/1/2023,
5299,SYNTHETIC COMPANY 02298,SYNTHETIC SITE 02298,,1 Example Way,Nowhere,ZZ,00000,4841,SYNTHETIC INDUSTRY,26,51601,2,0,0,0,0,0,0,0,0,0,0,0,0,102298,1,2,2022,1/1/2023,
5300,SYNTHETIC COMPANY 02299,SYNTHETIC SITE 02299,,1 Example Way,Nowhere,ZZ,00000,4841,SYNTHETIC INDUSTRY,62,133188,1,0,2,0,1,14,0,3,0,0,0,0,0,102299,1,2,2022,1/1/2023,
5301,SYNTHETIC COMPANY 02300,SYNTHETIC SITE 02300,,1 Example Way,Nowhere,ZZ,00000,4451,SYNTHETIC INDUSTRY,195,4086290,1,0,3,0,0,21,0,3,0,0,0,0,0,102300,1,2,2022,1/1/2023,
5302,SYNTHETIC COMPANY 02301,SYNTHETIC SITE 02301,,1 Example Way,Nowhere,ZZ,00000,2361,SYNTHETIC INDUSTRY,59,102703,1,0,1,0,0,7,0,1,0,0,0,0,0,102301,1,2,2022,1/1/2023,
5303,SYNTHETIC COMPANY 02302,SYNTHETIC SITE 02302,,1 Example Way,Nowhere,ZZ,00000,3328,SYNTHETIC INDUSTRY,58,99230,1,0,0,1,1,0,4,2,0,0,0,0,0,102302,1,2,2022,1/1/2023,
5304,SYNTHETIC COMPANY 02303,SYNTHETIC SITE 02303,,1 Example Way,Nowhere,ZZ,00000,3328,SYNTHETIC INDUSTRY,21,42475,2,0,0,0,0,0,0,0,0,0,0,0,0,102303,1,2,2022,1/1/2023,
5305,SYNTHETIC COMPANY 02304,SYNTHETIC SITE 02304,,1 Example Way,Nowhere,ZZ,00000,4451,SYNTHETIC INDUSTRY,122,195610,2,0,0,0,0,0,0,0,0,0,0,0,0,102304,1,2,2022,1/1/2023,
5306,SYNTHETIC COMPANY 02305,SYNTHETIC SITE 02305,,1 Example Way,Nowhere,ZZ,00000,3252,SYNTHETIC INDUSTRY,30,47541,2,0,0,0,0,0,0,0,0,0,0,0,0,102305,1,2,2022,1/1/2023,
5307,SYNTHETIC COMPANY 02306,SYNTHETIC SITE 02306,,1 Example Way,Nowhere,ZZ,00000,4841,SYNTHETIC INDUSTRY,9,21765,2,0,0,0,0,0,0,0,0,0,0,0,0,102306,1,2,2022,1/1/2023,
5308,SYNTHETIC COMPANY 02307,SYNTHETIC SITE 02307,,1 Example Way,Nowhere,ZZ,00000,3252,SYNTHETIC INDUSTRY,35,72950,2,0,0,0,0,0,0,0,0,0,0,0,0,102307,1,2,2022,1/1/2023,
5309,SYNTHETIC COMPANY 02308,SYNTHETIC SITE 02308,,1 Example Way,Nowhere,ZZ,00000,2361,SYNTHETIC INDUSTRY,11,20710,2,0,0,0,0,0,0,0,0,0,0,0,0,102308,1,2,2022,1/1/2023,
5310,SYNTHETIC COMPANY 02309,SYNTHETIC SITE 02309,,1 Example Way,Nowhere,ZZ,00000,3251,SYNTHETIC INDUSTRY,133,179437,2,0,0,0,0,0,0,0,0,0,0,0,0,102309,1,2,2022,1/1/2023,
5311,SYNTHETIC COMPANY 02310,SYNTHETIC SITE 02310,,1 Example Way,Nowhere,ZZ,00000,4451,SYNTHETIC INDUSTRY,8,17589,2,0,0,0,0,0,0,0,0,0,0,0,0,102310,1,2,2022,1/1/2023,
5312,SYNTHETIC COMPANY 02311,SYNTHETIC SITE 02311,,1 Example Way,Nowhere,ZZ,00000,3328,SYNTHETIC INDUSTRY,27,43630,2,0,0,0,0,0,0,0,0,0,0,0,0,102311,1,2,2022,1/1/2023,
5313,SYNTHETIC COMPANY 02312,SYNTHETIC SITE 02312,,1 Example Way,Nowhere,ZZ,00000,2361,SYNTHETIC INDUSTRY,52,108270,1,0,2,0,0,14,0,2,0,0,0,0,0,102312,1,2,2022,1/1/2023,
5314,SYNTHETIC COMPANY 02313,SYNTHETIC SITE 02313,,1 Example Way,Nowhere,ZZ,00000,3328,SYNTHETIC INDUSTRY,618,1098942,1,0,14,17,15,98,68,46,0,0,0,0,0,102313,1,2,2022,1/1/2023,
5315,SYNTHETIC COMPANY 02314,SYNTHETIC SITE 02314,,1 Example Way,Nowhere,ZZ,00000,6221,SYNTHETIC INDUSTRY,25,47193,2,0,0,0,0,0,0,0,0,0,0,0,0,102314,1,2,2022,1/1/2023,
5316,SYNTHETIC COMPANY 02315,SYNTHETIC SITE 02315,,1 Example Way,Nowhere,ZZ,00000,3328,SYNTHETIC INDUSTRY,57,101002,2,0,0,0,0,0,0,0,0,0,0,0,0,102315,1,2,2022,1/1/2023,
5317,SYNTHETIC COMPANY 02316,SYNTHETIC SITE 02316,,1 Example Way,Nowhere,ZZ,00000,4841,SYNTHETIC INDUSTRY,14,23603,2,0,0,0,0,0,0,0,0,0,0,0,0,102316,1,2,2022,1/1/2023,
5318,SYNTHETIC COMPANY 02317,SYNTHETIC SITE 02317,,1 Example Way,Nowhere,ZZ,00000,6221,SYNTHETIC INDUSTRY,2,3597,2,0,0,0,0,0,0,0,0,0,0,0,0,102317,1,2,2022,1/1/2023,
5319,SYNTHETIC COMPANY 02318,SYNTHETIC SITE 02318,,1 Example Way,Nowhere,ZZ,00000,4841,SYNTHETIC INDUSTRY,130,229849,1,0,0,1,5,0,4,6,0,0,0,0,0,102318,1,2,2022,1/1/2023,
5320,SYNTHETIC COMPANY 02319,SYNTHETIC SITE 02319,,1 Example Way,Nowhere,ZZ,00000,3252,SYNTHETIC INDUSTRY,79,105916,1,0,1,1,3,7,4,5,0,0,0,0,0,102319,1,2,2022,1/1/2023,
5321,SYNTHETIC COMPANY 02320,SYNTHETIC SITE 02320,,1 Example Way,Nowhere,ZZ,00000,3115,SYNTHETIC INDUSTRY,286,57770900,1,0,3,0,1,21,0,4,0,0,0,0,0,102320,1,2,2022,1/1/2023,
5322,SYNTHETIC COMPANY 02321,SYNTHETIC SITE 02321,,1 Example Way,Nowhere,ZZ,00000,4451,SYNTHETIC INDUSTRY,51,124999,1,0,0,1,0,0,4,1,0,0,0,0,0,102321,1,2,2022,1/1/2023,
5323,SYNTHETIC COMPANY 02322,SYNTHETIC SITE 02322,,1 Example Way,Nowhere,ZZ,00000,6221,SYNTHETIC INDUSTRY,34,56255,2,0,0,0,0,0,0,0,0,0,0,0,0,102322,1,2,2022,1/1/2023,
5324,SYNTHETIC COMPANY 02323,SYNTHETIC SITE 02323,,1 Example Way,Nowhere,ZZ,00000,2361,SYNTHETIC INDUSTRY,22,50976,2,0,0,0,0,0,0,0,0,0,0,0,0,102323,1,2,2022,1/1/2023,
5325,SYNTHETIC COMPANY 02324,SYNTHETIC SITE 02324,,1 Example Way,Nowhere,ZZ,00000,3115,SYNTHETIC INDUSTRY,60,92513,1,0,2,0,3,14,0,5,0,0,0,0,0,102324,1,2,2022,1/1/2023,
5326,SYNTHETIC COMPANY 02325,SYNTHETIC SITE 02325,,1 Example Way,Nowhere,ZZ,00000,3115,SYNTHETIC INDUSTRY,53,119546,2,0,0,0,0,0,0,0,0,0,0,0,0,102325,1,2,2022,1/1/2023,
5327,SYNTHETIC COMPANY 02326,SYNTHETIC SITE 02326,,1 Example Way,Nowhere,ZZ,00000,3252,SYNTHETIC INDUSTRY,55,94483,1,0,1,2,0,7,8,3,0,0,0,0,0,102326,1,2,2022,1/1/2023,
5328,SYNTHETIC COMPANY 02327,SYNTHETIC SITE 02327,,1 Example Way,Nowhere,ZZ,00000,3251,SYNTHETIC INDUSTRY,215,369212,2,0,0,0,0,0,0,0,0,0,0,0,0,102327,1,2,2022,1/1/2023,
5329,SYNTHETIC COMPANY 02328,SYNTHETIC SITE 02328,,1 Example Way,Nowhere,ZZ,00000,3328,SYNTHETIC INDUSTRY,81,153442,2,0,0,0,0,0,0,0,0,0,0,0,0,102328,1,2,2022,1/1/2023,
5330,SYNTHETIC COMPANY 02329,SYNTHETIC SITE 02329,,1 Example Way,Nowhere,ZZ,00000,3252,SYNTHETIC INDUSTRY,176,318523,2,0,0,0,0,0,0,0,0,0,0,0,0,102329,1,2,2022,1/1/2023,
5331,SYNTHETIC COMPANY 02330,SYNTHETIC SITE 02330,,1 Example Way,Nowhere,ZZ,00000,2361,SYNTHETIC INDUSTRY,39,71964,2,0,0,0,0,0,0,0,0,0,0,0,0,102330,1,2,2022,1/1/2023,
5332,SYNTHETIC COMPANY 02331,SYNTHETIC SITE 02331,,1 Example Way,Nowhere,ZZ,00000,3328,SYNTHETIC INDUSTRY,35,63486,1,0,4,1,3,28,4,8,0,0,0,0,0,102331,1,2,2022,1/1/2023,
5333,SYNTHETIC COMPANY 02332,SYNTHETIC SITE 02332,,1 Example Way,Nowhere,ZZ,00000,4451,SYNTHETIC INDUSTRY,250,401285,1,0,1,1,0,7,4,2,0,0,0,0,0,102332,1,2,2022,1/1/2023,
5334,SYNTHETIC COMPANY 02333,SYNTHETIC SITE 02333,,1 Example Way,Nowhere,ZZ,00000,3251,SYNTHETIC INDUSTRY,232,491895,2,0,0,0,0,0,0,0,0,0,0,0,0,102333,1,2,2022,1/1/2023,
5335,SYNTHETIC COMPANY 02334,SYNTHETIC SITE 02334,,1 Example Way,Nowhere,ZZ,00000,2361,SYNTHETIC INDUSTRY,48,91538,2,0,0,0,0,0,0,0,0,0,0,0,0,102334,1,2,2022,1/1/2023,
5336,SYNTHETIC COMPANY 02335,SYNTHETIC SITE 02335,,1 Example Way,Nowhere,ZZ,00000,4451,SYNTHETIC INDUSTRY,34,72736,2,0,0,0,0,0,0,0,0,0,0,0,0,102335,1,2,2022,1/1/2023,
5337,SYNTHETIC COMPANY 02336,SYNTHETIC SITE 02336,,1 Example Way,Nowhere,ZZ,00000,3251,SYNTHETIC INDUSTRY,22,35897,1,0,0,0,1,0,0,1,0,0,0,0,0,102336,1,2,2022,1/1/2023,
5338,SYNTHETIC COMPANY 02337,SYNTHETIC SITE 02337,,1 Example Way,Nowhere,ZZ,00000,2361,SYNTHETIC INDUSTRY,109,199523,2,0,0,0,0,0,0,0,0,0,0,0,0,102337,1,2,2022,1/1/2023,
5339,SYNTHETIC COMPANY 02338,SYNTHETIC SITE 02338,,1 Example Way,Nowhere,ZZ,00000,4451,SYNTHETIC INDUSTRY,18,28103,2,0,0,0,0,0,0,0,0,0,0,0,0,102338,1,2,2022,1/1/2023,
5340,SYNTHETIC COMPANY 02339,SYNTHETIC SITE 02339,,1 Example Way,Nowhere,ZZ,00000,4841,SYNTHETIC INDUSTRY,17,29614,1,0,1,0,1,7,0,2,0,0,0,0,0,102339,1,2,2022,1/1/2023,
5341,SYNTHETIC COMPANY 02340,SYNTHETIC SITE 02340,,1 Example Way,Nowhere,ZZ,00000,4451,SYNTHETIC INDUSTRY,81,145107,1,0,1,1,0,7,4,2,0,0,0,0,0,102340,1,2,2022,1/1/2023,
5342,SYNTHETIC COMPANY 02341,SYNTHETIC SITE 02341,,1 Example Way,Nowhere,ZZ,00000,3115,SYNTHETIC INDUSTRY,44,70203,2,0,0,0,0,0,0,0,0,0,0,0,0,102341,1,2,2022,1/1/2023,
5343,SYNTHETIC COMPANY 02342,SYNTHETIC SITE 02342,,1 Example Way,Nowhere,ZZ,00000,4451,SYNTHETIC INDUSTRY,12,21164,2,0,0,0,0,0,0,0,0,0,0,0,0,102342,1,2,2022,1/1/2023,
5344,SYNTHETIC COMPANY 02343,SYNTHETIC SITE 02343,,1 Example Way,Nowhere,ZZ,00000,3328,SYNTHETIC INDUSTRY,76,136088,2,0,0,0,0,0,0,0,0,0,0,0,0,102343,1,2,2022,1/1/2023,
5345,SYNTHETIC COMPANY 02344,SYNTHETIC SITE 02344,,1 Example Way,Nowhere,ZZ,00000,3252,SYNTHETIC INDUSTRY,31,57659,1,0,2,2,0,14,8,4,0,0,0,0,0,102344,1,2,2022,1/1/2023,
5346,SYNTHETIC COMPANY 02345,SYNTHETIC SITE 02345,,1 Example Way,Nowhere,ZZ,00000,3115,SYNTHETIC INDUSTRY,126,253746,1,0,3,4,6,21,16,13,0,0,0,0,0,102345,1,2,2022,1/1/2023,
5347,SYNTHETIC COMPANY 02346,SYNTHETIC SITE 02346,,1 Example Way,Nowhere,ZZ,00000,3251,SYNTHETIC INDUSTRY,39,79597,1,0,1,0,1,7,0,2,0,0,0,0,0,102346,1,2,2022,1/1/2023,
5348,SYNTHETIC COMPANY 02347,SYNTHETIC SITE 02347,,1 Example Way,Nowhere,ZZ,00000,6221,SYNTHETIC INDUSTRY,10,21874,2,0,0,0,0,0,0,0,0,0,0,0,0,102347,1,2,2022,1/1/2023,
5349,SYNTHETIC COMPANY 02348,SYNTHETIC SITE 02348,,1 Example Way,Nowhere,ZZ,00000,3328,SYNTHETIC INDUSTRY,21,36339,1,0,0,0,1,0,0,1,0,0,0,0,0,102348,1,2,2022,1/1/2023,
5350,SYNTHETIC COMPANY 02349,SYNTHETIC SITE 02349,,1 Example Way,Nowhere,ZZ,00000,2361,SYNTHETIC INDUSTRY,138,287381,1,0,2,1,2,14,4,5,0,0,0,0,0,102349,1,2,2022,1/1/2023,
5351,SYNTHETIC COMPANY 02350,SYNTHETIC SITE 02350,,1 Example Way,Nowhere,ZZ,00000,4841,SYNTHETIC INDUSTRY,47,103151,2,0,0,0,0,0,0,0,0,0,0,0,0,102350,1,2,2022,1/1/2023,
5352,SYNTHETIC COMPANY 02351,SYNTHETIC SITE 02351,,1 Example Way,Nowhere,ZZ,00000,2361,SYNTHETIC INDUSTRY,105,182904,2,0,0,0,0,0,0,0,0,0,0,0,0,102351,1,2,2022,1/1/2023,
5353,SYNTHETIC COMPANY 02352,SYNTHETIC SITE 02352,,1 Example Way,Nowhere,ZZ,00000,3252,SYNTHETIC INDUSTRY,9,14684,2,0,0,0,0,0,0,0,0,0,0,0,0,102352,1,2,2022,1/1/2023,
5354,SYNTHETIC COMPANY 02353,SYNTHETIC SITE 02353,,1 Example Way,Nowhere,ZZ,00000,4841,SYNTHETIC INDUSTRY,105,192060,1,0,6,1,3,42,4,10,0,0,0,0,0,102353,1,2,2022,1/1/2023,
5355,SYNTHETIC COMPANY 02354,SYNTHETIC SITE 02354,,1 Example Way,Nowhere,ZZ,00000,3328,SYNTHETIC INDUSTRY,206,329159,1,0,3,2,2,21,8,7,0,0,0,0,0,102354,1,2,2022,1/1/2023,
5356,SYNTHETIC COMPANY 02355,SYNTHETIC SITE 02355,,1 Example Way,Nowhere,ZZ,00000,3252,SYNTHETIC INDUSTRY,58,87914,1,0,1,0,2,7,0,3,0,0,0,0,0,102355,1,2,2022,1/1/2023,
5357,SYNTHETIC COMPANY 02356,SYNTHETIC SITE 02356,,1 Example Way,Nowhere,ZZ,00000,3115,SYNTHETIC INDUSTRY,101,185955,2,0,0,0,0,0,0,0,0,0,0,0,0,102356,1,2,2022,1/1/2023,
5358,SYNTHETIC COMPANY 02357,SYNTHETIC SITE 02357,,1 Example Way,Nowhere,ZZ,00000,3115,SYNTHETIC INDUSTRY,117,233819,1,0,1,1,3,7,4,5,0,0,0,0,0,102357,1,2,2022,1/1/2023,
5359,SYNTHETIC COMPANY 02358,SYNTHETIC SITE 02358,,1 Example Way,Nowhere,ZZ,00000,3252,SYNTHETIC INDUSTRY,174,394183,1,0,0,0,5,0,0,5,0,0,0,0,0,102358,1,2,2022,1/1/2023,
5360,SYNTHETIC COMPANY 02359,SYNTHETIC SITE 02359,,1 Example Way,Nowhere,ZZ,00000,6221,SYNTHETIC INDUSTRY,54,88464,2,0,0,0,0,0,0,0,0,0,0,0,0,102359,1,2,2022,1/1/2023,
5361,SYNTHETIC COMPANY 02360,SYNTHETIC SITE 02360,,1 Example Way,Nowhere,ZZ,00000,2361,SYNTHETIC INDUSTRY,88,219955,2,0,0,0,0,0,0,0,0,0,0,0,0,102360,1,2,2022,1/1/2023,
5362,SYNTHETIC COMPANY 02361,SYNTHETIC SITE 02361,,1 Example Way,Nowhere,ZZ,00000,4451,SYNTHETIC INDUSTRY,416,758653,2,0,0,0,0,0,0,0,0,0,0,0,0,102361,1,2,2022,1/1/2023,
5363,SYNTHETIC COMPANY 02362,SYNTHETIC SITE 02362,,1 Example Way,Nowhere,ZZ,00000,3251,SYNTHETIC INDUSTRY,346,855975,1,0,5,4,9,35,16,18,0,0,0,0,0,102362,1,2,2022,1/1/2023,
5364,SYNTHETIC COMPANY 02363,SYNTHETIC SITE 02363,,1 Example Way,Nowhere,ZZ,00000,3328,SYNTHETIC INDUSTRY,50,126748,1,0,0,1,0,0,4,1,0,0,0,0,0,102363,1,2,2022,1/1/2023,
5365,SYNTHETIC COMPANY 02364,SYNTHETIC SITE 02364,,1 Example Way,Nowhere,ZZ,00000,2361,SYNTHETIC INDUSTRY,114,179214,2,0,0,0,0,0,0,0,0,0,0,0,0,102364,1,2,2022,1/1/2023,
5366,SYNTHETIC COMPANY 02365,SYNTHETIC SITE 02365,,1 Example Way,Nowhere,ZZ,00000,4451,SYNTHETIC INDUSTRY,87,167319,2,0,0,0,0,0,0,0,0,0,0,0,0,102365,1,2,2022,1/1/2023,
5367,SYNTHETIC COMPANY 02366,SYNTHETIC SITE 02366,,1 Example Way,Nowhere,ZZ,00000,3115,SYNTHETIC INDUSTRY,78,129896,2,0,0,0,0,0,0,0,0,0,0,0,0,102366,1,2,2022,1/1/2023,
5368,SYNTHETIC COMPANY 02367,SYNTHETIC SITE 02367,,1 Example Way,Nowhere,ZZ,00000,3115,SYNTHETIC INDUSTRY,72,116333,1,0,3,3,4,21,12,10,0,0,0,0,0,102367,1,2,2022,1/1/2023,
5369,SYNTHETIC COMPANY 02368,SYNTHETIC SITE 02368,,1 Example Way,Nowhere,ZZ,00000,3252,SYNTHETIC INDUSTRY,44,71378,1,0,0,0,1,0,0,1,0,0,0,0,0,102368,1,2,2022,1/1/2023,
5370,SYNTHETIC COMPANY 02369,SYNTHETIC SITE 02369,,1 Example Way,Nowhere,ZZ,00000,3252,SYNTHETIC INDUSTRY,169,303545,1,0,2,1,3,14,4,6,0,0,0,0,0,102369,1,2,2022,1/1/2023,
5371,SYNTHETIC COMPANY 02370,SYNTHETIC SITE 02370,,1 Example Way,Nowhere,ZZ,00000,3251,SYNTHETIC INDUSTRY,24,53360,1,0,1,0,0,7,0,1,0,0,0,0,0,102370,1,2,2022,1/1/2023,
5372,SYNTHETIC COMPANY 02371,SYNTHETIC SITE 02371,,1 Example Way,Nowhere,ZZ,00000,3328,SYNTHETIC INDUSTRY,24,44636,2,0,0,0,0,0,0,0,0,0,0,0,0,102371,1,2,2022,1/1/2023,
5373,SYNTHETIC COMPANY 02372,SYNTHETIC SITE 02372,,1 Example Way,Nowhere,ZZ,00000,3252,SYNTHETIC INDUSTRY,52,105156,2,0,0,0,0,0,0,0,0,0,0,0,0,102372,1,2,2022,1/1/2023,
5374,SYNTHETIC COMPANY 02373,SYNTHETIC SITE 02373,,1 Example Way,Nowhere,ZZ,00000,4451,SYNTHETIC INDUSTRY,183,337493,2,0,0,0,0,0,0,0,0,0,0,0,0,102373,1,2,2022,1/1/2023,
5375,SYNTHETIC COMPANY 02374,SYNTHETIC SITE 02374,,1 Example Way,Nowhere,ZZ,00000,3328,SYNTHETIC INDUSTRY,100,193293,1,0,4,5,4,28,20,13,0,0,0,0,0,102374,1,2,2022,1/1/2023,
5376,SYNTHETIC COMPANY 02375,SYNTHETIC SITE 02375,,1 Example Way,Nowhere,ZZ,00000,4451,SYNTHETIC INDUSTRY,38,71275,1,0,0,1,0,0,4,1,0,0,0,0,0,102375,1,2,2022,1/1/2023,
5377,SYNTHETIC COMPANY 02376,SYNTHETIC SITE 02376,,1 Example Way,Nowhere,ZZ,00000,2361,SYNTHETIC INDUSTRY,107,185419,1,0,1,0,0,7,0,1,0,0,0,0,0,102376,1,2,2022,1/1/2023,
5378,SYNTHETIC COMPANY 02377,SYNTHETIC SITE 02377,,1 Example Way,Nowhere,ZZ,00000,3251,SYNTHETIC INDUSTRY,213,356032,2,0,0,0,0,0,0,0,0,0,0,0,0,102377,1,2,2022,1/1/2023,
5379,SYNTHETIC COMPANY 02378,SYNTHETIC SITE 02378,,1 Example Way,Nowhere,ZZ,00000,6221,SYNTHETIC INDUSTRY,29,35498,2,0,0,0,0,0,0,0,0,0,0,0,0,102378,1,2,2022,1/1/2023,
5380,SYNTHETIC COMPANY 02379,SYNTHETIC SITE 02379,,1 Example Way,Nowhere,ZZ,00000,4451,SYNTHETIC INDUSTRY,15,29328,2,0,0,0,0,0,0,0,0,0,0,0,0,102379,1,2,2022,1/1/2023,
5381,SYNTHETIC COMPANY 02380,SYNTHETIC SITE 02380,,1 Example Way,Nowhere,ZZ,00000,3252,SYNTHETIC INDUSTRY,94,180326,1,0,1,0,3,7,0,4,0,0,0,0,0,102380,1,2,2022,1/1/2023,
5382,SYNTHETIC COMPANY 02381,SYNTHETIC SITE 02381,,1 Example Way,Nowhere,ZZ,00000,3328,SYNTHETIC INDUSTRY,33,54998,2,0,0,0,0,0,0,0,0,0,0,0,0,102381,1,2,2022,1/1/2023,
5383,SYNTHETIC COMPANY 02382,SYNTHETIC SITE 02382,,1 Example Way,Nowhere,ZZ,00000,3251,SYNTHETIC INDUSTRY,19,31008,2,0,0,0,0,0,0,0,0,0,0,0,0,102382,1,2,2022,1/1/2023,
5384,SYNTHETIC COMPANY 02383,SYNTHETIC SITE 02383,,1 Example Way,Nowhere,ZZ,00000,3115,SYNTHETIC INDUSTRY,136,176249,2,0,0,0,0,0,0,0,0,0,0,0,0,102383,1,2,2022,1/1/2023,
5385,SYNTHETIC COMPANY 02384,SYNTHETIC SITE 02384,,1 Example Way,Nowhere,ZZ,00000,6221,SYNTHETIC INDUSTRY,77,137627,1,0,0,0,2,0,0,2,0,0,0,0,0,102384,1,2,2022,1/1/2023,
5386,SYNTHETIC COMPANY 02385,SYNTHETIC SITE 02385,,1 Example Way,Nowhere,ZZ,00000,4451,SYNTHETIC INDUSTRY,60,121281,1,0,1,1,1,7,4,3,0,0,0,0,0,102385,1,2,2022,1/1/2023,
5387,SYNTHETIC COMPANY 02386,SYNTHETIC SITE 02386,,1 Example Way,Nowhere,ZZ,00000,4841,SYNTHETIC INDUSTRY,53,96898,1,0,1,0,0,7,0,1,0,0,0,0,0,102386,1,2,2022,1/1/2023,
5388,SYNTHETIC COMPANY 02387,SYNTHETIC SITE 02387,,1 Example Way,Nowhere,ZZ,00000,3115,SYNTHETIC INDUSTRY,18,29741,2,0,0,0,0,0,0,0,0,0,0,0,0,102387,1,2,2022,1/1/2023,
5389,SYNTHETIC COMPANY 02388,SYNTHETIC SITE 02388,,1 Example Way,Nowhere,ZZ,00000,2361,SYNTHETIC INDUSTRY,99,248552,1,0,2,4,3,14,16,9,0,0,0,0,0,102388,1,2,2022,1/1/2023,
5390,SYNTHETIC COMPANY 02389,SYNTHETIC SITE 02389,,1 Example Way,Nowhere,ZZ,00000,4451,SYNTHETIC INDUSTRY,60,111660,1,0,1,2,1,7,8,4,0,0,0,0,0,102389,1,2,2022,1/1/2023,
5391,SYNTHETIC COMPANY 02390,SYNTHETIC SITE 02390,,1 Example Way,Nowhere,ZZ,00000,2361,SYNTHETIC INDUSTRY,132,227264,1,0,3,0,2,21,0,5,0,0,0,0,0,102390,1,2,2022,1/1/2023,
5392,SYNTHETIC COMPANY 02391,SYNTHETIC SITE 02391,,1 Example Way,Nowhere,ZZ,00000,3328,SYNTHETIC INDUSTRY,5,8693,2,0,0,0,0,0,0,0,0,0,0,0,0,102391,1,2,2022,1/1/2023,
5393,SYNTHETIC COMPANY 02392,SYNTHETIC SITE 02392,,1 Example Way,Nowhere,ZZ,00000,3252,SYNTHETIC INDUSTRY,16,25335,2,0,0,0,0,0,0,0,0,0,0,0,0,102392,1,2,2022,1/1/2023,
5394,SYNTHETIC COMPANY 02393,SYNTHETIC SITE 02393,,1 Example Way,Nowhere,ZZ,00000,3251,SYNTHETIC INDUSTRY,25,38014,2,0,0,0,0,0,0,0,0,0,0,0,0,102393,1,2,2022,1/1/2023,
5395,SYNTHETIC COMPANY 02394,SYNTHETIC SITE 02394,,1 Example Way,Nowhere,ZZ,00000,4451,SYNTHETIC INDUSTRY,125,227747,2,0,0,0,0,0,0,0,0,0,0,0,0,102394,1,2,2022,1/1/2023,
5396,SYNTHETIC COMPANY 02395,SYNTHETIC SITE 02395,,1 Example Way,Nowhere,ZZ,00000,3328,SYNTHETIC INDUSTRY,41,73389,1,0,0,0,2,0,0,2,0,0,0,0,0,102395,1,2,2022,1/1/2023,
5397,SYNTHETIC COMPANY 02396,SYNTHETIC SITE 02396,,1 Example Way,Nowhere,ZZ,00000,6221,SYNTHETIC INDUSTRY,72,99810,1,0,4,0,6,28,0,10,0,0,0,0,0,102396,1,2,2022,1/1/2023,
5398,SYNTHETIC COMPANY 02397,SYNTHETIC SITE 02397,,1 Example Way,Nowhere,ZZ,00000,3251,SYNTHETIC INDUSTRY,154,346544,2,0,0,0,0,0,0,0,0,0,0,0,0,102397,1,2,2022,1/1/2023,
5399,SYNTHETIC COMPANY 02398,SYNTHETIC SITE 02398,,1 Example Way,Nowhere,ZZ,00000,2361,SYNTHETIC INDUSTRY,45,85870,2,0,0,0,0,0,0,0,0,0,0,0,0,102398,1,2,2022,1/1/2023,
5400,SYNTHETIC COMPANY 02399,SYNTHETIC SITE 02399,,1 Example Way,Nowhere,ZZ,00000,6221,SYNTHETIC INDUSTRY,8,13642,1,0,0,0,1,0,0,1,0,0,0,0,0,102399,1,2,2022,1/1/2023,
5401,SYNTHETIC COMPANY 02400,SYNTHETIC SITE 02400,,1 Example Way,Nowhere,ZZ,00000,3328,SYNTHETIC INDUSTRY,102,229755,2,0,0,0,0,0,0,0,0,0,0,0,0,102400,1,2,2022,1/1/2023,
5402,SYNTHETIC COMPANY 02401,SYNTHETIC SITE 02401,,1 Example Way,Nowhere,ZZ,00000,3115,SYNTHETIC INDUSTRY,38,73392,1,0,1,0,0,7,0,1,0,0,0,0,0,102401,1,2,2022,1/1/2023,
5403,SYNTHETIC COMPANY 02402,SYNTHETIC SITE 02402,,1 Example Way,Nowhere,ZZ,00000,3251,SYNTHETIC INDUSTRY,140,223280,2,0,0,0,0,0,0,0,0,0,0,0,0,102402,1,2,2022,1/1/2023,
5404,SYNTHETIC COMPANY 02403,SYNTHETIC SITE 02403,,1 Example Way,Nowhere,ZZ,00000,4841,SYNTHETIC INDUSTRY,54,120384,1,0,5,0,5,35,0,10,0,0,0,0,0,102403,1,2,2022,1/1/2023,
5405,SYNTHETIC COMPANY 02404,SYNTHETIC SITE 02404,,1 Example Way,Nowhere,ZZ,00000,3252,SYNTHETIC INDUSTRY,225,344133,2,0,0,0,0,0,0,0,0,0,0,0,0,102404,1,2,2022,1/1/2023,
5406,SYNTHETIC COMPANY 02405,SYNTHETIC SITE 02405,,1 Example Way,Nowhere,ZZ,00000,4841,SYNTHETIC INDUSTRY,32,61631,1,0,1,0,4,7,0,5,0,0,0,0,0,102405,1,2,2022,1/1/2023,
5407,SYNTHETIC COMPANY 02406,SYNTHETIC SITE 02406,,1 Example Way,Nowhere,ZZ,00000,4841,SYNTHETIC INDUSTRY,87,171802,2,0,0,0,0,0,0,0,0,0,0,0,0,102406,1,2,2022,1/1/2023,
5408,SYNTHETIC COMPANY 02407,SYNTHETIC SITE 02407,,1 Example Way,Nowhere,ZZ,00000,3252,SYNTHETIC INDUSTRY,69,149642,2,0,0,0,0,0,0,0,0,0,0,0,0,102407,1,2,2022,1/1/2023,
5409,SYNTHETIC COMPANY 02408,SYNTHETIC SITE 02408,,1 Example Way,Nowhere,ZZ,00000,3251,SYNTHETIC INDUSTRY,3,6628,1,0,0,0,1,0,0,1,0,0,0,0,0,102408,1,2,2022,1/1/2023,
5410,SYNTHETIC COMPANY 02409,SYNTHETIC SITE 02409,,1 Example Way,Nowhere,ZZ,00000,3251,SYNTHETIC INDUSTRY,31,73915,1,0,0,0,1,0,0,1,0,0,0,0,0,102409,1,2,2022,1/1/2023,
5411,SYNTHETIC COMPANY 02410,SYNTHETIC SITE 02410,,1 Example Way,Nowhere,ZZ,00000,3251,SYNTHETIC INDUSTRY,209,384221,1,0,3,1,5,21,4,9,0,0,0,0,0,102410,1,2,2022,1/1/2023,
5412,SYNTHETIC COMPANY 02411,SYNTHETIC SITE 02411,,1 Example Way,Nowhere,ZZ,00000,3115,SYNTHETIC INDUSTRY,30,41462,2,0,0,0,0,0,0,0,0,0,0,0,0,102411,1,2,2022,1/1/2023,
5413,SYNTHETIC COMPANY 02412,SYNTHETIC SITE 02412,,1 Example Way,Nowhere,ZZ,00000,3328,SYNTHETIC INDUSTRY,15,26584,2,0,0,0,0,0,0,0,0,0,0,0,0,102412,1,2,2022,1/1/2023,
5414,SYNTHETIC COMPANY 02413,SYNTHETIC SITE 02413,,1 Example Way,Nowhere,ZZ,00000,4841,SYNTHETIC INDUSTRY,9,17346,1,0,1,1,1,7,4,3,0,0,0,0,0,102413,1,2,2022,1/1/2023,
5415,SYNTHETIC COMPANY 02414,SYNTHETIC SITE 02414,,1 Example Way,Nowhere,ZZ,00000,6221,SYNTHETIC INDUSTRY,59,133742,1,0,3,1,2,21,4,6,0,0,0,0,0,102414,1,2,2022,1/1/2023,
5416,SYNTHETIC COMPANY 02415,SYNTHETIC SITE 02415,,1 Example Way,Nowhere,ZZ,00000,6221,SYNTHETIC INDUSTRY,25,41892,2,0,0,0,0,0,0,0,0,0,0,0,0,102415,1,2,2022,1/1/2023,
5417,SYNTHETIC COMPANY 02416,SYNTHETIC SITE 02416,,1 Example Way,Nowhere,ZZ,00000,4841,SYNTHETIC INDUSTRY,12,19872,2,0,0,0,0,0,0,0,0,0,0,0,0,102416,1,2,2022,1/1/2023,
5418,SYNTHETIC COMPANY 02417,SYNTHETIC SITE 02417,,1 Example Way,Nowhere,ZZ,00000,3328,SYNTHETIC INDUSTRY,12,24281,2,0,0,0,0,0,0,0,0,0,0,0,0,102417,1,2,2022,1/1/2023,
5419,SYNTHETIC COMPANY 02418,SYNTHETIC SITE 02418,,1 Example Way,Nowhere,ZZ,00000,4841,SYNTHETIC INDUSTRY,71,121986,1,0,5,4,5,35,16,14,0,0,0,0,0,102418,1,2,2022,1/1/2023,
5420,SYNTHETIC COMPANY 02419,SYNTHETIC SITE 02419,,1 Example Way,Nowhere,ZZ,00000,3252,SYNTHETIC INDUSTRY,29,55801,1,0,1,0,0,7,0,1,0,0,0,0,0,102419,1,2,2022,1/1/2023,
5421,SYNTHETIC COMPANY 02420,SYNTHETIC SITE 02420,,1 Example Way,Nowhere,ZZ,00000,3328,SYNTHETIC INDUSTRY,435,866999,1,0,1,0,3,7,0,4,0,0,0,0,0,102420,1,2,2022,1/1/2023,
5422,SYNTHETIC COMPANY 02421,SYNTHETIC SITE 02421,,1 Example Way,Nowhere,ZZ,00000,4451,SYNTHETIC INDUSTRY,55,115479,1,0,0,1,0,0,4,1,0,0,0,0,0,102421,1,2,2022,1/1/2023,
5423,SYNTHETIC COMPANY 02422,SYNTHETIC SITE 02422,,1 Example Way,Nowhere,ZZ,00000,3251,SYNTHETIC INDUSTRY,22,37727,1,0,0,1,0,0,4,1,0,0,0,0,0,102422,1,2,2022,1/1/2023,
5424,SYNTHETIC COMPANY 02423,SYNTHETIC SITE 02423,,1 Example Way,Nowhere,ZZ,00000,3252,SYNTHETIC INDUSTRY,1,1692,2,0,0,0,0,0,0,0,0,0,0,0,0,102423,1,2,2022,1/1/2023,
5425,SYNTHETIC COMPANY 02424,SYNTHETIC SITE 02424,,1 Example Way,Nowhere,ZZ,00000,3252,SYNTHETIC INDUSTRY,241,547613,1,0,2,0,0,14,0,2,0,0,0,0,0,102424,1,2,2022,1/1/2023,
5426,SYNTHETIC COMPANY 02425,SYNTHETIC SITE 02425,,1 Example Way,Nowhere,ZZ,00000,3115,SYNTHETIC INDUSTRY,39,84568,2,0,0,0,0,0,0,0,0,0,0,0,0,102425,1,2,2022,1/1/2023,
5427,SYNTHETIC COMPANY 02426,SYNTHETIC SITE 02426,,1 Example Way,Nowhere,ZZ,00000,3328,SYNTHETIC INDUSTRY,18,31237,2,0,0,0,0,0,0,0,0,0,0,0,0,102426,1,2,2022,1/1/2023,
5428,SYNTHETIC COMPANY 02427,SYNTHETIC SITE 02427,,1 Example Way,Nowhere,ZZ,00000,6221,SYNTHETIC INDUSTRY,13,26035,2,0,0,0,0,0,0,0,0,0,0,0,0,102427,1,2,2022,1/1/2023,
5429,SYNTHETIC COMPANY 02428,SYNTHETIC SITE 02428,,1 Example Way,Nowhere,ZZ,00000,4451,SYNTHETIC INDUSTRY,12,26054,2,0,0,0,0,0,0,0,0,0,0,0,0,102428,1,2,2022,1/1/2023,
5430,SYNTHETIC COMPANY 02429,SYNTHETIC SITE 02429,,1 Example Way,Nowhere,ZZ,00000,3328,SYNTHETIC INDUSTRY,46,89354,2,0,0,0,0,0,0,0,0,0,0,0,0,102429,1,2,2022,1/1/2023,
5431,SYNTHETIC COMPANY 02430,SYNTHETIC SITE 02430,,1 Example Way,Nowhere,ZZ,00000,3328,SYNTHETIC INDUSTRY,5,7481,2,0,0,0,0,0,0,0,0,0,0,0,0,102430,1,2,2022,1/1/2023,
5432,SYNTHETIC COMPANY 02431,SYNTHETIC SITE 02431,,1 Example Way,Nowhere,ZZ,00000,3252,SYNTHETIC INDUSTRY,12,23888,2,0,0,0,0,0,0,0,0,0,0,0,0,102431,1,2,2022,1/1/2023,
5433,SYNTHETIC COMPANY 02432,SYNTHETIC SITE 02432,,1 Example Way,Nowhere,ZZ,00000,6221,SYNTHETIC INDUSTRY,477,892488,1,0,21,12,22,147,48,55,0,0,0,0,0,102432,1,2,2022,1/1/2023,
5434,SYNTHETIC COMPANY 02433,SYNTHETIC SITE 02433,,1 Example Way,Nowhere,ZZ,00000,2361,SYNTHETIC INDUSTRY,15,29784,2,0,0,0,0,0,0,0,0,0,0,0,0,102433,1,2,2022,1/1/2023,
5435,SYNTHETIC COMPANY 02434,SYNTHETIC SITE 02434,,1 Example Way,Nowhere,ZZ,00000,2361,SYNTHETIC INDUSTRY,114,259932,1,0,2,1,2,14,4,5,0,0,0,0,0,102434,1,2,2022,1/1/2023,
5436,SYNTHETIC COMPANY 02435,SYNTHETIC SITE 02435,,1 Example Way,Nowhere,ZZ,00000,3115,SYNTHETIC INDUSTRY,66,125278,2,0,0,0,0,0,0,0,0,0,0,0,0,102435,1,2,2022,1/1/2023,
5437,SYNTHETIC COMPANY 02436,SYNTHETIC SITE 02436,,1 Example Way,Nowhere,ZZ,00000,6221,SYNTHETIC INDUSTRY,275,486225,1,0,2,2,3,14,8,7,0,0,0,0,0,102436,1,2,2022,1/1/2023,
5438,SYNTHETIC COMPANY 02437,SYNTHETIC SITE 02437,,1 Example Way,Nowhere,ZZ,00000,2361,SYNTHETIC INDUSTRY,26,45118,1,0,5,0,1,35,0,6,0,0,0,0,0,102437,1,2,2022,1/1/2023,
5439,SYNTHETIC COMPANY 02438,SYNTHETIC SITE 02438,,1 Example Way,Nowhere,ZZ,00000,2361,SYNTHETIC INDUSTRY,74,145639,1,0,1,1,1,7,4,3,0,0,0,0,0,102438,1,2,2022,1/1/2023,
5440,SYNTHETIC COMPANY 02439,SYNTHETIC SITE 02439,,1 Example Way,Nowhere,ZZ,00000,3328,SYNTHETIC INDUSTRY,172,371441,1,0,2,1,4,14,4,7,0,0,0,0,0,102439,1,2,2022,1/1/2023,
5441,SYNTHETIC COMPANY 02440,SYNTHETIC SITE 02440,,1 Example Way,Nowhere,ZZ,00000,6221,SYNTHETIC INDUSTRY,54,100517,1,0,0,0,2,0,0,2,0,0,0,0,0,102440,1,2,2022,1/1/2023,
5442,SYNTHETIC COMPANY 02441,SYNTHETIC SITE 02441,,1 Example Way,Nowhere,ZZ,00000,4841,SYNTHETIC INDUSTRY,48,71707,2,0,0,0,0,0,0,0,0,0,0,0,0,102441,1,2,2022,1/1/2023,
5443,SYNTHETIC COMPANY 02442,SYNTHETIC SITE 02442,,1 Example Way,Nowhere,ZZ,00000,6221,SYNTHETIC INDUSTRY,47,84515,1,0,0,0,1,0,0,1,0,0,0,0,0,102442,1,2,2022,1/1/2023,
5444,SYNTHETIC COMPANY 02443,SYNTHETIC SITE 02443,,1 Example Way,Nowhere,ZZ,00000,3252,SYNTHETIC INDUSTRY,19,41306,2,0,0,0,0,0,0,0,0,0,0,0,0,102443,1,2,2022,1/1/2023,
5445,SYNTHETIC COMPANY 02444,SYNTHETIC SITE 02444,,1 Example Way,Nowhere,ZZ,00000,3328,SYNTHETIC INDUSTRY,38,72559,1,0,0,1,0,0,4,1,0,0,0,0,0,102444,1,2,2022,1/1/2023,
5446,SYNTHETIC COMPANY 02445,SYNTHETIC SITE 02445,,1 Example Way,Nowhere,ZZ,00000,4451,SYNTHETIC INDUSTRY,98,181908,2,0,0,0,0,0,0,0,0,0,0,0,0,102445,1,2,2022,1/1/2023,
5447,SYNTHETIC COMPANY 02446,SYNTHETIC SITE 02446,,1 Example Way,Nowhere,ZZ,00000,3251,SYNTHETIC INDUSTRY,31,58491,2,0,0,0,0,0,0,0,0,0,0,0,0,102446,1,2,2022,1/1/2023,
5448,SYNTHETIC COMPANY 02447,SYNTHETIC SITE 02447,,1 Example Way,Nowhere,ZZ,00000,2361,SYNTHETIC INDUSTRY,24,41163,2,0,0,0,0,0,0,0,0,0,0,0,0,102447,1,2,2022,1/1/2023,
5449,SYNTHETIC COMPANY 02448,SYNTHETIC SITE 02448,,1 Example Way,Nowhere,ZZ,00000,2361,SYNTHETIC INDUSTRY,66,138454,1,0,1,0,0,7,0,1,0,0,0,0,0,102448,1,2,2022,1/1/2023,
5450,SYNTHETIC COMPANY 02449,SYNTHETIC SITE 02449,,1 Example Way,Nowhere,ZZ,00000,3251,SYNTHETIC INDUSTRY,49,85649,1,0,1,0,3,7,0,4,0,0,0,0,0,102449,1,2,2022,1/1/2023,
5451,SYNTHETIC COMPANY 02450,SYNTHETIC SITE 02450,,1 Example Way,Nowhere,ZZ,00000,3328,SYNTHETIC INDUSTRY,8,16102,2,0,0,0,0,0,0,0,0,0,0,0,0,102450,1,2,2022,1/1/2023,
5452,SYNTHETIC COMPANY 02451,SYNTHETIC SITE 02451,,1 Example Way,Nowhere,ZZ,00000,3328,SYNTHETIC INDUSTRY,10,20171,2,0,0,0,0,0,0,0,0,0,0,0,0,102451,1,2,2022,1/1/2023,
5453,SYNTHETIC COMPANY 02452,SYNTHETIC SITE 02452,,1 Example Way,Nowhere,ZZ,00000,2361,SYNTHETIC INDUSTRY,77,135601,1,0,1,0,3,7,0,4,0,0,0,0,0,102452,1,2,2022,1/1/2023,
5454,SYNTHETIC COMPANY 02453,SYNTHETIC SITE 02453,,1 Example Way,Nowhere,ZZ,00000,3115,SYNTHETIC INDUSTRY,20,37489,2,0,0,0,0,0,0,0,0,0,0,0,0,102453,1,2,2022,1/1/2023,
5455,SYNTHETIC COMPANY 02454,SYNTHETIC SITE 02454,,1 Example Way,Nowhere,ZZ,00000,3252,SYNTHETIC INDUSTRY,53,95216,1,0,0,0,3,0,0,3,0,0,0,0,0,102454,1,2,2022,1/1/2023,
5456,SYNTHETIC COMPANY 02455,SYNTHETIC SITE 02455,,1 Example Way,Nowhere,ZZ,00000,3252,SYNTHETIC INDUSTRY,57,97101,2,0,0,0,0,0,0,0,0,0,0,0,0,102455,1,2,2022,1/1/2023,
5457,SYNTHETIC COMPANY 02456,SYNTHETIC SITE 02456,,1 Example Way,Nowhere,ZZ,00000,3251,SYNTHETIC INDUSTRY,33,53290,2,0,0,0,0,0,0,0,0,0,0,0,0,102456,1,2,2022,1/1/2023,
5458,SYNTHETIC COMPANY 02457,SYNTHETIC SITE 02457,,1 Example Way,Nowhere,ZZ,00000,4841,SYNTHETIC INDUSTRY,7,11963,2,0,0,0,0,0,0,0,0,0,0,0,0,102457,1,2,2022,1/1/2023,
5459,SYNTHETIC COMPANY 02458,SYNTHETIC SITE 02458,,1 Example Way,Nowhere,ZZ,00000,3252,SYNTHETIC INDUSTRY,30,54780,2,0,0,0,0,0,0,0,0,0,0,0,0,102458,1,2,2022,1/1/2023,
5460,SYNTHETIC COMPANY 02459,SYNTHETIC SITE 02459,,1 Example Way,Nowhere,ZZ,00000,3115,SYNTHETIC INDUSTRY,300,647547,2,0,0,0,0,0,0,0,0,0,0,0,0,102459,1,2,2022,1/1/2023,
5461,SYNTHETIC COMPANY 02460,SYNTHETIC SITE 02460,,1 Example Way,Nowhere,ZZ,00000,2361,SYNTHETIC INDUSTRY,49,76955,1,0,1,0,1,7,0,2,0,0,0,0,0,102460,1,2,2022,1/1/2023,
5462,SYNTHETIC COMPANY 02461,SYNTHETIC SITE 02461,,1 Example Way,Nowhere,ZZ,00000,4841,SYNTHETIC INDUSTRY,29,55824,1,0,2,1,1,14,4,4,0,0,0,0,0,102461,1,2,2022,1/1/2023,
5463,SYNTHETIC COMPANY 02462,SYNTHETIC SITE 02462,,1 Example Way,Nowhere,ZZ,00000,2361,SYNTHETIC INDUSTRY,103,155851,1,0,2,0,0,14,0,2,0,0,0,0,0,102462,1,2,2022,1/1/2023,
5464,SYNTHETIC COMPANY 02463,SYNTHETIC SITE 02463,,1 Example Way,Nowhere,ZZ,00000,3251,SYNTHETIC INDUSTRY,118,218155,2,0,0,0,0,0,0,0,0,0,0,0,0,102463,1,2,2022,1/1/2023,
5465,SYNTHETIC COMPANY 02464,SYNTHETIC SITE 02464,,1 Example Way,Nowhere,ZZ,00000,6221,SYNTHETIC INDUSTRY,140,194043,2,0,0,0,0,0,0,0,0,0,0,0,0,102464,1,2,2022,1/1/2023,
5466,SYNTHETIC COMPANY 02465,SYNTHETIC SITE 02465,,1 Example Way,Nowhere,ZZ,00000,3252,SYNTHETIC INDUSTRY,382,760231,1,0,16,7,11,112,28,34,0,0,0,0,0,102465,1,2,2022,1/1/2023,
5467,SYNTHETIC COMPANY 02466,SYNTHETIC SITE 02466,,1 Example Way,Nowhere,ZZ,00000,3251,SYNTHETIC INDUSTRY,63,96365,1,0,0,0,2,0,0,2,0,0,0,0,0,102466,1,2,2022,1/1/2023,
5468,SYNTHETIC COMPANY 02467,SYNTHETIC SITE 02467,,1 Example Way,Nowhere,ZZ,00000,4841,SYNTHETIC INDUSTRY,147,257726,1,0,1,1,1,7,4,3,0,0,0,0,0,102467,1,2,2022,1/1/2023,
5469,SYNTHETIC COMPANY 02468,SYNTHETIC SITE 02468,,1 Example Way,Nowhere,ZZ,00000,3252,SYNTHETIC INDUSTRY,21,455230,2,0,0,0,0,0,0,0,0,0,0,0,0,102468,1,2,2022,1/1/2023,
5470,SYNTHETIC COMPANY 02469,SYNTHETIC SITE 02469,,1 Example Way,Nowhere,ZZ,00000,3251,SYNTHETIC INDUSTRY,31,52569,2,0,0,0,0,0,0,0,0,0,0,0,0,102469,1,2,2022,1/1/2023,
5471,SYNTHETIC COMPANY 02470,SYNTHETIC SITE 02470,,1 Example Way,Nowhere,ZZ,00000,3328,SYNTHETIC INDUSTRY,23,38151,2,0,0,0,0,0,0,0,0,0,0,0,0,102470,1,2,2022,1/1/2023,
5472,SYNTHETIC COMPANY 02471,SYNTHETIC SITE 02471,,1 Example Way,Nowhere,ZZ,00000,3252,SYNTHETIC INDUSTRY,49,104121,1,0,1,3,5,7,12,9,0,0,0,0,0,102471,1,2,2022,1/1/2023,
5473,SYNTHETIC COMPANY 02472,SYNTHETIC SITE 02472,,1 Example Way,Nowhere,ZZ,00000,3328,SYNTHETIC INDUSTRY,57,102082,1,0,0,0,1,0,0,1,0,0,0,0,0,102472,1,2,2022,1/1/2023,
5474,SYNTHETIC COMPANY 02473,SYNTHETIC SITE 02473,,1 Example Way,Nowhere,ZZ,00000,3328,SYNTHETIC INDUSTRY,50,103159,1,0,0,1,0,0,4,1,0,0,0,0,0,102473,1,2,2022,1/1/2023,
5475,SYNTHETIC COMPANY 02474,SYNTHETIC SITE 02474,,1 Example Way,Nowhere,ZZ,00000,4841,SYNTHETIC INDUSTRY,29,59584,1,0,0,0,1,0,0,1,0,0,0,0,0,102474,1,2,2022,1/1/2023,
5476,SYNTHETIC COMPANY 02475,SYNTHETIC SITE 02475,,1 Example Way,Nowhere,ZZ,00000,3328,SYNTHETIC INDUSTRY,11,15178,1,0,0,0,1,0,0,1,0,0,0,0,0,102475,1,2,2022,1/1/2023,
5477,SYNTHETIC COMPANY 02476,SYNTHETIC SITE 02476,,1 Example Way,Nowhere,ZZ,00000,2361,SYNTHETIC INDUSTRY,69,136976,2,0,0,0,0,0,0,0,0,0,0,0,0,102476,1,2,2022,1/1/2023,
5478,SYNTHETIC COMPANY 02477,SYNTHETIC SITE 02477,,1 Example Way,Nowhere,ZZ,00000,4451,SYNTHETIC INDUSTRY,33,73498,2,0,0,0,0,0,0,0,0,0,0,0,0,102477,1,2,2022,1/1/2023,
5479,SYNTHETIC COMPANY 02478,SYNTHETIC SITE 02478,,1 Example Way,Nowhere,ZZ,00000,3115,SYNTHETIC INDUSTRY,26,42782,1,0,3,2,2,21,8,7,0,0,0,0,0,102478,1,2,2022,1/1/2023,
5480,SYNTHETIC COMPANY 02479,SYNTHETIC SITE 02479,,1 Example Way,Nowhere,ZZ,00000,4451,SYNTHETIC INDUSTRY,27,58656,1,0,0,0,4,0,0,4,0,0,0,0,0,102479,1,2,2022,1/1/2023,
5481,SYNTHETIC COMPANY 02480,SYNTHETIC SITE 02480,,1 Example Way,Nowhere,ZZ,00000,3251,SYNTHETIC INDUSTRY,249,442401,2,0,0,0,0,0,0,0,0,0,0,0,0,102480,1,2,2022,1/1/2023,
5482,SYNTHETIC COMPANY 02481,SYNTHETIC SITE 02481,,1 Example Way,Nowhere,ZZ,00000,4451,SYNTHETIC INDUSTRY,322,568395,1,0,8,4,8,56,16,20,0,0,0,0,0,102481,1,2,2022,1/1/2023,
5483,SYNTHETIC COMPANY 02482,SYNTHETIC SITE 02482,,1 Example Way,Nowhere,ZZ,00000,3115,SYNTHETIC INDUSTRY,62,111494,1,0,1,1,4,7,4,6,0,0,0,0,0,102482,1,2,2022,1/1/2023,
5484,SYNTHETIC COMPANY 02483,SYNTHETIC SITE 02483,,1 Example Way,Nowhere,ZZ,00000,6221,SYNTHETIC INDUSTRY,25,46774,2,0,0,0,0,0,0,0,0,0,0,0,0,102483,1,2,2022,1/1/2023,
5485,SYNTHETIC COMPANY 02484,SYNTHETIC SITE 02484,,1 Example Way,Nowhere,ZZ,00000,3328,SYNTHETIC INDUSTRY,41,73279,2,0,0,0,0,0,0,0,0,0,0,0,0,102484,1,2,2022,1/1/2023,
5486,SYNTHETIC COMPANY 02485,SYNTHETIC SITE 02485,,1 Example Way,Nowhere,ZZ,00000,3115,SYNTHETIC INDUSTRY,12,18569,1,0,0,1,0,0,4,1,0,0,0,0,0,102485,1,2,2022,1/1/2023,
5487,SYNTHETIC COMPANY 02486,SYNTHETIC SITE 02486,,1 Example Way,Nowhere,ZZ,00000,4451,SYNTHETIC INDUSTRY,30,598400,1,0,1,0,0,7,0,1,0,0,0,0,0,102486,1,2,2022,1/1/2023,
5488,SYNTHETIC COMPANY 02487,SYNTHETIC SITE 02487,,1 Example Way,Nowhere,ZZ,00000,3328,SYNTHETIC INDUSTRY,12,20871,2,0,0,0,0,0,0,0,0,0,0,0,0,102487,1,2,2022,1/1/2023,
5489,SYNTHETIC COMPANY 02488,SYNTHETIC SITE 02488,,1 Example Way,Nowhere,ZZ,00000,4451,SYNTHETIC INDUSTRY,42,68342,1,0,0,1,0,0,4,1,0,0,0,0,0,102488,1,2,2022,1/1/2023,
5490,SYNTHETIC COMPANY 02489,SYNTHETIC SITE 02489,,1 Example Way,Nowhere,ZZ,00000,4451,SYNTHETIC INDUSTRY,109,162225,1,0,1,1,0,7,4,2,0,0,0,0,0,102489,1,2,2022,1/1/2023,
5491,SYNTHETIC COMPANY 02490,SYNTHETIC SITE 02490,,1 Example Way,Nowhere,ZZ,00000,3251,SYNTHETIC INDUSTRY,11,24434,2,0,0,0,0,0,0,0,0,0,0,0,0,102490,1,2,2022,1/1/2023,
5492,SYNTHETIC COMPANY 02491,SYNTHETIC SITE 02491,,1 Example Way,Nowhere,ZZ,00000,3115,SYNTHETIC INDUSTRY,115,250430,1,0,0,0,2,0,0,2,0,0,0,0,0,102491,1,2,2022,1/1/2023,
5493,SYNTHETIC COMPANY 02492,SYNTHETIC SITE 02492,,1 Example Way,Nowhere,ZZ,00000,3115,SYNTHETIC INDUSTRY,86,150011,1,0,0,0,1,0,0,1,0,0,0,0,0,102492,1,2,2022,1/1/2023,
5494,SYNTHETIC COMPANY 02493,SYNTHETIC SITE 02493,,1 Example Way,Nowhere,ZZ,00000,4451,SYNTHETIC INDUSTRY,265,552809,1,0,5,2,5,35,8,12,0,0,0,0,0,102493,1,2,2022,1/1/2023,
5495,SYNTHETIC COMPANY 02494,SYNTHETIC SITE 02494,,1 Example Way,Nowhere,ZZ,00000,4841,SYNTHETIC INDUSTRY,113,192528,1,0,1,1,1,7,4,3,0,0,0,0,0,102494,1,2,2022,1/1/2023,
5496,SYNTHETIC COMPANY 02495,SYNTHETIC SITE 02495,,1 Example Way,Nowhere,ZZ,00000,3328,SYNTHETIC INDUSTRY,186,311198,1,0,4,1,2,28,4,7,0,0,0,0,0,102495,1,2,2022,1/1/2023,
5497,SYNTHETIC COMPANY 02496,SYNTHETIC SITE 02496,,1 Example Way,Nowhere,ZZ,00000,3252,SYNTHETIC INDUSTRY,386,900490,1,0,10,11,9,70,44,30,0,0,0,0,0,102496,1,2,2022,1/1/2023,
5498,SYNTHETIC COMPANY 02497,SYNTHETIC SITE 02497,,1 Example Way,Nowhere,ZZ,00000,6221,SYNTHETIC INDUSTRY,28,50493,1,0,1,0,0,7,0,1,0,0,0,0,0,102497,1,2,2022,1/1/2023,
5499,SYNTHETIC COMPANY 02498,SYNTHETIC SITE 02498,,1 Example Way,Nowhere,ZZ,00000,3251,SYNTHETIC INDUSTRY,27,57409,1,0,5,1,1,35,4,7,0,0,0,0,0,102498,1,2,2022,1/1/2023,
5500,SYNTHETIC COMPANY 02499,SYNTHETIC SITE 02499,,1 Example Way,Nowhere,ZZ,00000,3115,SYNTHETIC INDUSTRY,4,7889,2,0,0,0,0,0,0,0,0,0,0,0,0,102499,1,2,2022,1/1/2023,
5501,SYNTHETIC COMPANY 02500,SYNTHETIC SITE 02500,,1 Example Way,Nowhere,ZZ,00000,3328,SYNTHETIC INDUSTRY,48,79485,2,0,0,0,0,0,0,0,0,0,0,0,0,102500,1,2,2022,1/1/2023,
5502,SYNTHETIC COMPANY 02501,SYNTHETIC SITE 02501,,1 Example Way,Nowhere,ZZ,00000,3252,SYNTHETIC INDUSTRY,196,285159,2,0,0,0,0,0,0,0,0,0,0,0,0,102501,1,2,2022,1/1/2023,
5503,SYNTHETIC COMPANY 02502,SYNTHETIC SITE 02502,,1 Example Way,Nowhere,ZZ,00000,3115,SYNTHETIC INDUSTRY,15,26861,2,0,0,0,0,0,0,0,0,0,0,0,0,102502,1,2,2022,1/1/2023,
5504,SYNTHETIC COMPANY 02503,SYNTHETIC SITE 02503,,1 Example Way,Nowhere,ZZ,00000,3251,SYNTHETIC INDUSTRY,147,206877,1,0,10,6,6,70,24,22,0,0,0,0,0,102503,1,2,2022,1/1/2023,
5505,SYNTHETIC COMPANY 02504,SYNTHETIC SITE 02504,,1 Example Way,Nowhere,ZZ,00000,3252,SYNTHETIC INDUSTRY,111,193341,1,0,1,0,0,7,0,1,0,0,0,0,0,102504,1,2,2022,1/1/2023,
5506,SYNTHETIC COMPANY 02505,SYNTHETIC SITE 02505,,1 Example Way,Nowhere,ZZ,00000,6221,SYNTHETIC INDUSTRY,794,912738,1,0,0,3,2,0,12,5,0,0,0,0,0,102505,1,2,2022,1/1/2023,
5507,SYNTHETIC COMPANY 02506,SYNTHETIC SITE 02506,,1 Example Way,Nowhere,ZZ,00000,3252,SYNTHETIC INDUSTRY,17,36104,2,0,0,0,0,0,0,0,0,0,0,0,0,102506,1,2,2022,1/1/2023,
5508,SYNTHETIC COMPANY 02507,SYNTHETIC SITE 02507,,1 Example Way,Nowhere,ZZ,00000,3251,SYNTHETIC INDUSTRY,36,45422,2,0,0,0,0,0,0,0,0,0,0,0,0,102507,1,2,2022,1/1/2023,
5509,SYNTHETIC COMPANY 02508,SYNTHETIC SITE 02508,,1 Example Way,Nowhere,ZZ,00000,3328,SYNTHETIC INDUSTRY,75,152003,1,0,2,1,3,14,4,6,0,0,0,0,0,102508,1,2,2022,1/1/2023,
5510,SYNTHETIC COMPANY 02509,SYNTHETIC SITE 02509,,1 Example Way,Nowhere,ZZ,00000,4841,SYNTHETIC INDUSTRY,57,102552,2,0,0,0,0,0,0,0,0,0,0,0,0,102509,1,2,2022,1/1/2023,
5511,SYNTHETIC COMPANY 02510,SYNTHETIC SITE 02510,,1 Example Way,Nowhere,ZZ,00000,3328,SYNTHETIC INDUSTRY,187,311670,1,0,3,1,1,21,4,5,0,0,0,0,0,102510,1,2,2022,1/1/2023,
5512,SYNTHETIC COMPANY 02511,SYNTHETIC SITE 02511,,1 Example Way,Nowhere,ZZ,00000,2361,SYNTHETIC INDUSTRY,23,38706,1,0,1,1,0,7,4,2,0,0,0,0,0,102511,1,2,2022,1/1/2023,
5513,SYNTHETIC COMPANY 02512,SYNTHETIC SITE 02512,,1 Example Way,Nowhere,ZZ,00000,4841,SYNTHETIC INDUSTRY,733,1352939,1,0,10,7,11,70,28,28,0,0,0,0,0,102512,1,2,2022,1/1/2023,
5514,SYNTHETIC COMPANY 02513,SYNTHETIC SITE 02513,,1 Example Way,Nowhere,ZZ,00000,3252,SYNTHETIC INDUSTRY,325,626042,1,0,1,0,3,7,0,4,0,0,0,0,0,102513,1,2,2022,1/1/2023,
5515,SYNTHETIC COMPANY 02514,SYNTHETIC SITE 02514,,1 Example Way,Nowhere,ZZ,00000,2361,SYNTHETIC INDUSTRY,17,43402,2,0,0,0,0,0,0,0,0,0,0,0,0,102514,1,2,2022,1/1/2023,
5516,SYNTHETIC COMPANY 02515,SYNTHETIC SITE 02515,,1 Example Way,Nowhere,ZZ,00000,4451,SYNTHETIC INDUSTRY,10,19974,2,0,0,0,0,0,0,0,0,0,0,0,0,102515,1,2,2022,1/1/2023,
5517,SYNTHETIC COMPANY 02516,SYNTHETIC SITE 02516,,1 Example Way,Nowhere,ZZ,00000,3252,SYNTHETIC INDUSTRY,47,73556,1,0,1,0,0,7,0,1,0,0,0,0,0,102516,1,2,2022,1/1/2023,
5518,SYNTHETIC COMPANY 02517,SYNTHETIC SITE 02517,,1 Example Way,Nowhere,ZZ,00000,3115,SYNTHETIC INDUSTRY,87,114378,1,0,0,0,3,0,0,3,0,0,0,0,0,102517,1,2,2022,1/1/2023,
5519,SYNTHETIC COMPANY 02518,SYNTHETIC SITE 02518,,1 Example Way,Nowhere,ZZ,00000,4451,SYNTHETIC INDUSTRY,5,8103,1,0,0,0,1,0,0,1,0,0,0,0,0,102518,1,2,2022,1/1/2023,
5520,SYNTHETIC COMPANY 02519,SYNTHETIC SITE 02519,,1 Example Way,Nowhere,ZZ,00000,2361,SYNTHETIC INDUSTRY,15,28192,1,0,0,0,1,0,0,1,0,0,0,0,0,102519,1,2,2022,1/1/2023,
5521,SYNTHETIC COMPANY 02520,SYNTHETIC SITE 02520,,1 Example Way,Nowhere,ZZ,00000,3251,SYNTHETIC INDUSTRY,109,218261,1,0,4,1,4,28,4,9,0,0,0,0,0,102520,1,2,2022,1/1/2023,
5522,SYNTHETIC COMPANY 02521,SYNTHETIC SITE 02521,,1 Example Way,Nowhere,ZZ,00000,3251,SYNTHETIC INDUSTRY,101,165010,1,0,2,1,2,14,4,5,0,0,0,0,0,102521,1,2,2022,1/1/2023,
5523,SYNTHETIC COMPANY 02522,SYNTHETIC SITE 02522,,1 Example Way,Nowhere,ZZ,00000,6221,SYNTHETIC INDUSTRY,194,387323,1,0,0,3,1,0,12,4,0,0,0,0,0,102522,1,2,2022,1/1/2023,
5524,SYNTHETIC COMPANY 02523,SYNTHETIC SITE 02523,,1 Example Way,Nowhere,ZZ,00000,3251,SYNTHETIC INDUSTRY,29,60025,1,0,3,1,0,21,4,4,0,0,0,0,0,102523,1,2,2022,1/1/2023,
5525,SYNTHETIC COMPANY 02524,SYNTHETIC SITE 02524,,1 Example Way,Nowhere,ZZ,00000,6221,SYNTHETIC INDUSTRY,28,47795,2,0,0,0,0,0,0,0,0,0,0,0,0,102524,1,2,2022,1/1/2023,
5526,SYNTHETIC COMPANY 02525,SYNTHETIC SITE 02525,,1 Example Way,Nowhere,ZZ,00000,4841,SYNTHETIC INDUSTRY,9,20181,2,0,0,0,0,0,0,0,0,0,0,0,0,102525,1,2,2022,1/1/2023,
5527,SYNTHETIC COMPANY 02526,SYNTHETIC SITE 02526,,1 Example Way,Nowhere,ZZ,00000,3115,SYNTHETIC INDUSTRY,51,78323,1,0,1,0,1,7,0,2,0,0,0,0,0,102526,1,2,2022,1/1/2023,
5528,SYNTHETIC COMPANY 02527,SYNTHETIC SITE 02527,,1 Example Way,Nowhere,ZZ,00000,3251,SYNTHETIC INDUSTRY,18,33060,2,0,0,0,0,0,0,0,0,0,0,0,0,102527,1,2,2022,1/1/2023,
5529,SYNTHETIC COMPANY 02528,SYNTHETIC SITE 02528,,1 Example Way,Nowhere,ZZ,00000,3252,SYNTHETIC INDUSTRY,73,111167,2,0,0,0,0,0,0,0,0,0,0,0,0,102528,1,2,2022,1/1/2023,
5530,SYNTHETIC COMPANY 02529,SYNTHETIC SITE 02529,,1 Example Way,Nowhere,ZZ,00000,2361,SYNTHETIC INDUSTRY,80,126999,1,0,1,1,0,7,4,2,0,0,0,0,0,102529,1,2,2022,1/1/2023,
5531,SYNTHETIC COMPANY 02530,SYNTHETIC SITE 02530,,1 Example Way,Nowhere,ZZ,00000,3252,SYNTHETIC INDUSTRY,48,88307000,2,0,0,0,0,0,0,0,0,0,0,0,0,102530,1,2,2022,1/1/2023,
5532,SYNTHETIC COMPANY 02531,SYNTHETIC SITE 02531,,1 Example Way,Nowhere,ZZ,00000,2361,SYNTHETIC INDUSTRY,85,129632,1,0,2,1,5,14,4,8,0,0,0,0,0,102531,1,2,2022,1/1/2023,
5533,SYNTHETIC COMPANY 02532,SYNTHETIC SITE 02532,,1 Example Way,Nowhere,ZZ,00000,3252,SYNTHETIC INDUSTRY,157,318477,2,0,0,0,0,0,0,0,0,0,0,0,0,102532,1,2,2022,1/1/2023,
5534,SYNTHETIC COMPANY 02533,SYNTHETIC SITE 02533,,1 Example Way,Nowhere,ZZ,00000,3252,SYNTHETIC INDUSTRY,38,80678,1,0,0,1,0,0,4,1,0,0,0,0,0,102533,1,2,2022,1/1/2023,
5535,SYNTHETIC COMPANY 02534,SYNTHETIC SITE 02534,,1 Example Way,Nowhere,ZZ,00000,2361,SYNTHETIC INDUSTRY,98,209060,1,0,1,0,0,7,0,1,0,0,0,0,0,102534,1,2,2022,1/1/2023,
5536,SYNTHETIC COMPANY 02535,SYNTHETIC SITE 02535,,1 Example Way,Nowhere,ZZ,00000,6221,SYNTHETIC INDUSTRY,11,19803,2,0,0,0,0,0,0,0,0,0,0,0,0,102535,1,2,2022,1/1/2023,
5537,SYNTHETIC COMPANY 02536,SYNTHETIC SITE 02536,,1 Example Way,Nowhere,ZZ,00000,4841,SYNTHETIC INDUSTRY,105,224910,1,0,3,4,8,21,16,15,0,0,0,0,0,102536,1,2,2022,1/1/2023,
5538,SYNTHETIC COMPANY 02537,SYNTHETIC SITE 02537,,1 Example Way,Nowhere,ZZ,00000,3252,SYNTHETIC INDUSTRY,186,387519,1,0,3,3,0,21,12,6,0,0,0,0,0,102537,1,2,2022,1/1/2023,
5539,SYNTHETIC COMPANY 02538,SYNTHETIC SITE 02538,,1 Example Way,Nowhere,ZZ,00000,3251,SYNTHETIC INDUSTRY,115,225585,2,0,0,0,0,0,0,0,0,0,0,0,0,102538,1,2,2022,1/1/2023,
5540,SYNTHETIC COMPANY 02539,SYNTHETIC SITE 02539,,1 Example Way,Nowhere,ZZ,00000,4841,SYNTHETIC INDUSTRY,71,85094,2,0,0,0,0,0,0,0,0,0,0,0,0,102539,1,2,2022,1/1/2023,
5541,SYNTHETIC COMPANY 02540,SYNTHETIC SITE 02540,,1 Example Way,Nowhere,ZZ,00000,3115,SYNTHETIC INDUSTRY,202,345667,1,0,5,3,8,35,12,16,0,0,0,0,0,102540,1,2,2022,1/1/2023,
5542,SYNTHETIC COMPANY 02541,SYNTHETIC SITE 02541,,1 Example Way,Nowhere,ZZ,00000,4841,SYNTHETIC INDUSTRY,69,134729,2,0,0,0,0,0,0,0,0,0,0,0,0,102541,1,2,2022,1/1/2023,
5543,SYNTHETIC COMPANY 02542,SYNTHETIC SITE 02542,,1 Example Way,Nowhere,ZZ,00000,4451,SYNTHETIC INDUSTRY,132,250912,2,0,0,0,0,0,0,0,0,0,0,0,0,102542,1,2,2022,1/1/2023,
5544,SYNTHETIC COMPANY 02543,SYNTHETIC SITE 02543,,1 Example Way,Nowhere,ZZ,00000,6221,SYNTHETIC INDUSTRY,17,28652,2,0,0,0,0,0,0,0,0,0,0,0,0,102543,1,2,2022,1/1/2023,
5545,SYNTHETIC COMPANY 02544,SYNTHETIC SITE 02544,,1 Example Way,Nowhere,ZZ,00000,3251,SYNTHETIC INDUSTRY,140,259987,1,0,2,1,6,14,4,9,0,0,0,0,0,102544,1,2,2022,1/1/2023,
5546,SYNTHETIC COMPANY 02545,SYNTHETIC SITE 02545,,1 Example Way,Nowhere,ZZ,00000,4451,SYNTHETIC INDUSTRY,73,134195,2,0,0,0,0,0,0,0,0,0,0,0,0,102545,1,2,2022,1/1/2023,
5547,SYNTHETIC COMPANY 02546,SYNTHETIC SITE 02546,,1 Example Way,Nowhere,ZZ,00000,6221,SYNTHETIC INDUSTRY,7,13267,2,0,0,0,0,0,0,0,0,0,0,0,0,102546,1,2,2022,1/1/2023,
5548,SYNTHETIC COMPANY 02547,SYNTHETIC SITE 02547,,1 Example Way,Nowhere,ZZ,00000,6221,SYNTHETIC INDUSTRY,342,577135,1,0,4,4,2,28,16,10,0,0,0,0,0,102547,1,2,2022,1/1/2023,
5549,SYNTHETIC COMPANY 02548,SYNTHETIC SITE 02548,,1 Example Way,Nowhere,ZZ,00000,2361,SYNTHETIC INDUSTRY,23,40313,2,0,0,0,0,0,0,0,0,0,0,0,0,102548,1,2,2022,1/1/2023,
5550,SYNTHETIC COMPANY 02549,SYNTHETIC SITE 02549,,1 Example Way,Nowhere,ZZ,00000,3251,SYNTHETIC INDUSTRY,38,54817,2,0,0,0,0,0,0,0,0,0,0,0,0,102549,1,2,2022,1/1/2023,
5551,SYNTHETIC COMPANY 02550,SYNTHETIC SITE 02550,,1 Example Way,Nowhere,ZZ,00000,2361,SYNTHETIC INDUSTRY,201,383807,1,0,5,3,5,35,12,13,0,0,0,0,0,102550,1,2,2022,1/1/2023,
5552,SYNTHETIC COMPANY 02551,SYNTHETIC SITE 02551,,1 Example Way,Nowhere,ZZ,00000,4451,SYNTHETIC INDUSTRY,100,209440,2,0,0,0,0,0,0,0,0,0,0,0,0,102551,1,2,2022,1/1/2023,
5553,SYNTHETIC COMPANY 02552,SYNTHETIC SITE 02552,,1 Example Way,Nowhere,ZZ,00000,4451,SYNTHETIC INDUSTRY,12,19155,2,0,0,0,0,0,0,0,0,0,0,0,0,102552,1,2,2022,1/1/2023,
5554,SYNTHETIC COMPANY 02553,SYNTHETIC SITE 02553,,1 Example Way,Nowhere,ZZ,00000,3251,SYNTHETIC INDUSTRY,7,11995,2,0,0,0,0,0,0,0,0,0,0,0,0,102553,1,2,2022,1/1/2023,
5555,SYNTHETIC COMPANY 02554,SYNTHETIC SITE 02554,,1 Example Way,Nowhere,ZZ,00000,3252,SYNTHETIC INDUSTRY,28,39590,1,0,0,0,1,0,0,1,0,0,0,0,0,102554,1,2,2022,1/1/2023,
5556,SYNTHETIC COMPANY 02555,SYNTHETIC SITE 02555,,1 Example Way,Nowhere,ZZ,00000,3252,SYNTHETIC INDUSTRY,27,46456,1,0,0,0,1,0,0,1,0,0,0,0,0,102555,1,2,2022,1/1/2023,
5557,SYNTHETIC COMPANY 02556,SYNTHETIC SITE 02556,,1 Example Way,Nowhere,ZZ,00000,2361,SYNTHETIC INDUSTRY,57,83329,2,0,0,0,0,0,0,0,0,0,0,0,0,102556,1,2,2022,1/1/2023,
5558,SYNTHETIC COMPANY 02557,SYNTHETIC SITE 02557,,1 Example Way,Nowhere,ZZ,00000,4841,SYNTHETIC INDUSTRY,24,37791,2,0,0,0,0,0,0,0,0,0,0,0,0,102557,1,2,2022,1/1/2023,
5559,SYNTHETIC COMPANY 02558,SYNTHETIC SITE 02558,,1 Example Way,Nowhere,ZZ,00000,3115,SYNTHETIC INDUSTRY,43,71078,1,0,3,1,1,21,4,5,0,0,0,0,0,102558,1,2,2022,1/1/2023,
5560,SYNTHETIC COMPANY 02559,SYNTHETIC SITE 02559,,1 Example Way,Nowhere,ZZ,00000,2361,SYNTHETIC INDUSTRY,264,479879,1,0,4,1,3,28,4,8,0,0,0,0,0,102559,1,2,2022,1/1/2023,
5561,SYNTHETIC COMPANY 02560,SYNTHETIC SITE 02560,,1 Example Way,Nowhere,ZZ,00000,4841,SYNTHETIC INDUSTRY,93,13465300,1,0,2,0,0,14,0,2,0,0,0,0,0,102560,1,2,2022,1/1/2023,
5562,SYNTHETIC COMPANY 02561,SYNTHETIC SITE 02561,,1 Example Way,Nowhere,ZZ,00000,3115,SYNTHETIC INDUSTRY,7,12663,1,0,1,0,0,7,0,1,0,0,0,0,0,102561,1,2,2022,1/1/2023,
5563,SYNTHETIC COMPANY 02562,SYNTHETIC SITE 02562,,1 Example Way,Nowhere,ZZ,00000,4451,SYNTHETIC INDUSTRY,44,67509,2,0,0,0,0,0,0,0,0,0,0,0,0,102562,1,2,2022,1/1/2023,
5564,SYNTHETIC COMPANY 02563,SYNTHETIC SITE 02563,,1 Example Way,Nowhere,ZZ,00000,3252,SYNTHETIC INDUSTRY,18,33119,2,0,0,0,0,0,0,0,0,0,0,0,0,102563,1,2,2022,1/1/2023,
5565,SYNTHETIC COMPANY 02564,SYNTHETIC SITE 02564,,1 Example Way,Nowhere,ZZ,00000,6221,SYNTHETIC INDUSTRY,67,137106,1,0,6,0,5,42,0,11,0,0,0,0,0,102564,1,2,2022,1/1/2023,
5566,SYNTHETIC COMPANY 02565,SYNTHETIC SITE 02565,,1 Example Way,Nowhere,ZZ,00000,3115,SYNTHETIC INDUSTRY,69,141436,1,0,2,0,3,14,0,5,0,0,0,0,0,102565,1,2,2022,1/1/2023,
5567,SYNTHETIC COMPANY 02566,SYNTHETIC SITE 02566,,1 Example Way,Nowhere,ZZ,00000,6221,SYNTHETIC INDUSTRY,306,489124,2,0,0,0,0,0,0,0,0,0,0,0,0,102566,1,2,2022,1/1/2023,
5568,SYNTHETIC COMPANY 02567,SYNTHETIC SITE 02567,,1 Example Way,Nowhere,ZZ,00000,3251,SYNTHETIC INDUSTRY,51,91247,2,0,0,0,0,0,0,0,0,0,0,0,0,102567,1,2,2022,1/1/2023,
5569,SYNTHETIC COMPANY 02568,SYNTHETIC SITE 02568,,1 Example Way,Nowhere,ZZ,00000,6221,SYNTHETIC INDUSTRY,45,88894,1,0,2,0,3,14,0,5,0,0,0,0,0,102568,1,2,2022,1/1/2023,
5570,SYNTHETIC COMPANY 02569,SYNTHETIC SITE 02569,,1 Example Way,Nowhere,ZZ,00000,3115,SYNTHETIC INDUSTRY,280,488624,2,0,0,0,0,0,0,0,0,0,0,0,0,102569,1,2,2022,1/1/2023,
5571,SYNTHETIC COMPANY 02570,SYNTHETIC SITE 02570,,1 Example Way,Nowhere,ZZ,00000,3115,SYNTHETIC INDUSTRY,425,931911,1,0,0,0,4,0,0,4,0,0,0,0,0,102570,1,2,2022,1/1/2023,
5572,SYNTHETIC COMPANY 02571,SYNTHETIC SITE 02571,,1 Example Way,Nowhere,ZZ,00000,4841,SYNTHETIC INDUSTRY,176,320822,1,0,0,1,0,0,4,1,0,0,0,0,0,102571,1,2,2022,1/1/2023,
5573,SYNTHETIC COMPANY 02572,SYNTHETIC SITE 02572,,1 Example Way,Nowhere,ZZ,00000,3251,SYNTHETIC INDUSTRY,26,4662600000,2,0,0,0,0,0,0,0,0,0,0,0,0,102572,1,2,2022,1/1/2023,
5574,SYNTHETIC COMPANY 02573,SYNTHETIC SITE 02573,,1 Example Way,Nowhere,ZZ,00000,3251,SYNTHETIC INDUSTRY,37,69788,1,0,1,0,0,7,0,1,0,0,0,0,0,102573,1,2,2022,1/1/2023,
5575,SYNTHETIC COMPANY 02574,SYNTHETIC SITE 02574,,1 Example Way,Nowhere,ZZ,00000,6221,SYNTHETIC INDUSTRY,22,30249,2,0,0,0,0,0,0,0,0,0,0,0,0,102574,1,2,2022,1/1/2023,
5576,SYNTHETIC COMPANY 02575,SYNTHETIC SITE 02575,,1 Example Way,Nowhere,ZZ,00000,4841,SYNTHETIC INDUSTRY,9,18119,2,0,0,0,0,0,0,0,0,0,0,0,0,102575,1,2,2022,1/1/2023,
5577,SYNTHETIC COMPANY 02576,SYNTHETIC SITE 02576,,1 Example Way,Nowhere,ZZ,00000,3328,SYNTHETIC INDUSTRY,23,44794,2,0,0,0,0,0,0,0,0,0,0,0,0,102576,1,2,2022,1/1/2023,
5578,SYNTHETIC COMPANY 02577,SYNTHETIC SITE 02577,,1 Example Way,Nowhere,ZZ,00000,3328,SYNTHETIC INDUSTRY,166,309298,1,0,6,4,14,42,16,24,0,0,0,0,0,102577,1,2,2022,1/1/2023,
5579,SYNTHETIC COMPANY 02578,SYNTHETIC SITE 02578,,1 Example Way,Nowhere,ZZ,00000,3115,SYNTHETIC INDUSTRY,10,20083,2,0,0,0,0,0,0,0,0,0,0,0,0,102578,1,2,2022,1/1/2023,
5580,SYNTHETIC COMPANY 02579,SYNTHETIC SITE 02579,,1 Example Way,Nowhere,ZZ,00000,4841,SYNTHETIC INDUSTRY,64,135848,1,0,1,2,1,7,8,4,0,0,0,0,0,102579,1,2,2022,1/1/2023,
5581,SYNTHETIC COMPANY 02580,SYNTHETIC SITE 02580,,1 Example Way,Nowhere,ZZ,00000,3251,SYNTHETIC INDUSTRY,28,45060,1,0,2,0,0,14,0,2,0,0,0,0,0,102580,1,2,2022,1/1/2023,
5582,SYNTHETIC COMPANY 02581,SYNTHETIC SITE 02581,,1 Example Way,Nowhere,ZZ,00000,6221,SYNTHETIC INDUSTRY,17,34842,2,0,0,0,0,0,0,0,0,0,0,0,0,102581,1,2,2022,1/1/2023,
5583,SYNTHETIC COMPANY 02582,SYNTHETIC SITE 02582,,1 Example Way,Nowhere,ZZ,00000,4451,SYNTHETIC INDUSTRY,15,25300,2,0,0,0,0,0,0,0,0,0,0,0,0,102582,1,2,2022,1/1/2023,
5584,SYNTHETIC COMPANY 02583,SYNTHETIC SITE 02583,,1 Example Way,Nowhere,ZZ,00000,3251,SYNTHETIC INDUSTRY,18,31809,1,0,1,1,1,7,4,3,0,0,0,0,0,102583,1,2,2022,1/1/2023,
5585,SYNTHETIC COMPANY 02584,SYNTHETIC SITE 02584,,1 Example Way,Nowhere,ZZ,00000,3115,SYNTHETIC INDUSTRY,58,68368,2,0,0,0,0,0,0,0,0,0,0,0,0,102584,1,2,2022,1/1/2023,
5586,SYNTHETIC COMPANY 02585,SYNTHETIC SITE 02585,,1 Example Way,Nowhere,ZZ,00000,3251,SYNTHETIC INDUSTRY,163,246383,2,0,0,0,0,0,0,0,0,0,0,0,0,102585,1,2,2022,1/1/2023,
5587,SYNTHETIC COMPANY 02586,SYNTHETIC SITE 02586,,1 Example Way,Nowhere,ZZ,00000,4841,SYNTHETIC INDUSTRY,81,140535,1,0,0,1,1,0,4,2,0,0,0,0,0,102586,1,2,2022,1/1/2023,
5588,SYNTHETIC COMPANY 02587,SYNTHETIC SITE 02587,,1 Example Way,Nowhere,ZZ,00000,3252,SYNTHETIC INDUSTRY,182,436668,1,0,4,1,2,28,4,7,0,0,0,0,0,102587,1,2,2022,1/1/2023,
5589,SYNTHETIC COMPANY 02588,SYNTHETIC SITE 02588,,1 Example Way,Nowhere,ZZ,00000,2361,SYNTHETIC INDUSTRY,29,52812,1,0,1,0,0,7,0,1,0,0,0,0,0,102588,1,2,2022,1/1/2023,
5590,SYNTHETIC COMPANY 02589,SYNTHETIC SITE 02589,,1 Example Way,Nowhere,ZZ,00000,6221,SYNTHETIC INDUSTRY,9,13992,2,0,0,0,0,0,0,0,0,0,0,0,0,102589,1,2,2022,1/1/2023,
5591,SYNTHETIC COMPANY 02590,SYNTHETIC SITE 02590,,1 Example Way,Nowhere,ZZ,00000,4451,SYNTHETIC INDUSTRY,40,76661,1,0,0,0,3,0,0,3,0,0,0,0,0,102590,1,2,2022,1/1/2023,
5592,SYNTHETIC COMPANY 02591,SYNTHETIC SITE 02591,,1 Example Way,Nowhere,ZZ,00000,2361,SYNTHETIC INDUSTRY,64,99880,1,0,1,1,5,7,4,7,0,0,0,0,0,102591,1,2,2022,1/1/2023,
5593,SYNTHETIC COMPANY 02592,SYNTHETIC SITE 02592,,1 Example Way,Nowhere,ZZ,00000,3328,SYNTHETIC INDUSTRY,117,235710,2,0,0,0,0,0,0,0,0,0,0,0,0,102592,1,2,2022,1/1/2023,
5594,SYNTHETIC COMPANY 02593,SYNTHETIC SITE 02593,,1 Example Way,Nowhere,ZZ,00000,3115,SYNTHETIC INDUSTRY,121,227951,2,0,0,0,0,0,0,0,0,0,0,0,0,102593,1,2,2022,1/1/2023,
5595,SYNTHETIC COMPANY 02594,SYNTHETIC SITE 02594,,1 Example Way,Nowhere,ZZ,00000,3251,SYNTHETIC INDUSTRY,52,99981,1,0,1,2,0,7,8,3,0,0,0,0,0,102594,1,2,2022,1/1/2023,
5596,SYNTHETIC COMPANY 02595,SYNTHETIC SITE 02595,,1 Example Way,Nowhere,ZZ,00000,3251,SYNTHETIC INDUSTRY,176,367561,1,0,0,0,1,0,0,1,0,0,0,0,0,102595,1,2,2022,1/1/2023,
5597,SYNTHETIC COMPANY 02596,SYNTHETIC SITE 02596,,1 Example Way,Nowhere,ZZ,00000,6221,SYNTHETIC INDUSTRY,100,150312,2,0,0,0,0,0,0,0,0,0,0,0,0,102596,1,2,2022,1/1/2023,
5598,SYNTHETIC COMPANY 02597,SYNTHETIC SITE 02597,,1 Example Way,Nowhere,ZZ,00000,3252,SYNTHETIC INDUSTRY,5,7253,2,0,0,0,0,0,0,0,0,0,0,0,0,102597,1,2,2022,1/1/2023,
5599,SYNTHETIC COMPANY 02598,SYNTHETIC SITE 02598,,1 Example Way,Nowhere,ZZ,00000,4841,SYNTHETIC INDUSTRY,40,62268000,2,0,0,0,0,0,0,0,0,0,0,0,0,102598,1,2,2022,1/1/2023,
5600,SYNTHETIC COMPANY 02599,SYNTHETIC SITE 02599,,1 Example Way,Nowhere,ZZ,00000,4451,SYNTHETIC INDUSTRY,26,42034,2,0,0,0,0,0,0,0,0,0,0,0,0,102599,1,2,2022,1/1/2023,
5601,SYNTHETIC COMPANY 02600,SYNTHETIC SITE 02600,,1 Example Way,Nowhere,ZZ,00000,4841,SYNTHETIC INDUSTRY,42,71872,1,0,3,0,0,21,0,3,0,0,0,0,0,102600,1,2,2022,1/1/2023,
5602,SYNTHETIC COMPANY 02601,SYNTHETIC SITE 02601,,1 Example Way,Nowhere,ZZ,00000,4841,SYNTHETIC INDUSTRY,9,18572,2,0,0,0,0,0,0,0,0,0,0,0,0,102601,1,2,2022,1/1/2023,
5603,SYNTHETIC COMPANY 02602,SYNTHETIC SITE 02602,,1 Example Way,Nowhere,ZZ,00000,3115,SYNTHETIC INDUSTRY,497,793619,2,0,0,0,0,0,0,0,0,0,0,0,0,102602,1,2,2022,1/1/2023,
5604,SYNTHETIC COMPANY 02603,SYNTHETIC SITE 02603,,1 Example Way,Nowhere,ZZ,00000,3328,SYNTHETIC INDUSTRY,89,209562,2,0,0,0,0,0,0,0,0,0,0,0,0,102603,1,2,2022,1/1/2023,
5605,SYNTHETIC COMPANY 02604,SYNTHETIC SITE 02604,,1 Example Way,Nowhere,ZZ,00000,3251,SYNTHETIC INDUSTRY,15,25241,2,0,0,0,0,0,0,0,0,0,0,0,0,102604,1,2,2022,1/1/2023,
5606,SYNTHETIC COMPANY 02605,SYNTHETIC SITE 02605,,1 Example Way,Nowhere,ZZ,00000,3251,SYNTHETIC INDUSTRY,14,24648,1,0,0,1,0,0,4,1,0,0,0,0,0,102605,1,2,2022,1/1/2023,
5607,SYNTHETIC COMPANY 02606,SYNTHETIC SITE 02606,,1 Example Way,Nowhere,ZZ,00000,4841,SYNTHETIC INDUSTRY,195,288496,2,0,0,0,0,0,0,0,0,0,0,0,0,102606,1,2,2022,1/1/2023,
5608,SYNTHETIC COMPANY 02607,SYNTHETIC SITE 02607,,1 Example Way,Nowhere,ZZ,00000,3251,SYNTHETIC INDUSTRY,82,124437,2,0,0,0,0,0,0,0,0,0,0,0,0,102607,1,2,2022,1/1/2023,
5609,SYNTHETIC COMPANY 02608,SYNTHETIC SITE 02608,,1 Example Way,Nowhere,ZZ,00000,3115,SYNTHETIC INDUSTRY,33,53044,1,0,1,0,2,7,0,3,0,0,0,0,0,102608,1,2,2022,1/1/2023,
5610,SYNTHETIC COMPANY 02609,SYNTHETIC SITE 02609,,1 Example Way,Nowhere,ZZ,00000,4451,SYNTHETIC INDUSTRY,32,71652,2,0,0,0,0,0,0,0,0,0,0,0,0,102609,1,2,2022,1/1/2023,
5611,SYNTHETIC COMPANY 02610,SYNTHETIC SITE 02610,,1 Example Way,Nowhere,ZZ,00000,3115,SYNTHETIC INDUSTRY,37,56433,2,0,0,0,0,0,0,0,0,0,0,0,0,102610,1,2,2022,1/1/2023,
5612,SYNTHETIC COMPANY 02611,SYNTHETIC SITE 02611,,1 Example Way,Nowhere,ZZ,00000,3328,SYNTHETIC INDUSTRY,46,87020,1,0,0,1,3,0,4,4,0,0,0,0,0,102611,1,2,2022,1/1/2023,
5613,SYNTHETIC COMPANY 02612,SYNTHETIC SITE 02612,,1 Example Way,Nowhere,ZZ,00000,3251,SYNTHETIC INDUSTRY,27,50187,1,0,0,1,1,0,4,2,0,0,0,0,0,102612,1,2,2022,1/1/2023,
5614,SYNTHETIC COMPANY 02613,SYNTHETIC SITE 02613,,1 Example Way,Nowhere,ZZ,00000,4841,SYNTHETIC INDUSTRY,58,81180,1,0,1,0,1,7,0,2,0,0,0,0,0,102613,1,2,2022,1/1/2023,
5615,SYNTHETIC COMPANY 02614,SYNTHETIC SITE 02614,,1 Example Way,Nowhere,ZZ,00000,3328,SYNTHETIC INDUSTRY,69,139507,2,0,0,0,0,0,0,0,0,0,0,0,0,102614,1,2,2022,1/1/2023,
5616,SYNTHETIC COMPANY 02615,SYNTHETIC SITE 02615,,1 Example Way,Nowhere,ZZ,00000,3115,SYNTHETIC INDUSTRY,327,658733,1,0,1,0,1,7,0,2,0,0,0,0,0,102615,1,2,2022,1/1/2023,
5617,SYNTHETIC COMPANY 02616,SYNTHETIC SITE 02616,,1 Example Way,Nowhere,ZZ,00000,6221,SYNTHETIC INDUSTRY,52,93619,1,0,1,4,5,7,16,10,0,0,0,0,0,102616,1,2,2022,1/1/2023,
5618,SYNTHETIC COMPANY 02617,SYNTHETIC SITE 02617,,1 Example Way,Nowhere,ZZ,00000,2361,SYNTHETIC INDUSTRY,46,92635,2,0,0,0,0,0,0,0,0,0,0,0,0,102617,1,2,2022,1/1/2023,
5619,SYNTHETIC COMPANY 02618,SYNTHETIC SITE 02618,,1 Example Way,Nowhere,ZZ,00000,3252,SYNTHETIC INDUSTRY,78,172351,2,0,0,0,0,0,0,0,0,0,0,0,0,102618,1,2,2022,1/1/2023,
5620,SYNTHETIC COMPANY 02619,SYNTHETIC SITE 02619,,1 Example Way,Nowhere,ZZ,00000,4841,SYNTHETIC INDUSTRY,126,221855,1,0,0,1,1,0,4,2,0,0,0,0,0,102619,1,2,2022,1/1/2023,
5621,SYNTHETIC COMPANY 02620,SYNTHETIC SITE 02620,,1 Example Way,Nowhere,ZZ,00000,3252,SYNTHETIC INDUSTRY,20,33099,2,0,0,0,0,0,0,0,0,0,0,0,0,102620,1,2,2022,1/1/2023,
5622,SYNTHETIC COMPANY 02621,SYNTHETIC SITE 02621,,1 Example Way,Nowhere,ZZ,00000,2361,SYNTHETIC INDUSTRY,143,175062,2,0,0,0,0,0,0,0,0,0,0,0,0,102621,1,2,2022,1/1/2023,
5623,SYNTHETIC COMPANY 02622,SYNTHETIC SITE 02622,,1 Example Way,Nowhere,ZZ,00000,2361,SYNTHETIC INDUSTRY,28,46496,2,0,0,0,0,0,0,0,0,0,0,0,0,102622,1,2,2022,1/1/2023,
5624,SYNTHETIC COMPANY 02623,SYNTHETIC SITE 02623,,1 Example Way,Nowhere,ZZ,00000,4451,SYNTHETIC INDUSTRY,156,315178,2,0,0,0,0,0,0,0,0,0,0,0,0,102623,1,2,2022,1/1/2023,
5625,SYNTHETIC COMPANY 02624,SYNTHETIC SITE 02624,,1 Example Way,Nowhere,ZZ,00000,2361,SYNTHETIC INDUSTRY,36,75611,1,0,1,0,2,7,0,3,0,0,0,0,0,102624,1,2,2022,1/1/2023,
5626,SYNTHETIC COMPANY 02625,SYNTHETIC SITE 02625,,1 Example Way,Nowhere,ZZ,00000,6221,SYNTHETIC INDUSTRY,37,74423,2,0,0,0,0,0,0,0,0,0,0,0,0,102625,1,2,2022,1/1/2023,
5627,SYNTHETIC COMPANY 02626,SYNTHETIC SITE 02626,,1 Example Way,Nowhere,ZZ,00000,3115,SYNTHETIC INDUSTRY,117,145182,2,0,0,0,0,0,0,0,0,0,0,0,0,102626,1,2,2022,1/1/2023,
5628,SYNTHETIC COMPANY 02627,SYNTHETIC SITE 02627,,1 Example Way,Nowhere,ZZ,00000,3251,SYNTHETIC INDUSTRY,28,43912,1,0,1,0,0,7,0,1,0,0,0,0,0,102627,1,2,2022,1/1/2023,
5629,SYNTHETIC COMPANY 02628,SYNTHETIC SITE 02628,,1 Example Way,Nowhere,ZZ,00000,3252,SYNTHETIC INDUSTRY,33,58464,2,0,0,0,0,0,0,0,0,0,0,0,0,102628,1,2,2022,1/1/2023,
5630,SYNTHETIC COMPANY 02629,SYNTHETIC SITE 02629,,1 Example Way,Nowhere,ZZ,00000,3115,SYNTHETIC INDUSTRY,275,417254,2,0,0,0,0,0,0,0,0,0,0,0,0,102629,1,2,2022,1/1/2023,
5631,SYNTHETIC COMPANY 02630,SYNTHETIC SITE 02630,,1 Example Way,Nowhere,ZZ,00000,3115,SYNTHETIC INDUSTRY,29,42977,2,0,0,0,0,0,0,0,0,0,0,0,0,102630,1,2,2022,1/1/2023,
5632,SYNTHETIC COMPANY 02631,SYNTHETIC SITE 02631,,1 Example Way,Nowhere,ZZ,00000,2361,SYNTHETIC INDUSTRY,64,140338,2,0,0,0,0,0,0,0,0,0,0,0,0,102631,1,2,2022,1/1/2023,
5633,SYNTHETIC COMPANY 02632,SYNTHETIC SITE 02632,,1 Example Way,Nowhere,ZZ,00000,2361,SYNTHETIC INDUSTRY,31,68861,1,0,0,0,1,0,0,1,0,0,0,0,0,102632,1,2,2022,1/1/2023,
5634,SYNTHETIC COMPANY 02633,SYNTHETIC SITE 02633,,1 Example Way,Nowhere,ZZ,00000,2361,SYNTHETIC INDUSTRY,10,18977,2,0,0,0,0,0,0,0,0,0,0,0,0,102633,1,2,2022,1/1/2023,
5635,SYNTHETIC COMPANY 02634,SYNTHETIC SITE 02634,,1 Example Way,Nowhere,ZZ,00000,4451,SYNTHETIC INDUSTRY,147,292967,2,0,0,0,0,0,0,0,0,0,0,0,0,102634,1,2,2022,1/1/2023,
5636,SYNTHETIC COMPANY 02635,SYNTHETIC SITE 02635,,1 Example Way,Nowhere,ZZ,00000,4841,SYNTHETIC INDUSTRY,85,181823,2,0,0,0,0,0,0,0,0,0,0,0,0,102635,1,2,2022,1/1/2023,
5637,SYNTHETIC COMPANY 02636,SYNTHETIC SITE 02636,,1 Example Way,Nowhere,ZZ,00000,2361,SYNTHETIC INDUSTRY,176,252571,2,0,0,0,0,0,0,0,0,0,0,0,0,102636,1,2,2022,1/1/2023,
5638,SYNTHETIC COMPANY 02637,SYNTHETIC SITE 02637,,1 Example Way,Nowhere,ZZ,00000,6221,SYNTHETIC INDUSTRY,13,22329,2,0,0,0,0,0,0,0,0,0,0,0,0,102637,1,2,2022,1/1/2023,
5639,SYNTHETIC COMPANY 02638,SYNTHETIC SITE 02638,,1 Example Way,Nowhere,ZZ,00000,2361,SYNTHETIC INDUSTRY,22,34656,1,0,0,1,0,0,4,1,0,0,0,0,0,102638,1,2,2022,1/1/2023,
5640,SYNTHETIC COMPANY 02639,SYNTHETIC SITE 02639,,1 Example Way,Nowhere,ZZ,00000,4841,SYNTHETIC INDUSTRY,11,25011,2,0,0,0,0,0,0,0,0,0,0,0,0,102639,1,2,2022,1/1/2023,
5641,SYNTHETIC COMPANY 02640,SYNTHETIC SITE 02640,,1 Example Way,Nowhere,ZZ,00000,3115,SYNTHETIC INDUSTRY,46,81185,2,0,0,0,0,0,0,0,0,0,0,0,0,102640,1,2,2022,1/1/2023,
5642,SYNTHETIC COMPANY 02641,SYNTHETIC SITE 02641,,1 Example Way,Nowhere,ZZ,00000,6221,SYNTHETIC INDUSTRY,159,280045,1,0,2,0,1,14,0,3,0,0,0,0,0,102641,1,2,2022,1/1/2023,
5643,SYNTHETIC COMPANY 02642,SYNTHETIC SITE 02642,,1 Example Way,Nowhere,ZZ,00000,3115,SYNTHETIC INDUSTRY,31,63577,2,0,0,0,0,0,0,0,0,0,0,0,0,102642,1,2,2022,1/1/2023,
5644,SYNTHETIC COMPANY 02643,SYNTHETIC SITE 02643,,1 Example Way,Nowhere,ZZ,00000,2361,SYNTHETIC INDUSTRY,70,109478,2,0,0,0,0,0,0,0,0,0,0,0,0,102643,1,2,2022,1/1/2023,
5645,SYNTHETIC COMPANY 02644,SYNTHETIC SITE 02644,,1 Example Way,Nowhere,ZZ,00000,4451,SYNTHETIC INDUSTRY,294,564129,1,0,3,1,3,21,4,7,0,0,0,0,0,102644,1,2,2022,1/1/2023,
5646,SYNTHETIC COMPANY 02645,SYNTHETIC SITE 02645,,1 Example Way,Nowhere,ZZ,00000,4841,SYNTHETIC INDUSTRY,44,75047,2,0,0,0,0,0,0,0,0,0,0,0,0,102645,1,2,2022,1/1/2023,
5647,SYNTHETIC COMPANY 02646,SYNTHETIC SITE 02646,,1 Example Way,Nowhere,ZZ,00000,3252,SYNTHETIC INDUSTRY,26,51307,2,0,0,0,0,0,0,0,0,0,0,0,0,102646,1,2,2022,1/1/2023,
5648,SYNTHETIC COMPANY 02647,SYNTHETIC SITE 02647,,1 Example Way,Nowhere,ZZ,00000,3115,SYNTHETIC INDUSTRY,97,179042,1,0,0,0,1,0,0,1,0,0,0,0,0,102647,1,2,2022,1/1/2023,
5649,SYNTHETIC COMPANY 02648,SYNTHETIC SITE 02648,,1 Example Way,Nowhere,ZZ,00000,4451,SYNTHETIC INDUSTRY,41,84156,2,0,0,0,0,0,0,0,0,0,0,0,0,102648,1,2,2022,1/1/2023,
5650,SYNTHETIC COMPANY 02649,SYNTHETIC SITE 02649,,1 Example Way,Nowhere,ZZ,00000,2361,SYNTHETIC INDUSTRY,118,196292,2,0,0,0,0,0,0,0,0,0,0,0,0,102649,1,2,2022,1/1/2023,
5651,SYNTHETIC COMPANY 02650,SYNTHETIC SITE 02650,,1 Example Way,Nowhere,ZZ,00000,3328,SYNTHETIC INDUSTRY,66,115421,1,0,1,0,0,7,0,1,0,0,0,0,0,102650,1,2,2022,1/1/2023,
5652,SYNTHETIC COMPANY 02651,SYNTHETIC SITE 02651,,1 Example Way,Nowhere,ZZ,00000,2361,SYNTHETIC INDUSTRY,5,7177,2,0,0,0,0,0,0,0,0,0,0,0,0,102651,1,2,2022,1/1/2023,
5653,SYNTHETIC COMPANY 02652,SYNTHETIC SITE 02652,,1 Example Way,Nowhere,ZZ,00000,3252,SYNTHETIC INDUSTRY,6,9184,2,0,0,0,0,0,0,0,0,0,0,0,0,102652,1,2,2022,1/1/2023,
5654,SYNTHETIC COMPANY 02653,SYNTHETIC SITE 02653,,1 Example Way,Nowhere,ZZ,00000,4841,SYNTHETIC INDUSTRY,495,764599,1,0,1,3,0,7,12,4,0,0,0,0,0,102653,1,2,2022,1/1/2023,
5655,SYNTHETIC COMPANY 02654,SYNTHETIC SITE 02654,,1 Example Way,Nowhere,ZZ,00000,6221,SYNTHETIC INDUSTRY,16,32267,1,0,0,1,0,0,4,1,0,0,0,0,0,102654,1,2,2022,1/1/2023,
5656,SYNTHETIC COMPANY 02655,SYNTHETIC SITE 02655,,1 Example Way,Nowhere,ZZ,00000,4451,SYNTHETIC INDUSTRY,11,23959,2,0,0,0,0,0,0,0,0,0,0,0,0,102655,1,2,2022,1/1/2023,
5657,SYNTHETIC COMPANY 02656,SYNTHETIC SITE 02656,,1 Example Way,Nowhere,ZZ,00000,4451,SYNTHETIC INDUSTRY,163,286874,1,0,1,0,0,7,0,1,0,0,0,0,0,102656,1,2,2022,1/1/2023,
5658,SYNTHETIC COMPANY 02657,SYNTHETIC SITE 02657,,1 Example Way,Nowhere,ZZ,00000,3251,SYNTHETIC INDUSTRY,43,75475,2,0,0,0,0,0,0,0,0,0,0,0,0,102657,1,2,2022,1/1/2023,
5659,SYNTHETIC COMPANY 02658,SYNTHETIC SITE 02658,,1 Example Way,Nowhere,ZZ,00000,4451,SYNTHETIC INDUSTRY,4,6765,2,0,0,0,0,0,0,0,0,0,0,0,0,102658,1,2,2022,1/1/2023,
5660,SYNTHETIC COMPANY 02659,SYNTHETIC SITE 02659,,1 Example Way,Nowhere,ZZ,00000,6221,SYNTHETIC INDUSTRY,148,252943,2,0,0,0,0,0,0,0,0,0,0,0,0,102659,1,2,2022,1/1/2023,
5661,SYNTHETIC COMPANY 02660,SYNTHETIC SITE 02660,,1 Example Way,Nowhere,ZZ,00000,3328,SYNTHETIC INDUSTRY,29,51184,2,0,0,0,0,0,0,0,0,0,0,0,0,102660,1,2,2022,1/1/2023,
5662,SYNTHETIC COMPANY 02661,SYNTHETIC SITE 02661,,1 Example Way,Nowhere,ZZ,00000,3252,SYNTHETIC INDUSTRY,26,45481,2,0,0,0,0,0,0,0,0,0,0,0,0,102661,1,2,2022,1/1/2023,
5663,SYNTHETIC COMPANY 02662,SYNTHETIC SITE 02662,,1 Example Way,Nowhere,ZZ,00000,2361,SYNTHETIC INDUSTRY,65,106129,2,0,0,0,0,0,0,0,0,0,0,0,0,102662,1,2,2022,1/1/2023,
5664,SYNTHETIC COMPANY 02663,SYNTHETIC SITE 02663,,1 Example Way,Nowhere,ZZ,00000,6221,SYNTHETIC INDUSTRY,100,247671,1,0,2,4,3,14,16,9,0,0,0,0,0,102663,1,2,2022,1/1/2023,
5665,SYNTHETIC COMPANY 02664,SYNTHETIC SITE 02664,,1 Example Way,Nowhere,ZZ,00000,3328,SYNTHETIC INDUSTRY,146,279899,2,0,0,0,0,0,0,0,0,0,0,0,0,102664,1,2,2022,1/1/2023,
5666,SYNTHETIC COMPANY 02665,SYNTHETIC SITE 02665,,1 Example Way,Nowhere,ZZ,00000,3328,SYNTHETIC INDUSTRY,227,379302,1,0,0,0,2,0,0,2,0,0,0,0,0,102665,1,2,2022,1/1/2023,
5667,SYNTHETIC COMPANY 02666,SYNTHETIC SITE 02666,,1 Example Way,Nowhere,ZZ,00000,3328,SYNTHETIC INDUSTRY,43,84627,2,0,0,0,0,0,0,0,0,0,0,0,0,102666,1,2,2022,1/1/2023,
5668,SYNTHETIC COMPANY 02667,SYNTHETIC SITE 02667,,1 Example Way,Nowhere,ZZ,00000,3115,SYNTHETIC INDUSTRY,148,263771,1,0,1,1,0,7,4,2,0,0,0,0,0,102667,1,2,2022,1/1/2023,
5669,SYNTHETIC COMPANY 02668,SYNTHETIC SITE 02668,,1 Example Way,Nowhere,ZZ,00000,3115,SYNTHETIC INDUSTRY,110,175801,1,0,1,1,1,7,4,3,0,0,0,0,0,102668,1,2,2022,1/1/2023,
5670,SYNTHETIC COMPANY 02669,SYNTHETIC SITE 02669,,1 Example Way,Nowhere,ZZ,00000,3115,SYNTHETIC INDUSTRY,165,332920,1,0,0,1,0,0,4,1,0,0,0,0,0,102669,1,2,2022,1/1/2023,
5671,SYNTHETIC COMPANY 02670,SYNTHETIC SITE 02670,,1 Example Way,Nowhere,ZZ,00000,3115,SYNTHETIC INDUSTRY,46,71261,1,0,0,0,1,0,0,1,0,0,0,0,0,102670,1,2,2022,1/1/2023,
5672,SYNTHETIC COMPANY 02671,SYNTHETIC SITE 02671,,1 Example Way,Nowhere,ZZ,00000,3251,SYNTHETIC INDUSTRY,75,144275,1,0,2,1,2,14,4,5,0,0,0,0,0,102671,1,2,2022,1/1/2023,
5673,SYNTHETIC COMPANY 02672,SYNTHETIC SITE 02672,,1 Example Way,Nowhere,ZZ,00000,3252,SYNTHETIC INDUSTRY,28,48483,2,0,0,0,0,0,0,0,0,0,0,0,0,102672,1,2,2022,1/1/2023,
5674,SYNTHETIC COMPANY 02673,SYNTHETIC SITE 02673,,1 Example Way,Nowhere,ZZ,00000,3115,SYNTHETIC INDUSTRY,35,72929,2,0,0,0,0,0,0,0,0,0,0,0,0,102673,1,2,2022,1/1/2023,
5675,SYNTHETIC COMPANY 02674,SYNTHETIC SITE 02674,,1 Example Way,Nowhere,ZZ,00000,3252,SYNTHETIC INDUSTRY,84,160232,1,0,0,3,0,0,12,3,0,0,0,0,0,102674,1,2,2022,1/1/2023,
5676,SYNTHETIC COMPANY 02675,SYNTHETIC SITE 02675,,1 Example Way,Nowhere,ZZ,00000,3252,SYNTHETIC INDUSTRY,175,335236,1,0,2,0,3,14,0,5,0,0,0,0,0,102675,1,2,2022,1/1/2023,
5677,SYNTHETIC COMPANY 02676,SYNTHETIC SITE 02676,,1 Example Way,Nowhere,ZZ,00000,4841,SYNTHETIC INDUSTRY,22,47260,1,0,1,0,0,7,0,1,0,0,0,0,0,102676,1,2,2022,1/1/2023,
5678,SYNTHETIC COMPANY 02677,SYNTHETIC SITE 02677,,1 Example Way,Nowhere,ZZ,00000,3252,SYNTHETIC INDUSTRY,34,63018,2,0,0,0,0,0,0,0,0,0,0,0,0,102677,1,2,2022,1/1/2023,
5679,SYNTHETIC COMPANY 02678,SYNTHETIC SITE 02678,,1 Example Way,Nowhere,ZZ,00000,3252,SYNTHETIC INDUSTRY,167,225363,1,0,1,0,1,7,0,2,0,0,0,0,0,102678,1,2,2022,1/1/2023,
5680,SYNTHETIC COMPANY 02679,SYNTHETIC SITE 02679,,1 Example Way,Nowhere,ZZ,00000,2361,SYNTHETIC INDUSTRY,172,286720,1,0,7,8,6,49,32,21,0,0,0,0,0,102679,1,2,2022,1/1/2023,
5681,SYNTHETIC COMPANY 02680,SYNTHETIC SITE 02680,,1 Example Way,Nowhere,ZZ,00000,3252,SYNTHETIC INDUSTRY,217,461804,1,0,2,5,6,14,20,13,0,0,0,0,0,102680,1,2,2022,1/1/2023,
5682,SYNTHETIC COMPANY 02681,SYNTHETIC SITE 02681,,1 Example Way,Nowhere,ZZ,00000,6221,SYNTHETIC INDUSTRY,149,283887,2,0,0,0,0,0,0,0,0,0,0,0,0,102681,1,2,2022,1/1/2023,
5683,SYNTHETIC COMPANY 02682,SYNTHETIC SITE 02682,,1 Example Way,Nowhere,ZZ,00000,6221,SYNTHETIC INDUSTRY,98,174453,2,0,0,0,0,0,0,0,0,0,0,0,0,102682,1,2,2022,1/1/2023,
5684,SYNTHETIC COMPANY 02683,SYNTHETIC SITE 02683,,1 Example Way,Nowhere,ZZ,00000,3251,SYNTHETIC INDUSTRY,203,397028,2,0,0,0,0,0,0,0,0,0,0,0,0,102683,1,2,2022,1/1/2023,
5685,SYNTHETIC COMPANY 02684,SYNTHETIC SITE 02684,,1 Example Way,Nowhere,ZZ,00000,2361,SYNTHETIC INDUSTRY,37,58268,2,0,0,0,0,0,0,0,0,0,0,0,0,102684,1,2,2022,1/1/2023,
5686,SYNTHETIC COMPANY 02685,SYNTHETIC SITE 02685,,1 Example Way,Nowhere,ZZ,00000,6221,SYNTHETIC INDUSTRY,57,135614,1,0,0,0,1,0,0,1,0,0,0,0,0,102685,1,2,2022,1/1/2023,
5687,SYNTHETIC COMPANY 02686,SYNTHETIC SITE 02686,,1 Example Way,Nowhere,ZZ,00000,6221,SYNTHETIC INDUSTRY,23,34080,1,0,2,0,0,14,0,2,0,0,0,0,0,102686,1,2,2022,1/1/2023,
5688,SYNTHETIC COMPANY 02687,SYNTHETIC SITE 02687,,1 Example Way,Nowhere,ZZ,00000,6221,SYNTHETIC INDUSTRY,374,624691,1,0,6,6,8,42,24,20,0,0,0,0,0,102687,1,2,2022,1/1/2023,
5689,SYNTHETIC COMPANY 02688,SYNTHETIC SITE 02688,,1 Example Way,Nowhere,ZZ,00000,4451,SYNTHETIC INDUSTRY,10,15469,2,0,0,0,0,0,0,0,0,0,0,0,0,102688,1,2,2022,1/1/2023,
5690,SYNTHETIC COMPANY 02689,SYNTHETIC SITE 02689,,1 Example Way,Nowhere,ZZ,00000,3328,SYNTHETIC INDUSTRY,12,22061,2,0,0,0,0,0,0,0,0,0,0,0,0,102689,1,2,2022,1/1/2023,
5691,SYNTHETIC COMPANY 02690,SYNTHETIC SITE 02690,,1 Example Way,Nowhere,ZZ,00000,2361,SYNTHETIC INDUSTRY,123,213242,2,0,0,0,0,0,0,0,0,0,0,0,0,102690,1,2,2022,1/1/2023,
5692,SYNTHETIC COMPANY 02691,SYNTHETIC SITE 02691,,1 Example Way,Nowhere,ZZ,00000,3115,SYNTHETIC INDUSTRY,22,42416,2,0,0,0,0,0,0,0,0,0,0,0,0,102691,1,2,2022,1/1/2023,
5693,SYNTHETIC COMPANY 02692,SYNTHETIC SITE 02692,,1 Example Way,Nowhere,ZZ,00000,2361,SYNTHETIC INDUSTRY,5,9664,2,0,0,0,0,0,0,0,0,0,0,0,0,102692,1,2,2022,1/1/2023,
5694,SYNTHETIC COMPANY 02693,SYNTHETIC SITE 02693,,1 Example Way,Nowhere,ZZ,00000,2361,SYNTHETIC INDUSTRY,12,25446,2,0,0,0,0,0,0,0,0,0,0,0,0,102693,1,2,2022,1/1/2023,
5695,SYNTHETIC COMPANY 02694,SYNTHETIC SITE 02694,,1 Example Way,Nowhere,ZZ,00000,4841,SYNTHETIC INDUSTRY,37,72846,2,0,0,0,0,0,0,0,0,0,0,0,0,102694,1,2,2022,1/1/2023,
5696,SYNTHETIC COMPANY 02695,SYNTHETIC SITE 02695,,1 Example Way,Nowhere,ZZ,00000,4841,SYNTHETIC INDUSTRY,26,53232,2,0,0,0,0,0,0,0,0,0,0,0,0,102695,1,2,2022,1/1/2023,
5697,SYNTHETIC COMPANY 02696,SYNTHETIC SITE 02696,,1 Example Way,Nowhere,ZZ,00000,4841,SYNTHETIC INDUSTRY,74,113720,1,0,1,1,0,7,4,2,0,0,0,0,0,102696,1,2,2022,1/1/2023,
5698,SYNTHETIC COMPANY 02697,SYNTHETIC SITE 02697,,1 Example Way,Nowhere,ZZ,00000,3328,SYNTHETIC INDUSTRY,43,84549,1,0,0,1,0,0,4,1,0,0,0,0,0,102697,1,2,2022,1/1/2023,
5699,SYNTHETIC COMPANY 02698,SYNTHETIC SITE 02698,,1 Example Way,Nowhere,ZZ,00000,3251,SYNTHETIC INDUSTRY,53,73356,2,0,0,0,0,0,0,0,0,0,0,0,0,102698,1,2,2022,1/1/2023,
5700,SYNTHETIC COMPANY 02699,SYNTHETIC SITE 02699,,1 Example Way,Nowhere,ZZ,00000,3251,SYNTHETIC INDUSTRY,191,418873,2,0,0,0,0,0,0,0,0,0,0,0,0,102699,1,2,2022,1/1/2023,
5701,SYNTHETIC COMPANY 02700,SYNTHETIC SITE 02700,,1 Example Way,Nowhere,ZZ,00000,2361,SYNTHETIC INDUSTRY,299,585377,1,0,3,1,3,21,4,7,0,0,0,0,0,102700,1,2,2022,1/1/2023,
5702,SYNTHETIC COMPANY 02701,SYNTHETIC SITE 02701,,1 Example Way,Nowhere,ZZ,00000,4451,SYNTHETIC INDUSTRY,92,168487,2,0,0,0,0,0,0,0,0,0,0,0,0,102701,1,2,2022,1/1/2023,
5703,SYNTHETIC COMPANY 02702,SYNTHETIC SITE 02702,,1 Example Way,Nowhere,ZZ,00000,3328,SYNTHETIC INDUSTRY,158,326911,2,0,0,0,0,0,0,0,0,0,0,0,0,102702,1,2,2022,1/1/2023,
5704,SYNTHETIC COMPANY 02703,SYNTHETIC SITE 02703,,1 Example Way,Nowhere,ZZ,00000,3251,SYNTHETIC INDUSTRY,84,146055,1,0,1,1,2,7,4,4,0,0,0,0,0,102703,1,2,2022,1/1/2023,
5705,SYNTHETIC COMPANY 02704,SYNTHETIC SITE 02704,,1 Example Way,Nowhere,ZZ,00000,3252,SYNTHETIC INDUSTRY,25,31986,2,0,0,0,0,0,0,0,0,0,0,0,0,102704,1,2,2022,1/1/2023,
5706,SYNTHETIC COMPANY 02705,SYNTHETIC SITE 02705,,1 Example Way,Nowhere,ZZ,00000,2361,SYNTHETIC INDUSTRY,109,211877,1,0,1,0,0,7,0,1,0,0,0,0,0,102705,1,2,2022,1/1/2023,
5707,SYNTHETIC COMPANY 02706,SYNTHETIC SITE 02706,,1 Example Way,Nowhere,ZZ,00000,3252,SYNTHETIC INDUSTRY,51,101391,2,0,0,0,0,0,0,0,0,0,0,0,0,102706,1,2,2022,1/1/2023,
5708,SYNTHETIC COMPANY 02707,SYNTHETIC SITE 02707,,1 Example Way,Nowhere,ZZ,00000,4841,SYNTHETIC INDUSTRY,17,31962,2,0,0,0,0,0,0,0,0,0,0,0,0,102707,1,2,2022,1/1/2023,
5709,SYNTHETIC COMPANY 02708,SYNTHETIC SITE 02708,,1 Example Way,Nowhere,ZZ,00000,3251,SYNTHETIC INDUSTRY,55,95295,2,0,0,0,0,0,0,0,0,0,0,0,0,102708,1,2,2022,1/1/2023,
5710,SYNTHETIC COMPANY 02709,SYNTHETIC SITE 02709,,1 Example Way,Nowhere,ZZ,00000,2361,SYNTHETIC INDUSTRY,20,32726,2,0,0,0,0,0,0,0,0,0,0,0,0,102709,1,2,2022,1/1/2023,
5711,SYNTHETIC COMPANY 02710,SYNTHETIC SITE 02710,,1 Example Way,Nowhere,ZZ,00000,3115,SYNTHETIC INDUSTRY,9,16551,2,0,0,0,0,0,0,0,0,0,0,0,0,102710,1,2,2022,1/1/2023,
5712,SYNTHETIC COMPANY 02711,SYNTHETIC SITE 02711,,1 Example Way,Nowhere,ZZ,00000,4451,SYNTHETIC INDUSTRY,817,1834590,1,0,9,2,10,63,8,21,0,0,0,0,0,102711,1,2,2022,1/1/2023,
5713,SYNTHETIC COMPANY 02712,SYNTHETIC SITE 02712,,1 Example Way,Nowhere,ZZ,00000,3115,SYNTHETIC INDUSTRY,67,106726,1,0,2,2,2,14,8,6,0,0,0,0,0,102712,1,2,2022,1/1/2023,
5714,SYNTHETIC COMPANY 02713,SYNTHETIC SITE 02713,,1 Example Way,Nowhere,ZZ,00000,3251,SYNTHETIC INDUSTRY,191,321971,2,0,0,0,0,0,0,0,0,0,0,0,0,102713,1,2,2022,1/1/2023,
5715,SYNTHETIC COMPANY 02714,SYNTHETIC SITE 02714,,1 Example Way,Nowhere,ZZ,00000,2361,SYNTHETIC INDUSTRY,9,17569,2,0,0,0,0,0,0,0,0,0,0,0,0,102714,1,2,2022,1/1/2023,
5716,SYNTHETIC COMPANY 02715,SYNTHETIC SITE 02715,,1 Example Way,Nowhere,ZZ,00000,4841,SYNTHETIC INDUSTRY,6,12871,1,0,0,0,1,0,0,1,0,0,0,0,0,102715,1,2,2022,1/1/2023,
5717,SYNTHETIC COMPANY 02716,SYNTHETIC SITE 02716,,1 Example Way,Nowhere,ZZ,00000,6221,SYNTHETIC INDUSTRY,33,62022,1,0,0,1,4,0,4,5,0,0,0,0,0,102716,1,2,2022,1/1/2023,
5718,SYNTHETIC COMPANY 02717,SYNTHETIC SITE 02717,,1 Example Way,Nowhere,ZZ,00000,6221,SYNTHETIC INDUSTRY,26,53249,2,0,0,0,0,0,0,0,0,0,0,0,0,102717,1,2,2022,1/1/2023,
5719,SYNTHETIC COMPANY 02718,SYNTHETIC SITE 02718,,1 Example Way,Nowhere,ZZ,00000,3115,SYNTHETIC INDUSTRY,39,81418,1,0,1,2,2,7,8,5,0,0,0,0,0,102718,1,2,2022,1/1/2023,
5720,SYNTHETIC COMPANY 02719,SYNTHETIC SITE 02719,,1 Example Way,Nowhere,ZZ,00000,3251,SYNTHETIC INDUSTRY,143,282874,1,0,1,1,0,7,4,2,0,0,0,0,0,102719,1,2,2022,1/1/2023,
5721,SYNTHETIC COMPANY 02720,SYNTHETIC SITE 02720,,1 Example Way,Nowhere,ZZ,00000,3115,SYNTHETIC INDUSTRY,32,67670,1,0,1,0,0,7,0,1,0,0,0,0,0,102720,1,2,2022,1/1/2023,
5722,SYNTHETIC COMPANY 02721,SYNTHETIC SITE 02721,,1 Example Way,Nowhere,ZZ,00000,6221,SYNTHETIC INDUSTRY,142,296699,1,0,3,4,7,21,16,14,0,0,0,0,0,102721,1,2,2022,1/1/2023,
5723,SYNTHETIC COMPANY 02722,SYNTHETIC SITE 02722,,1 Example Way,Nowhere,ZZ,00000,3252,SYNTHETIC INDUSTRY,40,87978,1,0,0,0,1,0,0,1,0,0,0,0,0,102722,1,2,2022,1/1/2023,
5724,SYNTHETIC COMPANY 02723,SYNTHETIC SITE 02723,,1 Example Way,Nowhere,ZZ,00000,3251,SYNTHETIC INDUSTRY,127,248002,2,0,0,0,0,0,0,0,0,0,0,0,0,102723,1,2,2022,1/1/2023,
5725,SYNTHETIC COMPANY 02724,SYNTHETIC SITE 02724,,1 Example Way,Nowhere,ZZ,00000,6221,SYNTHETIC INDUSTRY,9,17210,2,0,0,0,0,0,0,0,0,0,0,0,0,102724,1,2,2022,1/1/2023,
5726,SYNTHETIC COMPANY 02725,SYNTHETIC SITE 02725,,1 Example Way,Nowhere,ZZ,00000,2361,SYNTHETIC INDUSTRY,128,305614,2,0,0,0,0,0,0,0,0,0,0,0,0,102725,1,2,2022,1/1/2023,
5727,SYNTHETIC COMPANY 02726,SYNTHETIC SITE 02726,,1 Example Way,Nowhere,ZZ,00000,2361,SYNTHETIC INDUSTRY,80,178159,2,0,0,0,0,0,0,0,0,0,0,0,0,102726,1,2,2022,1/1/2023,
5728,SYNTHETIC COMPANY 02727,SYNTHETIC SITE 02727,,1 Example Way,Nowhere,ZZ,00000,3252,SYNTHETIC INDUSTRY,54,98612,2,0,0,0,0,0,0,0,0,0,0,0,0,102727,1,2,2022,1/1/2023,
5729,SYNTHETIC COMPANY 02728,SYNTHETIC SITE 02728,,1 Example Way,Nowhere,ZZ,00000,4451,SYNTHETIC INDUSTRY,101,180304,2,0,0,0,0,0,0,0,0,0,0,0,0,102728,1,2,2022,1/1/2023,
5730,SYNTHETIC COMPANY 02729,SYNTHETIC SITE 02729,,1 Example Way,Nowhere,ZZ,00000,4451,SYNTHETIC INDUSTRY,27,51124,2,0,0,0,0,0,0,0,0,0,0,0,0,102729,1,2,2022,1/1/2023,
5731,SYNTHETIC COMPANY 02730,SYNTHETIC SITE 02730,,1 Example Way,Nowhere,ZZ,00000,6221,SYNTHETIC INDUSTRY,4703,9010062,1,0,31,14,48,217,56,93,0,0,0,0,0,102730,1,2,2022,1/1/2023,
5732,SYNTHETIC COMPANY 02731,SYNTHETIC SITE 02731,,1 Example Way,Nowhere,ZZ,00000,3328,SYNTHETIC INDUSTRY,19,36700,2,0,0,0,0,0,0,0,0,0,0,0,0,102731,1,2,2022,1/1/2023,
5733,SYNTHETIC COMPANY 02732,SYNTHETIC SITE 02732,,1 Example Way,Nowhere,ZZ,00000,3115,SYNTHETIC INDUSTRY,260,674024,1,0,1,1,4,7,4,6,0,0,0,0,0,102732,1,2,2022,1/1/2023,
5734,SYNTHETIC COMPANY 02733,SYNTHETIC SITE 02733,,1 Example Way,Nowhere,ZZ,00000,3251,SYNTHETIC INDUSTRY,155,239932,2,0,0,0,0,0,0,0,0,0,0,0,0,102733,1,2,2022,1/1/2023,
5735,SYNTHETIC COMPANY 02734,SYNTHETIC SITE 02734,,1 Example Way,Nowhere,ZZ,00000,6221,SYNTHETIC INDUSTRY,70,155500,2,0,0,0,0,0,0,0,0,0,0,0,0,102734,1,2,2022,1/1/2023,
5736,SYNTHETIC COMPANY 02735,SYNTHETIC SITE 02735,,1 Example Way,Nowhere,ZZ,00000,3328,SYNTHETIC INDUSTRY,170,292356,2,0,0,0,0,0,0,0,0,0,0,0,0,102735,1,2,2022,1/1/2023,
5737,SYNTHETIC COMPANY 02736,SYNTHETIC SITE 02736,,1 Example Way,Nowhere,ZZ,00000,3251,SYNTHETIC INDUSTRY,127,225073,1,0,1,0,0,7,0,1,0,0,0,0,0,102736,1,2,2022,1/1/2023,
5738,SYNTHETIC COMPANY 02737,SYNTHETIC SITE 02737,,1 Example Way,Nowhere,ZZ,00000,6221,SYNTHETIC INDUSTRY,27,51967,2,0,0,0,0,0,0,0,0,0,0,0,0,102737,1,2,2022,1/1/2023,
5739,SYNTHETIC COMPANY 02738,SYNTHETIC SITE 02738,,1 Example Way,Nowhere,ZZ,00000,4841,SYNTHETIC INDUSTRY,82,152159,1,0,1,0,2,7,0,3,0,0,0,0,0,102738,1,2,2022,1/1/2023,
5740,SYNTHETIC COMPANY 02739,SYNTHETIC SITE 02739,,1 Example Way,Nowhere,ZZ,00000,4841,SYNTHETIC INDUSTRY,13,21428,1,0,0,0,1,0,0,1,0,0,0,0,0,102739,1,2,2022,1/1/2023,
5741,SYNTHETIC COMPANY 02740,SYNTHETIC SITE 02740,,1 Example Way,Nowhere,ZZ,00000,3328,SYNTHETIC INDUSTRY,81,131190,2,0,0,0,0,0,0,0,0,0,0,0,0,102740,1,2,2022,1/1/2023,
5742,SYNTHETIC COMPANY 02741,SYNTHETIC SITE 02741,,1 Example Way,Nowhere,ZZ,00000,4841,SYNTHETIC INDUSTRY,21,37469,1,0,1,0,1,7,0,2,0,0,0,0,0,102741,1,2,2022,1/1/2023,
5743,SYNTHETIC COMPANY 02742,SYNTHETIC SITE 02742,,1 Example Way,Nowhere,ZZ,00000,4841,SYNTHETIC INDUSTRY,132,281555,2,0,0,0,0,0,0,0,0,0,0,0,0,102742,1,2,2022,1/1/2023,
5744,SYNTHETIC COMPANY 02743,SYNTHETIC SITE 02743,,1 Example Way,Nowhere,ZZ,00000,4451,SYNTHETIC INDUSTRY,14,29912,1,0,0,0,1,0,0,1,0,0,0,0,0,102743,1,2,2022,1/1/2023,
5745,SYNTHETIC COMPANY 02744,SYNTHETIC SITE 02744,,1 Example Way,Nowhere,ZZ,00000,6221,SYNTHETIC INDUSTRY,41,67054,2,0,0,0,0,0,0,0,0,0,0,0,0,102744,1,2,2022,1/1/2023,
5746,SYNTHETIC COMPANY 02745,SYNTHETIC SITE 02745,,1 Example Way,Nowhere,ZZ,00000,4841,SYNTHETIC INDUSTRY,21,41923,1,0,0,0,1,0,0,1,0,0,0,0,0,102745,1,2,2022,1/1/2023,
5747,SYNTHETIC COMPANY 02746,SYNTHETIC SITE 02746,,1 Example Way,Nowhere,ZZ,00000,3252,SYNTHETIC INDUSTRY,110,220951,1,0,4,3,4,28,12,11,0,0,0,0,0,102746,1,2,2022,1/1/2023,
5748,SYNTHETIC COMPANY 02747,SYNTHETIC SITE 02747,,1 Example Way,Nowhere,ZZ,00000,3115,SYNTHETIC INDUSTRY,22,42299,2,0,0,0,0,0,0,0,0,0,0,0,0,102747,1,2,2022,1/1/2023,
5749,SYNTHETIC COMPANY 02748,SYNTHETIC SITE 02748,,1 Example Way,Nowhere,ZZ,00000,4451,SYNTHETIC INDUSTRY,61,102435,2,0,0,0,0,0,0,0,0,0,0,0,0,102748,1,2,2022,1/1/2023,
5750,SYNTHETIC COMPANY 02749,SYNTHETIC SITE 02749,,1 Example Way,Nowhere,ZZ,00000,3328,SYNTHETIC INDUSTRY,126,312605,2,0,0,0,0,0,0,0,0,0,0,0,0,102749,1,2,2022,1/1/2023,
5751,SYNTHETIC COMPANY 02750,SYNTHETIC SITE 02750,,1 Example Way,Nowhere,ZZ,00000,4451,SYNTHETIC INDUSTRY,74,115255,1,0,0,1,2,0,4,3,0,0,0,0,0,102750,1,2,2022,1/1/2023,
5752,SYNTHETIC COMPANY 02751,SYNTHETIC SITE 02751,,1 Example Way,Nowhere,ZZ,00000,3328,SYNTHETIC INDUSTRY,29,68844,2,0,0,0,0,0,0,0,0,0,0,0,0,102751,1,2,2022,1/1/2023,
5753,SYNTHETIC COMPANY 02752,SYNTHETIC SITE 02752,,1 Example Way,Nowhere,ZZ,00000,3115,SYNTHETIC INDUSTRY,28,53942,2,0,0,0,0,0,0,0,0,0,0,0,0,102752,1,2,2022,1/1/2023,
5754,SYNTHETIC COMPANY 02753,SYNTHETIC SITE 02753,,1 Example Way,Nowhere,ZZ,00000,4841,SYNTHETIC INDUSTRY,143,286365,1,0,1,0,4,7,0,5,0,0,0,0,0,102753,1,2,2022,1/1/2023,
5755,SYNTHETIC COMPANY 02754,SYNTHETIC SITE 02754,,1 Example Way,Nowhere,ZZ,00000,2361,SYNTHETIC INDUSTRY,47,80623,2,0,0,0,0,0,0,0,0,0,0,0,0,102754,1,2,2022,1/1/2023,
5756,SYNTHETIC COMPANY 02755,SYNTHETIC SITE 02755,,1 Example Way,Nowhere,ZZ,00000,3251,SYNTHETIC INDUSTRY,14,27754,2,0,0,0,0,0,0,0,0,0,0,0,0,102755,1,2,2022,1/1/2023,
5757,SYNTHETIC COMPANY 02756,SYNTHETIC SITE 02756,,1 Example Way,Nowhere,ZZ,00000,4841,SYNTHETIC INDUSTRY,67,134524,1,0,1,1,0,7,4,2,0,0,0,0,0,102756,1,2,2022,1/1/2023,
5758,SYNTHETIC COMPANY 02757,SYNTHETIC SITE 02757,,1 Example Way,Nowhere,ZZ,00000,4451,SYNTHETIC INDUSTRY,49,100779,2,0,0,0,0,0,0,0,0,0,0,0,0,102757,1,2,2022,1/1/2023,
5759,SYNTHETIC COMPANY 02758,SYNTHETIC SITE 02758,,1 Example Way,Nowhere,ZZ,00000,3115,SYNTHETIC INDUSTRY,131,280850,2,0,0,0,0,0,0,0,0,0,0,0,0,102758,1,2,2022,1/1/2023,
5760,SYNTHETIC COMPANY 02759,SYNTHETIC SITE 02759,,1 Example Way,Nowhere,ZZ,00000,3115,SYNTHETIC INDUSTRY,15,28860,2,0,0,0,0,0,0,0,0,0,0,0,0,102759,1,2,2022,1/1/2023,
5761,SYNTHETIC COMPANY 02760,SYNTHETIC SITE 02760,,1 Example Way,Nowhere,ZZ,00000,3251,SYNTHETIC INDUSTRY,757,1647236,1,0,1,3,2,7,12,6,0,0,0,0,0,102760,1,2,2022,1/1/2023,
5762,SYNTHETIC COMPANY 02761,SYNTHETIC SITE 02761,,1 Example Way,Nowhere,ZZ,00000,6221,SYNTHETIC INDUSTRY,20,27466,2,0,0,0,0,0,0,0,0,0,0,0,0,102761,1,2,2022,1/1/2023,
5763,SYNTHETIC COMPANY 02762,SYNTHETIC SITE 02762,,1 Example Way,Nowhere,ZZ,00000,3252,SYNTHETIC INDUSTRY,49,99556,2,0,0,0,0,0,0,0,0,0,0,0,0,102762,1,2,2022,1/1/2023,
5764,SYNTHETIC COMPANY 02763,SYNTHETIC SITE 02763,,1 Example Way,Nowhere,ZZ,00000,3252,SYNTHETIC INDUSTRY,58,103846,2,0,0,0,0,0,0,0,0,0,0,0,0,102763,1,2,2022,1/1/2023,
5765,SYNTHETIC COMPANY 02764,SYNTHETIC SITE 02764,,1 Example Way,Nowhere,ZZ,00000,4841,SYNTHETIC INDUSTRY,61,133437,2,0,0,0,0,0,0,0,0,0,0,0,0,102764,1,2,2022,1/1/2023,
5766,SYNTHETIC COMPANY 02765,SYNTHETIC SITE 02765,,1 Example Way,Nowhere,ZZ,00000,3252,SYNTHETIC INDUSTRY,145,208473,2,0,0,0,0,0,0,0,0,0,0,0,0,102765,1,2,2022,1/1/2023,
5767,SYNTHETIC COMPANY 02766,SYNTHETIC SITE 02766,,1 Example Way,Nowhere,ZZ,00000,3115,SYNTHETIC INDUSTRY,25,41395,2,0,0,0,0,0,0,0,0,0,0,0,0,102766,1,2,2022,1/1/2023,
5768,SYNTHETIC COMPANY 02767,SYNTHETIC SITE 02767,,1 Example Way,Nowhere,ZZ,00000,4841,SYNTHETIC INDUSTRY,249,500115,2,0,0,0,0,0,0,0,0,0,0,0,0,102767,1,2,2022,1/1/2023,
5769,SYNTHETIC COMPANY 02768,SYNTHETIC SITE 02768,,1 Example Way,Nowhere,ZZ,00000,4841,SYNTHETIC INDUSTRY,5,10418,2,0,0,0,0,0,0,0,0,0,0,0,0,102768,1,2,2022,1/1/2023,
5770,SYNTHETIC COMPANY 02769,SYNTHETIC SITE 02769,,1 Example Way,Nowhere,ZZ,00000,3251,SYNTHETIC INDUSTRY,12,20112,2,0,0,0,0,0,0,0,0,0,0,0,0,102769,1,2,2022,1/1/2023,
5771,SYNTHETIC COMPANY 02770,SYNTHETIC SITE 02770,,1 Example Way,Nowhere,ZZ,00000,4841,SYNTHETIC INDUSTRY,67,132099,1,0,0,0,4,0,0,4,0,0,0,0,0,102770,1,2,2022,1/1/2023,
5772,SYNTHETIC COMPANY 02771,SYNTHETIC SITE 02771,,1 Example Way,Nowhere,ZZ,00000,4841,SYNTHETIC INDUSTRY,29,53519,1,0,0,0,1,0,0,1,0,0,0,0,0,102771,1,2,2022,1/1/2023,
5773,SYNTHETIC COMPANY 02772,SYNTHETIC SITE 02772,,1 Example Way,Nowhere,ZZ,00000,3328,SYNTHETIC INDUSTRY,18,40339,2,0,0,0,0,0,0,0,0,0,0,0,0,102772,1,2,2022,1/1/2023,
5774,SYNTHETIC COMPANY 02773,SYNTHETIC SITE 02773,,1 Example Way,Nowhere,ZZ,00000,2361,SYNTHETIC INDUSTRY,85,163134,2,0,0,0,0,0,0,0,0,0,0,0,0,102773,1,2,2022,1/1/2023,
5775,SYNTHETIC COMPANY 02774,SYNTHETIC SITE 02774,,1 Example Way,Nowhere,ZZ,00000,2361,SYNTHETIC INDUSTRY,26,61190,1,0,1,0,0,7,0,1,0,0,0,0,0,102774,1,2,2022,1/1/2023,
5776,SYNTHETIC COMPANY 02775,SYNTHETIC SITE 02775,,1 Example Way,Nowhere,ZZ,00000,3328,SYNTHETIC INDUSTRY,84,169423,1,0,0,0,1,0,0,1,0,0,0,0,0,102775,1,2,2022,1/1/2023,
5777,SYNTHETIC COMPANY 02776,SYNTHETIC SITE 02776,,1 Example Way,Nowhere,ZZ,00000,4451,SYNTHETIC INDUSTRY,64,126615,2,0,0,0,0,0,0,0,0,0,0,0,0,102776,1,2,2022,1/1/2023,
5778,SYNTHETIC COMPANY 02777,SYNTHETIC SITE 02777,,1 Example Way,Nowhere,ZZ,00000,3328,SYNTHETIC INDUSTRY,8,15376,1,0,1,0,0,7,0,1,0,0,0,0,0,102777,1,2,2022,1/1/2023,
5779,SYNTHETIC COMPANY 02778,SYNTHETIC SITE 02778,,1 Example Way,Nowhere,ZZ,00000,6221,SYNTHETIC INDUSTRY,88,184217,2,0,0,0,0,0,0,0,0,0,0,0,0,102778,1,2,2022,1/1/2023,
5780,SYNTHETIC COMPANY 02779,SYNTHETIC SITE 02779,,1 Example Way,Nowhere,ZZ,00000,6221,SYNTHETIC INDUSTRY,2,2846,2,0,0,0,0,0,0,0,0,0,0,0,0,102779,1,2,2022,1/1/2023,
5781,SYNTHETIC COMPANY 02780,SYNTHETIC SITE 02780,,1 Example Way,Nowhere,ZZ,00000,2361,SYNTHETIC INDUSTRY,70,116533,1,0,0,1,1,0,4,2,0,0,0,0,0,102780,1,2,2022,1/1/2023,
5782,SYNTHETIC COMPANY 02781,SYNTHETIC SITE 02781,,1 Example Way,Nowhere,ZZ,00000,6221,SYNTHETIC INDUSTRY,20,39840,2,0,0,0,0,0,0,0,0,0,0,0,0,102781,1,2,2022,1/1/2023,
5783,SYNTHETIC COMPANY 02782,SYNTHETIC SITE 02782,,1 Example Way,Nowhere,ZZ,00000,4451,SYNTHETIC INDUSTRY,84,164167,1,0,2,0,3,14,0,5,0,0,0,0,0,102782,1,2,2022,1/1/2023,
5784,SYNTHETIC COMPANY 02783,SYNTHETIC SITE 02783,,1 Example Way,Nowhere,ZZ,00000,4841,SYNTHETIC INDUSTRY,52,94583,1,0,0,2,0,0,8,2,0,0,0,0,0,102783,1,2,2022,1/1/2023,
5785,SYNTHETIC COMPANY 02784,SYNTHETIC SITE 02784,,1 Example Way,Nowhere,ZZ,00000,3252,SYNTHETIC INDUSTRY,350,682658,1,0,9,1,2,63,4,12,0,0,0,0,0,102784,1,2,2022,1/1/2023,
5786,SYNTHETIC COMPANY 02785,SYNTHETIC SITE 02785,,1 Example Way,Nowhere,ZZ,00000,4451,SYNTHETIC INDUSTRY,64,116716,2,0,0,0,0,0,0,0,0,0,0,0,0,102785,1,2,2022,1/1/2023,
5787,SYNTHETIC COMPANY 02786,SYNTHETIC SITE 02786,,1 Example Way,Nowhere,ZZ,00000,2361,SYNTHETIC INDUSTRY,23,39161,2,0,0,0,0,0,0,0,0,0,0,0,0,102786,1,2,2022,1/1/2023,
5788,SYNTHETIC COMPANY 02787,SYNTHETIC SITE 02787,,1 Example Way,Nowhere,ZZ,00000,3252,SYNTHETIC INDUSTRY,225,253035,2,0,0,0,0,0,0,0,0,0,0,0,0,102787,1,2,2022,1/1/2023,
5789,SYNTHETIC COMPANY 02788,SYNTHETIC SITE 02788,,1 Example Way,Nowhere,ZZ,00000,3328,SYNTHETIC INDUSTRY,185,294519,1,0,1,0,1,7,0,2,0,0,0,0,0,102788,1,2,2022,1/1/2023,
5790,SYNTHETIC COMPANY 02789,SYNTHETIC SITE 02789,,1 Example Way,Nowhere,ZZ,00000,3252,SYNTHETIC INDUSTRY,27,41111,2,0,0,0,0,0,0,0,0,0,0,0,0,102789,1,2,2022,1/1/2023,
5791,SYNTHETIC COMPANY 02790,SYNTHETIC SITE 02790,,1 Example Way,Nowhere,ZZ,00000,6221,SYNTHETIC INDUSTRY,36,66651,2,0,0,0,0,0,0,0,0,0,0,0,0,102790,1,2,2022,1/1/2023,
5792,SYNTHETIC COMPANY 02791,SYNTHETIC SITE 02791,,1 Example Way,Nowhere,ZZ,00000,3251,SYNTHETIC INDUSTRY,44,87452,1,0,2,2,1,14,8,5,0,0,0,0,0,102791,1,2,2022,1/1/2023,
5793,SYNTHETIC COMPANY 02792,SYNTHETIC SITE 02792,,1 Example Way,Nowhere,ZZ,00000,3252,SYNTHETIC INDUSTRY,22,36338,2,0,0,0,0,0,0,0,0,0,0,0,0,102792,1,2,2022,1/1/2023,
5794,SYNTHETIC COMPANY 02793,SYNTHETIC SITE 02793,,1 Example Way,Nowhere,ZZ,00000,3252,SYNTHETIC INDUSTRY,208,418586,2,0,0,0,0,0,0,0,0,0,0,0,0,102793,1,2,2022,1/1/2023,
5795,SYNTHETIC COMPANY 02794,SYNTHETIC SITE 02794,,1 Example Way,Nowhere,ZZ,00000,3115,SYNTHETIC INDUSTRY,328,623098,2,0,0,0,0,0,0,0,0,0,0,0,0,102794,1,2,2022,1/1/2023,
5796,SYNTHETIC COMPANY 02795,SYNTHETIC SITE 02795,,1 Example Way,Nowhere,ZZ,00000,6221,SYNTHETIC INDUSTRY,42,67744,1,0,0,0,1,0,0,1,0,0,0,0,0,102795,1,2,2022,1/1/2023,
5797,SYNTHETIC COMPANY 02796,SYNTHETIC SITE 02796,,1 Example Way,Nowhere,ZZ,00000,2361,SYNTHETIC INDUSTRY,834,1447372,1,0,12,13,16,84,52,41,0,0,0,0,0,102796,1,2,2022,1/1/2023,
5798,SYNTHETIC COMPANY 02797,SYNTHETIC SITE 02797,,1 Example Way,Nowhere,ZZ,00000,4841,SYNTHETIC INDUSTRY,98,138207,1,0,4,0,4,28,0,8,0,0,0,0,0,102797,1,2,2022,1/1/2023,
5799,SYNTHETIC COMPANY 02798,SYNTHETIC SITE 02798,,1 Example Way,Nowhere,ZZ,00000,3251,SYNTHETIC INDUSTRY,41,76634,2,0,0,0,0,0,0,0,0,0,0,0,0,102798,1,2,2022,1/1/2023,
5800,SYNTHETIC COMPANY 02799,SYNTHETIC SITE 02799,,1 Example Way,Nowhere,ZZ,00000,6221,SYNTHETIC INDUSTRY,47,87281,1,0,5,3,3,35,12,11,0,0,0,0,0,102799,1,2,2022,1/1/2023,
5801,SYNTHETIC COMPANY 02800,SYNTHETIC SITE 02800,,1 Example Way,Nowhere,ZZ,00000,3328,SYNTHETIC INDUSTRY,57,109057,1,0,3,0,0,21,0,3,0,0,0,0,0,102800,1,2,2022,1/1/2023,
5802,SYNTHETIC COMPANY 02801,SYNTHETIC SITE 02801,,1 Example Way,Nowhere,ZZ,00000,4841,SYNTHETIC INDUSTRY,113,214039,2,0,0,0,0,0,0,0,0,0,0,0,0,102801,1,2,2022,1/1/2023,
5803,SYNTHETIC COMPANY 02802,SYNTHETIC SITE 02802,,1 Example Way,Nowhere,ZZ,00000,6221,SYNTHETIC INDUSTRY,35,68381,2,0,0,0,0,0,0,0,0,0,0,0,0,102802,1,2,2022,1/1/2023,
5804,SYNTHETIC COMPANY 02803,SYNTHETIC SITE 02803,,1 Example Way,Nowhere,ZZ,00000,3251,SYNTHETIC INDUSTRY,4,6608,2,0,0,0,0,0,0,0,0,0,0,0,0,102803,1,2,2022,1/1/2023,
5805,SYNTHETIC COMPANY 02804,SYNTHETIC SITE 02804,,1 Example Way,Nowhere,ZZ,00000,6221,SYNTHETIC INDUSTRY,16,34225,1,0,0,0,1,0,0,1,0,0,0,0,0,102804,1,2,2022,1/1/2023,
5806,SYNTHETIC COMPANY 02805,SYNTHETIC SITE 02805,,1 Example Way,Nowhere,ZZ,00000,4841,SYNTHETIC INDUSTRY,27,538880,1,0,1,0,0,7,0,1,0,0,0,0,0,102805,1,2,2022,1/1/2023,
5807,SYNTHETIC COMPANY 02806,SYNTHETIC SITE 02806,,1 Example Way,Nowhere,ZZ,00000,3328,SYNTHETIC INDUSTRY,8,14255,2,0,0,0,0,0,0,0,0,0,0,0,0,102806,1,2,2022,1/1/2023,
5808,SYNTHETIC COMPANY 02807,SYNTHETIC SITE 02807,,1 Example Way,Nowhere,ZZ,00000,4451,SYNTHETIC INDUSTRY,111,241357,2,0,0,0,0,0,0,0,0,0,0,0,0,102807,1,2,2022,1/1/2023,
5809,SYNTHETIC COMPANY 02808,SYNTHETIC SITE 02808,,1 Example Way,Nowhere,ZZ,00000,4451,SYNTHETIC INDUSTRY,14,23413,2,0,0,0,0,0,0,0,0,0,0,0,0,102808,1,2,2022,1/1/2023,
5810,SYNTHETIC COMPANY 02809,SYNTHETIC SITE 02809,,1 Example Way,Nowhere,ZZ,00000,3328,SYNTHETIC INDUSTRY,34,61828,1,0,0,1,0,0,4,1,0,0,0,0,0,102809,1,2,2022,1/1/2023,
5811,SYNTHETIC COMPANY 02810,SYNTHETIC SITE 02810,,1 Example Way,Nowhere,ZZ,00000,4451,SYNTHETIC INDUSTRY,164,256643,2,0,0,0,0,0,0,0,0,0,0,0,0,102810,1,2,2022,1/1/2023,
5812,SYNTHETIC COMPANY 02811,SYNTHETIC SITE 02811,,1 Example Way,Nowhere,ZZ,00000,3328,SYNTHETIC INDUSTRY,71,124117,2,0,0,0,0,0,0,0,0,0,0,0,0,102811,1,2,2022,1/1/2023,
5813,SYNTHETIC COMPANY 02812,SYNTHETIC SITE 02812,,1 Example Way,Nowhere,ZZ,00000,4451,SYNTHETIC INDUSTRY,61,104312,2,0,0,0,0,0,0,0,0,0,0,0,0,102812,1,2,2022,1/1/2023,
5814,SYNTHETIC COMPANY 02813,SYNTHETIC SITE 02813,,1 Example Way,Nowhere,ZZ,00000,6221,SYNTHETIC INDUSTRY,7,12357,2,0,0,0,0,0,0,0,0,0,0,0,0,102813,1,2,2022,1/1/2023,
5815,SYNTHETIC COMPANY 02814,SYNTHETIC SITE 02814,,1 Example Way,Nowhere,ZZ,00000,2361,SYNTHETIC INDUSTRY,22,32657,2,0,0,0,0,0,0,0,0,0,0,0,0,102814,1,2,2022,1/1/2023,
5816,SYNTHETIC COMPANY 02815,SYNTHETIC SITE 02815,,1 Example Way,Nowhere,ZZ,00000,4841,SYNTHETIC INDUSTRY,51,57917,2,0,0,0,0,0,0,0,0,0,0,0,0,102815,1,2,2022,1/1/2023,
5817,SYNTHETIC COMPANY 02816,SYNTHETIC SITE 02816,,1 Example Way,Nowhere,ZZ,00000,3251,SYNTHETIC INDUSTRY,25,54602,1,0,1,0,0,7,0,1,0,0,0,0,0,102816,1,2,2022,1/1/2023,
5818,SYNTHETIC COMPANY 02817,SYNTHETIC SITE 02817,,1 Example Way,Nowhere,ZZ,00000,3252,SYNTHETIC INDUSTRY,26,51000,2,0,0,0,0,0,0,0,0,0,0,0,0,102817,1,2,2022,1/1/2023,
5819,SYNTHETIC COMPANY 02818,SYNTHETIC SITE 02818,,1 Example Way,Nowhere,ZZ,00000,3115,SYNTHETIC INDUSTRY,161,368314,2,0,0,0,0,0,0,0,0,0,0,0,0,102818,1,2,2022,1/1/2023,
5820,SYNTHETIC COMPANY 02819,SYNTHETIC SITE 02819,,1 Example Way,Nowhere,ZZ,00000,3252,SYNTHETIC INDUSTRY,49,85771,1,0,2,2,6,14,8,10,0,0,0,0,0,102819,1,2,2022,1/1/2023,
5821,SYNTHETIC COMPANY 02820,SYNTHETIC SITE 02820,,1 Example Way,Nowhere,ZZ,00000,4841,SYNTHETIC INDUSTRY,28,60735,2,0,0,0,0,0,0,0,0,0,0,0,0,102820,1,2,2022,1/1/2023,
5822,SYNTHETIC COMPANY 02821,SYNTHETIC SITE 02821,,1 Example Way,Nowhere,ZZ,00000,6221,SYNTHETIC INDUSTRY,6,10287,2,0,0,0,0,0,0,0,0,0,0,0,0,102821,1,2,2022,1/1/2023,
5823,SYNTHETIC COMPANY 02822,SYNTHETIC SITE 02822,,1 Example Way,Nowhere,ZZ,00000,3252,SYNTHETIC INDUSTRY,20,43545,2,0,0,0,0,0,0,0,0,0,0,0,0,102822,1,2,2022,1/1/2023,
5824,SYNTHETIC COMPANY 02823,SYNTHETIC SITE 02823,,1 Example Way,Nowhere,ZZ,00000,4841,SYNTHETIC INDUSTRY,32,50657000,1,0,0,0,1,0,0,1,0,0,0,0,0,102823,1,2,2022,1/1/2023,
5825,SYNTHETIC COMPANY 02824,SYNTHETIC SITE 02824,,1 Example Way,Nowhere,ZZ,00000,4841,SYNTHETIC INDUSTRY,265,595254,1,0,7,1,3,49,4,11,0,0,0,0,0,102824,1,2,2022,1/1/2023,
5826,SYNTHETIC COMPANY 02825,SYNTHETIC SITE 02825,,1 Example Way,Nowhere,ZZ,00000,3115,SYNTHETIC INDUSTRY,186,403097,2,0,0,0,0,0,0,0,0,0,0,0,0,102825,1,2,2022,1/1/2023,
5827,SYNTHETIC COMPANY 02826,SYNTHETIC SITE 02826,,1 Example Way,Nowhere,ZZ,00000,6221,SYNTHETIC INDUSTRY,82,177733,2,0,0,0,0,0,0,0,0,0,0,0,0,102826,1,2,2022,1/1/2023,
5828,SYNTHETIC COMPANY 02827,SYNTHETIC SITE 02827,,1 Example Way,Nowhere,ZZ,00000,6221,SYNTHETIC INDUSTRY,15,28778,2,0,0,0,0,0,0,0,0,0,0,0,0,102827,1,2,2022,1/1/2023,
5829,SYNTHETIC COMPANY 02828,SYNTHETIC SITE 02828,,1 Example Way,Nowhere,ZZ,00000,4841,SYNTHETIC INDUSTRY,17,41459,1,0,0,0,1,0,0,1,0,0,0,0,0,102828,1,2,2022,1/1/2023,
5830,SYNTHETIC COMPANY 02829,SYNTHETIC SITE 02829,,1 Example Way,Nowhere,ZZ,00000,3328,SYNTHETIC INDUSTRY,8,12973,2,0,0,0,0,0,0,0,0,0,0,0,0,102829,1,2,2022,1/1/2023,
5831,SYNTHETIC COMPANY 02830,SYNTHETIC SITE 02830,,1 Example Way,Nowhere,ZZ,00000,6221,SYNTHETIC INDUSTRY,95,222980,2,0,0,0,0,0,0,0,0,0,0,0,0,102830,1,2,2022,1/1/2023,
5832,SYNTHETIC COMPANY 02831,SYNTHETIC SITE 02831,,1 Example Way,Nowhere,ZZ,00000,6221,SYNTHETIC INDUSTRY,95,173895,2,0,0,0,0,0,0,0,0,0,0,0,0,102831,1,2,2022,1/1/2023,
5833,SYNTHETIC COMPANY 02832,SYNTHETIC SITE 02832,,1 Example Way,Nowhere,ZZ,00000,2361,SYNTHETIC INDUSTRY,37,46268,1,0,2,0,0,14,0,2,0,0,0,0,0,102832,1,2,2022,1/1/2023,
5834,SYNTHETIC COMPANY 02833,SYNTHETIC SITE 02833,,1 Example Way,Nowhere,ZZ,00000,3328,SYNTHETIC INDUSTRY,42,102649,2,0,0,0,0,0,0,0,0,0,0,0,0,102833,1,2,2022,1/1/2023,
5835,SYNTHETIC COMPANY 02834,SYNTHETIC SITE 02834,,1 Example Way,Nowhere,ZZ,00000,4451,SYNTHETIC INDUSTRY,24,47659,2,0,0,0,0,0,0,0,0,0,0,0,0,102834,1,2,2022,1/1/2023,
5836,SYNTHETIC COMPANY 02835,SYNTHETIC SITE 02835,,1 Example Way,Nowhere,ZZ,00000,4841,SYNTHETIC INDUSTRY,18,39477,2,0,0,0,0,0,0,0,0,0,0,0,0,102835,1,2,2022,1/1/2023,
5837,SYNTHETIC COMPANY 02836,SYNTHETIC SITE 02836,,1 Example Way,Nowhere,ZZ,00000,2361,SYNTHETIC INDUSTRY,22,44096,2,0,0,0,0,0,0,0,0,0,0,0,0,102836,1,2,2022,1/1/2023,
5838,SYNTHETIC COMPANY 02837,SYNTHETIC SITE 02837,,1 Example Way,Nowhere,ZZ,00000,3328,SYNTHETIC INDUSTRY,144,251395,2,0,0,0,0,0,0,0,0,0,0,0,0,102837,1,2,2022,1/1/2023,
5839,SYNTHETIC COMPANY 02838,SYNTHETIC SITE 02838,,1 Example Way,Nowhere,ZZ,00000,3115,SYNTHETIC INDUSTRY,9,20246,2,0,0,0,0,0,0,0,0,0,0,0,0,102838,1,2,2022,1/1/2023,
5840,SYNTHETIC COMPANY 02839,SYNTHETIC SITE 02839,,1 Example Way,Nowhere,ZZ,00000,4841,SYNTHETIC INDUSTRY,105,201210,1,0,2,1,1,14,4,4,0,0,0,0,0,102839,1,2,2022,1/1/2023,
5841,SYNTHETIC COMPANY 02840,SYNTHETIC SITE 02840,,1 Example Way,Nowhere,ZZ,00000,4841,SYNTHETIC INDUSTRY,6,11418,2,0,0,0,0,0,0,0,0,0,0,0,0,102840,1,2,2022,1/1/2023,
5842,SYNTHETIC COMPANY 02841,SYNTHETIC SITE 02841,,1 Example Way,Nowhere,ZZ,00000,3251,SYNTHETIC INDUSTRY,7,11990,2,0,0,0,0,0,0,0,0,0,0,0,0,102841,1,2,2022,1/1/2023,
5843,SYNTHETIC COMPANY 02842,SYNTHETIC SITE 02842,,1 Example Way,Nowhere,ZZ,00000,3252,SYNTHETIC INDUSTRY,40,71910,2,0,0,0,0,0,0,0,0,0,0,0,0,102842,1,2,2022,1/1/2023,
5844,SYNTHETIC COMPANY 02843,SYNTHETIC SITE 02843,,1 Example Way,Nowhere,ZZ,00000,3251,SYNTHETIC INDUSTRY,58,103357,1,0,1,0,1,7,0,2,0,0,0,0,0,102843,1,2,2022,1/1/2023,
5845,SYNTHETIC COMPANY 02844,SYNTHETIC SITE 02844,,1 Example Way,Nowhere,ZZ,00000,3251,SYNTHETIC INDUSTRY,27,62686,2,0,0,0,0,0,0,0,0,0,0,0,0,102844,1,2,2022,1/1/2023,
5846,SYNTHETIC COMPANY 02845,SYNTHETIC SITE 02845,,1 Example Way,Nowhere,ZZ,00000,3328,SYNTHETIC INDUSTRY,20,33233,1,0,1,0,2,7,0,3,0,0,0,0,0,102845,1,2,2022,1/1/2023,
5847,SYNTHETIC COMPANY 02846,SYNTHETIC SITE 02846,,1 Example Way,Nowhere,ZZ,00000,3328,SYNTHETIC INDUSTRY,16,32831,2,0,0,0,0,0,0,0,0,0,0,0,0,102846,1,2,2022,1/1/2023,
5848,SYNTHETIC COMPANY 02847,SYNTHETIC SITE 02847,,1 Example Way,Nowhere,ZZ,00000,2361,SYNTHETIC INDUSTRY,28,54507,1,0,1,0,1,7,0,2,0,0,0,0,0,102847,1,2,2022,1/1/2023,
5849,SYNTHETIC COMPANY 02848,SYNTHETIC SITE 02848,,1 Example Way,Nowhere,ZZ,00000,4451,SYNTHETIC INDUSTRY,76,148749,2,0,0,0,0,0,0,0,0,0,0,0,0,102848,1,2,2022,1/1/2023,
5850,SYNTHETIC COMPANY 02849,SYNTHETIC SITE 02849,,1 Example Way,Nowhere,ZZ,00000,3115,SYNTHETIC INDUSTRY,116,139927,1,0,1,0,0,7,0,1,0,0,0,0,0,102849,1,2,2022,1/1/2023,
5851,SYNTHETIC COMPANY 02850,SYNTHETIC SITE 02850,,1 Example Way,Nowhere,ZZ,00000,4841,SYNTHETIC INDUSTRY,230,432560,1,0,0,0,1,0,0,1,0,0,0,0,0,102850,1,2,2022,1/1/2023,
5852,SYNTHETIC COMPANY 02851,SYNTHETIC SITE 02851,,1 Example Way,Nowhere,ZZ,00000,4451,SYNTHETIC INDUSTRY,23,50610000,1,0,0,0,1,0,0,1,0,0,0,0,0,102851,1,2,2022,1/1/2023,
5853,SYNTHETIC COMPANY 02852,SYNTHETIC SITE 02852,,1 Example Way,Nowhere,ZZ,00000,6221,SYNTHETIC INDUSTRY,119,203456,2,0,0,0,0,0,0,0,0,0,0,0,0,102852,1,2,2022,1/1/2023,
5854,SYNTHETIC COMPANY 02853,SYNTHETIC SITE 02853,,1 Example Way,Nowhere,ZZ,00000,3328,SYNTHETIC INDUSTRY,28,68879,2,0,0,0,0,0,0,0,0,0,0,0,0,102853,1,2,2022,1/1/2023,
5855,SYNTHETIC COMPANY 02854,SYNTHETIC SITE 02854,,1 Example Way,Nowhere,ZZ,00000,4451,SYNTHETIC INDUSTRY,255,480872,2,0,0,0,0,0,0,0,0,0,0,0,0,102854,1,2,2022,1/1/2023,
5856,SYNTHETIC COMPANY 02855,SYNTHETIC SITE 02855,,1 Example Way,Nowhere,ZZ,00000,3115,SYNTHETIC INDUSTRY,2,2917,2,0,0,0,0,0,0,0,0,0,0,0,0,102855,1,2,2022,1/1/2023,
5857,SYNTHETIC COMPANY 02856,SYNTHETIC SITE 02856,,1 Example Way,Nowhere,ZZ,00000,4841,SYNTHETIC INDUSTRY,16,33583,1,0,0,0,2,0,0,2,0,0,0,0,0,102856,1,2,2022,1/1/2023,
5858,SYNTHETIC COMPANY 02857,SYNTHETIC SITE 02857,,1 Example Way,Nowhere,ZZ,00000,3115,SYNTHETIC INDUSTRY,52,95985,2,0,0,0,0,0,0,0,0,0,0,0,0,102857,1,2,2022,1/1/2023,
5859,SYNTHETIC COMPANY 02858,SYNTHETIC SITE 02858,,1 Example Way,Nowhere,ZZ,00000,2361,SYNTHETIC INDUSTRY,51,71797,2,0,0,0,0,0,0,0,0,0,0,0,0,102858,1,2,2022,1/1/2023,
5860,SYNTHETIC COMPANY 02859,SYNTHETIC SITE 02859,,1 Example Way,Nowhere,ZZ,00000,4841,SYNTHETIC INDUSTRY,12,23754,2,0,0,0,0,0,0,0,0,0,0,0,0,102859,1,2,2022,1/1/2023,
5861,SYNTHETIC COMPANY 02860,SYNTHETIC SITE 02860,,1 Example Way,Nowhere,ZZ,00000,3252,SYNTHETIC INDUSTRY,22,37010,2,0,0,0,0,0,0,0,0,0,0,0,0,102860,1,2,2022,1/1/2023,
5862,SYNTHETIC COMPANY 02861,SYNTHETIC SITE 02861,,1 Example Way,Nowhere,ZZ,00000,4451,SYNTHETIC INDUSTRY,63,122060,2,0,0,0,0,0,0,0,0,0,0,0,0,102861,1,2,2022,1/1/2023,
5863,SYNTHETIC COMPANY 02862,SYNTHETIC SITE 02862,,1 Example Way,Nowhere,ZZ,00000,4841,SYNTHETIC INDUSTRY,34,80819,2,0,0,0,0,0,0,0,0,0,0,0,0,102862,1,2,2022,1/1/2023,
5864,SYNTHETIC COMPANY 02863,SYNTHETIC SITE 02863,,1 Example Way,Nowhere,ZZ,00000,6221,SYNTHETIC INDUSTRY,50,104334,2,0,0,0,0,0,0,0,0,0,0,0,0,102863,1,2,2022,1/1/2023,
5865,SYNTHETIC COMPANY 02864,SYNTHETIC SITE 02864,,1 Example Way,Nowhere,ZZ,00000,6221,SYNTHETIC INDUSTRY,12,22045,2,0,0,0,0,0,0,0,0,0,0,0,0,102864,1,2,2022,1/1/2023,
5866,SYNTHETIC COMPANY 02865,SYNTHETIC SITE 02865,,1 Example Way,Nowhere,ZZ,00000,3115,SYNTHETIC INDUSTRY,177,335013,1,0,4,3,4,28,12,11,0,0,0,0,0,102865,1,2,2022,1/1/2023,
5867,SYNTHETIC COMPANY 02866,SYNTHETIC SITE 02866,,1 Example Way,Nowhere,ZZ,00000,3328,SYNTHETIC INDUSTRY,41,67054,1,0,0,0,1,0,0,1,0,0,0,0,0,102866,1,2,2022,1/1/2023,
5868,SYNTHETIC COMPANY 02867,SYNTHETIC SITE 02867,,1 Example Way,Nowhere,ZZ,00000,3328,SYNTHETIC INDUSTRY,27,44889,2,0,0,0,0,0,0,0,0,0,0,0,0,102867,1,2,2022,1/1/2023,
5869,SYNTHETIC COMPANY 02868,SYNTHETIC SITE 02868,,1 Example Way,Nowhere,ZZ,00000,3251,SYNTHETIC INDUSTRY,113,213101,1,0,1,0,0,7,0,1,0,0,0,0,0,102868,1,2,2022,1/1/2023,
5870,SYNTHETIC COMPANY 02869,SYNTHETIC SITE 02869,,1 Example Way,Nowhere,ZZ,00000,4451,SYNTHETIC INDUSTRY,90,169922,2,0,0,0,0,0,0,0,0,0,0,0,0,102869,1,2,2022,1/1/2023,
5871,SYNTHETIC COMPANY 02870,SYNTHETIC SITE 02870,,1 Example Way,Nowhere,ZZ,00000,6221,SYNTHETIC INDUSTRY,16,30036,2,0,0,0,0,0,0,0,0,0,0,0,0,102870,1,2,2022,1/1/2023,
5872,SYNTHETIC COMPANY 02871,SYNTHETIC SITE 02871,,1 Example Way,Nowhere,ZZ,00000,3252,SYNTHETIC INDUSTRY,40,59120,1,0,1,0,0,7,0,1,0,0,0,0,0,102871,1,2,2022,1/1/2023,
5873,SYNTHETIC COMPANY 02872,SYNTHETIC SITE 02872,,1 Example Way,Nowhere,ZZ,00000,3252,SYNTHETIC INDUSTRY,51,83574,1,0,0,0,1,0,0,1,0,0,0,0,0,102872,1,2,2022,1/1/2023,
5874,SYNTHETIC COMPANY 02873,SYNTHETIC SITE 02873,,1 Example Way,Nowhere,ZZ,00000,2361,SYNTHETIC INDUSTRY,166,326759,2,0,0,0,0,0,0,0,0,0,0,0,0,102873,1,2,2022,1/1/2023,
5875,SYNTHETIC COMPANY 02874,SYNTHETIC SITE 02874,,1 Example Way,Nowhere,ZZ,00000,6221,SYNTHETIC INDUSTRY,18,31822,2,0,0,0,0,0,0,0,0,0,0,0,0,102874,1,2,2022,1/1/2023,
5876,SYNTHETIC COMPANY 02875,SYNTHETIC SITE 02875,,1 Example Way,Nowhere,ZZ,00000,4841,SYNTHETIC INDUSTRY,59,121141,2,0,0,0,0,0,0,0,0,0,0,0,0,102875,1,2,2022,1/1/2023,
5877,SYNTHETIC COMPANY 02876,SYNTHETIC SITE 02876,,1 Example Way,Nowhere,ZZ,00000,2361,SYNTHETIC INDUSTRY,11,19238,2,0,0,0,0,0,0,0,0,0,0,0,0,102876,1,2,2022,1/1/2023,
5878,SYNTHETIC COMPANY 02877,SYNTHETIC SITE 02877,,1 Example Way,Nowhere,ZZ,00000,3251,SYNTHETIC INDUSTRY,128,258265,1,0,1,0,4,7,0,5,0,0,0,0,0,102877,1,2,2022,1/1/2023,
5879,SYNTHETIC COMPANY 02878,SYNTHETIC SITE 02878,,1 Example Way,Nowhere,ZZ,00000,2361,SYNTHETIC INDUSTRY,145,237882,1,0,0,1,4,0,4,5,0,0,0,0,0,102878,1,2,2022,1/1/2023,
5880,SYNTHETIC COMPANY 02879,SYNTHETIC SITE 02879,,1 Example Way,Nowhere,ZZ,00000,3115,SYNTHETIC INDUSTRY,42,76659,2,0,0,0,0,0,0,0,0,0,0,0,0,102879,1,2,2022,1/1/2023,
5881,SYNTHETIC COMPANY 02880,SYNTHETIC SITE 02880,,1 Example Way,Nowhere,ZZ,00000,3328,SYNTHETIC INDUSTRY,10,13308,2,0,0,0,0,0,0,0,0,0,0,0,0,102880,1,2,2022,1/1/2023,
5882,SYNTHETIC COMPANY 02881,SYNTHETIC SITE 02881,,1 Example Way,Nowhere,ZZ,00000,3251,SYNTHETIC INDUSTRY,59,108293,2,0,0,0,0,0,0,0,0,0,0,0,0,102881,1,2,2022,1/1/2023,
5883,SYNTHETIC COMPANY 02882,SYNTHETIC SITE 02882,,1 Example Way,Nowhere,ZZ,00000,6221,SYNTHETIC INDUSTRY,19,36305,2,0,0,0,0,0,0,0,0,0,0,0,0,102882,1,2,2022,1/1/2023,
5884,SYNTHETIC COMPANY 02883,SYNTHETIC SITE 02883,,1 Example Way,Nowhere,ZZ,00000,3115,SYNTHETIC INDUSTRY,224,339877,1,0,3,0,5,21,0,8,0,0,0,0,0,102883,1,2,2022,1/1/2023,
5885,SYNTHETIC COMPANY 02884,SYNTHETIC SITE 02884,,1 Example Way,Nowhere,ZZ,00000,3115,SYNTHETIC INDUSTRY,22,50555,2,0,0,0,0,0,0,0,0,0,0,0,0,102884,1,2,2022,1/1/2023,
5886,SYNTHETIC COMPANY 02885,SYNTHETIC SITE 02885,,1 Example Way,Nowhere,ZZ,00000,4451,SYNTHETIC INDUSTRY,23,44880,1,0,1,0,0,7,0,1,0,0,0,0,0,102885,1,2,2022,1/1/2023,
5887,SYNTHETIC COMPANY 02886,SYNTHETIC SITE 02886,,1 Example Way,Nowhere,ZZ,00000,4451,SYNTHETIC INDUSTRY,175,336223,1,0,6,0,11,42,0,17,0,0,0,0,0,102886,1,2,2022,1/1/2023,
5888,SYNTHETIC COMPANY 02887,SYNTHETIC SITE 02887,,1 Example Way,Nowhere,ZZ,00000,6221,SYNTHETIC INDUSTRY,108,112375,2,0,0,0,0,0,0,0,0,0,0,0,0,102887,1,2,2022,1/1/2023,
5889,SYNTHETIC COMPANY 02888,SYNTHETIC SITE 02888,,1 Example Way,Nowhere,ZZ,00000,6221,SYNTHETIC INDUSTRY,122,289539,1,0,2,3,7,14,12,12,0,0,0,0,0,102888,1,2,2022,1/1/2023,
5890,SYNTHETIC COMPANY 02889,SYNTHETIC SITE 02889,,1 Example Way,Nowhere,ZZ,00000,3251,SYNTHETIC INDUSTRY,10,14724,1,0,0,0,1,0,0,1,0,0,0,0,0,102889,1,2,2022,1/1/2023,
5891,SYNTHETIC COMPANY 02890,SYNTHETIC SITE 02890,,1 Example Way,Nowhere,ZZ,00000,3115,SYNTHETIC INDUSTRY,36,74614,2,0,0,0,0,0,0,0,0,0,0,0,0,102890,1,2,2022,1/1/2023,
5892,SYNTHETIC COMPANY 02891,SYNTHETIC SITE 02891,,1 Example Way,Nowhere,ZZ,00000,3251,SYNTHETIC INDUSTRY,624,1193211,2,0,0,0,0,0,0,0,0,0,0,0,0,102891,1,2,2022,1/1/2023,
5893,SYNTHETIC COMPANY 02892,SYNTHETIC SITE 02892,,1 Example Way,Nowhere,ZZ,00000,3328,SYNTHETIC INDUSTRY,54,126456,2,0,0,0,0,0,0,0,0,0,0,0,0,102892,1,2,2022,1/1/2023,
5894,SYNTHETIC COMPANY 02893,SYNTHETIC SITE 02893,,1 Example Way,Nowhere,ZZ,00000,3251,SYNTHETIC INDUSTRY,36,86331,2,0,0,0,0,0,0,0,0,0,0,0,0,102893,1,2,2022,1/1/2023,
5895,SYNTHETIC COMPANY 02894,SYNTHETIC SITE 02894,,1 Example Way,Nowhere,ZZ,00000,3251,SYNTHETIC INDUSTRY,38,74693,1,0,1,1,2,7,4,4,0,0,0,0,0,102894,1,2,2022,1/1/2023,
5896,SYNTHETIC COMPANY 02895,SYNTHETIC SITE 02895,,1 Example Way,Nowhere,ZZ,00000,6221,SYNTHETIC INDUSTRY,118,20855900000,2,0,0,0,0,0,0,0,0,0,0,0,0,102895,1,2,2022,1/1/2023,
5897,SYNTHETIC COMPANY 02896,SYNTHETIC SITE 02896,,1 Example Way,Nowhere,ZZ,00000,3252,SYNTHETIC INDUSTRY,47,118113,1,0,0,0,1,0,0,1,0,0,0,0,0,102896,1,2,2022,1/1/2023,
5898,SYNTHETIC COMPANY 02897,SYNTHETIC SITE 02897,,1 Example Way,Nowhere,ZZ,00000,4841,SYNTHETIC INDUSTRY,136,243354,1,0,0,0,1,0,0,1,0,0,0,0,0,102897,1,2,2022,1/1/2023,
5899,SYNTHETIC COMPANY 02898,SYNTHETIC SITE 02898,,1 Example Way,Nowhere,ZZ,00000,2361,SYNTHETIC INDUSTRY,9,16147,2,0,0,0,0,0,0,0,0,0,0,0,0,102898,1,2,2022,1/1/2023,
5900,SYNTHETIC COMPANY 02899,SYNTHETIC SITE 02899,,1 Example Way,Nowhere,ZZ,00000,4841,SYNTHETIC INDUSTRY,71,1064140,1,0,1,2,2,7,8,5,0,0,0,0,0,102899,1,2,2022,1/1/2023,
5901,SYNTHETIC COMPANY 02900,SYNTHETIC SITE 02900,,1 Example Way,Nowhere,ZZ,00000,3115,SYNTHETIC INDUSTRY,79,107857,2,0,0,0,0,0,0,0,0,0,0,0,0,102900,1,2,2022,1/1/2023,
5902,SYNTHETIC COMPANY 02901,SYNTHETIC SITE 02901,,1 Example Way,Nowhere,ZZ,00000,3252,SYNTHETIC INDUSTRY,17,26270,2,0,0,0,0,0,0,0,0,0,0,0,0,102901,1,2,2022,1/1/2023,
5903,SYNTHETIC COMPANY 02902,SYNTHETIC SITE 02902,,1 Example Way,Nowhere,ZZ,00000,3251,SYNTHETIC INDUSTRY,19,30627,2,0,0,0,0,0,0,0,0,0,0,0,0,102902,1,2,2022,1/1/2023,
5904,SYNTHETIC COMPANY 02903,SYNTHETIC SITE 02903,,1 Example Way,Nowhere,ZZ,00000,4451,SYNTHETIC INDUSTRY,52,78618,2,0,0,0,0,0,0,0,0,0,0,0,0,102903,1,2,2022,1/1/2023,
5905,SYNTHETIC COMPANY 02904,SYNTHETIC SITE 02904,,1 Example Way,Nowhere,ZZ,00000,3251,SYNTHETIC INDUSTRY,57,83706,2,0,0,0,0,0,0,0,0,0,0,0,0,102904,1,2,2022,1/1/2023,
5906,SYNTHETIC COMPANY 02905,SYNTHETIC SITE 02905,,1 Example Way,Nowhere,ZZ,00000,4841,SYNTHETIC INDUSTRY,167,282660,2,0,0,0,0,0,0,0,0,0,0,0,0,102905,1,2,2022,1/1/2023,
5907,SYNTHETIC COMPANY 02906,SYNTHETIC SITE 02906,,1 Example Way,Nowhere,ZZ,00000,4841,SYNTHETIC INDUSTRY,126,293765,1,0,0,0,1,0,0,1,0,0,0,0,0,102906,1,2,2022,1/1/2023,
5908,SYNTHETIC COMPANY 02907,SYNTHETIC SITE 02907,,1 Example Way,Nowhere,ZZ,00000,2361,SYNTHETIC INDUSTRY,37,70081,2,0,0,0,0,0,0,0,0,0,0,0,0,102907,1,2,2022,1/1/2023,
5909,SYNTHETIC COMPANY 02908,SYNTHETIC SITE 02908,,1 Example Way,Nowhere,ZZ,00000,6221,SYNTHETIC INDUSTRY,171,293006,1,0,8,1,7,56,4,16,0,0,0,0,0,102908,1,2,2022,1/1/2023,
5910,SYNTHETIC COMPANY 02909,SYNTHETIC SITE 02909,,1 Example Way,Nowhere,ZZ,00000,2361,SYNTHETIC INDUSTRY,9,16125,2,0,0,0,0,0,0,0,0,0,0,0,0,102909,1,2,2022,1/1/2023,
5911,SYNTHETIC COMPANY 02910,SYNTHETIC SITE 02910,,1 Example Way,Nowhere,ZZ,00000,4451,SYNTHETIC INDUSTRY,36,68439,1,0,1,0,1,7,0,2,0,0,0,0,0,102910,1,2,2022,1/1/2023,
5912,SYNTHETIC COMPANY 02911,SYNTHETIC SITE 02911,,1 Example Way,Nowhere,ZZ,00000,4841,SYNTHETIC INDUSTRY,55,105164,1,0,1,1,0,7,4,2,0,0,0,0,0,102911,1,2,2022,1/1/2023,
5913,SYNTHETIC COMPANY 02912,SYNTHETIC SITE 02912,,1 Example Way,Nowhere,ZZ,00000,4841,SYNTHETIC INDUSTRY,31,59654,2,0,0,0,0,0,0,0,0,0,0,0,0,102912,1,2,2022,1/1/2023,
5914,SYNTHETIC COMPANY 02913,SYNTHETIC SITE 02913,,1 Example Way,Nowhere,ZZ,00000,6221,SYNTHETIC INDUSTRY,47,75378,2,0,0,0,0,0,0,0,0,0,0,0,0,102913,1,2,2022,1/1/2023,
5915,SYNTHETIC COMPANY 02914,SYNTHETIC SITE 02914,,1 Example Way,Nowhere,ZZ,00000,4451,SYNTHETIC INDUSTRY,80,157356,2,0,0,0,0,0,0,0,0,0,0,0,0,102914,1,2,2022,1/1/2023,
5916,SYNTHETIC COMPANY 02915,SYNTHETIC SITE 02915,,1 Example Way,Nowhere,ZZ,00000,4451,SYNTHETIC INDUSTRY,20,31556,2,0,0,0,0,0,0,0,0,0,0,0,0,102915,1,2,2022,1/1/2023,
5917,SYNTHETIC COMPANY 02916,SYNTHETIC SITE 02916,,1 Example Way,Nowhere,ZZ,00000,6221,SYNTHETIC INDUSTRY,10,16856,2,0,0,0,0,0,0,0,0,0,0,0,0,102916,1,2,2022,1/1/2023,
5918,SYNTHETIC COMPANY 02917,SYNTHETIC SITE 02917,,1 Example Way,Nowhere,ZZ,00000,2361,SYNTHETIC INDUSTRY,57,107055,2,0,0,0,0,0,0,0,0,0,0,0,0,102917,1,2,2022,1/1/2023,
5919,SYNTHETIC COMPANY 02918,SYNTHETIC SITE 02918,,1 Example Way,Nowhere,ZZ,00000,2361,SYNTHETIC INDUSTRY,62,117417,2,0,0,0,0,0,0,0,0,0,0,0,0,102918,1,2,2022,1/1/2023,
5920,SYNTHETIC COMPANY 02919,SYNTHETIC SITE 02919,,1 Example Way,Nowhere,ZZ,00000,2361,SYNTHETIC INDUSTRY,16,34209,1,0,1,1,0,7,4,2,0,0,0,0,0,102919,1,2,2022,1/1/2023,
5921,SYNTHETIC COMPANY 02920,SYNTHETIC SITE 02920,,1 Example Way,Nowhere,ZZ,00000,3115,SYNTHETIC INDUSTRY,65,152554,1,0,2,0,1,14,0,3,0,0,0,0,0,102920,1,2,2022,1/1/2023,
5922,SYNTHETIC COMPANY 02921,SYNTHETIC SITE 02921,,1 Example Way,Nowhere,ZZ,00000,3251,SYNTHETIC INDUSTRY,18,31908,2,0,0,0,0,0,0,0,0,0,0,0,0,102921,1,2,2022,1/1/2023,
5923,SYNTHETIC COMPANY 02922,SYNTHETIC SITE 02922,,1 Example Way,Nowhere,ZZ,00000,2361,SYNTHETIC INDUSTRY,5,10408,2,0,0,0,0,0,0,0,0,0,0,0,0,102922,1,2,2022,1/1/2023,
5924,SYNTHETIC COMPANY 02923,SYNTHETIC SITE 02923,,1 Example Way,Nowhere,ZZ,00000,3328,SYNTHETIC INDUSTRY,37,72619,1,0,1,0,0,7,0,1,0,0,0,0,0,102923,1,2,2022,1/1/2023,
5925,SYNTHETIC COMPANY 02924,SYNTHETIC SITE 02924,,1 Example Way,Nowhere,ZZ,00000,4451,SYNTHETIC INDUSTRY,164,329382,1,0,4,4,5,28,16,13,0,0,0,0,0,102924,1,2,2022,1/1/2023,
5926,SYNTHETIC COMPANY 02925,SYNTHETIC SITE 02925,,1 Example Way,Nowhere,ZZ,00000,4451,SYNTHETIC INDUSTRY,108,230652,1,0,2,2,5,14,8,9,0,0,0,0,0,102925,1,2,2022,1/1/2023,
5927,SYNTHETIC COMPANY 02926,SYNTHETIC SITE 02926,,1 Example Way,Nowhere,ZZ,00000,3115,SYNTHETIC INDUSTRY,111,186787,2,0,0,0,0,0,0,0,0,0,0,0,0,102926,1,2,2022,1/1/2023,
5928,SYNTHETIC COMPANY 02927,SYNTHETIC SITE 02927,,1 Example Way,Nowhere,ZZ,00000,6221,SYNTHETIC INDUSTRY,29,48174,2,0,0,0,0,0,0,0,0,0,0,0,0,102927,1,2,2022,1/1/2023,
5929,SYNTHETIC COMPANY 02928,SYNTHETIC SITE 02928,,1 Example Way,Nowhere,ZZ,00000,3328,SYNTHETIC INDUSTRY,71,158956,1,0,2,3,3,14,12,8,0,0,0,0,0,102928,1,2,2022,1/1/2023,
5930,SYNTHETIC COMPANY 02929,SYNTHETIC SITE 02929,,1 Example Way,Nowhere,ZZ,00000,3252,SYNTHETIC INDUSTRY,140,246284,1,0,0,2,0,0,8,2,0,0,0,0,0,102929,1,2,2022,1/1/2023,
5931,SYNTHETIC COMPANY 02930,SYNTHETIC SITE 02930,,1 Example Way,Nowhere,ZZ,00000,6221,SYNTHETIC INDUSTRY,68,129594,1,0,0,1,2,0,4,3,0,0,0,0,0,102930,1,2,2022,1/1/2023,
5932,SYNTHETIC COMPANY 02931,SYNTHETIC SITE 02931,,1 Example Way,Nowhere,ZZ,00000,3328,SYNTHETIC INDUSTRY,25,49991,2,0,0,0,0,0,0,0,0,0,0,0,0,102931,1,2,2022,1/1/2023,
5933,SYNTHETIC COMPANY 02932,SYNTHETIC SITE 02932,,1 Example Way,Nowhere,ZZ,00000,3115,SYNTHETIC INDUSTRY,48,109791,1,0,0,1,1,0,4,2,0,0,0,0,0,102932,1,2,2022,1/1/2023,
5934,SYNTHETIC COMPANY 02933,SYNTHETIC SITE 02933,,1 Example Way,Nowhere,ZZ,00000,3115,SYNTHETIC INDUSTRY,39,56741,1,0,2,0,2,14,0,4,0,0,0,0,0,102933,1,2,2022,1/1/2023,
5935,SYNTHETIC COMPANY 02934,SYNTHETIC SITE 02934,,1 Example Way,Nowhere,ZZ,00000,2361,SYNTHETIC INDUSTRY,52,91597,2,0,0,0,0,0,0,0,0,0,0,0,0,102934,1,2,2022,1/1/2023,
5936,SYNTHETIC COMPANY 02935,SYNTHETIC SITE 02935,,1 Example Way,Nowhere,ZZ,00000,3252,SYNTHETIC INDUSTRY,233,534454,1,0,4,0,5,28,0,9,0,0,0,0,0,102935,1,2,2022,1/1/2023,
5937,SYNTHETIC COMPANY 02936,SYNTHETIC SITE 02936,,1 Example Way,Nowhere,ZZ,00000,3328,SYNTHETIC INDUSTRY,29,39250,2,0,0,0,0,0,0,0,0,0,0,0,0,102936,1,2,2022,1/1/2023,
5938,SYNTHETIC COMPANY 02937,SYNTHETIC SITE 02937,,1 Example Way,Nowhere,ZZ,00000,2361,SYNTHETIC INDUSTRY,10,19058,2,0,0,0,0,0,0,0,0,0,0,0,0,102937,1,2,2022,1/1/2023,
5939,SYNTHETIC COMPANY 02938,SYNTHETIC SITE 02938,,1 Example Way,Nowhere,ZZ,00000,3115,SYNTHETIC INDUSTRY,53,102179,2,0,0,0,0,0,0,0,0,0,0,0,0,102938,1,2,2022,1/1/2023,
5940,SYNTHETIC COMPANY 02939,SYNTHETIC SITE 02939,,1 Example Way,Nowhere,ZZ,00000,3251,SYNTHETIC INDUSTRY,56,118754,2,0,0,0,0,0,0,0,0,0,0,0,0,102939,1,2,2022,1/1/2023,
5941,SYNTHETIC COMPANY 02940,SYNTHETIC SITE 02940,,1 Example Way,Nowhere,ZZ,00000,3115,SYNTHETIC INDUSTRY,31,52338,1,0,0,1,0,0,4,1,0,0,0,0,0,102940,1,2,2022,1/1/2023,
5942,SYNTHETIC COMPANY 02941,SYNTHETIC SITE 02941,,1 Example Way,Nowhere,ZZ,00000,4451,SYNTHETIC INDUSTRY,12,23243,1,0,1,0,0,7,0,1,0,0,0,0,0,102941,1,2,2022,1/1/2023,
5943,SYNTHETIC COMPANY 02942,SYNTHETIC SITE 02942,,1 Example Way,Nowhere,ZZ,00000,6221,SYNTHETIC INDUSTRY,257,539219,1,0,3,8,6,21,32,17,0,0,0,0,0,102942,1,2,2022,1/1/2023,
5944,SYNTHETIC COMPANY 02943,SYNTHETIC SITE 02943,,1 Example Way,Nowhere,ZZ,00000,4841,SYNTHETIC INDUSTRY,49,106876,2,0,0,0,0,0,0,0,0,0,0,0,0,102943,1,2,2022,1/1/2023,
5945,SYNTHETIC COMPANY 02944,SYNTHETIC SITE 02944,,1 Example Way,Nowhere,ZZ,00000,6221,SYNTHETIC INDUSTRY,440,958239,1,0,6,5,9,42,20,20,0,0,0,0,0,102944,1,2,2022,1/1/2023,
5946,SYNTHETIC COMPANY 02945,SYNTHETIC SITE 02945,,1 Example Way,Nowhere,ZZ,00000,2361,SYNTHETIC INDUSTRY,10,20278,2,0,0,0,0,0,0,0,0,0,0,0,0,102945,1,2,2022,1/1/2023,
5947,SYNTHETIC COMPANY 02946,SYNTHETIC SITE 02946,,1 Example Way,Nowhere,ZZ,00000,4451,SYNTHETIC INDUSTRY,186,216509,1,0,2,2,3,14,8,7,0,0,0,0,0,102946,1,2,2022,1/1/2023,
5948,SYNTHETIC COMPANY 02947,SYNTHETIC SITE 02947,,1 Example Way,Nowhere,ZZ,00000,2361,SYNTHETIC INDUSTRY,59,107467,1,0,1,0,0,7,0,1,0,0,0,0,0,102947,1,2,2022,1/1/2023,
5949,SYNTHETIC COMPANY 02948,SYNTHETIC SITE 02948,,1 Example Way,Nowhere,ZZ,00000,3252,SYNTHETIC INDUSTRY,17,30240,2,0,0,0,0,0,0,0,0,0,0,0,0,102948,1,2,2022,1/1/2023,
5950,SYNTHETIC COMPANY 02949,SYNTHETIC SITE 02949,,1 Example Way,Nowhere,ZZ,00000,3251,SYNTHETIC INDUSTRY,7,9906,2,0,0,0,0,0,0,0,0,0,0,0,0,102949,1,2,2022,1/1/2023,
5951,SYNTHETIC COMPANY 02950,SYNTHETIC SITE 02950,,1 Example Way,Nowhere,ZZ,00000,3115,SYNTHETIC INDUSTRY,33,70193,2,0,0,0,0,0,0,0,0,0,0,0,0,102950,1,2,2022,1/1/2023,
5952,SYNTHETIC COMPANY 02951,SYNTHETIC SITE 02951,,1 Example Way,Nowhere,ZZ,00000,3328,SYNTHETIC INDUSTRY,15,28752,2,0,0,0,0,0,0,0,0,0,0,0,0,102951,1,2,2022,1/1/2023,
5953,SYNTHETIC COMPANY 02952,SYNTHETIC SITE 02952,,1 Example Way,Nowhere,ZZ,00000,3252,SYNTHETIC INDUSTRY,10,18315,1,0,1,0,0,7,0,1,0,0,0,0,0,102952,1,2,2022,1/1/2023,
5954,SYNTHETIC COMPANY 02953,SYNTHETIC SITE 02953,,1 Example Way,Nowhere,ZZ,00000,6221,SYNTHETIC INDUSTRY,5,8901,2,0,0,0,0,0,0,0,0,0,0,0,0,102953,1,2,2022,1/1/2023,
5955,SYNTHETIC COMPANY 02954,SYNTHETIC SITE 02954,,1 Example Way,Nowhere,ZZ,00000,3115,SYNTHETIC INDUSTRY,10,18552,2,0,0,0,0,0,0,0,0,0,0,0,0,102954,1,2,2022,1/1/2023,
5956,SYNTHETIC COMPANY 02955,SYNTHETIC SITE 02955,,1 Example Way,Nowhere,ZZ,00000,3251,SYNTHETIC INDUSTRY,50,80395,1,0,1,0,1,7,0,2,0,0,0,0,0,102955,1,2,2022,1/1/2023,
5957,SYNTHETIC COMPANY 02956,SYNTHETIC SITE 02956,,1 Example Way,Nowhere,ZZ,00000,3328,SYNTHETIC INDUSTRY,38,69741,1,0,0,2,0,0,8,2,0,0,0,0,0,102956,1,2,2022,1/1/2023,
5958,SYNTHETIC COMPANY 02957,SYNTHETIC SITE 02957,,1 Example Way,Nowhere,ZZ,00000,3328,SYNTHETIC INDUSTRY,45,87303,2,0,0,0,0,0,0,0,0,0,0,0,0,102957,1,2,2022,1/1/2023,
5959,SYNTHETIC COMPANY 02958,SYNTHETIC SITE 02958,,1 Example Way,Nowhere,ZZ,00000,3115,SYNTHETIC INDUSTRY,8,16696,2,0,0,0,0,0,0,0,0,0,0,0,0,102958,1,2,2022,1/1/2023,
5960,SYNTHETIC COMPANY 02959,SYNTHETIC SITE 02959,,1 Example Way,Nowhere,ZZ,00000,3251,SYNTHETIC INDUSTRY,202,457137,1,0,1,0,2,7,0,3,0,0,0,0,0,102959,1,2,2022,1/1/2023,
5961,SYNTHETIC COMPANY 02960,SYNTHETIC SITE 02960,,1 Example Way,Nowhere,ZZ,00000,3251,SYNTHETIC INDUSTRY,21,40348,2,0,0,0,0,0,0,0,0,0,0,0,0,102960,1,2,2022,1/1/2023,
5962,SYNTHETIC COMPANY 02961,SYNTHETIC SITE 02961,,1 Example Way,Nowhere,ZZ,00000,3115,SYNTHETIC INDUSTRY,26,47951,1,0,0,1,0,0,4,1,0,0,0,0,0,102961,1,2,2022,1/1/2023,
5963,SYNTHETIC COMPANY 02962,SYNTHETIC SITE 02962,,1 Example Way,Nowhere,ZZ,00000,4841,SYNTHETIC INDUSTRY,12,25455,2,0,0,0,0,0,0,0,0,0,0,0,0,102962,1,2,2022,1/1/2023,
5964,SYNTHETIC COMPANY 02963,SYNTHETIC SITE 02963,,1 Example Way,Nowhere,ZZ,00000,4451,SYNTHETIC INDUSTRY,38,74013,1,0,1,0,0,7,0,1,0,0,0,0,0,102963,1,2,2022,1/1/2023,
5965,SYNTHETIC COMPANY 02964,SYNTHETIC SITE 02964,,1 Example Way,Nowhere,ZZ,00000,2361,SYNTHETIC INDUSTRY,55,10287600000,1,0,1,0,0,7,0,1,0,0,0,0,0,102964,1,2,2022,1/1/2023,
5966,SYNTHETIC COMPANY 02965,SYNTHETIC SITE 02965,,1 Example Way,Nowhere,ZZ,00000,3115,SYNTHETIC INDUSTRY,18,32333,2,0,0,0,0,0,0,0,0,0,0,0,0,102965,1,2,2022,1/1/2023,
5967,SYNTHETIC COMPANY 02966,SYNTHETIC SITE 02966,,1 Example Way,Nowhere,ZZ,00000,3251,SYNTHETIC INDUSTRY,239,426603,1,0,24,16,38,168,64,78,0,0,0,0,0,102966,1,2,2022,1/1/2023,
5968,SYNTHETIC COMPANY 02967,SYNTHETIC SITE 02967,,1 Example Way,Nowhere,ZZ,00000,3251,SYNTHETIC INDUSTRY,16,35072,2,0,0,0,0,0,0,0,0,0,0,0,0,102967,1,2,2022,1/1/2023,
5969,SYNTHETIC COMPANY 02968,SYNTHETIC SITE 02968,,1 Example Way,Nowhere,ZZ,00000,3252,SYNTHETIC INDUSTRY,229,349676,1,0,2,1,3,14,4,6,0,0,0,0,0,102968,1,2,2022,1/1/2023,
5970,SYNTHETIC COMPANY 02969,SYNTHETIC SITE 02969,,1 Example Way,Nowhere,ZZ,00000,3252,SYNTHETIC INDUSTRY,18,35317,2,0,0,0,0,0,0,0,0,0,0,0,0,102969,1,2,2022,1/1/2023,
5971,SYNTHETIC COMPANY 02970,SYNTHETIC SITE 02970,,1 Example Way,Nowhere,ZZ,00000,6221,SYNTHETIC INDUSTRY,46,102228,1,0,1,1,0,7,4,2,0,0,0,0,0,102970,1,2,2022,1/1/2023,
5972,SYNTHETIC COMPANY 02971,SYNTHETIC SITE 02971,,1 Example Way,Nowhere,ZZ,00000,4451,SYNTHETIC INDUSTRY,24,59298,2,0,0,0,0,0,0,0,0,0,0,0,0,102971,1,2,2022,1/1/2023,
5973,SYNTHETIC COMPANY 02972,SYNTHETIC SITE 02972,,1 Example Way,Nowhere,ZZ,00000,4841,SYNTHETIC INDUSTRY,11,21682,2,0,0,0,0,0,0,0,0,0,0,0,0,102972,1,2,2022,1/1/2023,
5974,SYNTHETIC COMPANY 02973,SYNTHETIC SITE 02973,,1 Example Way,Nowhere,ZZ,00000,3251,SYNTHETIC INDUSTRY,10,17753,2,0,0,0,0,0,0,0,0,0,0,0,0,102973,1,2,2022,1/1/2023,
5975,SYNTHETIC COMPANY 02974,SYNTHETIC SITE 02974,,1 Example Way,Nowhere,ZZ,00000,3328,SYNTHETIC INDUSTRY,31,43087,2,0,0,0,0,0,0,0,0,0,0,0,0,102974,1,2,2022,1/1/2023,
5976,SYNTHETIC COMPANY 02975,SYNTHETIC SITE 02975,,1 Example Way,Nowhere,ZZ,00000,3328,SYNTHETIC INDUSTRY,17,19129,2,0,0,0,0,0,0,0,0,0,0,0,0,102975,1,2,2022,1/1/2023,
5977,SYNTHETIC COMPANY 02976,SYNTHETIC SITE 02976,,1 Example Way,Nowhere,ZZ,00000,6221,SYNTHETIC INDUSTRY,212,325969,1,0,4,1,4,28,4,9,0,0,0,0,0,102976,1,2,2022,1/1/2023,
5978,SYNTHETIC COMPANY 02977,SYNTHETIC SITE 02977,,1 Example Way,Nowhere,ZZ,00000,3252,SYNTHETIC INDUSTRY,22,41073,2,0,0,0,0,0,0,0,0,0,0,0,0,102977,1,2,2022,1/1/2023,
5979,SYNTHETIC COMPANY 02978,SYNTHETIC SITE 02978,,1 Example Way,Nowhere,ZZ,00000,3252,SYNTHETIC INDUSTRY,32,68565,1,0,1,0,1,7,0,2,0,0,0,0,0,102978,1,2,2022,1/1/2023,
5980,SYNTHETIC COMPANY 02979,SYNTHETIC SITE 02979,,1 Example Way,Nowhere,ZZ,00000,3252,SYNTHETIC INDUSTRY,94,178082,1,0,2,2,1,14,8,5,0,0,0,0,0,102979,1,2,2022,1/1/2023,
5981,SYNTHETIC COMPANY 02980,SYNTHETIC SITE 02980,,1 Example Way,Nowhere,ZZ,00000,4841,SYNTHETIC INDUSTRY,2,3943,2,0,0,0,0,0,0,0,0,0,0,0,0,102980,1,2,2022,1/1/2023,
5982,SYNTHETIC COMPANY 02981,SYNTHETIC SITE 02981,,1 Example Way,Nowhere,ZZ,00000,3252,SYNTHETIC INDUSTRY,13,28369,2,0,0,0,0,0,0,0,0,0,0,0,0,102981,1,2,2022,1/1/2023,
5983,SYNTHETIC COMPANY 02982,SYNTHETIC SITE 02982,,1 Example Way,Nowhere,ZZ,00000,3115,SYNTHETIC INDUSTRY,284,613784,2,0,0,0,0,0,0,0,0,0,0,0,0,102982,1,2,2022,1/1/2023,
5984,SYNTHETIC COMPANY 02983,SYNTHETIC SITE 02983,,1 Example Way,Nowhere,ZZ,00000,3252,SYNTHETIC INDUSTRY,43,80285,2,0,0,0,0,0,0,0,0,0,0,0,0,102983,1,2,2022,1/1/2023,
5985,SYNTHETIC COMPANY 02984,SYNTHETIC SITE 02984,,1 Example Way,Nowhere,ZZ,00000,6221,SYNTHETIC INDUSTRY,56,110419,1,0,3,1,2,21,4,6,0,0,0,0,0,102984,1,2,2022,1/1/2023,
5986,SYNTHETIC COMPANY 02985,SYNTHETIC SITE 02985,,1 Example Way,Nowhere,ZZ,00000,2361,SYNTHETIC INDUSTRY,74,128773,1,0,1,0,0,7,0,1,0,0,0,0,0,102985,1,2,2022,1/1/2023,
5987,SYNTHETIC COMPANY 02986,SYNTHETIC SITE 02986,,1 Example Way,Nowhere,ZZ,00000,3115,SYNTHETIC INDUSTRY,102,193877,1,0,0,1,1,0,4,2,0,0,0,0,0,102986,1,2,2022,1/1/2023,
5988,SYNTHETIC COMPANY 02987,SYNTHETIC SITE 02987,,1 Example Way,Nowhere,ZZ,00000,3115,SYNTHETIC INDUSTRY,3,5138,2,0,0,0,0,0,0,0,0,0,0,0,0,102987,1,2,2022,1/1/2023,
5989,SYNTHETIC COMPANY 02988,SYNTHETIC SITE 02988,,1 Example Way,Nowhere,ZZ,00000,4451,SYNTHETIC INDUSTRY,70,136038,1,0,1,0,0,7,0,1,0,0,0,0,0,102988,1,2,2022,1/1/2023,
5990,SYNTHETIC COMPANY 02989,SYNTHETIC SITE 02989,,1 Example Way,Nowhere,ZZ,00000,6221,SYNTHETIC INDUSTRY,59,121850,1,0,0,0,1,0,0,1,0,0,0,0,0,102989,1,2,2022,1/1/2023,
5991,SYNTHETIC COMPANY 02990,SYNTHETIC SITE 02990,,1 Example Way,Nowhere,ZZ,00000,3328,SYNTHETIC INDUSTRY,44,83894,2,0,0,0,0,0,0,0,0,0,0,0,0,102990,1,2,2022,1/1/2023,
5992,SYNTHETIC COMPANY 02991,SYNTHETIC SITE 02991,,1 Example Way,Nowhere,ZZ,00000,3252,SYNTHETIC INDUSTRY,69,124588,2,0,0,0,0,0,0,0,0,0,0,0,0,102991,1,2,2022,1/1/2023,
5993,SYNTHETIC COMPANY 02992,SYNTHETIC SITE 02992,,1 Example Way,Nowhere,ZZ,00000,3115,SYNTHETIC INDUSTRY,45,85218,2,0,0,0,0,0,0,0,0,0,0,0,0,102992,1,2,2022,1/1/2023,
5994,SYNTHETIC COMPANY 02993,SYNTHETIC SITE 02993,,1 Example Way,Nowhere,ZZ,00000,3252,SYNTHETIC INDUSTRY,300,454917,1,0,6,5,5,42,20,16,0,0,0,0,0,102993,1,2,2022,1/1/2023,
5995,SYNTHETIC COMPANY 02994,SYNTHETIC SITE 02994,,1 Example Way,Nowhere,ZZ,00000,3115,SYNTHETIC INDUSTRY,148,291269,1,0,2,2,4,14,8,8,0,0,0,0,0,102994,1,2,2022,1/1/2023,
5996,SYNTHETIC COMPANY 02995,SYNTHETIC SITE 02995,,1 Example Way,Nowhere,ZZ,00000,3252,SYNTHETIC INDUSTRY,7,11052,2,0,0,0,0,0,0,0,0,0,0,0,0,102995,1,2,2022,1/1/2023,
5997,SYNTHETIC COMPANY 02996,SYNTHETIC SITE 02996,,1 Example Way,Nowhere,ZZ,00000,3252,SYNTHETIC INDUSTRY,18,32666,2,0,0,0,0,0,0,0,0,0,0,0,0,102996,1,2,2022,1/1/2023,
5998,SYNTHETIC COMPANY 02997,SYNTHETIC SITE 02997,,1 Example Way,Nowhere,ZZ,00000,2361,SYNTHETIC INDUSTRY,6,10085,2,0,0,0,0,0,0,0,0,0,0,0,0,102997,1,2,2022,1/1/2023,
5999,SYNTHETIC COMPANY 02998,SYNTHETIC SITE 02998,,1 Example Way,Nowhere,ZZ,00000,3328,SYNTHETIC INDUSTRY,25,41786,2,0,0,0,0,0,0,0,0,0,0,0,0,102998,1,2,2022,1/1/2023,
6000,SYNTHETIC COMPANY 02999,SYNTHETIC SITE 02999,,1 Example Way,Nowhere,ZZ,00000,3252,SYNTHETIC INDUSTRY,69,124121,1,0,1,0,4,7,0,5,0,0,0,0,0,102999,1,2,2022,1/1/2023,
