id,company_name,establishment_name,ein,street_address,city,state,zip_code,naics_code,industry_description,annual_average_employees,total_hours_worked,no_injuries_illnesses,total_deaths,total_dafw_cases,total_djtr_cases,total_other_cases,total_dafw_days,total_djtr_days,total_injuries,total_poisonings,total_respiratory_conditions,total_skin_disorders,total_hearing_loss,total_other_illnesses,establishment_id,establishment_type,size,year_filing_for,created_timestamp,change_reason
1,SYNTHETIC COMPANY 00000,SYNTHETIC SITE 00000,,1 Example Way,Nowhere,ZZ,00000,6221,SYNTHETIC INDUSTRY,39,77397,2,0,0,0,0,0,0,0,0,0,0,0,0,100000,1,2,2021,1/1/2022,
2,SYNTHETIC COMPANY 00001,SYNTHETIC SITE 00001,,1 Example Way,Nowhere,ZZ,00000,3115,SYNTHETIC INDUSTRY,86,142183,2,0,0,0,0,0,0,0,0,0,0,0,0,100001,1,2,2021,1/1/2022,
3,SYNTHETIC COMPANY 00002,SYNTHETIC SITE 00002,,1 Example Way,Nowhere,ZZ,00000,6221,SYNTHETIC INDUSTRY,27,58173,1,0,1,0,1,7,0,2,0,0,0,0,0,100002,1,2,2021,1/1/2022,
4,SYNTHETIC COMPANY 00003,SYNTHETIC SITE 00003,,1 Example Way,Nowhere,ZZ,00000,4451,SYNTHETIC INDUSTRY,26,39904,2,0,0,0,0,0,0,0,0,0,0,0,0,100003,1,2,2021,1/1/2022,
5,SYNTHETIC COMPANY 00004,SYNTHETIC SITE 00004,,1 Example Way,Nowhere,ZZ,00000,3251,SYNTHETIC INDUSTRY,474,827652,1,0,3,1,4,21,4,8,0,0,0,0,0,100004,1,2,2021,1/1/2022,
6,SYNTHETIC COMPANY 00005,SYNTHETIC SITE 00005,,1 Example Way,Nowhere,ZZ,00000,3252,SYNTHETIC INDUSTRY,245,432526,2,0,0,0,0,0,0,0,0,0,0,0,0,100005,1,2,2021,1/1/2022,
7,SYNTHETIC COMPANY 00006,SYNTHETIC SITE 00006,,1 Example Way,Nowhere,ZZ,00000,6221,SYNTHETIC INDUSTRY,55,110290,1,0,3,0,0,21,0,3,0,0,0,0,0,100006,1,2,2021,1/1/2022,
8,SYNTHETIC COMPANY 00007,SYNTHETIC SITE 00007,,1 Example Way,Nowhere,ZZ,00000,6221,SYNTHETIC INDUSTRY,68,126505,1,0,0,0,2,0,0,2,0,0,0,0,0,100007,1,2,2021,1/1/2022,
9,SYNTHETIC COMPANY 00008,SYNTHETIC SITE 00008,,1 Example Way,Nowhere,ZZ,00000,3115,SYNTHETIC INDUSTRY,120,198368,1,0,0,0,1,0,0,1,0,0,0,0,0,100008,1,2,2021,1/1/2022,
10,SYNTHETIC COMPANY 00009,SYNTHETIC SITE 00009,,1 Example Way,Nowhere,ZZ,00000,4841,SYNTHETIC INDUSTRY,207,474362,2,0,0,0,0,0,0,0,0,0,0,0,0,100009,1,2,2021,1/1/2022,
11,SYNTHETIC COMPANY 00010,SYNTHETIC SITE 00010,,1 Example Way,Nowhere,ZZ,00000,4451,SYNTHETIC INDUSTRY,157,272706,1,0,0,0,1,0,0,1,0,0,0,0,0,100010,1,2,2021,1/1/2022,
12,SYNTHETIC COMPANY 00011,SYNTHETIC SITE 00011,,1 Example Way,Nowhere,ZZ,00000,3328,SYNTHETIC INDUSTRY,11,21827,2,0,0,0,0,0,0,0,0,0,0,0,0,100011,1,2,2021,1/1/2022,
13,SYNTHETIC COMPANY 00012,SYNTHETIC SITE 00012,,1 Example Way,Nowhere,ZZ,00000,3252,SYNTHETIC INDUSTRY,68,123091,2,0,0,0,0,0,0,0,0,0,0,0,0,100012,1,2,2021,1/1/2022,
14,SYNTHETIC COMPANY 00013,SYNTHETIC SITE 00013,,1 Example Way,Nowhere,ZZ,00000,3328,SYNTHETIC INDUSTRY,64,110878,1,0,0,0,3,0,0,3,0,0,0,0,0,100013,1,2,2021,1/1/2022,
15,SYNTHETIC COMPANY 00014,SYNTHETIC SITE 00014,,1 Example Way,Nowhere,ZZ,00000,4451,SYNTHETIC INDUSTRY,234,480198,1,0,0,2,0,0,8,2,0,0,0,0,0,100014,1,2,2021,1/1/2022,
16,SYNTHETIC COMPANY 00015,SYNTHETIC SITE 00015,,1 Example Way,Nowhere,ZZ,00000,2361,SYNTHETIC INDUSTRY,137,247613,2,0,0,0,0,0,0,0,0,0,0,0,0,100015,1,2,2021,1/1/2022,
17,SYNTHETIC COMPANY 00016,SYNTHETIC SITE 00016,,1 Example Way,Nowhere,ZZ,00000,4451,SYNTHETIC INDUSTRY,5,8241,2,0,0,0,0,0,0,0,0,0,0,0,0,100016,1,2,2021,1/1/2022,
18,SYNTHETIC COMPANY 00017,SYNTHETIC SITE 00017,,1 Example Way,Nowhere,ZZ,00000,3115,SYNTHETIC INDUSTRY,32,48970,1,0,0,0,1,0,0,1,0,0,0,0,0,100017,1,2,2021,1/1/2022,
19,SYNTHETIC COMPANY 00018,SYNTHETIC SITE 00018,,1 Example Way,Nowhere,ZZ,00000,4841,SYNTHETIC INDUSTRY,337,660464,1,0,3,2,2,21,8,7,0,0,0,0,0,100018,1,2,2021,1/1/2022,
20,SYNTHETIC COMPANY 00019,SYNTHETIC SITE 00019,,1 Example Way,Nowhere,ZZ,00000,4451,SYNTHETIC INDUSTRY,30,66521,2,0,0,0,0,0,0,0,0,0,0,0,0,100019,1,2,2021,1/1/2022,
21,SYNTHETIC COMPANY 00020,SYNTHETIC SITE 00020,,1 Example Way,Nowhere,ZZ,00000,3251,SYNTHETIC INDUSTRY,27,56393,2,0,0,0,0,0,0,0,0,0,0,0,0,100020,1,2,2021,1/1/2022,
22,SYNTHETIC COMPANY 00021,SYNTHETIC SITE 00021,,1 Example Way,Nowhere,ZZ,00000,3115,SYNTHETIC INDUSTRY,86,154991,2,0,0,0,0,0,0,0,0,0,0,0,0,100021,1,2,2021,1/1/2022,
23,SYNTHETIC COMPANY 00022,SYNTHETIC SITE 00022,,1 Example Way,Nowhere,ZZ,00000,4841,SYNTHETIC INDUSTRY,2072,4150617,1,0,3,4,3,21,16,10,0,0,0,0,0,100022,1,2,2021,1/1/2022,
24,SYNTHETIC COMPANY 00023,SYNTHETIC SITE 00023,,1 Example Way,Nowhere,ZZ,00000,4451,SYNTHETIC INDUSTRY,15,31746,2,0,0,0,0,0,0,0,0,0,0,0,0,100023,1,2,2021,1/1/2022,
25,SYNTHETIC COMPANY 00024,SYNTHETIC SITE 00024,,1 Example Way,Nowhere,ZZ,00000,4451,SYNTHETIC INDUSTRY,25,51937,1,0,0,0,1,0,0,1,0,0,0,0,0,100024,1,2,2021,1/1/2022,
26,SYNTHETIC COMPANY 00025,SYNTHETIC SITE 00025,,1 Example Way,Nowhere,ZZ,00000,3251,SYNTHETIC INDUSTRY,57,110941,2,0,0,0,0,0,0,0,0,0,0,0,0,100025,1,2,2021,1/1/2022,
27,SYNTHETIC COMPANY 00026,SYNTHETIC SITE 00026,,1 Example Way,Nowhere,ZZ,00000,3252,SYNTHETIC INDUSTRY,70,99991,1,0,5,4,2,35,16,11,0,0,0,0,0,100026,1,2,2021,1/1/2022,
28,SYNTHETIC COMPANY 00027,SYNTHETIC SITE 00027,,1 Example Way,Nowhere,ZZ,00000,3252,SYNTHETIC INDUSTRY,90,167751,1,0,1,0,5,7,0,6,0,0,0,0,0,100027,1,2,2021,1/1/2022,
29,SYNTHETIC COMPANY 00028,SYNTHETIC SITE 00028,,1 Example Way,Nowhere,ZZ,00000,3251,SYNTHETIC INDUSTRY,49,85278,1,0,0,0,1,0,0,1,0,0,0,0,0,100028,1,2,2021,1/1/2022,
30,SYNTHETIC COMPANY 00029,SYNTHETIC SITE 00029,,1 Example Way,Nowhere,ZZ,00000,3251,SYNTHETIC INDUSTRY,232,492576,1,0,0,0,1,0,0,1,0,0,0,0,0,100029,1,2,2021,1/1/2022,
31,SYNTHETIC COMPANY 00030,SYNTHETIC SITE 00030,,1 Example Way,Nowhere,ZZ,00000,3251,SYNTHETIC INDUSTRY,22,39707,2,0,0,0,0,0,0,0,0,0,0,0,0,100030,1,2,2021,1/1/2022,
32,SYNTHETIC COMPANY 00031,SYNTHETIC SITE 00031,,1 Example Way,Nowhere,ZZ,00000,6221,SYNTHETIC INDUSTRY,19,32958,1,0,0,0,2,0,0,2,0,0,0,0,0,100031,1,2,2021,1/1/2022,
33,SYNTHETIC COMPANY 00032,SYNTHETIC SITE 00032,,1 Example Way,Nowhere,ZZ,00000,3252,SYNTHETIC INDUSTRY,3,5058,2,0,0,0,0,0,0,0,0,0,0,0,0,100032,1,2,2021,1/1/2022,
34,SYNTHETIC COMPANY 00033,SYNTHETIC SITE 00033,,1 Example Way,Nowhere,ZZ,00000,3251,SYNTHETIC INDUSTRY,6,9565,2,0,0,0,0,0,0,0,0,0,0,0,0,100033,1,2,2021,1/1/2022,
35,SYNTHETIC COMPANY 00034,SYNTHETIC SITE 00034,,1 Example Way,Nowhere,ZZ,00000,3251,SYNTHETIC INDUSTRY,18,32565,2,0,0,0,0,0,0,0,0,0,0,0,0,100034,1,2,2021,1/1/2022,
36,SYNTHETIC COMPANY 00035,SYNTHETIC SITE 00035,,1 Example Way,Nowhere,ZZ,00000,4841,SYNTHETIC INDUSTRY,94,211370,1,0,4,3,2,28,12,9,0,0,0,0,0,100035,1,2,2021,1/1/2022,
37,SYNTHETIC COMPANY 00036,SYNTHETIC SITE 00036,,1 Example Way,Nowhere,ZZ,00000,3328,SYNTHETIC INDUSTRY,12,25041,2,0,0,0,0,0,0,0,0,0,0,0,0,100036,1,2,2021,1/1/2022,
38,SYNTHETIC COMPANY 00037,SYNTHETIC SITE 00037,,1 Example Way,Nowhere,ZZ,00000,3328,SYNTHETIC INDUSTRY,57,99360,2,0,0,0,0,0,0,0,0,0,0,0,0,100037,1,2,2021,1/1/2022,
39,SYNTHETIC COMPANY 00038,SYNTHETIC SITE 00038,,1 Example Way,Nowhere,ZZ,00000,3252,SYNTHETIC INDUSTRY,15,26181,1,0,0,0,1,0,0,1,0,0,0,0,0,100038,1,2,2021,1/1/2022,
40,SYNTHETIC COMPANY 00039,SYNTHETIC SITE 00039,,1 Example Way,Nowhere,ZZ,00000,2361,SYNTHETIC INDUSTRY,72,130970,2,0,0,0,0,0,0,0,0,0,0,0,0,100039,1,2,2021,1/1/2022,
41,SYNTHETIC COMPANY 00040,SYNTHETIC SITE 00040,,1 Example Way,Nowhere,ZZ,00000,3252,SYNTHETIC INDUSTRY,3,5113,2,0,0,0,0,0,0,0,0,0,0,0,0,100040,1,2,2021,1/1/2022,
42,SYNTHETIC COMPANY 00041,SYNTHETIC SITE 00041,,1 Example Way,Nowhere,ZZ,00000,4841,SYNTHETIC INDUSTRY,39,69263,1,0,1,0,0,7,0,1,0,0,0,0,0,100041,1,2,2021,1/1/2022,
43,SYNTHETIC COMPANY 00042,SYNTHETIC SITE 00042,,1 Example Way,Nowhere,ZZ,00000,3115,SYNTHETIC INDUSTRY,8,18464,2,0,0,0,0,0,0,0,0,0,0,0,0,100042,1,2,2021,1/1/2022,
44,SYNTHETIC COMPANY 00043,SYNTHETIC SITE 00043,,1 Example Way,Nowhere,ZZ,00000,3252,SYNTHETIC INDUSTRY,16,33800,1,0,0,0,1,0,0,1,0,0,0,0,0,100043,1,2,2021,1/1/2022,
45,SYNTHETIC COMPANY 00044,SYNTHETIC SITE 00044,,1 Example Way,Nowhere,ZZ,00000,3328,SYNTHETIC INDUSTRY,11,22291,2,0,0,0,0,0,0,0,0,0,0,0,0,100044,1,2,2021,1/1/2022,
46,SYNTHETIC COMPANY 00045,SYNTHETIC SITE 00045,,1 Example Way,Nowhere,ZZ,00000,3252,SYNTHETIC INDUSTRY,69,141597,1,0,0,0,1,0,0,1,0,0,0,0,0,100045,1,2,2021,1/1/2022,
47,SYNTHETIC COMPANY 00046,SYNTHETIC SITE 00046,,1 Example Way,Nowhere,ZZ,00000,4841,SYNTHETIC INDUSTRY,76,168257,2,0,0,0,0,0,0,0,0,0,0,0,0,100046,1,2,2021,1/1/2022,
48,SYNTHETIC COMPANY 00047,SYNTHETIC SITE 00047,,1 Example Way,Nowhere,ZZ,00000,3328,SYNTHETIC INDUSTRY,21,39647,2,0,0,0,0,0,0,0,0,0,0,0,0,100047,1,2,2021,1/1/2022,
49,SYNTHETIC COMPANY 00048,SYNTHETIC SITE 00048,,1 Example Way,Nowhere,ZZ,00000,3251,SYNTHETIC INDUSTRY,72,172889,2,0,0,0,0,0,0,0,0,0,0,0,0,100048,1,2,2021,1/1/2022,
50,SYNTHETIC COMPANY 00049,SYNTHETIC SITE 00049,,1 Example Way,Nowhere,ZZ,00000,3328,SYNTHETIC INDUSTRY,233,482736,1,0,5,1,3,35,4,9,0,0,0,0,0,100049,1,2,2021,1/1/2022,
51,SYNTHETIC COMPANY 00050,SYNTHETIC SITE 00050,,1 Example Way,Nowhere,ZZ,00000,3252,SYNTHETIC INDUSTRY,54,91511,2,0,0,0,0,0,0,0,0,0,0,0,0,100050,1,2,2021,1/1/2022,
52,SYNTHETIC COMPANY 00051,SYNTHETIC SITE 00051,,1 Example Way,Nowhere,ZZ,00000,4841,SYNTHETIC INDUSTRY,66,120181,1,0,0,0,2,0,0,2,0,0,0,0,0,100051,1,2,2021,1/1/2022,
53,SYNTHETIC COMPANY 00052,SYNTHETIC SITE 00052,,1 Example Way,Nowhere,ZZ,00000,2361,SYNTHETIC INDUSTRY,49,80262,1,0,0,0,1,0,0,1,0,0,0,0,0,100052,1,2,2021,1/1/2022,
54,SYNTHETIC COMPANY 00053,SYNTHETIC SITE 00053,,1 Example Way,Nowhere,ZZ,00000,3328,SYNTHETIC INDUSTRY,157,296481,2,0,0,0,0,0,0,0,0,0,0,0,0,100053,1,2,2021,1/1/2022,
55,SYNTHETIC COMPANY 00054,SYNTHETIC SITE 00054,,1 Example Way,Nowhere,ZZ,00000,3115,SYNTHETIC INDUSTRY,227,378320,2,0,0,0,0,0,0,0,0,0,0,0,0,100054,1,2,2021,1/1/2022,
56,SYNTHETIC COMPANY 00055,SYNTHETIC SITE 00055,,1 Example Way,Nowhere,ZZ,00000,6221,SYNTHETIC INDUSTRY,17,34899,1,0,0,1,4,0,4,5,0,0,0,0,0,100055,1,2,2021,1/1/2022,
57,SYNTHETIC COMPANY 00056,SYNTHETIC SITE 00056,,1 Example Way,Nowhere,ZZ,00000,4451,SYNTHETIC INDUSTRY,8,12646,2,0,0,0,0,0,0,0,0,0,0,0,0,100056,1,2,2021,1/1/2022,
58,SYNTHETIC COMPANY 00057,SYNTHETIC SITE 00057,,1 Example Way,Nowhere,ZZ,00000,3115,SYNTHETIC INDUSTRY,51,105433,2,0,0,0,0,0,0,0,0,0,0,0,0,100057,1,2,2021,1/1/2022,
59,SYNTHETIC COMPANY 00058,SYNTHETIC SITE 00058,,1 Example Way,Nowhere,ZZ,00000,3251,SYNTHETIC INDUSTRY,118,290014,2,0,0,0,0,0,0,0,0,0,0,0,0,100058,1,2,2021,1/1/2022,
60,SYNTHETIC COMPANY 00059,SYNTHETIC SITE 00059,,1 Example Way,Nowhere,ZZ,00000,3115,SYNTHETIC INDUSTRY,23,48052,1,0,0,1,1,0,4,2,0,0,0,0,0,100059,1,2,2021,1/1/2022,
61,SYNTHETIC COMPANY 00060,SYNTHETIC SITE 00060,,1 Example Way,Nowhere,ZZ,00000,2361,SYNTHETIC INDUSTRY,133,250847,1,0,4,0,6,28,0,10,0,0,0,0,0,100060,1,2,2021,1/1/2022,
62,SYNTHETIC COMPANY 00061,SYNTHETIC SITE 00061,,1 Example Way,Nowhere,ZZ,00000,3115,SYNTHETIC INDUSTRY,49,97712,2,0,0,0,0,0,0,0,0,0,0,0,0,100061,1,2,2021,1/1/2022,
63,SYNTHETIC COMPANY 00062,SYNTHETIC SITE 00062,,1 Example Way,Nowhere,ZZ,00000,4841,SYNTHETIC INDUSTRY,52,81258,1,0,0,0,1,0,0,1,0,0,0,0,0,100062,1,2,2021,1/1/2022,
64,SYNTHETIC COMPANY 00063,SYNTHETIC SITE 00063,,1 Example Way,Nowhere,ZZ,00000,4841,SYNTHETIC INDUSTRY,107,212712,1,0,2,1,0,14,4,3,0,0,0,0,0,100063,1,2,2021,1/1/2022,
65,SYNTHETIC COMPANY 00064,SYNTHETIC SITE 00064,,1 Example Way,Nowhere,ZZ,00000,2361,SYNTHETIC INDUSTRY,132,237384,2,0,0,0,0,0,0,0,0,0,0,0,0,100064,1,2,2021,1/1/2022,
66,SYNTHETIC COMPANY 00065,SYNTHETIC SITE 00065,,1 Example Way,Nowhere,ZZ,00000,3328,SYNTHETIC INDUSTRY,16,31894,2,0,0,0,0,0,0,0,0,0,0,0,0,100065,1,2,2021,1/1/2022,
67,SYNTHETIC COMPANY 00066,SYNTHETIC SITE 00066,,1 Example Way,Nowhere,ZZ,00000,3252,SYNTHETIC INDUSTRY,48,93407,2,0,0,0,0,0,0,0,0,0,0,0,0,100066,1,2,2021,1/1/2022,
68,SYNTHETIC COMPANY 00067,SYNTHETIC SITE 00067,,1 Example Way,Nowhere,ZZ,00000,4451,SYNTHETIC INDUSTRY,3,6144,2,0,0,0,0,0,0,0,0,0,0,0,0,100067,1,2,2021,1/1/2022,
69,SYNTHETIC COMPANY 00068,SYNTHETIC SITE 00068,,1 Example Way,Nowhere,ZZ,00000,3252,SYNTHETIC INDUSTRY,23,42444,1,0,0,0,1,0,0,1,0,0,0,0,0,100068,1,2,2021,1/1/2022,
70,SYNTHETIC COMPANY 00069,SYNTHETIC SITE 00069,,1 Example Way,Nowhere,ZZ,00000,4841,SYNTHETIC INDUSTRY,12,17222,2,0,0,0,0,0,0,0,0,0,0,0,0,100069,1,2,2021,1/1/2022,
71,SYNTHETIC COMPANY 00070,SYNTHETIC SITE 00070,,1 Example Way,Nowhere,ZZ,00000,4451,SYNTHETIC INDUSTRY,11,16381,2,0,0,0,0,0,0,0,0,0,0,0,0,100070,1,2,2021,1/1/2022,
72,SYNTHETIC COMPANY 00071,SYNTHETIC SITE 00071,,1 Example Way,Nowhere,ZZ,00000,4451,SYNTHETIC INDUSTRY,170,328964,2,0,0,0,0,0,0,0,0,0,0,0,0,100071,1,2,2021,1/1/2022,
73,SYNTHETIC COMPANY 00072,SYNTHETIC SITE 00072,,1 Example Way,Nowhere,ZZ,00000,3252,SYNTHETIC INDUSTRY,114,162860,1,0,1,1,1,7,4,3,0,0,0,0,0,100072,1,2,2021,1/1/2022,
74,SYNTHETIC COMPANY 00073,SYNTHETIC SITE 00073,,1 Example Way,Nowhere,ZZ,00000,2361,SYNTHETIC INDUSTRY,109,195267,1,0,1,0,2,7,0,3,0,0,0,0,0,100073,1,2,2021,1/1/2022,
75,SYNTHETIC COMPANY 00074,SYNTHETIC SITE 00074,,1 Example Way,Nowhere,ZZ,00000,6221,SYNTHETIC INDUSTRY,156,323901,1,0,2,5,4,14,20,11,0,0,0,0,0,100074,1,2,2021,1/1/2022,
76,SYNTHETIC COMPANY 00075,SYNTHETIC SITE 00075,,1 Example Way,Nowhere,ZZ,00000,3251,SYNTHETIC INDUSTRY,28,44469,1,0,0,0,1,0,0,1,0,0,0,0,0,100075,1,2,2021,1/1/2022,
77,SYNTHETIC COMPANY 00076,SYNTHETIC SITE 00076,,1 Example Way,Nowhere,ZZ,00000,3328,SYNTHETIC INDUSTRY,24,35230,2,0,0,0,0,0,0,0,0,0,0,0,0,100076,1,2,2021,1/1/2022,
78,SYNTHETIC COMPANY 00077,SYNTHETIC SITE 00077,,1 Example Way,Nowhere,ZZ,00000,4841,SYNTHETIC INDUSTRY,17,33833,2,0,0,0,0,0,0,0,0,0,0,0,0,100077,1,2,2021,1/1/2022,
79,SYNTHETIC COMPANY 00078,SYNTHETIC SITE 00078,,1 Example Way,Nowhere,ZZ,00000,2361,SYNTHETIC INDUSTRY,21,33550,1,0,1,0,0,7,0,1,0,0,0,0,0,100078,1,2,2021,1/1/2022,
80,SYNTHETIC COMPANY 00079,SYNTHETIC SITE 00079,,1 Example Way,Nowhere,ZZ,00000,3251,SYNTHETIC INDUSTRY,64,111916,2,0,0,0,0,0,0,0,0,0,0,0,0,100079,1,2,2021,1/1/2022,
81,SYNTHETIC COMPANY 00080,SYNTHETIC SITE 00080,,1 Example Way,Nowhere,ZZ,00000,2361,SYNTHETIC INDUSTRY,52,88970,2,0,0,0,0,0,0,0,0,0,0,0,0,100080,1,2,2021,1/1/2022,
82,SYNTHETIC COMPANY 00081,SYNTHETIC SITE 00081,,1 Example Way,Nowhere,ZZ,00000,3328,SYNTHETIC INDUSTRY,13,24820,2,0,0,0,0,0,0,0,0,0,0,0,0,100081,1,2,2021,1/1/2022,
83,SYNTHETIC COMPANY 00082,SYNTHETIC SITE 00082,,1 Example Way,Nowhere,ZZ,00000,4451,SYNTHETIC INDUSTRY,126,220538,1,0,3,3,1,21,12,7,0,0,0,0,0,100082,1,2,2021,1/1/2022,
84,SYNTHETIC COMPANY 00083,SYNTHETIC SITE 00083,,1 Example Way,Nowhere,ZZ,00000,3328,SYNTHETIC INDUSTRY,81,155038,2,0,0,0,0,0,0,0,0,0,0,0,0,100083,1,2,2021,1/1/2022,
85,SYNTHETIC COMPANY 00084,SYNTHETIC SITE 00084,,1 Example Way,Nowhere,ZZ,00000,3115,SYNTHETIC INDUSTRY,158,185035,1,0,1,3,1,7,12,5,0,0,0,0,0,100084,1,2,2021,1/1/2022,
86,SYNTHETIC COMPANY 00085,SYNTHETIC SITE 00085,,1 Example Way,Nowhere,ZZ,00000,3328,SYNTHETIC INDUSTRY,403,639653,1,0,1,0,2,7,0,3,0,0,0,0,0,100085,1,2,2021,1/1/2022,
87,SYNTHETIC COMPANY 00086,SYNTHETIC SITE 00086,,1 Example Way,Nowhere,ZZ,00000,4841,SYNTHETIC INDUSTRY,16,29071,1,0,0,0,1,0,0,1,0,0,0,0,0,100086,1,2,2021,1/1/2022,
88,SYNTHETIC COMPANY 00087,SYNTHETIC SITE 00087,,1 Example Way,Nowhere,ZZ,00000,3328,SYNTHETIC INDUSTRY,131,252987,1,0,1,0,0,7,0,1,0,0,0,0,0,100087,1,2,2021,1/1/2022,
89,SYNTHETIC COMPANY 00088,SYNTHETIC SITE 00088,,1 Example Way,Nowhere,ZZ,00000,3251,SYNTHETIC INDUSTRY,42,90569,2,0,0,0,0,0,0,0,0,0,0,0,0,100088,1,2,2021,1/1/2022,
90,SYNTHETIC COMPANY 00089,SYNTHETIC SITE 00089,,1 Example Way,Nowhere,ZZ,00000,3251,SYNTHETIC INDUSTRY,141,299842,1,0,2,0,0,14,0,2,0,0,0,0,0,100089,1,2,2021,1/1/2022,
91,SYNTHETIC COMPANY 00090,SYNTHETIC SITE 00090,,1 Example Way,Nowhere,ZZ,00000,4451,SYNTHETIC INDUSTRY,61,132346,1,0,4,1,4,28,4,9,0,0,0,0,0,100090,1,2,2021,1/1/2022,
92,SYNTHETIC COMPANY 00091,SYNTHETIC SITE 00091,,1 Example Way,Nowhere,ZZ,00000,3252,SYNTHETIC INDUSTRY,599,940394,2,0,0,0,0,0,0,0,0,0,0,0,0,100091,1,2,2021,1/1/2022,
93,SYNTHETIC COMPANY 00092,SYNTHETIC SITE 00092,,1 Example Way,Nowhere,ZZ,00000,6221,SYNTHETIC INDUSTRY,43,61904,1,0,0,1,0,0,4,1,0,0,0,0,0,100092,1,2,2021,1/1/2022,
94,SYNTHETIC COMPANY 00093,SYNTHETIC SITE 00093,,1 Example Way,Nowhere,ZZ,00000,6221,SYNTHETIC INDUSTRY,495,1124156,1,0,13,20,37,91,80,70,0,0,0,0,0,100093,1,2,2021,1/1/2022,
95,SYNTHETIC COMPANY 00094,SYNTHETIC SITE 00094,,1 Example Way,Nowhere,ZZ,00000,3251,SYNTHETIC INDUSTRY,51,104067,1,0,1,1,4,7,4,6,0,0,0,0,0,100094,1,2,2021,1/1/2022,
96,SYNTHETIC COMPANY 00095,SYNTHETIC SITE 00095,,1 Example Way,Nowhere,ZZ,00000,6221,SYNTHETIC INDUSTRY,123,135388,2,0,0,0,0,0,0,0,0,0,0,0,0,100095,1,2,2021,1/1/2022,
97,SYNTHETIC COMPANY 00096,SYNTHETIC SITE 00096,,1 Example Way,Nowhere,ZZ,00000,4841,SYNTHETIC INDUSTRY,57,1132520,2,0,0,0,0,0,0,0,0,0,0,0,0,100096,1,2,2021,1/1/2022,
98,SYNTHETIC COMPANY 00097,SYNTHETIC SITE 00097,,1 Example Way,Nowhere,ZZ,00000,3251,SYNTHETIC INDUSTRY,21,2723700,2,0,0,0,0,0,0,0,0,0,0,0,0,100097,1,2,2021,1/1/2022,
99,SYNTHETIC COMPANY 00098,SYNTHETIC SITE 00098,,1 Example Way,Nowhere,ZZ,00000,3328,SYNTHETIC INDUSTRY,97,161117,1,0,0,2,2,0,8,4,0,0,0,0,0,100098,1,2,2021,1/1/2022,
100,SYNTHETIC COMPANY 00099,SYNTHETIC SITE 00099,,1 Example Way,Nowhere,ZZ,00000,4451,SYNTHETIC INDUSTRY,59,90834,2,0,0,0,0,0,0,0,0,0,0,0,0,100099,1,2,2021,1/1/2022,
101,SYNTHETIC COMPANY 00100,SYNTHETIC SITE 00100,,1 Example Way,Nowhere,ZZ,00000,6221,SYNTHETIC INDUSTRY,8,12824,2,0,0,0,0,0,0,0,0,0,0,0,0,100100,1,2,2021,1/1/2022,
102,SYNTHETIC COMPANY 00101,SYNTHETIC SITE 00101,,1 Example Way,Nowhere,ZZ,00000,3252,SYNTHETIC INDUSTRY,26,44776,1,0,0,1,0,0,4,1,0,0,0,0,0,100101,1,2,2021,1/1/2022,
103,SYNTHETIC COMPANY 00102,SYNTHETIC SITE 00102,,1 Example Way,Nowhere,ZZ,00000,3328,SYNTHETIC INDUSTRY,48,92953,1,0,0,0,1,0,0,1,0,0,0,0,0,100102,1,2,2021,1/1/2022,
104,SYNTHETIC COMPANY 00103,SYNTHETIC SITE 00103,,1 Example Way,Nowhere,ZZ,00000,2361,SYNTHETIC INDUSTRY,17,30251,2,0,0,0,0,0,0,0,0,0,0,0,0,100103,1,2,2021,1/1/2022,
105,SYNTHETIC COMPANY 00104,SYNTHETIC SITE 00104,,1 Example Way,Nowhere,ZZ,00000,3252,SYNTHETIC INDUSTRY,28,60618,1,0,1,0,0,7,0,1,0,0,0,0,0,100104,1,2,2021,1/1/2022,
106,SYNTHETIC COMPANY 00105,SYNTHETIC SITE 00105,,1 Example Way,Nowhere,ZZ,00000,3251,SYNTHETIC INDUSTRY,47,104492,1,0,2,0,0,14,0,2,0,0,0,0,0,100105,1,2,2021,1/1/2022,
107,SYNTHETIC COMPANY 00106,SYNTHETIC SITE 00106,,1 Example Way,Nowhere,ZZ,00000,4841,SYNTHETIC INDUSTRY,174,289965,2,0,0,0,0,0,0,0,0,0,0,0,0,100106,1,2,2021,1/1/2022,
108,SYNTHETIC COMPANY 00107,SYNTHETIC SITE 00107,,1 Example Way,Nowhere,ZZ,00000,4841,SYNTHETIC INDUSTRY,153,274877,1,0,1,1,0,7,4,2,0,0,0,0,0,100107,1,2,2021,1/1/2022,
109,SYNTHETIC COMPANY 00108,SYNTHETIC SITE 00108,,1 Example Way,Nowhere,ZZ,00000,3115,SYNTHETIC INDUSTRY,25,42708,1,0,3,0,1,21,0,4,0,0,0,0,0,100108,1,2,2021,1/1/2022,
110,SYNTHETIC COMPANY 00109,SYNTHETIC SITE 00109,,1 Example Way,Nowhere,ZZ,00000,4451,SYNTHETIC INDUSTRY,305,625939,1,0,5,0,0,35,0,5,0,0,0,0,0,100109,1,2,2021,1/1/2022,
111,SYNTHETIC COMPANY 00110,SYNTHETIC SITE 00110,,1 Example Way,Nowhere,ZZ,00000,4841,SYNTHETIC INDUSTRY,27,54760,2,0,0,0,0,0,0,0,0,0,0,0,0,100110,1,2,2021,1/1/2022,
112,SYNTHETIC COMPANY 00111,SYNTHETIC SITE 00111,,1 Example Way,Nowhere,ZZ,00000,2361,SYNTHETIC INDUSTRY,84,108647,2,0,0,0,0,0,0,0,0,0,0,0,0,100111,1,2,2021,1/1/2022,
113,SYNTHETIC COMPANY 00112,SYNTHETIC SITE 00112,,1 Example Way,Nowhere,ZZ,00000,3252,SYNTHETIC INDUSTRY,144,204127,1,0,2,0,0,14,0,2,0,0,0,0,0,100112,1,2,2021,1/1/2022,
114,SYNTHETIC COMPANY 00113,SYNTHETIC SITE 00113,,1 Example Way,Nowhere,ZZ,00000,4451,SYNTHETIC INDUSTRY,8,16406,2,0,0,0,0,0,0,0,0,0,0,0,0,100113,1,2,2021,1/1/2022,
115,SYNTHETIC COMPANY 00114,SYNTHETIC SITE 00114,,1 Example Way,Nowhere,ZZ,00000,6221,SYNTHETIC INDUSTRY,15,29141,1,0,0,1,0,0,4,1,0,0,0,0,0,100114,1,2,2021,1/1/2022,
116,SYNTHETIC COMPANY 00115,SYNTHETIC SITE 00115,,1 Example Way,Nowhere,ZZ,00000,6221,SYNTHETIC INDUSTRY,31,60719,1,0,0,0,2,0,0,2,0,0,0,0,0,100115,1,2,2021,1/1/2022,
117,SYNTHETIC COMPANY 00116,SYNTHETIC SITE 00116,,1 Example Way,Nowhere,ZZ,00000,4841,SYNTHETIC INDUSTRY,64,115732,1,0,1,0,2,7,0,3,0,0,0,0,0,100116,1,2,2021,1/1/2022,
118,SYNTHETIC COMPANY 00117,SYNTHETIC SITE 00117,,1 Example Way,Nowhere,ZZ,00000,3328,SYNTHETIC INDUSTRY,40,83575,2,0,0,0,0,0,0,0,0,0,0,0,0,100117,1,2,2021,1/1/2022,
119,SYNTHETIC COMPANY 00118,SYNTHETIC SITE 00118,,1 Example Way,Nowhere,ZZ,00000,6221,SYNTHETIC INDUSTRY,107,219242,1,0,3,2,5,21,8,10,0,0,0,0,0,100118,1,2,2021,1/1/2022,
120,SYNTHETIC COMPANY 00119,SYNTHETIC SITE 00119,,1 Example Way,Nowhere,ZZ,00000,3328,SYNTHETIC INDUSTRY,7,14669,2,0,0,0,0,0,0,0,0,0,0,0,0,100119,1,2,2021,1/1/2022,
121,SYNTHETIC COMPANY 00120,SYNTHETIC SITE 00120,,1 Example Way,Nowhere,ZZ,00000,3251,SYNTHETIC INDUSTRY,4,7908,2,0,0,0,0,0,0,0,0,0,0,0,0,100120,1,2,2021,1/1/2022,
122,SYNTHETIC COMPANY 00121,SYNTHETIC SITE 00121,,1 Example Way,Nowhere,ZZ,00000,3328,SYNTHETIC INDUSTRY,13,27030,1,0,1,1,0,7,4,2,0,0,0,0,0,100121,1,2,2021,1/1/2022,
123,SYNTHETIC COMPANY 00122,SYNTHETIC SITE 00122,,1 Example Way,Nowhere,ZZ,00000,2361,SYNTHETIC INDUSTRY,74,129396,1,0,2,2,1,14,8,5,0,0,0,0,0,100122,1,2,2021,1/1/2022,
124,SYNTHETIC COMPANY 00123,SYNTHETIC SITE 00123,,1 Example Way,Nowhere,ZZ,00000,4841,SYNTHETIC INDUSTRY,111,195268,2,0,0,0,0,0,0,0,0,0,0,0,0,100123,1,2,2021,1/1/2022,
125,SYNTHETIC COMPANY 00124,SYNTHETIC SITE 00124,,1 Example Way,Nowhere,ZZ,00000,4841,SYNTHETIC INDUSTRY,36,68479,2,0,0,0,0,0,0,0,0,0,0,0,0,100124,1,2,2021,1/1/2022,
126,SYNTHETIC COMPANY 00125,SYNTHETIC SITE 00125,,1 Example Way,Nowhere,ZZ,00000,3252,SYNTHETIC INDUSTRY,42,58354,1,0,0,0,1,0,0,1,0,0,0,0,0,100125,1,2,2021,1/1/2022,
127,SYNTHETIC COMPANY 00126,SYNTHETIC SITE 00126,,1 Example Way,Nowhere,ZZ,00000,3115,SYNTHETIC INDUSTRY,56,107302,1,0,1,1,0,7,4,2,0,0,0,0,0,100126,1,2,2021,1/1/2022,
128,SYNTHETIC COMPANY 00127,SYNTHETIC SITE 00127,,1 Example Way,Nowhere,ZZ,00000,2361,SYNTHETIC INDUSTRY,25,55735,2,0,0,0,0,0,0,0,0,0,0,0,0,100127,1,2,2021,1/1/2022,
129,SYNTHETIC COMPANY 00128,SYNTHETIC SITE 00128,,1 Example Way,Nowhere,ZZ,00000,3251,SYNTHETIC INDUSTRY,31,70512,2,0,0,0,0,0,0,0,0,0,0,0,0,100128,1,2,2021,1/1/2022,
130,SYNTHETIC COMPANY 00129,SYNTHETIC SITE 00129,,1 Example Way,Nowhere,ZZ,00000,4451,SYNTHETIC INDUSTRY,48,89862,1,0,0,1,0,0,4,1,0,0,0,0,0,100129,1,2,2021,1/1/2022,
131,SYNTHETIC COMPANY 00130,SYNTHETIC SITE 00130,,1 Example Way,Nowhere,ZZ,00000,3251,SYNTHETIC INDUSTRY,12,23439,2,0,0,0,0,0,0,0,0,0,0,0,0,100130,1,2,2021,1/1/2022,
132,SYNTHETIC COMPANY 00131,SYNTHETIC SITE 00131,,1 Example Way,Nowhere,ZZ,00000,4841,SYNTHETIC INDUSTRY,6,13303,2,0,0,0,0,0,0,0,0,0,0,0,0,100131,1,2,2021,1/1/2022,
133,SYNTHETIC COMPANY 00132,SYNTHETIC SITE 00132,,1 Example Way,Nowhere,ZZ,00000,3252,SYNTHETIC INDUSTRY,324,582512,2,0,0,0,0,0,0,0,0,0,0,0,0,100132,1,2,2021,1/1/2022,
134,SYNTHETIC COMPANY 00133,SYNTHETIC SITE 00133,,1 Example Way,Nowhere,ZZ,00000,2361,SYNTHETIC INDUSTRY,154,235086,2,0,0,0,0,0,0,0,0,0,0,0,0,100133,1,2,2021,1/1/2022,
135,SYNTHETIC COMPANY 00134,SYNTHETIC SITE 00134,,1 Example Way,Nowhere,ZZ,00000,2361,SYNTHETIC INDUSTRY,84,127121,2,0,0,0,0,0,0,0,0,0,0,0,0,100134,1,2,2021,1/1/2022,
136,SYNTHETIC COMPANY 00135,SYNTHETIC SITE 00135,,1 Example Way,Nowhere,ZZ,00000,4841,SYNTHETIC INDUSTRY,94,198004,2,0,0,0,0,0,0,0,0,0,0,0,0,100135,1,2,2021,1/1/2022,
137,SYNTHETIC COMPANY 00136,SYNTHETIC SITE 00136,,1 Example Way,Nowhere,ZZ,00000,4841,SYNTHETIC INDUSTRY,222,446737,1,0,4,2,4,28,8,10,0,0,0,0,0,100136,1,2,2021,1/1/2022,
138,SYNTHETIC COMPANY 00137,SYNTHETIC SITE 00137,,1 Example Way,Nowhere,ZZ,00000,3251,SYNTHETIC INDUSTRY,30,58871,2,0,0,0,0,0,0,0,0,0,0,0,0,100137,1,2,2021,1/1/2022,
139,SYNTHETIC COMPANY 00138,SYNTHETIC SITE 00138,,1 Example Way,Nowhere,ZZ,00000,3328,SYNTHETIC INDUSTRY,35,80920,1,0,0,1,0,0,4,1,0,0,0,0,0,100138,1,2,2021,1/1/2022,
140,SYNTHETIC COMPANY 00139,SYNTHETIC SITE 00139,,1 Example Way,Nowhere,ZZ,00000,3328,SYNTHETIC INDUSTRY,88,166235,1,0,1,0,0,7,0,1,0,0,0,0,0,100139,1,2,2021,1/1/2022,
141,SYNTHETIC COMPANY 00140,SYNTHETIC SITE 00140,,1 Example Way,Nowhere,ZZ,00000,3115,SYNTHETIC INDUSTRY,19,25936,2,0,0,0,0,0,0,0,0,0,0,0,0,100140,1,2,2021,1/1/2022,
142,SYNTHETIC COMPANY 00141,SYNTHETIC SITE 00141,,1 Example Way,Nowhere,ZZ,00000,4451,SYNTHETIC INDUSTRY,226,404704,1,0,8,2,2,56,8,12,0,0,0,0,0,100141,1,2,2021,1/1/2022,
143,SYNTHETIC COMPANY 00142,SYNTHETIC SITE 00142,,1 Example Way,Nowhere,ZZ,00000,3328,SYNTHETIC INDUSTRY,89,150679,1,0,1,0,1,7,0,2,0,0,0,0,0,100142,1,2,2021,1/1/2022,
144,SYNTHETIC COMPANY 00143,SYNTHETIC SITE 00143,,1 Example Way,Nowhere,ZZ,00000,4451,SYNTHETIC INDUSTRY,23,36243,2,0,0,0,0,0,0,0,0,0,0,0,0,100143,1,2,2021,1/1/2022,
145,SYNTHETIC COMPANY 00144,SYNTHETIC SITE 00144,,1 Example Way,Nowhere,ZZ,00000,4841,SYNTHETIC INDUSTRY,61,117647,1,0,0,2,1,0,8,3,0,0,0,0,0,100144,1,2,2021,1/1/2022,
146,SYNTHETIC COMPANY 00145,SYNTHETIC SITE 00145,,1 Example Way,Nowhere,ZZ,00000,4841,SYNTHETIC INDUSTRY,31,60805,1,0,0,0,1,0,0,1,0,0,0,0,0,100145,1,2,2021,1/1/2022,
147,SYNTHETIC COMPANY 00146,SYNTHETIC SITE 00146,,1 Example Way,Nowhere,ZZ,00000,3251,SYNTHETIC INDUSTRY,36,58025,1,0,0,0,1,0,0,1,0,0,0,0,0,100146,1,2,2021,1/1/2022,
148,SYNTHETIC COMPANY 00147,SYNTHETIC SITE 00147,,1 Example Way,Nowhere,ZZ,00000,3115,SYNTHETIC INDUSTRY,48,71124,2,0,0,0,0,0,0,0,0,0,0,0,0,100147,1,2,2021,1/1/2022,
149,SYNTHETIC COMPANY 00148,SYNTHETIC SITE 00148,,1 Example Way,Nowhere,ZZ,00000,3252,SYNTHETIC INDUSTRY,108,208899,1,0,7,3,8,49,12,18,0,0,0,0,0,100148,1,2,2021,1/1/2022,
150,SYNTHETIC COMPANY 00149,SYNTHETIC SITE 00149,,1 Example Way,Nowhere,ZZ,00000,6221,SYNTHETIC INDUSTRY,103,184311,1,0,2,1,2,14,4,5,0,0,0,0,0,100149,1,2,2021,1/1/2022,
151,SYNTHETIC COMPANY 00150,SYNTHETIC SITE 00150,,1 Example Way,Nowhere,ZZ,00000,2361,SYNTHETIC INDUSTRY,21,39338,1,0,0,1,1,0,4,2,0,0,0,0,0,100150,1,2,2021,1/1/2022,
152,SYNTHETIC COMPANY 00151,SYNTHETIC SITE 00151,,1 Example Way,Nowhere,ZZ,00000,3328,SYNTHETIC INDUSTRY,113,211732,2,0,0,0,0,0,0,0,0,0,0,0,0,100151,1,2,2021,1/1/2022,
153,SYNTHETIC COMPANY 00152,SYNTHETIC SITE 00152,,1 Example Way,Nowhere,ZZ,00000,4841,SYNTHETIC INDUSTRY,35,59843,2,0,0,0,0,0,0,0,0,0,0,0,0,100152,1,2,2021,1/1/2022,
154,SYNTHETIC COMPANY 00153,SYNTHETIC SITE 00153,,1 Example Way,Nowhere,ZZ,00000,4841,SYNTHETIC INDUSTRY,7,10884,1,0,0,1,0,0,4,1,0,0,0,0,0,100153,1,2,2021,1/1/2022,
155,SYNTHETIC COMPANY 00154,SYNTHETIC SITE 00154,,1 Example Way,Nowhere,ZZ,00000,3252,SYNTHETIC INDUSTRY,81,154114,2,0,0,0,0,0,0,0,0,0,0,0,0,100154,1,2,2021,1/1/2022,
156,SYNTHETIC COMPANY 00155,SYNTHETIC SITE 00155,,1 Example Way,Nowhere,ZZ,00000,4451,SYNTHETIC INDUSTRY,8,14536,2,0,0,0,0,0,0,0,0,0,0,0,0,100155,1,2,2021,1/1/2022,
157,SYNTHETIC COMPANY 00156,SYNTHETIC SITE 00156,,1 Example Way,Nowhere,ZZ,00000,3115,SYNTHETIC INDUSTRY,32,56505,2,0,0,0,0,0,0,0,0,0,0,0,0,100156,1,2,2021,1/1/2022,
158,SYNTHETIC COMPANY 00157,SYNTHETIC SITE 00157,,1 Example Way,Nowhere,ZZ,00000,3251,SYNTHETIC INDUSTRY,164,309728,1,0,2,1,6,14,4,9,0,0,0,0,0,100157,1,2,2021,1/1/2022,
159,SYNTHETIC COMPANY 00158,SYNTHETIC SITE 00158,,1 Example Way,Nowhere,ZZ,00000,3251,SYNTHETIC INDUSTRY,201,366916,1,0,5,1,0,35,4,6,0,0,0,0,0,100158,1,2,2021,1/1/2022,
160,SYNTHETIC COMPANY 00159,SYNTHETIC SITE 00159,,1 Example Way,Nowhere,ZZ,00000,2361,SYNTHETIC INDUSTRY,37,77940,2,0,0,0,0,0,0,0,0,0,0,0,0,100159,1,2,2021,1/1/2022,
161,SYNTHETIC COMPANY 00160,SYNTHETIC SITE 00160,,1 Example Way,Nowhere,ZZ,00000,4841,SYNTHETIC INDUSTRY,31,77437,2,0,0,0,0,0,0,0,0,0,0,0,0,100160,1,2,2021,1/1/2022,
162,SYNTHETIC COMPANY 00161,SYNTHETIC SITE 00161,,1 Example Way,Nowhere,ZZ,00000,4841,SYNTHETIC INDUSTRY,43,72671,2,0,0,0,0,0,0,0,0,0,0,0,0,100161,1,2,2021,1/1/2022,
163,SYNTHETIC COMPANY 00162,SYNTHETIC SITE 00162,,1 Example Way,Nowhere,ZZ,00000,6221,SYNTHETIC INDUSTRY,6,11918,1,0,1,0,0,7,0,1,0,0,0,0,0,100162,1,2,2021,1/1/2022,
164,SYNTHETIC COMPANY 00163,SYNTHETIC SITE 00163,,1 Example Way,Nowhere,ZZ,00000,4841,SYNTHETIC INDUSTRY,533,1041689,1,0,4,7,14,28,28,25,0,0,0,0,0,100163,1,2,2021,1/1/2022,
165,SYNTHETIC COMPANY 00164,SYNTHETIC SITE 00164,,1 Example Way,Nowhere,ZZ,00000,4841,SYNTHETIC INDUSTRY,20,36556,2,0,0,0,0,0,0,0,0,0,0,0,0,100164,1,2,2021,1/1/2022,
166,SYNTHETIC COMPANY 00165,SYNTHETIC SITE 00165,,1 Example Way,Nowhere,ZZ,00000,6221,SYNTHETIC INDUSTRY,259,484975,2,0,0,0,0,0,0,0,0,0,0,0,0,100165,1,2,2021,1/1/2022,
167,SYNTHETIC COMPANY 00166,SYNTHETIC SITE 00166,,1 Example Way,Nowhere,ZZ,00000,3251,SYNTHETIC INDUSTRY,44,94528,1,0,0,1,1,0,4,2,0,0,0,0,0,100166,1,2,2021,1/1/2022,
168,SYNTHETIC COMPANY 00167,SYNTHETIC SITE 00167,,1 Example Way,Nowhere,ZZ,00000,3115,SYNTHETIC INDUSTRY,203,414333,2,0,0,0,0,0,0,0,0,0,0,0,0,100167,1,2,2021,1/1/2022,
169,SYNTHETIC COMPANY 00168,SYNTHETIC SITE 00168,,1 Example Way,Nowhere,ZZ,00000,3252,SYNTHETIC INDUSTRY,450,813422,2,0,0,0,0,0,0,0,0,0,0,0,0,100168,1,2,2021,1/1/2022,
170,SYNTHETIC COMPANY 00169,SYNTHETIC SITE 00169,,1 Example Way,Nowhere,ZZ,00000,6221,SYNTHETIC INDUSTRY,117,222423,1,0,0,0,1,0,0,1,0,0,0,0,0,100169,1,2,2021,1/1/2022,
171,SYNTHETIC COMPANY 00170,SYNTHETIC SITE 00170,,1 Example Way,Nowhere,ZZ,00000,3252,SYNTHETIC INDUSTRY,638,1301018,1,0,68,60,105,476,240,233,0,0,0,0,0,100170,1,2,2021,1/1/2022,
172,SYNTHETIC COMPANY 00171,SYNTHETIC SITE 00171,,1 Example Way,Nowhere,ZZ,00000,6221,SYNTHETIC INDUSTRY,23,435140,2,0,0,0,0,0,0,0,0,0,0,0,0,100171,1,2,2021,1/1/2022,
173,SYNTHETIC COMPANY 00172,SYNTHETIC SITE 00172,,1 Example Way,Nowhere,ZZ,00000,3115,SYNTHETIC INDUSTRY,114,278189,2,0,0,0,0,0,0,0,0,0,0,0,0,100172,1,2,2021,1/1/2022,
174,SYNTHETIC COMPANY 00173,SYNTHETIC SITE 00173,,1 Example Way,Nowhere,ZZ,00000,3251,SYNTHETIC INDUSTRY,18,28367,2,0,0,0,0,0,0,0,0,0,0,0,0,100173,1,2,2021,1/1/2022,
175,SYNTHETIC COMPANY 00174,SYNTHETIC SITE 00174,,1 Example Way,Nowhere,ZZ,00000,4841,SYNTHETIC INDUSTRY,12,23248,2,0,0,0,0,0,0,0,0,0,0,0,0,100174,1,2,2021,1/1/2022,
176,SYNTHETIC COMPANY 00175,SYNTHETIC SITE 00175,,1 Example Way,Nowhere,ZZ,00000,6221,SYNTHETIC INDUSTRY,29,40267,1,0,1,0,0,7,0,1,0,0,0,0,0,100175,1,2,2021,1/1/2022,
177,SYNTHETIC COMPANY 00176,SYNTHETIC SITE 00176,,1 Example Way,Nowhere,ZZ,00000,6221,SYNTHETIC INDUSTRY,17,42142,1,0,0,0,1,0,0,1,0,0,0,0,0,100176,1,2,2021,1/1/2022,
178,SYNTHETIC COMPANY 00177,SYNTHETIC SITE 00177,,1 Example Way,Nowhere,ZZ,00000,2361,SYNTHETIC INDUSTRY,19,34433,1,0,0,1,1,0,4,2,0,0,0,0,0,100177,1,2,2021,1/1/2022,
179,SYNTHETIC COMPANY 00178,SYNTHETIC SITE 00178,,1 Example Way,Nowhere,ZZ,00000,3251,SYNTHETIC INDUSTRY,81,188885,1,0,1,0,2,7,0,3,0,0,0,0,0,100178,1,2,2021,1/1/2022,
180,SYNTHETIC COMPANY 00179,SYNTHETIC SITE 00179,,1 Example Way,Nowhere,ZZ,00000,4451,SYNTHETIC INDUSTRY,26,38028,2,0,0,0,0,0,0,0,0,0,0,0,0,100179,1,2,2021,1/1/2022,
181,SYNTHETIC COMPANY 00180,SYNTHETIC SITE 00180,,1 Example Way,Nowhere,ZZ,00000,4841,SYNTHETIC INDUSTRY,26,56851,2,0,0,0,0,0,0,0,0,0,0,0,0,100180,1,2,2021,1/1/2022,
182,SYNTHETIC COMPANY 00181,SYNTHETIC SITE 00181,,1 Example Way,Nowhere,ZZ,00000,3252,SYNTHETIC INDUSTRY,32,59471,1,0,1,0,2,7,0,3,0,0,0,0,0,100181,1,2,2021,1/1/2022,
183,SYNTHETIC COMPANY 00182,SYNTHETIC SITE 00182,,1 Example Way,Nowhere,ZZ,00000,3115,SYNTHETIC INDUSTRY,17,33327,1,0,0,1,1,0,4,2,0,0,0,0,0,100182,1,2,2021,1/1/2022,
184,SYNTHETIC COMPANY 00183,SYNTHETIC SITE 00183,,1 Example Way,Nowhere,ZZ,00000,3328,SYNTHETIC INDUSTRY,372,754115,1,0,32,23,33,224,92,88,0,0,0,0,0,100183,1,2,2021,1/1/2022,
185,SYNTHETIC COMPANY 00184,SYNTHETIC SITE 00184,,1 Example Way,Nowhere,ZZ,00000,4451,SYNTHETIC INDUSTRY,199,325516,2,0,0,0,0,0,0,0,0,0,0,0,0,100184,1,2,2021,1/1/2022,
186,SYNTHETIC COMPANY 00185,SYNTHETIC SITE 00185,,1 Example Way,Nowhere,ZZ,00000,3252,SYNTHETIC INDUSTRY,213,392812,1,0,2,4,3,14,16,9,0,0,0,0,0,100185,1,2,2021,1/1/2022,
187,SYNTHETIC COMPANY 00186,SYNTHETIC SITE 00186,,1 Example Way,Nowhere,ZZ,00000,3251,SYNTHETIC INDUSTRY,16,34964,2,0,0,0,0,0,0,0,0,0,0,0,0,100186,1,2,2021,1/1/2022,
188,SYNTHETIC COMPANY 00187,SYNTHETIC SITE 00187,,1 Example Way,Nowhere,ZZ,00000,4451,SYNTHETIC INDUSTRY,24,40447,1,0,1,0,0,7,0,1,0,0,0,0,0,100187,1,2,2021,1/1/2022,
189,SYNTHETIC COMPANY 00188,SYNTHETIC SITE 00188,,1 Example Way,Nowhere,ZZ,00000,6221,SYNTHETIC INDUSTRY,31,73848,2,0,0,0,0,0,0,0,0,0,0,0,0,100188,1,2,2021,1/1/2022,
190,SYNTHETIC COMPANY 00189,SYNTHETIC SITE 00189,,1 Example Way,Nowhere,ZZ,00000,4451,SYNTHETIC INDUSTRY,35,67577,1,0,0,1,0,0,4,1,0,0,0,0,0,100189,1,2,2021,1/1/2022,
191,SYNTHETIC COMPANY 00190,SYNTHETIC SITE 00190,,1 Example Way,Nowhere,ZZ,00000,3252,SYNTHETIC INDUSTRY,21,33260,2,0,0,0,0,0,0,0,0,0,0,0,0,100190,1,2,2021,1/1/2022,
192,SYNTHETIC COMPANY 00191,SYNTHETIC SITE 00191,,1 Example Way,Nowhere,ZZ,00000,4841,SYNTHETIC INDUSTRY,21,41586,2,0,0,0,0,0,0,0,0,0,0,0,0,100191,1,2,2021,1/1/2022,
193,SYNTHETIC COMPANY 00192,SYNTHETIC SITE 00192,,1 Example Way,Nowhere,ZZ,00000,3115,SYNTHETIC INDUSTRY,130,232822,1,0,0,3,0,0,12,3,0,0,0,0,0,100192,1,2,2021,1/1/2022,
194,SYNTHETIC COMPANY 00193,SYNTHETIC SITE 00193,,1 Example Way,Nowhere,ZZ,00000,3252,SYNTHETIC INDUSTRY,67,126093,1,0,2,2,2,14,8,6,0,0,0,0,0,100193,1,2,2021,1/1/2022,
195,SYNTHETIC COMPANY 00194,SYNTHETIC SITE 00194,,1 Example Way,Nowhere,ZZ,00000,4841,SYNTHETIC INDUSTRY,113,192936,2,0,0,0,0,0,0,0,0,0,0,0,0,100194,1,2,2021,1/1/2022,
196,SYNTHETIC COMPANY 00195,SYNTHETIC SITE 00195,,1 Example Way,Nowhere,ZZ,00000,3115,SYNTHETIC INDUSTRY,141,294197,1,0,1,0,0,7,0,1,0,0,0,0,0,100195,1,2,2021,1/1/2022,
197,SYNTHETIC COMPANY 00196,SYNTHETIC SITE 00196,,1 Example Way,Nowhere,ZZ,00000,4451,SYNTHETIC INDUSTRY,15,33506,1,0,1,1,0,7,4,2,0,0,0,0,0,100196,1,2,2021,1/1/2022,
198,SYNTHETIC COMPANY 00197,SYNTHETIC SITE 00197,,1 Example Way,Nowhere,ZZ,00000,4841,SYNTHETIC INDUSTRY,10,20019,2,0,0,0,0,0,0,0,0,0,0,0,0,100197,1,2,2021,1/1/2022,
199,SYNTHETIC COMPANY 00198,SYNTHETIC SITE 00198,,1 Example Way,Nowhere,ZZ,00000,3115,SYNTHETIC INDUSTRY,219,372469,2,0,0,0,0,0,0,0,0,0,0,0,0,100198,1,2,2021,1/1/2022,
200,SYNTHETIC COMPANY 00199,SYNTHETIC SITE 00199,,1 Example Way,Nowhere,ZZ,00000,2361,SYNTHETIC INDUSTRY,66,128122,1,0,0,0,1,0,0,1,0,0,0,0,0,100199,1,2,2021,1/1/2022,
201,SYNTHETIC COMPANY 00200,SYNTHETIC SITE 00200,,1 Example Way,Nowhere,ZZ,00000,4841,SYNTHETIC INDUSTRY,181,234669,2,0,0,0,0,0,0,0,0,0,0,0,0,100200,1,2,2021,1/1/2022,
202,SYNTHETIC COMPANY 00201,SYNTHETIC SITE 00201,,1 Example Way,Nowhere,ZZ,00000,3115,SYNTHETIC INDUSTRY,26,54915,2,0,0,0,0,0,0,0,0,0,0,0,0,100201,1,2,2021,1/1/2022,
203,SYNTHETIC COMPANY 00202,SYNTHETIC SITE 00202,,1 Example Way,Nowhere,ZZ,00000,4451,SYNTHETIC INDUSTRY,71,121181,2,0,0,0,0,0,0,0,0,0,0,0,0,100202,1,2,2021,1/1/2022,
204,SYNTHETIC COMPANY 00203,SYNTHETIC SITE 00203,,1 Example Way,Nowhere,ZZ,00000,3115,SYNTHETIC INDUSTRY,25,37247,2,0,0,0,0,0,0,0,0,0,0,0,0,100203,1,2,2021,1/1/2022,
205,SYNTHETIC COMPANY 00204,SYNTHETIC SITE 00204,,1 Example Way,Nowhere,ZZ,00000,4451,SYNTHETIC INDUSTRY,13,22671,2,0,0,0,0,0,0,0,0,0,0,0,0,100204,1,2,2021,1/1/2022,
206,SYNTHETIC COMPANY 00205,SYNTHETIC SITE 00205,,1 Example Way,Nowhere,ZZ,00000,3328,SYNTHETIC INDUSTRY,19,35926,2,0,0,0,0,0,0,0,0,0,0,0,0,100205,1,2,2021,1/1/2022,
207,SYNTHETIC COMPANY 00206,SYNTHETIC SITE 00206,,1 Example Way,Nowhere,ZZ,00000,3252,SYNTHETIC INDUSTRY,2,3990,2,0,0,0,0,0,0,0,0,0,0,0,0,100206,1,2,2021,1/1/2022,
208,SYNTHETIC COMPANY 00207,SYNTHETIC SITE 00207,,1 Example Way,Nowhere,ZZ,00000,3252,SYNTHETIC INDUSTRY,41,97638,2,0,0,0,0,0,0,0,0,0,0,0,0,100207,1,2,2021,1/1/2022,
209,SYNTHETIC COMPANY 00208,SYNTHETIC SITE 00208,,1 Example Way,Nowhere,ZZ,00000,3251,SYNTHETIC INDUSTRY,21,36292,1,0,4,1,1,28,4,6,0,0,0,0,0,100208,1,2,2021,1/1/2022,
210,SYNTHETIC COMPANY 00209,SYNTHETIC SITE 00209,,1 Example Way,Nowhere,ZZ,00000,4451,SYNTHETIC INDUSTRY,42,77255,2,0,0,0,0,0,0,0,0,0,0,0,0,100209,1,2,2021,1/1/2022,
211,SYNTHETIC COMPANY 00210,SYNTHETIC SITE 00210,,1 Example Way,Nowhere,ZZ,00000,3252,SYNTHETIC INDUSTRY,264,595548,1,0,1,0,4,7,0,5,0,0,0,0,0,100210,1,2,2021,1/1/2022,
212,SYNTHETIC COMPANY 00211,SYNTHETIC SITE 00211,,1 Example Way,Nowhere,ZZ,00000,2361,SYNTHETIC INDUSTRY,100,184672,1,0,4,2,2,28,8,8,0,0,0,0,0,100211,1,2,2021,1/1/2022,
213,SYNTHETIC COMPANY 00212,SYNTHETIC SITE 00212,,1 Example Way,Nowhere,ZZ,00000,3115,SYNTHETIC INDUSTRY,28,53790,2,0,0,0,0,0,0,0,0,0,0,0,0,100212,1,2,2021,1/1/2022,
214,SYNTHETIC COMPANY 00213,SYNTHETIC SITE 00213,,1 Example Way,Nowhere,ZZ,00000,2361,SYNTHETIC INDUSTRY,206,406264,1,0,1,1,0,7,4,2,0,0,0,0,0,100213,1,2,2021,1/1/2022,
215,SYNTHETIC COMPANY 00214,SYNTHETIC SITE 00214,,1 Example Way,Nowhere,ZZ,00000,3115,SYNTHETIC INDUSTRY,42,79917,2,0,0,0,0,0,0,0,0,0,0,0,0,100214,1,2,2021,1/1/2022,
216,SYNTHETIC COMPANY 00215,SYNTHETIC SITE 00215,,1 Example Way,Nowhere,ZZ,00000,3252,SYNTHETIC INDUSTRY,256,499354,1,0,3,3,5,21,12,11,0,0,0,0,0,100215,1,2,2021,1/1/2022,
217,SYNTHETIC COMPANY 00216,SYNTHETIC SITE 00216,,1 Example Way,Nowhere,ZZ,00000,4451,SYNTHETIC INDUSTRY,19,32904,2,0,0,0,0,0,0,0,0,0,0,0,0,100216,1,2,2021,1/1/2022,
218,SYNTHETIC COMPANY 00217,SYNTHETIC SITE 00217,,1 Example Way,Nowhere,ZZ,00000,3251,SYNTHETIC INDUSTRY,99,188438000,1,0,2,2,2,14,8,6,0,0,0,0,0,100217,1,2,2021,1/1/2022,
219,SYNTHETIC COMPANY 00218,SYNTHETIC SITE 00218,,1 Example Way,Nowhere,ZZ,00000,6221,SYNTHETIC INDUSTRY,211,453446,1,0,2,2,1,14,8,5,0,0,0,0,0,100218,1,2,2021,1/1/2022,
220,SYNTHETIC COMPANY 00219,SYNTHETIC SITE 00219,,1 Example Way,Nowhere,ZZ,00000,3115,SYNTHETIC INDUSTRY,37,54947,2,0,0,0,0,0,0,0,0,0,0,0,0,100219,1,2,2021,1/1/2022,
221,SYNTHETIC COMPANY 00220,SYNTHETIC SITE 00220,,1 Example Way,Nowhere,ZZ,00000,6221,SYNTHETIC INDUSTRY,30,61637,1,0,1,0,0,7,0,1,0,0,0,0,0,100220,1,2,2021,1/1/2022,
222,SYNTHETIC COMPANY 00221,SYNTHETIC SITE 00221,,1 Example Way,Nowhere,ZZ,00000,4451,SYNTHETIC INDUSTRY,85,140849,2,0,0,0,0,0,0,0,0,0,0,0,0,100221,1,2,2021,1/1/2022,
223,SYNTHETIC COMPANY 00222,SYNTHETIC SITE 00222,,1 Example Way,Nowhere,ZZ,00000,3252,SYNTHETIC INDUSTRY,16,32320,2,0,0,0,0,0,0,0,0,0,0,0,0,100222,1,2,2021,1/1/2022,
224,SYNTHETIC COMPANY 00223,SYNTHETIC SITE 00223,,1 Example Way,Nowhere,ZZ,00000,3251,SYNTHETIC INDUSTRY,6,12625,1,0,0,0,1,0,0,1,0,0,0,0,0,100223,1,2,2021,1/1/2022,
225,SYNTHETIC COMPANY 00224,SYNTHETIC SITE 00224,,1 Example Way,Nowhere,ZZ,00000,2361,SYNTHETIC INDUSTRY,101,202011,2,0,0,0,0,0,0,0,0,0,0,0,0,100224,1,2,2021,1/1/2022,
226,SYNTHETIC COMPANY 00225,SYNTHETIC SITE 00225,,1 Example Way,Nowhere,ZZ,00000,6221,SYNTHETIC INDUSTRY,160,363218,2,0,0,0,0,0,0,0,0,0,0,0,0,100225,1,2,2021,1/1/2022,
227,SYNTHETIC COMPANY 00226,SYNTHETIC SITE 00226,,1 Example Way,Nowhere,ZZ,00000,4451,SYNTHETIC INDUSTRY,177,328795,2,0,0,0,0,0,0,0,0,0,0,0,0,100226,1,2,2021,1/1/2022,
228,SYNTHETIC COMPANY 00227,SYNTHETIC SITE 00227,,1 Example Way,Nowhere,ZZ,00000,4841,SYNTHETIC INDUSTRY,55,105460,2,0,0,0,0,0,0,0,0,0,0,0,0,100227,1,2,2021,1/1/2022,
229,SYNTHETIC COMPANY 00228,SYNTHETIC SITE 00228,,1 Example Way,Nowhere,ZZ,00000,4451,SYNTHETIC INDUSTRY,33,6899400,1,0,0,1,0,0,4,1,0,0,0,0,0,100228,1,2,2021,1/1/2022,
230,SYNTHETIC COMPANY 00229,SYNTHETIC SITE 00229,,1 Example Way,Nowhere,ZZ,00000,2361,SYNTHETIC INDUSTRY,63,112534,1,0,0,1,1,0,4,2,0,0,0,0,0,100229,1,2,2021,1/1/2022,
231,SYNTHETIC COMPANY 00230,SYNTHETIC SITE 00230,,1 Example Way,Nowhere,ZZ,00000,3251,SYNTHETIC INDUSTRY,18,34273,2,0,0,0,0,0,0,0,0,0,0,0,0,100230,1,2,2021,1/1/2022,
232,SYNTHETIC COMPANY 00231,SYNTHETIC SITE 00231,,1 Example Way,Nowhere,ZZ,00000,2361,SYNTHETIC INDUSTRY,7,12675,2,0,0,0,0,0,0,0,0,0,0,0,0,100231,1,2,2021,1/1/2022,
233,SYNTHETIC COMPANY 00232,SYNTHETIC SITE 00232,,1 Example Way,Nowhere,ZZ,00000,6221,SYNTHETIC INDUSTRY,15,26336,2,0,0,0,0,0,0,0,0,0,0,0,0,100232,1,2,2021,1/1/2022,
234,SYNTHETIC COMPANY 00233,SYNTHETIC SITE 00233,,1 Example Way,Nowhere,ZZ,00000,3252,SYNTHETIC INDUSTRY,258,239245,2,0,0,0,0,0,0,0,0,0,0,0,0,100233,1,2,2021,1/1/2022,
235,SYNTHETIC COMPANY 00234,SYNTHETIC SITE 00234,,1 Example Way,Nowhere,ZZ,00000,3252,SYNTHETIC INDUSTRY,25,56346,2,0,0,0,0,0,0,0,0,0,0,0,0,100234,1,2,2021,1/1/2022,
236,SYNTHETIC COMPANY 00235,SYNTHETIC SITE 00235,,1 Example Way,Nowhere,ZZ,00000,3251,SYNTHETIC INDUSTRY,3,3845,2,0,0,0,0,0,0,0,0,0,0,0,0,100235,1,2,2021,1/1/2022,
237,SYNTHETIC COMPANY 00236,SYNTHETIC SITE 00236,,1 Example Way,Nowhere,ZZ,00000,2361,SYNTHETIC INDUSTRY,15,32731,2,0,0,0,0,0,0,0,0,0,0,0,0,100236,1,2,2021,1/1/2022,
238,SYNTHETIC COMPANY 00237,SYNTHETIC SITE 00237,,1 Example Way,Nowhere,ZZ,00000,2361,SYNTHETIC INDUSTRY,65,95781,1,0,1,1,2,7,4,4,0,0,0,0,0,100237,1,2,2021,1/1/2022,
239,SYNTHETIC COMPANY 00238,SYNTHETIC SITE 00238,,1 Example Way,Nowhere,ZZ,00000,3115,SYNTHETIC INDUSTRY,49,106468,1,0,0,0,1,0,0,1,0,0,0,0,0,100238,1,2,2021,1/1/2022,
240,SYNTHETIC COMPANY 00239,SYNTHETIC SITE 00239,,1 Example Way,Nowhere,ZZ,00000,3115,SYNTHETIC INDUSTRY,53,90845,1,0,0,0,1,0,0,1,0,0,0,0,0,100239,1,2,2021,1/1/2022,
241,SYNTHETIC COMPANY 00240,SYNTHETIC SITE 00240,,1 Example Way,Nowhere,ZZ,00000,3328,SYNTHETIC INDUSTRY,10,19637,2,0,0,0,0,0,0,0,0,0,0,0,0,100240,1,2,2021,1/1/2022,
242,SYNTHETIC COMPANY 00241,SYNTHETIC SITE 00241,,1 Example Way,Nowhere,ZZ,00000,4841,SYNTHETIC INDUSTRY,48,82214,2,0,0,0,0,0,0,0,0,0,0,0,0,100241,1,2,2021,1/1/2022,
243,SYNTHETIC COMPANY 00242,SYNTHETIC SITE 00242,,1 Example Way,Nowhere,ZZ,00000,6221,SYNTHETIC INDUSTRY,146,311673,2,0,0,0,0,0,0,0,0,0,0,0,0,100242,1,2,2021,1/1/2022,
244,SYNTHETIC COMPANY 00243,SYNTHETIC SITE 00243,,1 Example Way,Nowhere,ZZ,00000,3115,SYNTHETIC INDUSTRY,24,34994,2,0,0,0,0,0,0,0,0,0,0,0,0,100243,1,2,2021,1/1/2022,
245,SYNTHETIC COMPANY 00244,SYNTHETIC SITE 00244,,1 Example Way,Nowhere,ZZ,00000,3115,SYNTHETIC INDUSTRY,163,321943,2,0,0,0,0,0,0,0,0,0,0,0,0,100244,1,2,2021,1/1/2022,
246,SYNTHETIC COMPANY 00245,SYNTHETIC SITE 00245,,1 Example Way,Nowhere,ZZ,00000,3251,SYNTHETIC INDUSTRY,14,23837,2,0,0,0,0,0,0,0,0,0,0,0,0,100245,1,2,2021,1/1/2022,
247,SYNTHETIC COMPANY 00246,SYNTHETIC SITE 00246,,1 Example Way,Nowhere,ZZ,00000,3251,SYNTHETIC INDUSTRY,81,165571,1,0,1,1,3,7,4,5,0,0,0,0,0,100246,1,2,2021,1/1/2022,
248,SYNTHETIC COMPANY 00247,SYNTHETIC SITE 00247,,1 Example Way,Nowhere,ZZ,00000,3251,SYNTHETIC INDUSTRY,38,77334,1,0,2,1,0,14,4,3,0,0,0,0,0,100247,1,2,2021,1/1/2022,
249,SYNTHETIC COMPANY 00248,SYNTHETIC SITE 00248,,1 Example Way,Nowhere,ZZ,00000,4841,SYNTHETIC INDUSTRY,103,189030,1,0,4,5,5,28,20,14,0,0,0,0,0,100248,1,2,2021,1/1/2022,
250,SYNTHETIC COMPANY 00249,SYNTHETIC SITE 00249,,1 Example Way,Nowhere,ZZ,00000,3252,SYNTHETIC INDUSTRY,34,56471,2,0,0,0,0,0,0,0,0,0,0,0,0,100249,1,2,2021,1/1/2022,
251,SYNTHETIC COMPANY 00250,SYNTHETIC SITE 00250,,1 Example Way,Nowhere,ZZ,00000,3252,SYNTHETIC INDUSTRY,245,467621,1,0,2,1,3,14,4,6,0,0,0,0,0,100250,1,2,2021,1/1/2022,
252,SYNTHETIC COMPANY 00251,SYNTHETIC SITE 00251,,1 Example Way,Nowhere,ZZ,00000,6221,SYNTHETIC INDUSTRY,14,27970,1,0,1,0,0,7,0,1,0,0,0,0,0,100251,1,2,2021,1/1/2022,
253,SYNTHETIC COMPANY 00252,SYNTHETIC SITE 00252,,1 Example Way,Nowhere,ZZ,00000,3115,SYNTHETIC INDUSTRY,40,73188,2,0,0,0,0,0,0,0,0,0,0,0,0,100252,1,2,2021,1/1/2022,
254,SYNTHETIC COMPANY 00253,SYNTHETIC SITE 00253,,1 Example Way,Nowhere,ZZ,00000,3115,SYNTHETIC INDUSTRY,18,33784,2,0,0,0,0,0,0,0,0,0,0,0,0,100253,1,2,2021,1/1/2022,
255,SYNTHETIC COMPANY 00254,SYNTHETIC SITE 00254,,1 Example Way,Nowhere,ZZ,00000,3252,SYNTHETIC INDUSTRY,80,154035,2,0,0,0,0,0,0,0,0,0,0,0,0,100254,1,2,2021,1/1/2022,
256,SYNTHETIC COMPANY 00255,SYNTHETIC SITE 00255,,1 Example Way,Nowhere,ZZ,00000,2361,SYNTHETIC INDUSTRY,12,21288,2,0,0,0,0,0,0,0,0,0,0,0,0,100255,1,2,2021,1/1/2022,
257,SYNTHETIC COMPANY 00256,SYNTHETIC SITE 00256,,1 Example Way,Nowhere,ZZ,00000,6221,SYNTHETIC INDUSTRY,37,46975,2,0,0,0,0,0,0,0,0,0,0,0,0,100256,1,2,2021,1/1/2022,
258,SYNTHETIC COMPANY 00257,SYNTHETIC SITE 00257,,1 Example Way,Nowhere,ZZ,00000,4451,SYNTHETIC INDUSTRY,25,37009,1,0,0,1,1,0,4,2,0,0,0,0,0,100257,1,2,2021,1/1/2022,
259,SYNTHETIC COMPANY 00258,SYNTHETIC SITE 00258,,1 Example Way,Nowhere,ZZ,00000,3115,SYNTHETIC INDUSTRY,12,30360,2,0,0,0,0,0,0,0,0,0,0,0,0,100258,1,2,2021,1/1/2022,
260,SYNTHETIC COMPANY 00259,SYNTHETIC SITE 00259,,1 Example Way,Nowhere,ZZ,00000,2361,SYNTHETIC INDUSTRY,84,149689,1,0,1,1,3,7,4,5,0,0,0,0,0,100259,1,2,2021,1/1/2022,
261,SYNTHETIC COMPANY 00260,SYNTHETIC SITE 00260,,1 Example Way,Nowhere,ZZ,00000,3251,SYNTHETIC INDUSTRY,14,23484,1,0,0,1,0,0,4,1,0,0,0,0,0,100260,1,2,2021,1/1/2022,
262,SYNTHETIC COMPANY 00261,SYNTHETIC SITE 00261,,1 Example Way,Nowhere,ZZ,00000,3251,SYNTHETIC INDUSTRY,125,270342,2,0,0,0,0,0,0,0,0,0,0,0,0,100261,1,2,2021,1/1/2022,
263,SYNTHETIC COMPANY 00262,SYNTHETIC SITE 00262,,1 Example Way,Nowhere,ZZ,00000,3252,SYNTHETIC INDUSTRY,41,74112,1,0,1,0,1,7,0,2,0,0,0,0,0,100262,1,2,2021,1/1/2022,
264,SYNTHETIC COMPANY 00263,SYNTHETIC SITE 00263,,1 Example Way,Nowhere,ZZ,00000,6221,SYNTHETIC INDUSTRY,499,747697,1,0,2,2,1,14,8,5,0,0,0,0,0,100263,1,2,2021,1/1/2022,
265,SYNTHETIC COMPANY 00264,SYNTHETIC SITE 00264,,1 Example Way,Nowhere,ZZ,00000,3115,SYNTHETIC INDUSTRY,18,31418,2,0,0,0,0,0,0,0,0,0,0,0,0,100264,1,2,2021,1/1/2022,
266,SYNTHETIC COMPANY 00265,SYNTHETIC SITE 00265,,1 Example Way,Nowhere,ZZ,00000,3115,SYNTHETIC INDUSTRY,16,37331,1,0,1,0,0,7,0,1,0,0,0,0,0,100265,1,2,2021,1/1/2022,
267,SYNTHETIC COMPANY 00266,SYNTHETIC SITE 00266,,1 Example Way,Nowhere,ZZ,00000,4841,SYNTHETIC INDUSTRY,36,76328,2,0,0,0,0,0,0,0,0,0,0,0,0,100266,1,2,2021,1/1/2022,
268,SYNTHETIC COMPANY 00267,SYNTHETIC SITE 00267,,1 Example Way,Nowhere,ZZ,00000,4841,SYNTHETIC INDUSTRY,86,141633,1,0,2,0,1,14,0,3,0,0,0,0,0,100267,1,2,2021,1/1/2022,
269,SYNTHETIC COMPANY 00268,SYNTHETIC SITE 00268,,1 Example Way,Nowhere,ZZ,00000,3328,SYNTHETIC INDUSTRY,31,53831,2,0,0,0,0,0,0,0,0,0,0,0,0,100268,1,2,2021,1/1/2022,
270,SYNTHETIC COMPANY 00269,SYNTHETIC SITE 00269,,1 Example Way,Nowhere,ZZ,00000,3328,SYNTHETIC INDUSTRY,83,180558,1,0,0,0,3,0,0,3,0,0,0,0,0,100269,1,2,2021,1/1/2022,
271,SYNTHETIC COMPANY 00270,SYNTHETIC SITE 00270,,1 Example Way,Nowhere,ZZ,00000,6221,SYNTHETIC INDUSTRY,78,155715,2,0,0,0,0,0,0,0,0,0,0,0,0,100270,1,2,2021,1/1/2022,
272,SYNTHETIC COMPANY 00271,SYNTHETIC SITE 00271,,1 Example Way,Nowhere,ZZ,00000,3328,SYNTHETIC INDUSTRY,41,76373,1,0,1,1,2,7,4,4,0,0,0,0,0,100271,1,2,2021,1/1/2022,
273,SYNTHETIC COMPANY 00272,SYNTHETIC SITE 00272,,1 Example Way,Nowhere,ZZ,00000,3115,SYNTHETIC INDUSTRY,3,6041,2,0,0,0,0,0,0,0,0,0,0,0,0,100272,1,2,2021,1/1/2022,
274,SYNTHETIC COMPANY 00273,SYNTHETIC SITE 00273,,1 Example Way,Nowhere,ZZ,00000,3115,SYNTHETIC INDUSTRY,59,108811,1,0,1,0,0,7,0,1,0,0,0,0,0,100273,1,2,2021,1/1/2022,
275,SYNTHETIC COMPANY 00274,SYNTHETIC SITE 00274,,1 Example Way,Nowhere,ZZ,00000,2361,SYNTHETIC INDUSTRY,54,103541,2,0,0,0,0,0,0,0,0,0,0,0,0,100274,1,2,2021,1/1/2022,
276,SYNTHETIC COMPANY 00275,SYNTHETIC SITE 00275,,1 Example Way,Nowhere,ZZ,00000,6221,SYNTHETIC INDUSTRY,35,60052,2,0,0,0,0,0,0,0,0,0,0,0,0,100275,1,2,2021,1/1/2022,
277,SYNTHETIC COMPANY 00276,SYNTHETIC SITE 00276,,1 Example Way,Nowhere,ZZ,00000,2361,SYNTHETIC INDUSTRY,11,18692,2,0,0,0,0,0,0,0,0,0,0,0,0,100276,1,2,2021,1/1/2022,
278,SYNTHETIC COMPANY 00277,SYNTHETIC SITE 00277,,1 Example Way,Nowhere,ZZ,00000,6221,SYNTHETIC INDUSTRY,18,26976,2,0,0,0,0,0,0,0,0,0,0,0,0,100277,1,2,2021,1/1/2022,
279,SYNTHETIC COMPANY 00278,SYNTHETIC SITE 00278,,1 Example Way,Nowhere,ZZ,00000,4841,SYNTHETIC INDUSTRY,40,71608,2,0,0,0,0,0,0,0,0,0,0,0,0,100278,1,2,2021,1/1/2022,
280,SYNTHETIC COMPANY 00279,SYNTHETIC SITE 00279,,1 Example Way,Nowhere,ZZ,00000,3115,SYNTHETIC INDUSTRY,28,45977,1,0,1,0,0,7,0,1,0,0,0,0,0,100279,1,2,2021,1/1/2022,
281,SYNTHETIC COMPANY 00280,SYNTHETIC SITE 00280,,1 Example Way,Nowhere,ZZ,00000,4841,SYNTHETIC INDUSTRY,43,71800,2,0,0,0,0,0,0,0,0,0,0,0,0,100280,1,2,2021,1/1/2022,
282,SYNTHETIC COMPANY 00281,SYNTHETIC SITE 00281,,1 Example Way,Nowhere,ZZ,00000,6221,SYNTHETIC INDUSTRY,33,73014,2,0,0,0,0,0,0,0,0,0,0,0,0,100281,1,2,2021,1/1/2022,
283,SYNTHETIC COMPANY 00282,SYNTHETIC SITE 00282,,1 Example Way,Nowhere,ZZ,00000,3115,SYNTHETIC INDUSTRY,52,98047,1,0,1,2,1,7,8,4,0,0,0,0,0,100282,1,2,2021,1/1/2022,
284,SYNTHETIC COMPANY 00283,SYNTHETIC SITE 00283,,1 Example Way,Nowhere,ZZ,00000,3115,SYNTHETIC INDUSTRY,18,29427,2,0,0,0,0,0,0,0,0,0,0,0,0,100283,1,2,2021,1/1/2022,
285,SYNTHETIC COMPANY 00284,SYNTHETIC SITE 00284,,1 Example Way,Nowhere,ZZ,00000,3252,SYNTHETIC INDUSTRY,138,222952,1,0,1,1,2,7,4,4,0,0,0,0,0,100284,1,2,2021,1/1/2022,
286,SYNTHETIC COMPANY 00285,SYNTHETIC SITE 00285,,1 Example Way,Nowhere,ZZ,00000,4841,SYNTHETIC INDUSTRY,13,26423,2,0,0,0,0,0,0,0,0,0,0,0,0,100285,1,2,2021,1/1/2022,
287,SYNTHETIC COMPANY 00286,SYNTHETIC SITE 00286,,1 Example Way,Nowhere,ZZ,00000,2361,SYNTHETIC INDUSTRY,2,4331,2,0,0,0,0,0,0,0,0,0,0,0,0,100286,1,2,2021,1/1/2022,
288,SYNTHETIC COMPANY 00287,SYNTHETIC SITE 00287,,1 Example Way,Nowhere,ZZ,00000,3252,SYNTHETIC INDUSTRY,184,280970,1,0,0,0,1,0,0,1,0,0,0,0,0,100287,1,2,2021,1/1/2022,
289,SYNTHETIC COMPANY 00288,SYNTHETIC SITE 00288,,1 Example Way,Nowhere,ZZ,00000,2361,SYNTHETIC INDUSTRY,18,25103,2,0,0,0,0,0,0,0,0,0,0,0,0,100288,1,2,2021,1/1/2022,
290,SYNTHETIC COMPANY 00289,SYNTHETIC SITE 00289,,1 Example Way,Nowhere,ZZ,00000,3115,SYNTHETIC INDUSTRY,77,157118,2,0,0,0,0,0,0,0,0,0,0,0,0,100289,1,2,2021,1/1/2022,
291,SYNTHETIC COMPANY 00290,SYNTHETIC SITE 00290,,1 Example Way,Nowhere,ZZ,00000,3115,SYNTHETIC INDUSTRY,30,57748,2,0,0,0,0,0,0,0,0,0,0,0,0,100290,1,2,2021,1/1/2022,
292,SYNTHETIC COMPANY 00291,SYNTHETIC SITE 00291,,1 Example Way,Nowhere,ZZ,00000,4841,SYNTHETIC INDUSTRY,74,116406,1,0,1,1,1,7,4,3,0,0,0,0,0,100291,1,2,2021,1/1/2022,
293,SYNTHETIC COMPANY 00292,SYNTHETIC SITE 00292,,1 Example Way,Nowhere,ZZ,00000,3328,SYNTHETIC INDUSTRY,12,19355,1,0,0,0,1,0,0,1,0,0,0,0,0,100292,1,2,2021,1/1/2022,
294,SYNTHETIC COMPANY 00293,SYNTHETIC SITE 00293,,1 Example Way,Nowhere,ZZ,00000,2361,SYNTHETIC INDUSTRY,95,182890,2,0,0,0,0,0,0,0,0,0,0,0,0,100293,1,2,2021,1/1/2022,
295,SYNTHETIC COMPANY 00294,SYNTHETIC SITE 00294,,1 Example Way,Nowhere,ZZ,00000,3252,SYNTHETIC INDUSTRY,53,97817,2,0,0,0,0,0,0,0,0,0,0,0,0,100294,1,2,2021,1/1/2022,
296,SYNTHETIC COMPANY 00295,SYNTHETIC SITE 00295,,1 Example Way,Nowhere,ZZ,00000,2361,SYNTHETIC INDUSTRY,38,85063,1,0,0,1,1,0,4,2,0,0,0,0,0,100295,1,2,2021,1/1/2022,
297,SYNTHETIC COMPANY 00296,SYNTHETIC SITE 00296,,1 Example Way,Nowhere,ZZ,00000,3328,SYNTHETIC INDUSTRY,233,424945,1,0,0,0,2,0,0,2,0,0,0,0,0,100296,1,2,2021,1/1/2022,
298,SYNTHETIC COMPANY 00297,SYNTHETIC SITE 00297,,1 Example Way,Nowhere,ZZ,00000,6221,SYNTHETIC INDUSTRY,233,503582,1,0,6,5,6,42,20,17,0,0,0,0,0,100297,1,2,2021,1/1/2022,
299,SYNTHETIC COMPANY 00298,SYNTHETIC SITE 00298,,1 Example Way,Nowhere,ZZ,00000,2361,SYNTHETIC INDUSTRY,32,73550,1,0,1,1,0,7,4,2,0,0,0,0,0,100298,1,2,2021,1/1/2022,
300,SYNTHETIC COMPANY 00299,SYNTHETIC SITE 00299,,1 Example Way,Nowhere,ZZ,00000,2361,SYNTHETIC INDUSTRY,134,314251,2,0,0,0,0,0,0,0,0,0,0,0,0,100299,1,2,2021,1/1/2022,
301,SYNTHETIC COMPANY 00300,SYNTHETIC SITE 00300,,1 Example Way,Nowhere,ZZ,00000,3252,SYNTHETIC INDUSTRY,368,672660,2,0,0,0,0,0,0,0,0,0,0,0,0,100300,1,2,2021,1/1/2022,
302,SYNTHETIC COMPANY 00301,SYNTHETIC SITE 00301,,1 Example Way,Nowhere,ZZ,00000,4451,SYNTHETIC INDUSTRY,10,20669,1,0,1,0,0,7,0,1,0,0,0,0,0,100301,1,2,2021,1/1/2022,
303,SYNTHETIC COMPANY 00302,SYNTHETIC SITE 00302,,1 Example Way,Nowhere,ZZ,00000,3252,SYNTHETIC INDUSTRY,32,69962,2,0,0,0,0,0,0,0,0,0,0,0,0,100302,1,2,2021,1/1/2022,
304,SYNTHETIC COMPANY 00303,SYNTHETIC SITE 00303,,1 Example Way,Nowhere,ZZ,00000,3328,SYNTHETIC INDUSTRY,33,66765,1,0,1,0,0,7,0,1,0,0,0,0,0,100303,1,2,2021,1/1/2022,
305,SYNTHETIC COMPANY 00304,SYNTHETIC SITE 00304,,1 Example Way,Nowhere,ZZ,00000,4451,SYNTHETIC INDUSTRY,76,125991,2,0,0,0,0,0,0,0,0,0,0,0,0,100304,1,2,2021,1/1/2022,
306,SYNTHETIC COMPANY 00305,SYNTHETIC SITE 00305,,1 Example Way,Nowhere,ZZ,00000,3328,SYNTHETIC INDUSTRY,61,89153,2,0,0,0,0,0,0,0,0,0,0,0,0,100305,1,2,2021,1/1/2022,
307,SYNTHETIC COMPANY 00306,SYNTHETIC SITE 00306,,1 Example Way,Nowhere,ZZ,00000,3328,SYNTHETIC INDUSTRY,226,405585,1,0,3,4,1,21,16,8,0,0,0,0,0,100306,1,2,2021,1/1/2022,
308,SYNTHETIC COMPANY 00307,SYNTHETIC SITE 00307,,1 Example Way,Nowhere,ZZ,00000,3252,SYNTHETIC INDUSTRY,4,8626,1,0,0,1,0,0,4,1,0,0,0,0,0,100307,1,2,2021,1/1/2022,
309,SYNTHETIC COMPANY 00308,SYNTHETIC SITE 00308,,1 Example Way,Nowhere,ZZ,00000,6221,SYNTHETIC INDUSTRY,17,27265,1,0,0,1,1,0,4,2,0,0,0,0,0,100308,1,2,2021,1/1/2022,
310,SYNTHETIC COMPANY 00309,SYNTHETIC SITE 00309,,1 Example Way,Nowhere,ZZ,00000,6221,SYNTHETIC INDUSTRY,28,52002,2,0,0,0,0,0,0,0,0,0,0,0,0,100309,1,2,2021,1/1/2022,
311,SYNTHETIC COMPANY 00310,SYNTHETIC SITE 00310,,1 Example Way,Nowhere,ZZ,00000,3251,SYNTHETIC INDUSTRY,165,276071,1,0,3,0,5,21,0,8,0,0,0,0,0,100310,1,2,2021,1/1/2022,
312,SYNTHETIC COMPANY 00311,SYNTHETIC SITE 00311,,1 Example Way,Nowhere,ZZ,00000,3115,SYNTHETIC INDUSTRY,143,271787,1,0,1,1,2,7,4,4,0,0,0,0,0,100311,1,2,2021,1/1/2022,
313,SYNTHETIC COMPANY 00312,SYNTHETIC SITE 00312,,1 Example Way,Nowhere,ZZ,00000,4451,SYNTHETIC INDUSTRY,43,87089,2,0,0,0,0,0,0,0,0,0,0,0,0,100312,1,2,2021,1/1/2022,
314,SYNTHETIC COMPANY 00313,SYNTHETIC SITE 00313,,1 Example Way,Nowhere,ZZ,00000,3328,SYNTHETIC INDUSTRY,79,118259,2,0,0,0,0,0,0,0,0,0,0,0,0,100313,1,2,2021,1/1/2022,
315,SYNTHETIC COMPANY 00314,SYNTHETIC SITE 00314,,1 Example Way,Nowhere,ZZ,00000,4841,SYNTHETIC INDUSTRY,69,118020,1,0,0,2,5,0,8,7,0,0,0,0,0,100314,1,2,2021,1/1/2022,
316,SYNTHETIC COMPANY 00315,SYNTHETIC SITE 00315,,1 Example Way,Nowhere,ZZ,00000,2361,SYNTHETIC INDUSTRY,30,48851,2,0,0,0,0,0,0,0,0,0,0,0,0,100315,1,2,2021,1/1/2022,
317,SYNTHETIC COMPANY 00316,SYNTHETIC SITE 00316,,1 Example Way,Nowhere,ZZ,00000,6221,SYNTHETIC INDUSTRY,75,105511,1,0,0,1,0,0,4,1,0,0,0,0,0,100316,1,2,2021,1/1/2022,
318,SYNTHETIC COMPANY 00317,SYNTHETIC SITE 00317,,1 Example Way,Nowhere,ZZ,00000,3251,SYNTHETIC INDUSTRY,32,76177,2,0,0,0,0,0,0,0,0,0,0,0,0,100317,1,2,2021,1/1/2022,
319,SYNTHETIC COMPANY 00318,SYNTHETIC SITE 00318,,1 Example Way,Nowhere,ZZ,00000,2361,SYNTHETIC INDUSTRY,571,1041332,1,0,10,5,10,70,20,25,0,0,0,0,0,100318,1,2,2021,1/1/2022,
320,SYNTHETIC COMPANY 00319,SYNTHETIC SITE 00319,,1 Example Way,Nowhere,ZZ,00000,3251,SYNTHETIC INDUSTRY,250,437872,1,0,2,5,5,14,20,12,0,0,0,0,0,100319,1,2,2021,1/1/2022,
321,SYNTHETIC COMPANY 00320,SYNTHETIC SITE 00320,,1 Example Way,Nowhere,ZZ,00000,4841,SYNTHETIC INDUSTRY,44,88707,2,0,0,0,0,0,0,0,0,0,0,0,0,100320,1,2,2021,1/1/2022,
322,SYNTHETIC COMPANY 00321,SYNTHETIC SITE 00321,,1 Example Way,Nowhere,ZZ,00000,3328,SYNTHETIC INDUSTRY,111,185243,1,0,2,2,1,14,8,5,0,0,0,0,0,100321,1,2,2021,1/1/2022,
323,SYNTHETIC COMPANY 00322,SYNTHETIC SITE 00322,,1 Example Way,Nowhere,ZZ,00000,4841,SYNTHETIC INDUSTRY,548,1142909,1,0,2,4,3,14,16,9,0,0,0,0,0,100322,1,2,2021,1/1/2022,
324,SYNTHETIC COMPANY 00323,SYNTHETIC SITE 00323,,1 Example Way,Nowhere,ZZ,00000,4451,SYNTHETIC INDUSTRY,42,73035,2,0,0,0,0,0,0,0,0,0,0,0,0,100323,1,2,2021,1/1/2022,
325,SYNTHETIC COMPANY 00324,SYNTHETIC SITE 00324,,1 Example Way,Nowhere,ZZ,00000,3251,SYNTHETIC INDUSTRY,17,26125,2,0,0,0,0,0,0,0,0,0,0,0,0,100324,1,2,2021,1/1/2022,
326,SYNTHETIC COMPANY 00325,SYNTHETIC SITE 00325,,1 Example Way,Nowhere,ZZ,00000,4451,SYNTHETIC INDUSTRY,72,144992,2,0,0,0,0,0,0,0,0,0,0,0,0,100325,1,2,2021,1/1/2022,
327,SYNTHETIC COMPANY 00326,SYNTHETIC SITE 00326,,1 Example Way,Nowhere,ZZ,00000,3251,SYNTHETIC INDUSTRY,221,420633,1,0,4,6,12,28,24,22,0,0,0,0,0,100326,1,2,2021,1/1/2022,
328,SYNTHETIC COMPANY 00327,SYNTHETIC SITE 00327,,1 Example Way,Nowhere,ZZ,00000,3115,SYNTHETIC INDUSTRY,10,14852,2,0,0,0,0,0,0,0,0,0,0,0,0,100327,1,2,2021,1/1/2022,
329,SYNTHETIC COMPANY 00328,SYNTHETIC SITE 00328,,1 Example Way,Nowhere,ZZ,00000,3251,SYNTHETIC INDUSTRY,42,65243,1,0,1,0,1,7,0,2,0,0,0,0,0,100328,1,2,2021,1/1/2022,
330,SYNTHETIC COMPANY 00329,SYNTHETIC SITE 00329,,1 Example Way,Nowhere,ZZ,00000,3252,SYNTHETIC INDUSTRY,22,48626,1,0,3,0,1,21,0,4,0,0,0,0,0,100329,1,2,2021,1/1/2022,
331,SYNTHETIC COMPANY 00330,SYNTHETIC SITE 00330,,1 Example Way,Nowhere,ZZ,00000,3328,SYNTHETIC INDUSTRY,56,113998,2,0,0,0,0,0,0,0,0,0,0,0,0,100330,1,2,2021,1/1/2022,
332,SYNTHETIC COMPANY 00331,SYNTHETIC SITE 00331,,1 Example Way,Nowhere,ZZ,00000,4841,SYNTHETIC INDUSTRY,9,1724300,2,0,0,0,0,0,0,0,0,0,0,0,0,100331,1,2,2021,1/1/2022,
333,SYNTHETIC COMPANY 00332,SYNTHETIC SITE 00332,,1 Example Way,Nowhere,ZZ,00000,3252,SYNTHETIC INDUSTRY,13,15004,2,0,0,0,0,0,0,0,0,0,0,0,0,100332,1,2,2021,1/1/2022,
334,SYNTHETIC COMPANY 00333,SYNTHETIC SITE 00333,,1 Example Way,Nowhere,ZZ,00000,2361,SYNTHETIC INDUSTRY,998,2307221,1,0,1,0,1,7,0,2,0,0,0,0,0,100333,1,2,2021,1/1/2022,
335,SYNTHETIC COMPANY 00334,SYNTHETIC SITE 00334,,1 Example Way,Nowhere,ZZ,00000,6221,SYNTHETIC INDUSTRY,22,37597,1,0,0,1,1,0,4,2,0,0,0,0,0,100334,1,2,2021,1/1/2022,
336,SYNTHETIC COMPANY 00335,SYNTHETIC SITE 00335,,1 Example Way,Nowhere,ZZ,00000,2361,SYNTHETIC INDUSTRY,21,41011,1,0,2,0,4,14,0,6,0,0,0,0,0,100335,1,2,2021,1/1/2022,
337,SYNTHETIC COMPANY 00336,SYNTHETIC SITE 00336,,1 Example Way,Nowhere,ZZ,00000,3251,SYNTHETIC INDUSTRY,103,165276,1,0,0,1,3,0,4,4,0,0,0,0,0,100336,1,2,2021,1/1/2022,
338,SYNTHETIC COMPANY 00337,SYNTHETIC SITE 00337,,1 Example Way,Nowhere,ZZ,00000,3252,SYNTHETIC INDUSTRY,13,27258,2,0,0,0,0,0,0,0,0,0,0,0,0,100337,1,2,2021,1/1/2022,
339,SYNTHETIC COMPANY 00338,SYNTHETIC SITE 00338,,1 Example Way,Nowhere,ZZ,00000,6221,SYNTHETIC INDUSTRY,100,194713,1,0,0,1,1,0,4,2,0,0,0,0,0,100338,1,2,2021,1/1/2022,
340,SYNTHETIC COMPANY 00339,SYNTHETIC SITE 00339,,1 Example Way,Nowhere,ZZ,00000,6221,SYNTHETIC INDUSTRY,160,328786,2,0,0,0,0,0,0,0,0,0,0,0,0,100339,1,2,2021,1/1/2022,
341,SYNTHETIC COMPANY 00340,SYNTHETIC SITE 00340,,1 Example Way,Nowhere,ZZ,00000,3252,SYNTHETIC INDUSTRY,107,151608,1,0,0,0,1,0,0,1,0,0,0,0,0,100340,1,2,2021,1/1/2022,
342,SYNTHETIC COMPANY 00341,SYNTHETIC SITE 00341,,1 Example Way,Nowhere,ZZ,00000,4841,SYNTHETIC INDUSTRY,19,34933,2,0,0,0,0,0,0,0,0,0,0,0,0,100341,1,2,2021,1/1/2022,
343,SYNTHETIC COMPANY 00342,SYNTHETIC SITE 00342,,1 Example Way,Nowhere,ZZ,00000,6221,SYNTHETIC INDUSTRY,17,2714500,2,0,0,0,0,0,0,0,0,0,0,0,0,100342,1,2,2021,1/1/2022,
344,SYNTHETIC COMPANY 00343,SYNTHETIC SITE 00343,,1 Example Way,Nowhere,ZZ,00000,4451,SYNTHETIC INDUSTRY,281,468091,1,0,5,3,6,35,12,14,0,0,0,0,0,100343,1,2,2021,1/1/2022,
345,SYNTHETIC COMPANY 00344,SYNTHETIC SITE 00344,,1 Example Way,Nowhere,ZZ,00000,3328,SYNTHETIC INDUSTRY,55,105063,1,0,1,1,0,7,4,2,0,0,0,0,0,100344,1,2,2021,1/1/2022,
346,SYNTHETIC COMPANY 00345,SYNTHETIC SITE 00345,,1 Example Way,Nowhere,ZZ,00000,4841,SYNTHETIC INDUSTRY,193,270615,2,0,0,0,0,0,0,0,0,0,0,0,0,100345,1,2,2021,1/1/2022,
347,SYNTHETIC COMPANY 00346,SYNTHETIC SITE 00346,,1 Example Way,Nowhere,ZZ,00000,4451,SYNTHETIC INDUSTRY,103,134862,2,0,0,0,0,0,0,0,0,0,0,0,0,100346,1,2,2021,1/1/2022,
348,SYNTHETIC COMPANY 00347,SYNTHETIC SITE 00347,,1 Example Way,Nowhere,ZZ,00000,3115,SYNTHETIC INDUSTRY,27,40131,1,0,0,0,1,0,0,1,0,0,0,0,0,100347,1,2,2021,1/1/2022,
349,SYNTHETIC COMPANY 00348,SYNTHETIC SITE 00348,,1 Example Way,Nowhere,ZZ,00000,3251,SYNTHETIC INDUSTRY,46,85284,1,0,0,1,0,0,4,1,0,0,0,0,0,100348,1,2,2021,1/1/2022,
350,SYNTHETIC COMPANY 00349,SYNTHETIC SITE 00349,,1 Example Way,Nowhere,ZZ,00000,3251,SYNTHETIC INDUSTRY,13,26847,2,0,0,0,0,0,0,0,0,0,0,0,0,100349,1,2,2021,1/1/2022,
351,SYNTHETIC COMPANY 00350,SYNTHETIC SITE 00350,,1 Example Way,Nowhere,ZZ,00000,3328,SYNTHETIC INDUSTRY,41,85989,2,0,0,0,0,0,0,0,0,0,0,0,0,100350,1,2,2021,1/1/2022,
352,SYNTHETIC COMPANY 00351,SYNTHETIC SITE 00351,,1 Example Way,Nowhere,ZZ,00000,3328,SYNTHETIC INDUSTRY,13,23952,2,0,0,0,0,0,0,0,0,0,0,0,0,100351,1,2,2021,1/1/2022,
353,SYNTHETIC COMPANY 00352,SYNTHETIC SITE 00352,,1 Example Way,Nowhere,ZZ,00000,3251,SYNTHETIC INDUSTRY,176,265229,1,0,1,1,1,7,4,3,0,0,0,0,0,100352,1,2,2021,1/1/2022,
354,SYNTHETIC COMPANY 00353,SYNTHETIC SITE 00353,,1 Example Way,Nowhere,ZZ,00000,3251,SYNTHETIC INDUSTRY,102,124142,2,0,0,0,0,0,0,0,0,0,0,0,0,100353,1,2,2021,1/1/2022,
355,SYNTHETIC COMPANY 00354,SYNTHETIC SITE 00354,,1 Example Way,Nowhere,ZZ,00000,4841,SYNTHETIC INDUSTRY,210,474497,2,0,0,0,0,0,0,0,0,0,0,0,0,100354,1,2,2021,1/1/2022,
356,SYNTHETIC COMPANY 00355,SYNTHETIC SITE 00355,,1 Example Way,Nowhere,ZZ,00000,3115,SYNTHETIC INDUSTRY,150,262453,2,0,0,0,0,0,0,0,0,0,0,0,0,100355,1,2,2021,1/1/2022,
357,SYNTHETIC COMPANY 00356,SYNTHETIC SITE 00356,,1 Example Way,Nowhere,ZZ,00000,2361,SYNTHETIC INDUSTRY,30,74020,1,0,1,0,0,7,0,1,0,0,0,0,0,100356,1,2,2021,1/1/2022,
358,SYNTHETIC COMPANY 00357,SYNTHETIC SITE 00357,,1 Example Way,Nowhere,ZZ,00000,4841,SYNTHETIC INDUSTRY,18,41371,1,0,0,1,0,0,4,1,0,0,0,0,0,100357,1,2,2021,1/1/2022,
359,SYNTHETIC COMPANY 00358,SYNTHETIC SITE 00358,,1 Example Way,Nowhere,ZZ,00000,4451,SYNTHETIC INDUSTRY,22,37828,1,0,3,1,1,21,4,5,0,0,0,0,0,100358,1,2,2021,1/1/2022,
360,SYNTHETIC COMPANY 00359,SYNTHETIC SITE 00359,,1 Example Way,Nowhere,ZZ,00000,3115,SYNTHETIC INDUSTRY,202,414957,2,0,0,0,0,0,0,0,0,0,0,0,0,100359,1,2,2021,1/1/2022,
361,SYNTHETIC COMPANY 00360,SYNTHETIC SITE 00360,,1 Example Way,Nowhere,ZZ,00000,4451,SYNTHETIC INDUSTRY,84,162345,2,0,0,0,0,0,0,0,0,0,0,0,0,100360,1,2,2021,1/1/2022,
362,SYNTHETIC COMPANY 00361,SYNTHETIC SITE 00361,,1 Example Way,Nowhere,ZZ,00000,4451,SYNTHETIC INDUSTRY,56,85482000,2,0,0,0,0,0,0,0,0,0,0,0,0,100361,1,2,2021,1/1/2022,
363,SYNTHETIC COMPANY 00362,SYNTHETIC SITE 00362,,1 Example Way,Nowhere,ZZ,00000,3115,SYNTHETIC INDUSTRY,159,357923,1,0,5,3,3,35,12,11,0,0,0,0,0,100362,1,2,2021,1/1/2022,
364,SYNTHETIC COMPANY 00363,SYNTHETIC SITE 00363,,1 Example Way,Nowhere,ZZ,00000,4841,SYNTHETIC INDUSTRY,13,24497,2,0,0,0,0,0,0,0,0,0,0,0,0,100363,1,2,2021,1/1/2022,
365,SYNTHETIC COMPANY 00364,SYNTHETIC SITE 00364,,1 Example Way,Nowhere,ZZ,00000,6221,SYNTHETIC INDUSTRY,36,68057,1,0,0,0,1,0,0,1,0,0,0,0,0,100364,1,2,2021,1/1/2022,
366,SYNTHETIC COMPANY 00365,SYNTHETIC SITE 00365,,1 Example Way,Nowhere,ZZ,00000,3252,SYNTHETIC INDUSTRY,222,434582,2,0,0,0,0,0,0,0,0,0,0,0,0,100365,1,2,2021,1/1/2022,
367,SYNTHETIC COMPANY 00366,SYNTHETIC SITE 00366,,1 Example Way,Nowhere,ZZ,00000,2361,SYNTHETIC INDUSTRY,8,17481,2,0,0,0,0,0,0,0,0,0,0,0,0,100366,1,2,2021,1/1/2022,
368,SYNTHETIC COMPANY 00367,SYNTHETIC SITE 00367,,1 Example Way,Nowhere,ZZ,00000,4451,SYNTHETIC INDUSTRY,15,28774,2,0,0,0,0,0,0,0,0,0,0,0,0,100367,1,2,2021,1/1/2022,
369,SYNTHETIC COMPANY 00368,SYNTHETIC SITE 00368,,1 Example Way,Nowhere,ZZ,00000,3115,SYNTHETIC INDUSTRY,206,381547,1,0,0,1,1,0,4,2,0,0,0,0,0,100368,1,2,2021,1/1/2022,
370,SYNTHETIC COMPANY 00369,SYNTHETIC SITE 00369,,1 Example Way,Nowhere,ZZ,00000,4841,SYNTHETIC INDUSTRY,41,61411,2,0,0,0,0,0,0,0,0,0,0,0,0,100369,1,2,2021,1/1/2022,
371,SYNTHETIC COMPANY 00370,SYNTHETIC SITE 00370,,1 Example Way,Nowhere,ZZ,00000,6221,SYNTHETIC INDUSTRY,3,5428,2,0,0,0,0,0,0,0,0,0,0,0,0,100370,1,2,2021,1/1/2022,
372,SYNTHETIC COMPANY 00371,SYNTHETIC SITE 00371,,1 Example Way,Nowhere,ZZ,00000,4841,SYNTHETIC INDUSTRY,15,31756,2,0,0,0,0,0,0,0,0,0,0,0,0,100371,1,2,2021,1/1/2022,
373,SYNTHETIC COMPANY 00372,SYNTHETIC SITE 00372,,1 Example Way,Nowhere,ZZ,00000,3115,SYNTHETIC INDUSTRY,311,568600,2,0,0,0,0,0,0,0,0,0,0,0,0,100372,1,2,2021,1/1/2022,
374,SYNTHETIC COMPANY 00373,SYNTHETIC SITE 00373,,1 Example Way,Nowhere,ZZ,00000,3251,SYNTHETIC INDUSTRY,85,92953,2,0,0,0,0,0,0,0,0,0,0,0,0,100373,1,2,2021,1/1/2022,
375,SYNTHETIC COMPANY 00374,SYNTHETIC SITE 00374,,1 Example Way,Nowhere,ZZ,00000,3115,SYNTHETIC INDUSTRY,59,120331,2,0,0,0,0,0,0,0,0,0,0,0,0,100374,1,2,2021,1/1/2022,
376,SYNTHETIC COMPANY 00375,SYNTHETIC SITE 00375,,1 Example Way,Nowhere,ZZ,00000,4841,SYNTHETIC INDUSTRY,26,45940,1,0,1,1,0,7,4,2,0,0,0,0,0,100375,1,2,2021,1/1/2022,
377,SYNTHETIC COMPANY 00376,SYNTHETIC SITE 00376,,1 Example Way,Nowhere,ZZ,00000,3115,SYNTHETIC INDUSTRY,29,50480,1,0,0,1,0,0,4,1,0,0,0,0,0,100376,1,2,2021,1/1/2022,
378,SYNTHETIC COMPANY 00377,SYNTHETIC SITE 00377,,1 Example Way,Nowhere,ZZ,00000,6221,SYNTHETIC INDUSTRY,56,87339,1,0,3,3,2,21,12,8,0,0,0,0,0,100377,1,2,2021,1/1/2022,
379,SYNTHETIC COMPANY 00378,SYNTHETIC SITE 00378,,1 Example Way,Nowhere,ZZ,00000,2361,SYNTHETIC INDUSTRY,11,21218,2,0,0,0,0,0,0,0,0,0,0,0,0,100378,1,2,2021,1/1/2022,
380,SYNTHETIC COMPANY 00379,SYNTHETIC SITE 00379,,1 Example Way,Nowhere,ZZ,00000,6221,SYNTHETIC INDUSTRY,601,1111163,1,0,0,1,0,0,4,1,0,0,0,0,0,100379,1,2,2021,1/1/2022,
381,SYNTHETIC COMPANY 00380,SYNTHETIC SITE 00380,,1 Example Way,Nowhere,ZZ,00000,3252,SYNTHETIC INDUSTRY,95,165053,1,0,2,0,1,14,0,3,0,0,0,0,0,100380,1,2,2021,1/1/2022,
382,SYNTHETIC COMPANY 00381,SYNTHETIC SITE 00381,,1 Example Way,Nowhere,ZZ,00000,3252,SYNTHETIC INDUSTRY,40,88371,2,0,0,0,0,0,0,0,0,0,0,0,0,100381,1,2,2021,1/1/2022,
383,SYNTHETIC COMPANY 00382,SYNTHETIC SITE 00382,,1 Example Way,Nowhere,ZZ,00000,3328,SYNTHETIC INDUSTRY,17,29704,1,0,0,0,1,0,0,1,0,0,0,0,0,100382,1,2,2021,1/1/2022,
384,SYNTHETIC COMPANY 00383,SYNTHETIC SITE 00383,,1 Example Way,Nowhere,ZZ,00000,4451,SYNTHETIC INDUSTRY,16,26255,2,0,0,0,0,0,0,0,0,0,0,0,0,100383,1,2,2021,1/1/2022,
385,SYNTHETIC COMPANY 00384,SYNTHETIC SITE 00384,,1 Example Way,Nowhere,ZZ,00000,3115,SYNTHETIC INDUSTRY,629,986918,1,0,1,0,0,7,0,1,0,0,0,0,0,100384,1,2,2021,1/1/2022,
386,SYNTHETIC COMPANY 00385,SYNTHETIC SITE 00385,,1 Example Way,Nowhere,ZZ,00000,4841,SYNTHETIC INDUSTRY,54,99375,2,0,0,0,0,0,0,0,0,0,0,0,0,100385,1,2,2021,1/1/2022,
387,SYNTHETIC COMPANY 00386,SYNTHETIC SITE 00386,,1 Example Way,Nowhere,ZZ,00000,3115,SYNTHETIC INDUSTRY,400,739771,1,0,5,1,3,35,4,9,0,0,0,0,0,100386,1,2,2021,1/1/2022,
388,SYNTHETIC COMPANY 00387,SYNTHETIC SITE 00387,,1 Example Way,Nowhere,ZZ,00000,4451,SYNTHETIC INDUSTRY,8,16927,1,0,0,1,1,0,4,2,0,0,0,0,0,100387,1,2,2021,1/1/2022,
389,SYNTHETIC COMPANY 00388,SYNTHETIC SITE 00388,,1 Example Way,Nowhere,ZZ,00000,4451,SYNTHETIC INDUSTRY,20,32220,2,0,0,0,0,0,0,0,0,0,0,0,0,100388,1,2,2021,1/1/2022,
390,SYNTHETIC COMPANY 00389,SYNTHETIC SITE 00389,,1 Example Way,Nowhere,ZZ,00000,2361,SYNTHETIC INDUSTRY,93,190756,1,0,2,0,2,14,0,4,0,0,0,0,0,100389,1,2,2021,1/1/2022,
391,SYNTHETIC COMPANY 00390,SYNTHETIC SITE 00390,,1 Example Way,Nowhere,ZZ,00000,3252,SYNTHETIC INDUSTRY,56,115848,2,0,0,0,0,0,0,0,0,0,0,0,0,100390,1,2,2021,1/1/2022,
392,SYNTHETIC COMPANY 00391,SYNTHETIC SITE 00391,,1 Example Way,Nowhere,ZZ,00000,3252,SYNTHETIC INDUSTRY,4522,7532174,2,0,0,0,0,0,0,0,0,0,0,0,0,100391,1,2,2021,1/1/2022,
393,SYNTHETIC COMPANY 00392,SYNTHETIC SITE 00392,,1 Example Way,Nowhere,ZZ,00000,2361,SYNTHETIC INDUSTRY,37,58936,1,0,1,0,0,7,0,1,0,0,0,0,0,100392,1,2,2021,1/1/2022,
394,SYNTHETIC COMPANY 00393,SYNTHETIC SITE 00393,,1 Example Way,Nowhere,ZZ,00000,3115,SYNTHETIC INDUSTRY,132,276927,2,0,0,0,0,0,0,0,0,0,0,0,0,100393,1,2,2021,1/1/2022,
395,SYNTHETIC COMPANY 00394,SYNTHETIC SITE 00394,,1 Example Way,Nowhere,ZZ,00000,3328,SYNTHETIC INDUSTRY,32,74926,1,0,1,0,0,7,0,1,0,0,0,0,0,100394,1,2,2021,1/1/2022,
396,SYNTHETIC COMPANY 00395,SYNTHETIC SITE 00395,,1 Example Way,Nowhere,ZZ,00000,6221,SYNTHETIC INDUSTRY,57,101154,1,0,0,0,1,0,0,1,0,0,0,0,0,100395,1,2,2021,1/1/2022,
397,SYNTHETIC COMPANY 00396,SYNTHETIC SITE 00396,,1 Example Way,Nowhere,ZZ,00000,4841,SYNTHETIC INDUSTRY,22,36475,2,0,0,0,0,0,0,0,0,0,0,0,0,100396,1,2,2021,1/1/2022,
398,SYNTHETIC COMPANY 00397,SYNTHETIC SITE 00397,,1 Example Way,Nowhere,ZZ,00000,3252,SYNTHETIC INDUSTRY,230,391288,2,0,0,0,0,0,0,0,0,0,0,0,0,100397,1,2,2021,1/1/2022,
399,SYNTHETIC COMPANY 00398,SYNTHETIC SITE 00398,,1 Example Way,Nowhere,ZZ,00000,3252,SYNTHETIC INDUSTRY,42,65459,1,0,0,1,2,0,4,3,0,0,0,0,0,100398,1,2,2021,1/1/2022,
400,SYNTHETIC COMPANY 00399,SYNTHETIC SITE 00399,,1 Example Way,Nowhere,ZZ,00000,6221,SYNTHETIC INDUSTRY,82,165905,2,0,0,0,0,0,0,0,0,0,0,0,0,100399,1,2,2021,1/1/2022,
401,SYNTHETIC COMPANY 00400,SYNTHETIC SITE 00400,,1 Example Way,Nowhere,ZZ,00000,3252,SYNTHETIC INDUSTRY,146,245733,2,0,0,0,0,0,0,0,0,0,0,0,0,100400,1,2,2021,1/1/2022,
402,SYNTHETIC COMPANY 00401,SYNTHETIC SITE 00401,,1 Example Way,Nowhere,ZZ,00000,3252,SYNTHETIC INDUSTRY,91,189145,2,0,0,0,0,0,0,0,0,0,0,0,0,100401,1,2,2021,1/1/2022,
403,SYNTHETIC COMPANY 00402,SYNTHETIC SITE 00402,,1 Example Way,Nowhere,ZZ,00000,4451,SYNTHETIC INDUSTRY,74,145708,2,0,0,0,0,0,0,0,0,0,0,0,0,100402,1,2,2021,1/1/2022,
404,SYNTHETIC COMPANY 00403,SYNTHETIC SITE 00403,,1 Example Way,Nowhere,ZZ,00000,3251,SYNTHETIC INDUSTRY,49,90129,1,0,2,0,4,14,0,6,0,0,0,0,0,100403,1,2,2021,1/1/2022,
405,SYNTHETIC COMPANY 00404,SYNTHETIC SITE 00404,,1 Example Way,Nowhere,ZZ,00000,3328,SYNTHETIC INDUSTRY,252,356860,1,0,4,2,1,28,8,7,0,0,0,0,0,100404,1,2,2021,1/1/2022,
406,SYNTHETIC COMPANY 00405,SYNTHETIC SITE 00405,,1 Example Way,Nowhere,ZZ,00000,4451,SYNTHETIC INDUSTRY,95,189413,2,0,0,0,0,0,0,0,0,0,0,0,0,100405,1,2,2021,1/1/2022,
407,SYNTHETIC COMPANY 00406,SYNTHETIC SITE 00406,,1 Example Way,Nowhere,ZZ,00000,3115,SYNTHETIC INDUSTRY,84,126182,2,0,0,0,0,0,0,0,0,0,0,0,0,100406,1,2,2021,1/1/2022,
408,SYNTHETIC COMPANY 00407,SYNTHETIC SITE 00407,,1 Example Way,Nowhere,ZZ,00000,3328,SYNTHETIC INDUSTRY,62,101245,2,0,0,0,0,0,0,0,0,0,0,0,0,100407,1,2,2021,1/1/2022,
409,SYNTHETIC COMPANY 00408,SYNTHETIC SITE 00408,,1 Example Way,Nowhere,ZZ,00000,3252,SYNTHETIC INDUSTRY,23,48794,2,0,0,0,0,0,0,0,0,0,0,0,0,100408,1,2,2021,1/1/2022,
410,SYNTHETIC COMPANY 00409,SYNTHETIC SITE 00409,,1 Example Way,Nowhere,ZZ,00000,4451,SYNTHETIC INDUSTRY,26,52425,2,0,0,0,0,0,0,0,0,0,0,0,0,100409,1,2,2021,1/1/2022,
411,SYNTHETIC COMPANY 00410,SYNTHETIC SITE 00410,,1 Example Way,Nowhere,ZZ,00000,6221,SYNTHETIC INDUSTRY,1907,3510928,1,0,36,13,32,252,52,81,0,0,0,0,0,100410,1,2,2021,1/1/2022,
412,SYNTHETIC COMPANY 00411,SYNTHETIC SITE 00411,,1 Example Way,Nowhere,ZZ,00000,3251,SYNTHETIC INDUSTRY,149,282866,1,0,0,2,2,0,8,4,0,0,0,0,0,100411,1,2,2021,1/1/2022,
413,SYNTHETIC COMPANY 00412,SYNTHETIC SITE 00412,,1 Example Way,Nowhere,ZZ,00000,4841,SYNTHETIC INDUSTRY,16,25566,2,0,0,0,0,0,0,0,0,0,0,0,0,100412,1,2,2021,1/1/2022,
414,SYNTHETIC COMPANY 00413,SYNTHETIC SITE 00413,,1 Example Way,Nowhere,ZZ,00000,4841,SYNTHETIC INDUSTRY,14,30513,2,0,0,0,0,0,0,0,0,0,0,0,0,100413,1,2,2021,1/1/2022,
415,SYNTHETIC COMPANY 00414,SYNTHETIC SITE 00414,,1 Example Way,Nowhere,ZZ,00000,2361,SYNTHETIC INDUSTRY,14,24189,2,0,0,0,0,0,0,0,0,0,0,0,0,100414,1,2,2021,1/1/2022,
416,SYNTHETIC COMPANY 00415,SYNTHETIC SITE 00415,,1 Example Way,Nowhere,ZZ,00000,3251,SYNTHETIC INDUSTRY,18,35903,1,0,1,0,0,7,0,1,0,0,0,0,0,100415,1,2,2021,1/1/2022,
417,SYNTHETIC COMPANY 00416,SYNTHETIC SITE 00416,,1 Example Way,Nowhere,ZZ,00000,3251,SYNTHETIC INDUSTRY,10,20140,2,0,0,0,0,0,0,0,0,0,0,0,0,100416,1,2,2021,1/1/2022,
418,SYNTHETIC COMPANY 00417,SYNTHETIC SITE 00417,,1 Example Way,Nowhere,ZZ,00000,6221,SYNTHETIC INDUSTRY,83,148985,1,0,1,1,0,7,4,2,0,0,0,0,0,100417,1,2,2021,1/1/2022,
419,SYNTHETIC COMPANY 00418,SYNTHETIC SITE 00418,,1 Example Way,Nowhere,ZZ,00000,3251,SYNTHETIC INDUSTRY,8,13081,2,0,0,0,0,0,0,0,0,0,0,0,0,100418,1,2,2021,1/1/2022,
420,SYNTHETIC COMPANY 00419,SYNTHETIC SITE 00419,,1 Example Way,Nowhere,ZZ,00000,4841,SYNTHETIC INDUSTRY,21,34774,2,0,0,0,0,0,0,0,0,0,0,0,0,100419,1,2,2021,1/1/2022,
421,SYNTHETIC COMPANY 00420,SYNTHETIC SITE 00420,,1 Example Way,Nowhere,ZZ,00000,3115,SYNTHETIC INDUSTRY,27,46908,2,0,0,0,0,0,0,0,0,0,0,0,0,100420,1,2,2021,1/1/2022,
422,SYNTHETIC COMPANY 00421,SYNTHETIC SITE 00421,,1 Example Way,Nowhere,ZZ,00000,2361,SYNTHETIC INDUSTRY,24,41359000,1,0,0,0,1,0,0,1,0,0,0,0,0,100421,1,2,2021,1/1/2022,
423,SYNTHETIC COMPANY 00422,SYNTHETIC SITE 00422,,1 Example Way,Nowhere,ZZ,00000,4841,SYNTHETIC INDUSTRY,48,77837,1,0,0,0,1,0,0,1,0,0,0,0,0,100422,1,2,2021,1/1/2022,
424,SYNTHETIC COMPANY 00423,SYNTHETIC SITE 00423,,1 Example Way,Nowhere,ZZ,00000,6221,SYNTHETIC INDUSTRY,65,127814,1,0,1,0,4,7,0,5,0,0,0,0,0,100423,1,2,2021,1/1/2022,
425,SYNTHETIC COMPANY 00424,SYNTHETIC SITE 00424,,1 Example Way,Nowhere,ZZ,00000,3252,SYNTHETIC INDUSTRY,68,116726,2,0,0,0,0,0,0,0,0,0,0,0,0,100424,1,2,2021,1/1/2022,
426,SYNTHETIC COMPANY 00425,SYNTHETIC SITE 00425,,1 Example Way,Nowhere,ZZ,00000,4451,SYNTHETIC INDUSTRY,203,369389,1,0,19,8,16,133,32,43,0,0,0,0,0,100425,1,2,2021,1/1/2022,
427,SYNTHETIC COMPANY 00426,SYNTHETIC SITE 00426,,1 Example Way,Nowhere,ZZ,00000,3251,SYNTHETIC INDUSTRY,217,487927,1,0,10,7,12,70,28,29,0,0,0,0,0,100426,1,2,2021,1/1/2022,
428,SYNTHETIC COMPANY 00427,SYNTHETIC SITE 00427,,1 Example Way,Nowhere,ZZ,00000,3252,SYNTHETIC INDUSTRY,132,250516,1,0,0,0,2,0,0,2,0,0,0,0,0,100427,1,2,2021,1/1/2022,
429,SYNTHETIC COMPANY 00428,SYNTHETIC SITE 00428,,1 Example Way,Nowhere,ZZ,00000,4451,SYNTHETIC INDUSTRY,9,20213,2,0,0,0,0,0,0,0,0,0,0,0,0,100428,1,2,2021,1/1/2022,
430,SYNTHETIC COMPANY 00429,SYNTHETIC SITE 00429,,1 Example Way,Nowhere,ZZ,00000,6221,SYNTHETIC INDUSTRY,8,17084,2,0,0,0,0,0,0,0,0,0,0,0,0,100429,1,2,2021,1/1/2022,
431,SYNTHETIC COMPANY 00430,SYNTHETIC SITE 00430,,1 Example Way,Nowhere,ZZ,00000,4841,SYNTHETIC INDUSTRY,70,149827,2,0,0,0,0,0,0,0,0,0,0,0,0,100430,1,2,2021,1/1/2022,
432,SYNTHETIC COMPANY 00431,SYNTHETIC SITE 00431,,1 Example Way,Nowhere,ZZ,00000,3115,SYNTHETIC INDUSTRY,73,104841,2,0,0,0,0,0,0,0,0,0,0,0,0,100431,1,2,2021,1/1/2022,
433,SYNTHETIC COMPANY 00432,SYNTHETIC SITE 00432,,1 Example Way,Nowhere,ZZ,00000,3115,SYNTHETIC INDUSTRY,31,67784,2,0,0,0,0,0,0,0,0,0,0,0,0,100432,1,2,2021,1/1/2022,
434,SYNTHETIC COMPANY 00433,SYNTHETIC SITE 00433,,1 Example Way,Nowhere,ZZ,00000,3251,SYNTHETIC INDUSTRY,81,179558,1,0,3,4,4,21,16,11,0,0,0,0,0,100433,1,2,2021,1/1/2022,
435,SYNTHETIC COMPANY 00434,SYNTHETIC SITE 00434,,1 Example Way,Nowhere,ZZ,00000,3251,SYNTHETIC INDUSTRY,36,56893,2,0,0,0,0,0,0,0,0,0,0,0,0,100434,1,2,2021,1/1/2022,
436,SYNTHETIC COMPANY 00435,SYNTHETIC SITE 00435,,1 Example Way,Nowhere,ZZ,00000,3115,SYNTHETIC INDUSTRY,4,8244,2,0,0,0,0,0,0,0,0,0,0,0,0,100435,1,2,2021,1/1/2022,
437,SYNTHETIC COMPANY 00436,SYNTHETIC SITE 00436,,1 Example Way,Nowhere,ZZ,00000,4451,SYNTHETIC INDUSTRY,53,107367,1,0,3,2,1,21,8,6,0,0,0,0,0,100436,1,2,2021,1/1/2022,
438,SYNTHETIC COMPANY 00437,SYNTHETIC SITE 00437,,1 Example Way,Nowhere,ZZ,00000,6221,SYNTHETIC INDUSTRY,87,193698,2,0,0,0,0,0,0,0,0,0,0,0,0,100437,1,2,2021,1/1/2022,
439,SYNTHETIC COMPANY 00438,SYNTHETIC SITE 00438,,1 Example Way,Nowhere,ZZ,00000,3115,SYNTHETIC INDUSTRY,423,509777,2,0,0,0,0,0,0,0,0,0,0,0,0,100438,1,2,2021,1/1/2022,
440,SYNTHETIC COMPANY 00439,SYNTHETIC SITE 00439,,1 Example Way,Nowhere,ZZ,00000,6221,SYNTHETIC INDUSTRY,534,1074287,1,0,5,3,9,35,12,17,0,0,0,0,0,100439,1,2,2021,1/1/2022,
441,SYNTHETIC COMPANY 00440,SYNTHETIC SITE 00440,,1 Example Way,Nowhere,ZZ,00000,3328,SYNTHETIC INDUSTRY,37,75822,2,0,0,0,0,0,0,0,0,0,0,0,0,100440,1,2,2021,1/1/2022,
442,SYNTHETIC COMPANY 00441,SYNTHETIC SITE 00441,,1 Example Way,Nowhere,ZZ,00000,4451,SYNTHETIC INDUSTRY,119,237024,2,0,0,0,0,0,0,0,0,0,0,0,0,100441,1,2,2021,1/1/2022,
443,SYNTHETIC COMPANY 00442,SYNTHETIC SITE 00442,,1 Example Way,Nowhere,ZZ,00000,3115,SYNTHETIC INDUSTRY,57,96577,1,0,0,0,1,0,0,1,0,0,0,0,0,100442,1,2,2021,1/1/2022,
444,SYNTHETIC COMPANY 00443,SYNTHETIC SITE 00443,,1 Example Way,Nowhere,ZZ,00000,6221,SYNTHETIC INDUSTRY,102,152730,2,0,0,0,0,0,0,0,0,0,0,0,0,100443,1,2,2021,1/1/2022,
445,SYNTHETIC COMPANY 00444,SYNTHETIC SITE 00444,,1 Example Way,Nowhere,ZZ,00000,4451,SYNTHETIC INDUSTRY,15,27623,2,0,0,0,0,0,0,0,0,0,0,0,0,100444,1,2,2021,1/1/2022,
446,SYNTHETIC COMPANY 00445,SYNTHETIC SITE 00445,,1 Example Way,Nowhere,ZZ,00000,3115,SYNTHETIC INDUSTRY,9,18811,2,0,0,0,0,0,0,0,0,0,0,0,0,100445,1,2,2021,1/1/2022,
447,SYNTHETIC COMPANY 00446,SYNTHETIC SITE 00446,,1 Example Way,Nowhere,ZZ,00000,3328,SYNTHETIC INDUSTRY,92,161523,1,0,1,2,2,7,8,5,0,0,0,0,0,100446,1,2,2021,1/1/2022,
448,SYNTHETIC COMPANY 00447,SYNTHETIC SITE 00447,,1 Example Way,Nowhere,ZZ,00000,3252,SYNTHETIC INDUSTRY,78,135415,2,0,0,0,0,0,0,0,0,0,0,0,0,100447,1,2,2021,1/1/2022,
449,SYNTHETIC COMPANY 00448,SYNTHETIC SITE 00448,,1 Example Way,Nowhere,ZZ,00000,3251,SYNTHETIC INDUSTRY,5,8072,2,0,0,0,0,0,0,0,0,0,0,0,0,100448,1,2,2021,1/1/2022,
450,SYNTHETIC COMPANY 00449,SYNTHETIC SITE 00449,,1 Example Way,Nowhere,ZZ,00000,6221,SYNTHETIC INDUSTRY,88,118670,1,0,0,1,0,0,4,1,0,0,0,0,0,100449,1,2,2021,1/1/2022,
451,SYNTHETIC COMPANY 00450,SYNTHETIC SITE 00450,,1 Example Way,Nowhere,ZZ,00000,3252,SYNTHETIC INDUSTRY,17,31116,2,0,0,0,0,0,0,0,0,0,0,0,0,100450,1,2,2021,1/1/2022,
452,SYNTHETIC COMPANY 00451,SYNTHETIC SITE 00451,,1 Example Way,Nowhere,ZZ,00000,3252,SYNTHETIC INDUSTRY,38,72835,2,0,0,0,0,0,0,0,0,0,0,0,0,100451,1,2,2021,1/1/2022,
453,SYNTHETIC COMPANY 00452,SYNTHETIC SITE 00452,,1 Example Way,Nowhere,ZZ,00000,3115,SYNTHETIC INDUSTRY,79,151075,2,0,0,0,0,0,0,0,0,0,0,0,0,100452,1,2,2021,1/1/2022,
454,SYNTHETIC COMPANY 00453,SYNTHETIC SITE 00453,,1 Example Way,Nowhere,ZZ,00000,3252,SYNTHETIC INDUSTRY,25,55299,2,0,0,0,0,0,0,0,0,0,0,0,0,100453,1,2,2021,1/1/2022,
455,SYNTHETIC COMPANY 00454,SYNTHETIC SITE 00454,,1 Example Way,Nowhere,ZZ,00000,3328,SYNTHETIC INDUSTRY,33,59111,2,0,0,0,0,0,0,0,0,0,0,0,0,100454,1,2,2021,1/1/2022,
456,SYNTHETIC COMPANY 00455,SYNTHETIC SITE 00455,,1 Example Way,Nowhere,ZZ,00000,3115,SYNTHETIC INDUSTRY,95,200263,2,0,0,0,0,0,0,0,0,0,0,0,0,100455,1,2,2021,1/1/2022,
457,SYNTHETIC COMPANY 00456,SYNTHETIC SITE 00456,,1 Example Way,Nowhere,ZZ,00000,2361,SYNTHETIC INDUSTRY,15,23838,1,0,0,0,1,0,0,1,0,0,0,0,0,100456,1,2,2021,1/1/2022,
458,SYNTHETIC COMPANY 00457,SYNTHETIC SITE 00457,,1 Example Way,Nowhere,ZZ,00000,4841,SYNTHETIC INDUSTRY,245,512430,2,0,0,0,0,0,0,0,0,0,0,0,0,100457,1,2,2021,1/1/2022,
459,SYNTHETIC COMPANY 00458,SYNTHETIC SITE 00458,,1 Example Way,Nowhere,ZZ,00000,6221,SYNTHETIC INDUSTRY,7,12652,2,0,0,0,0,0,0,0,0,0,0,0,0,100458,1,2,2021,1/1/2022,
460,SYNTHETIC COMPANY 00459,SYNTHETIC SITE 00459,,1 Example Way,Nowhere,ZZ,00000,4841,SYNTHETIC INDUSTRY,17,32171,2,0,0,0,0,0,0,0,0,0,0,0,0,100459,1,2,2021,1/1/2022,
461,SYNTHETIC COMPANY 00460,SYNTHETIC SITE 00460,,1 Example Way,Nowhere,ZZ,00000,3328,SYNTHETIC INDUSTRY,105,236612,2,0,0,0,0,0,0,0,0,0,0,0,0,100460,1,2,2021,1/1/2022,
462,SYNTHETIC COMPANY 00461,SYNTHETIC SITE 00461,,1 Example Way,Nowhere,ZZ,00000,4451,SYNTHETIC INDUSTRY,8,13319,2,0,0,0,0,0,0,0,0,0,0,0,0,100461,1,2,2021,1/1/2022,
463,SYNTHETIC COMPANY 00462,SYNTHETIC SITE 00462,,1 Example Way,Nowhere,ZZ,00000,6221,SYNTHETIC INDUSTRY,84,134649,1,0,3,0,0,21,0,3,0,0,0,0,0,100462,1,2,2021,1/1/2022,
464,SYNTHETIC COMPANY 00463,SYNTHETIC SITE 00463,,1 Example Way,Nowhere,ZZ,00000,2361,SYNTHETIC INDUSTRY,40,65295,2,0,0,0,0,0,0,0,0,0,0,0,0,100463,1,2,2021,1/1/2022,
465,SYNTHETIC COMPANY 00464,SYNTHETIC SITE 00464,,1 Example Way,Nowhere,ZZ,00000,2361,SYNTHETIC INDUSTRY,22,33913,1,0,1,0,0,7,0,1,0,0,0,0,0,100464,1,2,2021,1/1/2022,
466,SYNTHETIC COMPANY 00465,SYNTHETIC SITE 00465,,1 Example Way,Nowhere,ZZ,00000,3252,SYNTHETIC INDUSTRY,56,104168,1,0,6,1,2,42,4,9,0,0,0,0,0,100465,1,2,2021,1/1/2022,
467,SYNTHETIC COMPANY 00466,SYNTHETIC SITE 00466,,1 Example Way,Nowhere,ZZ,00000,3252,SYNTHETIC INDUSTRY,34,4687000000,2,0,0,0,0,0,0,0,0,0,0,0,0,100466,1,2,2021,1/1/2022,
468,SYNTHETIC COMPANY 00467,SYNTHETIC SITE 00467,,1 Example Way,Nowhere,ZZ,00000,3251,SYNTHETIC INDUSTRY,81,143032,1,0,1,0,0,7,0,1,0,0,0,0,0,100467,1,2,2021,1/1/2022,
469,SYNTHETIC COMPANY 00468,SYNTHETIC SITE 00468,,1 Example Way,Nowhere,ZZ,00000,4841,SYNTHETIC INDUSTRY,95,172579,2,0,0,0,0,0,0,0,0,0,0,0,0,100468,1,2,2021,1/1/2022,
470,SYNTHETIC COMPANY 00469,SYNTHETIC SITE 00469,,1 Example Way,Nowhere,ZZ,00000,3251,SYNTHETIC INDUSTRY,95,121143,1,0,0,1,0,0,4,1,0,0,0,0,0,100469,1,2,2021,1/1/2022,
471,SYNTHETIC COMPANY 00470,SYNTHETIC SITE 00470,,1 Example Way,Nowhere,ZZ,00000,2361,SYNTHETIC INDUSTRY,54,113186,2,0,0,0,0,0,0,0,0,0,0,0,0,100470,1,2,2021,1/1/2022,
472,SYNTHETIC COMPANY 00471,SYNTHETIC SITE 00471,,1 Example Way,Nowhere,ZZ,00000,3115,SYNTHETIC INDUSTRY,35,65996,2,0,0,0,0,0,0,0,0,0,0,0,0,100471,1,2,2021,1/1/2022,
473,SYNTHETIC COMPANY 00472,SYNTHETIC SITE 00472,,1 Example Way,Nowhere,ZZ,00000,2361,SYNTHETIC INDUSTRY,21,39798,2,0,0,0,0,0,0,0,0,0,0,0,0,100472,1,2,2021,1/1/2022,
474,SYNTHETIC COMPANY 00473,SYNTHETIC SITE 00473,,1 Example Way,Nowhere,ZZ,00000,3251,SYNTHETIC INDUSTRY,61,128263,1,0,2,1,1,14,4,4,0,0,0,0,0,100473,1,2,2021,1/1/2022,
475,SYNTHETIC COMPANY 00474,SYNTHETIC SITE 00474,,1 Example Way,Nowhere,ZZ,00000,3328,SYNTHETIC INDUSTRY,27,43719,2,0,0,0,0,0,0,0,0,0,0,0,0,100474,1,2,2021,1/1/2022,
476,SYNTHETIC COMPANY 00475,SYNTHETIC SITE 00475,,1 Example Way,Nowhere,ZZ,00000,6221,SYNTHETIC INDUSTRY,78,149115,1,0,1,0,0,7,0,1,0,0,0,0,0,100475,1,2,2021,1/1/2022,
477,SYNTHETIC COMPANY 00476,SYNTHETIC SITE 00476,,1 Example Way,Nowhere,ZZ,00000,2361,SYNTHETIC INDUSTRY,17,29914,2,0,0,0,0,0,0,0,0,0,0,0,0,100476,1,2,2021,1/1/2022,
478,SYNTHETIC COMPANY 00477,SYNTHETIC SITE 00477,,1 Example Way,Nowhere,ZZ,00000,6221,SYNTHETIC INDUSTRY,45,80646,1,0,1,1,0,7,4,2,0,0,0,0,0,100477,1,2,2021,1/1/2022,
479,SYNTHETIC COMPANY 00478,SYNTHETIC SITE 00478,,1 Example Way,Nowhere,ZZ,00000,3328,SYNTHETIC INDUSTRY,5,7411,2,0,0,0,0,0,0,0,0,0,0,0,0,100478,1,2,2021,1/1/2022,
480,SYNTHETIC COMPANY 00479,SYNTHETIC SITE 00479,,1 Example Way,Nowhere,ZZ,00000,3251,SYNTHETIC INDUSTRY,249,492345,1,0,2,0,1,14,0,3,0,0,0,0,0,100479,1,2,2021,1/1/2022,
481,SYNTHETIC COMPANY 00480,SYNTHETIC SITE 00480,,1 Example Way,Nowhere,ZZ,00000,3328,SYNTHETIC INDUSTRY,281,453464,1,0,3,1,5,21,4,9,0,0,0,0,0,100480,1,2,2021,1/1/2022,
482,SYNTHETIC COMPANY 00481,SYNTHETIC SITE 00481,,1 Example Way,Nowhere,ZZ,00000,4841,SYNTHETIC INDUSTRY,91,175373,2,0,0,0,0,0,0,0,0,0,0,0,0,100481,1,2,2021,1/1/2022,
483,SYNTHETIC COMPANY 00482,SYNTHETIC SITE 00482,,1 Example Way,Nowhere,ZZ,00000,3328,SYNTHETIC INDUSTRY,36,66132,1,0,2,0,2,14,0,4,0,0,0,0,0,100482,1,2,2021,1/1/2022,
484,SYNTHETIC COMPANY 00483,SYNTHETIC SITE 00483,,1 Example Way,Nowhere,ZZ,00000,2361,SYNTHETIC INDUSTRY,133,200642,1,0,2,0,1,14,0,3,0,0,0,0,0,100483,1,2,2021,1/1/2022,
485,SYNTHETIC COMPANY 00484,SYNTHETIC SITE 00484,,1 Example Way,Nowhere,ZZ,00000,6221,SYNTHETIC INDUSTRY,54,107566,1,0,2,2,4,14,8,8,0,0,0,0,0,100484,1,2,2021,1/1/2022,
486,SYNTHETIC COMPANY 00485,SYNTHETIC SITE 00485,,1 Example Way,Nowhere,ZZ,00000,2361,SYNTHETIC INDUSTRY,6,12200,1,0,0,0,1,0,0,1,0,0,0,0,0,100485,1,2,2021,1/1/2022,
487,SYNTHETIC COMPANY 00486,SYNTHETIC SITE 00486,,1 Example Way,Nowhere,ZZ,00000,3251,SYNTHETIC INDUSTRY,16,35955,2,0,0,0,0,0,0,0,0,0,0,0,0,100486,1,2,2021,1/1/2022,
488,SYNTHETIC COMPANY 00487,SYNTHETIC SITE 00487,,1 Example Way,Nowhere,ZZ,00000,3115,SYNTHETIC INDUSTRY,54,98721,1,0,1,2,3,7,8,6,0,0,0,0,0,100487,1,2,2021,1/1/2022,
489,SYNTHETIC COMPANY 00488,SYNTHETIC SITE 00488,,1 Example Way,Nowhere,ZZ,00000,4451,SYNTHETIC INDUSTRY,57,106439,2,0,0,0,0,0,0,0,0,0,0,0,0,100488,1,2,2021,1/1/2022,
490,SYNTHETIC COMPANY 00489,SYNTHETIC SITE 00489,,1 Example Way,Nowhere,ZZ,00000,3252,SYNTHETIC INDUSTRY,28,56912,2,0,0,0,0,0,0,0,0,0,0,0,0,100489,1,2,2021,1/1/2022,
491,SYNTHETIC COMPANY 00490,SYNTHETIC SITE 00490,,1 Example Way,Nowhere,ZZ,00000,3115,SYNTHETIC INDUSTRY,24,41541,2,0,0,0,0,0,0,0,0,0,0,0,0,100490,1,2,2021,1/1/2022,
492,SYNTHETIC COMPANY 00491,SYNTHETIC SITE 00491,,1 Example Way,Nowhere,ZZ,00000,4841,SYNTHETIC INDUSTRY,116,181002,1,0,3,0,2,21,0,5,0,0,0,0,0,100491,1,2,2021,1/1/2022,
493,SYNTHETIC COMPANY 00492,SYNTHETIC SITE 00492,,1 Example Way,Nowhere,ZZ,00000,6221,SYNTHETIC INDUSTRY,24,49576,1,0,1,0,1,7,0,2,0,0,0,0,0,100492,1,2,2021,1/1/2022,
494,SYNTHETIC COMPANY 00493,SYNTHETIC SITE 00493,,1 Example Way,Nowhere,ZZ,00000,4841,SYNTHETIC INDUSTRY,145,338749,1,0,3,2,2,21,8,7,0,0,0,0,0,100493,1,2,2021,1/1/2022,
495,SYNTHETIC COMPANY 00494,SYNTHETIC SITE 00494,,1 Example Way,Nowhere,ZZ,00000,3251,SYNTHETIC INDUSTRY,117,243660,1,0,1,3,9,7,12,13,0,0,0,0,0,100494,1,2,2021,1/1/2022,
496,SYNTHETIC COMPANY 00495,SYNTHETIC SITE 00495,,1 Example Way,Nowhere,ZZ,00000,4841,SYNTHETIC INDUSTRY,46,88595,2,0,0,0,0,0,0,0,0,0,0,0,0,100495,1,2,2021,1/1/2022,
497,SYNTHETIC COMPANY 00496,SYNTHETIC SITE 00496,,1 Example Way,Nowhere,ZZ,00000,3115,SYNTHETIC INDUSTRY,696,1214374,2,0,0,0,0,0,0,0,0,0,0,0,0,100496,1,2,2021,1/1/2022,
498,SYNTHETIC COMPANY 00497,SYNTHETIC SITE 00497,,1 Example Way,Nowhere,ZZ,00000,6221,SYNTHETIC INDUSTRY,95,168853,1,0,1,2,7,7,8,10,0,0,0,0,0,100497,1,2,2021,1/1/2022,
499,SYNTHETIC COMPANY 00498,SYNTHETIC SITE 00498,,1 Example Way,Nowhere,ZZ,00000,3252,SYNTHETIC INDUSTRY,274,524378,1,0,0,0,1,0,0,1,0,0,0,0,0,100498,1,2,2021,1/1/2022,
500,SYNTHETIC COMPANY 00499,SYNTHETIC SITE 00499,,1 Example Way,Nowhere,ZZ,00000,2361,SYNTHETIC INDUSTRY,211,342009,1,0,0,0,1,0,0,1,0,0,0,0,0,100499,1,2,2021,1/1/2022,
501,SYNTHETIC COMPANY 00500,SYNTHETIC SITE 00500,,1 Example Way,Nowhere,ZZ,00000,6221,SYNTHETIC INDUSTRY,21,34045,2,0,0,0,0,0,0,0,0,0,0,0,0,100500,1,2,2021,1/1/2022,
502,SYNTHETIC COMPANY 00501,SYNTHETIC SITE 00501,,1 Example Way,Nowhere,ZZ,00000,2361,SYNTHETIC INDUSTRY,34,62423,2,0,0,0,0,0,0,0,0,0,0,0,0,100501,1,2,2021,1/1/2022,
503,SYNTHETIC COMPANY 00502,SYNTHETIC SITE 00502,,1 Example Way,Nowhere,ZZ,00000,3251,SYNTHETIC INDUSTRY,7,10592,2,0,0,0,0,0,0,0,0,0,0,0,0,100502,1,2,2021,1/1/2022,
504,SYNTHETIC COMPANY 00503,SYNTHETIC SITE 00503,,1 Example Way,Nowhere,ZZ,00000,3328,SYNTHETIC INDUSTRY,102,155887,1,0,3,1,2,21,4,6,0,0,0,0,0,100503,1,2,2021,1/1/2022,
505,SYNTHETIC COMPANY 00504,SYNTHETIC SITE 00504,,1 Example Way,Nowhere,ZZ,00000,4841,SYNTHETIC INDUSTRY,68,11258500,2,0,0,0,0,0,0,0,0,0,0,0,0,100504,1,2,2021,1/1/2022,
506,SYNTHETIC COMPANY 00505,SYNTHETIC SITE 00505,,1 Example Way,Nowhere,ZZ,00000,3328,SYNTHETIC INDUSTRY,11,20615,2,0,0,0,0,0,0,0,0,0,0,0,0,100505,1,2,2021,1/1/2022,
507,SYNTHETIC COMPANY 00506,SYNTHETIC SITE 00506,,1 Example Way,Nowhere,ZZ,00000,3115,SYNTHETIC INDUSTRY,28,50247,2,0,0,0,0,0,0,0,0,0,0,0,0,100506,1,2,2021,1/1/2022,
508,SYNTHETIC COMPANY 00507,SYNTHETIC SITE 00507,,1 Example Way,Nowhere,ZZ,00000,3252,SYNTHETIC INDUSTRY,57,134007,2,0,0,0,0,0,0,0,0,0,0,0,0,100507,1,2,2021,1/1/2022,
509,SYNTHETIC COMPANY 00508,SYNTHETIC SITE 00508,,1 Example Way,Nowhere,ZZ,00000,3328,SYNTHETIC INDUSTRY,352,624081,2,0,0,0,0,0,0,0,0,0,0,0,0,100508,1,2,2021,1/1/2022,
510,SYNTHETIC COMPANY 00509,SYNTHETIC SITE 00509,,1 Example Way,Nowhere,ZZ,00000,3251,SYNTHETIC INDUSTRY,16,36491,2,0,0,0,0,0,0,0,0,0,0,0,0,100509,1,2,2021,1/1/2022,
511,SYNTHETIC COMPANY 00510,SYNTHETIC SITE 00510,,1 Example Way,Nowhere,ZZ,00000,3115,SYNTHETIC INDUSTRY,24,4491000,2,0,0,0,0,0,0,0,0,0,0,0,0,100510,1,2,2021,1/1/2022,
512,SYNTHETIC COMPANY 00511,SYNTHETIC SITE 00511,,1 Example Way,Nowhere,ZZ,00000,4841,SYNTHETIC INDUSTRY,21,36231,2,0,0,0,0,0,0,0,0,0,0,0,0,100511,1,2,2021,1/1/2022,
513,SYNTHETIC COMPANY 00512,SYNTHETIC SITE 00512,,1 Example Way,Nowhere,ZZ,00000,2361,SYNTHETIC INDUSTRY,201,349460,1,0,5,3,2,35,12,10,0,0,0,0,0,100512,1,2,2021,1/1/2022,
514,SYNTHETIC COMPANY 00513,SYNTHETIC SITE 00513,,1 Example Way,Nowhere,ZZ,00000,4451,SYNTHETIC INDUSTRY,88,172673,1,0,1,1,4,7,4,6,0,0,0,0,0,100513,1,2,2021,1/1/2022,
515,SYNTHETIC COMPANY 00514,SYNTHETIC SITE 00514,,1 Example Way,Nowhere,ZZ,00000,3328,SYNTHETIC INDUSTRY,10,19015,2,0,0,0,0,0,0,0,0,0,0,0,0,100514,1,2,2021,1/1/2022,
516,SYNTHETIC COMPANY 00515,SYNTHETIC SITE 00515,,1 Example Way,Nowhere,ZZ,00000,3328,SYNTHETIC INDUSTRY,63,110642,1,0,1,1,0,7,4,2,0,0,0,0,0,100515,1,2,2021,1/1/2022,
517,SYNTHETIC COMPANY 00516,SYNTHETIC SITE 00516,,1 Example Way,Nowhere,ZZ,00000,2361,SYNTHETIC INDUSTRY,99,174141,1,0,0,0,1,0,0,1,0,0,0,0,0,100516,1,2,2021,1/1/2022,
518,SYNTHETIC COMPANY 00517,SYNTHETIC SITE 00517,,1 Example Way,Nowhere,ZZ,00000,3251,SYNTHETIC INDUSTRY,93,176731,1,0,0,3,1,0,12,4,0,0,0,0,0,100517,1,2,2021,1/1/2022,
519,SYNTHETIC COMPANY 00518,SYNTHETIC SITE 00518,,1 Example Way,Nowhere,ZZ,00000,2361,SYNTHETIC INDUSTRY,65,142071,1,0,1,0,0,7,0,1,0,0,0,0,0,100518,1,2,2021,1/1/2022,
520,SYNTHETIC COMPANY 00519,SYNTHETIC SITE 00519,,1 Example Way,Nowhere,ZZ,00000,3252,SYNTHETIC INDUSTRY,56,136735,2,0,0,0,0,0,0,0,0,0,0,0,0,100519,1,2,2021,1/1/2022,
521,SYNTHETIC COMPANY 00520,SYNTHETIC SITE 00520,,1 Example Way,Nowhere,ZZ,00000,4451,SYNTHETIC INDUSTRY,12,25776,1,0,0,1,1,0,4,2,0,0,0,0,0,100520,1,2,2021,1/1/2022,
522,SYNTHETIC COMPANY 00521,SYNTHETIC SITE 00521,,1 Example Way,Nowhere,ZZ,00000,3251,SYNTHETIC INDUSTRY,2,3781,2,0,0,0,0,0,0,0,0,0,0,0,0,100521,1,2,2021,1/1/2022,
523,SYNTHETIC COMPANY 00522,SYNTHETIC SITE 00522,,1 Example Way,Nowhere,ZZ,00000,6221,SYNTHETIC INDUSTRY,102,200983,1,0,2,0,2,14,0,4,0,0,0,0,0,100522,1,2,2021,1/1/2022,
524,SYNTHETIC COMPANY 00523,SYNTHETIC SITE 00523,,1 Example Way,Nowhere,ZZ,00000,3251,SYNTHETIC INDUSTRY,57,96652,2,0,0,0,0,0,0,0,0,0,0,0,0,100523,1,2,2021,1/1/2022,
525,SYNTHETIC COMPANY 00524,SYNTHETIC SITE 00524,,1 Example Way,Nowhere,ZZ,00000,3252,SYNTHETIC INDUSTRY,220,466004,1,0,2,0,3,14,0,5,0,0,0,0,0,100524,1,2,2021,1/1/2022,
526,SYNTHETIC COMPANY 00525,SYNTHETIC SITE 00525,,1 Example Way,Nowhere,ZZ,00000,3252,SYNTHETIC INDUSTRY,7,12034,2,0,0,0,0,0,0,0,0,0,0,0,0,100525,1,2,2021,1/1/2022,
527,SYNTHETIC COMPANY 00526,SYNTHETIC SITE 00526,,1 Example Way,Nowhere,ZZ,00000,3328,SYNTHETIC INDUSTRY,173,372424,1,0,1,0,1,7,0,2,0,0,0,0,0,100526,1,2,2021,1/1/2022,
528,SYNTHETIC COMPANY 00527,SYNTHETIC SITE 00527,,1 Example Way,Nowhere,ZZ,00000,3251,SYNTHETIC INDUSTRY,528,1063912,1,0,4,3,2,28,12,9,0,0,0,0,0,100527,1,2,2021,1/1/2022,
529,SYNTHETIC COMPANY 00528,SYNTHETIC SITE 00528,,1 Example Way,Nowhere,ZZ,00000,3252,SYNTHETIC INDUSTRY,37,59447,2,0,0,0,0,0,0,0,0,0,0,0,0,100528,1,2,2021,1/1/2022,
530,SYNTHETIC COMPANY 00529,SYNTHETIC SITE 00529,,1 Example Way,Nowhere,ZZ,00000,3251,SYNTHETIC INDUSTRY,17,30030,2,0,0,0,0,0,0,0,0,0,0,0,0,100529,1,2,2021,1/1/2022,
531,SYNTHETIC COMPANY 00530,SYNTHETIC SITE 00530,,1 Example Way,Nowhere,ZZ,00000,4451,SYNTHETIC INDUSTRY,108,161206,2,0,0,0,0,0,0,0,0,0,0,0,0,100530,1,2,2021,1/1/2022,
532,SYNTHETIC COMPANY 00531,SYNTHETIC SITE 00531,,1 Example Way,Nowhere,ZZ,00000,3251,SYNTHETIC INDUSTRY,23,38948,2,0,0,0,0,0,0,0,0,0,0,0,0,100531,1,2,2021,1/1/2022,
533,SYNTHETIC COMPANY 00532,SYNTHETIC SITE 00532,,1 Example Way,Nowhere,ZZ,00000,3328,SYNTHETIC INDUSTRY,23,40997,2,0,0,0,0,0,0,0,0,0,0,0,0,100532,1,2,2021,1/1/2022,
534,SYNTHETIC COMPANY 00533,SYNTHETIC SITE 00533,,1 Example Way,Nowhere,ZZ,00000,2361,SYNTHETIC INDUSTRY,91,177623,1,0,0,1,0,0,4,1,0,0,0,0,0,100533,1,2,2021,1/1/2022,
535,SYNTHETIC COMPANY 00534,SYNTHETIC SITE 00534,,1 Example Way,Nowhere,ZZ,00000,3115,SYNTHETIC INDUSTRY,75,100061,2,0,0,0,0,0,0,0,0,0,0,0,0,100534,1,2,2021,1/1/2022,
536,SYNTHETIC COMPANY 00535,SYNTHETIC SITE 00535,,1 Example Way,Nowhere,ZZ,00000,4841,SYNTHETIC INDUSTRY,61,107322,2,0,0,0,0,0,0,0,0,0,0,0,0,100535,1,2,2021,1/1/2022,
537,SYNTHETIC COMPANY 00536,SYNTHETIC SITE 00536,,1 Example Way,Nowhere,ZZ,00000,2361,SYNTHETIC INDUSTRY,134,215800,1,0,2,1,0,14,4,3,0,0,0,0,0,100536,1,2,2021,1/1/2022,
538,SYNTHETIC COMPANY 00537,SYNTHETIC SITE 00537,,1 Example Way,Nowhere,ZZ,00000,3328,SYNTHETIC INDUSTRY,47,65210,1,0,0,0,1,0,0,1,0,0,0,0,0,100537,1,2,2021,1/1/2022,
539,SYNTHETIC COMPANY 00538,SYNTHETIC SITE 00538,,1 Example Way,Nowhere,ZZ,00000,2361,SYNTHETIC INDUSTRY,22,48167,2,0,0,0,0,0,0,0,0,0,0,0,0,100538,1,2,2021,1/1/2022,
540,SYNTHETIC COMPANY 00539,SYNTHETIC SITE 00539,,1 Example Way,Nowhere,ZZ,00000,3252,SYNTHETIC INDUSTRY,44,79616,2,0,0,0,0,0,0,0,0,0,0,0,0,100539,1,2,2021,1/1/2022,
541,SYNTHETIC COMPANY 00540,SYNTHETIC SITE 00540,,1 Example Way,Nowhere,ZZ,00000,2361,SYNTHETIC INDUSTRY,13,27904,2,0,0,0,0,0,0,0,0,0,0,0,0,100540,1,2,2021,1/1/2022,
542,SYNTHETIC COMPANY 00541,SYNTHETIC SITE 00541,,1 Example Way,Nowhere,ZZ,00000,2361,SYNTHETIC INDUSTRY,28,42884,2,0,0,0,0,0,0,0,0,0,0,0,0,100541,1,2,2021,1/1/2022,
543,SYNTHETIC COMPANY 00542,SYNTHETIC SITE 00542,,1 Example Way,Nowhere,ZZ,00000,4841,SYNTHETIC INDUSTRY,32,56423,2,0,0,0,0,0,0,0,0,0,0,0,0,100542,1,2,2021,1/1/2022,
544,SYNTHETIC COMPANY 00543,SYNTHETIC SITE 00543,,1 Example Way,Nowhere,ZZ,00000,2361,SYNTHETIC INDUSTRY,29,57502,2,0,0,0,0,0,0,0,0,0,0,0,0,100543,1,2,2021,1/1/2022,
545,SYNTHETIC COMPANY 00544,SYNTHETIC SITE 00544,,1 Example Way,Nowhere,ZZ,00000,4841,SYNTHETIC INDUSTRY,57,96857,1,0,2,2,0,14,8,4,0,0,0,0,0,100544,1,2,2021,1/1/2022,
546,SYNTHETIC COMPANY 00545,SYNTHETIC SITE 00545,,1 Example Way,Nowhere,ZZ,00000,4451,SYNTHETIC INDUSTRY,59,120179,2,0,0,0,0,0,0,0,0,0,0,0,0,100545,1,2,2021,1/1/2022,
547,SYNTHETIC COMPANY 00546,SYNTHETIC SITE 00546,,1 Example Way,Nowhere,ZZ,00000,3251,SYNTHETIC INDUSTRY,82,147126,2,0,0,0,0,0,0,0,0,0,0,0,0,100546,1,2,2021,1/1/2022,
548,SYNTHETIC COMPANY 00547,SYNTHETIC SITE 00547,,1 Example Way,Nowhere,ZZ,00000,3115,SYNTHETIC INDUSTRY,57,130210,2,0,0,0,0,0,0,0,0,0,0,0,0,100547,1,2,2021,1/1/2022,
549,SYNTHETIC COMPANY 00548,SYNTHETIC SITE 00548,,1 Example Way,Nowhere,ZZ,00000,3328,SYNTHETIC INDUSTRY,66,114498,2,0,0,0,0,0,0,0,0,0,0,0,0,100548,1,2,2021,1/1/2022,
550,SYNTHETIC COMPANY 00549,SYNTHETIC SITE 00549,,1 Example Way,Nowhere,ZZ,00000,6221,SYNTHETIC INDUSTRY,17,42068,2,0,0,0,0,0,0,0,0,0,0,0,0,100549,1,2,2021,1/1/2022,
551,SYNTHETIC COMPANY 00550,SYNTHETIC SITE 00550,,1 Example Way,Nowhere,ZZ,00000,4451,SYNTHETIC INDUSTRY,156,352807,1,0,4,2,2,28,8,8,0,0,0,0,0,100550,1,2,2021,1/1/2022,
552,SYNTHETIC COMPANY 00551,SYNTHETIC SITE 00551,,1 Example Way,Nowhere,ZZ,00000,2361,SYNTHETIC INDUSTRY,27,54631,2,0,0,0,0,0,0,0,0,0,0,0,0,100551,1,2,2021,1/1/2022,
553,SYNTHETIC COMPANY 00552,SYNTHETIC SITE 00552,,1 Example Way,Nowhere,ZZ,00000,6221,SYNTHETIC INDUSTRY,18,40923,2,0,0,0,0,0,0,0,0,0,0,0,0,100552,1,2,2021,1/1/2022,
554,SYNTHETIC COMPANY 00553,SYNTHETIC SITE 00553,,1 Example Way,Nowhere,ZZ,00000,3251,SYNTHETIC INDUSTRY,406,694693,1,0,8,3,10,56,12,21,0,0,0,0,0,100553,1,2,2021,1/1/2022,
555,SYNTHETIC COMPANY 00554,SYNTHETIC SITE 00554,,1 Example Way,Nowhere,ZZ,00000,2361,SYNTHETIC INDUSTRY,17,38907,1,0,1,0,2,7,0,3,0,0,0,0,0,100554,1,2,2021,1/1/2022,
556,SYNTHETIC COMPANY 00555,SYNTHETIC SITE 00555,,1 Example Way,Nowhere,ZZ,00000,3252,SYNTHETIC INDUSTRY,111,18739600,2,0,0,0,0,0,0,0,0,0,0,0,0,100555,1,2,2021,1/1/2022,
557,SYNTHETIC COMPANY 00556,SYNTHETIC SITE 00556,,1 Example Way,Nowhere,ZZ,00000,3115,SYNTHETIC INDUSTRY,18,36104,1,0,0,0,1,0,0,1,0,0,0,0,0,100556,1,2,2021,1/1/2022,
558,SYNTHETIC COMPANY 00557,SYNTHETIC SITE 00557,,1 Example Way,Nowhere,ZZ,00000,3251,SYNTHETIC INDUSTRY,696,1291442,1,0,19,10,17,133,40,46,0,0,0,0,0,100557,1,2,2021,1/1/2022,
559,SYNTHETIC COMPANY 00558,SYNTHETIC SITE 00558,,1 Example Way,Nowhere,ZZ,00000,4841,SYNTHETIC INDUSTRY,19,30204,2,0,0,0,0,0,0,0,0,0,0,0,0,100558,1,2,2021,1/1/2022,
560,SYNTHETIC COMPANY 00559,SYNTHETIC SITE 00559,,1 Example Way,Nowhere,ZZ,00000,4841,SYNTHETIC INDUSTRY,89,1728550,2,0,0,0,0,0,0,0,0,0,0,0,0,100559,1,2,2021,1/1/2022,
561,SYNTHETIC COMPANY 00560,SYNTHETIC SITE 00560,,1 Example Way,Nowhere,ZZ,00000,6221,SYNTHETIC INDUSTRY,101,202880,2,0,0,0,0,0,0,0,0,0,0,0,0,100560,1,2,2021,1/1/2022,
562,SYNTHETIC COMPANY 00561,SYNTHETIC SITE 00561,,1 Example Way,Nowhere,ZZ,00000,6221,SYNTHETIC INDUSTRY,274,411157,1,0,1,1,0,7,4,2,0,0,0,0,0,100561,1,2,2021,1/1/2022,
563,SYNTHETIC COMPANY 00562,SYNTHETIC SITE 00562,,1 Example Way,Nowhere,ZZ,00000,3115,SYNTHETIC INDUSTRY,460,826650,2,0,0,0,0,0,0,0,0,0,0,0,0,100562,1,2,2021,1/1/2022,
564,SYNTHETIC COMPANY 00563,SYNTHETIC SITE 00563,,1 Example Way,Nowhere,ZZ,00000,2361,SYNTHETIC INDUSTRY,92,142798,2,0,0,0,0,0,0,0,0,0,0,0,0,100563,1,2,2021,1/1/2022,
565,SYNTHETIC COMPANY 00564,SYNTHETIC SITE 00564,,1 Example Way,Nowhere,ZZ,00000,6221,SYNTHETIC INDUSTRY,88,154743,1,0,0,0,1,0,0,1,0,0,0,0,0,100564,1,2,2021,1/1/2022,
566,SYNTHETIC COMPANY 00565,SYNTHETIC SITE 00565,,1 Example Way,Nowhere,ZZ,00000,3328,SYNTHETIC INDUSTRY,334,667828,1,0,5,4,5,35,16,14,0,0,0,0,0,100565,1,2,2021,1/1/2022,
567,SYNTHETIC COMPANY 00566,SYNTHETIC SITE 00566,,1 Example Way,Nowhere,ZZ,00000,4451,SYNTHETIC INDUSTRY,13,26351,2,0,0,0,0,0,0,0,0,0,0,0,0,100566,1,2,2021,1/1/2022,
568,SYNTHETIC COMPANY 00567,SYNTHETIC SITE 00567,,1 Example Way,Nowhere,ZZ,00000,3328,SYNTHETIC INDUSTRY,55,74094,2,0,0,0,0,0,0,0,0,0,0,0,0,100567,1,2,2021,1/1/2022,
569,SYNTHETIC COMPANY 00568,SYNTHETIC SITE 00568,,1 Example Way,Nowhere,ZZ,00000,4841,SYNTHETIC INDUSTRY,27,53374,2,0,0,0,0,0,0,0,0,0,0,0,0,100568,1,2,2021,1/1/2022,
570,SYNTHETIC COMPANY 00569,SYNTHETIC SITE 00569,,1 Example Way,Nowhere,ZZ,00000,3328,SYNTHETIC INDUSTRY,9,15636,2,0,0,0,0,0,0,0,0,0,0,0,0,100569,1,2,2021,1/1/2022,
571,SYNTHETIC COMPANY 00570,SYNTHETIC SITE 00570,,1 Example Way,Nowhere,ZZ,00000,3252,SYNTHETIC INDUSTRY,61,106992,1,0,4,2,4,28,8,10,0,0,0,0,0,100570,1,2,2021,1/1/2022,
572,SYNTHETIC COMPANY 00571,SYNTHETIC SITE 00571,,1 Example Way,Nowhere,ZZ,00000,6221,SYNTHETIC INDUSTRY,29,45055,2,0,0,0,0,0,0,0,0,0,0,0,0,100571,1,2,2021,1/1/2022,
573,SYNTHETIC COMPANY 00572,SYNTHETIC SITE 00572,,1 Example Way,Nowhere,ZZ,00000,3115,SYNTHETIC INDUSTRY,27,39345,1,0,1,1,1,7,4,3,0,0,0,0,0,100572,1,2,2021,1/1/2022,
574,SYNTHETIC COMPANY 00573,SYNTHETIC SITE 00573,,1 Example Way,Nowhere,ZZ,00000,4451,SYNTHETIC INDUSTRY,44,76962,1,0,1,0,2,7,0,3,0,0,0,0,0,100573,1,2,2021,1/1/2022,
575,SYNTHETIC COMPANY 00574,SYNTHETIC SITE 00574,,1 Example Way,Nowhere,ZZ,00000,2361,SYNTHETIC INDUSTRY,71,116617,2,0,0,0,0,0,0,0,0,0,0,0,0,100574,1,2,2021,1/1/2022,
576,SYNTHETIC COMPANY 00575,SYNTHETIC SITE 00575,,1 Example Way,Nowhere,ZZ,00000,3251,SYNTHETIC INDUSTRY,99,215519,1,0,4,1,5,28,4,10,0,0,0,0,0,100575,1,2,2021,1/1/2022,
577,SYNTHETIC COMPANY 00576,SYNTHETIC SITE 00576,,1 Example Way,Nowhere,ZZ,00000,3251,SYNTHETIC INDUSTRY,9,19934,2,0,0,0,0,0,0,0,0,0,0,0,0,100576,1,2,2021,1/1/2022,
578,SYNTHETIC COMPANY 00577,SYNTHETIC SITE 00577,,1 Example Way,Nowhere,ZZ,00000,3252,SYNTHETIC INDUSTRY,43,71439,1,0,1,0,0,7,0,1,0,0,0,0,0,100577,1,2,2021,1/1/2022,
579,SYNTHETIC COMPANY 00578,SYNTHETIC SITE 00578,,1 Example Way,Nowhere,ZZ,00000,6221,SYNTHETIC INDUSTRY,65,108484,2,0,0,0,0,0,0,0,0,0,0,0,0,100578,1,2,2021,1/1/2022,
580,SYNTHETIC COMPANY 00579,SYNTHETIC SITE 00579,,1 Example Way,Nowhere,ZZ,00000,4841,SYNTHETIC INDUSTRY,25,46154,2,0,0,0,0,0,0,0,0,0,0,0,0,100579,1,2,2021,1/1/2022,
581,SYNTHETIC COMPANY 00580,SYNTHETIC SITE 00580,,1 Example Way,Nowhere,ZZ,00000,6221,SYNTHETIC INDUSTRY,37,61589,1,0,4,2,5,28,8,11,0,0,0,0,0,100580,1,2,2021,1/1/2022,
582,SYNTHETIC COMPANY 00581,SYNTHETIC SITE 00581,,1 Example Way,Nowhere,ZZ,00000,6221,SYNTHETIC INDUSTRY,65,105946,2,0,0,0,0,0,0,0,0,0,0,0,0,100581,1,2,2021,1/1/2022,
583,SYNTHETIC COMPANY 00582,SYNTHETIC SITE 00582,,1 Example Way,Nowhere,ZZ,00000,3251,SYNTHETIC INDUSTRY,57,102248,1,0,5,0,0,35,0,5,0,0,0,0,0,100582,1,2,2021,1/1/2022,
584,SYNTHETIC COMPANY 00583,SYNTHETIC SITE 00583,,1 Example Way,Nowhere,ZZ,00000,6221,SYNTHETIC INDUSTRY,165,290765,1,0,1,1,1,7,4,3,0,0,0,0,0,100583,1,2,2021,1/1/2022,
585,SYNTHETIC COMPANY 00584,SYNTHETIC SITE 00584,,1 Example Way,Nowhere,ZZ,00000,3251,SYNTHETIC INDUSTRY,36,54349,2,0,0,0,0,0,0,0,0,0,0,0,0,100584,1,2,2021,1/1/2022,
586,SYNTHETIC COMPANY 00585,SYNTHETIC SITE 00585,,1 Example Way,Nowhere,ZZ,00000,3328,SYNTHETIC INDUSTRY,27,50565,2,0,0,0,0,0,0,0,0,0,0,0,0,100585,1,2,2021,1/1/2022,
587,SYNTHETIC COMPANY 00586,SYNTHETIC SITE 00586,,1 Example Way,Nowhere,ZZ,00000,2361,SYNTHETIC INDUSTRY,35,59194,1,0,0,0,1,0,0,1,0,0,0,0,0,100586,1,2,2021,1/1/2022,
588,SYNTHETIC COMPANY 00587,SYNTHETIC SITE 00587,,1 Example Way,Nowhere,ZZ,00000,3251,SYNTHETIC INDUSTRY,41,76128,2,0,0,0,0,0,0,0,0,0,0,0,0,100587,1,2,2021,1/1/2022,
589,SYNTHETIC COMPANY 00588,SYNTHETIC SITE 00588,,1 Example Way,Nowhere,ZZ,00000,3328,SYNTHETIC INDUSTRY,14,30626,2,0,0,0,0,0,0,0,0,0,0,0,0,100588,1,2,2021,1/1/2022,
590,SYNTHETIC COMPANY 00589,SYNTHETIC SITE 00589,,1 Example Way,Nowhere,ZZ,00000,3252,SYNTHETIC INDUSTRY,112,179002,1,0,0,1,1,0,4,2,0,0,0,0,0,100589,1,2,2021,1/1/2022,
591,SYNTHETIC COMPANY 00590,SYNTHETIC SITE 00590,,1 Example Way,Nowhere,ZZ,00000,3328,SYNTHETIC INDUSTRY,284,550293,1,0,2,0,0,14,0,2,0,0,0,0,0,100590,1,2,2021,1/1/2022,
592,SYNTHETIC COMPANY 00591,SYNTHETIC SITE 00591,,1 Example Way,Nowhere,ZZ,00000,6221,SYNTHETIC INDUSTRY,69,114299,1,0,4,1,1,28,4,6,0,0,0,0,0,100591,1,2,2021,1/1/2022,
593,SYNTHETIC COMPANY 00592,SYNTHETIC SITE 00592,,1 Example Way,Nowhere,ZZ,00000,4451,SYNTHETIC INDUSTRY,23,36960,2,0,0,0,0,0,0,0,0,0,0,0,0,100592,1,2,2021,1/1/2022,
594,SYNTHETIC COMPANY 00593,SYNTHETIC SITE 00593,,1 Example Way,Nowhere,ZZ,00000,6221,SYNTHETIC INDUSTRY,17,27462,1,0,1,0,0,7,0,1,0,0,0,0,0,100593,1,2,2021,1/1/2022,
595,SYNTHETIC COMPANY 00594,SYNTHETIC SITE 00594,,1 Example Way,Nowhere,ZZ,00000,3251,SYNTHETIC INDUSTRY,78,183783,1,0,6,0,0,42,0,6,0,0,0,0,0,100594,1,2,2021,1/1/2022,
596,SYNTHETIC COMPANY 00595,SYNTHETIC SITE 00595,,1 Example Way,Nowhere,ZZ,00000,3251,SYNTHETIC INDUSTRY,43,67777,2,0,0,0,0,0,0,0,0,0,0,0,0,100595,1,2,2021,1/1/2022,
597,SYNTHETIC COMPANY 00596,SYNTHETIC SITE 00596,,1 Example Way,Nowhere,ZZ,00000,3251,SYNTHETIC INDUSTRY,78,144804,1,0,2,0,0,14,0,2,0,0,0,0,0,100596,1,2,2021,1/1/2022,
598,SYNTHETIC COMPANY 00597,SYNTHETIC SITE 00597,,1 Example Way,Nowhere,ZZ,00000,3252,SYNTHETIC INDUSTRY,58,98582,1,0,0,1,1,0,4,2,0,0,0,0,0,100597,1,2,2021,1/1/2022,
599,SYNTHETIC COMPANY 00598,SYNTHETIC SITE 00598,,1 Example Way,Nowhere,ZZ,00000,2361,SYNTHETIC INDUSTRY,36,68409,2,0,0,0,0,0,0,0,0,0,0,0,0,100598,1,2,2021,1/1/2022,
600,SYNTHETIC COMPANY 00599,SYNTHETIC SITE 00599,,1 Example Way,Nowhere,ZZ,00000,6221,SYNTHETIC INDUSTRY,29,64190,2,0,0,0,0,0,0,0,0,0,0,0,0,100599,1,2,2021,1/1/2022,
601,SYNTHETIC COMPANY 00600,SYNTHETIC SITE 00600,,1 Example Way,Nowhere,ZZ,00000,3252,SYNTHETIC INDUSTRY,118,321588,2,0,0,0,0,0,0,0,0,0,0,0,0,100600,1,2,2021,1/1/2022,
602,SYNTHETIC COMPANY 00601,SYNTHETIC SITE 00601,,1 Example Way,Nowhere,ZZ,00000,3251,SYNTHETIC INDUSTRY,27,33297,2,0,0,0,0,0,0,0,0,0,0,0,0,100601,1,2,2021,1/1/2022,
603,SYNTHETIC COMPANY 00602,SYNTHETIC SITE 00602,,1 Example Way,Nowhere,ZZ,00000,2361,SYNTHETIC INDUSTRY,25,51782,2,0,0,0,0,0,0,0,0,0,0,0,0,100602,1,2,2021,1/1/2022,
604,SYNTHETIC COMPANY 00603,SYNTHETIC SITE 00603,,1 Example Way,Nowhere,ZZ,00000,4841,SYNTHETIC INDUSTRY,139,305319,1,0,0,1,2,0,4,3,0,0,0,0,0,100603,1,2,2021,1/1/2022,
605,SYNTHETIC COMPANY 00604,SYNTHETIC SITE 00604,,1 Example Way,Nowhere,ZZ,00000,4451,SYNTHETIC INDUSTRY,16,31736,1,0,1,0,1,7,0,2,0,0,0,0,0,100604,1,2,2021,1/1/2022,
606,SYNTHETIC COMPANY 00605,SYNTHETIC SITE 00605,,1 Example Way,Nowhere,ZZ,00000,3252,SYNTHETIC INDUSTRY,410,87450500000,1,0,1,3,10,7,12,14,0,0,0,0,0,100605,1,2,2021,1/1/2022,
607,SYNTHETIC COMPANY 00606,SYNTHETIC SITE 00606,,1 Example Way,Nowhere,ZZ,00000,4451,SYNTHETIC INDUSTRY,59,129799,1,0,0,0,1,0,0,1,0,0,0,0,0,100606,1,2,2021,1/1/2022,
608,SYNTHETIC COMPANY 00607,SYNTHETIC SITE 00607,,1 Example Way,Nowhere,ZZ,00000,2361,SYNTHETIC INDUSTRY,36,71537,2,0,0,0,0,0,0,0,0,0,0,0,0,100607,1,2,2021,1/1/2022,
609,SYNTHETIC COMPANY 00608,SYNTHETIC SITE 00608,,1 Example Way,Nowhere,ZZ,00000,4451,SYNTHETIC INDUSTRY,6,9650,2,0,0,0,0,0,0,0,0,0,0,0,0,100608,1,2,2021,1/1/2022,
610,SYNTHETIC COMPANY 00609,SYNTHETIC SITE 00609,,1 Example Way,Nowhere,ZZ,00000,3328,SYNTHETIC INDUSTRY,153,240650,2,0,0,0,0,0,0,0,0,0,0,0,0,100609,1,2,2021,1/1/2022,
611,SYNTHETIC COMPANY 00610,SYNTHETIC SITE 00610,,1 Example Way,Nowhere,ZZ,00000,3252,SYNTHETIC INDUSTRY,18,38252,2,0,0,0,0,0,0,0,0,0,0,0,0,100610,1,2,2021,1/1/2022,
612,SYNTHETIC COMPANY 00611,SYNTHETIC SITE 00611,,1 Example Way,Nowhere,ZZ,00000,3252,SYNTHETIC INDUSTRY,15,21228,2,0,0,0,0,0,0,0,0,0,0,0,0,100611,1,2,2021,1/1/2022,
613,SYNTHETIC COMPANY 00612,SYNTHETIC SITE 00612,,1 Example Way,Nowhere,ZZ,00000,3115,SYNTHETIC INDUSTRY,31,50355,1,0,0,0,1,0,0,1,0,0,0,0,0,100612,1,2,2021,1/1/2022,
614,SYNTHETIC COMPANY 00613,SYNTHETIC SITE 00613,,1 Example Way,Nowhere,ZZ,00000,3251,SYNTHETIC INDUSTRY,267,451052,1,0,14,4,9,98,16,27,0,0,0,0,0,100613,1,2,2021,1/1/2022,
615,SYNTHETIC COMPANY 00614,SYNTHETIC SITE 00614,,1 Example Way,Nowhere,ZZ,00000,2361,SYNTHETIC INDUSTRY,16,32112,2,0,0,0,0,0,0,0,0,0,0,0,0,100614,1,2,2021,1/1/2022,
616,SYNTHETIC COMPANY 00615,SYNTHETIC SITE 00615,,1 Example Way,Nowhere,ZZ,00000,4451,SYNTHETIC INDUSTRY,18,30211,2,0,0,0,0,0,0,0,0,0,0,0,0,100615,1,2,2021,1/1/2022,
617,SYNTHETIC COMPANY 00616,SYNTHETIC SITE 00616,,1 Example Way,Nowhere,ZZ,00000,3252,SYNTHETIC INDUSTRY,117,191101,2,0,0,0,0,0,0,0,0,0,0,0,0,100616,1,2,2021,1/1/2022,
618,SYNTHETIC COMPANY 00617,SYNTHETIC SITE 00617,,1 Example Way,Nowhere,ZZ,00000,3115,SYNTHETIC INDUSTRY,28,51633,1,0,0,0,1,0,0,1,0,0,0,0,0,100617,1,2,2021,1/1/2022,
619,SYNTHETIC COMPANY 00618,SYNTHETIC SITE 00618,,1 Example Way,Nowhere,ZZ,00000,2361,SYNTHETIC INDUSTRY,27,47068,2,0,0,0,0,0,0,0,0,0,0,0,0,100618,1,2,2021,1/1/2022,
620,SYNTHETIC COMPANY 00619,SYNTHETIC SITE 00619,,1 Example Way,Nowhere,ZZ,00000,3328,SYNTHETIC INDUSTRY,22,4474300000,2,0,0,0,0,0,0,0,0,0,0,0,0,100619,1,2,2021,1/1/2022,
621,SYNTHETIC COMPANY 00620,SYNTHETIC SITE 00620,,1 Example Way,Nowhere,ZZ,00000,2361,SYNTHETIC INDUSTRY,74,149797,1,0,1,0,2,7,0,3,0,0,0,0,0,100620,1,2,2021,1/1/2022,
622,SYNTHETIC COMPANY 00621,SYNTHETIC SITE 00621,,1 Example Way,Nowhere,ZZ,00000,4841,SYNTHETIC INDUSTRY,53,89362,2,0,0,0,0,0,0,0,0,0,0,0,0,100621,1,2,2021,1/1/2022,
623,SYNTHETIC COMPANY 00622,SYNTHETIC SITE 00622,,1 Example Way,Nowhere,ZZ,00000,3115,SYNTHETIC INDUSTRY,17,30565,2,0,0,0,0,0,0,0,0,0,0,0,0,100622,1,2,2021,1/1/2022,
624,SYNTHETIC COMPANY 00623,SYNTHETIC SITE 00623,,1 Example Way,Nowhere,ZZ,00000,6221,SYNTHETIC INDUSTRY,131,223799,1,0,2,1,2,14,4,5,0,0,0,0,0,100623,1,2,2021,1/1/2022,
625,SYNTHETIC COMPANY 00624,SYNTHETIC SITE 00624,,1 Example Way,Nowhere,ZZ,00000,2361,SYNTHETIC INDUSTRY,50,91365,2,0,0,0,0,0,0,0,0,0,0,0,0,100624,1,2,2021,1/1/2022,
626,SYNTHETIC COMPANY 00625,SYNTHETIC SITE 00625,,1 Example Way,Nowhere,ZZ,00000,2361,SYNTHETIC INDUSTRY,131,279663,2,0,0,0,0,0,0,0,0,0,0,0,0,100625,1,2,2021,1/1/2022,
627,SYNTHETIC COMPANY 00626,SYNTHETIC SITE 00626,,1 Example Way,Nowhere,ZZ,00000,4451,SYNTHETIC INDUSTRY,415,738221,2,0,0,0,0,0,0,0,0,0,0,0,0,100626,1,2,2021,1/1/2022,
628,SYNTHETIC COMPANY 00627,SYNTHETIC SITE 00627,,1 Example Way,Nowhere,ZZ,00000,2361,SYNTHETIC INDUSTRY,51,109978,1,0,1,0,0,7,0,1,0,0,0,0,0,100627,1,2,2021,1/1/2022,
629,SYNTHETIC COMPANY 00628,SYNTHETIC SITE 00628,,1 Example Way,Nowhere,ZZ,00000,3328,SYNTHETIC INDUSTRY,10,12946,2,0,0,0,0,0,0,0,0,0,0,0,0,100628,1,2,2021,1/1/2022,
630,SYNTHETIC COMPANY 00629,SYNTHETIC SITE 00629,,1 Example Way,Nowhere,ZZ,00000,2361,SYNTHETIC INDUSTRY,137,296168,2,0,0,0,0,0,0,0,0,0,0,0,0,100629,1,2,2021,1/1/2022,
631,SYNTHETIC COMPANY 00630,SYNTHETIC SITE 00630,,1 Example Way,Nowhere,ZZ,00000,6221,SYNTHETIC INDUSTRY,50,98267,1,0,0,0,4,0,0,4,0,0,0,0,0,100630,1,2,2021,1/1/2022,
632,SYNTHETIC COMPANY 00631,SYNTHETIC SITE 00631,,1 Example Way,Nowhere,ZZ,00000,3252,SYNTHETIC INDUSTRY,45,60555,2,0,0,0,0,0,0,0,0,0,0,0,0,100631,1,2,2021,1/1/2022,
633,SYNTHETIC COMPANY 00632,SYNTHETIC SITE 00632,,1 Example Way,Nowhere,ZZ,00000,3252,SYNTHETIC INDUSTRY,47,84671,2,0,0,0,0,0,0,0,0,0,0,0,0,100632,1,2,2021,1/1/2022,
634,SYNTHETIC COMPANY 00633,SYNTHETIC SITE 00633,,1 Example Way,Nowhere,ZZ,00000,3251,SYNTHETIC INDUSTRY,204,243236,1,0,3,5,9,21,20,17,0,0,0,0,0,100633,1,2,2021,1/1/2022,
635,SYNTHETIC COMPANY 00634,SYNTHETIC SITE 00634,,1 Example Way,Nowhere,ZZ,00000,3252,SYNTHETIC INDUSTRY,30,70017,1,0,1,0,2,7,0,3,0,0,0,0,0,100634,1,2,2021,1/1/2022,
636,SYNTHETIC COMPANY 00635,SYNTHETIC SITE 00635,,1 Example Way,Nowhere,ZZ,00000,3251,SYNTHETIC INDUSTRY,245,563115,1,0,9,4,9,63,16,22,0,0,0,0,0,100635,1,2,2021,1/1/2022,
637,SYNTHETIC COMPANY 00636,SYNTHETIC SITE 00636,,1 Example Way,Nowhere,ZZ,00000,3115,SYNTHETIC INDUSTRY,127,249830,2,0,0,0,0,0,0,0,0,0,0,0,0,100636,1,2,2021,1/1/2022,
638,SYNTHETIC COMPANY 00637,SYNTHETIC SITE 00637,,1 Example Way,Nowhere,ZZ,00000,4841,SYNTHETIC INDUSTRY,37,55999,1,0,1,1,3,7,4,5,0,0,0,0,0,100637,1,2,2021,1/1/2022,
639,SYNTHETIC COMPANY 00638,SYNTHETIC SITE 00638,,1 Example Way,Nowhere,ZZ,00000,3328,SYNTHETIC INDUSTRY,70,129825,1,0,0,0,1,0,0,1,0,0,0,0,0,100638,1,2,2021,1/1/2022,
640,SYNTHETIC COMPANY 00639,SYNTHETIC SITE 00639,,1 Example Way,Nowhere,ZZ,00000,2361,SYNTHETIC INDUSTRY,92,125419,2,0,0,0,0,0,0,0,0,0,0,0,0,100639,1,2,2021,1/1/2022,
641,SYNTHETIC COMPANY 00640,SYNTHETIC SITE 00640,,1 Example Way,Nowhere,ZZ,00000,4841,SYNTHETIC INDUSTRY,17,34543,2,0,0,0,0,0,0,0,0,0,0,0,0,100640,1,2,2021,1/1/2022,
642,SYNTHETIC COMPANY 00641,SYNTHETIC SITE 00641,,1 Example Way,Nowhere,ZZ,00000,4451,SYNTHETIC INDUSTRY,12,24051,2,0,0,0,0,0,0,0,0,0,0,0,0,100641,1,2,2021,1/1/2022,
643,SYNTHETIC COMPANY 00642,SYNTHETIC SITE 00642,,1 Example Way,Nowhere,ZZ,00000,3328,SYNTHETIC INDUSTRY,145,300609,1,0,2,2,2,14,8,6,0,0,0,0,0,100642,1,2,2021,1/1/2022,
644,SYNTHETIC COMPANY 00643,SYNTHETIC SITE 00643,,1 Example Way,Nowhere,ZZ,00000,4841,SYNTHETIC INDUSTRY,22,28978,1,0,2,0,4,14,0,6,0,0,0,0,0,100643,1,2,2021,1/1/2022,
645,SYNTHETIC COMPANY 00644,SYNTHETIC SITE 00644,,1 Example Way,Nowhere,ZZ,00000,4451,SYNTHETIC INDUSTRY,8,12416,1,0,1,1,2,7,4,4,0,0,0,0,0,100644,1,2,2021,1/1/2022,
646,SYNTHETIC COMPANY 00645,SYNTHETIC SITE 00645,,1 Example Way,Nowhere,ZZ,00000,3251,SYNTHETIC INDUSTRY,32,58875,1,0,0,2,1,0,8,3,0,0,0,0,0,100645,1,2,2021,1/1/2022,
647,SYNTHETIC COMPANY 00646,SYNTHETIC SITE 00646,,1 Example Way,Nowhere,ZZ,00000,6221,SYNTHETIC INDUSTRY,16,27752,1,0,1,0,0,7,0,1,0,0,0,0,0,100646,1,2,2021,1/1/2022,
648,SYNTHETIC COMPANY 00647,SYNTHETIC SITE 00647,,1 Example Way,Nowhere,ZZ,00000,3251,SYNTHETIC INDUSTRY,123,211669,1,0,6,0,6,42,0,12,0,0,0,0,0,100647,1,2,2021,1/1/2022,
649,SYNTHETIC COMPANY 00648,SYNTHETIC SITE 00648,,1 Example Way,Nowhere,ZZ,00000,3115,SYNTHETIC INDUSTRY,8,15646,1,0,1,0,0,7,0,1,0,0,0,0,0,100648,1,2,2021,1/1/2022,
650,SYNTHETIC COMPANY 00649,SYNTHETIC SITE 00649,,1 Example Way,Nowhere,ZZ,00000,3115,SYNTHETIC INDUSTRY,92,165835,1,0,9,2,2,63,8,13,0,0,0,0,0,100649,1,2,2021,1/1/2022,
651,SYNTHETIC COMPANY 00650,SYNTHETIC SITE 00650,,1 Example Way,Nowhere,ZZ,00000,6221,SYNTHETIC INDUSTRY,143,229268,1,0,0,0,1,0,0,1,0,0,0,0,0,100650,1,2,2021,1/1/2022,
652,SYNTHETIC COMPANY 00651,SYNTHETIC SITE 00651,,1 Example Way,Nowhere,ZZ,00000,4841,SYNTHETIC INDUSTRY,9,20285,1,0,0,0,1,0,0,1,0,0,0,0,0,100651,1,2,2021,1/1/2022,
653,SYNTHETIC COMPANY 00652,SYNTHETIC SITE 00652,,1 Example Way,Nowhere,ZZ,00000,3328,SYNTHETIC INDUSTRY,31,43929,1,0,0,1,0,0,4,1,0,0,0,0,0,100652,1,2,2021,1/1/2022,
654,SYNTHETIC COMPANY 00653,SYNTHETIC SITE 00653,,1 Example Way,Nowhere,ZZ,00000,3251,SYNTHETIC INDUSTRY,252,352905,1,0,2,3,2,14,12,7,0,0,0,0,0,100653,1,2,2021,1/1/2022,
655,SYNTHETIC COMPANY 00654,SYNTHETIC SITE 00654,,1 Example Way,Nowhere,ZZ,00000,6221,SYNTHETIC INDUSTRY,18,41402,2,0,0,0,0,0,0,0,0,0,0,0,0,100654,1,2,2021,1/1/2022,
656,SYNTHETIC COMPANY 00655,SYNTHETIC SITE 00655,,1 Example Way,Nowhere,ZZ,00000,3328,SYNTHETIC INDUSTRY,412,769533,1,0,10,9,14,70,36,33,0,0,0,0,0,100655,1,2,2021,1/1/2022,
657,SYNTHETIC COMPANY 00656,SYNTHETIC SITE 00656,,1 Example Way,Nowhere,ZZ,00000,3251,SYNTHETIC INDUSTRY,209,444324,1,0,3,2,1,21,8,6,0,0,0,0,0,100656,1,2,2021,1/1/2022,
658,SYNTHETIC COMPANY 00657,SYNTHETIC SITE 00657,,1 Example Way,Nowhere,ZZ,00000,3252,SYNTHETIC INDUSTRY,9,17113,2,0,0,0,0,0,0,0,0,0,0,0,0,100657,1,2,2021,1/1/2022,
659,SYNTHETIC COMPANY 00658,SYNTHETIC SITE 00658,,1 Example Way,Nowhere,ZZ,00000,4451,SYNTHETIC INDUSTRY,48,86350,2,0,0,0,0,0,0,0,0,0,0,0,0,100658,1,2,2021,1/1/2022,
660,SYNTHETIC COMPANY 00659,SYNTHETIC SITE 00659,,1 Example Way,Nowhere,ZZ,00000,3328,SYNTHETIC INDUSTRY,240,348724,1,0,2,2,4,14,8,8,0,0,0,0,0,100659,1,2,2021,1/1/2022,
661,SYNTHETIC COMPANY 00660,SYNTHETIC SITE 00660,,1 Example Way,Nowhere,ZZ,00000,3252,SYNTHETIC INDUSTRY,48,101401,2,0,0,0,0,0,0,0,0,0,0,0,0,100660,1,2,2021,1/1/2022,
662,SYNTHETIC COMPANY 00661,SYNTHETIC SITE 00661,,1 Example Way,Nowhere,ZZ,00000,3328,SYNTHETIC INDUSTRY,23,48901,2,0,0,0,0,0,0,0,0,0,0,0,0,100661,1,2,2021,1/1/2022,
663,SYNTHETIC COMPANY 00662,SYNTHETIC SITE 00662,,1 Example Way,Nowhere,ZZ,00000,3251,SYNTHETIC INDUSTRY,2,3984,2,0,0,0,0,0,0,0,0,0,0,0,0,100662,1,2,2021,1/1/2022,
664,SYNTHETIC COMPANY 00663,SYNTHETIC SITE 00663,,1 Example Way,Nowhere,ZZ,00000,3328,SYNTHETIC INDUSTRY,63,101788,1,0,1,0,1,7,0,2,0,0,0,0,0,100663,1,2,2021,1/1/2022,
665,SYNTHETIC COMPANY 00664,SYNTHETIC SITE 00664,,1 Example Way,Nowhere,ZZ,00000,3252,SYNTHETIC INDUSTRY,217,483863,2,0,0,0,0,0,0,0,0,0,0,0,0,100664,1,2,2021,1/1/2022,
666,SYNTHETIC COMPANY 00665,SYNTHETIC SITE 00665,,1 Example Way,Nowhere,ZZ,00000,6221,SYNTHETIC INDUSTRY,26,53077,2,0,0,0,0,0,0,0,0,0,0,0,0,100665,1,2,2021,1/1/2022,
667,SYNTHETIC COMPANY 00666,SYNTHETIC SITE 00666,,1 Example Way,Nowhere,ZZ,00000,6221,SYNTHETIC INDUSTRY,87,155674,2,0,0,0,0,0,0,0,0,0,0,0,0,100666,1,2,2021,1/1/2022,
668,SYNTHETIC COMPANY 00667,SYNTHETIC SITE 00667,,1 Example Way,Nowhere,ZZ,00000,4841,SYNTHETIC INDUSTRY,78,155667,1,0,3,1,3,21,4,7,0,0,0,0,0,100667,1,2,2021,1/1/2022,
669,SYNTHETIC COMPANY 00668,SYNTHETIC SITE 00668,,1 Example Way,Nowhere,ZZ,00000,3115,SYNTHETIC INDUSTRY,97,175761,1,0,1,0,2,7,0,3,0,0,0,0,0,100668,1,2,2021,1/1/2022,
670,SYNTHETIC COMPANY 00669,SYNTHETIC SITE 00669,,1 Example Way,Nowhere,ZZ,00000,4451,SYNTHETIC INDUSTRY,11,20032,2,0,0,0,0,0,0,0,0,0,0,0,0,100669,1,2,2021,1/1/2022,
671,SYNTHETIC COMPANY 00670,SYNTHETIC SITE 00670,,1 Example Way,Nowhere,ZZ,00000,3252,SYNTHETIC INDUSTRY,510,831944,2,0,0,0,0,0,0,0,0,0,0,0,0,100670,1,2,2021,1/1/2022,
672,SYNTHETIC COMPANY 00671,SYNTHETIC SITE 00671,,1 Example Way,Nowhere,ZZ,00000,2361,SYNTHETIC INDUSTRY,28,59465,1,0,1,1,0,7,4,2,0,0,0,0,0,100671,1,2,2021,1/1/2022,
673,SYNTHETIC COMPANY 00672,SYNTHETIC SITE 00672,,1 Example Way,Nowhere,ZZ,00000,3252,SYNTHETIC INDUSTRY,41,63230,2,0,0,0,0,0,0,0,0,0,0,0,0,100672,1,2,2021,1/1/2022,
674,SYNTHETIC COMPANY 00673,SYNTHETIC SITE 00673,,1 Example Way,Nowhere,ZZ,00000,3115,SYNTHETIC INDUSTRY,9,15224,2,0,0,0,0,0,0,0,0,0,0,0,0,100673,1,2,2021,1/1/2022,
675,SYNTHETIC COMPANY 00674,SYNTHETIC SITE 00674,,1 Example Way,Nowhere,ZZ,00000,3115,SYNTHETIC INDUSTRY,50,87689,1,0,1,1,2,7,4,4,0,0,0,0,0,100674,1,2,2021,1/1/2022,
676,SYNTHETIC COMPANY 00675,SYNTHETIC SITE 00675,,1 Example Way,Nowhere,ZZ,00000,4841,SYNTHETIC INDUSTRY,80,141659,1,0,0,0,1,0,0,1,0,0,0,0,0,100675,1,2,2021,1/1/2022,
677,SYNTHETIC COMPANY 00676,SYNTHETIC SITE 00676,,1 Example Way,Nowhere,ZZ,00000,3252,SYNTHETIC INDUSTRY,523,978578,1,0,2,0,0,14,0,2,0,0,0,0,0,100676,1,2,2021,1/1/2022,
678,SYNTHETIC COMPANY 00677,SYNTHETIC SITE 00677,,1 Example Way,Nowhere,ZZ,00000,3115,SYNTHETIC INDUSTRY,32,59856,1,0,2,0,0,14,0,2,0,0,0,0,0,100677,1,2,2021,1/1/2022,
679,SYNTHETIC COMPANY 00678,SYNTHETIC SITE 00678,,1 Example Way,Nowhere,ZZ,00000,3115,SYNTHETIC INDUSTRY,7,14887,2,0,0,0,0,0,0,0,0,0,0,0,0,100678,1,2,2021,1/1/2022,
680,SYNTHETIC COMPANY 00679,SYNTHETIC SITE 00679,,1 Example Way,Nowhere,ZZ,00000,6221,SYNTHETIC INDUSTRY,59,107334,1,0,1,0,0,7,0,1,0,0,0,0,0,100679,1,2,2021,1/1/2022,
681,SYNTHETIC COMPANY 00680,SYNTHETIC SITE 00680,,1 Example Way,Nowhere,ZZ,00000,6221,SYNTHETIC INDUSTRY,40,72649,1,0,3,3,3,21,12,9,0,0,0,0,0,100680,1,2,2021,1/1/2022,
682,SYNTHETIC COMPANY 00681,SYNTHETIC SITE 00681,,1 Example Way,Nowhere,ZZ,00000,3115,SYNTHETIC INDUSTRY,59,97231,2,0,0,0,0,0,0,0,0,0,0,0,0,100681,1,2,2021,1/1/2022,
683,SYNTHETIC COMPANY 00682,SYNTHETIC SITE 00682,,1 Example Way,Nowhere,ZZ,00000,3328,SYNTHETIC INDUSTRY,31,53718,1,0,2,2,2,14,8,6,0,0,0,0,0,100682,1,2,2021,1/1/2022,
684,SYNTHETIC COMPANY 00683,SYNTHETIC SITE 00683,,1 Example Way,Nowhere,ZZ,00000,3328,SYNTHETIC INDUSTRY,31,54202,1,0,0,0,1,0,0,1,0,0,0,0,0,100683,1,2,2021,1/1/2022,
685,SYNTHETIC COMPANY 00684,SYNTHETIC SITE 00684,,1 Example Way,Nowhere,ZZ,00000,2361,SYNTHETIC INDUSTRY,19,31541,2,0,0,0,0,0,0,0,0,0,0,0,0,100684,1,2,2021,1/1/2022,
686,SYNTHETIC COMPANY 00685,SYNTHETIC SITE 00685,,1 Example Way,Nowhere,ZZ,00000,6221,SYNTHETIC INDUSTRY,37,63583,2,0,0,0,0,0,0,0,0,0,0,0,0,100685,1,2,2021,1/1/2022,
687,SYNTHETIC COMPANY 00686,SYNTHETIC SITE 00686,,1 Example Way,Nowhere,ZZ,00000,6221,SYNTHETIC INDUSTRY,201,415008,1,0,0,1,1,0,4,2,0,0,0,0,0,100686,1,2,2021,1/1/2022,
688,SYNTHETIC COMPANY 00687,SYNTHETIC SITE 00687,,1 Example Way,Nowhere,ZZ,00000,3115,SYNTHETIC INDUSTRY,30,62735,2,0,0,0,0,0,0,0,0,0,0,0,0,100687,1,2,2021,1/1/2022,
689,SYNTHETIC COMPANY 00688,SYNTHETIC SITE 00688,,1 Example Way,Nowhere,ZZ,00000,3115,SYNTHETIC INDUSTRY,133,216402,2,0,0,0,0,0,0,0,0,0,0,0,0,100688,1,2,2021,1/1/2022,
690,SYNTHETIC COMPANY 00689,SYNTHETIC SITE 00689,,1 Example Way,Nowhere,ZZ,00000,3328,SYNTHETIC INDUSTRY,34,84696,1,0,0,0,1,0,0,1,0,0,0,0,0,100689,1,2,2021,1/1/2022,
691,SYNTHETIC COMPANY 00690,SYNTHETIC SITE 00690,,1 Example Way,Nowhere,ZZ,00000,3328,SYNTHETIC INDUSTRY,59,124704,1,0,0,2,2,0,8,4,0,0,0,0,0,100690,1,2,2021,1/1/2022,
692,SYNTHETIC COMPANY 00691,SYNTHETIC SITE 00691,,1 Example Way,Nowhere,ZZ,00000,3251,SYNTHETIC INDUSTRY,16,28068,2,0,0,0,0,0,0,0,0,0,0,0,0,100691,1,2,2021,1/1/2022,
693,SYNTHETIC COMPANY 00692,SYNTHETIC SITE 00692,,1 Example Way,Nowhere,ZZ,00000,2361,SYNTHETIC INDUSTRY,118,157079,2,0,0,0,0,0,0,0,0,0,0,0,0,100692,1,2,2021,1/1/2022,
694,SYNTHETIC COMPANY 00693,SYNTHETIC SITE 00693,,1 Example Way,Nowhere,ZZ,00000,6221,SYNTHETIC INDUSTRY,36,66871,1,0,1,0,0,7,0,1,0,0,0,0,0,100693,1,2,2021,1/1/2022,
695,SYNTHETIC COMPANY 00694,SYNTHETIC SITE 00694,,1 Example Way,Nowhere,ZZ,00000,4451,SYNTHETIC INDUSTRY,72,134307000,1,0,0,2,0,0,8,2,0,0,0,0,0,100694,1,2,2021,1/1/2022,
696,SYNTHETIC COMPANY 00695,SYNTHETIC SITE 00695,,1 Example Way,Nowhere,ZZ,00000,3115,SYNTHETIC INDUSTRY,18,34200,2,0,0,0,0,0,0,0,0,0,0,0,0,100695,1,2,2021,1/1/2022,
697,SYNTHETIC COMPANY 00696,SYNTHETIC SITE 00696,,1 Example Way,Nowhere,ZZ,00000,4841,SYNTHETIC INDUSTRY,11,20115,2,0,0,0,0,0,0,0,0,0,0,0,0,100696,1,2,2021,1/1/2022,
698,SYNTHETIC COMPANY 00697,SYNTHETIC SITE 00697,,1 Example Way,Nowhere,ZZ,00000,2361,SYNTHETIC INDUSTRY,62,121244,2,0,0,0,0,0,0,0,0,0,0,0,0,100697,1,2,2021,1/1/2022,
699,SYNTHETIC COMPANY 00698,SYNTHETIC SITE 00698,,1 Example Way,Nowhere,ZZ,00000,2361,SYNTHETIC INDUSTRY,148,351298000,1,0,0,1,0,0,4,1,0,0,0,0,0,100698,1,2,2021,1/1/2022,
700,SYNTHETIC COMPANY 00699,SYNTHETIC SITE 00699,,1 Example Way,Nowhere,ZZ,00000,2361,SYNTHETIC INDUSTRY,20,47005,2,0,0,0,0,0,0,0,0,0,0,0,0,100699,1,2,2021,1/1/2022,
701,SYNTHETIC COMPANY 00700,SYNTHETIC SITE 00700,,1 Example Way,Nowhere,ZZ,00000,3115,SYNTHETIC INDUSTRY,50,92404,2,0,0,0,0,0,0,0,0,0,0,0,0,100700,1,2,2021,1/1/2022,
702,SYNTHETIC COMPANY 00701,SYNTHETIC SITE 00701,,1 Example Way,Nowhere,ZZ,00000,4841,SYNTHETIC INDUSTRY,173,304662,1,0,6,4,3,42,16,13,0,0,0,0,0,100701,1,2,2021,1/1/2022,
703,SYNTHETIC COMPANY 00702,SYNTHETIC SITE 00702,,1 Example Way,Nowhere,ZZ,00000,2361,SYNTHETIC INDUSTRY,24,39757,2,0,0,0,0,0,0,0,0,0,0,0,0,100702,1,2,2021,1/1/2022,
704,SYNTHETIC COMPANY 00703,SYNTHETIC SITE 00703,,1 Example Way,Nowhere,ZZ,00000,3251,SYNTHETIC INDUSTRY,48,103560,1,0,0,0,1,0,0,1,0,0,0,0,0,100703,1,2,2021,1/1/2022,
705,SYNTHETIC COMPANY 00704,SYNTHETIC SITE 00704,,1 Example Way,Nowhere,ZZ,00000,3251,SYNTHETIC INDUSTRY,109,195405,2,0,0,0,0,0,0,0,0,0,0,0,0,100704,1,2,2021,1/1/2022,
706,SYNTHETIC COMPANY 00705,SYNTHETIC SITE 00705,,1 Example Way,Nowhere,ZZ,00000,2361,SYNTHETIC INDUSTRY,90,171878,1,0,0,0,1,0,0,1,0,0,0,0,0,100705,1,2,2021,1/1/2022,
707,SYNTHETIC COMPANY 00706,SYNTHETIC SITE 00706,,1 Example Way,Nowhere,ZZ,00000,6221,SYNTHETIC INDUSTRY,61,103737,1,0,0,1,0,0,4,1,0,0,0,0,0,100706,1,2,2021,1/1/2022,
708,SYNTHETIC COMPANY 00707,SYNTHETIC SITE 00707,,1 Example Way,Nowhere,ZZ,00000,3328,SYNTHETIC INDUSTRY,63,110049,1,0,0,0,1,0,0,1,0,0,0,0,0,100707,1,2,2021,1/1/2022,
709,SYNTHETIC COMPANY 00708,SYNTHETIC SITE 00708,,1 Example Way,Nowhere,ZZ,00000,3251,SYNTHETIC INDUSTRY,36,63473,1,0,1,1,0,7,4,2,0,0,0,0,0,100708,1,2,2021,1/1/2022,
710,SYNTHETIC COMPANY 00709,SYNTHETIC SITE 00709,,1 Example Way,Nowhere,ZZ,00000,3252,SYNTHETIC INDUSTRY,49,88849,2,0,0,0,0,0,0,0,0,0,0,0,0,100709,1,2,2021,1/1/2022,
711,SYNTHETIC COMPANY 00710,SYNTHETIC SITE 00710,,1 Example Way,Nowhere,ZZ,00000,3328,SYNTHETIC INDUSTRY,205,363369,2,0,0,0,0,0,0,0,0,0,0,0,0,100710,1,2,2021,1/1/2022,
712,SYNTHETIC COMPANY 00711,SYNTHETIC SITE 00711,,1 Example Way,Nowhere,ZZ,00000,6221,SYNTHETIC INDUSTRY,19,30464,2,0,0,0,0,0,0,0,0,0,0,0,0,100711,1,2,2021,1/1/2022,
713,SYNTHETIC COMPANY 00712,SYNTHETIC SITE 00712,,1 Example Way,Nowhere,ZZ,00000,4451,SYNTHETIC INDUSTRY,37,69917,1,0,0,0,1,0,0,1,0,0,0,0,0,100712,1,2,2021,1/1/2022,
714,SYNTHETIC COMPANY 00713,SYNTHETIC SITE 00713,,1 Example Way,Nowhere,ZZ,00000,3115,SYNTHETIC INDUSTRY,90,140844,1,0,0,0,1,0,0,1,0,0,0,0,0,100713,1,2,2021,1/1/2022,
715,SYNTHETIC COMPANY 00714,SYNTHETIC SITE 00714,,1 Example Way,Nowhere,ZZ,00000,2361,SYNTHETIC INDUSTRY,58,125764,1,0,1,0,1,7,0,2,0,0,0,0,0,100714,1,2,2021,1/1/2022,
716,SYNTHETIC COMPANY 00715,SYNTHETIC SITE 00715,,1 Example Way,Nowhere,ZZ,00000,3251,SYNTHETIC INDUSTRY,43,76810,2,0,0,0,0,0,0,0,0,0,0,0,0,100715,1,2,2021,1/1/2022,
717,SYNTHETIC COMPANY 00716,SYNTHETIC SITE 00716,,1 Example Way,Nowhere,ZZ,00000,4841,SYNTHETIC INDUSTRY,276,447828,2,0,0,0,0,0,0,0,0,0,0,0,0,100716,1,2,2021,1/1/2022,
718,SYNTHETIC COMPANY 00717,SYNTHETIC SITE 00717,,1 Example Way,Nowhere,ZZ,00000,3115,SYNTHETIC INDUSTRY,9,15308,1,0,1,0,0,7,0,1,0,0,0,0,0,100717,1,2,2021,1/1/2022,
719,SYNTHETIC COMPANY 00718,SYNTHETIC SITE 00718,,1 Example Way,Nowhere,ZZ,00000,4451,SYNTHETIC INDUSTRY,7,14957,2,0,0,0,0,0,0,0,0,0,0,0,0,100718,1,2,2021,1/1/2022,
720,SYNTHETIC COMPANY 00719,SYNTHETIC SITE 00719,,1 Example Way,Nowhere,ZZ,00000,4841,SYNTHETIC INDUSTRY,142,306232,1,0,5,0,2,35,0,7,0,0,0,0,0,100719,1,2,2021,1/1/2022,
721,SYNTHETIC COMPANY 00720,SYNTHETIC SITE 00720,,1 Example Way,Nowhere,ZZ,00000,3251,SYNTHETIC INDUSTRY,21,29106,2,0,0,0,0,0,0,0,0,0,0,0,0,100720,1,2,2021,1/1/2022,
722,SYNTHETIC COMPANY 00721,SYNTHETIC SITE 00721,,1 Example Way,Nowhere,ZZ,00000,3115,SYNTHETIC INDUSTRY,531,885823,1,0,1,0,1,7,0,2,0,0,0,0,0,100721,1,2,2021,1/1/2022,
723,SYNTHETIC COMPANY 00722,SYNTHETIC SITE 00722,,1 Example Way,Nowhere,ZZ,00000,3328,SYNTHETIC INDUSTRY,19,25394,2,0,0,0,0,0,0,0,0,0,0,0,0,100722,1,2,2021,1/1/2022,
724,SYNTHETIC COMPANY 00723,SYNTHETIC SITE 00723,,1 Example Way,Nowhere,ZZ,00000,3252,SYNTHETIC INDUSTRY,88,175859,2,0,0,0,0,0,0,0,0,0,0,0,0,100723,1,2,2021,1/1/2022,
725,SYNTHETIC COMPANY 00724,SYNTHETIC SITE 00724,,1 Example Way,Nowhere,ZZ,00000,6221,SYNTHETIC INDUSTRY,45,79017,1,0,0,1,0,0,4,1,0,0,0,0,0,100724,1,2,2021,1/1/2022,
726,SYNTHETIC COMPANY 00725,SYNTHETIC SITE 00725,,1 Example Way,Nowhere,ZZ,00000,3251,SYNTHETIC INDUSTRY,10,18104,2,0,0,0,0,0,0,0,0,0,0,0,0,100725,1,2,2021,1/1/2022,
727,SYNTHETIC COMPANY 00726,SYNTHETIC SITE 00726,,1 Example Way,Nowhere,ZZ,00000,6221,SYNTHETIC INDUSTRY,304,605585,1,0,1,2,4,7,8,7,0,0,0,0,0,100726,1,2,2021,1/1/2022,
728,SYNTHETIC COMPANY 00727,SYNTHETIC SITE 00727,,1 Example Way,Nowhere,ZZ,00000,4841,SYNTHETIC INDUSTRY,49,103904,2,0,0,0,0,0,0,0,0,0,0,0,0,100727,1,2,2021,1/1/2022,
729,SYNTHETIC COMPANY 00728,SYNTHETIC SITE 00728,,1 Example Way,Nowhere,ZZ,00000,4451,SYNTHETIC INDUSTRY,139,199253,1,0,0,2,0,0,8,2,0,0,0,0,0,100728,1,2,2021,1/1/2022,
730,SYNTHETIC COMPANY 00729,SYNTHETIC SITE 00729,,1 Example Way,Nowhere,ZZ,00000,4841,SYNTHETIC INDUSTRY,29,49037,2,0,0,0,0,0,0,0,0,0,0,0,0,100729,1,2,2021,1/1/2022,
731,SYNTHETIC COMPANY 00730,SYNTHETIC SITE 00730,,1 Example Way,Nowhere,ZZ,00000,3252,SYNTHETIC INDUSTRY,18,30405,1,0,0,0,1,0,0,1,0,0,0,0,0,100730,1,2,2021,1/1/2022,
732,SYNTHETIC COMPANY 00731,SYNTHETIC SITE 00731,,1 Example Way,Nowhere,ZZ,00000,3252,SYNTHETIC INDUSTRY,181,289190,1,0,4,3,7,28,12,14,0,0,0,0,0,100731,1,2,2021,1/1/2022,
733,SYNTHETIC COMPANY 00732,SYNTHETIC SITE 00732,,1 Example Way,Nowhere,ZZ,00000,2361,SYNTHETIC INDUSTRY,53,109593,1,0,0,1,2,0,4,3,0,0,0,0,0,100732,1,2,2021,1/1/2022,
734,SYNTHETIC COMPANY 00733,SYNTHETIC SITE 00733,,1 Example Way,Nowhere,ZZ,00000,2361,SYNTHETIC INDUSTRY,30,50523,2,0,0,0,0,0,0,0,0,0,0,0,0,100733,1,2,2021,1/1/2022,
735,SYNTHETIC COMPANY 00734,SYNTHETIC SITE 00734,,1 Example Way,Nowhere,ZZ,00000,3252,SYNTHETIC INDUSTRY,55,97822,2,0,0,0,0,0,0,0,0,0,0,0,0,100734,1,2,2021,1/1/2022,
736,SYNTHETIC COMPANY 00735,SYNTHETIC SITE 00735,,1 Example Way,Nowhere,ZZ,00000,2361,SYNTHETIC INDUSTRY,10,21647,2,0,0,0,0,0,0,0,0,0,0,0,0,100735,1,2,2021,1/1/2022,
737,SYNTHETIC COMPANY 00736,SYNTHETIC SITE 00736,,1 Example Way,Nowhere,ZZ,00000,3115,SYNTHETIC INDUSTRY,264,462565,1,0,3,0,2,21,0,5,0,0,0,0,0,100736,1,2,2021,1/1/2022,
738,SYNTHETIC COMPANY 00737,SYNTHETIC SITE 00737,,1 Example Way,Nowhere,ZZ,00000,2361,SYNTHETIC INDUSTRY,40,82926,2,0,0,0,0,0,0,0,0,0,0,0,0,100737,1,2,2021,1/1/2022,
739,SYNTHETIC COMPANY 00738,SYNTHETIC SITE 00738,,1 Example Way,Nowhere,ZZ,00000,2361,SYNTHETIC INDUSTRY,37,77863,2,0,0,0,0,0,0,0,0,0,0,0,0,100738,1,2,2021,1/1/2022,
740,SYNTHETIC COMPANY 00739,SYNTHETIC SITE 00739,,1 Example Way,Nowhere,ZZ,00000,4841,SYNTHETIC INDUSTRY,12,25870,1,0,1,0,0,7,0,1,0,0,0,0,0,100739,1,2,2021,1/1/2022,
741,SYNTHETIC COMPANY 00740,SYNTHETIC SITE 00740,,1 Example Way,Nowhere,ZZ,00000,3251,SYNTHETIC INDUSTRY,83,149501,1,0,0,3,1,0,12,4,0,0,0,0,0,100740,1,2,2021,1/1/2022,
742,SYNTHETIC COMPANY 00741,SYNTHETIC SITE 00741,,1 Example Way,Nowhere,ZZ,00000,3251,SYNTHETIC INDUSTRY,19,42607,2,0,0,0,0,0,0,0,0,0,0,0,0,100741,1,2,2021,1/1/2022,
743,SYNTHETIC COMPANY 00742,SYNTHETIC SITE 00742,,1 Example Way,Nowhere,ZZ,00000,4841,SYNTHETIC INDUSTRY,28,44262,1,0,1,0,0,7,0,1,0,0,0,0,0,100742,1,2,2021,1/1/2022,
744,SYNTHETIC COMPANY 00743,SYNTHETIC SITE 00743,,1 Example Way,Nowhere,ZZ,00000,3115,SYNTHETIC INDUSTRY,89,169296,1,0,4,2,0,28,8,6,0,0,0,0,0,100743,1,2,2021,1/1/2022,
745,SYNTHETIC COMPANY 00744,SYNTHETIC SITE 00744,,1 Example Way,Nowhere,ZZ,00000,3251,SYNTHETIC INDUSTRY,326,351413,1,0,5,1,6,35,4,12,0,0,0,0,0,100744,1,2,2021,1/1/2022,
746,SYNTHETIC COMPANY 00745,SYNTHETIC SITE 00745,,1 Example Way,Nowhere,ZZ,00000,6221,SYNTHETIC INDUSTRY,96,181283,2,0,0,0,0,0,0,0,0,0,0,0,0,100745,1,2,2021,1/1/2022,
747,SYNTHETIC COMPANY 00746,SYNTHETIC SITE 00746,,1 Example Way,Nowhere,ZZ,00000,4451,SYNTHETIC INDUSTRY,7,11599,2,0,0,0,0,0,0,0,0,0,0,0,0,100746,1,2,2021,1/1/2022,
748,SYNTHETIC COMPANY 00747,SYNTHETIC SITE 00747,,1 Example Way,Nowhere,ZZ,00000,4841,SYNTHETIC INDUSTRY,40,78912,2,0,0,0,0,0,0,0,0,0,0,0,0,100747,1,2,2021,1/1/2022,
749,SYNTHETIC COMPANY 00748,SYNTHETIC SITE 00748,,1 Example Way,Nowhere,ZZ,00000,6221,SYNTHETIC INDUSTRY,19,37437,2,0,0,0,0,0,0,0,0,0,0,0,0,100748,1,2,2021,1/1/2022,
750,SYNTHETIC COMPANY 00749,SYNTHETIC SITE 00749,,1 Example Way,Nowhere,ZZ,00000,2361,SYNTHETIC INDUSTRY,217,428311,1,0,2,0,1,14,0,3,0,0,0,0,0,100749,1,2,2021,1/1/2022,
751,SYNTHETIC COMPANY 00750,SYNTHETIC SITE 00750,,1 Example Way,Nowhere,ZZ,00000,4841,SYNTHETIC INDUSTRY,31,60936,1,0,1,1,0,7,4,2,0,0,0,0,0,100750,1,2,2021,1/1/2022,
752,SYNTHETIC COMPANY 00751,SYNTHETIC SITE 00751,,1 Example Way,Nowhere,ZZ,00000,2361,SYNTHETIC INDUSTRY,59,96999,2,0,0,0,0,0,0,0,0,0,0,0,0,100751,1,2,2021,1/1/2022,
753,SYNTHETIC COMPANY 00752,SYNTHETIC SITE 00752,,1 Example Way,Nowhere,ZZ,00000,3115,SYNTHETIC INDUSTRY,52,102849,2,0,0,0,0,0,0,0,0,0,0,0,0,100752,1,2,2021,1/1/2022,
754,SYNTHETIC COMPANY 00753,SYNTHETIC SITE 00753,,1 Example Way,Nowhere,ZZ,00000,3252,SYNTHETIC INDUSTRY,148,254329,1,0,1,0,6,7,0,7,0,0,0,0,0,100753,1,2,2021,1/1/2022,
755,SYNTHETIC COMPANY 00754,SYNTHETIC SITE 00754,,1 Example Way,Nowhere,ZZ,00000,3328,SYNTHETIC INDUSTRY,116,201557,2,0,0,0,0,0,0,0,0,0,0,0,0,100754,1,2,2021,1/1/2022,
756,SYNTHETIC COMPANY 00755,SYNTHETIC SITE 00755,,1 Example Way,Nowhere,ZZ,00000,3115,SYNTHETIC INDUSTRY,28,59269,1,0,0,0,1,0,0,1,0,0,0,0,0,100755,1,2,2021,1/1/2022,
757,SYNTHETIC COMPANY 00756,SYNTHETIC SITE 00756,,1 Example Way,Nowhere,ZZ,00000,4451,SYNTHETIC INDUSTRY,450,671847,1,0,14,3,13,98,12,30,0,0,0,0,0,100756,1,2,2021,1/1/2022,
758,SYNTHETIC COMPANY 00757,SYNTHETIC SITE 00757,,1 Example Way,Nowhere,ZZ,00000,3328,SYNTHETIC INDUSTRY,23,49564,2,0,0,0,0,0,0,0,0,0,0,0,0,100757,1,2,2021,1/1/2022,
759,SYNTHETIC COMPANY 00758,SYNTHETIC SITE 00758,,1 Example Way,Nowhere,ZZ,00000,3115,SYNTHETIC INDUSTRY,40,84322,1,0,1,0,0,7,0,1,0,0,0,0,0,100758,1,2,2021,1/1/2022,
760,SYNTHETIC COMPANY 00759,SYNTHETIC SITE 00759,,1 Example Way,Nowhere,ZZ,00000,4841,SYNTHETIC INDUSTRY,33,54217,1,0,0,1,0,0,4,1,0,0,0,0,0,100759,1,2,2021,1/1/2022,
761,SYNTHETIC COMPANY 00760,SYNTHETIC SITE 00760,,1 Example Way,Nowhere,ZZ,00000,3115,SYNTHETIC INDUSTRY,32,62107,2,0,0,0,0,0,0,0,0,0,0,0,0,100760,1,2,2021,1/1/2022,
762,SYNTHETIC COMPANY 00761,SYNTHETIC SITE 00761,,1 Example Way,Nowhere,ZZ,00000,4451,SYNTHETIC INDUSTRY,11,26811,1,0,0,1,0,0,4,1,0,0,0,0,0,100761,1,2,2021,1/1/2022,
763,SYNTHETIC COMPANY 00762,SYNTHETIC SITE 00762,,1 Example Way,Nowhere,ZZ,00000,3115,SYNTHETIC INDUSTRY,91,217179,2,0,0,0,0,0,0,0,0,0,0,0,0,100762,1,2,2021,1/1/2022,
764,SYNTHETIC COMPANY 00763,SYNTHETIC SITE 00763,,1 Example Way,Nowhere,ZZ,00000,3328,SYNTHETIC INDUSTRY,44,83677,1,0,0,1,0,0,4,1,0,0,0,0,0,100763,1,2,2021,1/1/2022,
765,SYNTHETIC COMPANY 00764,SYNTHETIC SITE 00764,,1 Example Way,Nowhere,ZZ,00000,4451,SYNTHETIC INDUSTRY,78,98137,2,0,0,0,0,0,0,0,0,0,0,0,0,100764,1,2,2021,1/1/2022,
766,SYNTHETIC COMPANY 00765,SYNTHETIC SITE 00765,,1 Example Way,Nowhere,ZZ,00000,3252,SYNTHETIC INDUSTRY,44,89596,1,0,0,0,1,0,0,1,0,0,0,0,0,100765,1,2,2021,1/1/2022,
767,SYNTHETIC COMPANY 00766,SYNTHETIC SITE 00766,,1 Example Way,Nowhere,ZZ,00000,3252,SYNTHETIC INDUSTRY,51,73800,1,0,1,0,2,7,0,3,0,0,0,0,0,100766,1,2,2021,1/1/2022,
768,SYNTHETIC COMPANY 00767,SYNTHETIC SITE 00767,,1 Example Way,Nowhere,ZZ,00000,3251,SYNTHETIC INDUSTRY,1001,2224554,1,0,28,25,48,196,100,101,0,0,0,0,0,100767,1,2,2021,1/1/2022,
769,SYNTHETIC COMPANY 00768,SYNTHETIC SITE 00768,,1 Example Way,Nowhere,ZZ,00000,3252,SYNTHETIC INDUSTRY,20,31741,2,0,0,0,0,0,0,0,0,0,0,0,0,100768,1,2,2021,1/1/2022,
770,SYNTHETIC COMPANY 00769,SYNTHETIC SITE 00769,,1 Example Way,Nowhere,ZZ,00000,6221,SYNTHETIC INDUSTRY,28,61385,1,0,1,1,1,7,4,3,0,0,0,0,0,100769,1,2,2021,1/1/2022,
771,SYNTHETIC COMPANY 00770,SYNTHETIC SITE 00770,,1 Example Way,Nowhere,ZZ,00000,2361,SYNTHETIC INDUSTRY,5,10025,1,0,1,0,0,7,0,1,0,0,0,0,0,100770,1,2,2021,1/1/2022,
772,SYNTHETIC COMPANY 00771,SYNTHETIC SITE 00771,,1 Example Way,Nowhere,ZZ,00000,4451,SYNTHETIC INDUSTRY,23,41941000,2,0,0,0,0,0,0,0,0,0,0,0,0,100771,1,2,2021,1/1/2022,
773,SYNTHETIC COMPANY 00772,SYNTHETIC SITE 00772,,1 Example Way,Nowhere,ZZ,00000,3251,SYNTHETIC INDUSTRY,1061,1661304,1,0,1,3,2,7,12,6,0,0,0,0,0,100772,1,2,2021,1/1/2022,
774,SYNTHETIC COMPANY 00773,SYNTHETIC SITE 00773,,1 Example Way,Nowhere,ZZ,00000,3252,SYNTHETIC INDUSTRY,262,403759,1,0,27,15,23,189,60,65,0,0,0,0,0,100773,1,2,2021,1/1/2022,
775,SYNTHETIC COMPANY 00774,SYNTHETIC SITE 00774,,1 Example Way,Nowhere,ZZ,00000,3328,SYNTHETIC INDUSTRY,102,188292,1,0,0,0,2,0,0,2,0,0,0,0,0,100774,1,2,2021,1/1/2022,
776,SYNTHETIC COMPANY 00775,SYNTHETIC SITE 00775,,1 Example Way,Nowhere,ZZ,00000,3115,SYNTHETIC INDUSTRY,28,42250,1,0,2,0,1,14,0,3,0,0,0,0,0,100775,1,2,2021,1/1/2022,
777,SYNTHETIC COMPANY 00776,SYNTHETIC SITE 00776,,1 Example Way,Nowhere,ZZ,00000,6221,SYNTHETIC INDUSTRY,89,194746,1,0,0,1,0,0,4,1,0,0,0,0,0,100776,1,2,2021,1/1/2022,
778,SYNTHETIC COMPANY 00777,SYNTHETIC SITE 00777,,1 Example Way,Nowhere,ZZ,00000,6221,SYNTHETIC INDUSTRY,373,649692,1,0,0,0,1,0,0,1,0,0,0,0,0,100777,1,2,2021,1/1/2022,
779,SYNTHETIC COMPANY 00778,SYNTHETIC SITE 00778,,1 Example Way,Nowhere,ZZ,00000,3251,SYNTHETIC INDUSTRY,16,30924,2,0,0,0,0,0,0,0,0,0,0,0,0,100778,1,2,2021,1/1/2022,
780,SYNTHETIC COMPANY 00779,SYNTHETIC SITE 00779,,1 Example Way,Nowhere,ZZ,00000,2361,SYNTHETIC INDUSTRY,108,169897,2,0,0,0,0,0,0,0,0,0,0,0,0,100779,1,2,2021,1/1/2022,
781,SYNTHETIC COMPANY 00780,SYNTHETIC SITE 00780,,1 Example Way,Nowhere,ZZ,00000,3251,SYNTHETIC INDUSTRY,148,258963,1,0,2,1,1,14,4,4,0,0,0,0,0,100780,1,2,2021,1/1/2022,
782,SYNTHETIC COMPANY 00781,SYNTHETIC SITE 00781,,1 Example Way,Nowhere,ZZ,00000,4451,SYNTHETIC INDUSTRY,278,487775,2,0,0,0,0,0,0,0,0,0,0,0,0,100781,1,2,2021,1/1/2022,
783,SYNTHETIC COMPANY 00782,SYNTHETIC SITE 00782,,1 Example Way,Nowhere,ZZ,00000,3251,SYNTHETIC INDUSTRY,21,44042,2,0,0,0,0,0,0,0,0,0,0,0,0,100782,1,2,2021,1/1/2022,
784,SYNTHETIC COMPANY 00783,SYNTHETIC SITE 00783,,1 Example Way,Nowhere,ZZ,00000,6221,SYNTHETIC INDUSTRY,85,1513330,1,0,0,1,1,0,4,2,0,0,0,0,0,100783,1,2,2021,1/1/2022,
785,SYNTHETIC COMPANY 00784,SYNTHETIC SITE 00784,,1 Example Way,Nowhere,ZZ,00000,3251,SYNTHETIC INDUSTRY,355,745052,1,0,1,0,2,7,0,3,0,0,0,0,0,100784,1,2,2021,1/1/2022,
786,SYNTHETIC COMPANY 00785,SYNTHETIC SITE 00785,,1 Example Way,Nowhere,ZZ,00000,4841,SYNTHETIC INDUSTRY,13,20774,1,0,0,1,0,0,4,1,0,0,0,0,0,100785,1,2,2021,1/1/2022,
787,SYNTHETIC COMPANY 00786,SYNTHETIC SITE 00786,,1 Example Way,Nowhere,ZZ,00000,3252,SYNTHETIC INDUSTRY,50,94617,1,0,3,0,1,21,0,4,0,0,0,0,0,100786,1,2,2021,1/1/2022,
788,SYNTHETIC COMPANY 00787,SYNTHETIC SITE 00787,,1 Example Way,Nowhere,ZZ,00000,3251,SYNTHETIC INDUSTRY,14,21514,2,0,0,0,0,0,0,0,0,0,0,0,0,100787,1,2,2021,1/1/2022,
789,SYNTHETIC COMPANY 00788,SYNTHETIC SITE 00788,,1 Example Way,Nowhere,ZZ,00000,3251,SYNTHETIC INDUSTRY,35,73419,1,0,0,0,2,0,0,2,0,0,0,0,0,100788,1,2,2021,1/1/2022,
790,SYNTHETIC COMPANY 00789,SYNTHETIC SITE 00789,,1 Example Way,Nowhere,ZZ,00000,3328,SYNTHETIC INDUSTRY,88,124380,2,0,0,0,0,0,0,0,0,0,0,0,0,100789,1,2,2021,1/1/2022,
791,SYNTHETIC COMPANY 00790,SYNTHETIC SITE 00790,,1 Example Way,Nowhere,ZZ,00000,2361,SYNTHETIC INDUSTRY,49,1083390,2,0,0,0,0,0,0,0,0,0,0,0,0,100790,1,2,2021,1/1/2022,
792,SYNTHETIC COMPANY 00791,SYNTHETIC SITE 00791,,1 Example Way,Nowhere,ZZ,00000,4451,SYNTHETIC INDUSTRY,23,40495,1,0,0,1,1,0,4,2,0,0,0,0,0,100791,1,2,2021,1/1/2022,
793,SYNTHETIC COMPANY 00792,SYNTHETIC SITE 00792,,1 Example Way,Nowhere,ZZ,00000,4451,SYNTHETIC INDUSTRY,70,123801,1,0,1,0,0,7,0,1,0,0,0,0,0,100792,1,2,2021,1/1/2022,
794,SYNTHETIC COMPANY 00793,SYNTHETIC SITE 00793,,1 Example Way,Nowhere,ZZ,00000,3252,SYNTHETIC INDUSTRY,267,453178,2,0,0,0,0,0,0,0,0,0,0,0,0,100793,1,2,2021,1/1/2022,
795,SYNTHETIC COMPANY 00794,SYNTHETIC SITE 00794,,1 Example Way,Nowhere,ZZ,00000,4451,SYNTHETIC INDUSTRY,35,64226,2,0,0,0,0,0,0,0,0,0,0,0,0,100794,1,2,2021,1/1/2022,
796,SYNTHETIC COMPANY 00795,SYNTHETIC SITE 00795,,1 Example Way,Nowhere,ZZ,00000,4451,SYNTHETIC INDUSTRY,16,26753,2,0,0,0,0,0,0,0,0,0,0,0,0,100795,1,2,2021,1/1/2022,
797,SYNTHETIC COMPANY 00796,SYNTHETIC SITE 00796,,1 Example Way,Nowhere,ZZ,00000,2361,SYNTHETIC INDUSTRY,61,103580,1,0,1,0,2,7,0,3,0,0,0,0,0,100796,1,2,2021,1/1/2022,
798,SYNTHETIC COMPANY 00797,SYNTHETIC SITE 00797,,1 Example Way,Nowhere,ZZ,00000,6221,SYNTHETIC INDUSTRY,7,17206,2,0,0,0,0,0,0,0,0,0,0,0,0,100797,1,2,2021,1/1/2022,
799,SYNTHETIC COMPANY 00798,SYNTHETIC SITE 00798,,1 Example Way,Nowhere,ZZ,00000,3251,SYNTHETIC INDUSTRY,29,44412,2,0,0,0,0,0,0,0,0,0,0,0,0,100798,1,2,2021,1/1/2022,
800,SYNTHETIC COMPANY 00799,SYNTHETIC SITE 00799,,1 Example Way,Nowhere,ZZ,00000,3251,SYNTHETIC INDUSTRY,92,172075,1,0,2,1,1,14,4,4,0,0,0,0,0,100799,1,2,2021,1/1/2022,
801,SYNTHETIC COMPANY 00800,SYNTHETIC SITE 00800,,1 Example Way,Nowhere,ZZ,00000,4451,SYNTHETIC INDUSTRY,13,20723,2,0,0,0,0,0,0,0,0,0,0,0,0,100800,1,2,2021,1/1/2022,
802,SYNTHETIC COMPANY 00801,SYNTHETIC SITE 00801,,1 Example Way,Nowhere,ZZ,00000,3252,SYNTHETIC INDUSTRY,31,54645,2,0,0,0,0,0,0,0,0,0,0,0,0,100801,1,2,2021,1/1/2022,
803,SYNTHETIC COMPANY 00802,SYNTHETIC SITE 00802,,1 Example Way,Nowhere,ZZ,00000,4451,SYNTHETIC INDUSTRY,191,345333,1,0,0,0,2,0,0,2,0,0,0,0,0,100802,1,2,2021,1/1/2022,
804,SYNTHETIC COMPANY 00803,SYNTHETIC SITE 00803,,1 Example Way,Nowhere,ZZ,00000,4451,SYNTHETIC INDUSTRY,34,61772,2,0,0,0,0,0,0,0,0,0,0,0,0,100803,1,2,2021,1/1/2022,
805,SYNTHETIC COMPANY 00804,SYNTHETIC SITE 00804,,1 Example Way,Nowhere,ZZ,00000,6221,SYNTHETIC INDUSTRY,304,42699200000,1,0,1,0,0,7,0,1,0,0,0,0,0,100804,1,2,2021,1/1/2022,
806,SYNTHETIC COMPANY 00805,SYNTHETIC SITE 00805,,1 Example Way,Nowhere,ZZ,00000,4451,SYNTHETIC INDUSTRY,76,154031,1,0,0,0,1,0,0,1,0,0,0,0,0,100805,1,2,2021,1/1/2022,
807,SYNTHETIC COMPANY 00806,SYNTHETIC SITE 00806,,1 Example Way,Nowhere,ZZ,00000,3328,SYNTHETIC INDUSTRY,8,13779,2,0,0,0,0,0,0,0,0,0,0,0,0,100806,1,2,2021,1/1/2022,
808,SYNTHETIC COMPANY 00807,SYNTHETIC SITE 00807,,1 Example Way,Nowhere,ZZ,00000,3251,SYNTHETIC INDUSTRY,18,27841,2,0,0,0,0,0,0,0,0,0,0,0,0,100807,1,2,2021,1/1/2022,
809,SYNTHETIC COMPANY 00808,SYNTHETIC SITE 00808,,1 Example Way,Nowhere,ZZ,00000,6221,SYNTHETIC INDUSTRY,105,257878,1,0,0,0,1,0,0,1,0,0,0,0,0,100808,1,2,2021,1/1/2022,
810,SYNTHETIC COMPANY 00809,SYNTHETIC SITE 00809,,1 Example Way,Nowhere,ZZ,00000,3251,SYNTHETIC INDUSTRY,135,243496,2,0,0,0,0,0,0,0,0,0,0,0,0,100809,1,2,2021,1/1/2022,
811,SYNTHETIC COMPANY 00810,SYNTHETIC SITE 00810,,1 Example Way,Nowhere,ZZ,00000,3328,SYNTHETIC INDUSTRY,67,121219,1,0,2,0,0,14,0,2,0,0,0,0,0,100810,1,2,2021,1/1/2022,
812,SYNTHETIC COMPANY 00811,SYNTHETIC SITE 00811,,1 Example Way,Nowhere,ZZ,00000,2361,SYNTHETIC INDUSTRY,147,203695,1,0,1,2,0,7,8,3,0,0,0,0,0,100811,1,2,2021,1/1/2022,
813,SYNTHETIC COMPANY 00812,SYNTHETIC SITE 00812,,1 Example Way,Nowhere,ZZ,00000,3115,SYNTHETIC INDUSTRY,59,120379,1,0,1,1,1,7,4,3,0,0,0,0,0,100812,1,2,2021,1/1/2022,
814,SYNTHETIC COMPANY 00813,SYNTHETIC SITE 00813,,1 Example Way,Nowhere,ZZ,00000,2361,SYNTHETIC INDUSTRY,6,9655,1,0,0,0,1,0,0,1,0,0,0,0,0,100813,1,2,2021,1/1/2022,
815,SYNTHETIC COMPANY 00814,SYNTHETIC SITE 00814,,1 Example Way,Nowhere,ZZ,00000,3251,SYNTHETIC INDUSTRY,98,183813,2,0,0,0,0,0,0,0,0,0,0,0,0,100814,1,2,2021,1/1/2022,
816,SYNTHETIC COMPANY 00815,SYNTHETIC SITE 00815,,1 Example Way,Nowhere,ZZ,00000,4841,SYNTHETIC INDUSTRY,55,125398,2,0,0,0,0,0,0,0,0,0,0,0,0,100815,1,2,2021,1/1/2022,
817,SYNTHETIC COMPANY 00816,SYNTHETIC SITE 00816,,1 Example Way,Nowhere,ZZ,00000,6221,SYNTHETIC INDUSTRY,104,135844,1,0,1,0,0,7,0,1,0,0,0,0,0,100816,1,2,2021,1/1/2022,
818,SYNTHETIC COMPANY 00817,SYNTHETIC SITE 00817,,1 Example Way,Nowhere,ZZ,00000,4451,SYNTHETIC INDUSTRY,45,86635,2,0,0,0,0,0,0,0,0,0,0,0,0,100817,1,2,2021,1/1/2022,
819,SYNTHETIC COMPANY 00818,SYNTHETIC SITE 00818,,1 Example Way,Nowhere,ZZ,00000,3252,SYNTHETIC INDUSTRY,124,263454,1,0,3,4,4,21,16,11,0,0,0,0,0,100818,1,2,2021,1/1/2022,
820,SYNTHETIC COMPANY 00819,SYNTHETIC SITE 00819,,1 Example Way,Nowhere,ZZ,00000,3328,SYNTHETIC INDUSTRY,58,91197,1,0,0,0,2,0,0,2,0,0,0,0,0,100819,1,2,2021,1/1/2022,
821,SYNTHETIC COMPANY 00820,SYNTHETIC SITE 00820,,1 Example Way,Nowhere,ZZ,00000,3251,SYNTHETIC INDUSTRY,28,57424,2,0,0,0,0,0,0,0,0,0,0,0,0,100820,1,2,2021,1/1/2022,
822,SYNTHETIC COMPANY 00821,SYNTHETIC SITE 00821,,1 Example Way,Nowhere,ZZ,00000,3251,SYNTHETIC INDUSTRY,43,81259,1,0,1,1,1,7,4,3,0,0,0,0,0,100821,1,2,2021,1/1/2022,
823,SYNTHETIC COMPANY 00822,SYNTHETIC SITE 00822,,1 Example Way,Nowhere,ZZ,00000,3115,SYNTHETIC INDUSTRY,80,132650,2,0,0,0,0,0,0,0,0,0,0,0,0,100822,1,2,2021,1/1/2022,
824,SYNTHETIC COMPANY 00823,SYNTHETIC SITE 00823,,1 Example Way,Nowhere,ZZ,00000,3251,SYNTHETIC INDUSTRY,99,163104000,2,0,0,0,0,0,0,0,0,0,0,0,0,100823,1,2,2021,1/1/2022,
825,SYNTHETIC COMPANY 00824,SYNTHETIC SITE 00824,,1 Example Way,Nowhere,ZZ,00000,2361,SYNTHETIC INDUSTRY,575,1171621,1,0,16,10,10,112,40,36,0,0,0,0,0,100824,1,2,2021,1/1/2022,
826,SYNTHETIC COMPANY 00825,SYNTHETIC SITE 00825,,1 Example Way,Nowhere,ZZ,00000,3115,SYNTHETIC INDUSTRY,146,283587,1,0,0,0,2,0,0,2,0,0,0,0,0,100825,1,2,2021,1/1/2022,
827,SYNTHETIC COMPANY 00826,SYNTHETIC SITE 00826,,1 Example Way,Nowhere,ZZ,00000,6221,SYNTHETIC INDUSTRY,17,29909,2,0,0,0,0,0,0,0,0,0,0,0,0,100826,1,2,2021,1/1/2022,
828,SYNTHETIC COMPANY 00827,SYNTHETIC SITE 00827,,1 Example Way,Nowhere,ZZ,00000,3115,SYNTHETIC INDUSTRY,43,73821,1,0,1,0,0,7,0,1,0,0,0,0,0,100827,1,2,2021,1/1/2022,
829,SYNTHETIC COMPANY 00828,SYNTHETIC SITE 00828,,1 Example Way,Nowhere,ZZ,00000,3251,SYNTHETIC INDUSTRY,62,86266,1,0,1,0,1,7,0,2,0,0,0,0,0,100828,1,2,2021,1/1/2022,
830,SYNTHETIC COMPANY 00829,SYNTHETIC SITE 00829,,1 Example Way,Nowhere,ZZ,00000,3251,SYNTHETIC INDUSTRY,61,113431,2,0,0,0,0,0,0,0,0,0,0,0,0,100829,1,2,2021,1/1/2022,
831,SYNTHETIC COMPANY 00830,SYNTHETIC SITE 00830,,1 Example Way,Nowhere,ZZ,00000,3328,SYNTHETIC INDUSTRY,34,53391,1,0,0,0,1,0,0,1,0,0,0,0,0,100830,1,2,2021,1/1/2022,
832,SYNTHETIC COMPANY 00831,SYNTHETIC SITE 00831,,1 Example Way,Nowhere,ZZ,00000,4451,SYNTHETIC INDUSTRY,8,16110,2,0,0,0,0,0,0,0,0,0,0,0,0,100831,1,2,2021,1/1/2022,
833,SYNTHETIC COMPANY 00832,SYNTHETIC SITE 00832,,1 Example Way,Nowhere,ZZ,00000,4451,SYNTHETIC INDUSTRY,11,20874,2,0,0,0,0,0,0,0,0,0,0,0,0,100832,1,2,2021,1/1/2022,
834,SYNTHETIC COMPANY 00833,SYNTHETIC SITE 00833,,1 Example Way,Nowhere,ZZ,00000,4451,SYNTHETIC INDUSTRY,278,614941,1,0,4,4,10,28,16,18,0,0,0,0,0,100833,1,2,2021,1/1/2022,
835,SYNTHETIC COMPANY 00834,SYNTHETIC SITE 00834,,1 Example Way,Nowhere,ZZ,00000,6221,SYNTHETIC INDUSTRY,105,133068,2,0,0,0,0,0,0,0,0,0,0,0,0,100834,1,2,2021,1/1/2022,
836,SYNTHETIC COMPANY 00835,SYNTHETIC SITE 00835,,1 Example Way,Nowhere,ZZ,00000,2361,SYNTHETIC INDUSTRY,34,73912,1,0,1,1,2,7,4,4,0,0,0,0,0,100835,1,2,2021,1/1/2022,
837,SYNTHETIC COMPANY 00836,SYNTHETIC SITE 00836,,1 Example Way,Nowhere,ZZ,00000,3251,SYNTHETIC INDUSTRY,148,265648,1,0,2,1,1,14,4,4,0,0,0,0,0,100836,1,2,2021,1/1/2022,
838,SYNTHETIC COMPANY 00837,SYNTHETIC SITE 00837,,1 Example Way,Nowhere,ZZ,00000,2361,SYNTHETIC INDUSTRY,67,127595,2,0,0,0,0,0,0,0,0,0,0,0,0,100837,1,2,2021,1/1/2022,
839,SYNTHETIC COMPANY 00838,SYNTHETIC SITE 00838,,1 Example Way,Nowhere,ZZ,00000,3251,SYNTHETIC INDUSTRY,59,86757,1,0,0,2,0,0,8,2,0,0,0,0,0,100838,1,2,2021,1/1/2022,
840,SYNTHETIC COMPANY 00839,SYNTHETIC SITE 00839,,1 Example Way,Nowhere,ZZ,00000,3252,SYNTHETIC INDUSTRY,26,44904,2,0,0,0,0,0,0,0,0,0,0,0,0,100839,1,2,2021,1/1/2022,
841,SYNTHETIC COMPANY 00840,SYNTHETIC SITE 00840,,1 Example Way,Nowhere,ZZ,00000,3251,SYNTHETIC INDUSTRY,74,148182,2,0,0,0,0,0,0,0,0,0,0,0,0,100840,1,2,2021,1/1/2022,
842,SYNTHETIC COMPANY 00841,SYNTHETIC SITE 00841,,1 Example Way,Nowhere,ZZ,00000,4841,SYNTHETIC INDUSTRY,178,202091,1,0,1,0,0,7,0,1,0,0,0,0,0,100841,1,2,2021,1/1/2022,
843,SYNTHETIC COMPANY 00842,SYNTHETIC SITE 00842,,1 Example Way,Nowhere,ZZ,00000,3328,SYNTHETIC INDUSTRY,193,259864,1,0,2,1,1,14,4,4,0,0,0,0,0,100842,1,2,2021,1/1/2022,
844,SYNTHETIC COMPANY 00843,SYNTHETIC SITE 00843,,1 Example Way,Nowhere,ZZ,00000,3115,SYNTHETIC INDUSTRY,167,253132,1,0,1,3,4,7,12,8,0,0,0,0,0,100843,1,2,2021,1/1/2022,
845,SYNTHETIC COMPANY 00844,SYNTHETIC SITE 00844,,1 Example Way,Nowhere,ZZ,00000,3328,SYNTHETIC INDUSTRY,89,158568,2,0,0,0,0,0,0,0,0,0,0,0,0,100844,1,2,2021,1/1/2022,
846,SYNTHETIC COMPANY 00845,SYNTHETIC SITE 00845,,1 Example Way,Nowhere,ZZ,00000,3251,SYNTHETIC INDUSTRY,17,29414,2,0,0,0,0,0,0,0,0,0,0,0,0,100845,1,2,2021,1/1/2022,
847,SYNTHETIC COMPANY 00846,SYNTHETIC SITE 00846,,1 Example Way,Nowhere,ZZ,00000,3251,SYNTHETIC INDUSTRY,26,44538,2,0,0,0,0,0,0,0,0,0,0,0,0,100846,1,2,2021,1/1/2022,
848,SYNTHETIC COMPANY 00847,SYNTHETIC SITE 00847,,1 Example Way,Nowhere,ZZ,00000,3251,SYNTHETIC INDUSTRY,97,177234,2,0,0,0,0,0,0,0,0,0,0,0,0,100847,1,2,2021,1/1/2022,
849,SYNTHETIC COMPANY 00848,SYNTHETIC SITE 00848,,1 Example Way,Nowhere,ZZ,00000,3328,SYNTHETIC INDUSTRY,272,488908,2,0,0,0,0,0,0,0,0,0,0,0,0,100848,1,2,2021,1/1/2022,
850,SYNTHETIC COMPANY 00849,SYNTHETIC SITE 00849,,1 Example Way,Nowhere,ZZ,00000,3252,SYNTHETIC INDUSTRY,56,116953,1,0,0,0,1,0,0,1,0,0,0,0,0,100849,1,2,2021,1/1/2022,
851,SYNTHETIC COMPANY 00850,SYNTHETIC SITE 00850,,1 Example Way,Nowhere,ZZ,00000,6221,SYNTHETIC INDUSTRY,67,141048,2,0,0,0,0,0,0,0,0,0,0,0,0,100850,1,2,2021,1/1/2022,
852,SYNTHETIC COMPANY 00851,SYNTHETIC SITE 00851,,1 Example Way,Nowhere,ZZ,00000,3251,SYNTHETIC INDUSTRY,50,96149,2,0,0,0,0,0,0,0,0,0,0,0,0,100851,1,2,2021,1/1/2022,
853,SYNTHETIC COMPANY 00852,SYNTHETIC SITE 00852,,1 Example Way,Nowhere,ZZ,00000,2361,SYNTHETIC INDUSTRY,2,3402,2,0,0,0,0,0,0,0,0,0,0,0,0,100852,1,2,2021,1/1/2022,
854,SYNTHETIC COMPANY 00853,SYNTHETIC SITE 00853,,1 Example Way,Nowhere,ZZ,00000,3252,SYNTHETIC INDUSTRY,8,13718,2,0,0,0,0,0,0,0,0,0,0,0,0,100853,1,2,2021,1/1/2022,
855,SYNTHETIC COMPANY 00854,SYNTHETIC SITE 00854,,1 Example Way,Nowhere,ZZ,00000,4451,SYNTHETIC INDUSTRY,176,29005800,1,0,0,0,1,0,0,1,0,0,0,0,0,100854,1,2,2021,1/1/2022,
856,SYNTHETIC COMPANY 00855,SYNTHETIC SITE 00855,,1 Example Way,Nowhere,ZZ,00000,3115,SYNTHETIC INDUSTRY,93,148152,1,0,1,0,5,7,0,6,0,0,0,0,0,100855,1,2,2021,1/1/2022,
857,SYNTHETIC COMPANY 00856,SYNTHETIC SITE 00856,,1 Example Way,Nowhere,ZZ,00000,2361,SYNTHETIC INDUSTRY,11,21886,2,0,0,0,0,0,0,0,0,0,0,0,0,100856,1,2,2021,1/1/2022,
858,SYNTHETIC COMPANY 00857,SYNTHETIC SITE 00857,,1 Example Way,Nowhere,ZZ,00000,3252,SYNTHETIC INDUSTRY,77,145103,1,0,1,2,0,7,8,3,0,0,0,0,0,100857,1,2,2021,1/1/2022,
859,SYNTHETIC COMPANY 00858,SYNTHETIC SITE 00858,,1 Example Way,Nowhere,ZZ,00000,4841,SYNTHETIC INDUSTRY,7,13608,2,0,0,0,0,0,0,0,0,0,0,0,0,100858,1,2,2021,1/1/2022,
860,SYNTHETIC COMPANY 00859,SYNTHETIC SITE 00859,,1 Example Way,Nowhere,ZZ,00000,6221,SYNTHETIC INDUSTRY,15,33009,2,0,0,0,0,0,0,0,0,0,0,0,0,100859,1,2,2021,1/1/2022,
861,SYNTHETIC COMPANY 00860,SYNTHETIC SITE 00860,,1 Example Way,Nowhere,ZZ,00000,3252,SYNTHETIC INDUSTRY,52,86159,1,0,1,1,1,7,4,3,0,0,0,0,0,100860,1,2,2021,1/1/2022,
862,SYNTHETIC COMPANY 00861,SYNTHETIC SITE 00861,,1 Example Way,Nowhere,ZZ,00000,6221,SYNTHETIC INDUSTRY,88,188668,2,0,0,0,0,0,0,0,0,0,0,0,0,100861,1,2,2021,1/1/2022,
863,SYNTHETIC COMPANY 00862,SYNTHETIC SITE 00862,,1 Example Way,Nowhere,ZZ,00000,4841,SYNTHETIC INDUSTRY,26,51363000,2,0,0,0,0,0,0,0,0,0,0,0,0,100862,1,2,2021,1/1/2022,
864,SYNTHETIC COMPANY 00863,SYNTHETIC SITE 00863,,1 Example Way,Nowhere,ZZ,00000,4841,SYNTHETIC INDUSTRY,28,51422,1,0,1,0,0,7,0,1,0,0,0,0,0,100863,1,2,2021,1/1/2022,
865,SYNTHETIC COMPANY 00864,SYNTHETIC SITE 00864,,1 Example Way,Nowhere,ZZ,00000,2361,SYNTHETIC INDUSTRY,114,233043,1,0,2,2,3,14,8,7,0,0,0,0,0,100864,1,2,2021,1/1/2022,
866,SYNTHETIC COMPANY 00865,SYNTHETIC SITE 00865,,1 Example Way,Nowhere,ZZ,00000,3252,SYNTHETIC INDUSTRY,81,164219,1,0,0,0,1,0,0,1,0,0,0,0,0,100865,1,2,2021,1/1/2022,
867,SYNTHETIC COMPANY 00866,SYNTHETIC SITE 00866,,1 Example Way,Nowhere,ZZ,00000,4841,SYNTHETIC INDUSTRY,13,21588,1,0,1,0,0,7,0,1,0,0,0,0,0,100866,1,2,2021,1/1/2022,
868,SYNTHETIC COMPANY 00867,SYNTHETIC SITE 00867,,1 Example Way,Nowhere,ZZ,00000,3328,SYNTHETIC INDUSTRY,254,433782,1,0,0,1,1,0,4,2,0,0,0,0,0,100867,1,2,2021,1/1/2022,
869,SYNTHETIC COMPANY 00868,SYNTHETIC SITE 00868,,1 Example Way,Nowhere,ZZ,00000,4841,SYNTHETIC INDUSTRY,67,125709,2,0,0,0,0,0,0,0,0,0,0,0,0,100868,1,2,2021,1/1/2022,
870,SYNTHETIC COMPANY 00869,SYNTHETIC SITE 00869,,1 Example Way,Nowhere,ZZ,00000,4841,SYNTHETIC INDUSTRY,18,33952,2,0,0,0,0,0,0,0,0,0,0,0,0,100869,1,2,2021,1/1/2022,
871,SYNTHETIC COMPANY 00870,SYNTHETIC SITE 00870,,1 Example Way,Nowhere,ZZ,00000,3251,SYNTHETIC INDUSTRY,26,48753,2,0,0,0,0,0,0,0,0,0,0,0,0,100870,1,2,2021,1/1/2022,
872,SYNTHETIC COMPANY 00871,SYNTHETIC SITE 00871,,1 Example Way,Nowhere,ZZ,00000,3115,SYNTHETIC INDUSTRY,24,42340,2,0,0,0,0,0,0,0,0,0,0,0,0,100871,1,2,2021,1/1/2022,
873,SYNTHETIC COMPANY 00872,SYNTHETIC SITE 00872,,1 Example Way,Nowhere,ZZ,00000,4451,SYNTHETIC INDUSTRY,163,332418,1,0,1,0,0,7,0,1,0,0,0,0,0,100872,1,2,2021,1/1/2022,
874,SYNTHETIC COMPANY 00873,SYNTHETIC SITE 00873,,1 Example Way,Nowhere,ZZ,00000,3328,SYNTHETIC INDUSTRY,17,32900,2,0,0,0,0,0,0,0,0,0,0,0,0,100873,1,2,2021,1/1/2022,
875,SYNTHETIC COMPANY 00874,SYNTHETIC SITE 00874,,1 Example Way,Nowhere,ZZ,00000,2361,SYNTHETIC INDUSTRY,91,228236,1,0,1,0,1,7,0,2,0,0,0,0,0,100874,1,2,2021,1/1/2022,
876,SYNTHETIC COMPANY 00875,SYNTHETIC SITE 00875,,1 Example Way,Nowhere,ZZ,00000,2361,SYNTHETIC INDUSTRY,49,96225,2,0,0,0,0,0,0,0,0,0,0,0,0,100875,1,2,2021,1/1/2022,
877,SYNTHETIC COMPANY 00876,SYNTHETIC SITE 00876,,1 Example Way,Nowhere,ZZ,00000,3115,SYNTHETIC INDUSTRY,13,20830,2,0,0,0,0,0,0,0,0,0,0,0,0,100876,1,2,2021,1/1/2022,
878,SYNTHETIC COMPANY 00877,SYNTHETIC SITE 00877,,1 Example Way,Nowhere,ZZ,00000,3328,SYNTHETIC INDUSTRY,95,195317,1,0,4,1,1,28,4,6,0,0,0,0,0,100877,1,2,2021,1/1/2022,
879,SYNTHETIC COMPANY 00878,SYNTHETIC SITE 00878,,1 Example Way,Nowhere,ZZ,00000,4841,SYNTHETIC INDUSTRY,18,33886,1,0,1,0,0,7,0,1,0,0,0,0,0,100878,1,2,2021,1/1/2022,
880,SYNTHETIC COMPANY 00879,SYNTHETIC SITE 00879,,1 Example Way,Nowhere,ZZ,00000,3328,SYNTHETIC INDUSTRY,10,15837,1,0,0,1,1,0,4,2,0,0,0,0,0,100879,1,2,2021,1/1/2022,
881,SYNTHETIC COMPANY 00880,SYNTHETIC SITE 00880,,1 Example Way,Nowhere,ZZ,00000,3251,SYNTHETIC INDUSTRY,46,98745,2,0,0,0,0,0,0,0,0,0,0,0,0,100880,1,2,2021,1/1/2022,
882,SYNTHETIC COMPANY 00881,SYNTHETIC SITE 00881,,1 Example Way,Nowhere,ZZ,00000,2361,SYNTHETIC INDUSTRY,44,82696,1,0,0,1,1,0,4,2,0,0,0,0,0,100881,1,2,2021,1/1/2022,
883,SYNTHETIC COMPANY 00882,SYNTHETIC SITE 00882,,1 Example Way,Nowhere,ZZ,00000,4841,SYNTHETIC INDUSTRY,330,628242,1,0,3,4,6,21,16,13,0,0,0,0,0,100882,1,2,2021,1/1/2022,
884,SYNTHETIC COMPANY 00883,SYNTHETIC SITE 00883,,1 Example Way,Nowhere,ZZ,00000,3115,SYNTHETIC INDUSTRY,10,14704,2,0,0,0,0,0,0,0,0,0,0,0,0,100883,1,2,2021,1/1/2022,
885,SYNTHETIC COMPANY 00884,SYNTHETIC SITE 00884,,1 Example Way,Nowhere,ZZ,00000,6221,SYNTHETIC INDUSTRY,26,37801,2,0,0,0,0,0,0,0,0,0,0,0,0,100884,1,2,2021,1/1/2022,
886,SYNTHETIC COMPANY 00885,SYNTHETIC SITE 00885,,1 Example Way,Nowhere,ZZ,00000,3251,SYNTHETIC INDUSTRY,154,261253,1,0,5,0,2,35,0,7,0,0,0,0,0,100885,1,2,2021,1/1/2022,
887,SYNTHETIC COMPANY 00886,SYNTHETIC SITE 00886,,1 Example Way,Nowhere,ZZ,00000,6221,SYNTHETIC INDUSTRY,621,1096527,1,0,16,7,11,112,28,34,0,0,0,0,0,100886,1,2,2021,1/1/2022,
888,SYNTHETIC COMPANY 00887,SYNTHETIC SITE 00887,,1 Example Way,Nowhere,ZZ,00000,4451,SYNTHETIC INDUSTRY,81,152635,2,0,0,0,0,0,0,0,0,0,0,0,0,100887,1,2,2021,1/1/2022,
889,SYNTHETIC COMPANY 00888,SYNTHETIC SITE 00888,,1 Example Way,Nowhere,ZZ,00000,3115,SYNTHETIC INDUSTRY,69,129406,1,0,0,1,0,0,4,1,0,0,0,0,0,100888,1,2,2021,1/1/2022,
890,SYNTHETIC COMPANY 00889,SYNTHETIC SITE 00889,,1 Example Way,Nowhere,ZZ,00000,4451,SYNTHETIC INDUSTRY,100,217356,1,0,1,2,0,7,8,3,0,0,0,0,0,100889,1,2,2021,1/1/2022,
891,SYNTHETIC COMPANY 00890,SYNTHETIC SITE 00890,,1 Example Way,Nowhere,ZZ,00000,4841,SYNTHETIC INDUSTRY,27,49609,2,0,0,0,0,0,0,0,0,0,0,0,0,100890,1,2,2021,1/1/2022,
892,SYNTHETIC COMPANY 00891,SYNTHETIC SITE 00891,,1 Example Way,Nowhere,ZZ,00000,4841,SYNTHETIC INDUSTRY,21,32889,1,0,0,0,2,0,0,2,0,0,0,0,0,100891,1,2,2021,1/1/2022,
893,SYNTHETIC COMPANY 00892,SYNTHETIC SITE 00892,,1 Example Way,Nowhere,ZZ,00000,2361,SYNTHETIC INDUSTRY,346,573683,1,0,2,0,5,14,0,7,0,0,0,0,0,100892,1,2,2021,1/1/2022,
894,SYNTHETIC COMPANY 00893,SYNTHETIC SITE 00893,,1 Example Way,Nowhere,ZZ,00000,3252,SYNTHETIC INDUSTRY,35,65805,2,0,0,0,0,0,0,0,0,0,0,0,0,100893,1,2,2021,1/1/2022,
895,SYNTHETIC COMPANY 00894,SYNTHETIC SITE 00894,,1 Example Way,Nowhere,ZZ,00000,3252,SYNTHETIC INDUSTRY,301,558122,1,0,2,0,2,14,0,4,0,0,0,0,0,100894,1,2,2021,1/1/2022,
896,SYNTHETIC COMPANY 00895,SYNTHETIC SITE 00895,,1 Example Way,Nowhere,ZZ,00000,2361,SYNTHETIC INDUSTRY,84,128251,1,0,1,0,0,7,0,1,0,0,0,0,0,100895,1,2,2021,1/1/2022,
897,SYNTHETIC COMPANY 00896,SYNTHETIC SITE 00896,,1 Example Way,Nowhere,ZZ,00000,4451,SYNTHETIC INDUSTRY,23,30774,2,0,0,0,0,0,0,0,0,0,0,0,0,100896,1,2,2021,1/1/2022,
898,SYNTHETIC COMPANY 00897,SYNTHETIC SITE 00897,,1 Example Way,Nowhere,ZZ,00000,3328,SYNTHETIC INDUSTRY,13,20192,2,0,0,0,0,0,0,0,0,0,0,0,0,100897,1,2,2021,1/1/2022,
899,SYNTHETIC COMPANY 00898,SYNTHETIC SITE 00898,,1 Example Way,Nowhere,ZZ,00000,4841,SYNTHETIC INDUSTRY,12,23465,2,0,0,0,0,0,0,0,0,0,0,0,0,100898,1,2,2021,1/1/2022,
900,SYNTHETIC COMPANY 00899,SYNTHETIC SITE 00899,,1 Example Way,Nowhere,ZZ,00000,3115,SYNTHETIC INDUSTRY,13,22288,2,0,0,0,0,0,0,0,0,0,0,0,0,100899,1,2,2021,1/1/2022,
901,SYNTHETIC COMPANY 00900,SYNTHETIC SITE 00900,,1 Example Way,Nowhere,ZZ,00000,4451,SYNTHETIC INDUSTRY,34,55711,2,0,0,0,0,0,0,0,0,0,0,0,0,100900,1,2,2021,1/1/2022,
902,SYNTHETIC COMPANY 00901,SYNTHETIC SITE 00901,,1 Example Way,Nowhere,ZZ,00000,3251,SYNTHETIC INDUSTRY,173,299296,2,0,0,0,0,0,0,0,0,0,0,0,0,100901,1,2,2021,1/1/2022,
903,SYNTHETIC COMPANY 00902,SYNTHETIC SITE 00902,,1 Example Way,Nowhere,ZZ,00000,6221,SYNTHETIC INDUSTRY,17,36576000,2,0,0,0,0,0,0,0,0,0,0,0,0,100902,1,2,2021,1/1/2022,
904,SYNTHETIC COMPANY 00903,SYNTHETIC SITE 00903,,1 Example Way,Nowhere,ZZ,00000,2361,SYNTHETIC INDUSTRY,29,51330,2,0,0,0,0,0,0,0,0,0,0,0,0,100903,1,2,2021,1/1/2022,
905,SYNTHETIC COMPANY 00904,SYNTHETIC SITE 00904,,1 Example Way,Nowhere,ZZ,00000,4451,SYNTHETIC INDUSTRY,27,54647,1,0,1,0,0,7,0,1,0,0,0,0,0,100904,1,2,2021,1/1/2022,
906,SYNTHETIC COMPANY 00905,SYNTHETIC SITE 00905,,1 Example Way,Nowhere,ZZ,00000,3252,SYNTHETIC INDUSTRY,318,621153,1,0,3,0,0,21,0,3,0,0,0,0,0,100905,1,2,2021,1/1/2022,
907,SYNTHETIC COMPANY 00906,SYNTHETIC SITE 00906,,1 Example Way,Nowhere,ZZ,00000,6221,SYNTHETIC INDUSTRY,19,38176,2,0,0,0,0,0,0,0,0,0,0,0,0,100906,1,2,2021,1/1/2022,
908,SYNTHETIC COMPANY 00907,SYNTHETIC SITE 00907,,1 Example Way,Nowhere,ZZ,00000,3251,SYNTHETIC INDUSTRY,65,143592,2,0,0,0,0,0,0,0,0,0,0,0,0,100907,1,2,2021,1/1/2022,
909,SYNTHETIC COMPANY 00908,SYNTHETIC SITE 00908,,1 Example Way,Nowhere,ZZ,00000,3328,SYNTHETIC INDUSTRY,11,20228,2,0,0,0,0,0,0,0,0,0,0,0,0,100908,1,2,2021,1/1/2022,
910,SYNTHETIC COMPANY 00909,SYNTHETIC SITE 00909,,1 Example Way,Nowhere,ZZ,00000,4451,SYNTHETIC INDUSTRY,77,166116,2,0,0,0,0,0,0,0,0,0,0,0,0,100909,1,2,2021,1/1/2022,
911,SYNTHETIC COMPANY 00910,SYNTHETIC SITE 00910,,1 Example Way,Nowhere,ZZ,00000,3115,SYNTHETIC INDUSTRY,308,582055,1,0,3,6,1,21,24,10,0,0,0,0,0,100910,1,2,2021,1/1/2022,
912,SYNTHETIC COMPANY 00911,SYNTHETIC SITE 00911,,1 Example Way,Nowhere,ZZ,00000,4451,SYNTHETIC INDUSTRY,134,250541,2,0,0,0,0,0,0,0,0,0,0,0,0,100911,1,2,2021,1/1/2022,
913,SYNTHETIC COMPANY 00912,SYNTHETIC SITE 00912,,1 Example Way,Nowhere,ZZ,00000,4451,SYNTHETIC INDUSTRY,73,146735,2,0,0,0,0,0,0,0,0,0,0,0,0,100912,1,2,2021,1/1/2022,
914,SYNTHETIC COMPANY 00913,SYNTHETIC SITE 00913,,1 Example Way,Nowhere,ZZ,00000,4841,SYNTHETIC INDUSTRY,104,138528,1,0,0,1,1,0,4,2,0,0,0,0,0,100913,1,2,2021,1/1/2022,
915,SYNTHETIC COMPANY 00914,SYNTHETIC SITE 00914,,1 Example Way,Nowhere,ZZ,00000,3328,SYNTHETIC INDUSTRY,40,84016,2,0,0,0,0,0,0,0,0,0,0,0,0,100914,1,2,2021,1/1/2022,
916,SYNTHETIC COMPANY 00915,SYNTHETIC SITE 00915,,1 Example Way,Nowhere,ZZ,00000,3251,SYNTHETIC INDUSTRY,88,165144,1,0,1,1,0,7,4,2,0,0,0,0,0,100915,1,2,2021,1/1/2022,
917,SYNTHETIC COMPANY 00916,SYNTHETIC SITE 00916,,1 Example Way,Nowhere,ZZ,00000,3328,SYNTHETIC INDUSTRY,238,462540,2,0,0,0,0,0,0,0,0,0,0,0,0,100916,1,2,2021,1/1/2022,
918,SYNTHETIC COMPANY 00917,SYNTHETIC SITE 00917,,1 Example Way,Nowhere,ZZ,00000,3115,SYNTHETIC INDUSTRY,138,268066,2,0,0,0,0,0,0,0,0,0,0,0,0,100917,1,2,2021,1/1/2022,
919,SYNTHETIC COMPANY 00918,SYNTHETIC SITE 00918,,1 Example Way,Nowhere,ZZ,00000,6221,SYNTHETIC INDUSTRY,104,170785,2,0,0,0,0,0,0,0,0,0,0,0,0,100918,1,2,2021,1/1/2022,
920,SYNTHETIC COMPANY 00919,SYNTHETIC SITE 00919,,1 Example Way,Nowhere,ZZ,00000,6221,SYNTHETIC INDUSTRY,26,55677,2,0,0,0,0,0,0,0,0,0,0,0,0,100919,1,2,2021,1/1/2022,
921,SYNTHETIC COMPANY 00920,SYNTHETIC SITE 00920,,1 Example Way,Nowhere,ZZ,00000,3251,SYNTHETIC INDUSTRY,25,44548,2,0,0,0,0,0,0,0,0,0,0,0,0,100920,1,2,2021,1/1/2022,
922,SYNTHETIC COMPANY 00921,SYNTHETIC SITE 00921,,1 Example Way,Nowhere,ZZ,00000,6221,SYNTHETIC INDUSTRY,21,36261,2,0,0,0,0,0,0,0,0,0,0,0,0,100921,1,2,2021,1/1/2022,
923,SYNTHETIC COMPANY 00922,SYNTHETIC SITE 00922,,1 Example Way,Nowhere,ZZ,00000,3115,SYNTHETIC INDUSTRY,170,309549,1,0,2,9,11,14,36,22,0,0,0,0,0,100922,1,2,2021,1/1/2022,
924,SYNTHETIC COMPANY 00923,SYNTHETIC SITE 00923,,1 Example Way,Nowhere,ZZ,00000,3251,SYNTHETIC INDUSTRY,24,42621,2,0,0,0,0,0,0,0,0,0,0,0,0,100923,1,2,2021,1/1/2022,
925,SYNTHETIC COMPANY 00924,SYNTHETIC SITE 00924,,1 Example Way,Nowhere,ZZ,00000,4451,SYNTHETIC INDUSTRY,429,778433,1,0,3,0,1,21,0,4,0,0,0,0,0,100924,1,2,2021,1/1/2022,
926,SYNTHETIC COMPANY 00925,SYNTHETIC SITE 00925,,1 Example Way,Nowhere,ZZ,00000,3251,SYNTHETIC INDUSTRY,210,458695,1,0,1,1,0,7,4,2,0,0,0,0,0,100925,1,2,2021,1/1/2022,
927,SYNTHETIC COMPANY 00926,SYNTHETIC SITE 00926,,1 Example Way,Nowhere,ZZ,00000,4841,SYNTHETIC INDUSTRY,71,145261,1,0,1,2,0,7,8,3,0,0,0,0,0,100926,1,2,2021,1/1/2022,
928,SYNTHETIC COMPANY 00927,SYNTHETIC SITE 00927,,1 Example Way,Nowhere,ZZ,00000,3251,SYNTHETIC INDUSTRY,56,104378,1,0,1,0,0,7,0,1,0,0,0,0,0,100927,1,2,2021,1/1/2022,
929,SYNTHETIC COMPANY 00928,SYNTHETIC SITE 00928,,1 Example Way,Nowhere,ZZ,00000,6221,SYNTHETIC INDUSTRY,66,116001,2,0,0,0,0,0,0,0,0,0,0,0,0,100928,1,2,2021,1/1/2022,
930,SYNTHETIC COMPANY 00929,SYNTHETIC SITE 00929,,1 Example Way,Nowhere,ZZ,00000,3115,SYNTHETIC INDUSTRY,10,20556,1,0,0,2,1,0,8,3,0,0,0,0,0,100929,1,2,2021,1/1/2022,
931,SYNTHETIC COMPANY 00930,SYNTHETIC SITE 00930,,1 Example Way,Nowhere,ZZ,00000,2361,SYNTHETIC INDUSTRY,23,50173,2,0,0,0,0,0,0,0,0,0,0,0,0,100930,1,2,2021,1/1/2022,
932,SYNTHETIC COMPANY 00931,SYNTHETIC SITE 00931,,1 Example Way,Nowhere,ZZ,00000,4451,SYNTHETIC INDUSTRY,26,49679,2,0,0,0,0,0,0,0,0,0,0,0,0,100931,1,2,2021,1/1/2022,
933,SYNTHETIC COMPANY 00932,SYNTHETIC SITE 00932,,1 Example Way,Nowhere,ZZ,00000,6221,SYNTHETIC INDUSTRY,32,48251,2,0,0,0,0,0,0,0,0,0,0,0,0,100932,1,2,2021,1/1/2022,
934,SYNTHETIC COMPANY 00933,SYNTHETIC SITE 00933,,1 Example Way,Nowhere,ZZ,00000,3328,SYNTHETIC INDUSTRY,17,37621,2,0,0,0,0,0,0,0,0,0,0,0,0,100933,1,2,2021,1/1/2022,
935,SYNTHETIC COMPANY 00934,SYNTHETIC SITE 00934,,1 Example Way,Nowhere,ZZ,00000,3252,SYNTHETIC INDUSTRY,15,29063,2,0,0,0,0,0,0,0,0,0,0,0,0,100934,1,2,2021,1/1/2022,
936,SYNTHETIC COMPANY 00935,SYNTHETIC SITE 00935,,1 Example Way,Nowhere,ZZ,00000,3252,SYNTHETIC INDUSTRY,11,22080,2,0,0,0,0,0,0,0,0,0,0,0,0,100935,1,2,2021,1/1/2022,
937,SYNTHETIC COMPANY 00936,SYNTHETIC SITE 00936,,1 Example Way,Nowhere,ZZ,00000,3328,SYNTHETIC INDUSTRY,16,32409,1,0,1,0,1,7,0,2,0,0,0,0,0,100936,1,2,2021,1/1/2022,
938,SYNTHETIC COMPANY 00937,SYNTHETIC SITE 00937,,1 Example Way,Nowhere,ZZ,00000,3252,SYNTHETIC INDUSTRY,32,58698,1,0,1,1,2,7,4,4,0,0,0,0,0,100937,1,2,2021,1/1/2022,
939,SYNTHETIC COMPANY 00938,SYNTHETIC SITE 00938,,1 Example Way,Nowhere,ZZ,00000,3328,SYNTHETIC INDUSTRY,119,275902,2,0,0,0,0,0,0,0,0,0,0,0,0,100938,1,2,2021,1/1/2022,
940,SYNTHETIC COMPANY 00939,SYNTHETIC SITE 00939,,1 Example Way,Nowhere,ZZ,00000,4841,SYNTHETIC INDUSTRY,53,93432,2,0,0,0,0,0,0,0,0,0,0,0,0,100939,1,2,2021,1/1/2022,
941,SYNTHETIC COMPANY 00940,SYNTHETIC SITE 00940,,1 Example Way,Nowhere,ZZ,00000,4841,SYNTHETIC INDUSTRY,101,167047,1,0,1,2,1,7,8,4,0,0,0,0,0,100940,1,2,2021,1/1/2022,
942,SYNTHETIC COMPANY 00941,SYNTHETIC SITE 00941,,1 Example Way,Nowhere,ZZ,00000,4841,SYNTHETIC INDUSTRY,28,56537,2,0,0,0,0,0,0,0,0,0,0,0,0,100941,1,2,2021,1/1/2022,
943,SYNTHETIC COMPANY 00942,SYNTHETIC SITE 00942,,1 Example Way,Nowhere,ZZ,00000,3252,SYNTHETIC INDUSTRY,36,70020,2,0,0,0,0,0,0,0,0,0,0,0,0,100942,1,2,2021,1/1/2022,
944,SYNTHETIC COMPANY 00943,SYNTHETIC SITE 00943,,1 Example Way,Nowhere,ZZ,00000,4841,SYNTHETIC INDUSTRY,79,174233,1,0,5,1,1,35,4,7,0,0,0,0,0,100943,1,2,2021,1/1/2022,
945,SYNTHETIC COMPANY 00944,SYNTHETIC SITE 00944,,1 Example Way,Nowhere,ZZ,00000,3328,SYNTHETIC INDUSTRY,161,293427,1,0,0,0,1,0,0,1,0,0,0,0,0,100944,1,2,2021,1/1/2022,
946,SYNTHETIC COMPANY 00945,SYNTHETIC SITE 00945,,1 Example Way,Nowhere,ZZ,00000,3252,SYNTHETIC INDUSTRY,66,122068,2,0,0,0,0,0,0,0,0,0,0,0,0,100945,1,2,2021,1/1/2022,
947,SYNTHETIC COMPANY 00946,SYNTHETIC SITE 00946,,1 Example Way,Nowhere,ZZ,00000,2361,SYNTHETIC INDUSTRY,55,106280,1,0,2,1,2,14,4,5,0,0,0,0,0,100946,1,2,2021,1/1/2022,
948,SYNTHETIC COMPANY 00947,SYNTHETIC SITE 00947,,1 Example Way,Nowhere,ZZ,00000,3115,SYNTHETIC INDUSTRY,54,92704,2,0,0,0,0,0,0,0,0,0,0,0,0,100947,1,2,2021,1/1/2022,
949,SYNTHETIC COMPANY 00948,SYNTHETIC SITE 00948,,1 Example Way,Nowhere,ZZ,00000,4451,SYNTHETIC INDUSTRY,26,47744,1,0,0,1,0,0,4,1,0,0,0,0,0,100948,1,2,2021,1/1/2022,
950,SYNTHETIC COMPANY 00949,SYNTHETIC SITE 00949,,1 Example Way,Nowhere,ZZ,00000,4451,SYNTHETIC INDUSTRY,203,351418,1,0,0,0,1,0,0,1,0,0,0,0,0,100949,1,2,2021,1/1/2022,
951,SYNTHETIC COMPANY 00950,SYNTHETIC SITE 00950,,1 Example Way,Nowhere,ZZ,00000,3251,SYNTHETIC INDUSTRY,16,39804,2,0,0,0,0,0,0,0,0,0,0,0,0,100950,1,2,2021,1/1/2022,
952,SYNTHETIC COMPANY 00951,SYNTHETIC SITE 00951,,1 Example Way,Nowhere,ZZ,00000,3328,SYNTHETIC INDUSTRY,286,450952,1,0,1,1,0,7,4,2,0,0,0,0,0,100951,1,2,2021,1/1/2022,
953,SYNTHETIC COMPANY 00952,SYNTHETIC SITE 00952,,1 Example Way,Nowhere,ZZ,00000,3115,SYNTHETIC INDUSTRY,128,231073,2,0,0,0,0,0,0,0,0,0,0,0,0,100952,1,2,2021,1/1/2022,
954,SYNTHETIC COMPANY 00953,SYNTHETIC SITE 00953,,1 Example Way,Nowhere,ZZ,00000,6221,SYNTHETIC INDUSTRY,141,292123,1,0,1,1,2,7,4,4,0,0,0,0,0,100953,1,2,2021,1/1/2022,
955,SYNTHETIC COMPANY 00954,SYNTHETIC SITE 00954,,1 Example Way,Nowhere,ZZ,00000,6221,SYNTHETIC INDUSTRY,43,75567,2,0,0,0,0,0,0,0,0,0,0,0,0,100954,1,2,2021,1/1/2022,
956,SYNTHETIC COMPANY 00955,SYNTHETIC SITE 00955,,1 Example Way,Nowhere,ZZ,00000,4451,SYNTHETIC INDUSTRY,102,178437,1,0,2,0,0,14,0,2,0,0,0,0,0,100955,1,2,2021,1/1/2022,
957,SYNTHETIC COMPANY 00956,SYNTHETIC SITE 00956,,1 Example Way,Nowhere,ZZ,00000,4841,SYNTHETIC INDUSTRY,8,16634,2,0,0,0,0,0,0,0,0,0,0,0,0,100956,1,2,2021,1/1/2022,
958,SYNTHETIC COMPANY 00957,SYNTHETIC SITE 00957,,1 Example Way,Nowhere,ZZ,00000,3115,SYNTHETIC INDUSTRY,11,23402,1,0,0,0,1,0,0,1,0,0,0,0,0,100957,1,2,2021,1/1/2022,
959,SYNTHETIC COMPANY 00958,SYNTHETIC SITE 00958,,1 Example Way,Nowhere,ZZ,00000,3115,SYNTHETIC INDUSTRY,27,57529,2,0,0,0,0,0,0,0,0,0,0,0,0,100958,1,2,2021,1/1/2022,
960,SYNTHETIC COMPANY 00959,SYNTHETIC SITE 00959,,1 Example Way,Nowhere,ZZ,00000,3115,SYNTHETIC INDUSTRY,13,29601,2,0,0,0,0,0,0,0,0,0,0,0,0,100959,1,2,2021,1/1/2022,
961,SYNTHETIC COMPANY 00960,SYNTHETIC SITE 00960,,1 Example Way,Nowhere,ZZ,00000,4451,SYNTHETIC INDUSTRY,28,51045,2,0,0,0,0,0,0,0,0,0,0,0,0,100960,1,2,2021,1/1/2022,
962,SYNTHETIC COMPANY 00961,SYNTHETIC SITE 00961,,1 Example Way,Nowhere,ZZ,00000,3252,SYNTHETIC INDUSTRY,21,34029,2,0,0,0,0,0,0,0,0,0,0,0,0,100961,1,2,2021,1/1/2022,
963,SYNTHETIC COMPANY 00962,SYNTHETIC SITE 00962,,1 Example Way,Nowhere,ZZ,00000,4451,SYNTHETIC INDUSTRY,25,44967,2,0,0,0,0,0,0,0,0,0,0,0,0,100962,1,2,2021,1/1/2022,
964,SYNTHETIC COMPANY 00963,SYNTHETIC SITE 00963,,1 Example Way,Nowhere,ZZ,00000,6221,SYNTHETIC INDUSTRY,72,158222,1,0,1,0,1,7,0,2,0,0,0,0,0,100963,1,2,2021,1/1/2022,
965,SYNTHETIC COMPANY 00964,SYNTHETIC SITE 00964,,1 Example Way,Nowhere,ZZ,00000,3115,SYNTHETIC INDUSTRY,19,39728,2,0,0,0,0,0,0,0,0,0,0,0,0,100964,1,2,2021,1/1/2022,
966,SYNTHETIC COMPANY 00965,SYNTHETIC SITE 00965,,1 Example Way,Nowhere,ZZ,00000,3328,SYNTHETIC INDUSTRY,27,46250,1,0,0,0,1,0,0,1,0,0,0,0,0,100965,1,2,2021,1/1/2022,
967,SYNTHETIC COMPANY 00966,SYNTHETIC SITE 00966,,1 Example Way,Nowhere,ZZ,00000,3328,SYNTHETIC INDUSTRY,26,52384,2,0,0,0,0,0,0,0,0,0,0,0,0,100966,1,2,2021,1/1/2022,
968,SYNTHETIC COMPANY 00967,SYNTHETIC SITE 00967,,1 Example Way,Nowhere,ZZ,00000,6221,SYNTHETIC INDUSTRY,142,268385,2,0,0,0,0,0,0,0,0,0,0,0,0,100967,1,2,2021,1/1/2022,
969,SYNTHETIC COMPANY 00968,SYNTHETIC SITE 00968,,1 Example Way,Nowhere,ZZ,00000,3252,SYNTHETIC INDUSTRY,45,77075,1,0,1,0,0,7,0,1,0,0,0,0,0,100968,1,2,2021,1/1/2022,
970,SYNTHETIC COMPANY 00969,SYNTHETIC SITE 00969,,1 Example Way,Nowhere,ZZ,00000,4841,SYNTHETIC INDUSTRY,36,74229,2,0,0,0,0,0,0,0,0,0,0,0,0,100969,1,2,2021,1/1/2022,
971,SYNTHETIC COMPANY 00970,SYNTHETIC SITE 00970,,1 Example Way,Nowhere,ZZ,00000,2361,SYNTHETIC INDUSTRY,43,71971,1,0,0,1,0,0,4,1,0,0,0,0,0,100970,1,2,2021,1/1/2022,
972,SYNTHETIC COMPANY 00971,SYNTHETIC SITE 00971,,1 Example Way,Nowhere,ZZ,00000,4841,SYNTHETIC INDUSTRY,10,14687,1,0,0,1,1,0,4,2,0,0,0,0,0,100971,1,2,2021,1/1/2022,
973,SYNTHETIC COMPANY 00972,SYNTHETIC SITE 00972,,1 Example Way,Nowhere,ZZ,00000,3328,SYNTHETIC INDUSTRY,37,77658,2,0,0,0,0,0,0,0,0,0,0,0,0,100972,1,2,2021,1/1/2022,
974,SYNTHETIC COMPANY 00973,SYNTHETIC SITE 00973,,1 Example Way,Nowhere,ZZ,00000,3251,SYNTHETIC INDUSTRY,128,249358,1,0,0,1,0,0,4,1,0,0,0,0,0,100973,1,2,2021,1/1/2022,
975,SYNTHETIC COMPANY 00974,SYNTHETIC SITE 00974,,1 Example Way,Nowhere,ZZ,00000,3251,SYNTHETIC INDUSTRY,65,113773,2,0,0,0,0,0,0,0,0,0,0,0,0,100974,1,2,2021,1/1/2022,
976,SYNTHETIC COMPANY 00975,SYNTHETIC SITE 00975,,1 Example Way,Nowhere,ZZ,00000,3328,SYNTHETIC INDUSTRY,17,36321,2,0,0,0,0,0,0,0,0,0,0,0,0,100975,1,2,2021,1/1/2022,
977,SYNTHETIC COMPANY 00976,SYNTHETIC SITE 00976,,1 Example Way,Nowhere,ZZ,00000,3328,SYNTHETIC INDUSTRY,4,8670,2,0,0,0,0,0,0,0,0,0,0,0,0,100976,1,2,2021,1/1/2022,
978,SYNTHETIC COMPANY 00977,SYNTHETIC SITE 00977,,1 Example Way,Nowhere,ZZ,00000,6221,SYNTHETIC INDUSTRY,23,40598,2,0,0,0,0,0,0,0,0,0,0,0,0,100977,1,2,2021,1/1/2022,
979,SYNTHETIC COMPANY 00978,SYNTHETIC SITE 00978,,1 Example Way,Nowhere,ZZ,00000,4841,SYNTHETIC INDUSTRY,34,69530,1,0,0,1,2,0,4,3,0,0,0,0,0,100978,1,2,2021,1/1/2022,
980,SYNTHETIC COMPANY 00979,SYNTHETIC SITE 00979,,1 Example Way,Nowhere,ZZ,00000,3251,SYNTHETIC INDUSTRY,88,176621,2,0,0,0,0,0,0,0,0,0,0,0,0,100979,1,2,2021,1/1/2022,
981,SYNTHETIC COMPANY 00980,SYNTHETIC SITE 00980,,1 Example Way,Nowhere,ZZ,00000,3251,SYNTHETIC INDUSTRY,77,164253,1,0,7,2,9,49,8,18,0,0,0,0,0,100980,1,2,2021,1/1/2022,
982,SYNTHETIC COMPANY 00981,SYNTHETIC SITE 00981,,1 Example Way,Nowhere,ZZ,00000,4451,SYNTHETIC INDUSTRY,14,26814,2,0,0,0,0,0,0,0,0,0,0,0,0,100981,1,2,2021,1/1/2022,
983,SYNTHETIC COMPANY 00982,SYNTHETIC SITE 00982,,1 Example Way,Nowhere,ZZ,00000,6221,SYNTHETIC INDUSTRY,66,97184,1,0,2,1,3,14,4,6,0,0,0,0,0,100982,1,2,2021,1/1/2022,
984,SYNTHETIC COMPANY 00983,SYNTHETIC SITE 00983,,1 Example Way,Nowhere,ZZ,00000,4841,SYNTHETIC INDUSTRY,560,1276695,1,0,24,6,22,168,24,52,0,0,0,0,0,100983,1,2,2021,1/1/2022,
985,SYNTHETIC COMPANY 00984,SYNTHETIC SITE 00984,,1 Example Way,Nowhere,ZZ,00000,2361,SYNTHETIC INDUSTRY,24,41414,2,0,0,0,0,0,0,0,0,0,0,0,0,100984,1,2,2021,1/1/2022,
986,SYNTHETIC COMPANY 00985,SYNTHETIC SITE 00985,,1 Example Way,Nowhere,ZZ,00000,3328,SYNTHETIC INDUSTRY,238,439640,1,0,8,5,7,56,20,20,0,0,0,0,0,100985,1,2,2021,1/1/2022,
987,SYNTHETIC COMPANY 00986,SYNTHETIC SITE 00986,,1 Example Way,Nowhere,ZZ,00000,3251,SYNTHETIC INDUSTRY,16,25187,2,0,0,0,0,0,0,0,0,0,0,0,0,100986,1,2,2021,1/1/2022,
988,SYNTHETIC COMPANY 00987,SYNTHETIC SITE 00987,,1 Example Way,Nowhere,ZZ,00000,4841,SYNTHETIC INDUSTRY,105,153222,2,0,0,0,0,0,0,0,0,0,0,0,0,100987,1,2,2021,1/1/2022,
989,SYNTHETIC COMPANY 00988,SYNTHETIC SITE 00988,,1 Example Way,Nowhere,ZZ,00000,3252,SYNTHETIC INDUSTRY,13,17472,2,0,0,0,0,0,0,0,0,0,0,0,0,100988,1,2,2021,1/1/2022,
990,SYNTHETIC COMPANY 00989,SYNTHETIC SITE 00989,,1 Example Way,Nowhere,ZZ,00000,3115,SYNTHETIC INDUSTRY,49,103563,2,0,0,0,0,0,0,0,0,0,0,0,0,100989,1,2,2021,1/1/2022,
991,SYNTHETIC COMPANY 00990,SYNTHETIC SITE 00990,,1 Example Way,Nowhere,ZZ,00000,4841,SYNTHETIC INDUSTRY,21,39054,2,0,0,0,0,0,0,0,0,0,0,0,0,100990,1,2,2021,1/1/2022,
992,SYNTHETIC COMPANY 00991,SYNTHETIC SITE 00991,,1 Example Way,Nowhere,ZZ,00000,4451,SYNTHETIC INDUSTRY,310,584244,2,0,0,0,0,0,0,0,0,0,0,0,0,100991,1,2,2021,1/1/2022,
993,SYNTHETIC COMPANY 00992,SYNTHETIC SITE 00992,,1 Example Way,Nowhere,ZZ,00000,4451,SYNTHETIC INDUSTRY,17,25734,2,0,0,0,0,0,0,0,0,0,0,0,0,100992,1,2,2021,1/1/2022,
994,SYNTHETIC COMPANY 00993,SYNTHETIC SITE 00993,,1 Example Way,Nowhere,ZZ,00000,2361,SYNTHETIC INDUSTRY,783,1382887,1,0,29,18,29,203,72,76,0,0,0,0,0,100993,1,2,2021,1/1/2022,
995,SYNTHETIC COMPANY 00994,SYNTHETIC SITE 00994,,1 Example Way,Nowhere,ZZ,00000,4841,SYNTHETIC INDUSTRY,25,41161,2,0,0,0,0,0,0,0,0,0,0,0,0,100994,1,2,2021,1/1/2022,
996,SYNTHETIC COMPANY 00995,SYNTHETIC SITE 00995,,1 Example Way,Nowhere,ZZ,00000,3251,SYNTHETIC INDUSTRY,56,99183,1,0,1,0,1,7,0,2,0,0,0,0,0,100995,1,2,2021,1/1/2022,
997,SYNTHETIC COMPANY 00996,SYNTHETIC SITE 00996,,1 Example Way,Nowhere,ZZ,00000,3252,SYNTHETIC INDUSTRY,42,78683,1,0,1,0,0,7,0,1,0,0,0,0,0,100996,1,2,2021,1/1/2022,
998,SYNTHETIC COMPANY 00997,SYNTHETIC SITE 00997,,1 Example Way,Nowhere,ZZ,00000,2361,SYNTHETIC INDUSTRY,13,25038,2,0,0,0,0,0,0,0,0,0,0,0,0,100997,1,2,2021,1/1/2022,
999,SYNTHETIC COMPANY 00998,SYNTHETIC SITE 00998,,1 Example Way,Nowhere,ZZ,00000,4451,SYNTHETIC INDUSTRY,101,217777,1,0,2,1,1,14,4,4,0,0,0,0,0,100998,1,2,2021,1/1/2022,
1000,SYNTHETIC COMPANY 00999,SYNTHETIC SITE 00999,,1 Example Way,Nowhere,ZZ,00000,3115,SYNTHETIC INDUSTRY,240,499084,1,0,1,0,3,7,0,4,0,0,0,0,0,100999,1,2,2021,1/1/2022,
1001,SYNTHETIC COMPANY 01000,SYNTHETIC SITE 01000,,1 Example Way,Nowhere,ZZ,00000,3115,SYNTHETIC INDUSTRY,16,34387,2,0,0,0,0,0,0,0,0,0,0,0,0,101000,1,2,2021,1/1/2022,
1002,SYNTHETIC COMPANY 01001,SYNTHETIC SITE 01001,,1 Example Way,Nowhere,ZZ,00000,2361,SYNTHETIC INDUSTRY,144,229066,1,0,0,0,1,0,0,1,0,0,0,0,0,101001,1,2,2021,1/1/2022,
1003,SYNTHETIC COMPANY 01002,SYNTHETIC SITE 01002,,1 Example Way,Nowhere,ZZ,00000,4451,SYNTHETIC INDUSTRY,19,35380,2,0,0,0,0,0,0,0,0,0,0,0,0,101002,1,2,2021,1/1/2022,
1004,SYNTHETIC COMPANY 01003,SYNTHETIC SITE 01003,,1 Example Way,Nowhere,ZZ,00000,3328,SYNTHETIC INDUSTRY,6,10148,1,0,0,0,1,0,0,1,0,0,0,0,0,101003,1,2,2021,1/1/2022,
1005,SYNTHETIC COMPANY 01004,SYNTHETIC SITE 01004,,1 Example Way,Nowhere,ZZ,00000,4841,SYNTHETIC INDUSTRY,42,7338700000,2,0,0,0,0,0,0,0,0,0,0,0,0,101004,1,2,2021,1/1/2022,
1006,SYNTHETIC COMPANY 01005,SYNTHETIC SITE 01005,,1 Example Way,Nowhere,ZZ,00000,3115,SYNTHETIC INDUSTRY,73,157824,2,0,0,0,0,0,0,0,0,0,0,0,0,101005,1,2,2021,1/1/2022,
1007,SYNTHETIC COMPANY 01006,SYNTHETIC SITE 01006,,1 Example Way,Nowhere,ZZ,00000,3251,SYNTHETIC INDUSTRY,87,150730000,2,0,0,0,0,0,0,0,0,0,0,0,0,101006,1,2,2021,1/1/2022,
1008,SYNTHETIC COMPANY 01007,SYNTHETIC SITE 01007,,1 Example Way,Nowhere,ZZ,00000,6221,SYNTHETIC INDUSTRY,40,72384,1,0,0,0,1,0,0,1,0,0,0,0,0,101007,1,2,2021,1/1/2022,
1009,SYNTHETIC COMPANY 01008,SYNTHETIC SITE 01008,,1 Example Way,Nowhere,ZZ,00000,4841,SYNTHETIC INDUSTRY,567,1026319,1,0,10,3,14,70,12,27,0,0,0,0,0,101008,1,2,2021,1/1/2022,
1010,SYNTHETIC COMPANY 01009,SYNTHETIC SITE 01009,,1 Example Way,Nowhere,ZZ,00000,3251,SYNTHETIC INDUSTRY,53,98204,2,0,0,0,0,0,0,0,0,0,0,0,0,101009,1,2,2021,1/1/2022,
1011,SYNTHETIC COMPANY 01010,SYNTHETIC SITE 01010,,1 Example Way,Nowhere,ZZ,00000,3251,SYNTHETIC INDUSTRY,137,25164900,1,0,0,0,1,0,0,1,0,0,0,0,0,101010,1,2,2021,1/1/2022,
1012,SYNTHETIC COMPANY 01011,SYNTHETIC SITE 01011,,1 Example Way,Nowhere,ZZ,00000,2361,SYNTHETIC INDUSTRY,25,48981,1,0,1,0,0,7,0,1,0,0,0,0,0,101011,1,2,2021,1/1/2022,
1013,SYNTHETIC COMPANY 01012,SYNTHETIC SITE 01012,,1 Example Way,Nowhere,ZZ,00000,6221,SYNTHETIC INDUSTRY,45,97184,2,0,0,0,0,0,0,0,0,0,0,0,0,101012,1,2,2021,1/1/2022,
1014,SYNTHETIC COMPANY 01013,SYNTHETIC SITE 01013,,1 Example Way,Nowhere,ZZ,00000,4451,SYNTHETIC INDUSTRY,92,207551,1,0,4,2,1,28,8,7,0,0,0,0,0,101013,1,2,2021,1/1/2022,
1015,SYNTHETIC COMPANY 01014,SYNTHETIC SITE 01014,,1 Example Way,Nowhere,ZZ,00000,3252,SYNTHETIC INDUSTRY,72,111992,1,0,0,0,1,0,0,1,0,0,0,0,0,101014,1,2,2021,1/1/2022,
1016,SYNTHETIC COMPANY 01015,SYNTHETIC SITE 01015,,1 Example Way,Nowhere,ZZ,00000,3115,SYNTHETIC INDUSTRY,7,13127,2,0,0,0,0,0,0,0,0,0,0,0,0,101015,1,2,2021,1/1/2022,
1017,SYNTHETIC COMPANY 01016,SYNTHETIC SITE 01016,,1 Example Way,Nowhere,ZZ,00000,3328,SYNTHETIC INDUSTRY,91,143943,1,0,1,1,0,7,4,2,0,0,0,0,0,101016,1,2,2021,1/1/2022,
1018,SYNTHETIC COMPANY 01017,SYNTHETIC SITE 01017,,1 Example Way,Nowhere,ZZ,00000,4451,SYNTHETIC INDUSTRY,419,770289,1,0,0,0,1,0,0,1,0,0,0,0,0,101017,1,2,2021,1/1/2022,
1019,SYNTHETIC COMPANY 01018,SYNTHETIC SITE 01018,,1 Example Way,Nowhere,ZZ,00000,4841,SYNTHETIC INDUSTRY,26,46625,2,0,0,0,0,0,0,0,0,0,0,0,0,101018,1,2,2021,1/1/2022,
1020,SYNTHETIC COMPANY 01019,SYNTHETIC SITE 01019,,1 Example Way,Nowhere,ZZ,00000,3252,SYNTHETIC INDUSTRY,36,73835,1,0,2,0,0,14,0,2,0,0,0,0,0,101019,1,2,2021,1/1/2022,
1021,SYNTHETIC COMPANY 01020,SYNTHETIC SITE 01020,,1 Example Way,Nowhere,ZZ,00000,4451,SYNTHETIC INDUSTRY,48,79707,2,0,0,0,0,0,0,0,0,0,0,0,0,101020,1,2,2021,1/1/2022,
1022,SYNTHETIC COMPANY 01021,SYNTHETIC SITE 01021,,1 Example Way,Nowhere,ZZ,00000,3251,SYNTHETIC INDUSTRY,35,66711,1,0,1,1,2,7,4,4,0,0,0,0,0,101021,1,2,2021,1/1/2022,
1023,SYNTHETIC COMPANY 01022,SYNTHETIC SITE 01022,,1 Example Way,Nowhere,ZZ,00000,3252,SYNTHETIC INDUSTRY,55,72339,1,0,2,0,3,14,0,5,0,0,0,0,0,101022,1,2,2021,1/1/2022,
1024,SYNTHETIC COMPANY 01023,SYNTHETIC SITE 01023,,1 Example Way,Nowhere,ZZ,00000,6221,SYNTHETIC INDUSTRY,90,137280,1,0,1,0,0,7,0,1,0,0,0,0,0,101023,1,2,2021,1/1/2022,
1025,SYNTHETIC COMPANY 01024,SYNTHETIC SITE 01024,,1 Example Way,Nowhere,ZZ,00000,3251,SYNTHETIC INDUSTRY,95,207044,2,0,0,0,0,0,0,0,0,0,0,0,0,101024,1,2,2021,1/1/2022,
1026,SYNTHETIC COMPANY 01025,SYNTHETIC SITE 01025,,1 Example Way,Nowhere,ZZ,00000,6221,SYNTHETIC INDUSTRY,7,14264,2,0,0,0,0,0,0,0,0,0,0,0,0,101025,1,2,2021,1/1/2022,
1027,SYNTHETIC COMPANY 01026,SYNTHETIC SITE 01026,,1 Example Way,Nowhere,ZZ,00000,4451,SYNTHETIC INDUSTRY,181,289928,2,0,0,0,0,0,0,0,0,0,0,0,0,101026,1,2,2021,1/1/2022,
1028,SYNTHETIC COMPANY 01027,SYNTHETIC SITE 01027,,1 Example Way,Nowhere,ZZ,00000,6221,SYNTHETIC INDUSTRY,300,628572,1,0,1,1,1,7,4,3,0,0,0,0,0,101027,1,2,2021,1/1/2022,
1029,SYNTHETIC COMPANY 01028,SYNTHETIC SITE 01028,,1 Example Way,Nowhere,ZZ,00000,3115,SYNTHETIC INDUSTRY,33,71283,2,0,0,0,0,0,0,0,0,0,0,0,0,101028,1,2,2021,1/1/2022,
1030,SYNTHETIC COMPANY 01029,SYNTHETIC SITE 01029,,1 Example Way,Nowhere,ZZ,00000,2361,SYNTHETIC INDUSTRY,49,103846,1,0,0,0,1,0,0,1,0,0,0,0,0,101029,1,2,2021,1/1/2022,
1031,SYNTHETIC COMPANY 01030,SYNTHETIC SITE 01030,,1 Example Way,Nowhere,ZZ,00000,2361,SYNTHETIC INDUSTRY,53,112263,1,0,3,0,0,21,0,3,0,0,0,0,0,101030,1,2,2021,1/1/2022,
1032,SYNTHETIC COMPANY 01031,SYNTHETIC SITE 01031,,1 Example Way,Nowhere,ZZ,00000,3252,SYNTHETIC INDUSTRY,47,89145,2,0,0,0,0,0,0,0,0,0,0,0,0,101031,1,2,2021,1/1/2022,
1033,SYNTHETIC COMPANY 01032,SYNTHETIC SITE 01032,,1 Example Way,Nowhere,ZZ,00000,3328,SYNTHETIC INDUSTRY,7,11812,2,0,0,0,0,0,0,0,0,0,0,0,0,101032,1,2,2021,1/1/2022,
1034,SYNTHETIC COMPANY 01033,SYNTHETIC SITE 01033,,1 Example Way,Nowhere,ZZ,00000,3328,SYNTHETIC INDUSTRY,33,76100,1,0,0,0,1,0,0,1,0,0,0,0,0,101033,1,2,2021,1/1/2022,
1035,SYNTHETIC COMPANY 01034,SYNTHETIC SITE 01034,,1 Example Way,Nowhere,ZZ,00000,3328,SYNTHETIC INDUSTRY,181,366149,2,0,0,0,0,0,0,0,0,0,0,0,0,101034,1,2,2021,1/1/2022,
1036,SYNTHETIC COMPANY 01035,SYNTHETIC SITE 01035,,1 Example Way,Nowhere,ZZ,00000,3251,SYNTHETIC INDUSTRY,609,1284365,1,0,9,5,5,63,20,19,0,0,0,0,0,101035,1,2,2021,1/1/2022,
1037,SYNTHETIC COMPANY 01036,SYNTHETIC SITE 01036,,1 Example Way,Nowhere,ZZ,00000,3115,SYNTHETIC INDUSTRY,13,28289,2,0,0,0,0,0,0,0,0,0,0,0,0,101036,1,2,2021,1/1/2022,
1038,SYNTHETIC COMPANY 01037,SYNTHETIC SITE 01037,,1 Example Way,Nowhere,ZZ,00000,6221,SYNTHETIC INDUSTRY,73,133692,1,0,1,0,0,7,0,1,0,0,0,0,0,101037,1,2,2021,1/1/2022,
1039,SYNTHETIC COMPANY 01038,SYNTHETIC SITE 01038,,1 Example Way,Nowhere,ZZ,00000,4841,SYNTHETIC INDUSTRY,15,32197,1,0,0,1,0,0,4,1,0,0,0,0,0,101038,1,2,2021,1/1/2022,
1040,SYNTHETIC COMPANY 01039,SYNTHETIC SITE 01039,,1 Example Way,Nowhere,ZZ,00000,6221,SYNTHETIC INDUSTRY,41,74364,2,0,0,0,0,0,0,0,0,0,0,0,0,101039,1,2,2021,1/1/2022,
1041,SYNTHETIC COMPANY 01040,SYNTHETIC SITE 01040,,1 Example Way,Nowhere,ZZ,00000,3251,SYNTHETIC INDUSTRY,16,30141,2,0,0,0,0,0,0,0,0,0,0,0,0,101040,1,2,2021,1/1/2022,
1042,SYNTHETIC COMPANY 01041,SYNTHETIC SITE 01041,,1 Example Way,Nowhere,ZZ,00000,3328,SYNTHETIC INDUSTRY,8,16201,1,0,0,0,1,0,0,1,0,0,0,0,0,101041,1,2,2021,1/1/2022,
1043,SYNTHETIC COMPANY 01042,SYNTHETIC SITE 01042,,1 Example Way,Nowhere,ZZ,00000,4841,SYNTHETIC INDUSTRY,14,24301,2,0,0,0,0,0,0,0,0,0,0,0,0,101042,1,2,2021,1/1/2022,
1044,SYNTHETIC COMPANY 01043,SYNTHETIC SITE 01043,,1 Example Way,Nowhere,ZZ,00000,3251,SYNTHETIC INDUSTRY,14,24262,2,0,0,0,0,0,0,0,0,0,0,0,0,101043,1,2,2021,1/1/2022,
1045,SYNTHETIC COMPANY 01044,SYNTHETIC SITE 01044,,1 Example Way,Nowhere,ZZ,00000,4841,SYNTHETIC INDUSTRY,79,177855,2,0,0,0,0,0,0,0,0,0,0,0,0,101044,1,2,2021,1/1/2022,
1046,SYNTHETIC COMPANY 01045,SYNTHETIC SITE 01045,,1 Example Way,Nowhere,ZZ,00000,2361,SYNTHETIC INDUSTRY,38,68572,2,0,0,0,0,0,0,0,0,0,0,0,0,101045,1,2,2021,1/1/2022,
1047,SYNTHETIC COMPANY 01046,SYNTHETIC SITE 01046,,1 Example Way,Nowhere,ZZ,00000,4451,SYNTHETIC INDUSTRY,9,12515,2,0,0,0,0,0,0,0,0,0,0,0,0,101046,1,2,2021,1/1/2022,
1048,SYNTHETIC COMPANY 01047,SYNTHETIC SITE 01047,,1 Example Way,Nowhere,ZZ,00000,4451,SYNTHETIC INDUSTRY,10,22127,1,0,1,1,0,7,4,2,0,0,0,0,0,101047,1,2,2021,1/1/2022,
1049,SYNTHETIC COMPANY 01048,SYNTHETIC SITE 01048,,1 Example Way,Nowhere,ZZ,00000,4841,SYNTHETIC INDUSTRY,14,23305,2,0,0,0,0,0,0,0,0,0,0,0,0,101048,1,2,2021,1/1/2022,
1050,SYNTHETIC COMPANY 01049,SYNTHETIC SITE 01049,,1 Example Way,Nowhere,ZZ,00000,3252,SYNTHETIC INDUSTRY,63,126721,2,0,0,0,0,0,0,0,0,0,0,0,0,101049,1,2,2021,1/1/2022,
1051,SYNTHETIC COMPANY 01050,SYNTHETIC SITE 01050,,1 Example Way,Nowhere,ZZ,00000,3252,SYNTHETIC INDUSTRY,29,49951,2,0,0,0,0,0,0,0,0,0,0,0,0,101050,1,2,2021,1/1/2022,
1052,SYNTHETIC COMPANY 01051,SYNTHETIC SITE 01051,,1 Example Way,Nowhere,ZZ,00000,4841,SYNTHETIC INDUSTRY,72,106684,2,0,0,0,0,0,0,0,0,0,0,0,0,101051,1,2,2021,1/1/2022,
1053,SYNTHETIC COMPANY 01052,SYNTHETIC SITE 01052,,1 Example Way,Nowhere,ZZ,00000,2361,SYNTHETIC INDUSTRY,37,70687,2,0,0,0,0,0,0,0,0,0,0,0,0,101052,1,2,2021,1/1/2022,
1054,SYNTHETIC COMPANY 01053,SYNTHETIC SITE 01053,,1 Example Way,Nowhere,ZZ,00000,3328,SYNTHETIC INDUSTRY,30,72366,2,0,0,0,0,0,0,0,0,0,0,0,0,101053,1,2,2021,1/1/2022,
1055,SYNTHETIC COMPANY 01054,SYNTHETIC SITE 01054,,1 Example Way,Nowhere,ZZ,00000,2361,SYNTHETIC INDUSTRY,12,20004,2,0,0,0,0,0,0,0,0,0,0,0,0,101054,1,2,2021,1/1/2022,
1056,SYNTHETIC COMPANY 01055,SYNTHETIC SITE 01055,,1 Example Way,Nowhere,ZZ,00000,3252,SYNTHETIC INDUSTRY,189,315069,1,0,3,2,2,21,8,7,0,0,0,0,0,101055,1,2,2021,1/1/2022,
1057,SYNTHETIC COMPANY 01056,SYNTHETIC SITE 01056,,1 Example Way,Nowhere,ZZ,00000,3251,SYNTHETIC INDUSTRY,24,49465,1,0,0,1,0,0,4,1,0,0,0,0,0,101056,1,2,2021,1/1/2022,
1058,SYNTHETIC COMPANY 01057,SYNTHETIC SITE 01057,,1 Example Way,Nowhere,ZZ,00000,3328,SYNTHETIC INDUSTRY,20,40558,2,0,0,0,0,0,0,0,0,0,0,0,0,101057,1,2,2021,1/1/2022,
1059,SYNTHETIC COMPANY 01058,SYNTHETIC SITE 01058,,1 Example Way,Nowhere,ZZ,00000,3252,SYNTHETIC INDUSTRY,121,181743,2,0,0,0,0,0,0,0,0,0,0,0,0,101058,1,2,2021,1/1/2022,
1060,SYNTHETIC COMPANY 01059,SYNTHETIC SITE 01059,,1 Example Way,Nowhere,ZZ,00000,3252,SYNTHETIC INDUSTRY,24,56136,2,0,0,0,0,0,0,0,0,0,0,0,0,101059,1,2,2021,1/1/2022,
1061,SYNTHETIC COMPANY 01060,SYNTHETIC SITE 01060,,1 Example Way,Nowhere,ZZ,00000,3115,SYNTHETIC INDUSTRY,71,155867,2,0,0,0,0,0,0,0,0,0,0,0,0,101060,1,2,2021,1/1/2022,
1062,SYNTHETIC COMPANY 01061,SYNTHETIC SITE 01061,,1 Example Way,Nowhere,ZZ,00000,4841,SYNTHETIC INDUSTRY,130,228714,1,0,0,0,2,0,0,2,0,0,0,0,0,101061,1,2,2021,1/1/2022,
1063,SYNTHETIC COMPANY 01062,SYNTHETIC SITE 01062,,1 Example Way,Nowhere,ZZ,00000,3252,SYNTHETIC INDUSTRY,15,25593,2,0,0,0,0,0,0,0,0,0,0,0,0,101062,1,2,2021,1/1/2022,
1064,SYNTHETIC COMPANY 01063,SYNTHETIC SITE 01063,,1 Example Way,Nowhere,ZZ,00000,4841,SYNTHETIC INDUSTRY,81,160430,1,0,0,1,1,0,4,2,0,0,0,0,0,101063,1,2,2021,1/1/2022,
1065,SYNTHETIC COMPANY 01064,SYNTHETIC SITE 01064,,1 Example Way,Nowhere,ZZ,00000,3251,SYNTHETIC INDUSTRY,4,9006,2,0,0,0,0,0,0,0,0,0,0,0,0,101064,1,2,2021,1/1/2022,
1066,SYNTHETIC COMPANY 01065,SYNTHETIC SITE 01065,,1 Example Way,Nowhere,ZZ,00000,3115,SYNTHETIC INDUSTRY,118,200682,1,0,6,0,4,42,0,10,0,0,0,0,0,101065,1,2,2021,1/1/2022,
1067,SYNTHETIC COMPANY 01066,SYNTHETIC SITE 01066,,1 Example Way,Nowhere,ZZ,00000,3115,SYNTHETIC INDUSTRY,93,193583,1,0,5,1,3,35,4,9,0,0,0,0,0,101066,1,2,2021,1/1/2022,
1068,SYNTHETIC COMPANY 01067,SYNTHETIC SITE 01067,,1 Example Way,Nowhere,ZZ,00000,6221,SYNTHETIC INDUSTRY,73,116532,1,0,6,3,2,42,12,11,0,0,0,0,0,101067,1,2,2021,1/1/2022,
1069,SYNTHETIC COMPANY 01068,SYNTHETIC SITE 01068,,1 Example Way,Nowhere,ZZ,00000,4841,SYNTHETIC INDUSTRY,22,46059,2,0,0,0,0,0,0,0,0,0,0,0,0,101068,1,2,2021,1/1/2022,
1070,SYNTHETIC COMPANY 01069,SYNTHETIC SITE 01069,,1 Example Way,Nowhere,ZZ,00000,3115,SYNTHETIC INDUSTRY,19,35354,2,0,0,0,0,0,0,0,0,0,0,0,0,101069,1,2,2021,1/1/2022,
1071,SYNTHETIC COMPANY 01070,SYNTHETIC SITE 01070,,1 Example Way,Nowhere,ZZ,00000,3328,SYNTHETIC INDUSTRY,34,58782,2,0,0,0,0,0,0,0,0,0,0,0,0,101070,1,2,2021,1/1/2022,
1072,SYNTHETIC COMPANY 01071,SYNTHETIC SITE 01071,,1 Example Way,Nowhere,ZZ,00000,3328,SYNTHETIC INDUSTRY,786,1361080,2,0,0,0,0,0,0,0,0,0,0,0,0,101071,1,2,2021,1/1/2022,
1073,SYNTHETIC COMPANY 01072,SYNTHETIC SITE 01072,,1 Example Way,Nowhere,ZZ,00000,3115,SYNTHETIC INDUSTRY,10,21100,2,0,0,0,0,0,0,0,0,0,0,0,0,101072,1,2,2021,1/1/2022,
1074,SYNTHETIC COMPANY 01073,SYNTHETIC SITE 01073,,1 Example Way,Nowhere,ZZ,00000,2361,SYNTHETIC INDUSTRY,23,38235,2,0,0,0,0,0,0,0,0,0,0,0,0,101073,1,2,2021,1/1/2022,
1075,SYNTHETIC COMPANY 01074,SYNTHETIC SITE 01074,,1 Example Way,Nowhere,ZZ,00000,6221,SYNTHETIC INDUSTRY,121,216890,2,0,0,0,0,0,0,0,0,0,0,0,0,101074,1,2,2021,1/1/2022,
1076,SYNTHETIC COMPANY 01075,SYNTHETIC SITE 01075,,1 Example Way,Nowhere,ZZ,00000,3328,SYNTHETIC INDUSTRY,31,75254,2,0,0,0,0,0,0,0,0,0,0,0,0,101075,1,2,2021,1/1/2022,
1077,SYNTHETIC COMPANY 01076,SYNTHETIC SITE 01076,,1 Example Way,Nowhere,ZZ,00000,6221,SYNTHETIC INDUSTRY,40,70616,2,0,0,0,0,0,0,0,0,0,0,0,0,101076,1,2,2021,1/1/2022,
1078,SYNTHETIC COMPANY 01077,SYNTHETIC SITE 01077,,1 Example Way,Nowhere,ZZ,00000,3252,SYNTHETIC INDUSTRY,230,380133,1,0,3,8,5,21,32,16,0,0,0,0,0,101077,1,2,2021,1/1/2022,
1079,SYNTHETIC COMPANY 01078,SYNTHETIC SITE 01078,,1 Example Way,Nowhere,ZZ,00000,6221,SYNTHETIC INDUSTRY,31,42560,2,0,0,0,0,0,0,0,0,0,0,0,0,101078,1,2,2021,1/1/2022,
1080,SYNTHETIC COMPANY 01079,SYNTHETIC SITE 01079,,1 Example Way,Nowhere,ZZ,00000,6221,SYNTHETIC INDUSTRY,72,112464,1,0,2,0,0,14,0,2,0,0,0,0,0,101079,1,2,2021,1/1/2022,
1081,SYNTHETIC COMPANY 01080,SYNTHETIC SITE 01080,,1 Example Way,Nowhere,ZZ,00000,3252,SYNTHETIC INDUSTRY,21,44104,2,0,0,0,0,0,0,0,0,0,0,0,0,101080,1,2,2021,1/1/2022,
1082,SYNTHETIC COMPANY 01081,SYNTHETIC SITE 01081,,1 Example Way,Nowhere,ZZ,00000,3328,SYNTHETIC INDUSTRY,58,102764,1,0,0,1,0,0,4,1,0,0,0,0,0,101081,1,2,2021,1/1/2022,
1083,SYNTHETIC COMPANY 01082,SYNTHETIC SITE 01082,,1 Example Way,Nowhere,ZZ,00000,3328,SYNTHETIC INDUSTRY,22,48146,1,0,1,0,0,7,0,1,0,0,0,0,0,101082,1,2,2021,1/1/2022,
1084,SYNTHETIC COMPANY 01083,SYNTHETIC SITE 01083,,1 Example Way,Nowhere,ZZ,00000,2361,SYNTHETIC INDUSTRY,453,960039,2,0,0,0,0,0,0,0,0,0,0,0,0,101083,1,2,2021,1/1/2022,
1085,SYNTHETIC COMPANY 01084,SYNTHETIC SITE 01084,,1 Example Way,Nowhere,ZZ,00000,3115,SYNTHETIC INDUSTRY,34,67127,1,0,3,1,0,21,4,4,0,0,0,0,0,101084,1,2,2021,1/1/2022,
1086,SYNTHETIC COMPANY 01085,SYNTHETIC SITE 01085,,1 Example Way,Nowhere,ZZ,00000,4841,SYNTHETIC INDUSTRY,6,10813,2,0,0,0,0,0,0,0,0,0,0,0,0,101085,1,2,2021,1/1/2022,
1087,SYNTHETIC COMPANY 01086,SYNTHETIC SITE 01086,,1 Example Way,Nowhere,ZZ,00000,6221,SYNTHETIC INDUSTRY,30,44779,1,0,1,1,1,7,4,3,0,0,0,0,0,101086,1,2,2021,1/1/2022,
1088,SYNTHETIC COMPANY 01087,SYNTHETIC SITE 01087,,1 Example Way,Nowhere,ZZ,00000,4451,SYNTHETIC INDUSTRY,48,92886,2,0,0,0,0,0,0,0,0,0,0,0,0,101087,1,2,2021,1/1/2022,
1089,SYNTHETIC COMPANY 01088,SYNTHETIC SITE 01088,,1 Example Way,Nowhere,ZZ,00000,3115,SYNTHETIC INDUSTRY,7,11231,2,0,0,0,0,0,0,0,0,0,0,0,0,101088,1,2,2021,1/1/2022,
1090,SYNTHETIC COMPANY 01089,SYNTHETIC SITE 01089,,1 Example Way,Nowhere,ZZ,00000,3252,SYNTHETIC INDUSTRY,50,70786,2,0,0,0,0,0,0,0,0,0,0,0,0,101089,1,2,2021,1/1/2022,
1091,SYNTHETIC COMPANY 01090,SYNTHETIC SITE 01090,,1 Example Way,Nowhere,ZZ,00000,6221,SYNTHETIC INDUSTRY,127,245669,1,0,3,1,1,21,4,5,0,0,0,0,0,101090,1,2,2021,1/1/2022,
1092,SYNTHETIC COMPANY 01091,SYNTHETIC SITE 01091,,1 Example Way,Nowhere,ZZ,00000,3328,SYNTHETIC INDUSTRY,28,59317,2,0,0,0,0,0,0,0,0,0,0,0,0,101091,1,2,2021,1/1/2022,
1093,SYNTHETIC COMPANY 01092,SYNTHETIC SITE 01092,,1 Example Way,Nowhere,ZZ,00000,4841,SYNTHETIC INDUSTRY,406,862369,1,0,3,0,4,21,0,7,0,0,0,0,0,101092,1,2,2021,1/1/2022,
1094,SYNTHETIC COMPANY 01093,SYNTHETIC SITE 01093,,1 Example Way,Nowhere,ZZ,00000,2361,SYNTHETIC INDUSTRY,333,505423,2,0,0,0,0,0,0,0,0,0,0,0,0,101093,1,2,2021,1/1/2022,
1095,SYNTHETIC COMPANY 01094,SYNTHETIC SITE 01094,,1 Example Way,Nowhere,ZZ,00000,4841,SYNTHETIC INDUSTRY,83,167460,2,0,0,0,0,0,0,0,0,0,0,0,0,101094,1,2,2021,1/1/2022,
1096,SYNTHETIC COMPANY 01095,SYNTHETIC SITE 01095,,1 Example Way,Nowhere,ZZ,00000,3251,SYNTHETIC INDUSTRY,39,80331,2,0,0,0,0,0,0,0,0,0,0,0,0,101095,1,2,2021,1/1/2022,
1097,SYNTHETIC COMPANY 01096,SYNTHETIC SITE 01096,,1 Example Way,Nowhere,ZZ,00000,4451,SYNTHETIC INDUSTRY,16,27501,2,0,0,0,0,0,0,0,0,0,0,0,0,101096,1,2,2021,1/1/2022,
1098,SYNTHETIC COMPANY 01097,SYNTHETIC SITE 01097,,1 Example Way,Nowhere,ZZ,00000,3251,SYNTHETIC INDUSTRY,35,53584,1,0,1,0,0,7,0,1,0,0,0,0,0,101097,1,2,2021,1/1/2022,
1099,SYNTHETIC COMPANY 01098,SYNTHETIC SITE 01098,,1 Example Way,Nowhere,ZZ,00000,4841,SYNTHETIC INDUSTRY,25,46095,2,0,0,0,0,0,0,0,0,0,0,0,0,101098,1,2,2021,1/1/2022,
1100,SYNTHETIC COMPANY 01099,SYNTHETIC SITE 01099,,1 Example Way,Nowhere,ZZ,00000,3251,SYNTHETIC INDUSTRY,48,76956,1,0,1,0,1,7,0,2,0,0,0,0,0,101099,1,2,2021,1/1/2022,
1101,SYNTHETIC COMPANY 01100,SYNTHETIC SITE 01100,,1 Example Way,Nowhere,ZZ,00000,3252,SYNTHETIC INDUSTRY,47,67549,2,0,0,0,0,0,0,0,0,0,0,0,0,101100,1,2,2021,1/1/2022,
1102,SYNTHETIC COMPANY 01101,SYNTHETIC SITE 01101,,1 Example Way,Nowhere,ZZ,00000,4451,SYNTHETIC INDUSTRY,195,411583,1,0,0,0,1,0,0,1,0,0,0,0,0,101101,1,2,2021,1/1/2022,
1103,SYNTHETIC COMPANY 01102,SYNTHETIC SITE 01102,,1 Example Way,Nowhere,ZZ,00000,4841,SYNTHETIC INDUSTRY,14,19090,1,0,0,0,2,0,0,2,0,0,0,0,0,101102,1,2,2021,1/1/2022,
1104,SYNTHETIC COMPANY 01103,SYNTHETIC SITE 01103,,1 Example Way,Nowhere,ZZ,00000,3252,SYNTHETIC INDUSTRY,24,51119,2,0,0,0,0,0,0,0,0,0,0,0,0,101103,1,2,2021,1/1/2022,
1105,SYNTHETIC COMPANY 01104,SYNTHETIC SITE 01104,,1 Example Way,Nowhere,ZZ,00000,3251,SYNTHETIC INDUSTRY,124,210436,1,0,1,2,1,7,8,4,0,0,0,0,0,101104,1,2,2021,1/1/2022,
1106,SYNTHETIC COMPANY 01105,SYNTHETIC SITE 01105,,1 Example Way,Nowhere,ZZ,00000,2361,SYNTHETIC INDUSTRY,46,81051,2,0,0,0,0,0,0,0,0,0,0,0,0,101105,1,2,2021,1/1/2022,
1107,SYNTHETIC COMPANY 01106,SYNTHETIC SITE 01106,,1 Example Way,Nowhere,ZZ,00000,2361,SYNTHETIC INDUSTRY,41,73331,2,0,0,0,0,0,0,0,0,0,0,0,0,101106,1,2,2021,1/1/2022,
1108,SYNTHETIC COMPANY 01107,SYNTHETIC SITE 01107,,1 Example Way,Nowhere,ZZ,00000,3328,SYNTHETIC INDUSTRY,143,211471,2,0,0,0,0,0,0,0,0,0,0,0,0,101107,1,2,2021,1/1/2022,
1109,SYNTHETIC COMPANY 01108,SYNTHETIC SITE 01108,,1 Example Way,Nowhere,ZZ,00000,3328,SYNTHETIC INDUSTRY,469,685284,1,0,1,0,0,7,0,1,0,0,0,0,0,101108,1,2,2021,1/1/2022,
1110,SYNTHETIC COMPANY 01109,SYNTHETIC SITE 01109,,1 Example Way,Nowhere,ZZ,00000,3115,SYNTHETIC INDUSTRY,76,115095,1,0,1,0,0,7,0,1,0,0,0,0,0,101109,1,2,2021,1/1/2022,
1111,SYNTHETIC COMPANY 01110,SYNTHETIC SITE 01110,,1 Example Way,Nowhere,ZZ,00000,3252,SYNTHETIC INDUSTRY,67,117085,2,0,0,0,0,0,0,0,0,0,0,0,0,101110,1,2,2021,1/1/2022,
1112,SYNTHETIC COMPANY 01111,SYNTHETIC SITE 01111,,1 Example Way,Nowhere,ZZ,00000,2361,SYNTHETIC INDUSTRY,14,22440,2,0,0,0,0,0,0,0,0,0,0,0,0,101111,1,2,2021,1/1/2022,
1113,SYNTHETIC COMPANY 01112,SYNTHETIC SITE 01112,,1 Example Way,Nowhere,ZZ,00000,3251,SYNTHETIC INDUSTRY,90,180997,1,0,0,4,3,0,16,7,0,0,0,0,0,101112,1,2,2021,1/1/2022,
1114,SYNTHETIC COMPANY 01113,SYNTHETIC SITE 01113,,1 Example Way,Nowhere,ZZ,00000,3328,SYNTHETIC INDUSTRY,97,174459,2,0,0,0,0,0,0,0,0,0,0,0,0,101113,1,2,2021,1/1/2022,
1115,SYNTHETIC COMPANY 01114,SYNTHETIC SITE 01114,,1 Example Way,Nowhere,ZZ,00000,3251,SYNTHETIC INDUSTRY,183,266070,2,0,0,0,0,0,0,0,0,0,0,0,0,101114,1,2,2021,1/1/2022,
1116,SYNTHETIC COMPANY 01115,SYNTHETIC SITE 01115,,1 Example Way,Nowhere,ZZ,00000,3328,SYNTHETIC INDUSTRY,53,87018,2,0,0,0,0,0,0,0,0,0,0,0,0,101115,1,2,2021,1/1/2022,
1117,SYNTHETIC COMPANY 01116,SYNTHETIC SITE 01116,,1 Example Way,Nowhere,ZZ,00000,6221,SYNTHETIC INDUSTRY,93,162385,1,0,0,0,1,0,0,1,0,0,0,0,0,101116,1,2,2021,1/1/2022,
1118,SYNTHETIC COMPANY 01117,SYNTHETIC SITE 01117,,1 Example Way,Nowhere,ZZ,00000,3251,SYNTHETIC INDUSTRY,59,93007,1,0,1,0,1,7,0,2,0,0,0,0,0,101117,1,2,2021,1/1/2022,
1119,SYNTHETIC COMPANY 01118,SYNTHETIC SITE 01118,,1 Example Way,Nowhere,ZZ,00000,6221,SYNTHETIC INDUSTRY,59,112611000,1,0,0,2,2,0,8,4,0,0,0,0,0,101118,1,2,2021,1/1/2022,
1120,SYNTHETIC COMPANY 01119,SYNTHETIC SITE 01119,,1 Example Way,Nowhere,ZZ,00000,2361,SYNTHETIC INDUSTRY,22,46734,2,0,0,0,0,0,0,0,0,0,0,0,0,101119,1,2,2021,1/1/2022,
1121,SYNTHETIC COMPANY 01120,SYNTHETIC SITE 01120,,1 Example Way,Nowhere,ZZ,00000,3115,SYNTHETIC INDUSTRY,35,66711,2,0,0,0,0,0,0,0,0,0,0,0,0,101120,1,2,2021,1/1/2022,
1122,SYNTHETIC COMPANY 01121,SYNTHETIC SITE 01121,,1 Example Way,Nowhere,ZZ,00000,3328,SYNTHETIC INDUSTRY,71,133305,1,0,1,2,0,7,8,3,0,0,0,0,0,101121,1,2,2021,1/1/2022,
1123,SYNTHETIC COMPANY 01122,SYNTHETIC SITE 01122,,1 Example Way,Nowhere,ZZ,00000,2361,SYNTHETIC INDUSTRY,835,1372362,2,0,0,0,0,0,0,0,0,0,0,0,0,101122,1,2,2021,1/1/2022,
1124,SYNTHETIC COMPANY 01123,SYNTHETIC SITE 01123,,1 Example Way,Nowhere,ZZ,00000,3252,SYNTHETIC INDUSTRY,18,34822,2,0,0,0,0,0,0,0,0,0,0,0,0,101123,1,2,2021,1/1/2022,
1125,SYNTHETIC COMPANY 01124,SYNTHETIC SITE 01124,,1 Example Way,Nowhere,ZZ,00000,6221,SYNTHETIC INDUSTRY,131,254223,1,0,2,0,0,14,0,2,0,0,0,0,0,101124,1,2,2021,1/1/2022,
1126,SYNTHETIC COMPANY 01125,SYNTHETIC SITE 01125,,1 Example Way,Nowhere,ZZ,00000,2361,SYNTHETIC INDUSTRY,63,124591,1,0,2,1,0,14,4,3,0,0,0,0,0,101125,1,2,2021,1/1/2022,
1127,SYNTHETIC COMPANY 01126,SYNTHETIC SITE 01126,,1 Example Way,Nowhere,ZZ,00000,2361,SYNTHETIC INDUSTRY,70,128790,1,0,3,2,0,21,8,5,0,0,0,0,0,101126,1,2,2021,1/1/2022,
1128,SYNTHETIC COMPANY 01127,SYNTHETIC SITE 01127,,1 Example Way,Nowhere,ZZ,00000,3115,SYNTHETIC INDUSTRY,38,78045,1,0,0,1,0,0,4,1,0,0,0,0,0,101127,1,2,2021,1/1/2022,
1129,SYNTHETIC COMPANY 01128,SYNTHETIC SITE 01128,,1 Example Way,Nowhere,ZZ,00000,3251,SYNTHETIC INDUSTRY,442,897151,1,0,1,0,1,7,0,2,0,0,0,0,0,101128,1,2,2021,1/1/2022,
1130,SYNTHETIC COMPANY 01129,SYNTHETIC SITE 01129,,1 Example Way,Nowhere,ZZ,00000,3251,SYNTHETIC INDUSTRY,276,523611,1,0,4,0,7,28,0,11,0,0,0,0,0,101129,1,2,2021,1/1/2022,
1131,SYNTHETIC COMPANY 01130,SYNTHETIC SITE 01130,,1 Example Way,Nowhere,ZZ,00000,3115,SYNTHETIC INDUSTRY,58,8375300000,2,0,0,0,0,0,0,0,0,0,0,0,0,101130,1,2,2021,1/1/2022,
1132,SYNTHETIC COMPANY 01131,SYNTHETIC SITE 01131,,1 Example Way,Nowhere,ZZ,00000,4451,SYNTHETIC INDUSTRY,28,52789,1,0,1,1,0,7,4,2,0,0,0,0,0,101131,1,2,2021,1/1/2022,
1133,SYNTHETIC COMPANY 01132,SYNTHETIC SITE 01132,,1 Example Way,Nowhere,ZZ,00000,3251,SYNTHETIC INDUSTRY,24,46526,2,0,0,0,0,0,0,0,0,0,0,0,0,101132,1,2,2021,1/1/2022,
1134,SYNTHETIC COMPANY 01133,SYNTHETIC SITE 01133,,1 Example Way,Nowhere,ZZ,00000,3328,SYNTHETIC INDUSTRY,52,100598,1,0,1,4,2,7,16,7,0,0,0,0,0,101133,1,2,2021,1/1/2022,
1135,SYNTHETIC COMPANY 01134,SYNTHETIC SITE 01134,,1 Example Way,Nowhere,ZZ,00000,3252,SYNTHETIC INDUSTRY,157,334063,1,0,4,3,9,28,12,16,0,0,0,0,0,101134,1,2,2021,1/1/2022,
1136,SYNTHETIC COMPANY 01135,SYNTHETIC SITE 01135,,1 Example Way,Nowhere,ZZ,00000,4451,SYNTHETIC INDUSTRY,144,364181,1,0,1,0,1,7,0,2,0,0,0,0,0,101135,1,2,2021,1/1/2022,
1137,SYNTHETIC COMPANY 01136,SYNTHETIC SITE 01136,,1 Example Way,Nowhere,ZZ,00000,2361,SYNTHETIC INDUSTRY,41,81532,2,0,0,0,0,0,0,0,0,0,0,0,0,101136,1,2,2021,1/1/2022,
1138,SYNTHETIC COMPANY 01137,SYNTHETIC SITE 01137,,1 Example Way,Nowhere,ZZ,00000,3252,SYNTHETIC INDUSTRY,25,44199,2,0,0,0,0,0,0,0,0,0,0,0,0,101137,1,2,2021,1/1/2022,
1139,SYNTHETIC COMPANY 01138,SYNTHETIC SITE 01138,,1 Example Way,Nowhere,ZZ,00000,4451,SYNTHETIC INDUSTRY,29,45606,1,0,1,0,0,7,0,1,0,0,0,0,0,101138,1,2,2021,1/1/2022,
1140,SYNTHETIC COMPANY 01139,SYNTHETIC SITE 01139,,1 Example Way,Nowhere,ZZ,00000,4841,SYNTHETIC INDUSTRY,12,26873,2,0,0,0,0,0,0,0,0,0,0,0,0,101139,1,2,2021,1/1/2022,
1141,SYNTHETIC COMPANY 01140,SYNTHETIC SITE 01140,,1 Example Way,Nowhere,ZZ,00000,4841,SYNTHETIC INDUSTRY,14,23983,1,0,0,1,0,0,4,1,0,0,0,0,0,101140,1,2,2021,1/1/2022,
1142,SYNTHETIC COMPANY 01141,SYNTHETIC SITE 01141,,1 Example Way,Nowhere,ZZ,00000,4841,SYNTHETIC INDUSTRY,25,38497,2,0,0,0,0,0,0,0,0,0,0,0,0,101141,1,2,2021,1/1/2022,
1143,SYNTHETIC COMPANY 01142,SYNTHETIC SITE 01142,,1 Example Way,Nowhere,ZZ,00000,3252,SYNTHETIC INDUSTRY,56,78729,1,0,0,1,1,0,4,2,0,0,0,0,0,101142,1,2,2021,1/1/2022,
1144,SYNTHETIC COMPANY 01143,SYNTHETIC SITE 01143,,1 Example Way,Nowhere,ZZ,00000,3251,SYNTHETIC INDUSTRY,45,90921,1,0,0,0,1,0,0,1,0,0,0,0,0,101143,1,2,2021,1/1/2022,
1145,SYNTHETIC COMPANY 01144,SYNTHETIC SITE 01144,,1 Example Way,Nowhere,ZZ,00000,3115,SYNTHETIC INDUSTRY,29,47667,2,0,0,0,0,0,0,0,0,0,0,0,0,101144,1,2,2021,1/1/2022,
1146,SYNTHETIC COMPANY 01145,SYNTHETIC SITE 01145,,1 Example Way,Nowhere,ZZ,00000,3328,SYNTHETIC INDUSTRY,67,125461,1,0,0,0,5,0,0,5,0,0,0,0,0,101145,1,2,2021,1/1/2022,
1147,SYNTHETIC COMPANY 01146,SYNTHETIC SITE 01146,,1 Example Way,Nowhere,ZZ,00000,2361,SYNTHETIC INDUSTRY,6,10926,2,0,0,0,0,0,0,0,0,0,0,0,0,101146,1,2,2021,1/1/2022,
1148,SYNTHETIC COMPANY 01147,SYNTHETIC SITE 01147,,1 Example Way,Nowhere,ZZ,00000,4841,SYNTHETIC INDUSTRY,14,29072,2,0,0,0,0,0,0,0,0,0,0,0,0,101147,1,2,2021,1/1/2022,
1149,SYNTHETIC COMPANY 01148,SYNTHETIC SITE 01148,,1 Example Way,Nowhere,ZZ,00000,3115,SYNTHETIC INDUSTRY,50,76395,1,0,1,1,0,7,4,2,0,0,0,0,0,101148,1,2,2021,1/1/2022,
1150,SYNTHETIC COMPANY 01149,SYNTHETIC SITE 01149,,1 Example Way,Nowhere,ZZ,00000,3252,SYNTHETIC INDUSTRY,24,49203,2,0,0,0,0,0,0,0,0,0,0,0,0,101149,1,2,2021,1/1/2022,
1151,SYNTHETIC COMPANY 01150,SYNTHETIC SITE 01150,,1 Example Way,Nowhere,ZZ,00000,3252,SYNTHETIC INDUSTRY,14,20536,2,0,0,0,0,0,0,0,0,0,0,0,0,101150,1,2,2021,1/1/2022,
1152,SYNTHETIC COMPANY 01151,SYNTHETIC SITE 01151,,1 Example Way,Nowhere,ZZ,00000,4841,SYNTHETIC INDUSTRY,96,159182,2,0,0,0,0,0,0,0,0,0,0,0,0,101151,1,2,2021,1/1/2022,
1153,SYNTHETIC COMPANY 01152,SYNTHETIC SITE 01152,,1 Example Way,Nowhere,ZZ,00000,3251,SYNTHETIC INDUSTRY,72,140414,2,0,0,0,0,0,0,0,0,0,0,0,0,101152,1,2,2021,1/1/2022,
1154,SYNTHETIC COMPANY 01153,SYNTHETIC SITE 01153,,1 Example Way,Nowhere,ZZ,00000,4451,SYNTHETIC INDUSTRY,11,13226,2,0,0,0,0,0,0,0,0,0,0,0,0,101153,1,2,2021,1/1/2022,
1155,SYNTHETIC COMPANY 01154,SYNTHETIC SITE 01154,,1 Example Way,Nowhere,ZZ,00000,3251,SYNTHETIC INDUSTRY,23,35227,2,0,0,0,0,0,0,0,0,0,0,0,0,101154,1,2,2021,1/1/2022,
1156,SYNTHETIC COMPANY 01155,SYNTHETIC SITE 01155,,1 Example Way,Nowhere,ZZ,00000,3115,SYNTHETIC INDUSTRY,27,60642,2,0,0,0,0,0,0,0,0,0,0,0,0,101155,1,2,2021,1/1/2022,
1157,SYNTHETIC COMPANY 01156,SYNTHETIC SITE 01156,,1 Example Way,Nowhere,ZZ,00000,3115,SYNTHETIC INDUSTRY,9,16019,2,0,0,0,0,0,0,0,0,0,0,0,0,101156,1,2,2021,1/1/2022,
1158,SYNTHETIC COMPANY 01157,SYNTHETIC SITE 01157,,1 Example Way,Nowhere,ZZ,00000,3251,SYNTHETIC INDUSTRY,106,171858,2,0,0,0,0,0,0,0,0,0,0,0,0,101157,1,2,2021,1/1/2022,
1159,SYNTHETIC COMPANY 01158,SYNTHETIC SITE 01158,,1 Example Way,Nowhere,ZZ,00000,4841,SYNTHETIC INDUSTRY,6,12095,2,0,0,0,0,0,0,0,0,0,0,0,0,101158,1,2,2021,1/1/2022,
1160,SYNTHETIC COMPANY 01159,SYNTHETIC SITE 01159,,1 Example Way,Nowhere,ZZ,00000,4451,SYNTHETIC INDUSTRY,130,213636,1,0,1,1,3,7,4,5,0,0,0,0,0,101159,1,2,2021,1/1/2022,
1161,SYNTHETIC COMPANY 01160,SYNTHETIC SITE 01160,,1 Example Way,Nowhere,ZZ,00000,6221,SYNTHETIC INDUSTRY,78,132217,2,0,0,0,0,0,0,0,0,0,0,0,0,101160,1,2,2021,1/1/2022,
1162,SYNTHETIC COMPANY 01161,SYNTHETIC SITE 01161,,1 Example Way,Nowhere,ZZ,00000,3115,SYNTHETIC INDUSTRY,16,30183,1,0,0,0,1,0,0,1,0,0,0,0,0,101161,1,2,2021,1/1/2022,
1163,SYNTHETIC COMPANY 01162,SYNTHETIC SITE 01162,,1 Example Way,Nowhere,ZZ,00000,4841,SYNTHETIC INDUSTRY,135,235913,1,0,0,2,5,0,8,7,0,0,0,0,0,101162,1,2,2021,1/1/2022,
1164,SYNTHETIC COMPANY 01163,SYNTHETIC SITE 01163,,1 Example Way,Nowhere,ZZ,00000,6221,SYNTHETIC INDUSTRY,26,44923,2,0,0,0,0,0,0,0,0,0,0,0,0,101163,1,2,2021,1/1/2022,
1165,SYNTHETIC COMPANY 01164,SYNTHETIC SITE 01164,,1 Example Way,Nowhere,ZZ,00000,3252,SYNTHETIC INDUSTRY,72,144862,1,0,0,1,0,0,4,1,0,0,0,0,0,101164,1,2,2021,1/1/2022,
1166,SYNTHETIC COMPANY 01165,SYNTHETIC SITE 01165,,1 Example Way,Nowhere,ZZ,00000,3115,SYNTHETIC INDUSTRY,15,29484,1,0,1,0,0,7,0,1,0,0,0,0,0,101165,1,2,2021,1/1/2022,
1167,SYNTHETIC COMPANY 01166,SYNTHETIC SITE 01166,,1 Example Way,Nowhere,ZZ,00000,4841,SYNTHETIC INDUSTRY,33,69948,2,0,0,0,0,0,0,0,0,0,0,0,0,101166,1,2,2021,1/1/2022,
1168,SYNTHETIC COMPANY 01167,SYNTHETIC SITE 01167,,1 Example Way,Nowhere,ZZ,00000,4451,SYNTHETIC INDUSTRY,34,55703,2,0,0,0,0,0,0,0,0,0,0,0,0,101167,1,2,2021,1/1/2022,
1169,SYNTHETIC COMPANY 01168,SYNTHETIC SITE 01168,,1 Example Way,Nowhere,ZZ,00000,6221,SYNTHETIC INDUSTRY,31,42235,2,0,0,0,0,0,0,0,0,0,0,0,0,101168,1,2,2021,1/1/2022,
1170,SYNTHETIC COMPANY 01169,SYNTHETIC SITE 01169,,1 Example Way,Nowhere,ZZ,00000,2361,SYNTHETIC INDUSTRY,3,5776,1,0,0,0,1,0,0,1,0,0,0,0,0,101169,1,2,2021,1/1/2022,
1171,SYNTHETIC COMPANY 01170,SYNTHETIC SITE 01170,,1 Example Way,Nowhere,ZZ,00000,3115,SYNTHETIC INDUSTRY,91,165336,2,0,0,0,0,0,0,0,0,0,0,0,0,101170,1,2,2021,1/1/2022,
1172,SYNTHETIC COMPANY 01171,SYNTHETIC SITE 01171,,1 Example Way,Nowhere,ZZ,00000,4841,SYNTHETIC INDUSTRY,28,61292,2,0,0,0,0,0,0,0,0,0,0,0,0,101171,1,2,2021,1/1/2022,
1173,SYNTHETIC COMPANY 01172,SYNTHETIC SITE 01172,,1 Example Way,Nowhere,ZZ,00000,4841,SYNTHETIC INDUSTRY,29,55145,2,0,0,0,0,0,0,0,0,0,0,0,0,101172,1,2,2021,1/1/2022,
1174,SYNTHETIC COMPANY 01173,SYNTHETIC SITE 01173,,1 Example Way,Nowhere,ZZ,00000,6221,SYNTHETIC INDUSTRY,20,34304,2,0,0,0,0,0,0,0,0,0,0,0,0,101173,1,2,2021,1/1/2022,
1175,SYNTHETIC COMPANY 01174,SYNTHETIC SITE 01174,,1 Example Way,Nowhere,ZZ,00000,4451,SYNTHETIC INDUSTRY,8,15285,2,0,0,0,0,0,0,0,0,0,0,0,0,101174,1,2,2021,1/1/2022,
1176,SYNTHETIC COMPANY 01175,SYNTHETIC SITE 01175,,1 Example Way,Nowhere,ZZ,00000,2361,SYNTHETIC INDUSTRY,44,80238,2,0,0,0,0,0,0,0,0,0,0,0,0,101175,1,2,2021,1/1/2022,
1177,SYNTHETIC COMPANY 01176,SYNTHETIC SITE 01176,,1 Example Way,Nowhere,ZZ,00000,4841,SYNTHETIC INDUSTRY,26,47526,2,0,0,0,0,0,0,0,0,0,0,0,0,101176,1,2,2021,1/1/2022,
1178,SYNTHETIC COMPANY 01177,SYNTHETIC SITE 01177,,1 Example Way,Nowhere,ZZ,00000,4841,SYNTHETIC INDUSTRY,500,911212,2,0,0,0,0,0,0,0,0,0,0,0,0,101177,1,2,2021,1/1/2022,
1179,SYNTHETIC COMPANY 01178,SYNTHETIC SITE 01178,,1 Example Way,Nowhere,ZZ,00000,3115,SYNTHETIC INDUSTRY,26,47706,2,0,0,0,0,0,0,0,0,0,0,0,0,101178,1,2,2021,1/1/2022,
1180,SYNTHETIC COMPANY 01179,SYNTHETIC SITE 01179,,1 Example Way,Nowhere,ZZ,00000,3251,SYNTHETIC INDUSTRY,23,50834,2,0,0,0,0,0,0,0,0,0,0,0,0,101179,1,2,2021,1/1/2022,
1181,SYNTHETIC COMPANY 01180,SYNTHETIC SITE 01180,,1 Example Way,Nowhere,ZZ,00000,3328,SYNTHETIC INDUSTRY,28,62930,2,0,0,0,0,0,0,0,0,0,0,0,0,101180,1,2,2021,1/1/2022,
1182,SYNTHETIC COMPANY 01181,SYNTHETIC SITE 01181,,1 Example Way,Nowhere,ZZ,00000,6221,SYNTHETIC INDUSTRY,45,88175,2,0,0,0,0,0,0,0,0,0,0,0,0,101181,1,2,2021,1/1/2022,
1183,SYNTHETIC COMPANY 01182,SYNTHETIC SITE 01182,,1 Example Way,Nowhere,ZZ,00000,3252,SYNTHETIC INDUSTRY,198,362581,1,0,6,7,8,42,28,21,0,0,0,0,0,101182,1,2,2021,1/1/2022,
1184,SYNTHETIC COMPANY 01183,SYNTHETIC SITE 01183,,1 Example Way,Nowhere,ZZ,00000,3328,SYNTHETIC INDUSTRY,166,332233,1,0,1,2,1,7,8,4,0,0,0,0,0,101183,1,2,2021,1/1/2022,
1185,SYNTHETIC COMPANY 01184,SYNTHETIC SITE 01184,,1 Example Way,Nowhere,ZZ,00000,2361,SYNTHETIC INDUSTRY,5,8394,2,0,0,0,0,0,0,0,0,0,0,0,0,101184,1,2,2021,1/1/2022,
1186,SYNTHETIC COMPANY 01185,SYNTHETIC SITE 01185,,1 Example Way,Nowhere,ZZ,00000,6221,SYNTHETIC INDUSTRY,61,109560,1,0,1,1,0,7,4,2,0,0,0,0,0,101185,1,2,2021,1/1/2022,
1187,SYNTHETIC COMPANY 01186,SYNTHETIC SITE 01186,,1 Example Way,Nowhere,ZZ,00000,3328,SYNTHETIC INDUSTRY,7,19367,2,0,0,0,0,0,0,0,0,0,0,0,0,101186,1,2,2021,1/1/2022,
1188,SYNTHETIC COMPANY 01187,SYNTHETIC SITE 01187,,1 Example Way,Nowhere,ZZ,00000,6221,SYNTHETIC INDUSTRY,88,169277,1,0,5,5,4,35,20,14,0,0,0,0,0,101187,1,2,2021,1/1/2022,
1189,SYNTHETIC COMPANY 01188,SYNTHETIC SITE 01188,,1 Example Way,Nowhere,ZZ,00000,4841,SYNTHETIC INDUSTRY,10,19916,2,0,0,0,0,0,0,0,0,0,0,0,0,101188,1,2,2021,1/1/2022,
1190,SYNTHETIC COMPANY 01189,SYNTHETIC SITE 01189,,1 Example Way,Nowhere,ZZ,00000,3252,SYNTHETIC INDUSTRY,60,118210,1,0,0,1,1,0,4,2,0,0,0,0,0,101189,1,2,2021,1/1/2022,
1191,SYNTHETIC COMPANY 01190,SYNTHETIC SITE 01190,,1 Example Way,Nowhere,ZZ,00000,6221,SYNTHETIC INDUSTRY,12,20424,2,0,0,0,0,0,0,0,0,0,0,0,0,101190,1,2,2021,1/1/2022,
1192,SYNTHETIC COMPANY 01191,SYNTHETIC SITE 01191,,1 Example Way,Nowhere,ZZ,00000,6221,SYNTHETIC INDUSTRY,36,57255,2,0,0,0,0,0,0,0,0,0,0,0,0,101191,1,2,2021,1/1/2022,
1193,SYNTHETIC COMPANY 01192,SYNTHETIC SITE 01192,,1 Example Way,Nowhere,ZZ,00000,3115,SYNTHETIC INDUSTRY,32,75153,1,0,0,2,2,0,8,4,0,0,0,0,0,101192,1,2,2021,1/1/2022,
1194,SYNTHETIC COMPANY 01193,SYNTHETIC SITE 01193,,1 Example Way,Nowhere,ZZ,00000,3252,SYNTHETIC INDUSTRY,207,519062,1,0,1,0,4,7,0,5,0,0,0,0,0,101193,1,2,2021,1/1/2022,
1195,SYNTHETIC COMPANY 01194,SYNTHETIC SITE 01194,,1 Example Way,Nowhere,ZZ,00000,3115,SYNTHETIC INDUSTRY,4,7978,2,0,0,0,0,0,0,0,0,0,0,0,0,101194,1,2,2021,1/1/2022,
1196,SYNTHETIC COMPANY 01195,SYNTHETIC SITE 01195,,1 Example Way,Nowhere,ZZ,00000,3328,SYNTHETIC INDUSTRY,26,46738,1,0,1,0,2,7,0,3,0,0,0,0,0,101195,1,2,2021,1/1/2022,
1197,SYNTHETIC COMPANY 01196,SYNTHETIC SITE 01196,,1 Example Way,Nowhere,ZZ,00000,4841,SYNTHETIC INDUSTRY,239,456054,1,0,12,7,6,84,28,25,0,0,0,0,0,101196,1,2,2021,1/1/2022,
1198,SYNTHETIC COMPANY 01197,SYNTHETIC SITE 01197,,1 Example Way,Nowhere,ZZ,00000,3252,SYNTHETIC INDUSTRY,188,326984,1,0,1,0,0,7,0,1,0,0,0,0,0,101197,1,2,2021,1/1/2022,
1199,SYNTHETIC COMPANY 01198,SYNTHETIC SITE 01198,,1 Example Way,Nowhere,ZZ,00000,3252,SYNTHETIC INDUSTRY,99,185163,1,0,2,1,6,14,4,9,0,0,0,0,0,101198,1,2,2021,1/1/2022,
1200,SYNTHETIC COMPANY 01199,SYNTHETIC SITE 01199,,1 Example Way,Nowhere,ZZ,00000,3252,SYNTHETIC INDUSTRY,67,119170,1,0,4,4,3,28,16,11,0,0,0,0,0,101199,1,2,2021,1/1/2022,
1201,SYNTHETIC COMPANY 01200,SYNTHETIC SITE 01200,,1 Example Way,Nowhere,ZZ,00000,3328,SYNTHETIC INDUSTRY,74,131883,1,0,3,1,2,21,4,6,0,0,0,0,0,101200,1,2,2021,1/1/2022,
1202,SYNTHETIC COMPANY 01201,SYNTHETIC SITE 01201,,1 Example Way,Nowhere,ZZ,00000,3115,SYNTHETIC INDUSTRY,86,130751,1,0,2,1,6,14,4,9,0,0,0,0,0,101201,1,2,2021,1/1/2022,
1203,SYNTHETIC COMPANY 01202,SYNTHETIC SITE 01202,,1 Example Way,Nowhere,ZZ,00000,6221,SYNTHETIC INDUSTRY,45,81674,2,0,0,0,0,0,0,0,0,0,0,0,0,101202,1,2,2021,1/1/2022,
1204,SYNTHETIC COMPANY 01203,SYNTHETIC SITE 01203,,1 Example Way,Nowhere,ZZ,00000,3252,SYNTHETIC INDUSTRY,28,48035,2,0,0,0,0,0,0,0,0,0,0,0,0,101203,1,2,2021,1/1/2022,
1205,SYNTHETIC COMPANY 01204,SYNTHETIC SITE 01204,,1 Example Way,Nowhere,ZZ,00000,3252,SYNTHETIC INDUSTRY,22,38753,2,0,0,0,0,0,0,0,0,0,0,0,0,101204,1,2,2021,1/1/2022,
1206,SYNTHETIC COMPANY 01205,SYNTHETIC SITE 01205,,1 Example Way,Nowhere,ZZ,00000,2361,SYNTHETIC INDUSTRY,41,87461,1,0,1,4,0,7,16,5,0,0,0,0,0,101205,1,2,2021,1/1/2022,
1207,SYNTHETIC COMPANY 01206,SYNTHETIC SITE 01206,,1 Example Way,Nowhere,ZZ,00000,3252,SYNTHETIC INDUSTRY,31,58393,2,0,0,0,0,0,0,0,0,0,0,0,0,101206,1,2,2021,1/1/2022,
1208,SYNTHETIC COMPANY 01207,SYNTHETIC SITE 01207,,1 Example Way,Nowhere,ZZ,00000,4451,SYNTHETIC INDUSTRY,22,46548,1,0,1,0,2,7,0,3,0,0,0,0,0,101207,1,2,2021,1/1/2022,
1209,SYNTHETIC COMPANY 01208,SYNTHETIC SITE 01208,,1 Example Way,Nowhere,ZZ,00000,3115,SYNTHETIC INDUSTRY,57,98871,1,0,2,2,5,14,8,9,0,0,0,0,0,101208,1,2,2021,1/1/2022,
1210,SYNTHETIC COMPANY 01209,SYNTHETIC SITE 01209,,1 Example Way,Nowhere,ZZ,00000,3251,SYNTHETIC INDUSTRY,43,72231,1,0,1,0,0,7,0,1,0,0,0,0,0,101209,1,2,2021,1/1/2022,
1211,SYNTHETIC COMPANY 01210,SYNTHETIC SITE 01210,,1 Example Way,Nowhere,ZZ,00000,4451,SYNTHETIC INDUSTRY,10,19403,2,0,0,0,0,0,0,0,0,0,0,0,0,101210,1,2,2021,1/1/2022,
1212,SYNTHETIC COMPANY 01211,SYNTHETIC SITE 01211,,1 Example Way,Nowhere,ZZ,00000,2361,SYNTHETIC INDUSTRY,19,29544,2,0,0,0,0,0,0,0,0,0,0,0,0,101211,1,2,2021,1/1/2022,
1213,SYNTHETIC COMPANY 01212,SYNTHETIC SITE 01212,,1 Example Way,Nowhere,ZZ,00000,4451,SYNTHETIC INDUSTRY,75,143382,1,0,0,1,2,0,4,3,0,0,0,0,0,101212,1,2,2021,1/1/2022,
1214,SYNTHETIC COMPANY 01213,SYNTHETIC SITE 01213,,1 Example Way,Nowhere,ZZ,00000,3115,SYNTHETIC INDUSTRY,26,43585,1,0,1,0,0,7,0,1,0,0,0,0,0,101213,1,2,2021,1/1/2022,
1215,SYNTHETIC COMPANY 01214,SYNTHETIC SITE 01214,,1 Example Way,Nowhere,ZZ,00000,3115,SYNTHETIC INDUSTRY,152,386634,1,0,0,1,2,0,4,3,0,0,0,0,0,101214,1,2,2021,1/1/2022,
1216,SYNTHETIC COMPANY 01215,SYNTHETIC SITE 01215,,1 Example Way,Nowhere,ZZ,00000,3251,SYNTHETIC INDUSTRY,37,75538,2,0,0,0,0,0,0,0,0,0,0,0,0,101215,1,2,2021,1/1/2022,
1217,SYNTHETIC COMPANY 01216,SYNTHETIC SITE 01216,,1 Example Way,Nowhere,ZZ,00000,3328,SYNTHETIC INDUSTRY,89,102963,1,0,0,0,1,0,0,1,0,0,0,0,0,101216,1,2,2021,1/1/2022,
1218,SYNTHETIC COMPANY 01217,SYNTHETIC SITE 01217,,1 Example Way,Nowhere,ZZ,00000,3328,SYNTHETIC INDUSTRY,113,206171,2,0,0,0,0,0,0,0,0,0,0,0,0,101217,1,2,2021,1/1/2022,
1219,SYNTHETIC COMPANY 01218,SYNTHETIC SITE 01218,,1 Example Way,Nowhere,ZZ,00000,4451,SYNTHETIC INDUSTRY,77,166403,2,0,0,0,0,0,0,0,0,0,0,0,0,101218,1,2,2021,1/1/2022,
1220,SYNTHETIC COMPANY 01219,SYNTHETIC SITE 01219,,1 Example Way,Nowhere,ZZ,00000,3115,SYNTHETIC INDUSTRY,157,285478,1,0,1,1,1,7,4,3,0,0,0,0,0,101219,1,2,2021,1/1/2022,
1221,SYNTHETIC COMPANY 01220,SYNTHETIC SITE 01220,,1 Example Way,Nowhere,ZZ,00000,3115,SYNTHETIC INDUSTRY,3,5846,2,0,0,0,0,0,0,0,0,0,0,0,0,101220,1,2,2021,1/1/2022,
1222,SYNTHETIC COMPANY 01221,SYNTHETIC SITE 01221,,1 Example Way,Nowhere,ZZ,00000,4451,SYNTHETIC INDUSTRY,84,184212,2,0,0,0,0,0,0,0,0,0,0,0,0,101221,1,2,2021,1/1/2022,
1223,SYNTHETIC COMPANY 01222,SYNTHETIC SITE 01222,,1 Example Way,Nowhere,ZZ,00000,2361,SYNTHETIC INDUSTRY,48,108191,1,0,1,0,0,7,0,1,0,0,0,0,0,101222,1,2,2021,1/1/2022,
1224,SYNTHETIC COMPANY 01223,SYNTHETIC SITE 01223,,1 Example Way,Nowhere,ZZ,00000,3115,SYNTHETIC INDUSTRY,1,2097,2,0,0,0,0,0,0,0,0,0,0,0,0,101223,1,2,2021,1/1/2022,
1225,SYNTHETIC COMPANY 01224,SYNTHETIC SITE 01224,,1 Example Way,Nowhere,ZZ,00000,6221,SYNTHETIC INDUSTRY,16,33130,2,0,0,0,0,0,0,0,0,0,0,0,0,101224,1,2,2021,1/1/2022,
1226,SYNTHETIC COMPANY 01225,SYNTHETIC SITE 01225,,1 Example Way,Nowhere,ZZ,00000,6221,SYNTHETIC INDUSTRY,22,44375,2,0,0,0,0,0,0,0,0,0,0,0,0,101225,1,2,2021,1/1/2022,
1227,SYNTHETIC COMPANY 01226,SYNTHETIC SITE 01226,,1 Example Way,Nowhere,ZZ,00000,4841,SYNTHETIC INDUSTRY,24,38180,2,0,0,0,0,0,0,0,0,0,0,0,0,101226,1,2,2021,1/1/2022,
1228,SYNTHETIC COMPANY 01227,SYNTHETIC SITE 01227,,1 Example Way,Nowhere,ZZ,00000,3115,SYNTHETIC INDUSTRY,48,94140,1,0,2,0,1,14,0,3,0,0,0,0,0,101227,1,2,2021,1/1/2022,
1229,SYNTHETIC COMPANY 01228,SYNTHETIC SITE 01228,,1 Example Way,Nowhere,ZZ,00000,6221,SYNTHETIC INDUSTRY,15,30177,1,0,1,0,0,7,0,1,0,0,0,0,0,101228,1,2,2021,1/1/2022,
1230,SYNTHETIC COMPANY 01229,SYNTHETIC SITE 01229,,1 Example Way,Nowhere,ZZ,00000,3328,SYNTHETIC INDUSTRY,43,58264,2,0,0,0,0,0,0,0,0,0,0,0,0,101229,1,2,2021,1/1/2022,
1231,SYNTHETIC COMPANY 01230,SYNTHETIC SITE 01230,,1 Example Way,Nowhere,ZZ,00000,3251,SYNTHETIC INDUSTRY,30,62032,2,0,0,0,0,0,0,0,0,0,0,0,0,101230,1,2,2021,1/1/2022,
1232,SYNTHETIC COMPANY 01231,SYNTHETIC SITE 01231,,1 Example Way,Nowhere,ZZ,00000,3251,SYNTHETIC INDUSTRY,199,415573,1,0,5,1,3,35,4,9,0,0,0,0,0,101231,1,2,2021,1/1/2022,
1233,SYNTHETIC COMPANY 01232,SYNTHETIC SITE 01232,,1 Example Way,Nowhere,ZZ,00000,6221,SYNTHETIC INDUSTRY,24,41429,2,0,0,0,0,0,0,0,0,0,0,0,0,101232,1,2,2021,1/1/2022,
1234,SYNTHETIC COMPANY 01233,SYNTHETIC SITE 01233,,1 Example Way,Nowhere,ZZ,00000,4451,SYNTHETIC INDUSTRY,32,63380,2,0,0,0,0,0,0,0,0,0,0,0,0,101233,1,2,2021,1/1/2022,
1235,SYNTHETIC COMPANY 01234,SYNTHETIC SITE 01234,,1 Example Way,Nowhere,ZZ,00000,4451,SYNTHETIC INDUSTRY,46,90952,2,0,0,0,0,0,0,0,0,0,0,0,0,101234,1,2,2021,1/1/2022,
1236,SYNTHETIC COMPANY 01235,SYNTHETIC SITE 01235,,1 Example Way,Nowhere,ZZ,00000,4841,SYNTHETIC INDUSTRY,44,83633,2,0,0,0,0,0,0,0,0,0,0,0,0,101235,1,2,2021,1/1/2022,
1237,SYNTHETIC COMPANY 01236,SYNTHETIC SITE 01236,,1 Example Way,Nowhere,ZZ,00000,6221,SYNTHETIC INDUSTRY,78,153229,1,0,0,1,1,0,4,2,0,0,0,0,0,101236,1,2,2021,1/1/2022,
1238,SYNTHETIC COMPANY 01237,SYNTHETIC SITE 01237,,1 Example Way,Nowhere,ZZ,00000,2361,SYNTHETIC INDUSTRY,42,69512,2,0,0,0,0,0,0,0,0,0,0,0,0,101237,1,2,2021,1/1/2022,
1239,SYNTHETIC COMPANY 01238,SYNTHETIC SITE 01238,,1 Example Way,Nowhere,ZZ,00000,3115,SYNTHETIC INDUSTRY,27,51617,2,0,0,0,0,0,0,0,0,0,0,0,0,101238,1,2,2021,1/1/2022,
1240,SYNTHETIC COMPANY 01239,SYNTHETIC SITE 01239,,1 Example Way,Nowhere,ZZ,00000,4841,SYNTHETIC INDUSTRY,70,146620,1,0,4,0,3,28,0,7,0,0,0,0,0,101239,1,2,2021,1/1/2022,
1241,SYNTHETIC COMPANY 01240,SYNTHETIC SITE 01240,,1 Example Way,Nowhere,ZZ,00000,3328,SYNTHETIC INDUSTRY,18,26510,2,0,0,0,0,0,0,0,0,0,0,0,0,101240,1,2,2021,1/1/2022,
1242,SYNTHETIC COMPANY 01241,SYNTHETIC SITE 01241,,1 Example Way,Nowhere,ZZ,00000,3328,SYNTHETIC INDUSTRY,40,81496,2,0,0,0,0,0,0,0,0,0,0,0,0,101241,1,2,2021,1/1/2022,
1243,SYNTHETIC COMPANY 01242,SYNTHETIC SITE 01242,,1 Example Way,Nowhere,ZZ,00000,6221,SYNTHETIC INDUSTRY,104,145838,1,0,2,0,4,14,0,6,0,0,0,0,0,101242,1,2,2021,1/1/2022,
1244,SYNTHETIC COMPANY 01243,SYNTHETIC SITE 01243,,1 Example Way,Nowhere,ZZ,00000,6221,SYNTHETIC INDUSTRY,12,26325,2,0,0,0,0,0,0,0,0,0,0,0,0,101243,1,2,2021,1/1/2022,
1245,SYNTHETIC COMPANY 01244,SYNTHETIC SITE 01244,,1 Example Way,Nowhere,ZZ,00000,2361,SYNTHETIC INDUSTRY,57,118186,1,0,0,1,0,0,4,1,0,0,0,0,0,101244,1,2,2021,1/1/2022,
1246,SYNTHETIC COMPANY 01245,SYNTHETIC SITE 01245,,1 Example Way,Nowhere,ZZ,00000,4841,SYNTHETIC INDUSTRY,134,236018,1,0,11,2,4,77,8,17,0,0,0,0,0,101245,1,2,2021,1/1/2022,
1247,SYNTHETIC COMPANY 01246,SYNTHETIC SITE 01246,,1 Example Way,Nowhere,ZZ,00000,2361,SYNTHETIC INDUSTRY,171,333548,1,0,6,4,7,42,16,17,0,0,0,0,0,101246,1,2,2021,1/1/2022,
1248,SYNTHETIC COMPANY 01247,SYNTHETIC SITE 01247,,1 Example Way,Nowhere,ZZ,00000,3328,SYNTHETIC INDUSTRY,31,54524000,2,0,0,0,0,0,0,0,0,0,0,0,0,101247,1,2,2021,1/1/2022,
1249,SYNTHETIC COMPANY 01248,SYNTHETIC SITE 01248,,1 Example Way,Nowhere,ZZ,00000,2361,SYNTHETIC INDUSTRY,273,451697,2,0,0,0,0,0,0,0,0,0,0,0,0,101248,1,2,2021,1/1/2022,
1250,SYNTHETIC COMPANY 01249,SYNTHETIC SITE 01249,,1 Example Way,Nowhere,ZZ,00000,2361,SYNTHETIC INDUSTRY,94,166569,2,0,0,0,0,0,0,0,0,0,0,0,0,101249,1,2,2021,1/1/2022,
1251,SYNTHETIC COMPANY 01250,SYNTHETIC SITE 01250,,1 Example Way,Nowhere,ZZ,00000,2361,SYNTHETIC INDUSTRY,100,191138,2,0,0,0,0,0,0,0,0,0,0,0,0,101250,1,2,2021,1/1/2022,
1252,SYNTHETIC COMPANY 01251,SYNTHETIC SITE 01251,,1 Example Way,Nowhere,ZZ,00000,2361,SYNTHETIC INDUSTRY,81,134460,1,0,0,0,1,0,0,1,0,0,0,0,0,101251,1,2,2021,1/1/2022,
1253,SYNTHETIC COMPANY 01252,SYNTHETIC SITE 01252,,1 Example Way,Nowhere,ZZ,00000,3328,SYNTHETIC INDUSTRY,36,62919,1,0,1,0,1,7,0,2,0,0,0,0,0,101252,1,2,2021,1/1/2022,
1254,SYNTHETIC COMPANY 01253,SYNTHETIC SITE 01253,,1 Example Way,Nowhere,ZZ,00000,3251,SYNTHETIC INDUSTRY,116,194337,1,0,1,0,1,7,0,2,0,0,0,0,0,101253,1,2,2021,1/1/2022,
1255,SYNTHETIC COMPANY 01254,SYNTHETIC SITE 01254,,1 Example Way,Nowhere,ZZ,00000,6221,SYNTHETIC INDUSTRY,28,48707000,2,0,0,0,0,0,0,0,0,0,0,0,0,101254,1,2,2021,1/1/2022,
1256,SYNTHETIC COMPANY 01255,SYNTHETIC SITE 01255,,1 Example Way,Nowhere,ZZ,00000,4451,SYNTHETIC INDUSTRY,224,348630,1,0,2,5,3,14,20,10,0,0,0,0,0,101255,1,2,2021,1/1/2022,
1257,SYNTHETIC COMPANY 01256,SYNTHETIC SITE 01256,,1 Example Way,Nowhere,ZZ,00000,3115,SYNTHETIC INDUSTRY,83,132704,1,0,0,1,0,0,4,1,0,0,0,0,0,101256,1,2,2021,1/1/2022,
1258,SYNTHETIC COMPANY 01257,SYNTHETIC SITE 01257,,1 Example Way,Nowhere,ZZ,00000,2361,SYNTHETIC INDUSTRY,96,199938,2,0,0,0,0,0,0,0,0,0,0,0,0,101257,1,2,2021,1/1/2022,
1259,SYNTHETIC COMPANY 01258,SYNTHETIC SITE 01258,,1 Example Way,Nowhere,ZZ,00000,4841,SYNTHETIC INDUSTRY,62,137072,2,0,0,0,0,0,0,0,0,0,0,0,0,101258,1,2,2021,1/1/2022,
1260,SYNTHETIC COMPANY 01259,SYNTHETIC SITE 01259,,1 Example Way,Nowhere,ZZ,00000,6221,SYNTHETIC INDUSTRY,82,136754,2,0,0,0,0,0,0,0,0,0,0,0,0,101259,1,2,2021,1/1/2022,
1261,SYNTHETIC COMPANY 01260,SYNTHETIC SITE 01260,,1 Example Way,Nowhere,ZZ,00000,3252,SYNTHETIC INDUSTRY,215,390803,2,0,0,0,0,0,0,0,0,0,0,0,0,101260,1,2,2021,1/1/2022,
1262,SYNTHETIC COMPANY 01261,SYNTHETIC SITE 01261,,1 Example Way,Nowhere,ZZ,00000,2361,SYNTHETIC INDUSTRY,96,172454,1,0,2,1,4,14,4,7,0,0,0,0,0,101261,1,2,2021,1/1/2022,
1263,SYNTHETIC COMPANY 01262,SYNTHETIC SITE 01262,,1 Example Way,Nowhere,ZZ,00000,3251,SYNTHETIC INDUSTRY,81,129244,1,0,0,0,1,0,0,1,0,0,0,0,0,101262,1,2,2021,1/1/2022,
1264,SYNTHETIC COMPANY 01263,SYNTHETIC SITE 01263,,1 Example Way,Nowhere,ZZ,00000,3328,SYNTHETIC INDUSTRY,20,35200,2,0,0,0,0,0,0,0,0,0,0,0,0,101263,1,2,2021,1/1/2022,
1265,SYNTHETIC COMPANY 01264,SYNTHETIC SITE 01264,,1 Example Way,Nowhere,ZZ,00000,4451,SYNTHETIC INDUSTRY,12,16257,2,0,0,0,0,0,0,0,0,0,0,0,0,101264,1,2,2021,1/1/2022,
1266,SYNTHETIC COMPANY 01265,SYNTHETIC SITE 01265,,1 Example Way,Nowhere,ZZ,00000,3251,SYNTHETIC INDUSTRY,27,55035,2,0,0,0,0,0,0,0,0,0,0,0,0,101265,1,2,2021,1/1/2022,
1267,SYNTHETIC COMPANY 01266,SYNTHETIC SITE 01266,,1 Example Way,Nowhere,ZZ,00000,3252,SYNTHETIC INDUSTRY,417,722583,1,0,4,8,11,28,32,23,0,0,0,0,0,101266,1,2,2021,1/1/2022,
1268,SYNTHETIC COMPANY 01267,SYNTHETIC SITE 01267,,1 Example Way,Nowhere,ZZ,00000,4451,SYNTHETIC INDUSTRY,17,31095,2,0,0,0,0,0,0,0,0,0,0,0,0,101267,1,2,2021,1/1/2022,
1269,SYNTHETIC COMPANY 01268,SYNTHETIC SITE 01268,,1 Example Way,Nowhere,ZZ,00000,2361,SYNTHETIC INDUSTRY,44,88263,2,0,0,0,0,0,0,0,0,0,0,0,0,101268,1,2,2021,1/1/2022,
1270,SYNTHETIC COMPANY 01269,SYNTHETIC SITE 01269,,1 Example Way,Nowhere,ZZ,00000,4841,SYNTHETIC INDUSTRY,59,53223,2,0,0,0,0,0,0,0,0,0,0,0,0,101269,1,2,2021,1/1/2022,
1271,SYNTHETIC COMPANY 01270,SYNTHETIC SITE 01270,,1 Example Way,Nowhere,ZZ,00000,3252,SYNTHETIC INDUSTRY,146,279798,2,0,0,0,0,0,0,0,0,0,0,0,0,101270,1,2,2021,1/1/2022,
1272,SYNTHETIC COMPANY 01271,SYNTHETIC SITE 01271,,1 Example Way,Nowhere,ZZ,00000,2361,SYNTHETIC INDUSTRY,14,23900,2,0,0,0,0,0,0,0,0,0,0,0,0,101271,1,2,2021,1/1/2022,
1273,SYNTHETIC COMPANY 01272,SYNTHETIC SITE 01272,,1 Example Way,Nowhere,ZZ,00000,3252,SYNTHETIC INDUSTRY,42,56871,2,0,0,0,0,0,0,0,0,0,0,0,0,101272,1,2,2021,1/1/2022,
1274,SYNTHETIC COMPANY 01273,SYNTHETIC SITE 01273,,1 Example Way,Nowhere,ZZ,00000,6221,SYNTHETIC INDUSTRY,469,920777,2,0,0,0,0,0,0,0,0,0,0,0,0,101273,1,2,2021,1/1/2022,
1275,SYNTHETIC COMPANY 01274,SYNTHETIC SITE 01274,,1 Example Way,Nowhere,ZZ,00000,3115,SYNTHETIC INDUSTRY,35,70930,1,0,1,0,2,7,0,3,0,0,0,0,0,101274,1,2,2021,1/1/2022,
1276,SYNTHETIC COMPANY 01275,SYNTHETIC SITE 01275,,1 Example Way,Nowhere,ZZ,00000,3115,SYNTHETIC INDUSTRY,56,89221,1,0,1,3,0,7,12,4,0,0,0,0,0,101275,1,2,2021,1/1/2022,
1277,SYNTHETIC COMPANY 01276,SYNTHETIC SITE 01276,,1 Example Way,Nowhere,ZZ,00000,3252,SYNTHETIC INDUSTRY,58,123394,1,0,1,0,0,7,0,1,0,0,0,0,0,101276,1,2,2021,1/1/2022,
1278,SYNTHETIC COMPANY 01277,SYNTHETIC SITE 01277,,1 Example Way,Nowhere,ZZ,00000,4841,SYNTHETIC INDUSTRY,36,50479,2,0,0,0,0,0,0,0,0,0,0,0,0,101277,1,2,2021,1/1/2022,
1279,SYNTHETIC COMPANY 01278,SYNTHETIC SITE 01278,,1 Example Way,Nowhere,ZZ,00000,4451,SYNTHETIC INDUSTRY,22,44204,1,0,1,1,2,7,4,4,0,0,0,0,0,101278,1,2,2021,1/1/2022,
1280,SYNTHETIC COMPANY 01279,SYNTHETIC SITE 01279,,1 Example Way,Nowhere,ZZ,00000,3251,SYNTHETIC INDUSTRY,839,1171483,1,0,0,1,2,0,4,3,0,0,0,0,0,101279,1,2,2021,1/1/2022,
1281,SYNTHETIC COMPANY 01280,SYNTHETIC SITE 01280,,1 Example Way,Nowhere,ZZ,00000,3115,SYNTHETIC INDUSTRY,63,106990,2,0,0,0,0,0,0,0,0,0,0,0,0,101280,1,2,2021,1/1/2022,
1282,SYNTHETIC COMPANY 01281,SYNTHETIC SITE 01281,,1 Example Way,Nowhere,ZZ,00000,3251,SYNTHETIC INDUSTRY,49,77881,2,0,0,0,0,0,0,0,0,0,0,0,0,101281,1,2,2021,1/1/2022,
1283,SYNTHETIC COMPANY 01282,SYNTHETIC SITE 01282,,1 Example Way,Nowhere,ZZ,00000,3252,SYNTHETIC INDUSTRY,49,96564,2,0,0,0,0,0,0,0,0,0,0,0,0,101282,1,2,2021,1/1/2022,
1284,SYNTHETIC COMPANY 01283,SYNTHETIC SITE 01283,,1 Example Way,Nowhere,ZZ,00000,3251,SYNTHETIC INDUSTRY,87,161231,1,0,2,3,1,14,12,6,0,0,0,0,0,101283,1,2,2021,1/1/2022,
1285,SYNTHETIC COMPANY 01284,SYNTHETIC SITE 01284,,1 Example Way,Nowhere,ZZ,00000,3328,SYNTHETIC INDUSTRY,36,82015,2,0,0,0,0,0,0,0,0,0,0,0,0,101284,1,2,2021,1/1/2022,
1286,SYNTHETIC COMPANY 01285,SYNTHETIC SITE 01285,,1 Example Way,Nowhere,ZZ,00000,3252,SYNTHETIC INDUSTRY,22,40255,1,0,2,0,3,14,0,5,0,0,0,0,0,101285,1,2,2021,1/1/2022,
1287,SYNTHETIC COMPANY 01286,SYNTHETIC SITE 01286,,1 Example Way,Nowhere,ZZ,00000,3115,SYNTHETIC INDUSTRY,26,57844,1,0,3,0,1,21,0,4,0,0,0,0,0,101286,1,2,2021,1/1/2022,
1288,SYNTHETIC COMPANY 01287,SYNTHETIC SITE 01287,,1 Example Way,Nowhere,ZZ,00000,6221,SYNTHETIC INDUSTRY,1148,2473460,1,0,1,0,4,7,0,5,0,0,0,0,0,101287,1,2,2021,1/1/2022,
1289,SYNTHETIC COMPANY 01288,SYNTHETIC SITE 01288,,1 Example Way,Nowhere,ZZ,00000,4841,SYNTHETIC INDUSTRY,144,287987,1,0,3,1,1,21,4,5,0,0,0,0,0,101288,1,2,2021,1/1/2022,
1290,SYNTHETIC COMPANY 01289,SYNTHETIC SITE 01289,,1 Example Way,Nowhere,ZZ,00000,4841,SYNTHETIC INDUSTRY,282,537447,2,0,0,0,0,0,0,0,0,0,0,0,0,101289,1,2,2021,1/1/2022,
1291,SYNTHETIC COMPANY 01290,SYNTHETIC SITE 01290,,1 Example Way,Nowhere,ZZ,00000,3328,SYNTHETIC INDUSTRY,92,126099,2,0,0,0,0,0,0,0,0,0,0,0,0,101290,1,2,2021,1/1/2022,
1292,SYNTHETIC COMPANY 01291,SYNTHETIC SITE 01291,,1 Example Way,Nowhere,ZZ,00000,2361,SYNTHETIC INDUSTRY,214,405486,1,0,3,5,10,21,20,18,0,0,0,0,0,101291,1,2,2021,1/1/2022,
1293,SYNTHETIC COMPANY 01292,SYNTHETIC SITE 01292,,1 Example Way,Nowhere,ZZ,00000,4451,SYNTHETIC INDUSTRY,106,233261,2,0,0,0,0,0,0,0,0,0,0,0,0,101292,1,2,2021,1/1/2022,
1294,SYNTHETIC COMPANY 01293,SYNTHETIC SITE 01293,,1 Example Way,Nowhere,ZZ,00000,3251,SYNTHETIC INDUSTRY,16,24007,2,0,0,0,0,0,0,0,0,0,0,0,0,101293,1,2,2021,1/1/2022,
1295,SYNTHETIC COMPANY 01294,SYNTHETIC SITE 01294,,1 Example Way,Nowhere,ZZ,00000,2361,SYNTHETIC INDUSTRY,340,550551,1,0,0,3,1,0,12,4,0,0,0,0,0,101294,1,2,2021,1/1/2022,
1296,SYNTHETIC COMPANY 01295,SYNTHETIC SITE 01295,,1 Example Way,Nowhere,ZZ,00000,4841,SYNTHETIC INDUSTRY,19,28354,2,0,0,0,0,0,0,0,0,0,0,0,0,101295,1,2,2021,1/1/2022,
1297,SYNTHETIC COMPANY 01296,SYNTHETIC SITE 01296,,1 Example Way,Nowhere,ZZ,00000,3252,SYNTHETIC INDUSTRY,52,96278,1,0,1,0,1,7,0,2,0,0,0,0,0,101296,1,2,2021,1/1/2022,
1298,SYNTHETIC COMPANY 01297,SYNTHETIC SITE 01297,,1 Example Way,Nowhere,ZZ,00000,3328,SYNTHETIC INDUSTRY,466,1147470,1,0,5,3,3,35,12,11,0,0,0,0,0,101297,1,2,2021,1/1/2022,
1299,SYNTHETIC COMPANY 01298,SYNTHETIC SITE 01298,,1 Example Way,Nowhere,ZZ,00000,6221,SYNTHETIC INDUSTRY,2099,5083296,1,0,9,3,7,63,12,19,0,0,0,0,0,101298,1,2,2021,1/1/2022,
1300,SYNTHETIC COMPANY 01299,SYNTHETIC SITE 01299,,1 Example Way,Nowhere,ZZ,00000,3251,SYNTHETIC INDUSTRY,150,249427,2,0,0,0,0,0,0,0,0,0,0,0,0,101299,1,2,2021,1/1/2022,
1301,SYNTHETIC COMPANY 01300,SYNTHETIC SITE 01300,,1 Example Way,Nowhere,ZZ,00000,2361,SYNTHETIC INDUSTRY,197,309030,1,0,1,1,0,7,4,2,0,0,0,0,0,101300,1,2,2021,1/1/2022,
1302,SYNTHETIC COMPANY 01301,SYNTHETIC SITE 01301,,1 Example Way,Nowhere,ZZ,00000,4451,SYNTHETIC INDUSTRY,6,8145,2,0,0,0,0,0,0,0,0,0,0,0,0,101301,1,2,2021,1/1/2022,
1303,SYNTHETIC COMPANY 01302,SYNTHETIC SITE 01302,,1 Example Way,Nowhere,ZZ,00000,3252,SYNTHETIC INDUSTRY,787,1422382,1,0,0,1,0,0,4,1,0,0,0,0,0,101302,1,2,2021,1/1/2022,
1304,SYNTHETIC COMPANY 01303,SYNTHETIC SITE 01303,,1 Example Way,Nowhere,ZZ,00000,3115,SYNTHETIC INDUSTRY,130,236269,2,0,0,0,0,0,0,0,0,0,0,0,0,101303,1,2,2021,1/1/2022,
1305,SYNTHETIC COMPANY 01304,SYNTHETIC SITE 01304,,1 Example Way,Nowhere,ZZ,00000,3115,SYNTHETIC INDUSTRY,21,39091,2,0,0,0,0,0,0,0,0,0,0,0,0,101304,1,2,2021,1/1/2022,
1306,SYNTHETIC COMPANY 01305,SYNTHETIC SITE 01305,,1 Example Way,Nowhere,ZZ,00000,4841,SYNTHETIC INDUSTRY,2,417700000,2,0,0,0,0,0,0,0,0,0,0,0,0,101305,1,2,2021,1/1/2022,
1307,SYNTHETIC COMPANY 01306,SYNTHETIC SITE 01306,,1 Example Way,Nowhere,ZZ,00000,4451,SYNTHETIC INDUSTRY,11,24864,2,0,0,0,0,0,0,0,0,0,0,0,0,101306,1,2,2021,1/1/2022,
1308,SYNTHETIC COMPANY 01307,SYNTHETIC SITE 01307,,1 Example Way,Nowhere,ZZ,00000,6221,SYNTHETIC INDUSTRY,7,12659,2,0,0,0,0,0,0,0,0,0,0,0,0,101307,1,2,2021,1/1/2022,
1309,SYNTHETIC COMPANY 01308,SYNTHETIC SITE 01308,,1 Example Way,Nowhere,ZZ,00000,6221,SYNTHETIC INDUSTRY,1015,1953556,1,0,27,21,35,189,84,83,0,0,0,0,0,101308,1,2,2021,1/1/2022,
1310,SYNTHETIC COMPANY 01309,SYNTHETIC SITE 01309,,1 Example Way,Nowhere,ZZ,00000,4451,SYNTHETIC INDUSTRY,30,48000,1,0,0,0,1,0,0,1,0,0,0,0,0,101309,1,2,2021,1/1/2022,
1311,SYNTHETIC COMPANY 01310,SYNTHETIC SITE 01310,,1 Example Way,Nowhere,ZZ,00000,4841,SYNTHETIC INDUSTRY,11,20710,1,0,0,1,0,0,4,1,0,0,0,0,0,101310,1,2,2021,1/1/2022,
1312,SYNTHETIC COMPANY 01311,SYNTHETIC SITE 01311,,1 Example Way,Nowhere,ZZ,00000,4451,SYNTHETIC INDUSTRY,49,95625,1,0,1,0,1,7,0,2,0,0,0,0,0,101311,1,2,2021,1/1/2022,
1313,SYNTHETIC COMPANY 01312,SYNTHETIC SITE 01312,,1 Example Way,Nowhere,ZZ,00000,6221,SYNTHETIC INDUSTRY,28,59458,2,0,0,0,0,0,0,0,0,0,0,0,0,101312,1,2,2021,1/1/2022,
1314,SYNTHETIC COMPANY 01313,SYNTHETIC SITE 01313,,1 Example Way,Nowhere,ZZ,00000,3328,SYNTHETIC INDUSTRY,150,337454,1,0,1,1,0,7,4,2,0,0,0,0,0,101313,1,2,2021,1/1/2022,
1315,SYNTHETIC COMPANY 01314,SYNTHETIC SITE 01314,,1 Example Way,Nowhere,ZZ,00000,3115,SYNTHETIC INDUSTRY,22,40564,1,0,1,0,0,7,0,1,0,0,0,0,0,101314,1,2,2021,1/1/2022,
1316,SYNTHETIC COMPANY 01315,SYNTHETIC SITE 01315,,1 Example Way,Nowhere,ZZ,00000,2361,SYNTHETIC INDUSTRY,343,747484,1,0,5,6,5,35,24,16,0,0,0,0,0,101315,1,2,2021,1/1/2022,
1317,SYNTHETIC COMPANY 01316,SYNTHETIC SITE 01316,,1 Example Way,Nowhere,ZZ,00000,3328,SYNTHETIC INDUSTRY,17,32470,2,0,0,0,0,0,0,0,0,0,0,0,0,101316,1,2,2021,1/1/2022,
1318,SYNTHETIC COMPANY 01317,SYNTHETIC SITE 01317,,1 Example Way,Nowhere,ZZ,00000,3252,SYNTHETIC INDUSTRY,31,57423,2,0,0,0,0,0,0,0,0,0,0,0,0,101317,1,2,2021,1/1/2022,
1319,SYNTHETIC COMPANY 01318,SYNTHETIC SITE 01318,,1 Example Way,Nowhere,ZZ,00000,4841,SYNTHETIC INDUSTRY,42,73142,1,0,1,0,0,7,0,1,0,0,0,0,0,101318,1,2,2021,1/1/2022,
1320,SYNTHETIC COMPANY 01319,SYNTHETIC SITE 01319,,1 Example Way,Nowhere,ZZ,00000,2361,SYNTHETIC INDUSTRY,30,71450,2,0,0,0,0,0,0,0,0,0,0,0,0,101319,1,2,2021,1/1/2022,
1321,SYNTHETIC COMPANY 01320,SYNTHETIC SITE 01320,,1 Example Way,Nowhere,ZZ,00000,3252,SYNTHETIC INDUSTRY,5,10857,2,0,0,0,0,0,0,0,0,0,0,0,0,101320,1,2,2021,1/1/2022,
1322,SYNTHETIC COMPANY 01321,SYNTHETIC SITE 01321,,1 Example Way,Nowhere,ZZ,00000,3328,SYNTHETIC INDUSTRY,34,77774,1,0,3,1,2,21,4,6,0,0,0,0,0,101321,1,2,2021,1/1/2022,
1323,SYNTHETIC COMPANY 01322,SYNTHETIC SITE 01322,,1 Example Way,Nowhere,ZZ,00000,6221,SYNTHETIC INDUSTRY,82,170023,2,0,0,0,0,0,0,0,0,0,0,0,0,101322,1,2,2021,1/1/2022,
1324,SYNTHETIC COMPANY 01323,SYNTHETIC SITE 01323,,1 Example Way,Nowhere,ZZ,00000,2361,SYNTHETIC INDUSTRY,15,31654,2,0,0,0,0,0,0,0,0,0,0,0,0,101323,1,2,2021,1/1/2022,
1325,SYNTHETIC COMPANY 01324,SYNTHETIC SITE 01324,,1 Example Way,Nowhere,ZZ,00000,3252,SYNTHETIC INDUSTRY,94,182921,1,0,0,0,1,0,0,1,0,0,0,0,0,101324,1,2,2021,1/1/2022,
1326,SYNTHETIC COMPANY 01325,SYNTHETIC SITE 01325,,1 Example Way,Nowhere,ZZ,00000,3328,SYNTHETIC INDUSTRY,46,99561,2,0,0,0,0,0,0,0,0,0,0,0,0,101325,1,2,2021,1/1/2022,
1327,SYNTHETIC COMPANY 01326,SYNTHETIC SITE 01326,,1 Example Way,Nowhere,ZZ,00000,2361,SYNTHETIC INDUSTRY,259,547324,1,0,3,0,1,21,0,4,0,0,0,0,0,101326,1,2,2021,1/1/2022,
1328,SYNTHETIC COMPANY 01327,SYNTHETIC SITE 01327,,1 Example Way,Nowhere,ZZ,00000,4451,SYNTHETIC INDUSTRY,134,251395,2,0,0,0,0,0,0,0,0,0,0,0,0,101327,1,2,2021,1/1/2022,
1329,SYNTHETIC COMPANY 01328,SYNTHETIC SITE 01328,,1 Example Way,Nowhere,ZZ,00000,3115,SYNTHETIC INDUSTRY,30,63436,2,0,0,0,0,0,0,0,0,0,0,0,0,101328,1,2,2021,1/1/2022,
1330,SYNTHETIC COMPANY 01329,SYNTHETIC SITE 01329,,1 Example Way,Nowhere,ZZ,00000,3115,SYNTHETIC INDUSTRY,89,139402,1,0,0,0,1,0,0,1,0,0,0,0,0,101329,1,2,2021,1/1/2022,
1331,SYNTHETIC COMPANY 01330,SYNTHETIC SITE 01330,,1 Example Way,Nowhere,ZZ,00000,3251,SYNTHETIC INDUSTRY,14,28341,2,0,0,0,0,0,0,0,0,0,0,0,0,101330,1,2,2021,1/1/2022,
1332,SYNTHETIC COMPANY 01331,SYNTHETIC SITE 01331,,1 Example Way,Nowhere,ZZ,00000,4841,SYNTHETIC INDUSTRY,27,54809,1,0,1,1,1,7,4,3,0,0,0,0,0,101331,1,2,2021,1/1/2022,
1333,SYNTHETIC COMPANY 01332,SYNTHETIC SITE 01332,,1 Example Way,Nowhere,ZZ,00000,3115,SYNTHETIC INDUSTRY,113,219775,2,0,0,0,0,0,0,0,0,0,0,0,0,101332,1,2,2021,1/1/2022,
1334,SYNTHETIC COMPANY 01333,SYNTHETIC SITE 01333,,1 Example Way,Nowhere,ZZ,00000,3115,SYNTHETIC INDUSTRY,5,11273,1,0,0,1,0,0,4,1,0,0,0,0,0,101333,1,2,2021,1/1/2022,
1335,SYNTHETIC COMPANY 01334,SYNTHETIC SITE 01334,,1 Example Way,Nowhere,ZZ,00000,3252,SYNTHETIC INDUSTRY,904,1804906,1,0,1,2,6,7,8,9,0,0,0,0,0,101334,1,2,2021,1/1/2022,
1336,SYNTHETIC COMPANY 01335,SYNTHETIC SITE 01335,,1 Example Way,Nowhere,ZZ,00000,6221,SYNTHETIC INDUSTRY,115,220019,2,0,0,0,0,0,0,0,0,0,0,0,0,101335,1,2,2021,1/1/2022,
1337,SYNTHETIC COMPANY 01336,SYNTHETIC SITE 01336,,1 Example Way,Nowhere,ZZ,00000,4451,SYNTHETIC INDUSTRY,116,228608,2,0,0,0,0,0,0,0,0,0,0,0,0,101336,1,2,2021,1/1/2022,
1338,SYNTHETIC COMPANY 01337,SYNTHETIC SITE 01337,,1 Example Way,Nowhere,ZZ,00000,3252,SYNTHETIC INDUSTRY,6,11704,2,0,0,0,0,0,0,0,0,0,0,0,0,101337,1,2,2021,1/1/2022,
1339,SYNTHETIC COMPANY 01338,SYNTHETIC SITE 01338,,1 Example Way,Nowhere,ZZ,00000,6221,SYNTHETIC INDUSTRY,78,137626,1,0,3,1,1,21,4,5,0,0,0,0,0,101338,1,2,2021,1/1/2022,
1340,SYNTHETIC COMPANY 01339,SYNTHETIC SITE 01339,,1 Example Way,Nowhere,ZZ,00000,4451,SYNTHETIC INDUSTRY,32,58796,1,0,1,0,0,7,0,1,0,0,0,0,0,101339,1,2,2021,1/1/2022,
1341,SYNTHETIC COMPANY 01340,SYNTHETIC SITE 01340,,1 Example Way,Nowhere,ZZ,00000,3251,SYNTHETIC INDUSTRY,6,12014,2,0,0,0,0,0,0,0,0,0,0,0,0,101340,1,2,2021,1/1/2022,
1342,SYNTHETIC COMPANY 01341,SYNTHETIC SITE 01341,,1 Example Way,Nowhere,ZZ,00000,3328,SYNTHETIC INDUSTRY,36,67803,1,0,0,1,5,0,4,6,0,0,0,0,0,101341,1,2,2021,1/1/2022,
1343,SYNTHETIC COMPANY 01342,SYNTHETIC SITE 01342,,1 Example Way,Nowhere,ZZ,00000,3328,SYNTHETIC INDUSTRY,15,33228,2,0,0,0,0,0,0,0,0,0,0,0,0,101342,1,2,2021,1/1/2022,
1344,SYNTHETIC COMPANY 01343,SYNTHETIC SITE 01343,,1 Example Way,Nowhere,ZZ,00000,3252,SYNTHETIC INDUSTRY,79,130484,1,0,0,2,0,0,8,2,0,0,0,0,0,101343,1,2,2021,1/1/2022,
1345,SYNTHETIC COMPANY 01344,SYNTHETIC SITE 01344,,1 Example Way,Nowhere,ZZ,00000,3328,SYNTHETIC INDUSTRY,295,512167,2,0,0,0,0,0,0,0,0,0,0,0,0,101344,1,2,2021,1/1/2022,
1346,SYNTHETIC COMPANY 01345,SYNTHETIC SITE 01345,,1 Example Way,Nowhere,ZZ,00000,3251,SYNTHETIC INDUSTRY,118,222062,1,0,3,6,2,21,24,11,0,0,0,0,0,101345,1,2,2021,1/1/2022,
1347,SYNTHETIC COMPANY 01346,SYNTHETIC SITE 01346,,1 Example Way,Nowhere,ZZ,00000,3328,SYNTHETIC INDUSTRY,235,467724,1,0,10,5,9,70,20,24,0,0,0,0,0,101346,1,2,2021,1/1/2022,
1348,SYNTHETIC COMPANY 01347,SYNTHETIC SITE 01347,,1 Example Way,Nowhere,ZZ,00000,3251,SYNTHETIC INDUSTRY,13,21696,2,0,0,0,0,0,0,0,0,0,0,0,0,101347,1,2,2021,1/1/2022,
1349,SYNTHETIC COMPANY 01348,SYNTHETIC SITE 01348,,1 Example Way,Nowhere,ZZ,00000,3252,SYNTHETIC INDUSTRY,13,28486,2,0,0,0,0,0,0,0,0,0,0,0,0,101348,1,2,2021,1/1/2022,
1350,SYNTHETIC COMPANY 01349,SYNTHETIC SITE 01349,,1 Example Way,Nowhere,ZZ,00000,3252,SYNTHETIC INDUSTRY,9,13707,2,0,0,0,0,0,0,0,0,0,0,0,0,101349,1,2,2021,1/1/2022,
1351,SYNTHETIC COMPANY 01350,SYNTHETIC SITE 01350,,1 Example Way,Nowhere,ZZ,00000,6221,SYNTHETIC INDUSTRY,101,221701,1,0,0,1,1,0,4,2,0,0,0,0,0,101350,1,2,2021,1/1/2022,
1352,SYNTHETIC COMPANY 01351,SYNTHETIC SITE 01351,,1 Example Way,Nowhere,ZZ,00000,4451,SYNTHETIC INDUSTRY,82,141439,2,0,0,0,0,0,0,0,0,0,0,0,0,101351,1,2,2021,1/1/2022,
1353,SYNTHETIC COMPANY 01352,SYNTHETIC SITE 01352,,1 Example Way,Nowhere,ZZ,00000,4451,SYNTHETIC INDUSTRY,11,19624,1,0,0,0,1,0,0,1,0,0,0,0,0,101352,1,2,2021,1/1/2022,
1354,SYNTHETIC COMPANY 01353,SYNTHETIC SITE 01353,,1 Example Way,Nowhere,ZZ,00000,6221,SYNTHETIC INDUSTRY,143,254093,2,0,0,0,0,0,0,0,0,0,0,0,0,101353,1,2,2021,1/1/2022,
1355,SYNTHETIC COMPANY 01354,SYNTHETIC SITE 01354,,1 Example Way,Nowhere,ZZ,00000,6221,SYNTHETIC INDUSTRY,43,72579,2,0,0,0,0,0,0,0,0,0,0,0,0,101354,1,2,2021,1/1/2022,
1356,SYNTHETIC COMPANY 01355,SYNTHETIC SITE 01355,,1 Example Way,Nowhere,ZZ,00000,3252,SYNTHETIC INDUSTRY,146,274533,2,0,0,0,0,0,0,0,0,0,0,0,0,101355,1,2,2021,1/1/2022,
1357,SYNTHETIC COMPANY 01356,SYNTHETIC SITE 01356,,1 Example Way,Nowhere,ZZ,00000,2361,SYNTHETIC INDUSTRY,33,60861,2,0,0,0,0,0,0,0,0,0,0,0,0,101356,1,2,2021,1/1/2022,
1358,SYNTHETIC COMPANY 01357,SYNTHETIC SITE 01357,,1 Example Way,Nowhere,ZZ,00000,3251,SYNTHETIC INDUSTRY,91,152289,1,0,0,0,2,0,0,2,0,0,0,0,0,101357,1,2,2021,1/1/2022,
1359,SYNTHETIC COMPANY 01358,SYNTHETIC SITE 01358,,1 Example Way,Nowhere,ZZ,00000,4451,SYNTHETIC INDUSTRY,28,49151,1,0,1,0,1,7,0,2,0,0,0,0,0,101358,1,2,2021,1/1/2022,
1360,SYNTHETIC COMPANY 01359,SYNTHETIC SITE 01359,,1 Example Way,Nowhere,ZZ,00000,4841,SYNTHETIC INDUSTRY,64,99120,1,0,0,1,2,0,4,3,0,0,0,0,0,101359,1,2,2021,1/1/2022,
1361,SYNTHETIC COMPANY 01360,SYNTHETIC SITE 01360,,1 Example Way,Nowhere,ZZ,00000,3252,SYNTHETIC INDUSTRY,46,90098,1,0,0,0,1,0,0,1,0,0,0,0,0,101360,1,2,2021,1/1/2022,
1362,SYNTHETIC COMPANY 01361,SYNTHETIC SITE 01361,,1 Example Way,Nowhere,ZZ,00000,3252,SYNTHETIC INDUSTRY,37,70424,2,0,0,0,0,0,0,0,0,0,0,0,0,101361,1,2,2021,1/1/2022,
1363,SYNTHETIC COMPANY 01362,SYNTHETIC SITE 01362,,1 Example Way,Nowhere,ZZ,00000,3328,SYNTHETIC INDUSTRY,25,56538,2,0,0,0,0,0,0,0,0,0,0,0,0,101362,1,2,2021,1/1/2022,
1364,SYNTHETIC COMPANY 01363,SYNTHETIC SITE 01363,,1 Example Way,Nowhere,ZZ,00000,3328,SYNTHETIC INDUSTRY,15,27114,2,0,0,0,0,0,0,0,0,0,0,0,0,101363,1,2,2021,1/1/2022,
1365,SYNTHETIC COMPANY 01364,SYNTHETIC SITE 01364,,1 Example Way,Nowhere,ZZ,00000,3328,SYNTHETIC INDUSTRY,167,335817,2,0,0,0,0,0,0,0,0,0,0,0,0,101364,1,2,2021,1/1/2022,
1366,SYNTHETIC COMPANY 01365,SYNTHETIC SITE 01365,,1 Example Way,Nowhere,ZZ,00000,4451,SYNTHETIC INDUSTRY,148,289021,2,0,0,0,0,0,0,0,0,0,0,0,0,101365,1,2,2021,1/1/2022,
1367,SYNTHETIC COMPANY 01366,SYNTHETIC SITE 01366,,1 Example Way,Nowhere,ZZ,00000,4841,SYNTHETIC INDUSTRY,27,41321,1,0,0,0,2,0,0,2,0,0,0,0,0,101366,1,2,2021,1/1/2022,
1368,SYNTHETIC COMPANY 01367,SYNTHETIC SITE 01367,,1 Example Way,Nowhere,ZZ,00000,3252,SYNTHETIC INDUSTRY,10,20451,1,0,0,0,1,0,0,1,0,0,0,0,0,101367,1,2,2021,1/1/2022,
1369,SYNTHETIC COMPANY 01368,SYNTHETIC SITE 01368,,1 Example Way,Nowhere,ZZ,00000,2361,SYNTHETIC INDUSTRY,119,226334,1,0,1,0,0,7,0,1,0,0,0,0,0,101368,1,2,2021,1/1/2022,
1370,SYNTHETIC COMPANY 01369,SYNTHETIC SITE 01369,,1 Example Way,Nowhere,ZZ,00000,3252,SYNTHETIC INDUSTRY,13,21904,2,0,0,0,0,0,0,0,0,0,0,0,0,101369,1,2,2021,1/1/2022,
1371,SYNTHETIC COMPANY 01370,SYNTHETIC SITE 01370,,1 Example Way,Nowhere,ZZ,00000,3251,SYNTHETIC INDUSTRY,286,526067,1,0,0,1,3,0,4,4,0,0,0,0,0,101370,1,2,2021,1/1/2022,
1372,SYNTHETIC COMPANY 01371,SYNTHETIC SITE 01371,,1 Example Way,Nowhere,ZZ,00000,4451,SYNTHETIC INDUSTRY,69,154478,2,0,0,0,0,0,0,0,0,0,0,0,0,101371,1,2,2021,1/1/2022,
1373,SYNTHETIC COMPANY 01372,SYNTHETIC SITE 01372,,1 Example Way,Nowhere,ZZ,00000,3251,SYNTHETIC INDUSTRY,112,186855,1,0,2,0,1,14,0,3,0,0,0,0,0,101372,1,2,2021,1/1/2022,
1374,SYNTHETIC COMPANY 01373,SYNTHETIC SITE 01373,,1 Example Way,Nowhere,ZZ,00000,4451,SYNTHETIC INDUSTRY,33,66035,2,0,0,0,0,0,0,0,0,0,0,0,0,101373,1,2,2021,1/1/2022,
1375,SYNTHETIC COMPANY 01374,SYNTHETIC SITE 01374,,1 Example Way,Nowhere,ZZ,00000,4451,SYNTHETIC INDUSTRY,85,145112,1,0,2,2,5,14,8,9,0,0,0,0,0,101374,1,2,2021,1/1/2022,
1376,SYNTHETIC COMPANY 01375,SYNTHETIC SITE 01375,,1 Example Way,Nowhere,ZZ,00000,6221,SYNTHETIC INDUSTRY,14,25153,2,0,0,0,0,0,0,0,0,0,0,0,0,101375,1,2,2021,1/1/2022,
1377,SYNTHETIC COMPANY 01376,SYNTHETIC SITE 01376,,1 Example Way,Nowhere,ZZ,00000,4451,SYNTHETIC INDUSTRY,8,15459,2,0,0,0,0,0,0,0,0,0,0,0,0,101376,1,2,2021,1/1/2022,
1378,SYNTHETIC COMPANY 01377,SYNTHETIC SITE 01377,,1 Example Way,Nowhere,ZZ,00000,3252,SYNTHETIC INDUSTRY,357,661708,1,0,3,3,3,21,12,9,0,0,0,0,0,101377,1,2,2021,1/1/2022,
1379,SYNTHETIC COMPANY 01378,SYNTHETIC SITE 01378,,1 Example Way,Nowhere,ZZ,00000,2361,SYNTHETIC INDUSTRY,41,94715,2,0,0,0,0,0,0,0,0,0,0,0,0,101378,1,2,2021,1/1/2022,
1380,SYNTHETIC COMPANY 01379,SYNTHETIC SITE 01379,,1 Example Way,Nowhere,ZZ,00000,3252,SYNTHETIC INDUSTRY,19,27476,1,0,1,0,0,7,0,1,0,0,0,0,0,101379,1,2,2021,1/1/2022,
1381,SYNTHETIC COMPANY 01380,SYNTHETIC SITE 01380,,1 Example Way,Nowhere,ZZ,00000,3251,SYNTHETIC INDUSTRY,76,141199,2,0,0,0,0,0,0,0,0,0,0,0,0,101380,1,2,2021,1/1/2022,
1382,SYNTHETIC COMPANY 01381,SYNTHETIC SITE 01381,,1 Example Way,Nowhere,ZZ,00000,3251,SYNTHETIC INDUSTRY,23,39909,2,0,0,0,0,0,0,0,0,0,0,0,0,101381,1,2,2021,1/1/2022,
1383,SYNTHETIC COMPANY 01382,SYNTHETIC SITE 01382,,1 Example Way,Nowhere,ZZ,00000,3328,SYNTHETIC INDUSTRY,7,15794,2,0,0,0,0,0,0,0,0,0,0,0,0,101382,1,2,2021,1/1/2022,
1384,SYNTHETIC COMPANY 01383,SYNTHETIC SITE 01383,,1 Example Way,Nowhere,ZZ,00000,3251,SYNTHETIC INDUSTRY,21,39016,2,0,0,0,0,0,0,0,0,0,0,0,0,101383,1,2,2021,1/1/2022,
1385,SYNTHETIC COMPANY 01384,SYNTHETIC SITE 01384,,1 Example Way,Nowhere,ZZ,00000,2361,SYNTHETIC INDUSTRY,78,130098,2,0,0,0,0,0,0,0,0,0,0,0,0,101384,1,2,2021,1/1/2022,
1386,SYNTHETIC COMPANY 01385,SYNTHETIC SITE 01385,,1 Example Way,Nowhere,ZZ,00000,6221,SYNTHETIC INDUSTRY,375,693596,1,0,0,4,4,0,16,8,0,0,0,0,0,101385,1,2,2021,1/1/2022,
1387,SYNTHETIC COMPANY 01386,SYNTHETIC SITE 01386,,1 Example Way,Nowhere,ZZ,00000,4451,SYNTHETIC INDUSTRY,46,83495,2,0,0,0,0,0,0,0,0,0,0,0,0,101386,1,2,2021,1/1/2022,
1388,SYNTHETIC COMPANY 01387,SYNTHETIC SITE 01387,,1 Example Way,Nowhere,ZZ,00000,2361,SYNTHETIC INDUSTRY,23,40519,2,0,0,0,0,0,0,0,0,0,0,0,0,101387,1,2,2021,1/1/2022,
1389,SYNTHETIC COMPANY 01388,SYNTHETIC SITE 01388,,1 Example Way,Nowhere,ZZ,00000,4451,SYNTHETIC INDUSTRY,8,12710,2,0,0,0,0,0,0,0,0,0,0,0,0,101388,1,2,2021,1/1/2022,
1390,SYNTHETIC COMPANY 01389,SYNTHETIC SITE 01389,,1 Example Way,Nowhere,ZZ,00000,3252,SYNTHETIC INDUSTRY,47,98354,2,0,0,0,0,0,0,0,0,0,0,0,0,101389,1,2,2021,1/1/2022,
1391,SYNTHETIC COMPANY 01390,SYNTHETIC SITE 01390,,1 Example Way,Nowhere,ZZ,00000,4841,SYNTHETIC INDUSTRY,108,204914,1,0,1,0,0,7,0,1,0,0,0,0,0,101390,1,2,2021,1/1/2022,
1392,SYNTHETIC COMPANY 01391,SYNTHETIC SITE 01391,,1 Example Way,Nowhere,ZZ,00000,4451,SYNTHETIC INDUSTRY,16,29431,2,0,0,0,0,0,0,0,0,0,0,0,0,101391,1,2,2021,1/1/2022,
1393,SYNTHETIC COMPANY 01392,SYNTHETIC SITE 01392,,1 Example Way,Nowhere,ZZ,00000,4451,SYNTHETIC INDUSTRY,6,11336,2,0,0,0,0,0,0,0,0,0,0,0,0,101392,1,2,2021,1/1/2022,
1394,SYNTHETIC COMPANY 01393,SYNTHETIC SITE 01393,,1 Example Way,Nowhere,ZZ,00000,4841,SYNTHETIC INDUSTRY,83,179141,2,0,0,0,0,0,0,0,0,0,0,0,0,101393,1,2,2021,1/1/2022,
1395,SYNTHETIC COMPANY 01394,SYNTHETIC SITE 01394,,1 Example Way,Nowhere,ZZ,00000,3328,SYNTHETIC INDUSTRY,46,88386,2,0,0,0,0,0,0,0,0,0,0,0,0,101394,1,2,2021,1/1/2022,
1396,SYNTHETIC COMPANY 01395,SYNTHETIC SITE 01395,,1 Example Way,Nowhere,ZZ,00000,3115,SYNTHETIC INDUSTRY,204,366607,1,0,1,0,2,7,0,3,0,0,0,0,0,101395,1,2,2021,1/1/2022,
1397,SYNTHETIC COMPANY 01396,SYNTHETIC SITE 01396,,1 Example Way,Nowhere,ZZ,00000,3328,SYNTHETIC INDUSTRY,111,222355,1,0,6,3,0,42,12,9,0,0,0,0,0,101396,1,2,2021,1/1/2022,
1398,SYNTHETIC COMPANY 01397,SYNTHETIC SITE 01397,,1 Example Way,Nowhere,ZZ,00000,4451,SYNTHETIC INDUSTRY,11,19532,1,0,1,1,0,7,4,2,0,0,0,0,0,101397,1,2,2021,1/1/2022,
1399,SYNTHETIC COMPANY 01398,SYNTHETIC SITE 01398,,1 Example Way,Nowhere,ZZ,00000,6221,SYNTHETIC INDUSTRY,8,13723,2,0,0,0,0,0,0,0,0,0,0,0,0,101398,1,2,2021,1/1/2022,
1400,SYNTHETIC COMPANY 01399,SYNTHETIC SITE 01399,,1 Example Way,Nowhere,ZZ,00000,4451,SYNTHETIC INDUSTRY,91,182796,1,0,7,4,4,49,16,15,0,0,0,0,0,101399,1,2,2021,1/1/2022,
1401,SYNTHETIC COMPANY 01400,SYNTHETIC SITE 01400,,1 Example Way,Nowhere,ZZ,00000,3252,SYNTHETIC INDUSTRY,520,1077338,1,0,5,3,5,35,12,13,0,0,0,0,0,101400,1,2,2021,1/1/2022,
1402,SYNTHETIC COMPANY 01401,SYNTHETIC SITE 01401,,1 Example Way,Nowhere,ZZ,00000,3115,SYNTHETIC INDUSTRY,83,162005,1,0,3,0,2,21,0,5,0,0,0,0,0,101401,1,2,2021,1/1/2022,
1403,SYNTHETIC COMPANY 01402,SYNTHETIC SITE 01402,,1 Example Way,Nowhere,ZZ,00000,3252,SYNTHETIC INDUSTRY,38,40948,2,0,0,0,0,0,0,0,0,0,0,0,0,101402,1,2,2021,1/1/2022,
1404,SYNTHETIC COMPANY 01403,SYNTHETIC SITE 01403,,1 Example Way,Nowhere,ZZ,00000,4451,SYNTHETIC INDUSTRY,55,111746,2,0,0,0,0,0,0,0,0,0,0,0,0,101403,1,2,2021,1/1/2022,
1405,SYNTHETIC COMPANY 01404,SYNTHETIC SITE 01404,,1 Example Way,Nowhere,ZZ,00000,2361,SYNTHETIC INDUSTRY,113,217271,1,0,0,2,0,0,8,2,0,0,0,0,0,101404,1,2,2021,1/1/2022,
1406,SYNTHETIC COMPANY 01405,SYNTHETIC SITE 01405,,1 Example Way,Nowhere,ZZ,00000,6221,SYNTHETIC INDUSTRY,105,190921,2,0,0,0,0,0,0,0,0,0,0,0,0,101405,1,2,2021,1/1/2022,
1407,SYNTHETIC COMPANY 01406,SYNTHETIC SITE 01406,,1 Example Way,Nowhere,ZZ,00000,3251,SYNTHETIC INDUSTRY,46,87957,2,0,0,0,0,0,0,0,0,0,0,0,0,101406,1,2,2021,1/1/2022,
1408,SYNTHETIC COMPANY 01407,SYNTHETIC SITE 01407,,1 Example Way,Nowhere,ZZ,00000,6221,SYNTHETIC INDUSTRY,130,267284,1,0,1,1,0,7,4,2,0,0,0,0,0,101407,1,2,2021,1/1/2022,
1409,SYNTHETIC COMPANY 01408,SYNTHETIC SITE 01408,,1 Example Way,Nowhere,ZZ,00000,4451,SYNTHETIC INDUSTRY,43,78274,1,0,2,0,0,14,0,2,0,0,0,0,0,101408,1,2,2021,1/1/2022,
1410,SYNTHETIC COMPANY 01409,SYNTHETIC SITE 01409,,1 Example Way,Nowhere,ZZ,00000,4451,SYNTHETIC INDUSTRY,27,50605,2,0,0,0,0,0,0,0,0,0,0,0,0,101409,1,2,2021,1/1/2022,
1411,SYNTHETIC COMPANY 01410,SYNTHETIC SITE 01410,,1 Example Way,Nowhere,ZZ,00000,4451,SYNTHETIC INDUSTRY,43,83503,2,0,0,0,0,0,0,0,0,0,0,0,0,101410,1,2,2021,1/1/2022,
1412,SYNTHETIC COMPANY 01411,SYNTHETIC SITE 01411,,1 Example Way,Nowhere,ZZ,00000,3328,SYNTHETIC INDUSTRY,771,1388560,1,0,11,8,16,77,32,35,0,0,0,0,0,101411,1,2,2021,1/1/2022,
1413,SYNTHETIC COMPANY 01412,SYNTHETIC SITE 01412,,1 Example Way,Nowhere,ZZ,00000,3251,SYNTHETIC INDUSTRY,17,30000,2,0,0,0,0,0,0,0,0,0,0,0,0,101412,1,2,2021,1/1/2022,
1414,SYNTHETIC COMPANY 01413,SYNTHETIC SITE 01413,,1 Example Way,Nowhere,ZZ,00000,3328,SYNTHETIC INDUSTRY,38,70505,2,0,0,0,0,0,0,0,0,0,0,0,0,101413,1,2,2021,1/1/2022,
1415,SYNTHETIC COMPANY 01414,SYNTHETIC SITE 01414,,1 Example Way,Nowhere,ZZ,00000,4841,SYNTHETIC INDUSTRY,13,24636,2,0,0,0,0,0,0,0,0,0,0,0,0,101414,1,2,2021,1/1/2022,
1416,SYNTHETIC COMPANY 01415,SYNTHETIC SITE 01415,,1 Example Way,Nowhere,ZZ,00000,2361,SYNTHETIC INDUSTRY,82,159892,1,0,0,1,0,0,4,1,0,0,0,0,0,101415,1,2,2021,1/1/2022,
1417,SYNTHETIC COMPANY 01416,SYNTHETIC SITE 01416,,1 Example Way,Nowhere,ZZ,00000,2361,SYNTHETIC INDUSTRY,19,32981,2,0,0,0,0,0,0,0,0,0,0,0,0,101416,1,2,2021,1/1/2022,
1418,SYNTHETIC COMPANY 01417,SYNTHETIC SITE 01417,,1 Example Way,Nowhere,ZZ,00000,3328,SYNTHETIC INDUSTRY,27,44284,2,0,0,0,0,0,0,0,0,0,0,0,0,101417,1,2,2021,1/1/2022,
1419,SYNTHETIC COMPANY 01418,SYNTHETIC SITE 01418,,1 Example Way,Nowhere,ZZ,00000,6221,SYNTHETIC INDUSTRY,74,129935,2,0,0,0,0,0,0,0,0,0,0,0,0,101418,1,2,2021,1/1/2022,
1420,SYNTHETIC COMPANY 01419,SYNTHETIC SITE 01419,,1 Example Way,Nowhere,ZZ,00000,3115,SYNTHETIC INDUSTRY,62,133973,1,0,0,0,2,0,0,2,0,0,0,0,0,101419,1,2,2021,1/1/2022,
1421,SYNTHETIC COMPANY 01420,SYNTHETIC SITE 01420,,1 Example Way,Nowhere,ZZ,00000,3252,SYNTHETIC INDUSTRY,58,91264,1,0,2,1,3,14,4,6,0,0,0,0,0,101420,1,2,2021,1/1/2022,
1422,SYNTHETIC COMPANY 01421,SYNTHETIC SITE 01421,,1 Example Way,Nowhere,ZZ,00000,3251,SYNTHETIC INDUSTRY,72,173916,2,0,0,0,0,0,0,0,0,0,0,0,0,101421,1,2,2021,1/1/2022,
1423,SYNTHETIC COMPANY 01422,SYNTHETIC SITE 01422,,1 Example Way,Nowhere,ZZ,00000,4841,SYNTHETIC INDUSTRY,54,118634,2,0,0,0,0,0,0,0,0,0,0,0,0,101422,1,2,2021,1/1/2022,
1424,SYNTHETIC COMPANY 01423,SYNTHETIC SITE 01423,,1 Example Way,Nowhere,ZZ,00000,3252,SYNTHETIC INDUSTRY,57,128741,1,0,1,1,0,7,4,2,0,0,0,0,0,101423,1,2,2021,1/1/2022,
1425,SYNTHETIC COMPANY 01424,SYNTHETIC SITE 01424,,1 Example Way,Nowhere,ZZ,00000,3251,SYNTHETIC INDUSTRY,11,21219,2,0,0,0,0,0,0,0,0,0,0,0,0,101424,1,2,2021,1/1/2022,
1426,SYNTHETIC COMPANY 01425,SYNTHETIC SITE 01425,,1 Example Way,Nowhere,ZZ,00000,2361,SYNTHETIC INDUSTRY,156,273716,2,0,0,0,0,0,0,0,0,0,0,0,0,101425,1,2,2021,1/1/2022,
1427,SYNTHETIC COMPANY 01426,SYNTHETIC SITE 01426,,1 Example Way,Nowhere,ZZ,00000,4841,SYNTHETIC INDUSTRY,135,279502,2,0,0,0,0,0,0,0,0,0,0,0,0,101426,1,2,2021,1/1/2022,
1428,SYNTHETIC COMPANY 01427,SYNTHETIC SITE 01427,,1 Example Way,Nowhere,ZZ,00000,3251,SYNTHETIC INDUSTRY,16,29061,2,0,0,0,0,0,0,0,0,0,0,0,0,101427,1,2,2021,1/1/2022,
1429,SYNTHETIC COMPANY 01428,SYNTHETIC SITE 01428,,1 Example Way,Nowhere,ZZ,00000,2361,SYNTHETIC INDUSTRY,59,116396,2,0,0,0,0,0,0,0,0,0,0,0,0,101428,1,2,2021,1/1/2022,
1430,SYNTHETIC COMPANY 01429,SYNTHETIC SITE 01429,,1 Example Way,Nowhere,ZZ,00000,3252,SYNTHETIC INDUSTRY,212,389724,1,0,0,2,1,0,8,3,0,0,0,0,0,101429,1,2,2021,1/1/2022,
1431,SYNTHETIC COMPANY 01430,SYNTHETIC SITE 01430,,1 Example Way,Nowhere,ZZ,00000,3251,SYNTHETIC INDUSTRY,39,79831,2,0,0,0,0,0,0,0,0,0,0,0,0,101430,1,2,2021,1/1/2022,
1432,SYNTHETIC COMPANY 01431,SYNTHETIC SITE 01431,,1 Example Way,Nowhere,ZZ,00000,2361,SYNTHETIC INDUSTRY,52,85940,2,0,0,0,0,0,0,0,0,0,0,0,0,101431,1,2,2021,1/1/2022,
1433,SYNTHETIC COMPANY 01432,SYNTHETIC SITE 01432,,1 Example Way,Nowhere,ZZ,00000,3115,SYNTHETIC INDUSTRY,103,197164,1,0,1,0,0,7,0,1,0,0,0,0,0,101432,1,2,2021,1/1/2022,
1434,SYNTHETIC COMPANY 01433,SYNTHETIC SITE 01433,,1 Example Way,Nowhere,ZZ,00000,2361,SYNTHETIC INDUSTRY,98,163683,1,0,1,1,0,7,4,2,0,0,0,0,0,101433,1,2,2021,1/1/2022,
1435,SYNTHETIC COMPANY 01434,SYNTHETIC SITE 01434,,1 Example Way,Nowhere,ZZ,00000,4451,SYNTHETIC INDUSTRY,20,38247,2,0,0,0,0,0,0,0,0,0,0,0,0,101434,1,2,2021,1/1/2022,
1436,SYNTHETIC COMPANY 01435,SYNTHETIC SITE 01435,,1 Example Way,Nowhere,ZZ,00000,2361,SYNTHETIC INDUSTRY,85,152625,1,0,0,1,5,0,4,6,0,0,0,0,0,101435,1,2,2021,1/1/2022,
1437,SYNTHETIC COMPANY 01436,SYNTHETIC SITE 01436,,1 Example Way,Nowhere,ZZ,00000,4841,SYNTHETIC INDUSTRY,90,220544,2,0,0,0,0,0,0,0,0,0,0,0,0,101436,1,2,2021,1/1/2022,
1438,SYNTHETIC COMPANY 01437,SYNTHETIC SITE 01437,,1 Example Way,Nowhere,ZZ,00000,2361,SYNTHETIC INDUSTRY,26,55391,2,0,0,0,0,0,0,0,0,0,0,0,0,101437,1,2,2021,1/1/2022,
1439,SYNTHETIC COMPANY 01438,SYNTHETIC SITE 01438,,1 Example Way,Nowhere,ZZ,00000,3252,SYNTHETIC INDUSTRY,21,34412,2,0,0,0,0,0,0,0,0,0,0,0,0,101438,1,2,2021,1/1/2022,
1440,SYNTHETIC COMPANY 01439,SYNTHETIC SITE 01439,,1 Example Way,Nowhere,ZZ,00000,3252,SYNTHETIC INDUSTRY,221,407733,1,0,13,9,21,91,36,43,0,0,0,0,0,101439,1,2,2021,1/1/2022,
1441,SYNTHETIC COMPANY 01440,SYNTHETIC SITE 01440,,1 Example Way,Nowhere,ZZ,00000,4451,SYNTHETIC INDUSTRY,51,103050,1,0,0,0,1,0,0,1,0,0,0,0,0,101440,1,2,2021,1/1/2022,
1442,SYNTHETIC COMPANY 01441,SYNTHETIC SITE 01441,,1 Example Way,Nowhere,ZZ,00000,3115,SYNTHETIC INDUSTRY,75,136944,1,0,1,0,3,7,0,4,0,0,0,0,0,101441,1,2,2021,1/1/2022,
1443,SYNTHETIC COMPANY 01442,SYNTHETIC SITE 01442,,1 Example Way,Nowhere,ZZ,00000,6221,SYNTHETIC INDUSTRY,17,34134,1,0,1,1,1,7,4,3,0,0,0,0,0,101442,1,2,2021,1/1/2022,
1444,SYNTHETIC COMPANY 01443,SYNTHETIC SITE 01443,,1 Example Way,Nowhere,ZZ,00000,3252,SYNTHETIC INDUSTRY,71,110398,2,0,0,0,0,0,0,0,0,0,0,0,0,101443,1,2,2021,1/1/2022,
1445,SYNTHETIC COMPANY 01444,SYNTHETIC SITE 01444,,1 Example Way,Nowhere,ZZ,00000,3328,SYNTHETIC INDUSTRY,13,17177,1,0,0,0,1,0,0,1,0,0,0,0,0,101444,1,2,2021,1/1/2022,
1446,SYNTHETIC COMPANY 01445,SYNTHETIC SITE 01445,,1 Example Way,Nowhere,ZZ,00000,4841,SYNTHETIC INDUSTRY,34,63146,2,0,0,0,0,0,0,0,0,0,0,0,0,101445,1,2,2021,1/1/2022,
1447,SYNTHETIC COMPANY 01446,SYNTHETIC SITE 01446,,1 Example Way,Nowhere,ZZ,00000,4841,SYNTHETIC INDUSTRY,27,45618,2,0,0,0,0,0,0,0,0,0,0,0,0,101446,1,2,2021,1/1/2022,
1448,SYNTHETIC COMPANY 01447,SYNTHETIC SITE 01447,,1 Example Way,Nowhere,ZZ,00000,4451,SYNTHETIC INDUSTRY,26,42869,1,0,1,0,0,7,0,1,0,0,0,0,0,101447,1,2,2021,1/1/2022,
1449,SYNTHETIC COMPANY 01448,SYNTHETIC SITE 01448,,1 Example Way,Nowhere,ZZ,00000,4451,SYNTHETIC INDUSTRY,20,39265,2,0,0,0,0,0,0,0,0,0,0,0,0,101448,1,2,2021,1/1/2022,
1450,SYNTHETIC COMPANY 01449,SYNTHETIC SITE 01449,,1 Example Way,Nowhere,ZZ,00000,3252,SYNTHETIC INDUSTRY,6,10218,2,0,0,0,0,0,0,0,0,0,0,0,0,101449,1,2,2021,1/1/2022,
1451,SYNTHETIC COMPANY 01450,SYNTHETIC SITE 01450,,1 Example Way,Nowhere,ZZ,00000,3328,SYNTHETIC INDUSTRY,41,65669,1,0,0,1,0,0,4,1,0,0,0,0,0,101450,1,2,2021,1/1/2022,
1452,SYNTHETIC COMPANY 01451,SYNTHETIC SITE 01451,,1 Example Way,Nowhere,ZZ,00000,3328,SYNTHETIC INDUSTRY,108,211869,2,0,0,0,0,0,0,0,0,0,0,0,0,101451,1,2,2021,1/1/2022,
1453,SYNTHETIC COMPANY 01452,SYNTHETIC SITE 01452,,1 Example Way,Nowhere,ZZ,00000,3115,SYNTHETIC INDUSTRY,314,642890,1,0,2,0,3,14,0,5,0,0,0,0,0,101452,1,2,2021,1/1/2022,
1454,SYNTHETIC COMPANY 01453,SYNTHETIC SITE 01453,,1 Example Way,Nowhere,ZZ,00000,3115,SYNTHETIC INDUSTRY,62,134734,2,0,0,0,0,0,0,0,0,0,0,0,0,101453,1,2,2021,1/1/2022,
1455,SYNTHETIC COMPANY 01454,SYNTHETIC SITE 01454,,1 Example Way,Nowhere,ZZ,00000,3328,SYNTHETIC INDUSTRY,19,26479,1,0,0,0,1,0,0,1,0,0,0,0,0,101454,1,2,2021,1/1/2022,
1456,SYNTHETIC COMPANY 01455,SYNTHETIC SITE 01455,,1 Example Way,Nowhere,ZZ,00000,3115,SYNTHETIC INDUSTRY,35,67262,2,0,0,0,0,0,0,0,0,0,0,0,0,101455,1,2,2021,1/1/2022,
1457,SYNTHETIC COMPANY 01456,SYNTHETIC SITE 01456,,1 Example Way,Nowhere,ZZ,00000,3115,SYNTHETIC INDUSTRY,335,645997,1,0,7,6,8,49,24,21,0,0,0,0,0,101456,1,2,2021,1/1/2022,
1458,SYNTHETIC COMPANY 01457,SYNTHETIC SITE 01457,,1 Example Way,Nowhere,ZZ,00000,3252,SYNTHETIC INDUSTRY,16,34583,2,0,0,0,0,0,0,0,0,0,0,0,0,101457,1,2,2021,1/1/2022,
1459,SYNTHETIC COMPANY 01458,SYNTHETIC SITE 01458,,1 Example Way,Nowhere,ZZ,00000,3251,SYNTHETIC INDUSTRY,284,435004,2,0,0,0,0,0,0,0,0,0,0,0,0,101458,1,2,2021,1/1/2022,
1460,SYNTHETIC COMPANY 01459,SYNTHETIC SITE 01459,,1 Example Way,Nowhere,ZZ,00000,4841,SYNTHETIC INDUSTRY,65,131295,1,0,1,2,0,7,8,3,0,0,0,0,0,101459,1,2,2021,1/1/2022,
1461,SYNTHETIC COMPANY 01460,SYNTHETIC SITE 01460,,1 Example Way,Nowhere,ZZ,00000,2361,SYNTHETIC INDUSTRY,80,145709,2,0,0,0,0,0,0,0,0,0,0,0,0,101460,1,2,2021,1/1/2022,
1462,SYNTHETIC COMPANY 01461,SYNTHETIC SITE 01461,,1 Example Way,Nowhere,ZZ,00000,3251,SYNTHETIC INDUSTRY,23,41200,2,0,0,0,0,0,0,0,0,0,0,0,0,101461,1,2,2021,1/1/2022,
1463,SYNTHETIC COMPANY 01462,SYNTHETIC SITE 01462,,1 Example Way,Nowhere,ZZ,00000,3252,SYNTHETIC INDUSTRY,546,881882,1,0,4,1,2,28,4,7,0,0,0,0,0,101462,1,2,2021,1/1/2022,
1464,SYNTHETIC COMPANY 01463,SYNTHETIC SITE 01463,,1 Example Way,Nowhere,ZZ,00000,3252,SYNTHETIC INDUSTRY,46,97919,2,0,0,0,0,0,0,0,0,0,0,0,0,101463,1,2,2021,1/1/2022,
1465,SYNTHETIC COMPANY 01464,SYNTHETIC SITE 01464,,1 Example Way,Nowhere,ZZ,00000,3252,SYNTHETIC INDUSTRY,41,70975,1,0,1,0,1,7,0,2,0,0,0,0,0,101464,1,2,2021,1/1/2022,
1466,SYNTHETIC COMPANY 01465,SYNTHETIC SITE 01465,,1 Example Way,Nowhere,ZZ,00000,4841,SYNTHETIC INDUSTRY,102,193379,1,0,0,1,0,0,4,1,0,0,0,0,0,101465,1,2,2021,1/1/2022,
1467,SYNTHETIC COMPANY 01466,SYNTHETIC SITE 01466,,1 Example Way,Nowhere,ZZ,00000,4841,SYNTHETIC INDUSTRY,8,14560,2,0,0,0,0,0,0,0,0,0,0,0,0,101466,1,2,2021,1/1/2022,
1468,SYNTHETIC COMPANY 01467,SYNTHETIC SITE 01467,,1 Example Way,Nowhere,ZZ,00000,3115,SYNTHETIC INDUSTRY,9,16360,2,0,0,0,0,0,0,0,0,0,0,0,0,101467,1,2,2021,1/1/2022,
1469,SYNTHETIC COMPANY 01468,SYNTHETIC SITE 01468,,1 Example Way,Nowhere,ZZ,00000,4451,SYNTHETIC INDUSTRY,177,382043,2,0,0,0,0,0,0,0,0,0,0,0,0,101468,1,2,2021,1/1/2022,
1470,SYNTHETIC COMPANY 01469,SYNTHETIC SITE 01469,,1 Example Way,Nowhere,ZZ,00000,2361,SYNTHETIC INDUSTRY,209,354781,1,0,4,0,2,28,0,6,0,0,0,0,0,101469,1,2,2021,1/1/2022,
1471,SYNTHETIC COMPANY 01470,SYNTHETIC SITE 01470,,1 Example Way,Nowhere,ZZ,00000,3251,SYNTHETIC INDUSTRY,48,89897,2,0,0,0,0,0,0,0,0,0,0,0,0,101470,1,2,2021,1/1/2022,
1472,SYNTHETIC COMPANY 01471,SYNTHETIC SITE 01471,,1 Example Way,Nowhere,ZZ,00000,3252,SYNTHETIC INDUSTRY,5,9421,2,0,0,0,0,0,0,0,0,0,0,0,0,101471,1,2,2021,1/1/2022,
1473,SYNTHETIC COMPANY 01472,SYNTHETIC SITE 01472,,1 Example Way,Nowhere,ZZ,00000,6221,SYNTHETIC INDUSTRY,36,74450,1,0,0,0,3,0,0,3,0,0,0,0,0,101472,1,2,2021,1/1/2022,
1474,SYNTHETIC COMPANY 01473,SYNTHETIC SITE 01473,,1 Example Way,Nowhere,ZZ,00000,3328,SYNTHETIC INDUSTRY,7,130520,2,0,0,0,0,0,0,0,0,0,0,0,0,101473,1,2,2021,1/1/2022,
1475,SYNTHETIC COMPANY 01474,SYNTHETIC SITE 01474,,1 Example Way,Nowhere,ZZ,00000,3115,SYNTHETIC INDUSTRY,254,435707,2,0,0,0,0,0,0,0,0,0,0,0,0,101474,1,2,2021,1/1/2022,
1476,SYNTHETIC COMPANY 01475,SYNTHETIC SITE 01475,,1 Example Way,Nowhere,ZZ,00000,3328,SYNTHETIC INDUSTRY,31,55329,1,0,1,0,0,7,0,1,0,0,0,0,0,101475,1,2,2021,1/1/2022,
1477,SYNTHETIC COMPANY 01476,SYNTHETIC SITE 01476,,1 Example Way,Nowhere,ZZ,00000,3115,SYNTHETIC INDUSTRY,118,226561,1,0,5,1,0,35,4,6,0,0,0,0,0,101476,1,2,2021,1/1/2022,
1478,SYNTHETIC COMPANY 01477,SYNTHETIC SITE 01477,,1 Example Way,Nowhere,ZZ,00000,4841,SYNTHETIC INDUSTRY,11,20330,2,0,0,0,0,0,0,0,0,0,0,0,0,101477,1,2,2021,1/1/2022,
1479,SYNTHETIC COMPANY 01478,SYNTHETIC SITE 01478,,1 Example Way,Nowhere,ZZ,00000,3251,SYNTHETIC INDUSTRY,134,241673,2,0,0,0,0,0,0,0,0,0,0,0,0,101478,1,2,2021,1/1/2022,
1480,SYNTHETIC COMPANY 01479,SYNTHETIC SITE 01479,,1 Example Way,Nowhere,ZZ,00000,4451,SYNTHETIC INDUSTRY,96,127824,1,0,2,0,1,14,0,3,0,0,0,0,0,101479,1,2,2021,1/1/2022,
1481,SYNTHETIC COMPANY 01480,SYNTHETIC SITE 01480,,1 Example Way,Nowhere,ZZ,00000,3251,SYNTHETIC INDUSTRY,70,159221,2,0,0,0,0,0,0,0,0,0,0,0,0,101480,1,2,2021,1/1/2022,
1482,SYNTHETIC COMPANY 01481,SYNTHETIC SITE 01481,,1 Example Way,Nowhere,ZZ,00000,3328,SYNTHETIC INDUSTRY,398,601097,1,0,1,1,1,7,4,3,0,0,0,0,0,101481,1,2,2021,1/1/2022,
1483,SYNTHETIC COMPANY 01482,SYNTHETIC SITE 01482,,1 Example Way,Nowhere,ZZ,00000,4451,SYNTHETIC INDUSTRY,324,532846,2,0,0,0,0,0,0,0,0,0,0,0,0,101482,1,2,2021,1/1/2022,
1484,SYNTHETIC COMPANY 01483,SYNTHETIC SITE 01483,,1 Example Way,Nowhere,ZZ,00000,3251,SYNTHETIC INDUSTRY,7,11632,1,0,1,0,0,7,0,1,0,0,0,0,0,101483,1,2,2021,1/1/2022,
1485,SYNTHETIC COMPANY 01484,SYNTHETIC SITE 01484,,1 Example Way,Nowhere,ZZ,00000,4841,SYNTHETIC INDUSTRY,31,46594,2,0,0,0,0,0,0,0,0,0,0,0,0,101484,1,2,2021,1/1/2022,
1486,SYNTHETIC COMPANY 01485,SYNTHETIC SITE 01485,,1 Example Way,Nowhere,ZZ,00000,3251,SYNTHETIC INDUSTRY,37,54148,2,0,0,0,0,0,0,0,0,0,0,0,0,101485,1,2,2021,1/1/2022,
1487,SYNTHETIC COMPANY 01486,SYNTHETIC SITE 01486,,1 Example Way,Nowhere,ZZ,00000,3252,SYNTHETIC INDUSTRY,18,30111,2,0,0,0,0,0,0,0,0,0,0,0,0,101486,1,2,2021,1/1/2022,
1488,SYNTHETIC COMPANY 01487,SYNTHETIC SITE 01487,,1 Example Way,Nowhere,ZZ,00000,6221,SYNTHETIC INDUSTRY,148,289413,2,0,0,0,0,0,0,0,0,0,0,0,0,101487,1,2,2021,1/1/2022,
1489,SYNTHETIC COMPANY 01488,SYNTHETIC SITE 01488,,1 Example Way,Nowhere,ZZ,00000,3115,SYNTHETIC INDUSTRY,7,14087,2,0,0,0,0,0,0,0,0,0,0,0,0,101488,1,2,2021,1/1/2022,
1490,SYNTHETIC COMPANY 01489,SYNTHETIC SITE 01489,,1 Example Way,Nowhere,ZZ,00000,3328,SYNTHETIC INDUSTRY,37,79020,2,0,0,0,0,0,0,0,0,0,0,0,0,101489,1,2,2021,1/1/2022,
1491,SYNTHETIC COMPANY 01490,SYNTHETIC SITE 01490,,1 Example Way,Nowhere,ZZ,00000,3115,SYNTHETIC INDUSTRY,16,26734,2,0,0,0,0,0,0,0,0,0,0,0,0,101490,1,2,2021,1/1/2022,
1492,SYNTHETIC COMPANY 01491,SYNTHETIC SITE 01491,,1 Example Way,Nowhere,ZZ,00000,3252,SYNTHETIC INDUSTRY,9,13206,2,0,0,0,0,0,0,0,0,0,0,0,0,101491,1,2,2021,1/1/2022,
1493,SYNTHETIC COMPANY 01492,SYNTHETIC SITE 01492,,1 Example Way,Nowhere,ZZ,00000,3251,SYNTHETIC INDUSTRY,189,343754,2,0,0,0,0,0,0,0,0,0,0,0,0,101492,1,2,2021,1/1/2022,
1494,SYNTHETIC COMPANY 01493,SYNTHETIC SITE 01493,,1 Example Way,Nowhere,ZZ,00000,4841,SYNTHETIC INDUSTRY,151,276043,1,0,2,1,2,14,4,5,0,0,0,0,0,101493,1,2,2021,1/1/2022,
1495,SYNTHETIC COMPANY 01494,SYNTHETIC SITE 01494,,1 Example Way,Nowhere,ZZ,00000,6221,SYNTHETIC INDUSTRY,3,5139,2,0,0,0,0,0,0,0,0,0,0,0,0,101494,1,2,2021,1/1/2022,
1496,SYNTHETIC COMPANY 01495,SYNTHETIC SITE 01495,,1 Example Way,Nowhere,ZZ,00000,4841,SYNTHETIC INDUSTRY,75,119797,1,0,0,1,3,0,4,4,0,0,0,0,0,101495,1,2,2021,1/1/2022,
1497,SYNTHETIC COMPANY 01496,SYNTHETIC SITE 01496,,1 Example Way,Nowhere,ZZ,00000,3252,SYNTHETIC INDUSTRY,12,16814,2,0,0,0,0,0,0,0,0,0,0,0,0,101496,1,2,2021,1/1/2022,
1498,SYNTHETIC COMPANY 01497,SYNTHETIC SITE 01497,,1 Example Way,Nowhere,ZZ,00000,3251,SYNTHETIC INDUSTRY,325,609192,1,0,3,3,3,21,12,9,0,0,0,0,0,101497,1,2,2021,1/1/2022,
1499,SYNTHETIC COMPANY 01498,SYNTHETIC SITE 01498,,1 Example Way,Nowhere,ZZ,00000,4841,SYNTHETIC INDUSTRY,66,119638,2,0,0,0,0,0,0,0,0,0,0,0,0,101498,1,2,2021,1/1/2022,
1500,SYNTHETIC COMPANY 01499,SYNTHETIC SITE 01499,,1 Example Way,Nowhere,ZZ,00000,3251,SYNTHETIC INDUSTRY,320,516203,1,0,0,0,2,0,0,2,0,0,0,0,0,101499,1,2,2021,1/1/2022,
1501,SYNTHETIC COMPANY 01500,SYNTHETIC SITE 01500,,1 Example Way,Nowhere,ZZ,00000,6221,SYNTHETIC INDUSTRY,37,59392,2,0,0,0,0,0,0,0,0,0,0,0,0,101500,1,2,2021,1/1/2022,
1502,SYNTHETIC COMPANY 01501,SYNTHETIC SITE 01501,,1 Example Way,Nowhere,ZZ,00000,3115,SYNTHETIC INDUSTRY,60,133628,2,0,0,0,0,0,0,0,0,0,0,0,0,101501,1,2,2021,1/1/2022,
1503,SYNTHETIC COMPANY 01502,SYNTHETIC SITE 01502,,1 Example Way,Nowhere,ZZ,00000,4841,SYNTHETIC INDUSTRY,25,50961,2,0,0,0,0,0,0,0,0,0,0,0,0,101502,1,2,2021,1/1/2022,
1504,SYNTHETIC COMPANY 01503,SYNTHETIC SITE 01503,,1 Example Way,Nowhere,ZZ,00000,3251,SYNTHETIC INDUSTRY,80,152648,2,0,0,0,0,0,0,0,0,0,0,0,0,101503,1,2,2021,1/1/2022,
1505,SYNTHETIC COMPANY 01504,SYNTHETIC SITE 01504,,1 Example Way,Nowhere,ZZ,00000,2361,SYNTHETIC INDUSTRY,81,163248,2,0,0,0,0,0,0,0,0,0,0,0,0,101504,1,2,2021,1/1/2022,
1506,SYNTHETIC COMPANY 01505,SYNTHETIC SITE 01505,,1 Example Way,Nowhere,ZZ,00000,4451,SYNTHETIC INDUSTRY,190,374997,2,0,0,0,0,0,0,0,0,0,0,0,0,101505,1,2,2021,1/1/2022,
1507,SYNTHETIC COMPANY 01506,SYNTHETIC SITE 01506,,1 Example Way,Nowhere,ZZ,00000,4841,SYNTHETIC INDUSTRY,33,63576,2,0,0,0,0,0,0,0,0,0,0,0,0,101506,1,2,2021,1/1/2022,
1508,SYNTHETIC COMPANY 01507,SYNTHETIC SITE 01507,,1 Example Way,Nowhere,ZZ,00000,4451,SYNTHETIC INDUSTRY,263,513335,1,0,1,0,1,7,0,2,0,0,0,0,0,101507,1,2,2021,1/1/2022,
1509,SYNTHETIC COMPANY 01508,SYNTHETIC SITE 01508,,1 Example Way,Nowhere,ZZ,00000,3252,SYNTHETIC INDUSTRY,518,1041518,2,0,0,0,0,0,0,0,0,0,0,0,0,101508,1,2,2021,1/1/2022,
1510,SYNTHETIC COMPANY 01509,SYNTHETIC SITE 01509,,1 Example Way,Nowhere,ZZ,00000,3328,SYNTHETIC INDUSTRY,7,9993,2,0,0,0,0,0,0,0,0,0,0,0,0,101509,1,2,2021,1/1/2022,
1511,SYNTHETIC COMPANY 01510,SYNTHETIC SITE 01510,,1 Example Way,Nowhere,ZZ,00000,3252,SYNTHETIC INDUSTRY,32,55370,1,0,1,1,0,7,4,2,0,0,0,0,0,101510,1,2,2021,1/1/2022,
1512,SYNTHETIC COMPANY 01511,SYNTHETIC SITE 01511,,1 Example Way,Nowhere,ZZ,00000,4451,SYNTHETIC INDUSTRY,39,65052,1,0,0,1,3,0,4,4,0,0,0,0,0,101511,1,2,2021,1/1/2022,
1513,SYNTHETIC COMPANY 01512,SYNTHETIC SITE 01512,,1 Example Way,Nowhere,ZZ,00000,6221,SYNTHETIC INDUSTRY,12,22346,1,0,0,0,1,0,0,1,0,0,0,0,0,101512,1,2,2021,1/1/2022,
1514,SYNTHETIC COMPANY 01513,SYNTHETIC SITE 01513,,1 Example Way,Nowhere,ZZ,00000,4841,SYNTHETIC INDUSTRY,46,67830,2,0,0,0,0,0,0,0,0,0,0,0,0,101513,1,2,2021,1/1/2022,
1515,SYNTHETIC COMPANY 01514,SYNTHETIC SITE 01514,,1 Example Way,Nowhere,ZZ,00000,6221,SYNTHETIC INDUSTRY,64,103673,1,0,0,0,1,0,0,1,0,0,0,0,0,101514,1,2,2021,1/1/2022,
1516,SYNTHETIC COMPANY 01515,SYNTHETIC SITE 01515,,1 Example Way,Nowhere,ZZ,00000,6221,SYNTHETIC INDUSTRY,25,47415,1,0,1,0,1,7,0,2,0,0,0,0,0,101515,1,2,2021,1/1/2022,
1517,SYNTHETIC COMPANY 01516,SYNTHETIC SITE 01516,,1 Example Way,Nowhere,ZZ,00000,6221,SYNTHETIC INDUSTRY,126,218823,1,0,5,0,1,35,0,6,0,0,0,0,0,101516,1,2,2021,1/1/2022,
1518,SYNTHETIC COMPANY 01517,SYNTHETIC SITE 01517,,1 Example Way,Nowhere,ZZ,00000,6221,SYNTHETIC INDUSTRY,20,45368,1,0,1,1,1,7,4,3,0,0,0,0,0,101517,1,2,2021,1/1/2022,
1519,SYNTHETIC COMPANY 01518,SYNTHETIC SITE 01518,,1 Example Way,Nowhere,ZZ,00000,4841,SYNTHETIC INDUSTRY,11,19337,2,0,0,0,0,0,0,0,0,0,0,0,0,101518,1,2,2021,1/1/2022,
1520,SYNTHETIC COMPANY 01519,SYNTHETIC SITE 01519,,1 Example Way,Nowhere,ZZ,00000,4451,SYNTHETIC INDUSTRY,35,54679,1,0,0,2,0,0,8,2,0,0,0,0,0,101519,1,2,2021,1/1/2022,
1521,SYNTHETIC COMPANY 01520,SYNTHETIC SITE 01520,,1 Example Way,Nowhere,ZZ,00000,3328,SYNTHETIC INDUSTRY,51,88251,2,0,0,0,0,0,0,0,0,0,0,0,0,101520,1,2,2021,1/1/2022,
1522,SYNTHETIC COMPANY 01521,SYNTHETIC SITE 01521,,1 Example Way,Nowhere,ZZ,00000,4841,SYNTHETIC INDUSTRY,181,320733,1,0,0,0,3,0,0,3,0,0,0,0,0,101521,1,2,2021,1/1/2022,
1523,SYNTHETIC COMPANY 01522,SYNTHETIC SITE 01522,,1 Example Way,Nowhere,ZZ,00000,3328,SYNTHETIC INDUSTRY,32,58890,1,0,0,2,1,0,8,3,0,0,0,0,0,101522,1,2,2021,1/1/2022,
1524,SYNTHETIC COMPANY 01523,SYNTHETIC SITE 01523,,1 Example Way,Nowhere,ZZ,00000,6221,SYNTHETIC INDUSTRY,49,88629,1,0,1,0,0,7,0,1,0,0,0,0,0,101523,1,2,2021,1/1/2022,
1525,SYNTHETIC COMPANY 01524,SYNTHETIC SITE 01524,,1 Example Way,Nowhere,ZZ,00000,3251,SYNTHETIC INDUSTRY,68,109610,2,0,0,0,0,0,0,0,0,0,0,0,0,101524,1,2,2021,1/1/2022,
1526,SYNTHETIC COMPANY 01525,SYNTHETIC SITE 01525,,1 Example Way,Nowhere,ZZ,00000,3252,SYNTHETIC INDUSTRY,25,48047,2,0,0,0,0,0,0,0,0,0,0,0,0,101525,1,2,2021,1/1/2022,
1527,SYNTHETIC COMPANY 01526,SYNTHETIC SITE 01526,,1 Example Way,Nowhere,ZZ,00000,3252,SYNTHETIC INDUSTRY,96,169530,1,0,1,1,1,7,4,3,0,0,0,0,0,101526,1,2,2021,1/1/2022,
1528,SYNTHETIC COMPANY 01527,SYNTHETIC SITE 01527,,1 Example Way,Nowhere,ZZ,00000,3251,SYNTHETIC INDUSTRY,40,93583,2,0,0,0,0,0,0,0,0,0,0,0,0,101527,1,2,2021,1/1/2022,
1529,SYNTHETIC COMPANY 01528,SYNTHETIC SITE 01528,,1 Example Way,Nowhere,ZZ,00000,2361,SYNTHETIC INDUSTRY,62,118465,2,0,0,0,0,0,0,0,0,0,0,0,0,101528,1,2,2021,1/1/2022,
1530,SYNTHETIC COMPANY 01529,SYNTHETIC SITE 01529,,1 Example Way,Nowhere,ZZ,00000,3328,SYNTHETIC INDUSTRY,28,53082,2,0,0,0,0,0,0,0,0,0,0,0,0,101529,1,2,2021,1/1/2022,
1531,SYNTHETIC COMPANY 01530,SYNTHETIC SITE 01530,,1 Example Way,Nowhere,ZZ,00000,4841,SYNTHETIC INDUSTRY,1477,3222872,1,0,2,1,0,14,4,3,0,0,0,0,0,101530,1,2,2021,1/1/2022,
1532,SYNTHETIC COMPANY 01531,SYNTHETIC SITE 01531,,1 Example Way,Nowhere,ZZ,00000,3252,SYNTHETIC INDUSTRY,2,4461000,2,0,0,0,0,0,0,0,0,0,0,0,0,101531,1,2,2021,1/1/2022,
1533,SYNTHETIC COMPANY 01532,SYNTHETIC SITE 01532,,1 Example Way,Nowhere,ZZ,00000,3328,SYNTHETIC INDUSTRY,33,58750,1,0,0,0,3,0,0,3,0,0,0,0,0,101532,1,2,2021,1/1/2022,
1534,SYNTHETIC COMPANY 01533,SYNTHETIC SITE 01533,,1 Example Way,Nowhere,ZZ,00000,3252,SYNTHETIC INDUSTRY,29,41132,2,0,0,0,0,0,0,0,0,0,0,0,0,101533,1,2,2021,1/1/2022,
1535,SYNTHETIC COMPANY 01534,SYNTHETIC SITE 01534,,1 Example Way,Nowhere,ZZ,00000,3252,SYNTHETIC INDUSTRY,59,125124,1,0,0,0,1,0,0,1,0,0,0,0,0,101534,1,2,2021,1/1/2022,
1536,SYNTHETIC COMPANY 01535,SYNTHETIC SITE 01535,,1 Example Way,Nowhere,ZZ,00000,3252,SYNTHETIC INDUSTRY,344,643940,1,0,3,1,6,21,4,10,0,0,0,0,0,101535,1,2,2021,1/1/2022,
1537,SYNTHETIC COMPANY 01536,SYNTHETIC SITE 01536,,1 Example Way,Nowhere,ZZ,00000,6221,SYNTHETIC INDUSTRY,127,248004,1,0,2,0,0,14,0,2,0,0,0,0,0,101536,1,2,2021,1/1/2022,
1538,SYNTHETIC COMPANY 01537,SYNTHETIC SITE 01537,,1 Example Way,Nowhere,ZZ,00000,4451,SYNTHETIC INDUSTRY,23,50110,1,0,0,0,1,0,0,1,0,0,0,0,0,101537,1,2,2021,1/1/2022,
1539,SYNTHETIC COMPANY 01538,SYNTHETIC SITE 01538,,1 Example Way,Nowhere,ZZ,00000,3328,SYNTHETIC INDUSTRY,85,136533,2,0,0,0,0,0,0,0,0,0,0,0,0,101538,1,2,2021,1/1/2022,
1540,SYNTHETIC COMPANY 01539,SYNTHETIC SITE 01539,,1 Example Way,Nowhere,ZZ,00000,4451,SYNTHETIC INDUSTRY,150,212910,2,0,0,0,0,0,0,0,0,0,0,0,0,101539,1,2,2021,1/1/2022,
1541,SYNTHETIC COMPANY 01540,SYNTHETIC SITE 01540,,1 Example Way,Nowhere,ZZ,00000,4451,SYNTHETIC INDUSTRY,90,121948,1,0,1,0,0,7,0,1,0,0,0,0,0,101540,1,2,2021,1/1/2022,
1542,SYNTHETIC COMPANY 01541,SYNTHETIC SITE 01541,,1 Example Way,Nowhere,ZZ,00000,3251,SYNTHETIC INDUSTRY,43,62622,2,0,0,0,0,0,0,0,0,0,0,0,0,101541,1,2,2021,1/1/2022,
1543,SYNTHETIC COMPANY 01542,SYNTHETIC SITE 01542,,1 Example Way,Nowhere,ZZ,00000,6221,SYNTHETIC INDUSTRY,51,110937,2,0,0,0,0,0,0,0,0,0,0,0,0,101542,1,2,2021,1/1/2022,
1544,SYNTHETIC COMPANY 01543,SYNTHETIC SITE 01543,,1 Example Way,Nowhere,ZZ,00000,3251,SYNTHETIC INDUSTRY,38,85455,2,0,0,0,0,0,0,0,0,0,0,0,0,101543,1,2,2021,1/1/2022,
1545,SYNTHETIC COMPANY 01544,SYNTHETIC SITE 01544,,1 Example Way,Nowhere,ZZ,00000,4841,SYNTHETIC INDUSTRY,56,99321,2,0,0,0,0,0,0,0,0,0,0,0,0,101544,1,2,2021,1/1/2022,
1546,SYNTHETIC COMPANY 01545,SYNTHETIC SITE 01545,,1 Example Way,Nowhere,ZZ,00000,2361,SYNTHETIC INDUSTRY,70,135675,2,0,0,0,0,0,0,0,0,0,0,0,0,101545,1,2,2021,1/1/2022,
1547,SYNTHETIC COMPANY 01546,SYNTHETIC SITE 01546,,1 Example Way,Nowhere,ZZ,00000,3328,SYNTHETIC INDUSTRY,39,79181,2,0,0,0,0,0,0,0,0,0,0,0,0,101546,1,2,2021,1/1/2022,
1548,SYNTHETIC COMPANY 01547,SYNTHETIC SITE 01547,,1 Example Way,Nowhere,ZZ,00000,3115,SYNTHETIC INDUSTRY,119,214213,1,0,4,0,0,28,0,4,0,0,0,0,0,101547,1,2,2021,1/1/2022,
1549,SYNTHETIC COMPANY 01548,SYNTHETIC SITE 01548,,1 Example Way,Nowhere,ZZ,00000,6221,SYNTHETIC INDUSTRY,29,48454,2,0,0,0,0,0,0,0,0,0,0,0,0,101548,1,2,2021,1/1/2022,
1550,SYNTHETIC COMPANY 01549,SYNTHETIC SITE 01549,,1 Example Way,Nowhere,ZZ,00000,2361,SYNTHETIC INDUSTRY,163,301549,1,0,1,1,0,7,4,2,0,0,0,0,0,101549,1,2,2021,1/1/2022,
1551,SYNTHETIC COMPANY 01550,SYNTHETIC SITE 01550,,1 Example Way,Nowhere,ZZ,00000,6221,SYNTHETIC INDUSTRY,302,534198,1,0,7,6,11,49,24,24,0,0,0,0,0,101550,1,2,2021,1/1/2022,
1552,SYNTHETIC COMPANY 01551,SYNTHETIC SITE 01551,,1 Example Way,Nowhere,ZZ,00000,2361,SYNTHETIC INDUSTRY,216,343745,1,0,10,1,10,70,4,21,0,0,0,0,0,101551,1,2,2021,1/1/2022,
1553,SYNTHETIC COMPANY 01552,SYNTHETIC SITE 01552,,1 Example Way,Nowhere,ZZ,00000,3328,SYNTHETIC INDUSTRY,68,141145,2,0,0,0,0,0,0,0,0,0,0,0,0,101552,1,2,2021,1/1/2022,
1554,SYNTHETIC COMPANY 01553,SYNTHETIC SITE 01553,,1 Example Way,Nowhere,ZZ,00000,3251,SYNTHETIC INDUSTRY,18,35774,2,0,0,0,0,0,0,0,0,0,0,0,0,101553,1,2,2021,1/1/2022,
1555,SYNTHETIC COMPANY 01554,SYNTHETIC SITE 01554,,1 Example Way,Nowhere,ZZ,00000,2361,SYNTHETIC INDUSTRY,90,163470,2,0,0,0,0,0,0,0,0,0,0,0,0,101554,1,2,2021,1/1/2022,
1556,SYNTHETIC COMPANY 01555,SYNTHETIC SITE 01555,,1 Example Way,Nowhere,ZZ,00000,2361,SYNTHETIC INDUSTRY,49,106085,1,0,0,1,0,0,4,1,0,0,0,0,0,101555,1,2,2021,1/1/2022,
1557,SYNTHETIC COMPANY 01556,SYNTHETIC SITE 01556,,1 Example Way,Nowhere,ZZ,00000,4451,SYNTHETIC INDUSTRY,8,13993,2,0,0,0,0,0,0,0,0,0,0,0,0,101556,1,2,2021,1/1/2022,
1558,SYNTHETIC COMPANY 01557,SYNTHETIC SITE 01557,,1 Example Way,Nowhere,ZZ,00000,4451,SYNTHETIC INDUSTRY,248,394872,1,0,4,1,5,28,4,10,0,0,0,0,0,101557,1,2,2021,1/1/2022,
1559,SYNTHETIC COMPANY 01558,SYNTHETIC SITE 01558,,1 Example Way,Nowhere,ZZ,00000,6221,SYNTHETIC INDUSTRY,373,488413,1,0,2,1,0,14,4,3,0,0,0,0,0,101558,1,2,2021,1/1/2022,
1560,SYNTHETIC COMPANY 01559,SYNTHETIC SITE 01559,,1 Example Way,Nowhere,ZZ,00000,3115,SYNTHETIC INDUSTRY,102,130185,2,0,0,0,0,0,0,0,0,0,0,0,0,101559,1,2,2021,1/1/2022,
1561,SYNTHETIC COMPANY 01560,SYNTHETIC SITE 01560,,1 Example Way,Nowhere,ZZ,00000,3115,SYNTHETIC INDUSTRY,30,532030,2,0,0,0,0,0,0,0,0,0,0,0,0,101560,1,2,2021,1/1/2022,
1562,SYNTHETIC COMPANY 01561,SYNTHETIC SITE 01561,,1 Example Way,Nowhere,ZZ,00000,3328,SYNTHETIC INDUSTRY,123,209286,1,0,2,0,3,14,0,5,0,0,0,0,0,101561,1,2,2021,1/1/2022,
1563,SYNTHETIC COMPANY 01562,SYNTHETIC SITE 01562,,1 Example Way,Nowhere,ZZ,00000,3328,SYNTHETIC INDUSTRY,145,229739,1,0,0,0,2,0,0,2,0,0,0,0,0,101562,1,2,2021,1/1/2022,
1564,SYNTHETIC COMPANY 01563,SYNTHETIC SITE 01563,,1 Example Way,Nowhere,ZZ,00000,3115,SYNTHETIC INDUSTRY,4,7551,2,0,0,0,0,0,0,0,0,0,0,0,0,101563,1,2,2021,1/1/2022,
1565,SYNTHETIC COMPANY 01564,SYNTHETIC SITE 01564,,1 Example Way,Nowhere,ZZ,00000,4451,SYNTHETIC INDUSTRY,6,7788,1,0,0,1,0,0,4,1,0,0,0,0,0,101564,1,2,2021,1/1/2022,
1566,SYNTHETIC COMPANY 01565,SYNTHETIC SITE 01565,,1 Example Way,Nowhere,ZZ,00000,3328,SYNTHETIC INDUSTRY,18,37168,2,0,0,0,0,0,0,0,0,0,0,0,0,101565,1,2,2021,1/1/2022,
1567,SYNTHETIC COMPANY 01566,SYNTHETIC SITE 01566,,1 Example Way,Nowhere,ZZ,00000,3115,SYNTHETIC INDUSTRY,108,186700,2,0,0,0,0,0,0,0,0,0,0,0,0,101566,1,2,2021,1/1/2022,
1568,SYNTHETIC COMPANY 01567,SYNTHETIC SITE 01567,,1 Example Way,Nowhere,ZZ,00000,3252,SYNTHETIC INDUSTRY,52,79122,1,0,0,0,2,0,0,2,0,0,0,0,0,101567,1,2,2021,1/1/2022,
1569,SYNTHETIC COMPANY 01568,SYNTHETIC SITE 01568,,1 Example Way,Nowhere,ZZ,00000,3251,SYNTHETIC INDUSTRY,55,94518,2,0,0,0,0,0,0,0,0,0,0,0,0,101568,1,2,2021,1/1/2022,
1570,SYNTHETIC COMPANY 01569,SYNTHETIC SITE 01569,,1 Example Way,Nowhere,ZZ,00000,4451,SYNTHETIC INDUSTRY,47,66826,2,0,0,0,0,0,0,0,0,0,0,0,0,101569,1,2,2021,1/1/2022,
1571,SYNTHETIC COMPANY 01570,SYNTHETIC SITE 01570,,1 Example Way,Nowhere,ZZ,00000,2361,SYNTHETIC INDUSTRY,143,314708,2,0,0,0,0,0,0,0,0,0,0,0,0,101570,1,2,2021,1/1/2022,
1572,SYNTHETIC COMPANY 01571,SYNTHETIC SITE 01571,,1 Example Way,Nowhere,ZZ,00000,4841,SYNTHETIC INDUSTRY,86,163368,2,0,0,0,0,0,0,0,0,0,0,0,0,101571,1,2,2021,1/1/2022,
1573,SYNTHETIC COMPANY 01572,SYNTHETIC SITE 01572,,1 Example Way,Nowhere,ZZ,00000,3115,SYNTHETIC INDUSTRY,18,31089,2,0,0,0,0,0,0,0,0,0,0,0,0,101572,1,2,2021,1/1/2022,
1574,SYNTHETIC COMPANY 01573,SYNTHETIC SITE 01573,,1 Example Way,Nowhere,ZZ,00000,4841,SYNTHETIC INDUSTRY,87,189079,1,0,0,1,0,0,4,1,0,0,0,0,0,101573,1,2,2021,1/1/2022,
1575,SYNTHETIC COMPANY 01574,SYNTHETIC SITE 01574,,1 Example Way,Nowhere,ZZ,00000,2361,SYNTHETIC INDUSTRY,41,71118,2,0,0,0,0,0,0,0,0,0,0,0,0,101574,1,2,2021,1/1/2022,
1576,SYNTHETIC COMPANY 01575,SYNTHETIC SITE 01575,,1 Example Way,Nowhere,ZZ,00000,3251,SYNTHETIC INDUSTRY,246,512748,1,0,2,2,2,14,8,6,0,0,0,0,0,101575,1,2,2021,1/1/2022,
1577,SYNTHETIC COMPANY 01576,SYNTHETIC SITE 01576,,1 Example Way,Nowhere,ZZ,00000,3251,SYNTHETIC INDUSTRY,280,542913,2,0,0,0,0,0,0,0,0,0,0,0,0,101576,1,2,2021,1/1/2022,
1578,SYNTHETIC COMPANY 01577,SYNTHETIC SITE 01577,,1 Example Way,Nowhere,ZZ,00000,3115,SYNTHETIC INDUSTRY,13,25864,2,0,0,0,0,0,0,0,0,0,0,0,0,101577,1,2,2021,1/1/2022,
1579,SYNTHETIC COMPANY 01578,SYNTHETIC SITE 01578,,1 Example Way,Nowhere,ZZ,00000,6221,SYNTHETIC INDUSTRY,82,122983,1,0,1,0,1,7,0,2,0,0,0,0,0,101578,1,2,2021,1/1/2022,
1580,SYNTHETIC COMPANY 01579,SYNTHETIC SITE 01579,,1 Example Way,Nowhere,ZZ,00000,4841,SYNTHETIC INDUSTRY,246,464287,1,0,2,0,1,14,0,3,0,0,0,0,0,101579,1,2,2021,1/1/2022,
1581,SYNTHETIC COMPANY 01580,SYNTHETIC SITE 01580,,1 Example Way,Nowhere,ZZ,00000,2361,SYNTHETIC INDUSTRY,27,42743,1,0,1,0,0,7,0,1,0,0,0,0,0,101580,1,2,2021,1/1/2022,
1582,SYNTHETIC COMPANY 01581,SYNTHETIC SITE 01581,,1 Example Way,Nowhere,ZZ,00000,4841,SYNTHETIC INDUSTRY,122,259811,1,0,4,3,5,28,12,12,0,0,0,0,0,101581,1,2,2021,1/1/2022,
1583,SYNTHETIC COMPANY 01582,SYNTHETIC SITE 01582,,1 Example Way,Nowhere,ZZ,00000,3252,SYNTHETIC INDUSTRY,66,121188,2,0,0,0,0,0,0,0,0,0,0,0,0,101582,1,2,2021,1/1/2022,
1584,SYNTHETIC COMPANY 01583,SYNTHETIC SITE 01583,,1 Example Way,Nowhere,ZZ,00000,3252,SYNTHETIC INDUSTRY,116,216761,1,0,6,2,8,42,8,16,0,0,0,0,0,101583,1,2,2021,1/1/2022,
1585,SYNTHETIC COMPANY 01584,SYNTHETIC SITE 01584,,1 Example Way,Nowhere,ZZ,00000,3251,SYNTHETIC INDUSTRY,212,395734,1,0,1,1,1,7,4,3,0,0,0,0,0,101584,1,2,2021,1/1/2022,
1586,SYNTHETIC COMPANY 01585,SYNTHETIC SITE 01585,,1 Example Way,Nowhere,ZZ,00000,3251,SYNTHETIC INDUSTRY,221,375593,2,0,0,0,0,0,0,0,0,0,0,0,0,101585,1,2,2021,1/1/2022,
1587,SYNTHETIC COMPANY 01586,SYNTHETIC SITE 01586,,1 Example Way,Nowhere,ZZ,00000,6221,SYNTHETIC INDUSTRY,36,57149,2,0,0,0,0,0,0,0,0,0,0,0,0,101586,1,2,2021,1/1/2022,
1588,SYNTHETIC COMPANY 01587,SYNTHETIC SITE 01587,,1 Example Way,Nowhere,ZZ,00000,4841,SYNTHETIC INDUSTRY,47,62260,2,0,0,0,0,0,0,0,0,0,0,0,0,101587,1,2,2021,1/1/2022,
1589,SYNTHETIC COMPANY 01588,SYNTHETIC SITE 01588,,1 Example Way,Nowhere,ZZ,00000,2361,SYNTHETIC INDUSTRY,29,46229,2,0,0,0,0,0,0,0,0,0,0,0,0,101588,1,2,2021,1/1/2022,
1590,SYNTHETIC COMPANY 01589,SYNTHETIC SITE 01589,,1 Example Way,Nowhere,ZZ,00000,3251,SYNTHETIC INDUSTRY,15,25204,2,0,0,0,0,0,0,0,0,0,0,0,0,101589,1,2,2021,1/1/2022,
1591,SYNTHETIC COMPANY 01590,SYNTHETIC SITE 01590,,1 Example Way,Nowhere,ZZ,00000,3328,SYNTHETIC INDUSTRY,81,150060,2,0,0,0,0,0,0,0,0,0,0,0,0,101590,1,2,2021,1/1/2022,
1592,SYNTHETIC COMPANY 01591,SYNTHETIC SITE 01591,,1 Example Way,Nowhere,ZZ,00000,6221,SYNTHETIC INDUSTRY,71,156772,2,0,0,0,0,0,0,0,0,0,0,0,0,101591,1,2,2021,1/1/2022,
1593,SYNTHETIC COMPANY 01592,SYNTHETIC SITE 01592,,1 Example Way,Nowhere,ZZ,00000,3328,SYNTHETIC INDUSTRY,14,25629,2,0,0,0,0,0,0,0,0,0,0,0,0,101592,1,2,2021,1/1/2022,
1594,SYNTHETIC COMPANY 01593,SYNTHETIC SITE 01593,,1 Example Way,Nowhere,ZZ,00000,3115,SYNTHETIC INDUSTRY,204,266478,2,0,0,0,0,0,0,0,0,0,0,0,0,101593,1,2,2021,1/1/2022,
1595,SYNTHETIC COMPANY 01594,SYNTHETIC SITE 01594,,1 Example Way,Nowhere,ZZ,00000,3328,SYNTHETIC INDUSTRY,6,10407,2,0,0,0,0,0,0,0,0,0,0,0,0,101594,1,2,2021,1/1/2022,
1596,SYNTHETIC COMPANY 01595,SYNTHETIC SITE 01595,,1 Example Way,Nowhere,ZZ,00000,6221,SYNTHETIC INDUSTRY,7,14926,2,0,0,0,0,0,0,0,0,0,0,0,0,101595,1,2,2021,1/1/2022,
1597,SYNTHETIC COMPANY 01596,SYNTHETIC SITE 01596,,1 Example Way,Nowhere,ZZ,00000,4841,SYNTHETIC INDUSTRY,49,85579,1,0,0,0,1,0,0,1,0,0,0,0,0,101596,1,2,2021,1/1/2022,
1598,SYNTHETIC COMPANY 01597,SYNTHETIC SITE 01597,,1 Example Way,Nowhere,ZZ,00000,3251,SYNTHETIC INDUSTRY,175,284338,2,0,0,0,0,0,0,0,0,0,0,0,0,101597,1,2,2021,1/1/2022,
1599,SYNTHETIC COMPANY 01598,SYNTHETIC SITE 01598,,1 Example Way,Nowhere,ZZ,00000,3252,SYNTHETIC INDUSTRY,158,284264,1,0,1,0,0,7,0,1,0,0,0,0,0,101598,1,2,2021,1/1/2022,
1600,SYNTHETIC COMPANY 01599,SYNTHETIC SITE 01599,,1 Example Way,Nowhere,ZZ,00000,3252,SYNTHETIC INDUSTRY,671,1674410,1,0,6,2,5,42,8,13,0,0,0,0,0,101599,1,2,2021,1/1/2022,
1601,SYNTHETIC COMPANY 01600,SYNTHETIC SITE 01600,,1 Example Way,Nowhere,ZZ,00000,4841,SYNTHETIC INDUSTRY,58,131279,1,0,0,1,1,0,4,2,0,0,0,0,0,101600,1,2,2021,1/1/2022,
1602,SYNTHETIC COMPANY 01601,SYNTHETIC SITE 01601,,1 Example Way,Nowhere,ZZ,00000,4451,SYNTHETIC INDUSTRY,89,145666,2,0,0,0,0,0,0,0,0,0,0,0,0,101601,1,2,2021,1/1/2022,
1603,SYNTHETIC COMPANY 01602,SYNTHETIC SITE 01602,,1 Example Way,Nowhere,ZZ,00000,4451,SYNTHETIC INDUSTRY,39,62298,1,0,2,3,4,14,12,9,0,0,0,0,0,101602,1,2,2021,1/1/2022,
1604,SYNTHETIC COMPANY 01603,SYNTHETIC SITE 01603,,1 Example Way,Nowhere,ZZ,00000,2361,SYNTHETIC INDUSTRY,1,1747,2,0,0,0,0,0,0,0,0,0,0,0,0,101603,1,2,2021,1/1/2022,
1605,SYNTHETIC COMPANY 01604,SYNTHETIC SITE 01604,,1 Example Way,Nowhere,ZZ,00000,4841,SYNTHETIC INDUSTRY,9,21663,2,0,0,0,0,0,0,0,0,0,0,0,0,101604,1,2,2021,1/1/2022,
1606,SYNTHETIC COMPANY 01605,SYNTHETIC SITE 01605,,1 Example Way,Nowhere,ZZ,00000,3252,SYNTHETIC INDUSTRY,33,63710,2,0,0,0,0,0,0,0,0,0,0,0,0,101605,1,2,2021,1/1/2022,
1607,SYNTHETIC COMPANY 01606,SYNTHETIC SITE 01606,,1 Example Way,Nowhere,ZZ,00000,6221,SYNTHETIC INDUSTRY,22,40908,2,0,0,0,0,0,0,0,0,0,0,0,0,101606,1,2,2021,1/1/2022,
1608,SYNTHETIC COMPANY 01607,SYNTHETIC SITE 01607,,1 Example Way,Nowhere,ZZ,00000,3251,SYNTHETIC INDUSTRY,222,424912,2,0,0,0,0,0,0,0,0,0,0,0,0,101607,1,2,2021,1/1/2022,
1609,SYNTHETIC COMPANY 01608,SYNTHETIC SITE 01608,,1 Example Way,Nowhere,ZZ,00000,4451,SYNTHETIC INDUSTRY,23,40309,2,0,0,0,0,0,0,0,0,0,0,0,0,101608,1,2,2021,1/1/2022,
1610,SYNTHETIC COMPANY 01609,SYNTHETIC SITE 01609,,1 Example Way,Nowhere,ZZ,00000,4841,SYNTHETIC INDUSTRY,175,339331,1,0,0,3,2,0,12,5,0,0,0,0,0,101609,1,2,2021,1/1/2022,
1611,SYNTHETIC COMPANY 01610,SYNTHETIC SITE 01610,,1 Example Way,Nowhere,ZZ,00000,6221,SYNTHETIC INDUSTRY,32,70368,2,0,0,0,0,0,0,0,0,0,0,0,0,101610,1,2,2021,1/1/2022,
1612,SYNTHETIC COMPANY 01611,SYNTHETIC SITE 01611,,1 Example Way,Nowhere,ZZ,00000,4841,SYNTHETIC INDUSTRY,194,361667,1,0,1,1,0,7,4,2,0,0,0,0,0,101611,1,2,2021,1/1/2022,
1613,SYNTHETIC COMPANY 01612,SYNTHETIC SITE 01612,,1 Example Way,Nowhere,ZZ,00000,4451,SYNTHETIC INDUSTRY,389,881039,2,0,0,0,0,0,0,0,0,0,0,0,0,101612,1,2,2021,1/1/2022,
1614,SYNTHETIC COMPANY 01613,SYNTHETIC SITE 01613,,1 Example Way,Nowhere,ZZ,00000,3328,SYNTHETIC INDUSTRY,220,340466,1,0,0,1,0,0,4,1,0,0,0,0,0,101613,1,2,2021,1/1/2022,
1615,SYNTHETIC COMPANY 01614,SYNTHETIC SITE 01614,,1 Example Way,Nowhere,ZZ,00000,4451,SYNTHETIC INDUSTRY,127,192958,1,0,1,0,0,7,0,1,0,0,0,0,0,101614,1,2,2021,1/1/2022,
1616,SYNTHETIC COMPANY 01615,SYNTHETIC SITE 01615,,1 Example Way,Nowhere,ZZ,00000,3252,SYNTHETIC INDUSTRY,34,68676,1,0,0,0,1,0,0,1,0,0,0,0,0,101615,1,2,2021,1/1/2022,
1617,SYNTHETIC COMPANY 01616,SYNTHETIC SITE 01616,,1 Example Way,Nowhere,ZZ,00000,3251,SYNTHETIC INDUSTRY,8,12509,2,0,0,0,0,0,0,0,0,0,0,0,0,101616,1,2,2021,1/1/2022,
1618,SYNTHETIC COMPANY 01617,SYNTHETIC SITE 01617,,1 Example Way,Nowhere,ZZ,00000,3251,SYNTHETIC INDUSTRY,254,468965,2,0,0,0,0,0,0,0,0,0,0,0,0,101617,1,2,2021,1/1/2022,
1619,SYNTHETIC COMPANY 01618,SYNTHETIC SITE 01618,,1 Example Way,Nowhere,ZZ,00000,4451,SYNTHETIC INDUSTRY,130,269799,1,0,1,0,2,7,0,3,0,0,0,0,0,101618,1,2,2021,1/1/2022,
1620,SYNTHETIC COMPANY 01619,SYNTHETIC SITE 01619,,1 Example Way,Nowhere,ZZ,00000,3252,SYNTHETIC INDUSTRY,9,20991,2,0,0,0,0,0,0,0,0,0,0,0,0,101619,1,2,2021,1/1/2022,
1621,SYNTHETIC COMPANY 01620,SYNTHETIC SITE 01620,,1 Example Way,Nowhere,ZZ,00000,3251,SYNTHETIC INDUSTRY,130,203194,1,0,0,0,1,0,0,1,0,0,0,0,0,101620,1,2,2021,1/1/2022,
1622,SYNTHETIC COMPANY 01621,SYNTHETIC SITE 01621,,1 Example Way,Nowhere,ZZ,00000,3328,SYNTHETIC INDUSTRY,33,64404,1,0,0,0,1,0,0,1,0,0,0,0,0,101621,1,2,2021,1/1/2022,
1623,SYNTHETIC COMPANY 01622,SYNTHETIC SITE 01622,,1 Example Way,Nowhere,ZZ,00000,2361,SYNTHETIC INDUSTRY,139,218990,1,0,2,0,1,14,0,3,0,0,0,0,0,101622,1,2,2021,1/1/2022,
1624,SYNTHETIC COMPANY 01623,SYNTHETIC SITE 01623,,1 Example Way,Nowhere,ZZ,00000,3252,SYNTHETIC INDUSTRY,70,129594,1,0,0,1,0,0,4,1,0,0,0,0,0,101623,1,2,2021,1/1/2022,
1625,SYNTHETIC COMPANY 01624,SYNTHETIC SITE 01624,,1 Example Way,Nowhere,ZZ,00000,3251,SYNTHETIC INDUSTRY,9,20523,2,0,0,0,0,0,0,0,0,0,0,0,0,101624,1,2,2021,1/1/2022,
1626,SYNTHETIC COMPANY 01625,SYNTHETIC SITE 01625,,1 Example Way,Nowhere,ZZ,00000,6221,SYNTHETIC INDUSTRY,87,127592,2,0,0,0,0,0,0,0,0,0,0,0,0,101625,1,2,2021,1/1/2022,
1627,SYNTHETIC COMPANY 01626,SYNTHETIC SITE 01626,,1 Example Way,Nowhere,ZZ,00000,3251,SYNTHETIC INDUSTRY,93,126188,1,0,1,1,1,7,4,3,0,0,0,0,0,101626,1,2,2021,1/1/2022,
1628,SYNTHETIC COMPANY 01627,SYNTHETIC SITE 01627,,1 Example Way,Nowhere,ZZ,00000,6221,SYNTHETIC INDUSTRY,105,212497,1,0,3,1,2,21,4,6,0,0,0,0,0,101627,1,2,2021,1/1/2022,
1629,SYNTHETIC COMPANY 01628,SYNTHETIC SITE 01628,,1 Example Way,Nowhere,ZZ,00000,2361,SYNTHETIC INDUSTRY,7,12650,2,0,0,0,0,0,0,0,0,0,0,0,0,101628,1,2,2021,1/1/2022,
1630,SYNTHETIC COMPANY 01629,SYNTHETIC SITE 01629,,1 Example Way,Nowhere,ZZ,00000,3251,SYNTHETIC INDUSTRY,129,224745,1,0,0,1,0,0,4,1,0,0,0,0,0,101629,1,2,2021,1/1/2022,
1631,SYNTHETIC COMPANY 01630,SYNTHETIC SITE 01630,,1 Example Way,Nowhere,ZZ,00000,3328,SYNTHETIC INDUSTRY,27,50088,2,0,0,0,0,0,0,0,0,0,0,0,0,101630,1,2,2021,1/1/2022,
1632,SYNTHETIC COMPANY 01631,SYNTHETIC SITE 01631,,1 Example Way,Nowhere,ZZ,00000,3251,SYNTHETIC INDUSTRY,41,59725,1,0,0,2,0,0,8,2,0,0,0,0,0,101631,1,2,2021,1/1/2022,
1633,SYNTHETIC COMPANY 01632,SYNTHETIC SITE 01632,,1 Example Way,Nowhere,ZZ,00000,3251,SYNTHETIC INDUSTRY,188,413754,1,0,6,6,5,42,24,17,0,0,0,0,0,101632,1,2,2021,1/1/2022,
1634,SYNTHETIC COMPANY 01633,SYNTHETIC SITE 01633,,1 Example Way,Nowhere,ZZ,00000,4451,SYNTHETIC INDUSTRY,23,47748,2,0,0,0,0,0,0,0,0,0,0,0,0,101633,1,2,2021,1/1/2022,
1635,SYNTHETIC COMPANY 01634,SYNTHETIC SITE 01634,,1 Example Way,Nowhere,ZZ,00000,4451,SYNTHETIC INDUSTRY,265,541543,1,0,0,0,1,0,0,1,0,0,0,0,0,101634,1,2,2021,1/1/2022,
1636,SYNTHETIC COMPANY 01635,SYNTHETIC SITE 01635,,1 Example Way,Nowhere,ZZ,00000,3252,SYNTHETIC INDUSTRY,760,1546768,1,0,5,2,8,35,8,15,0,0,0,0,0,101635,1,2,2021,1/1/2022,
1637,SYNTHETIC COMPANY 01636,SYNTHETIC SITE 01636,,1 Example Way,Nowhere,ZZ,00000,4841,SYNTHETIC INDUSTRY,17,32900,1,0,1,0,1,7,0,2,0,0,0,0,0,101636,1,2,2021,1/1/2022,
1638,SYNTHETIC COMPANY 01637,SYNTHETIC SITE 01637,,1 Example Way,Nowhere,ZZ,00000,4451,SYNTHETIC INDUSTRY,36,63005,2,0,0,0,0,0,0,0,0,0,0,0,0,101637,1,2,2021,1/1/2022,
1639,SYNTHETIC COMPANY 01638,SYNTHETIC SITE 01638,,1 Example Way,Nowhere,ZZ,00000,3328,SYNTHETIC INDUSTRY,25,50516,1,0,0,1,0,0,4,1,0,0,0,0,0,101638,1,2,2021,1/1/2022,
1640,SYNTHETIC COMPANY 01639,SYNTHETIC SITE 01639,,1 Example Way,Nowhere,ZZ,00000,4451,SYNTHETIC INDUSTRY,36,60050,2,0,0,0,0,0,0,0,0,0,0,0,0,101639,1,2,2021,1/1/2022,
1641,SYNTHETIC COMPANY 01640,SYNTHETIC SITE 01640,,1 Example Way,Nowhere,ZZ,00000,2361,SYNTHETIC INDUSTRY,62,124856,1,0,0,0,1,0,0,1,0,0,0,0,0,101640,1,2,2021,1/1/2022,
1642,SYNTHETIC COMPANY 01641,SYNTHETIC SITE 01641,,1 Example Way,Nowhere,ZZ,00000,3115,SYNTHETIC INDUSTRY,133,224994,2,0,0,0,0,0,0,0,0,0,0,0,0,101641,1,2,2021,1/1/2022,
1643,SYNTHETIC COMPANY 01642,SYNTHETIC SITE 01642,,1 Example Way,Nowhere,ZZ,00000,3252,SYNTHETIC INDUSTRY,37,89138,2,0,0,0,0,0,0,0,0,0,0,0,0,101642,1,2,2021,1/1/2022,
1644,SYNTHETIC COMPANY 01643,SYNTHETIC SITE 01643,,1 Example Way,Nowhere,ZZ,00000,3251,SYNTHETIC INDUSTRY,184,291683,2,0,0,0,0,0,0,0,0,0,0,0,0,101643,1,2,2021,1/1/2022,
1645,SYNTHETIC COMPANY 01644,SYNTHETIC SITE 01644,,1 Example Way,Nowhere,ZZ,00000,4451,SYNTHETIC INDUSTRY,44,76029,2,0,0,0,0,0,0,0,0,0,0,0,0,101644,1,2,2021,1/1/2022,
1646,SYNTHETIC COMPANY 01645,SYNTHETIC SITE 01645,,1 Example Way,Nowhere,ZZ,00000,3328,SYNTHETIC INDUSTRY,45,87610,1,0,1,0,0,7,0,1,0,0,0,0,0,101645,1,2,2021,1/1/2022,
1647,SYNTHETIC COMPANY 01646,SYNTHETIC SITE 01646,,1 Example Way,Nowhere,ZZ,00000,2361,SYNTHETIC INDUSTRY,57,89932,2,0,0,0,0,0,0,0,0,0,0,0,0,101646,1,2,2021,1/1/2022,
1648,SYNTHETIC COMPANY 01647,SYNTHETIC SITE 01647,,1 Example Way,Nowhere,ZZ,00000,4841,SYNTHETIC INDUSTRY,170,280115,2,0,0,0,0,0,0,0,0,0,0,0,0,101647,1,2,2021,1/1/2022,
1649,SYNTHETIC COMPANY 01648,SYNTHETIC SITE 01648,,1 Example Way,Nowhere,ZZ,00000,2361,SYNTHETIC INDUSTRY,81,1076090,1,0,1,0,2,7,0,3,0,0,0,0,0,101648,1,2,2021,1/1/2022,
1650,SYNTHETIC COMPANY 01649,SYNTHETIC SITE 01649,,1 Example Way,Nowhere,ZZ,00000,6221,SYNTHETIC INDUSTRY,53,96047,2,0,0,0,0,0,0,0,0,0,0,0,0,101649,1,2,2021,1/1/2022,
1651,SYNTHETIC COMPANY 01650,SYNTHETIC SITE 01650,,1 Example Way,Nowhere,ZZ,00000,2361,SYNTHETIC INDUSTRY,32,43405,2,0,0,0,0,0,0,0,0,0,0,0,0,101650,1,2,2021,1/1/2022,
1652,SYNTHETIC COMPANY 01651,SYNTHETIC SITE 01651,,1 Example Way,Nowhere,ZZ,00000,4841,SYNTHETIC INDUSTRY,52,108271,1,0,1,0,0,7,0,1,0,0,0,0,0,101651,1,2,2021,1/1/2022,
1653,SYNTHETIC COMPANY 01652,SYNTHETIC SITE 01652,,1 Example Way,Nowhere,ZZ,00000,4451,SYNTHETIC INDUSTRY,73,157356,2,0,0,0,0,0,0,0,0,0,0,0,0,101652,1,2,2021,1/1/2022,
1654,SYNTHETIC COMPANY 01653,SYNTHETIC SITE 01653,,1 Example Way,Nowhere,ZZ,00000,3252,SYNTHETIC INDUSTRY,300,475383,2,0,0,0,0,0,0,0,0,0,0,0,0,101653,1,2,2021,1/1/2022,
1655,SYNTHETIC COMPANY 01654,SYNTHETIC SITE 01654,,1 Example Way,Nowhere,ZZ,00000,2361,SYNTHETIC INDUSTRY,47,91305,2,0,0,0,0,0,0,0,0,0,0,0,0,101654,1,2,2021,1/1/2022,
1656,SYNTHETIC COMPANY 01655,SYNTHETIC SITE 01655,,1 Example Way,Nowhere,ZZ,00000,2361,SYNTHETIC INDUSTRY,19,37377,2,0,0,0,0,0,0,0,0,0,0,0,0,101655,1,2,2021,1/1/2022,
1657,SYNTHETIC COMPANY 01656,SYNTHETIC SITE 01656,,1 Example Way,Nowhere,ZZ,00000,3328,SYNTHETIC INDUSTRY,40,76230,2,0,0,0,0,0,0,0,0,0,0,0,0,101656,1,2,2021,1/1/2022,
1658,SYNTHETIC COMPANY 01657,SYNTHETIC SITE 01657,,1 Example Way,Nowhere,ZZ,00000,3252,SYNTHETIC INDUSTRY,41,70434,1,0,1,0,0,7,0,1,0,0,0,0,0,101657,1,2,2021,1/1/2022,
1659,SYNTHETIC COMPANY 01658,SYNTHETIC SITE 01658,,1 Example Way,Nowhere,ZZ,00000,3328,SYNTHETIC INDUSTRY,72,152011,2,0,0,0,0,0,0,0,0,0,0,0,0,101658,1,2,2021,1/1/2022,
1660,SYNTHETIC COMPANY 01659,SYNTHETIC SITE 01659,,1 Example Way,Nowhere,ZZ,00000,3252,SYNTHETIC INDUSTRY,26,57674,2,0,0,0,0,0,0,0,0,0,0,0,0,101659,1,2,2021,1/1/2022,
1661,SYNTHETIC COMPANY 01660,SYNTHETIC SITE 01660,,1 Example Way,Nowhere,ZZ,00000,4451,SYNTHETIC INDUSTRY,23,36937,2,0,0,0,0,0,0,0,0,0,0,0,0,101660,1,2,2021,1/1/2022,
1662,SYNTHETIC COMPANY 01661,SYNTHETIC SITE 01661,,1 Example Way,Nowhere,ZZ,00000,4451,SYNTHETIC INDUSTRY,3,5560,2,0,0,0,0,0,0,0,0,0,0,0,0,101661,1,2,2021,1/1/2022,
1663,SYNTHETIC COMPANY 01662,SYNTHETIC SITE 01662,,1 Example Way,Nowhere,ZZ,00000,3252,SYNTHETIC INDUSTRY,315,639113,1,0,2,0,5,14,0,7,0,0,0,0,0,101662,1,2,2021,1/1/2022,
1664,SYNTHETIC COMPANY 01663,SYNTHETIC SITE 01663,,1 Example Way,Nowhere,ZZ,00000,4841,SYNTHETIC INDUSTRY,20,44398,1,0,0,1,3,0,4,4,0,0,0,0,0,101663,1,2,2021,1/1/2022,
1665,SYNTHETIC COMPANY 01664,SYNTHETIC SITE 01664,,1 Example Way,Nowhere,ZZ,00000,3252,SYNTHETIC INDUSTRY,94,198562,2,0,0,0,0,0,0,0,0,0,0,0,0,101664,1,2,2021,1/1/2022,
1666,SYNTHETIC COMPANY 01665,SYNTHETIC SITE 01665,,1 Example Way,Nowhere,ZZ,00000,3251,SYNTHETIC INDUSTRY,96,136269,2,0,0,0,0,0,0,0,0,0,0,0,0,101665,1,2,2021,1/1/2022,
1667,SYNTHETIC COMPANY 01666,SYNTHETIC SITE 01666,,1 Example Way,Nowhere,ZZ,00000,4451,SYNTHETIC INDUSTRY,12,23912,1,0,1,0,1,7,0,2,0,0,0,0,0,101666,1,2,2021,1/1/2022,
1668,SYNTHETIC COMPANY 01667,SYNTHETIC SITE 01667,,1 Example Way,Nowhere,ZZ,00000,6221,SYNTHETIC INDUSTRY,51,103704,2,0,0,0,0,0,0,0,0,0,0,0,0,101667,1,2,2021,1/1/2022,
1669,SYNTHETIC COMPANY 01668,SYNTHETIC SITE 01668,,1 Example Way,Nowhere,ZZ,00000,2361,SYNTHETIC INDUSTRY,88,157615,2,0,0,0,0,0,0,0,0,0,0,0,0,101668,1,2,2021,1/1/2022,
1670,SYNTHETIC COMPANY 01669,SYNTHETIC SITE 01669,,1 Example Way,Nowhere,ZZ,00000,3328,SYNTHETIC INDUSTRY,291,667485,1,0,0,2,0,0,8,2,0,0,0,0,0,101669,1,2,2021,1/1/2022,
1671,SYNTHETIC COMPANY 01670,SYNTHETIC SITE 01670,,1 Example Way,Nowhere,ZZ,00000,3252,SYNTHETIC INDUSTRY,137,214676,1,0,3,3,4,21,12,10,0,0,0,0,0,101670,1,2,2021,1/1/2022,
1672,SYNTHETIC COMPANY 01671,SYNTHETIC SITE 01671,,1 Example Way,Nowhere,ZZ,00000,4841,SYNTHETIC INDUSTRY,5,10383,2,0,0,0,0,0,0,0,0,0,0,0,0,101671,1,2,2021,1/1/2022,
1673,SYNTHETIC COMPANY 01672,SYNTHETIC SITE 01672,,1 Example Way,Nowhere,ZZ,00000,4841,SYNTHETIC INDUSTRY,19,31106,2,0,0,0,0,0,0,0,0,0,0,0,0,101672,1,2,2021,1/1/2022,
1674,SYNTHETIC COMPANY 01673,SYNTHETIC SITE 01673,,1 Example Way,Nowhere,ZZ,00000,2361,SYNTHETIC INDUSTRY,30,43341,2,0,0,0,0,0,0,0,0,0,0,0,0,101673,1,2,2021,1/1/2022,
1675,SYNTHETIC COMPANY 01674,SYNTHETIC SITE 01674,,1 Example Way,Nowhere,ZZ,00000,3115,SYNTHETIC INDUSTRY,609,1340530,2,0,0,0,0,0,0,0,0,0,0,0,0,101674,1,2,2021,1/1/2022,
1676,SYNTHETIC COMPANY 01675,SYNTHETIC SITE 01675,,1 Example Way,Nowhere,ZZ,00000,4841,SYNTHETIC INDUSTRY,14,24863,2,0,0,0,0,0,0,0,0,0,0,0,0,101675,1,2,2021,1/1/2022,
1677,SYNTHETIC COMPANY 01676,SYNTHETIC SITE 01676,,1 Example Way,Nowhere,ZZ,00000,3252,SYNTHETIC INDUSTRY,630,1028833,1,0,6,0,3,42,0,9,0,0,0,0,0,101676,1,2,2021,1/1/2022,
1678,SYNTHETIC COMPANY 01677,SYNTHETIC SITE 01677,,1 Example Way,Nowhere,ZZ,00000,3252,SYNTHETIC INDUSTRY,83,176511,1,0,0,1,1,0,4,2,0,0,0,0,0,101677,1,2,2021,1/1/2022,
1679,SYNTHETIC COMPANY 01678,SYNTHETIC SITE 01678,,1 Example Way,Nowhere,ZZ,00000,4841,SYNTHETIC INDUSTRY,44,75526,1,0,2,1,0,14,4,3,0,0,0,0,0,101678,1,2,2021,1/1/2022,
1680,SYNTHETIC COMPANY 01679,SYNTHETIC SITE 01679,,1 Example Way,Nowhere,ZZ,00000,4451,SYNTHETIC INDUSTRY,26,52969,2,0,0,0,0,0,0,0,0,0,0,0,0,101679,1,2,2021,1/1/2022,
1681,SYNTHETIC COMPANY 01680,SYNTHETIC SITE 01680,,1 Example Way,Nowhere,ZZ,00000,6221,SYNTHETIC INDUSTRY,360,622445,1,0,2,1,2,14,4,5,0,0,0,0,0,101680,1,2,2021,1/1/2022,
1682,SYNTHETIC COMPANY 01681,SYNTHETIC SITE 01681,,1 Example Way,Nowhere,ZZ,00000,3115,SYNTHETIC INDUSTRY,33,78983,1,0,1,0,4,7,0,5,0,0,0,0,0,101681,1,2,2021,1/1/2022,
1683,SYNTHETIC COMPANY 01682,SYNTHETIC SITE 01682,,1 Example Way,Nowhere,ZZ,00000,3252,SYNTHETIC INDUSTRY,100,19061700000,1,0,1,1,2,7,4,4,0,0,0,0,0,101682,1,2,2021,1/1/2022,
1684,SYNTHETIC COMPANY 01683,SYNTHETIC SITE 01683,,1 Example Way,Nowhere,ZZ,00000,3115,SYNTHETIC INDUSTRY,40,72993,1,0,0,0,1,0,0,1,0,0,0,0,0,101683,1,2,2021,1/1/2022,
1685,SYNTHETIC COMPANY 01684,SYNTHETIC SITE 01684,,1 Example Way,Nowhere,ZZ,00000,3328,SYNTHETIC INDUSTRY,16,25275,1,0,0,1,0,0,4,1,0,0,0,0,0,101684,1,2,2021,1/1/2022,
1686,SYNTHETIC COMPANY 01685,SYNTHETIC SITE 01685,,1 Example Way,Nowhere,ZZ,00000,6221,SYNTHETIC INDUSTRY,7,12207,2,0,0,0,0,0,0,0,0,0,0,0,0,101685,1,2,2021,1/1/2022,
1687,SYNTHETIC COMPANY 01686,SYNTHETIC SITE 01686,,1 Example Way,Nowhere,ZZ,00000,3252,SYNTHETIC INDUSTRY,61,128822,1,0,1,0,2,7,0,3,0,0,0,0,0,101686,1,2,2021,1/1/2022,
1688,SYNTHETIC COMPANY 01687,SYNTHETIC SITE 01687,,1 Example Way,Nowhere,ZZ,00000,4841,SYNTHETIC INDUSTRY,32,49518,2,0,0,0,0,0,0,0,0,0,0,0,0,101687,1,2,2021,1/1/2022,
1689,SYNTHETIC COMPANY 01688,SYNTHETIC SITE 01688,,1 Example Way,Nowhere,ZZ,00000,3115,SYNTHETIC INDUSTRY,12,26474,2,0,0,0,0,0,0,0,0,0,0,0,0,101688,1,2,2021,1/1/2022,
1690,SYNTHETIC COMPANY 01689,SYNTHETIC SITE 01689,,1 Example Way,Nowhere,ZZ,00000,3328,SYNTHETIC INDUSTRY,5,7789,2,0,0,0,0,0,0,0,0,0,0,0,0,101689,1,2,2021,1/1/2022,
1691,SYNTHETIC COMPANY 01690,SYNTHETIC SITE 01690,,1 Example Way,Nowhere,ZZ,00000,2361,SYNTHETIC INDUSTRY,51,86732,1,0,2,0,0,14,0,2,0,0,0,0,0,101690,1,2,2021,1/1/2022,
1692,SYNTHETIC COMPANY 01691,SYNTHETIC SITE 01691,,1 Example Way,Nowhere,ZZ,00000,3115,SYNTHETIC INDUSTRY,10,17128,2,0,0,0,0,0,0,0,0,0,0,0,0,101691,1,2,2021,1/1/2022,
1693,SYNTHETIC COMPANY 01692,SYNTHETIC SITE 01692,,1 Example Way,Nowhere,ZZ,00000,3328,SYNTHETIC INDUSTRY,79,158552,2,0,0,0,0,0,0,0,0,0,0,0,0,101692,1,2,2021,1/1/2022,
1694,SYNTHETIC COMPANY 01693,SYNTHETIC SITE 01693,,1 Example Way,Nowhere,ZZ,00000,3328,SYNTHETIC INDUSTRY,308,475660,2,0,0,0,0,0,0,0,0,0,0,0,0,101693,1,2,2021,1/1/2022,
1695,SYNTHETIC COMPANY 01694,SYNTHETIC SITE 01694,,1 Example Way,Nowhere,ZZ,00000,3251,SYNTHETIC INDUSTRY,444,705491,2,0,0,0,0,0,0,0,0,0,0,0,0,101694,1,2,2021,1/1/2022,
1696,SYNTHETIC COMPANY 01695,SYNTHETIC SITE 01695,,1 Example Way,Nowhere,ZZ,00000,4451,SYNTHETIC INDUSTRY,372,483010,1,0,1,0,0,7,0,1,0,0,0,0,0,101695,1,2,2021,1/1/2022,
1697,SYNTHETIC COMPANY 01696,SYNTHETIC SITE 01696,,1 Example Way,Nowhere,ZZ,00000,3252,SYNTHETIC INDUSTRY,36,74589,2,0,0,0,0,0,0,0,0,0,0,0,0,101696,1,2,2021,1/1/2022,
1698,SYNTHETIC COMPANY 01697,SYNTHETIC SITE 01697,,1 Example Way,Nowhere,ZZ,00000,6221,SYNTHETIC INDUSTRY,218,443346,1,0,0,0,1,0,0,1,0,0,0,0,0,101697,1,2,2021,1/1/2022,
1699,SYNTHETIC COMPANY 01698,SYNTHETIC SITE 01698,,1 Example Way,Nowhere,ZZ,00000,3252,SYNTHETIC INDUSTRY,38,70251,1,0,0,0,1,0,0,1,0,0,0,0,0,101698,1,2,2021,1/1/2022,
1700,SYNTHETIC COMPANY 01699,SYNTHETIC SITE 01699,,1 Example Way,Nowhere,ZZ,00000,6221,SYNTHETIC INDUSTRY,81,129049,2,0,0,0,0,0,0,0,0,0,0,0,0,101699,1,2,2021,1/1/2022,
1701,SYNTHETIC COMPANY 01700,SYNTHETIC SITE 01700,,1 Example Way,Nowhere,ZZ,00000,3252,SYNTHETIC INDUSTRY,22,44145,1,0,1,1,1,7,4,3,0,0,0,0,0,101700,1,2,2021,1/1/2022,
1702,SYNTHETIC COMPANY 01701,SYNTHETIC SITE 01701,,1 Example Way,Nowhere,ZZ,00000,3252,SYNTHETIC INDUSTRY,77,149308,1,0,1,1,0,7,4,2,0,0,0,0,0,101701,1,2,2021,1/1/2022,
1703,SYNTHETIC COMPANY 01702,SYNTHETIC SITE 01702,,1 Example Way,Nowhere,ZZ,00000,3115,SYNTHETIC INDUSTRY,333,785337,1,0,0,0,1,0,0,1,0,0,0,0,0,101702,1,2,2021,1/1/2022,
1704,SYNTHETIC COMPANY 01703,SYNTHETIC SITE 01703,,1 Example Way,Nowhere,ZZ,00000,4841,SYNTHETIC INDUSTRY,135,255905,1,0,3,0,3,21,0,6,0,0,0,0,0,101703,1,2,2021,1/1/2022,
1705,SYNTHETIC COMPANY 01704,SYNTHETIC SITE 01704,,1 Example Way,Nowhere,ZZ,00000,3252,SYNTHETIC INDUSTRY,13,20977,2,0,0,0,0,0,0,0,0,0,0,0,0,101704,1,2,2021,1/1/2022,
1706,SYNTHETIC COMPANY 01705,SYNTHETIC SITE 01705,,1 Example Way,Nowhere,ZZ,00000,3252,SYNTHETIC INDUSTRY,39,75459,2,0,0,0,0,0,0,0,0,0,0,0,0,101705,1,2,2021,1/1/2022,
1707,SYNTHETIC COMPANY 01706,SYNTHETIC SITE 01706,,1 Example Way,Nowhere,ZZ,00000,3328,SYNTHETIC INDUSTRY,26,49054,1,0,0,1,1,0,4,2,0,0,0,0,0,101706,1,2,2021,1/1/2022,
1708,SYNTHETIC COMPANY 01707,SYNTHETIC SITE 01707,,1 Example Way,Nowhere,ZZ,00000,3251,SYNTHETIC INDUSTRY,12,18094,2,0,0,0,0,0,0,0,0,0,0,0,0,101707,1,2,2021,1/1/2022,
1709,SYNTHETIC COMPANY 01708,SYNTHETIC SITE 01708,,1 Example Way,Nowhere,ZZ,00000,6221,SYNTHETIC INDUSTRY,11,23126,2,0,0,0,0,0,0,0,0,0,0,0,0,101708,1,2,2021,1/1/2022,
1710,SYNTHETIC COMPANY 01709,SYNTHETIC SITE 01709,,1 Example Way,Nowhere,ZZ,00000,4451,SYNTHETIC INDUSTRY,430,799671,1,0,1,1,0,7,4,2,0,0,0,0,0,101709,1,2,2021,1/1/2022,
1711,SYNTHETIC COMPANY 01710,SYNTHETIC SITE 01710,,1 Example Way,Nowhere,ZZ,00000,3252,SYNTHETIC INDUSTRY,177,375874,1,0,0,1,0,0,4,1,0,0,0,0,0,101710,1,2,2021,1/1/2022,
1712,SYNTHETIC COMPANY 01711,SYNTHETIC SITE 01711,,1 Example Way,Nowhere,ZZ,00000,3115,SYNTHETIC INDUSTRY,7,12439,2,0,0,0,0,0,0,0,0,0,0,0,0,101711,1,2,2021,1/1/2022,
1713,SYNTHETIC COMPANY 01712,SYNTHETIC SITE 01712,,1 Example Way,Nowhere,ZZ,00000,6221,SYNTHETIC INDUSTRY,16,26711,2,0,0,0,0,0,0,0,0,0,0,0,0,101712,1,2,2021,1/1/2022,
1714,SYNTHETIC COMPANY 01713,SYNTHETIC SITE 01713,,1 Example Way,Nowhere,ZZ,00000,6221,SYNTHETIC INDUSTRY,140,290375,1,0,1,0,2,7,0,3,0,0,0,0,0,101713,1,2,2021,1/1/2022,
1715,SYNTHETIC COMPANY 01714,SYNTHETIC SITE 01714,,1 Example Way,Nowhere,ZZ,00000,6221,SYNTHETIC INDUSTRY,28,5151600,2,0,0,0,0,0,0,0,0,0,0,0,0,101714,1,2,2021,1/1/2022,
1716,SYNTHETIC COMPANY 01715,SYNTHETIC SITE 01715,,1 Example Way,Nowhere,ZZ,00000,6221,SYNTHETIC INDUSTRY,15,25568,1,0,1,0,0,7,0,1,0,0,0,0,0,101715,1,2,2021,1/1/2022,
1717,SYNTHETIC COMPANY 01716,SYNTHETIC SITE 01716,,1 Example Way,Nowhere,ZZ,00000,2361,SYNTHETIC INDUSTRY,31,45755,2,0,0,0,0,0,0,0,0,0,0,0,0,101716,1,2,2021,1/1/2022,
1718,SYNTHETIC COMPANY 01717,SYNTHETIC SITE 01717,,1 Example Way,Nowhere,ZZ,00000,3251,SYNTHETIC INDUSTRY,14,26917,2,0,0,0,0,0,0,0,0,0,0,0,0,101717,1,2,2021,1/1/2022,
1719,SYNTHETIC COMPANY 01718,SYNTHETIC SITE 01718,,1 Example Way,Nowhere,ZZ,00000,3328,SYNTHETIC INDUSTRY,25,42077,1,0,0,0,1,0,0,1,0,0,0,0,0,101718,1,2,2021,1/1/2022,
1720,SYNTHETIC COMPANY 01719,SYNTHETIC SITE 01719,,1 Example Way,Nowhere,ZZ,00000,3115,SYNTHETIC INDUSTRY,64,108451,2,0,0,0,0,0,0,0,0,0,0,0,0,101719,1,2,2021,1/1/2022,
1721,SYNTHETIC COMPANY 01720,SYNTHETIC SITE 01720,,1 Example Way,Nowhere,ZZ,00000,3115,SYNTHETIC INDUSTRY,147,303430,2,0,0,0,0,0,0,0,0,0,0,0,0,101720,1,2,2021,1/1/2022,
1722,SYNTHETIC COMPANY 01721,SYNTHETIC SITE 01721,,1 Example Way,Nowhere,ZZ,00000,4451,SYNTHETIC INDUSTRY,111,198477,2,0,0,0,0,0,0,0,0,0,0,0,0,101721,1,2,2021,1/1/2022,
1723,SYNTHETIC COMPANY 01722,SYNTHETIC SITE 01722,,1 Example Way,Nowhere,ZZ,00000,3251,SYNTHETIC INDUSTRY,10,18502,2,0,0,0,0,0,0,0,0,0,0,0,0,101722,1,2,2021,1/1/2022,
1724,SYNTHETIC COMPANY 01723,SYNTHETIC SITE 01723,,1 Example Way,Nowhere,ZZ,00000,3252,SYNTHETIC INDUSTRY,185,299172,2,0,0,0,0,0,0,0,0,0,0,0,0,101723,1,2,2021,1/1/2022,
1725,SYNTHETIC COMPANY 01724,SYNTHETIC SITE 01724,,1 Example Way,Nowhere,ZZ,00000,4841,SYNTHETIC INDUSTRY,41,74435,1,0,1,1,1,7,4,3,0,0,0,0,0,101724,1,2,2021,1/1/2022,
1726,SYNTHETIC COMPANY 01725,SYNTHETIC SITE 01725,,1 Example Way,Nowhere,ZZ,00000,4841,SYNTHETIC INDUSTRY,24,38225,2,0,0,0,0,0,0,0,0,0,0,0,0,101725,1,2,2021,1/1/2022,
1727,SYNTHETIC COMPANY 01726,SYNTHETIC SITE 01726,,1 Example Way,Nowhere,ZZ,00000,3252,SYNTHETIC INDUSTRY,101,238290,1,0,1,1,2,7,4,4,0,0,0,0,0,101726,1,2,2021,1/1/2022,
1728,SYNTHETIC COMPANY 01727,SYNTHETIC SITE 01727,,1 Example Way,Nowhere,ZZ,00000,4451,SYNTHETIC INDUSTRY,9,18814,1,0,1,0,1,7,0,2,0,0,0,0,0,101727,1,2,2021,1/1/2022,
1729,SYNTHETIC COMPANY 01728,SYNTHETIC SITE 01728,,1 Example Way,Nowhere,ZZ,00000,3115,SYNTHETIC INDUSTRY,158,360089,1,0,1,0,1,7,0,2,0,0,0,0,0,101728,1,2,2021,1/1/2022,
1730,SYNTHETIC COMPANY 01729,SYNTHETIC SITE 01729,,1 Example Way,Nowhere,ZZ,00000,2361,SYNTHETIC INDUSTRY,25,47615,1,0,0,1,0,0,4,1,0,0,0,0,0,101729,1,2,2021,1/1/2022,
1731,SYNTHETIC COMPANY 01730,SYNTHETIC SITE 01730,,1 Example Way,Nowhere,ZZ,00000,2361,SYNTHETIC INDUSTRY,133,212607,2,0,0,0,0,0,0,0,0,0,0,0,0,101730,1,2,2021,1/1/2022,
1732,SYNTHETIC COMPANY 01731,SYNTHETIC SITE 01731,,1 Example Way,Nowhere,ZZ,00000,3252,SYNTHETIC INDUSTRY,334,538883,1,0,2,1,2,14,4,5,0,0,0,0,0,101731,1,2,2021,1/1/2022,
1733,SYNTHETIC COMPANY 01732,SYNTHETIC SITE 01732,,1 Example Way,Nowhere,ZZ,00000,4841,SYNTHETIC INDUSTRY,19,35915,1,0,0,0,1,0,0,1,0,0,0,0,0,101732,1,2,2021,1/1/2022,
1734,SYNTHETIC COMPANY 01733,SYNTHETIC SITE 01733,,1 Example Way,Nowhere,ZZ,00000,3328,SYNTHETIC INDUSTRY,63,130706,2,0,0,0,0,0,0,0,0,0,0,0,0,101733,1,2,2021,1/1/2022,
1735,SYNTHETIC COMPANY 01734,SYNTHETIC SITE 01734,,1 Example Way,Nowhere,ZZ,00000,4451,SYNTHETIC INDUSTRY,43,70479,2,0,0,0,0,0,0,0,0,0,0,0,0,101734,1,2,2021,1/1/2022,
1736,SYNTHETIC COMPANY 01735,SYNTHETIC SITE 01735,,1 Example Way,Nowhere,ZZ,00000,3115,SYNTHETIC INDUSTRY,68,127147,1,0,1,1,0,7,4,2,0,0,0,0,0,101735,1,2,2021,1/1/2022,
1737,SYNTHETIC COMPANY 01736,SYNTHETIC SITE 01736,,1 Example Way,Nowhere,ZZ,00000,6221,SYNTHETIC INDUSTRY,113,188852,1,0,1,0,0,7,0,1,0,0,0,0,0,101736,1,2,2021,1/1/2022,
1738,SYNTHETIC COMPANY 01737,SYNTHETIC SITE 01737,,1 Example Way,Nowhere,ZZ,00000,6221,SYNTHETIC INDUSTRY,27,45610,1,0,0,0,2,0,0,2,0,0,0,0,0,101737,1,2,2021,1/1/2022,
1739,SYNTHETIC COMPANY 01738,SYNTHETIC SITE 01738,,1 Example Way,Nowhere,ZZ,00000,2361,SYNTHETIC INDUSTRY,18,24901,2,0,0,0,0,0,0,0,0,0,0,0,0,101738,1,2,2021,1/1/2022,
1740,SYNTHETIC COMPANY 01739,SYNTHETIC SITE 01739,,1 Example Way,Nowhere,ZZ,00000,3252,SYNTHETIC INDUSTRY,32,68482,2,0,0,0,0,0,0,0,0,0,0,0,0,101739,1,2,2021,1/1/2022,
1741,SYNTHETIC COMPANY 01740,SYNTHETIC SITE 01740,,1 Example Way,Nowhere,ZZ,00000,3328,SYNTHETIC INDUSTRY,13,17700,2,0,0,0,0,0,0,0,0,0,0,0,0,101740,1,2,2021,1/1/2022,
1742,SYNTHETIC COMPANY 01741,SYNTHETIC SITE 01741,,1 Example Way,Nowhere,ZZ,00000,3328,SYNTHETIC INDUSTRY,43,90951,2,0,0,0,0,0,0,0,0,0,0,0,0,101741,1,2,2021,1/1/2022,
1743,SYNTHETIC COMPANY 01742,SYNTHETIC SITE 01742,,1 Example Way,Nowhere,ZZ,00000,3115,SYNTHETIC INDUSTRY,10,21576,1,0,0,1,0,0,4,1,0,0,0,0,0,101742,1,2,2021,1/1/2022,
1744,SYNTHETIC COMPANY 01743,SYNTHETIC SITE 01743,,1 Example Way,Nowhere,ZZ,00000,3115,SYNTHETIC INDUSTRY,803,1203262,1,0,2,0,0,14,0,2,0,0,0,0,0,101743,1,2,2021,1/1/2022,
1745,SYNTHETIC COMPANY 01744,SYNTHETIC SITE 01744,,1 Example Way,Nowhere,ZZ,00000,3252,SYNTHETIC INDUSTRY,5,10182,2,0,0,0,0,0,0,0,0,0,0,0,0,101744,1,2,2021,1/1/2022,
1746,SYNTHETIC COMPANY 01745,SYNTHETIC SITE 01745,,1 Example Way,Nowhere,ZZ,00000,3251,SYNTHETIC INDUSTRY,18,3124600,2,0,0,0,0,0,0,0,0,0,0,0,0,101745,1,2,2021,1/1/2022,
1747,SYNTHETIC COMPANY 01746,SYNTHETIC SITE 01746,,1 Example Way,Nowhere,ZZ,00000,6221,SYNTHETIC INDUSTRY,154,284488,1,0,3,3,4,21,12,10,0,0,0,0,0,101746,1,2,2021,1/1/2022,
1748,SYNTHETIC COMPANY 01747,SYNTHETIC SITE 01747,,1 Example Way,Nowhere,ZZ,00000,3115,SYNTHETIC INDUSTRY,174,315831,1,0,2,1,3,14,4,6,0,0,0,0,0,101747,1,2,2021,1/1/2022,
1749,SYNTHETIC COMPANY 01748,SYNTHETIC SITE 01748,,1 Example Way,Nowhere,ZZ,00000,3251,SYNTHETIC INDUSTRY,83,156305,2,0,0,0,0,0,0,0,0,0,0,0,0,101748,1,2,2021,1/1/2022,
1750,SYNTHETIC COMPANY 01749,SYNTHETIC SITE 01749,,1 Example Way,Nowhere,ZZ,00000,2361,SYNTHETIC INDUSTRY,15,16877,2,0,0,0,0,0,0,0,0,0,0,0,0,101749,1,2,2021,1/1/2022,
1751,SYNTHETIC COMPANY 01750,SYNTHETIC SITE 01750,,1 Example Way,Nowhere,ZZ,00000,6221,SYNTHETIC INDUSTRY,648,1341372,2,0,0,0,0,0,0,0,0,0,0,0,0,101750,1,2,2021,1/1/2022,
1752,SYNTHETIC COMPANY 01751,SYNTHETIC SITE 01751,,1 Example Way,Nowhere,ZZ,00000,4451,SYNTHETIC INDUSTRY,79,148526,2,0,0,0,0,0,0,0,0,0,0,0,0,101751,1,2,2021,1/1/2022,
1753,SYNTHETIC COMPANY 01752,SYNTHETIC SITE 01752,,1 Example Way,Nowhere,ZZ,00000,4451,SYNTHETIC INDUSTRY,219,381343,1,0,2,0,0,14,0,2,0,0,0,0,0,101752,1,2,2021,1/1/2022,
1754,SYNTHETIC COMPANY 01753,SYNTHETIC SITE 01753,,1 Example Way,Nowhere,ZZ,00000,3252,SYNTHETIC INDUSTRY,85,148582,1,0,1,0,1,7,0,2,0,0,0,0,0,101753,1,2,2021,1/1/2022,
1755,SYNTHETIC COMPANY 01754,SYNTHETIC SITE 01754,,1 Example Way,Nowhere,ZZ,00000,3252,SYNTHETIC INDUSTRY,4,8024,2,0,0,0,0,0,0,0,0,0,0,0,0,101754,1,2,2021,1/1/2022,
1756,SYNTHETIC COMPANY 01755,SYNTHETIC SITE 01755,,1 Example Way,Nowhere,ZZ,00000,3251,SYNTHETIC INDUSTRY,12,20961,2,0,0,0,0,0,0,0,0,0,0,0,0,101755,1,2,2021,1/1/2022,
1757,SYNTHETIC COMPANY 01756,SYNTHETIC SITE 01756,,1 Example Way,Nowhere,ZZ,00000,3328,SYNTHETIC INDUSTRY,150,222968,2,0,0,0,0,0,0,0,0,0,0,0,0,101756,1,2,2021,1/1/2022,
1758,SYNTHETIC COMPANY 01757,SYNTHETIC SITE 01757,,1 Example Way,Nowhere,ZZ,00000,3115,SYNTHETIC INDUSTRY,56,93972,1,0,1,0,0,7,0,1,0,0,0,0,0,101757,1,2,2021,1/1/2022,
1759,SYNTHETIC COMPANY 01758,SYNTHETIC SITE 01758,,1 Example Way,Nowhere,ZZ,00000,3328,SYNTHETIC INDUSTRY,12,25741,2,0,0,0,0,0,0,0,0,0,0,0,0,101758,1,2,2021,1/1/2022,
1760,SYNTHETIC COMPANY 01759,SYNTHETIC SITE 01759,,1 Example Way,Nowhere,ZZ,00000,2361,SYNTHETIC INDUSTRY,27,50372,2,0,0,0,0,0,0,0,0,0,0,0,0,101759,1,2,2021,1/1/2022,
1761,SYNTHETIC COMPANY 01760,SYNTHETIC SITE 01760,,1 Example Way,Nowhere,ZZ,00000,4841,SYNTHETIC INDUSTRY,149,251227,1,0,0,0,1,0,0,1,0,0,0,0,0,101760,1,2,2021,1/1/2022,
1762,SYNTHETIC COMPANY 01761,SYNTHETIC SITE 01761,,1 Example Way,Nowhere,ZZ,00000,3252,SYNTHETIC INDUSTRY,20,25023,1,0,0,0,1,0,0,1,0,0,0,0,0,101761,1,2,2021,1/1/2022,
1763,SYNTHETIC COMPANY 01762,SYNTHETIC SITE 01762,,1 Example Way,Nowhere,ZZ,00000,4841,SYNTHETIC INDUSTRY,49,105122,2,0,0,0,0,0,0,0,0,0,0,0,0,101762,1,2,2021,1/1/2022,
1764,SYNTHETIC COMPANY 01763,SYNTHETIC SITE 01763,,1 Example Way,Nowhere,ZZ,00000,4841,SYNTHETIC INDUSTRY,60,111616,1,0,0,0,1,0,0,1,0,0,0,0,0,101763,1,2,2021,1/1/2022,
1765,SYNTHETIC COMPANY 01764,SYNTHETIC SITE 01764,,1 Example Way,Nowhere,ZZ,00000,4451,SYNTHETIC INDUSTRY,410,917615,1,0,0,1,0,0,4,1,0,0,0,0,0,101764,1,2,2021,1/1/2022,
1766,SYNTHETIC COMPANY 01765,SYNTHETIC SITE 01765,,1 Example Way,Nowhere,ZZ,00000,3115,SYNTHETIC INDUSTRY,6,11443,2,0,0,0,0,0,0,0,0,0,0,0,0,101765,1,2,2021,1/1/2022,
1767,SYNTHETIC COMPANY 01766,SYNTHETIC SITE 01766,,1 Example Way,Nowhere,ZZ,00000,3251,SYNTHETIC INDUSTRY,32,38952,2,0,0,0,0,0,0,0,0,0,0,0,0,101766,1,2,2021,1/1/2022,
1768,SYNTHETIC COMPANY 01767,SYNTHETIC SITE 01767,,1 Example Way,Nowhere,ZZ,00000,2361,SYNTHETIC INDUSTRY,376,688574,1,0,2,0,3,14,0,5,0,0,0,0,0,101767,1,2,2021,1/1/2022,
1769,SYNTHETIC COMPANY 01768,SYNTHETIC SITE 01768,,1 Example Way,Nowhere,ZZ,00000,3251,SYNTHETIC INDUSTRY,39,57562,2,0,0,0,0,0,0,0,0,0,0,0,0,101768,1,2,2021,1/1/2022,
1770,SYNTHETIC COMPANY 01769,SYNTHETIC SITE 01769,,1 Example Way,Nowhere,ZZ,00000,4451,SYNTHETIC INDUSTRY,35,55986,2,0,0,0,0,0,0,0,0,0,0,0,0,101769,1,2,2021,1/1/2022,
1771,SYNTHETIC COMPANY 01770,SYNTHETIC SITE 01770,,1 Example Way,Nowhere,ZZ,00000,3328,SYNTHETIC INDUSTRY,75,152205,1,0,0,1,2,0,4,3,0,0,0,0,0,101770,1,2,2021,1/1/2022,
1772,SYNTHETIC COMPANY 01771,SYNTHETIC SITE 01771,,1 Example Way,Nowhere,ZZ,00000,4841,SYNTHETIC INDUSTRY,122,188475,2,0,0,0,0,0,0,0,0,0,0,0,0,101771,1,2,2021,1/1/2022,
1773,SYNTHETIC COMPANY 01772,SYNTHETIC SITE 01772,,1 Example Way,Nowhere,ZZ,00000,3251,SYNTHETIC INDUSTRY,35,69634,2,0,0,0,0,0,0,0,0,0,0,0,0,101772,1,2,2021,1/1/2022,
1774,SYNTHETIC COMPANY 01773,SYNTHETIC SITE 01773,,1 Example Way,Nowhere,ZZ,00000,4841,SYNTHETIC INDUSTRY,28,57231,2,0,0,0,0,0,0,0,0,0,0,0,0,101773,1,2,2021,1/1/2022,
1775,SYNTHETIC COMPANY 01774,SYNTHETIC SITE 01774,,1 Example Way,Nowhere,ZZ,00000,3328,SYNTHETIC INDUSTRY,65,117394,2,0,0,0,0,0,0,0,0,0,0,0,0,101774,1,2,2021,1/1/2022,
1776,SYNTHETIC COMPANY 01775,SYNTHETIC SITE 01775,,1 Example Way,Nowhere,ZZ,00000,2361,SYNTHETIC INDUSTRY,61,103567,2,0,0,0,0,0,0,0,0,0,0,0,0,101775,1,2,2021,1/1/2022,
1777,SYNTHETIC COMPANY 01776,SYNTHETIC SITE 01776,,1 Example Way,Nowhere,ZZ,00000,6221,SYNTHETIC INDUSTRY,14,23013,2,0,0,0,0,0,0,0,0,0,0,0,0,101776,1,2,2021,1/1/2022,
1778,SYNTHETIC COMPANY 01777,SYNTHETIC SITE 01777,,1 Example Way,Nowhere,ZZ,00000,4841,SYNTHETIC INDUSTRY,77,147269,2,0,0,0,0,0,0,0,0,0,0,0,0,101777,1,2,2021,1/1/2022,
1779,SYNTHETIC COMPANY 01778,SYNTHETIC SITE 01778,,1 Example Way,Nowhere,ZZ,00000,3251,SYNTHETIC INDUSTRY,64,115909,1,0,0,0,1,0,0,1,0,0,0,0,0,101778,1,2,2021,1/1/2022,
1780,SYNTHETIC COMPANY 01779,SYNTHETIC SITE 01779,,1 Example Way,Nowhere,ZZ,00000,3115,SYNTHETIC INDUSTRY,10,16918,1,0,0,0,1,0,0,1,0,0,0,0,0,101779,1,2,2021,1/1/2022,
1781,SYNTHETIC COMPANY 01780,SYNTHETIC SITE 01780,,1 Example Way,Nowhere,ZZ,00000,2361,SYNTHETIC INDUSTRY,174,355678,1,0,1,0,0,7,0,1,0,0,0,0,0,101780,1,2,2021,1/1/2022,
1782,SYNTHETIC COMPANY 01781,SYNTHETIC SITE 01781,,1 Example Way,Nowhere,ZZ,00000,3328,SYNTHETIC INDUSTRY,12,2301100,2,0,0,0,0,0,0,0,0,0,0,0,0,101781,1,2,2021,1/1/2022,
1783,SYNTHETIC COMPANY 01782,SYNTHETIC SITE 01782,,1 Example Way,Nowhere,ZZ,00000,6221,SYNTHETIC INDUSTRY,2,2891,2,0,0,0,0,0,0,0,0,0,0,0,0,101782,1,2,2021,1/1/2022,
1784,SYNTHETIC COMPANY 01783,SYNTHETIC SITE 01783,,1 Example Way,Nowhere,ZZ,00000,3252,SYNTHETIC INDUSTRY,105,225570,1,0,10,4,2,70,16,16,0,0,0,0,0,101783,1,2,2021,1/1/2022,
1785,SYNTHETIC COMPANY 01784,SYNTHETIC SITE 01784,,1 Example Way,Nowhere,ZZ,00000,3115,SYNTHETIC INDUSTRY,203,415421,2,0,0,0,0,0,0,0,0,0,0,0,0,101784,1,2,2021,1/1/2022,
1786,SYNTHETIC COMPANY 01785,SYNTHETIC SITE 01785,,1 Example Way,Nowhere,ZZ,00000,3252,SYNTHETIC INDUSTRY,78,146350,1,0,1,0,0,7,0,1,0,0,0,0,0,101785,1,2,2021,1/1/2022,
1787,SYNTHETIC COMPANY 01786,SYNTHETIC SITE 01786,,1 Example Way,Nowhere,ZZ,00000,3251,SYNTHETIC INDUSTRY,31,45928,2,0,0,0,0,0,0,0,0,0,0,0,0,101786,1,2,2021,1/1/2022,
1788,SYNTHETIC COMPANY 01787,SYNTHETIC SITE 01787,,1 Example Way,Nowhere,ZZ,00000,3251,SYNTHETIC INDUSTRY,587,955002,2,0,0,0,0,0,0,0,0,0,0,0,0,101787,1,2,2021,1/1/2022,
1789,SYNTHETIC COMPANY 01788,SYNTHETIC SITE 01788,,1 Example Way,Nowhere,ZZ,00000,4841,SYNTHETIC INDUSTRY,5,8278000,2,0,0,0,0,0,0,0,0,0,0,0,0,101788,1,2,2021,1/1/2022,
1790,SYNTHETIC COMPANY 01789,SYNTHETIC SITE 01789,,1 Example Way,Nowhere,ZZ,00000,2361,SYNTHETIC INDUSTRY,25,44453,2,0,0,0,0,0,0,0,0,0,0,0,0,101789,1,2,2021,1/1/2022,
1791,SYNTHETIC COMPANY 01790,SYNTHETIC SITE 01790,,1 Example Way,Nowhere,ZZ,00000,3115,SYNTHETIC INDUSTRY,23,39404,2,0,0,0,0,0,0,0,0,0,0,0,0,101790,1,2,2021,1/1/2022,
1792,SYNTHETIC COMPANY 01791,SYNTHETIC SITE 01791,,1 Example Way,Nowhere,ZZ,00000,3251,SYNTHETIC INDUSTRY,39,60946,1,0,1,0,0,7,0,1,0,0,0,0,0,101791,1,2,2021,1/1/2022,
1793,SYNTHETIC COMPANY 01792,SYNTHETIC SITE 01792,,1 Example Way,Nowhere,ZZ,00000,3251,SYNTHETIC INDUSTRY,23,43777,1,0,1,0,0,7,0,1,0,0,0,0,0,101792,1,2,2021,1/1/2022,
1794,SYNTHETIC COMPANY 01793,SYNTHETIC SITE 01793,,1 Example Way,Nowhere,ZZ,00000,3252,SYNTHETIC INDUSTRY,55,92335,2,0,0,0,0,0,0,0,0,0,0,0,0,101793,1,2,2021,1/1/2022,
1795,SYNTHETIC COMPANY 01794,SYNTHETIC SITE 01794,,1 Example Way,Nowhere,ZZ,00000,3328,SYNTHETIC INDUSTRY,18,25477,1,0,1,0,0,7,0,1,0,0,0,0,0,101794,1,2,2021,1/1/2022,
1796,SYNTHETIC COMPANY 01795,SYNTHETIC SITE 01795,,1 Example Way,Nowhere,ZZ,00000,2361,SYNTHETIC INDUSTRY,179,300975,1,0,0,0,1,0,0,1,0,0,0,0,0,101795,1,2,2021,1/1/2022,
1797,SYNTHETIC COMPANY 01796,SYNTHETIC SITE 01796,,1 Example Way,Nowhere,ZZ,00000,4451,SYNTHETIC INDUSTRY,253,333717,1,0,0,0,1,0,0,1,0,0,0,0,0,101796,1,2,2021,1/1/2022,
1798,SYNTHETIC COMPANY 01797,SYNTHETIC SITE 01797,,1 Example Way,Nowhere,ZZ,00000,4841,SYNTHETIC INDUSTRY,45,96966,1,0,1,1,0,7,4,2,0,0,0,0,0,101797,1,2,2021,1/1/2022,
1799,SYNTHETIC COMPANY 01798,SYNTHETIC SITE 01798,,1 Example Way,Nowhere,ZZ,00000,4451,SYNTHETIC INDUSTRY,98,164452000,2,0,0,0,0,0,0,0,0,0,0,0,0,101798,1,2,2021,1/1/2022,
1800,SYNTHETIC COMPANY 01799,SYNTHETIC SITE 01799,,1 Example Way,Nowhere,ZZ,00000,3252,SYNTHETIC INDUSTRY,25,55532,1,0,1,1,0,7,4,2,0,0,0,0,0,101799,1,2,2021,1/1/2022,
1801,SYNTHETIC COMPANY 01800,SYNTHETIC SITE 01800,,1 Example Way,Nowhere,ZZ,00000,3328,SYNTHETIC INDUSTRY,324,4835160,1,0,3,2,2,21,8,7,0,0,0,0,0,101800,1,2,2021,1/1/2022,
1802,SYNTHETIC COMPANY 01801,SYNTHETIC SITE 01801,,1 Example Way,Nowhere,ZZ,00000,3252,SYNTHETIC INDUSTRY,397,749550,1,0,9,3,6,63,12,18,0,0,0,0,0,101801,1,2,2021,1/1/2022,
1803,SYNTHETIC COMPANY 01802,SYNTHETIC SITE 01802,,1 Example Way,Nowhere,ZZ,00000,4451,SYNTHETIC INDUSTRY,21,33741,1,0,1,0,0,7,0,1,0,0,0,0,0,101802,1,2,2021,1/1/2022,
1804,SYNTHETIC COMPANY 01803,SYNTHETIC SITE 01803,,1 Example Way,Nowhere,ZZ,00000,3251,SYNTHETIC INDUSTRY,26,38319,2,0,0,0,0,0,0,0,0,0,0,0,0,101803,1,2,2021,1/1/2022,
1805,SYNTHETIC COMPANY 01804,SYNTHETIC SITE 01804,,1 Example Way,Nowhere,ZZ,00000,3328,SYNTHETIC INDUSTRY,78,171152,2,0,0,0,0,0,0,0,0,0,0,0,0,101804,1,2,2021,1/1/2022,
1806,SYNTHETIC COMPANY 01805,SYNTHETIC SITE 01805,,1 Example Way,Nowhere,ZZ,00000,4841,SYNTHETIC INDUSTRY,169,394297,1,0,4,0,2,28,0,6,0,0,0,0,0,101805,1,2,2021,1/1/2022,
1807,SYNTHETIC COMPANY 01806,SYNTHETIC SITE 01806,,1 Example Way,Nowhere,ZZ,00000,4841,SYNTHETIC INDUSTRY,148,283224,1,0,4,4,8,28,16,16,0,0,0,0,0,101806,1,2,2021,1/1/2022,
1808,SYNTHETIC COMPANY 01807,SYNTHETIC SITE 01807,,1 Example Way,Nowhere,ZZ,00000,3328,SYNTHETIC INDUSTRY,27,52376,1,0,0,0,1,0,0,1,0,0,0,0,0,101807,1,2,2021,1/1/2022,
1809,SYNTHETIC COMPANY 01808,SYNTHETIC SITE 01808,,1 Example Way,Nowhere,ZZ,00000,4841,SYNTHETIC INDUSTRY,226,406432,1,0,2,3,3,14,12,8,0,0,0,0,0,101808,1,2,2021,1/1/2022,
1810,SYNTHETIC COMPANY 01809,SYNTHETIC SITE 01809,,1 Example Way,Nowhere,ZZ,00000,4841,SYNTHETIC INDUSTRY,59,92417,1,0,1,0,0,7,0,1,0,0,0,0,0,101809,1,2,2021,1/1/2022,
1811,SYNTHETIC COMPANY 01810,SYNTHETIC SITE 01810,,1 Example Way,Nowhere,ZZ,00000,4451,SYNTHETIC INDUSTRY,4,7777,2,0,0,0,0,0,0,0,0,0,0,0,0,101810,1,2,2021,1/1/2022,
1812,SYNTHETIC COMPANY 01811,SYNTHETIC SITE 01811,,1 Example Way,Nowhere,ZZ,00000,3251,SYNTHETIC INDUSTRY,61,97966,2,0,0,0,0,0,0,0,0,0,0,0,0,101811,1,2,2021,1/1/2022,
1813,SYNTHETIC COMPANY 01812,SYNTHETIC SITE 01812,,1 Example Way,Nowhere,ZZ,00000,6221,SYNTHETIC INDUSTRY,57,81355,2,0,0,0,0,0,0,0,0,0,0,0,0,101812,1,2,2021,1/1/2022,
1814,SYNTHETIC COMPANY 01813,SYNTHETIC SITE 01813,,1 Example Way,Nowhere,ZZ,00000,6221,SYNTHETIC INDUSTRY,117,212443,2,0,0,0,0,0,0,0,0,0,0,0,0,101813,1,2,2021,1/1/2022,
1815,SYNTHETIC COMPANY 01814,SYNTHETIC SITE 01814,,1 Example Way,Nowhere,ZZ,00000,6221,SYNTHETIC INDUSTRY,87,175287,2,0,0,0,0,0,0,0,0,0,0,0,0,101814,1,2,2021,1/1/2022,
1816,SYNTHETIC COMPANY 01815,SYNTHETIC SITE 01815,,1 Example Way,Nowhere,ZZ,00000,4841,SYNTHETIC INDUSTRY,7,11674,2,0,0,0,0,0,0,0,0,0,0,0,0,101815,1,2,2021,1/1/2022,
1817,SYNTHETIC COMPANY 01816,SYNTHETIC SITE 01816,,1 Example Way,Nowhere,ZZ,00000,3328,SYNTHETIC INDUSTRY,576,1179863,1,0,5,9,10,35,36,24,0,0,0,0,0,101816,1,2,2021,1/1/2022,
1818,SYNTHETIC COMPANY 01817,SYNTHETIC SITE 01817,,1 Example Way,Nowhere,ZZ,00000,3328,SYNTHETIC INDUSTRY,22,51439,2,0,0,0,0,0,0,0,0,0,0,0,0,101817,1,2,2021,1/1/2022,
1819,SYNTHETIC COMPANY 01818,SYNTHETIC SITE 01818,,1 Example Way,Nowhere,ZZ,00000,3251,SYNTHETIC INDUSTRY,167,372873,1,0,0,0,2,0,0,2,0,0,0,0,0,101818,1,2,2021,1/1/2022,
1820,SYNTHETIC COMPANY 01819,SYNTHETIC SITE 01819,,1 Example Way,Nowhere,ZZ,00000,6221,SYNTHETIC INDUSTRY,204,425633,2,0,0,0,0,0,0,0,0,0,0,0,0,101819,1,2,2021,1/1/2022,
1821,SYNTHETIC COMPANY 01820,SYNTHETIC SITE 01820,,1 Example Way,Nowhere,ZZ,00000,6221,SYNTHETIC INDUSTRY,60,120345,1,0,0,1,0,0,4,1,0,0,0,0,0,101820,1,2,2021,1/1/2022,
1822,SYNTHETIC COMPANY 01821,SYNTHETIC SITE 01821,,1 Example Way,Nowhere,ZZ,00000,3115,SYNTHETIC INDUSTRY,26,56356,2,0,0,0,0,0,0,0,0,0,0,0,0,101821,1,2,2021,1/1/2022,
1823,SYNTHETIC COMPANY 01822,SYNTHETIC SITE 01822,,1 Example Way,Nowhere,ZZ,00000,4841,SYNTHETIC INDUSTRY,204,326426,1,0,4,4,15,28,16,23,0,0,0,0,0,101822,1,2,2021,1/1/2022,
1824,SYNTHETIC COMPANY 01823,SYNTHETIC SITE 01823,,1 Example Way,Nowhere,ZZ,00000,3328,SYNTHETIC INDUSTRY,38,57312,1,0,0,1,2,0,4,3,0,0,0,0,0,101823,1,2,2021,1/1/2022,
1825,SYNTHETIC COMPANY 01824,SYNTHETIC SITE 01824,,1 Example Way,Nowhere,ZZ,00000,6221,SYNTHETIC INDUSTRY,182,386405,1,0,0,0,1,0,0,1,0,0,0,0,0,101824,1,2,2021,1/1/2022,
1826,SYNTHETIC COMPANY 01825,SYNTHETIC SITE 01825,,1 Example Way,Nowhere,ZZ,00000,6221,SYNTHETIC INDUSTRY,38,60791,2,0,0,0,0,0,0,0,0,0,0,0,0,101825,1,2,2021,1/1/2022,
1827,SYNTHETIC COMPANY 01826,SYNTHETIC SITE 01826,,1 Example Way,Nowhere,ZZ,00000,2361,SYNTHETIC INDUSTRY,10,19991,2,0,0,0,0,0,0,0,0,0,0,0,0,101826,1,2,2021,1/1/2022,
1828,SYNTHETIC COMPANY 01827,SYNTHETIC SITE 01827,,1 Example Way,Nowhere,ZZ,00000,6221,SYNTHETIC INDUSTRY,49,67272,1,0,1,0,0,7,0,1,0,0,0,0,0,101827,1,2,2021,1/1/2022,
1829,SYNTHETIC COMPANY 01828,SYNTHETIC SITE 01828,,1 Example Way,Nowhere,ZZ,00000,3252,SYNTHETIC INDUSTRY,26,47292,2,0,0,0,0,0,0,0,0,0,0,0,0,101828,1,2,2021,1/1/2022,
1830,SYNTHETIC COMPANY 01829,SYNTHETIC SITE 01829,,1 Example Way,Nowhere,ZZ,00000,3252,SYNTHETIC INDUSTRY,29,57900,2,0,0,0,0,0,0,0,0,0,0,0,0,101829,1,2,2021,1/1/2022,
1831,SYNTHETIC COMPANY 01830,SYNTHETIC SITE 01830,,1 Example Way,Nowhere,ZZ,00000,3252,SYNTHETIC INDUSTRY,5,8302,2,0,0,0,0,0,0,0,0,0,0,0,0,101830,1,2,2021,1/1/2022,
1832,SYNTHETIC COMPANY 01831,SYNTHETIC SITE 01831,,1 Example Way,Nowhere,ZZ,00000,3328,SYNTHETIC INDUSTRY,337,638775,1,0,22,10,20,154,40,52,0,0,0,0,0,101831,1,2,2021,1/1/2022,
1833,SYNTHETIC COMPANY 01832,SYNTHETIC SITE 01832,,1 Example Way,Nowhere,ZZ,00000,4451,SYNTHETIC INDUSTRY,5,8774,2,0,0,0,0,0,0,0,0,0,0,0,0,101832,1,2,2021,1/1/2022,
1834,SYNTHETIC COMPANY 01833,SYNTHETIC SITE 01833,,1 Example Way,Nowhere,ZZ,00000,3251,SYNTHETIC INDUSTRY,57,111511,2,0,0,0,0,0,0,0,0,0,0,0,0,101833,1,2,2021,1/1/2022,
1835,SYNTHETIC COMPANY 01834,SYNTHETIC SITE 01834,,1 Example Way,Nowhere,ZZ,00000,3251,SYNTHETIC INDUSTRY,19,39215,2,0,0,0,0,0,0,0,0,0,0,0,0,101834,1,2,2021,1/1/2022,
1836,SYNTHETIC COMPANY 01835,SYNTHETIC SITE 01835,,1 Example Way,Nowhere,ZZ,00000,6221,SYNTHETIC INDUSTRY,127,201468,1,0,0,1,0,0,4,1,0,0,0,0,0,101835,1,2,2021,1/1/2022,
1837,SYNTHETIC COMPANY 01836,SYNTHETIC SITE 01836,,1 Example Way,Nowhere,ZZ,00000,4841,SYNTHETIC INDUSTRY,77,145829,2,0,0,0,0,0,0,0,0,0,0,0,0,101836,1,2,2021,1/1/2022,
1838,SYNTHETIC COMPANY 01837,SYNTHETIC SITE 01837,,1 Example Way,Nowhere,ZZ,00000,6221,SYNTHETIC INDUSTRY,60,114084,1,0,1,0,1,7,0,2,0,0,0,0,0,101837,1,2,2021,1/1/2022,
1839,SYNTHETIC COMPANY 01838,SYNTHETIC SITE 01838,,1 Example Way,Nowhere,ZZ,00000,3115,SYNTHETIC INDUSTRY,38,66474,2,0,0,0,0,0,0,0,0,0,0,0,0,101838,1,2,2021,1/1/2022,
1840,SYNTHETIC COMPANY 01839,SYNTHETIC SITE 01839,,1 Example Way,Nowhere,ZZ,00000,3252,SYNTHETIC INDUSTRY,10,17222,2,0,0,0,0,0,0,0,0,0,0,0,0,101839,1,2,2021,1/1/2022,
1841,SYNTHETIC COMPANY 01840,SYNTHETIC SITE 01840,,1 Example Way,Nowhere,ZZ,00000,6221,SYNTHETIC INDUSTRY,104,200985,2,0,0,0,0,0,0,0,0,0,0,0,0,101840,1,2,2021,1/1/2022,
1842,SYNTHETIC COMPANY 01841,SYNTHETIC SITE 01841,,1 Example Way,Nowhere,ZZ,00000,3251,SYNTHETIC INDUSTRY,39,62991,2,0,0,0,0,0,0,0,0,0,0,0,0,101841,1,2,2021,1/1/2022,
1843,SYNTHETIC COMPANY 01842,SYNTHETIC SITE 01842,,1 Example Way,Nowhere,ZZ,00000,4841,SYNTHETIC INDUSTRY,159,327383,2,0,0,0,0,0,0,0,0,0,0,0,0,101842,1,2,2021,1/1/2022,
1844,SYNTHETIC COMPANY 01843,SYNTHETIC SITE 01843,,1 Example Way,Nowhere,ZZ,00000,3251,SYNTHETIC INDUSTRY,63,100120,2,0,0,0,0,0,0,0,0,0,0,0,0,101843,1,2,2021,1/1/2022,
1845,SYNTHETIC COMPANY 01844,SYNTHETIC SITE 01844,,1 Example Way,Nowhere,ZZ,00000,4841,SYNTHETIC INDUSTRY,32,49034,1,0,0,0,2,0,0,2,0,0,0,0,0,101844,1,2,2021,1/1/2022,
1846,SYNTHETIC COMPANY 01845,SYNTHETIC SITE 01845,,1 Example Way,Nowhere,ZZ,00000,3251,SYNTHETIC INDUSTRY,131,198034,1,0,7,3,8,49,12,18,0,0,0,0,0,101845,1,2,2021,1/1/2022,
1847,SYNTHETIC COMPANY 01846,SYNTHETIC SITE 01846,,1 Example Way,Nowhere,ZZ,00000,3115,SYNTHETIC INDUSTRY,34,67219,1,0,1,0,0,7,0,1,0,0,0,0,0,101846,1,2,2021,1/1/2022,
1848,SYNTHETIC COMPANY 01847,SYNTHETIC SITE 01847,,1 Example Way,Nowhere,ZZ,00000,2361,SYNTHETIC INDUSTRY,42,81041,2,0,0,0,0,0,0,0,0,0,0,0,0,101847,1,2,2021,1/1/2022,
1849,SYNTHETIC COMPANY 01848,SYNTHETIC SITE 01848,,1 Example Way,Nowhere,ZZ,00000,3115,SYNTHETIC INDUSTRY,113,240434,1,0,2,2,3,14,8,7,0,0,0,0,0,101848,1,2,2021,1/1/2022,
1850,SYNTHETIC COMPANY 01849,SYNTHETIC SITE 01849,,1 Example Way,Nowhere,ZZ,00000,4841,SYNTHETIC INDUSTRY,88,182808,2,0,0,0,0,0,0,0,0,0,0,0,0,101849,1,2,2021,1/1/2022,
1851,SYNTHETIC COMPANY 01850,SYNTHETIC SITE 01850,,1 Example Way,Nowhere,ZZ,00000,6221,SYNTHETIC INDUSTRY,172,303754,2,0,0,0,0,0,0,0,0,0,0,0,0,101850,1,2,2021,1/1/2022,
1852,SYNTHETIC COMPANY 01851,SYNTHETIC SITE 01851,,1 Example Way,Nowhere,ZZ,00000,4451,SYNTHETIC INDUSTRY,41,86407,2,0,0,0,0,0,0,0,0,0,0,0,0,101851,1,2,2021,1/1/2022,
1853,SYNTHETIC COMPANY 01852,SYNTHETIC SITE 01852,,1 Example Way,Nowhere,ZZ,00000,4841,SYNTHETIC INDUSTRY,232,492357,1,0,2,1,3,14,4,6,0,0,0,0,0,101852,1,2,2021,1/1/2022,
1854,SYNTHETIC COMPANY 01853,SYNTHETIC SITE 01853,,1 Example Way,Nowhere,ZZ,00000,3251,SYNTHETIC INDUSTRY,31,60085,2,0,0,0,0,0,0,0,0,0,0,0,0,101853,1,2,2021,1/1/2022,
1855,SYNTHETIC COMPANY 01854,SYNTHETIC SITE 01854,,1 Example Way,Nowhere,ZZ,00000,3251,SYNTHETIC INDUSTRY,42,72727,2,0,0,0,0,0,0,0,0,0,0,0,0,101854,1,2,2021,1/1/2022,
1856,SYNTHETIC COMPANY 01855,SYNTHETIC SITE 01855,,1 Example Way,Nowhere,ZZ,00000,4451,SYNTHETIC INDUSTRY,29,50405,1,0,1,0,0,7,0,1,0,0,0,0,0,101855,1,2,2021,1/1/2022,
1857,SYNTHETIC COMPANY 01856,SYNTHETIC SITE 01856,,1 Example Way,Nowhere,ZZ,00000,4841,SYNTHETIC INDUSTRY,20,37880,1,0,1,1,0,7,4,2,0,0,0,0,0,101856,1,2,2021,1/1/2022,
1858,SYNTHETIC COMPANY 01857,SYNTHETIC SITE 01857,,1 Example Way,Nowhere,ZZ,00000,4451,SYNTHETIC INDUSTRY,50,100737,1,0,1,0,0,7,0,1,0,0,0,0,0,101857,1,2,2021,1/1/2022,
1859,SYNTHETIC COMPANY 01858,SYNTHETIC SITE 01858,,1 Example Way,Nowhere,ZZ,00000,4841,SYNTHETIC INDUSTRY,41,63081,1,0,1,0,0,7,0,1,0,0,0,0,0,101858,1,2,2021,1/1/2022,
1860,SYNTHETIC COMPANY 01859,SYNTHETIC SITE 01859,,1 Example Way,Nowhere,ZZ,00000,3115,SYNTHETIC INDUSTRY,30,58442,1,0,0,1,2,0,4,3,0,0,0,0,0,101859,1,2,2021,1/1/2022,
1861,SYNTHETIC COMPANY 01860,SYNTHETIC SITE 01860,,1 Example Way,Nowhere,ZZ,00000,3252,SYNTHETIC INDUSTRY,10,15544,2,0,0,0,0,0,0,0,0,0,0,0,0,101860,1,2,2021,1/1/2022,
1862,SYNTHETIC COMPANY 01861,SYNTHETIC SITE 01861,,1 Example Way,Nowhere,ZZ,00000,3251,SYNTHETIC INDUSTRY,35,62490,1,0,1,1,0,7,4,2,0,0,0,0,0,101861,1,2,2021,1/1/2022,
1863,SYNTHETIC COMPANY 01862,SYNTHETIC SITE 01862,,1 Example Way,Nowhere,ZZ,00000,3328,SYNTHETIC INDUSTRY,65,138748,2,0,0,0,0,0,0,0,0,0,0,0,0,101862,1,2,2021,1/1/2022,
1864,SYNTHETIC COMPANY 01863,SYNTHETIC SITE 01863,,1 Example Way,Nowhere,ZZ,00000,6221,SYNTHETIC INDUSTRY,314,699037,2,0,0,0,0,0,0,0,0,0,0,0,0,101863,1,2,2021,1/1/2022,
1865,SYNTHETIC COMPANY 01864,SYNTHETIC SITE 01864,,1 Example Way,Nowhere,ZZ,00000,3115,SYNTHETIC INDUSTRY,36,63905,1,0,2,0,1,14,0,3,0,0,0,0,0,101864,1,2,2021,1/1/2022,
1866,SYNTHETIC COMPANY 01865,SYNTHETIC SITE 01865,,1 Example Way,Nowhere,ZZ,00000,3328,SYNTHETIC INDUSTRY,11,17324,1,0,3,1,3,21,4,7,0,0,0,0,0,101865,1,2,2021,1/1/2022,
1867,SYNTHETIC COMPANY 01866,SYNTHETIC SITE 01866,,1 Example Way,Nowhere,ZZ,00000,2361,SYNTHETIC INDUSTRY,73,102847,1,0,0,0,1,0,0,1,0,0,0,0,0,101866,1,2,2021,1/1/2022,
1868,SYNTHETIC COMPANY 01867,SYNTHETIC SITE 01867,,1 Example Way,Nowhere,ZZ,00000,3115,SYNTHETIC INDUSTRY,549,1106692,2,0,0,0,0,0,0,0,0,0,0,0,0,101867,1,2,2021,1/1/2022,
1869,SYNTHETIC COMPANY 01868,SYNTHETIC SITE 01868,,1 Example Way,Nowhere,ZZ,00000,3115,SYNTHETIC INDUSTRY,56,93167,1,0,1,2,0,7,8,3,0,0,0,0,0,101868,1,2,2021,1/1/2022,
1870,SYNTHETIC COMPANY 01869,SYNTHETIC SITE 01869,,1 Example Way,Nowhere,ZZ,00000,2361,SYNTHETIC INDUSTRY,36,66915,1,0,2,0,0,14,0,2,0,0,0,0,0,101869,1,2,2021,1/1/2022,
1871,SYNTHETIC COMPANY 01870,SYNTHETIC SITE 01870,,1 Example Way,Nowhere,ZZ,00000,3251,SYNTHETIC INDUSTRY,122,289762,1,0,5,2,3,35,8,10,0,0,0,0,0,101870,1,2,2021,1/1/2022,
1872,SYNTHETIC COMPANY 01871,SYNTHETIC SITE 01871,,1 Example Way,Nowhere,ZZ,00000,3115,SYNTHETIC INDUSTRY,79,163795,2,0,0,0,0,0,0,0,0,0,0,0,0,101871,1,2,2021,1/1/2022,
1873,SYNTHETIC COMPANY 01872,SYNTHETIC SITE 01872,,1 Example Way,Nowhere,ZZ,00000,4451,SYNTHETIC INDUSTRY,43,71110,2,0,0,0,0,0,0,0,0,0,0,0,0,101872,1,2,2021,1/1/2022,
1874,SYNTHETIC COMPANY 01873,SYNTHETIC SITE 01873,,1 Example Way,Nowhere,ZZ,00000,3328,SYNTHETIC INDUSTRY,68,137212,1,0,1,0,0,7,0,1,0,0,0,0,0,101873,1,2,2021,1/1/2022,
1875,SYNTHETIC COMPANY 01874,SYNTHETIC SITE 01874,,1 Example Way,Nowhere,ZZ,00000,4451,SYNTHETIC INDUSTRY,44,93897,2,0,0,0,0,0,0,0,0,0,0,0,0,101874,1,2,2021,1/1/2022,
1876,SYNTHETIC COMPANY 01875,SYNTHETIC SITE 01875,,1 Example Way,Nowhere,ZZ,00000,3251,SYNTHETIC INDUSTRY,29,49085,1,0,0,0,1,0,0,1,0,0,0,0,0,101875,1,2,2021,1/1/2022,
1877,SYNTHETIC COMPANY 01876,SYNTHETIC SITE 01876,,1 Example Way,Nowhere,ZZ,00000,3251,SYNTHETIC INDUSTRY,78,93086,1,0,1,1,0,7,4,2,0,0,0,0,0,101876,1,2,2021,1/1/2022,
1878,SYNTHETIC COMPANY 01877,SYNTHETIC SITE 01877,,1 Example Way,Nowhere,ZZ,00000,3251,SYNTHETIC INDUSTRY,484,765613,2,0,0,0,0,0,0,0,0,0,0,0,0,101877,1,2,2021,1/1/2022,
1879,SYNTHETIC COMPANY 01878,SYNTHETIC SITE 01878,,1 Example Way,Nowhere,ZZ,00000,3251,SYNTHETIC INDUSTRY,21,41132,2,0,0,0,0,0,0,0,0,0,0,0,0,101878,1,2,2021,1/1/2022,
1880,SYNTHETIC COMPANY 01879,SYNTHETIC SITE 01879,,1 Example Way,Nowhere,ZZ,00000,3328,SYNTHETIC INDUSTRY,10,15916,2,0,0,0,0,0,0,0,0,0,0,0,0,101879,1,2,2021,1/1/2022,
1881,SYNTHETIC COMPANY 01880,SYNTHETIC SITE 01880,,1 Example Way,Nowhere,ZZ,00000,3115,SYNTHETIC INDUSTRY,84,174736,1,0,2,2,0,14,8,4,0,0,0,0,0,101880,1,2,2021,1/1/2022,
1882,SYNTHETIC COMPANY 01881,SYNTHETIC SITE 01881,,1 Example Way,Nowhere,ZZ,00000,4841,SYNTHETIC INDUSTRY,537,1140734,1,0,5,3,11,35,12,19,0,0,0,0,0,101881,1,2,2021,1/1/2022,
1883,SYNTHETIC COMPANY 01882,SYNTHETIC SITE 01882,,1 Example Way,Nowhere,ZZ,00000,3251,SYNTHETIC INDUSTRY,164,306300,1,0,2,2,3,14,8,7,0,0,0,0,0,101882,1,2,2021,1/1/2022,
1884,SYNTHETIC COMPANY 01883,SYNTHETIC SITE 01883,,1 Example Way,Nowhere,ZZ,00000,2361,SYNTHETIC INDUSTRY,246,401668,2,0,0,0,0,0,0,0,0,0,0,0,0,101883,1,2,2021,1/1/2022,
1885,SYNTHETIC COMPANY 01884,SYNTHETIC SITE 01884,,1 Example Way,Nowhere,ZZ,00000,3252,SYNTHETIC INDUSTRY,12,22903,2,0,0,0,0,0,0,0,0,0,0,0,0,101884,1,2,2021,1/1/2022,
1886,SYNTHETIC COMPANY 01885,SYNTHETIC SITE 01885,,1 Example Way,Nowhere,ZZ,00000,4841,SYNTHETIC INDUSTRY,280,456058000,1,0,1,1,0,7,4,2,0,0,0,0,0,101885,1,2,2021,1/1/2022,
1887,SYNTHETIC COMPANY 01886,SYNTHETIC SITE 01886,,1 Example Way,Nowhere,ZZ,00000,3251,SYNTHETIC INDUSTRY,5,7326,2,0,0,0,0,0,0,0,0,0,0,0,0,101886,1,2,2021,1/1/2022,
1888,SYNTHETIC COMPANY 01887,SYNTHETIC SITE 01887,,1 Example Way,Nowhere,ZZ,00000,6221,SYNTHETIC INDUSTRY,75,118813,2,0,0,0,0,0,0,0,0,0,0,0,0,101887,1,2,2021,1/1/2022,
1889,SYNTHETIC COMPANY 01888,SYNTHETIC SITE 01888,,1 Example Way,Nowhere,ZZ,00000,3252,SYNTHETIC INDUSTRY,12,14905,2,0,0,0,0,0,0,0,0,0,0,0,0,101888,1,2,2021,1/1/2022,
1890,SYNTHETIC COMPANY 01889,SYNTHETIC SITE 01889,,1 Example Way,Nowhere,ZZ,00000,3115,SYNTHETIC INDUSTRY,38,7987200,2,0,0,0,0,0,0,0,0,0,0,0,0,101889,1,2,2021,1/1/2022,
1891,SYNTHETIC COMPANY 01890,SYNTHETIC SITE 01890,,1 Example Way,Nowhere,ZZ,00000,4841,SYNTHETIC INDUSTRY,203,353518,2,0,0,0,0,0,0,0,0,0,0,0,0,101890,1,2,2021,1/1/2022,
1892,SYNTHETIC COMPANY 01891,SYNTHETIC SITE 01891,,1 Example Way,Nowhere,ZZ,00000,2361,SYNTHETIC INDUSTRY,244,419593,2,0,0,0,0,0,0,0,0,0,0,0,0,101891,1,2,2021,1/1/2022,
1893,SYNTHETIC COMPANY 01892,SYNTHETIC SITE 01892,,1 Example Way,Nowhere,ZZ,00000,4841,SYNTHETIC INDUSTRY,33,53601,1,0,0,0,1,0,0,1,0,0,0,0,0,101892,1,2,2021,1/1/2022,
1894,SYNTHETIC COMPANY 01893,SYNTHETIC SITE 01893,,1 Example Way,Nowhere,ZZ,00000,3251,SYNTHETIC INDUSTRY,83,150296,1,0,1,1,0,7,4,2,0,0,0,0,0,101893,1,2,2021,1/1/2022,
1895,SYNTHETIC COMPANY 01894,SYNTHETIC SITE 01894,,1 Example Way,Nowhere,ZZ,00000,6221,SYNTHETIC INDUSTRY,68,152370,1,0,1,1,1,7,4,3,0,0,0,0,0,101894,1,2,2021,1/1/2022,
1896,SYNTHETIC COMPANY 01895,SYNTHETIC SITE 01895,,1 Example Way,Nowhere,ZZ,00000,4841,SYNTHETIC INDUSTRY,42,71813,1,0,1,2,0,7,8,3,0,0,0,0,0,101895,1,2,2021,1/1/2022,
1897,SYNTHETIC COMPANY 01896,SYNTHETIC SITE 01896,,1 Example Way,Nowhere,ZZ,00000,4451,SYNTHETIC INDUSTRY,22,46677,1,0,2,1,2,14,4,5,0,0,0,0,0,101896,1,2,2021,1/1/2022,
1898,SYNTHETIC COMPANY 01897,SYNTHETIC SITE 01897,,1 Example Way,Nowhere,ZZ,00000,3252,SYNTHETIC INDUSTRY,287,571076,1,0,7,3,4,49,12,14,0,0,0,0,0,101897,1,2,2021,1/1/2022,
1899,SYNTHETIC COMPANY 01898,SYNTHETIC SITE 01898,,1 Example Way,Nowhere,ZZ,00000,3252,SYNTHETIC INDUSTRY,37,61952,2,0,0,0,0,0,0,0,0,0,0,0,0,101898,1,2,2021,1/1/2022,
1900,SYNTHETIC COMPANY 01899,SYNTHETIC SITE 01899,,1 Example Way,Nowhere,ZZ,00000,6221,SYNTHETIC INDUSTRY,143,228138,2,0,0,0,0,0,0,0,0,0,0,0,0,101899,1,2,2021,1/1/2022,
1901,SYNTHETIC COMPANY 01900,SYNTHETIC SITE 01900,,1 Example Way,Nowhere,ZZ,00000,2361,SYNTHETIC INDUSTRY,16,31710,1,0,1,0,0,7,0,1,0,0,0,0,0,101900,1,2,2021,1/1/2022,
1902,SYNTHETIC COMPANY 01901,SYNTHETIC SITE 01901,,1 Example Way,Nowhere,ZZ,00000,3251,SYNTHETIC INDUSTRY,42,89124,2,0,0,0,0,0,0,0,0,0,0,0,0,101901,1,2,2021,1/1/2022,
1903,SYNTHETIC COMPANY 01902,SYNTHETIC SITE 01902,,1 Example Way,Nowhere,ZZ,00000,4841,SYNTHETIC INDUSTRY,138,328531,1,0,3,1,4,21,4,8,0,0,0,0,0,101902,1,2,2021,1/1/2022,
1904,SYNTHETIC COMPANY 01903,SYNTHETIC SITE 01903,,1 Example Way,Nowhere,ZZ,00000,3252,SYNTHETIC INDUSTRY,13,22676,2,0,0,0,0,0,0,0,0,0,0,0,0,101903,1,2,2021,1/1/2022,
1905,SYNTHETIC COMPANY 01904,SYNTHETIC SITE 01904,,1 Example Way,Nowhere,ZZ,00000,6221,SYNTHETIC INDUSTRY,177,317675,1,0,3,3,4,21,12,10,0,0,0,0,0,101904,1,2,2021,1/1/2022,
1906,SYNTHETIC COMPANY 01905,SYNTHETIC SITE 01905,,1 Example Way,Nowhere,ZZ,00000,4451,SYNTHETIC INDUSTRY,106,215399,2,0,0,0,0,0,0,0,0,0,0,0,0,101905,1,2,2021,1/1/2022,
1907,SYNTHETIC COMPANY 01906,SYNTHETIC SITE 01906,,1 Example Way,Nowhere,ZZ,00000,6221,SYNTHETIC INDUSTRY,21,32763,1,0,0,0,1,0,0,1,0,0,0,0,0,101906,1,2,2021,1/1/2022,
1908,SYNTHETIC COMPANY 01907,SYNTHETIC SITE 01907,,1 Example Way,Nowhere,ZZ,00000,3251,SYNTHETIC INDUSTRY,81,145227,1,0,0,0,4,0,0,4,0,0,0,0,0,101907,1,2,2021,1/1/2022,
1909,SYNTHETIC COMPANY 01908,SYNTHETIC SITE 01908,,1 Example Way,Nowhere,ZZ,00000,3328,SYNTHETIC INDUSTRY,11,22190,1,0,0,1,0,0,4,1,0,0,0,0,0,101908,1,2,2021,1/1/2022,
1910,SYNTHETIC COMPANY 01909,SYNTHETIC SITE 01909,,1 Example Way,Nowhere,ZZ,00000,3252,SYNTHETIC INDUSTRY,102,211823,2,0,0,0,0,0,0,0,0,0,0,0,0,101909,1,2,2021,1/1/2022,
1911,SYNTHETIC COMPANY 01910,SYNTHETIC SITE 01910,,1 Example Way,Nowhere,ZZ,00000,3252,SYNTHETIC INDUSTRY,37,61246,1,0,1,1,1,7,4,3,0,0,0,0,0,101910,1,2,2021,1/1/2022,
1912,SYNTHETIC COMPANY 01911,SYNTHETIC SITE 01911,,1 Example Way,Nowhere,ZZ,00000,4451,SYNTHETIC INDUSTRY,71,109160,1,0,1,0,0,7,0,1,0,0,0,0,0,101911,1,2,2021,1/1/2022,
1913,SYNTHETIC COMPANY 01912,SYNTHETIC SITE 01912,,1 Example Way,Nowhere,ZZ,00000,3251,SYNTHETIC INDUSTRY,159,361744,2,0,0,0,0,0,0,0,0,0,0,0,0,101912,1,2,2021,1/1/2022,
1914,SYNTHETIC COMPANY 01913,SYNTHETIC SITE 01913,,1 Example Way,Nowhere,ZZ,00000,2361,SYNTHETIC INDUSTRY,80,144641,2,0,0,0,0,0,0,0,0,0,0,0,0,101913,1,2,2021,1/1/2022,
1915,SYNTHETIC COMPANY 01914,SYNTHETIC SITE 01914,,1 Example Way,Nowhere,ZZ,00000,6221,SYNTHETIC INDUSTRY,20,38171,1,0,1,0,1,7,0,2,0,0,0,0,0,101914,1,2,2021,1/1/2022,
1916,SYNTHETIC COMPANY 01915,SYNTHETIC SITE 01915,,1 Example Way,Nowhere,ZZ,00000,3251,SYNTHETIC INDUSTRY,21,37444,2,0,0,0,0,0,0,0,0,0,0,0,0,101915,1,2,2021,1/1/2022,
1917,SYNTHETIC COMPANY 01916,SYNTHETIC SITE 01916,,1 Example Way,Nowhere,ZZ,00000,3252,SYNTHETIC INDUSTRY,47,71315,2,0,0,0,0,0,0,0,0,0,0,0,0,101916,1,2,2021,1/1/2022,
1918,SYNTHETIC COMPANY 01917,SYNTHETIC SITE 01917,,1 Example Way,Nowhere,ZZ,00000,6221,SYNTHETIC INDUSTRY,60,109758,1,0,1,3,3,7,12,7,0,0,0,0,0,101917,1,2,2021,1/1/2022,
1919,SYNTHETIC COMPANY 01918,SYNTHETIC SITE 01918,,1 Example Way,Nowhere,ZZ,00000,3115,SYNTHETIC INDUSTRY,277,589243,1,0,1,1,1,7,4,3,0,0,0,0,0,101918,1,2,2021,1/1/2022,
1920,SYNTHETIC COMPANY 01919,SYNTHETIC SITE 01919,,1 Example Way,Nowhere,ZZ,00000,3328,SYNTHETIC INDUSTRY,66,106662,1,0,1,0,2,7,0,3,0,0,0,0,0,101919,1,2,2021,1/1/2022,
1921,SYNTHETIC COMPANY 01920,SYNTHETIC SITE 01920,,1 Example Way,Nowhere,ZZ,00000,6221,SYNTHETIC INDUSTRY,43,73309,2,0,0,0,0,0,0,0,0,0,0,0,0,101920,1,2,2021,1/1/2022,
1922,SYNTHETIC COMPANY 01921,SYNTHETIC SITE 01921,,1 Example Way,Nowhere,ZZ,00000,3115,SYNTHETIC INDUSTRY,34,50695,2,0,0,0,0,0,0,0,0,0,0,0,0,101921,1,2,2021,1/1/2022,
1923,SYNTHETIC COMPANY 01922,SYNTHETIC SITE 01922,,1 Example Way,Nowhere,ZZ,00000,3115,SYNTHETIC INDUSTRY,107,216087,1,0,5,2,3,35,8,10,0,0,0,0,0,101922,1,2,2021,1/1/2022,
1924,SYNTHETIC COMPANY 01923,SYNTHETIC SITE 01923,,1 Example Way,Nowhere,ZZ,00000,3328,SYNTHETIC INDUSTRY,35,63069,2,0,0,0,0,0,0,0,0,0,0,0,0,101923,1,2,2021,1/1/2022,
1925,SYNTHETIC COMPANY 01924,SYNTHETIC SITE 01924,,1 Example Way,Nowhere,ZZ,00000,3115,SYNTHETIC INDUSTRY,90,143139,2,0,0,0,0,0,0,0,0,0,0,0,0,101924,1,2,2021,1/1/2022,
1926,SYNTHETIC COMPANY 01925,SYNTHETIC SITE 01925,,1 Example Way,Nowhere,ZZ,00000,3252,SYNTHETIC INDUSTRY,17,30297,2,0,0,0,0,0,0,0,0,0,0,0,0,101925,1,2,2021,1/1/2022,
1927,SYNTHETIC COMPANY 01926,SYNTHETIC SITE 01926,,1 Example Way,Nowhere,ZZ,00000,3328,SYNTHETIC INDUSTRY,61,130230,2,0,0,0,0,0,0,0,0,0,0,0,0,101926,1,2,2021,1/1/2022,
1928,SYNTHETIC COMPANY 01927,SYNTHETIC SITE 01927,,1 Example Way,Nowhere,ZZ,00000,4451,SYNTHETIC INDUSTRY,15,30570,2,0,0,0,0,0,0,0,0,0,0,0,0,101927,1,2,2021,1/1/2022,
1929,SYNTHETIC COMPANY 01928,SYNTHETIC SITE 01928,,1 Example Way,Nowhere,ZZ,00000,4451,SYNTHETIC INDUSTRY,79,173326,1,0,1,3,0,7,12,4,0,0,0,0,0,101928,1,2,2021,1/1/2022,
1930,SYNTHETIC COMPANY 01929,SYNTHETIC SITE 01929,,1 Example Way,Nowhere,ZZ,00000,4841,SYNTHETIC INDUSTRY,126,155608,1,0,2,2,2,14,8,6,0,0,0,0,0,101929,1,2,2021,1/1/2022,
1931,SYNTHETIC COMPANY 01930,SYNTHETIC SITE 01930,,1 Example Way,Nowhere,ZZ,00000,2361,SYNTHETIC INDUSTRY,106,202561,1,0,4,1,0,28,4,5,0,0,0,0,0,101930,1,2,2021,1/1/2022,
1932,SYNTHETIC COMPANY 01931,SYNTHETIC SITE 01931,,1 Example Way,Nowhere,ZZ,00000,3328,SYNTHETIC INDUSTRY,98,158783,1,0,0,0,1,0,0,1,0,0,0,0,0,101931,1,2,2021,1/1/2022,
1933,SYNTHETIC COMPANY 01932,SYNTHETIC SITE 01932,,1 Example Way,Nowhere,ZZ,00000,3251,SYNTHETIC INDUSTRY,77,114993,1,0,0,0,2,0,0,2,0,0,0,0,0,101932,1,2,2021,1/1/2022,
1934,SYNTHETIC COMPANY 01933,SYNTHETIC SITE 01933,,1 Example Way,Nowhere,ZZ,00000,3328,SYNTHETIC INDUSTRY,45,80914,2,0,0,0,0,0,0,0,0,0,0,0,0,101933,1,2,2021,1/1/2022,
1935,SYNTHETIC COMPANY 01934,SYNTHETIC SITE 01934,,1 Example Way,Nowhere,ZZ,00000,4451,SYNTHETIC INDUSTRY,9,16754,2,0,0,0,0,0,0,0,0,0,0,0,0,101934,1,2,2021,1/1/2022,
1936,SYNTHETIC COMPANY 01935,SYNTHETIC SITE 01935,,1 Example Way,Nowhere,ZZ,00000,6221,SYNTHETIC INDUSTRY,78,123783,1,0,1,1,3,7,4,5,0,0,0,0,0,101935,1,2,2021,1/1/2022,
1937,SYNTHETIC COMPANY 01936,SYNTHETIC SITE 01936,,1 Example Way,Nowhere,ZZ,00000,3251,SYNTHETIC INDUSTRY,64,120636,2,0,0,0,0,0,0,0,0,0,0,0,0,101936,1,2,2021,1/1/2022,
1938,SYNTHETIC COMPANY 01937,SYNTHETIC SITE 01937,,1 Example Way,Nowhere,ZZ,00000,4451,SYNTHETIC INDUSTRY,42,94596,2,0,0,0,0,0,0,0,0,0,0,0,0,101937,1,2,2021,1/1/2022,
1939,SYNTHETIC COMPANY 01938,SYNTHETIC SITE 01938,,1 Example Way,Nowhere,ZZ,00000,3115,SYNTHETIC INDUSTRY,78,155422,1,0,1,1,2,7,4,4,0,0,0,0,0,101938,1,2,2021,1/1/2022,
1940,SYNTHETIC COMPANY 01939,SYNTHETIC SITE 01939,,1 Example Way,Nowhere,ZZ,00000,3251,SYNTHETIC INDUSTRY,176,312578,2,0,0,0,0,0,0,0,0,0,0,0,0,101939,1,2,2021,1/1/2022,
1941,SYNTHETIC COMPANY 01940,SYNTHETIC SITE 01940,,1 Example Way,Nowhere,ZZ,00000,3328,SYNTHETIC INDUSTRY,28,66742,2,0,0,0,0,0,0,0,0,0,0,0,0,101940,1,2,2021,1/1/2022,
1942,SYNTHETIC COMPANY 01941,SYNTHETIC SITE 01941,,1 Example Way,Nowhere,ZZ,00000,4451,SYNTHETIC INDUSTRY,30,65186,2,0,0,0,0,0,0,0,0,0,0,0,0,101941,1,2,2021,1/1/2022,
1943,SYNTHETIC COMPANY 01942,SYNTHETIC SITE 01942,,1 Example Way,Nowhere,ZZ,00000,3328,SYNTHETIC INDUSTRY,88,158971,2,0,0,0,0,0,0,0,0,0,0,0,0,101942,1,2,2021,1/1/2022,
1944,SYNTHETIC COMPANY 01943,SYNTHETIC SITE 01943,,1 Example Way,Nowhere,ZZ,00000,3251,SYNTHETIC INDUSTRY,36,72812,1,0,0,0,2,0,0,2,0,0,0,0,0,101943,1,2,2021,1/1/2022,
1945,SYNTHETIC COMPANY 01944,SYNTHETIC SITE 01944,,1 Example Way,Nowhere,ZZ,00000,6221,SYNTHETIC INDUSTRY,34,37796,2,0,0,0,0,0,0,0,0,0,0,0,0,101944,1,2,2021,1/1/2022,
1946,SYNTHETIC COMPANY 01945,SYNTHETIC SITE 01945,,1 Example Way,Nowhere,ZZ,00000,4841,SYNTHETIC INDUSTRY,13,22538,2,0,0,0,0,0,0,0,0,0,0,0,0,101945,1,2,2021,1/1/2022,
1947,SYNTHETIC COMPANY 01946,SYNTHETIC SITE 01946,,1 Example Way,Nowhere,ZZ,00000,3328,SYNTHETIC INDUSTRY,22,42585,2,0,0,0,0,0,0,0,0,0,0,0,0,101946,1,2,2021,1/1/2022,
1948,SYNTHETIC COMPANY 01947,SYNTHETIC SITE 01947,,1 Example Way,Nowhere,ZZ,00000,4841,SYNTHETIC INDUSTRY,22,40059,1,0,2,0,0,14,0,2,0,0,0,0,0,101947,1,2,2021,1/1/2022,
1949,SYNTHETIC COMPANY 01948,SYNTHETIC SITE 01948,,1 Example Way,Nowhere,ZZ,00000,4841,SYNTHETIC INDUSTRY,49,87564,1,0,2,2,0,14,8,4,0,0,0,0,0,101948,1,2,2021,1/1/2022,
1950,SYNTHETIC COMPANY 01949,SYNTHETIC SITE 01949,,1 Example Way,Nowhere,ZZ,00000,2361,SYNTHETIC INDUSTRY,128,182848,1,0,4,3,0,28,12,7,0,0,0,0,0,101949,1,2,2021,1/1/2022,
1951,SYNTHETIC COMPANY 01950,SYNTHETIC SITE 01950,,1 Example Way,Nowhere,ZZ,00000,2361,SYNTHETIC INDUSTRY,113,206510,1,0,0,2,1,0,8,3,0,0,0,0,0,101950,1,2,2021,1/1/2022,
1952,SYNTHETIC COMPANY 01951,SYNTHETIC SITE 01951,,1 Example Way,Nowhere,ZZ,00000,2361,SYNTHETIC INDUSTRY,79,119155,2,0,0,0,0,0,0,0,0,0,0,0,0,101951,1,2,2021,1/1/2022,
1953,SYNTHETIC COMPANY 01952,SYNTHETIC SITE 01952,,1 Example Way,Nowhere,ZZ,00000,6221,SYNTHETIC INDUSTRY,105,153244,2,0,0,0,0,0,0,0,0,0,0,0,0,101952,1,2,2021,1/1/2022,
1954,SYNTHETIC COMPANY 01953,SYNTHETIC SITE 01953,,1 Example Way,Nowhere,ZZ,00000,2361,SYNTHETIC INDUSTRY,14,25286,2,0,0,0,0,0,0,0,0,0,0,0,0,101953,1,2,2021,1/1/2022,
1955,SYNTHETIC COMPANY 01954,SYNTHETIC SITE 01954,,1 Example Way,Nowhere,ZZ,00000,6221,SYNTHETIC INDUSTRY,293,546877,1,0,2,4,9,14,16,15,0,0,0,0,0,101954,1,2,2021,1/1/2022,
1956,SYNTHETIC COMPANY 01955,SYNTHETIC SITE 01955,,1 Example Way,Nowhere,ZZ,00000,3252,SYNTHETIC INDUSTRY,651,1351404,1,0,12,10,10,84,40,32,0,0,0,0,0,101955,1,2,2021,1/1/2022,
1957,SYNTHETIC COMPANY 01956,SYNTHETIC SITE 01956,,1 Example Way,Nowhere,ZZ,00000,4451,SYNTHETIC INDUSTRY,15,32083,2,0,0,0,0,0,0,0,0,0,0,0,0,101956,1,2,2021,1/1/2022,
1958,SYNTHETIC COMPANY 01957,SYNTHETIC SITE 01957,,1 Example Way,Nowhere,ZZ,00000,4451,SYNTHETIC INDUSTRY,110,195024,1,0,1,1,1,7,4,3,0,0,0,0,0,101957,1,2,2021,1/1/2022,
1959,SYNTHETIC COMPANY 01958,SYNTHETIC SITE 01958,,1 Example Way,Nowhere,ZZ,00000,3328,SYNTHETIC INDUSTRY,10,21404,2,0,0,0,0,0,0,0,0,0,0,0,0,101958,1,2,2021,1/1/2022,
1960,SYNTHETIC COMPANY 01959,SYNTHETIC SITE 01959,,1 Example Way,Nowhere,ZZ,00000,4451,SYNTHETIC INDUSTRY,158,302020,2,0,0,0,0,0,0,0,0,0,0,0,0,101959,1,2,2021,1/1/2022,
1961,SYNTHETIC COMPANY 01960,SYNTHETIC SITE 01960,,1 Example Way,Nowhere,ZZ,00000,4841,SYNTHETIC INDUSTRY,72,141355,1,0,2,1,0,14,4,3,0,0,0,0,0,101960,1,2,2021,1/1/2022,
1962,SYNTHETIC COMPANY 01961,SYNTHETIC SITE 01961,,1 Example Way,Nowhere,ZZ,00000,4451,SYNTHETIC INDUSTRY,186,321518,1,0,1,2,1,7,8,4,0,0,0,0,0,101961,1,2,2021,1/1/2022,
1963,SYNTHETIC COMPANY 01962,SYNTHETIC SITE 01962,,1 Example Way,Nowhere,ZZ,00000,3328,SYNTHETIC INDUSTRY,49,88783,1,0,1,0,0,7,0,1,0,0,0,0,0,101962,1,2,2021,1/1/2022,
1964,SYNTHETIC COMPANY 01963,SYNTHETIC SITE 01963,,1 Example Way,Nowhere,ZZ,00000,6221,SYNTHETIC INDUSTRY,167,325150,2,0,0,0,0,0,0,0,0,0,0,0,0,101963,1,2,2021,1/1/2022,
1965,SYNTHETIC COMPANY 01964,SYNTHETIC SITE 01964,,1 Example Way,Nowhere,ZZ,00000,3115,SYNTHETIC INDUSTRY,8,14279,2,0,0,0,0,0,0,0,0,0,0,0,0,101964,1,2,2021,1/1/2022,
1966,SYNTHETIC COMPANY 01965,SYNTHETIC SITE 01965,,1 Example Way,Nowhere,ZZ,00000,2361,SYNTHETIC INDUSTRY,83,126202,1,0,0,1,0,0,4,1,0,0,0,0,0,101965,1,2,2021,1/1/2022,
1967,SYNTHETIC COMPANY 01966,SYNTHETIC SITE 01966,,1 Example Way,Nowhere,ZZ,00000,4841,SYNTHETIC INDUSTRY,31,63000,2,0,0,0,0,0,0,0,0,0,0,0,0,101966,1,2,2021,1/1/2022,
1968,SYNTHETIC COMPANY 01967,SYNTHETIC SITE 01967,,1 Example Way,Nowhere,ZZ,00000,4841,SYNTHETIC INDUSTRY,6,10704,2,0,0,0,0,0,0,0,0,0,0,0,0,101967,1,2,2021,1/1/2022,
1969,SYNTHETIC COMPANY 01968,SYNTHETIC SITE 01968,,1 Example Way,Nowhere,ZZ,00000,2361,SYNTHETIC INDUSTRY,108,217765,2,0,0,0,0,0,0,0,0,0,0,0,0,101968,1,2,2021,1/1/2022,
1970,SYNTHETIC COMPANY 01969,SYNTHETIC SITE 01969,,1 Example Way,Nowhere,ZZ,00000,3328,SYNTHETIC INDUSTRY,45,78460,2,0,0,0,0,0,0,0,0,0,0,0,0,101969,1,2,2021,1/1/2022,
1971,SYNTHETIC COMPANY 01970,SYNTHETIC SITE 01970,,1 Example Way,Nowhere,ZZ,00000,3115,SYNTHETIC INDUSTRY,298,492788,1,0,5,2,3,35,8,10,0,0,0,0,0,101970,1,2,2021,1/1/2022,
1972,SYNTHETIC COMPANY 01971,SYNTHETIC SITE 01971,,1 Example Way,Nowhere,ZZ,00000,2361,SYNTHETIC INDUSTRY,147,323433,2,0,0,0,0,0,0,0,0,0,0,0,0,101971,1,2,2021,1/1/2022,
1973,SYNTHETIC COMPANY 01972,SYNTHETIC SITE 01972,,1 Example Way,Nowhere,ZZ,00000,4841,SYNTHETIC INDUSTRY,25,51757,1,0,0,0,1,0,0,1,0,0,0,0,0,101972,1,2,2021,1/1/2022,
1974,SYNTHETIC COMPANY 01973,SYNTHETIC SITE 01973,,1 Example Way,Nowhere,ZZ,00000,3251,SYNTHETIC INDUSTRY,90,163447,1,0,2,1,2,14,4,5,0,0,0,0,0,101973,1,2,2021,1/1/2022,
1975,SYNTHETIC COMPANY 01974,SYNTHETIC SITE 01974,,1 Example Way,Nowhere,ZZ,00000,3115,SYNTHETIC INDUSTRY,5,6525,2,0,0,0,0,0,0,0,0,0,0,0,0,101974,1,2,2021,1/1/2022,
1976,SYNTHETIC COMPANY 01975,SYNTHETIC SITE 01975,,1 Example Way,Nowhere,ZZ,00000,3328,SYNTHETIC INDUSTRY,48,80043,1,0,0,0,2,0,0,2,0,0,0,0,0,101975,1,2,2021,1/1/2022,
1977,SYNTHETIC COMPANY 01976,SYNTHETIC SITE 01976,,1 Example Way,Nowhere,ZZ,00000,6221,SYNTHETIC INDUSTRY,214,384997,2,0,0,0,0,0,0,0,0,0,0,0,0,101976,1,2,2021,1/1/2022,
1978,SYNTHETIC COMPANY 01977,SYNTHETIC SITE 01977,,1 Example Way,Nowhere,ZZ,00000,3328,SYNTHETIC INDUSTRY,50,107498,1,0,1,0,1,7,0,2,0,0,0,0,0,101977,1,2,2021,1/1/2022,
1979,SYNTHETIC COMPANY 01978,SYNTHETIC SITE 01978,,1 Example Way,Nowhere,ZZ,00000,6221,SYNTHETIC INDUSTRY,36,71818,1,0,0,1,0,0,4,1,0,0,0,0,0,101978,1,2,2021,1/1/2022,
1980,SYNTHETIC COMPANY 01979,SYNTHETIC SITE 01979,,1 Example Way,Nowhere,ZZ,00000,6221,SYNTHETIC INDUSTRY,5,10457,2,0,0,0,0,0,0,0,0,0,0,0,0,101979,1,2,2021,1/1/2022,
1981,SYNTHETIC COMPANY 01980,SYNTHETIC SITE 01980,,1 Example Way,Nowhere,ZZ,00000,3252,SYNTHETIC INDUSTRY,6,9696,2,0,0,0,0,0,0,0,0,0,0,0,0,101980,1,2,2021,1/1/2022,
1982,SYNTHETIC COMPANY 01981,SYNTHETIC SITE 01981,,1 Example Way,Nowhere,ZZ,00000,6221,SYNTHETIC INDUSTRY,102,230015,2,0,0,0,0,0,0,0,0,0,0,0,0,101981,1,2,2021,1/1/2022,
1983,SYNTHETIC COMPANY 01982,SYNTHETIC SITE 01982,,1 Example Way,Nowhere,ZZ,00000,6221,SYNTHETIC INDUSTRY,9,15301,2,0,0,0,0,0,0,0,0,0,0,0,0,101982,1,2,2021,1/1/2022,
1984,SYNTHETIC COMPANY 01983,SYNTHETIC SITE 01983,,1 Example Way,Nowhere,ZZ,00000,3328,SYNTHETIC INDUSTRY,409,741791,1,0,2,0,2,14,0,4,0,0,0,0,0,101983,1,2,2021,1/1/2022,
1985,SYNTHETIC COMPANY 01984,SYNTHETIC SITE 01984,,1 Example Way,Nowhere,ZZ,00000,4841,SYNTHETIC INDUSTRY,70,137629,1,0,0,1,1,0,4,2,0,0,0,0,0,101984,1,2,2021,1/1/2022,
1986,SYNTHETIC COMPANY 01985,SYNTHETIC SITE 01985,,1 Example Way,Nowhere,ZZ,00000,3252,SYNTHETIC INDUSTRY,556,1127652,1,0,7,1,9,49,4,17,0,0,0,0,0,101985,1,2,2021,1/1/2022,
1987,SYNTHETIC COMPANY 01986,SYNTHETIC SITE 01986,,1 Example Way,Nowhere,ZZ,00000,4451,SYNTHETIC INDUSTRY,19,31725,1,0,2,0,3,14,0,5,0,0,0,0,0,101986,1,2,2021,1/1/2022,
1988,SYNTHETIC COMPANY 01987,SYNTHETIC SITE 01987,,1 Example Way,Nowhere,ZZ,00000,3115,SYNTHETIC INDUSTRY,147,253361,1,0,1,0,0,7,0,1,0,0,0,0,0,101987,1,2,2021,1/1/2022,
1989,SYNTHETIC COMPANY 01988,SYNTHETIC SITE 01988,,1 Example Way,Nowhere,ZZ,00000,3328,SYNTHETIC INDUSTRY,15,22412,2,0,0,0,0,0,0,0,0,0,0,0,0,101988,1,2,2021,1/1/2022,
1990,SYNTHETIC COMPANY 01989,SYNTHETIC SITE 01989,,1 Example Way,Nowhere,ZZ,00000,3328,SYNTHETIC INDUSTRY,290,478660,2,0,0,0,0,0,0,0,0,0,0,0,0,101989,1,2,2021,1/1/2022,
1991,SYNTHETIC COMPANY 01990,SYNTHETIC SITE 01990,,1 Example Way,Nowhere,ZZ,00000,3115,SYNTHETIC INDUSTRY,6,11092,2,0,0,0,0,0,0,0,0,0,0,0,0,101990,1,2,2021,1/1/2022,
1992,SYNTHETIC COMPANY 01991,SYNTHETIC SITE 01991,,1 Example Way,Nowhere,ZZ,00000,3328,SYNTHETIC INDUSTRY,40,77206,1,0,0,0,1,0,0,1,0,0,0,0,0,101991,1,2,2021,1/1/2022,
1993,SYNTHETIC COMPANY 01992,SYNTHETIC SITE 01992,,1 Example Way,Nowhere,ZZ,00000,6221,SYNTHETIC INDUSTRY,43,73712,2,0,0,0,0,0,0,0,0,0,0,0,0,101992,1,2,2021,1/1/2022,
1994,SYNTHETIC COMPANY 01993,SYNTHETIC SITE 01993,,1 Example Way,Nowhere,ZZ,00000,4841,SYNTHETIC INDUSTRY,104,197134,2,0,0,0,0,0,0,0,0,0,0,0,0,101993,1,2,2021,1/1/2022,
1995,SYNTHETIC COMPANY 01994,SYNTHETIC SITE 01994,,1 Example Way,Nowhere,ZZ,00000,3251,SYNTHETIC INDUSTRY,213,337039,2,0,0,0,0,0,0,0,0,0,0,0,0,101994,1,2,2021,1/1/2022,
1996,SYNTHETIC COMPANY 01995,SYNTHETIC SITE 01995,,1 Example Way,Nowhere,ZZ,00000,4841,SYNTHETIC INDUSTRY,11,267510,2,0,0,0,0,0,0,0,0,0,0,0,0,101995,1,2,2021,1/1/2022,
1997,SYNTHETIC COMPANY 01996,SYNTHETIC SITE 01996,,1 Example Way,Nowhere,ZZ,00000,2361,SYNTHETIC INDUSTRY,35,56300,2,0,0,0,0,0,0,0,0,0,0,0,0,101996,1,2,2021,1/1/2022,
1998,SYNTHETIC COMPANY 01997,SYNTHETIC SITE 01997,,1 Example Way,Nowhere,ZZ,00000,6221,SYNTHETIC INDUSTRY,37,62795,2,0,0,0,0,0,0,0,0,0,0,0,0,101997,1,2,2021,1/1/2022,
1999,SYNTHETIC COMPANY 01998,SYNTHETIC SITE 01998,,1 Example Way,Nowhere,ZZ,00000,3328,SYNTHETIC INDUSTRY,1,2222,2,0,0,0,0,0,0,0,0,0,0,0,0,101998,1,2,2021,1/1/2022,
2000,SYNTHETIC COMPANY 01999,SYNTHETIC SITE 01999,,1 Example Way,Nowhere,ZZ,00000,3328,SYNTHETIC INDUSTRY,449,576926,2,0,0,0,0,0,0,0,0,0,0,0,0,101999,1,2,2021,1/1/2022,
2001,SYNTHETIC COMPANY 02000,SYNTHETIC SITE 02000,,1 Example Way,Nowhere,ZZ,00000,4841,SYNTHETIC INDUSTRY,25,48524,1,0,0,0,1,0,0,1,0,0,0,0,0,102000,1,2,2021,1/1/2022,
2002,SYNTHETIC COMPANY 02001,SYNTHETIC SITE 02001,,1 Example Way,Nowhere,ZZ,00000,2361,SYNTHETIC INDUSTRY,413,856775,1,0,16,16,39,112,64,71,0,0,0,0,0,102001,1,2,2021,1/1/2022,
2003,SYNTHETIC COMPANY 02002,SYNTHETIC SITE 02002,,1 Example Way,Nowhere,ZZ,00000,4841,SYNTHETIC INDUSTRY,83,164595,1,0,0,0,1,0,0,1,0,0,0,0,0,102002,1,2,2021,1/1/2022,
2004,SYNTHETIC COMPANY 02003,SYNTHETIC SITE 02003,,1 Example Way,Nowhere,ZZ,00000,4841,SYNTHETIC INDUSTRY,35,80784,2,0,0,0,0,0,0,0,0,0,0,0,0,102003,1,2,2021,1/1/2022,
2005,SYNTHETIC COMPANY 02004,SYNTHETIC SITE 02004,,1 Example Way,Nowhere,ZZ,00000,2361,SYNTHETIC INDUSTRY,248,414871,2,0,0,0,0,0,0,0,0,0,0,0,0,102004,1,2,2021,1/1/2022,
2006,SYNTHETIC COMPANY 02005,SYNTHETIC SITE 02005,,1 Example Way,Nowhere,ZZ,00000,3115,SYNTHETIC INDUSTRY,199,398778,1,0,0,1,1,0,4,2,0,0,0,0,0,102005,1,2,2021,1/1/2022,
2007,SYNTHETIC COMPANY 02006,SYNTHETIC SITE 02006,,1 Example Way,Nowhere,ZZ,00000,3252,SYNTHETIC INDUSTRY,8,15821,2,0,0,0,0,0,0,0,0,0,0,0,0,102006,1,2,2021,1/1/2022,
2008,SYNTHETIC COMPANY 02007,SYNTHETIC SITE 02007,,1 Example Way,Nowhere,ZZ,00000,3251,SYNTHETIC INDUSTRY,26,43368,1,0,0,0,3,0,0,3,0,0,0,0,0,102007,1,2,2021,1/1/2022,
2009,SYNTHETIC COMPANY 02008,SYNTHETIC SITE 02008,,1 Example Way,Nowhere,ZZ,00000,4841,SYNTHETIC INDUSTRY,81,137485,1,0,0,0,1,0,0,1,0,0,0,0,0,102008,1,2,2021,1/1/2022,
2010,SYNTHETIC COMPANY 02009,SYNTHETIC SITE 02009,,1 Example Way,Nowhere,ZZ,00000,6221,SYNTHETIC INDUSTRY,210,469320,2,0,0,0,0,0,0,0,0,0,0,0,0,102009,1,2,2021,1/1/2022,
2011,SYNTHETIC COMPANY 02010,SYNTHETIC SITE 02010,,1 Example Way,Nowhere,ZZ,00000,4841,SYNTHETIC INDUSTRY,15,27262,2,0,0,0,0,0,0,0,0,0,0,0,0,102010,1,2,2021,1/1/2022,
2012,SYNTHETIC COMPANY 02011,SYNTHETIC SITE 02011,,1 Example Way,Nowhere,ZZ,00000,6221,SYNTHETIC INDUSTRY,68,107536,1,0,0,0,1,0,0,1,0,0,0,0,0,102011,1,2,2021,1/1/2022,
2013,SYNTHETIC COMPANY 02012,SYNTHETIC SITE 02012,,1 Example Way,Nowhere,ZZ,00000,3252,SYNTHETIC INDUSTRY,341,847635,1,0,16,9,8,112,36,33,0,0,0,0,0,102012,1,2,2021,1/1/2022,
2014,SYNTHETIC COMPANY 02013,SYNTHETIC SITE 02013,,1 Example Way,Nowhere,ZZ,00000,3115,SYNTHETIC INDUSTRY,23,42418,2,0,0,0,0,0,0,0,0,0,0,0,0,102013,1,2,2021,1/1/2022,
2015,SYNTHETIC COMPANY 02014,SYNTHETIC SITE 02014,,1 Example Way,Nowhere,ZZ,00000,3252,SYNTHETIC INDUSTRY,43,73613,2,0,0,0,0,0,0,0,0,0,0,0,0,102014,1,2,2021,1/1/2022,
2016,SYNTHETIC COMPANY 02015,SYNTHETIC SITE 02015,,1 Example Way,Nowhere,ZZ,00000,3328,SYNTHETIC INDUSTRY,5,11709,2,0,0,0,0,0,0,0,0,0,0,0,0,102015,1,2,2021,1/1/2022,
2017,SYNTHETIC COMPANY 02016,SYNTHETIC SITE 02016,,1 Example Way,Nowhere,ZZ,00000,3252,SYNTHETIC INDUSTRY,25,36064,1,0,1,0,0,7,0,1,0,0,0,0,0,102016,1,2,2021,1/1/2022,
2018,SYNTHETIC COMPANY 02017,SYNTHETIC SITE 02017,,1 Example Way,Nowhere,ZZ,00000,3115,SYNTHETIC INDUSTRY,39,64518,2,0,0,0,0,0,0,0,0,0,0,0,0,102017,1,2,2021,1/1/2022,
2019,SYNTHETIC COMPANY 02018,SYNTHETIC SITE 02018,,1 Example Way,Nowhere,ZZ,00000,6221,SYNTHETIC INDUSTRY,5,10763,2,0,0,0,0,0,0,0,0,0,0,0,0,102018,1,2,2021,1/1/2022,
2020,SYNTHETIC COMPANY 02019,SYNTHETIC SITE 02019,,1 Example Way,Nowhere,ZZ,00000,4451,SYNTHETIC INDUSTRY,80,146511,2,0,0,0,0,0,0,0,0,0,0,0,0,102019,1,2,2021,1/1/2022,
2021,SYNTHETIC COMPANY 02020,SYNTHETIC SITE 02020,,1 Example Way,Nowhere,ZZ,00000,3251,SYNTHETIC INDUSTRY,494,1234730,1,0,9,4,7,63,16,20,0,0,0,0,0,102020,1,2,2021,1/1/2022,
2022,SYNTHETIC COMPANY 02021,SYNTHETIC SITE 02021,,1 Example Way,Nowhere,ZZ,00000,4841,SYNTHETIC INDUSTRY,243,548550,1,0,3,2,4,21,8,9,0,0,0,0,0,102021,1,2,2021,1/1/2022,
2023,SYNTHETIC COMPANY 02022,SYNTHETIC SITE 02022,,1 Example Way,Nowhere,ZZ,00000,6221,SYNTHETIC INDUSTRY,14,24893,2,0,0,0,0,0,0,0,0,0,0,0,0,102022,1,2,2021,1/1/2022,
2024,SYNTHETIC COMPANY 02023,SYNTHETIC SITE 02023,,1 Example Way,Nowhere,ZZ,00000,6221,SYNTHETIC INDUSTRY,108,213183,1,0,5,1,7,35,4,13,0,0,0,0,0,102023,1,2,2021,1/1/2022,
2025,SYNTHETIC COMPANY 02024,SYNTHETIC SITE 02024,,1 Example Way,Nowhere,ZZ,00000,4451,SYNTHETIC INDUSTRY,94,167167,1,0,2,1,0,14,4,3,0,0,0,0,0,102024,1,2,2021,1/1/2022,
2026,SYNTHETIC COMPANY 02025,SYNTHETIC SITE 02025,,1 Example Way,Nowhere,ZZ,00000,3115,SYNTHETIC INDUSTRY,19,39258,2,0,0,0,0,0,0,0,0,0,0,0,0,102025,1,2,2021,1/1/2022,
2027,SYNTHETIC COMPANY 02026,SYNTHETIC SITE 02026,,1 Example Way,Nowhere,ZZ,00000,6221,SYNTHETIC INDUSTRY,157,34193300,1,0,5,3,7,35,12,15,0,0,0,0,0,102026,1,2,2021,1/1/2022,
2028,SYNTHETIC COMPANY 02027,SYNTHETIC SITE 02027,,1 Example Way,Nowhere,ZZ,00000,3328,SYNTHETIC INDUSTRY,75,131110,2,0,0,0,0,0,0,0,0,0,0,0,0,102027,1,2,2021,1/1/2022,
2029,SYNTHETIC COMPANY 02028,SYNTHETIC SITE 02028,,1 Example Way,Nowhere,ZZ,00000,2361,SYNTHETIC INDUSTRY,33,59664,1,0,1,0,0,7,0,1,0,0,0,0,0,102028,1,2,2021,1/1/2022,
2030,SYNTHETIC COMPANY 02029,SYNTHETIC SITE 02029,,1 Example Way,Nowhere,ZZ,00000,3252,SYNTHETIC INDUSTRY,84,199590,1,0,4,6,7,28,24,17,0,0,0,0,0,102029,1,2,2021,1/1/2022,
2031,SYNTHETIC COMPANY 02030,SYNTHETIC SITE 02030,,1 Example Way,Nowhere,ZZ,00000,3328,SYNTHETIC INDUSTRY,18,35355,2,0,0,0,0,0,0,0,0,0,0,0,0,102030,1,2,2021,1/1/2022,
2032,SYNTHETIC COMPANY 02031,SYNTHETIC SITE 02031,,1 Example Way,Nowhere,ZZ,00000,3251,SYNTHETIC INDUSTRY,105,233568,1,0,2,1,3,14,4,6,0,0,0,0,0,102031,1,2,2021,1/1/2022,
2033,SYNTHETIC COMPANY 02032,SYNTHETIC SITE 02032,,1 Example Way,Nowhere,ZZ,00000,3328,SYNTHETIC INDUSTRY,5,9163,2,0,0,0,0,0,0,0,0,0,0,0,0,102032,1,2,2021,1/1/2022,
2034,SYNTHETIC COMPANY 02033,SYNTHETIC SITE 02033,,1 Example Way,Nowhere,ZZ,00000,3115,SYNTHETIC INDUSTRY,43,75584,2,0,0,0,0,0,0,0,0,0,0,0,0,102033,1,2,2021,1/1/2022,
2035,SYNTHETIC COMPANY 02034,SYNTHETIC SITE 02034,,1 Example Way,Nowhere,ZZ,00000,4451,SYNTHETIC INDUSTRY,22,42149,1,0,1,0,0,7,0,1,0,0,0,0,0,102034,1,2,2021,1/1/2022,
2036,SYNTHETIC COMPANY 02035,SYNTHETIC SITE 02035,,1 Example Way,Nowhere,ZZ,00000,3115,SYNTHETIC INDUSTRY,12,22980,2,0,0,0,0,0,0,0,0,0,0,0,0,102035,1,2,2021,1/1/2022,
2037,SYNTHETIC COMPANY 02036,SYNTHETIC SITE 02036,,1 Example Way,Nowhere,ZZ,00000,3252,SYNTHETIC INDUSTRY,42,81683,1,0,1,0,0,7,0,1,0,0,0,0,0,102036,1,2,2021,1/1/2022,
2038,SYNTHETIC COMPANY 02037,SYNTHETIC SITE 02037,,1 Example Way,Nowhere,ZZ,00000,4841,SYNTHETIC INDUSTRY,63,102513,1,0,0,1,1,0,4,2,0,0,0,0,0,102037,1,2,2021,1/1/2022,
2039,SYNTHETIC COMPANY 02038,SYNTHETIC SITE 02038,,1 Example Way,Nowhere,ZZ,00000,3328,SYNTHETIC INDUSTRY,5,8669,2,0,0,0,0,0,0,0,0,0,0,0,0,102038,1,2,2021,1/1/2022,
2040,SYNTHETIC COMPANY 02039,SYNTHETIC SITE 02039,,1 Example Way,Nowhere,ZZ,00000,3251,SYNTHETIC INDUSTRY,11,23865,2,0,0,0,0,0,0,0,0,0,0,0,0,102039,1,2,2021,1/1/2022,
2041,SYNTHETIC COMPANY 02040,SYNTHETIC SITE 02040,,1 Example Way,Nowhere,ZZ,00000,3251,SYNTHETIC INDUSTRY,76,109813,2,0,0,0,0,0,0,0,0,0,0,0,0,102040,1,2,2021,1/1/2022,
2042,SYNTHETIC COMPANY 02041,SYNTHETIC SITE 02041,,1 Example Way,Nowhere,ZZ,00000,3115,SYNTHETIC INDUSTRY,255,452567,1,0,0,0,1,0,0,1,0,0,0,0,0,102041,1,2,2021,1/1/2022,
2043,SYNTHETIC COMPANY 02042,SYNTHETIC SITE 02042,,1 Example Way,Nowhere,ZZ,00000,4841,SYNTHETIC INDUSTRY,25,44739,1,0,0,2,0,0,8,2,0,0,0,0,0,102042,1,2,2021,1/1/2022,
2044,SYNTHETIC COMPANY 02043,SYNTHETIC SITE 02043,,1 Example Way,Nowhere,ZZ,00000,3251,SYNTHETIC INDUSTRY,34,66518,2,0,0,0,0,0,0,0,0,0,0,0,0,102043,1,2,2021,1/1/2022,
2045,SYNTHETIC COMPANY 02044,SYNTHETIC SITE 02044,,1 Example Way,Nowhere,ZZ,00000,3251,SYNTHETIC INDUSTRY,52,85206,2,0,0,0,0,0,0,0,0,0,0,0,0,102044,1,2,2021,1/1/2022,
2046,SYNTHETIC COMPANY 02045,SYNTHETIC SITE 02045,,1 Example Way,Nowhere,ZZ,00000,4451,SYNTHETIC INDUSTRY,58,107657,1,0,2,0,0,14,0,2,0,0,0,0,0,102045,1,2,2021,1/1/2022,
2047,SYNTHETIC COMPANY 02046,SYNTHETIC SITE 02046,,1 Example Way,Nowhere,ZZ,00000,2361,SYNTHETIC INDUSTRY,30,57316,1,0,0,0,1,0,0,1,0,0,0,0,0,102046,1,2,2021,1/1/2022,
2048,SYNTHETIC COMPANY 02047,SYNTHETIC SITE 02047,,1 Example Way,Nowhere,ZZ,00000,4451,SYNTHETIC INDUSTRY,42,73925,1,0,0,1,0,0,4,1,0,0,0,0,0,102047,1,2,2021,1/1/2022,
2049,SYNTHETIC COMPANY 02048,SYNTHETIC SITE 02048,,1 Example Way,Nowhere,ZZ,00000,4841,SYNTHETIC INDUSTRY,78,175109,1,0,2,0,2,14,0,4,0,0,0,0,0,102048,1,2,2021,1/1/2022,
2050,SYNTHETIC COMPANY 02049,SYNTHETIC SITE 02049,,1 Example Way,Nowhere,ZZ,00000,4451,SYNTHETIC INDUSTRY,4,8503,2,0,0,0,0,0,0,0,0,0,0,0,0,102049,1,2,2021,1/1/2022,
2051,SYNTHETIC COMPANY 02050,SYNTHETIC SITE 02050,,1 Example Way,Nowhere,ZZ,00000,4451,SYNTHETIC INDUSTRY,26,38255,2,0,0,0,0,0,0,0,0,0,0,0,0,102050,1,2,2021,1/1/2022,
2052,SYNTHETIC COMPANY 02051,SYNTHETIC SITE 02051,,1 Example Way,Nowhere,ZZ,00000,3115,SYNTHETIC INDUSTRY,122,261493,2,0,0,0,0,0,0,0,0,0,0,0,0,102051,1,2,2021,1/1/2022,
2053,SYNTHETIC COMPANY 02052,SYNTHETIC SITE 02052,,1 Example Way,Nowhere,ZZ,00000,2361,SYNTHETIC INDUSTRY,10,18584,2,0,0,0,0,0,0,0,0,0,0,0,0,102052,1,2,2021,1/1/2022,
2054,SYNTHETIC COMPANY 02053,SYNTHETIC SITE 02053,,1 Example Way,Nowhere,ZZ,00000,6221,SYNTHETIC INDUSTRY,75,129277,2,0,0,0,0,0,0,0,0,0,0,0,0,102053,1,2,2021,1/1/2022,
2055,SYNTHETIC COMPANY 02054,SYNTHETIC SITE 02054,,1 Example Way,Nowhere,ZZ,00000,3252,SYNTHETIC INDUSTRY,190,409869,1,0,1,0,0,7,0,1,0,0,0,0,0,102054,1,2,2021,1/1/2022,
2056,SYNTHETIC COMPANY 02055,SYNTHETIC SITE 02055,,1 Example Way,Nowhere,ZZ,00000,4841,SYNTHETIC INDUSTRY,108,134822,1,0,0,1,0,0,4,1,0,0,0,0,0,102055,1,2,2021,1/1/2022,
2057,SYNTHETIC COMPANY 02056,SYNTHETIC SITE 02056,,1 Example Way,Nowhere,ZZ,00000,2361,SYNTHETIC INDUSTRY,43,69870,1,0,1,2,3,7,8,6,0,0,0,0,0,102056,1,2,2021,1/1/2022,
2058,SYNTHETIC COMPANY 02057,SYNTHETIC SITE 02057,,1 Example Way,Nowhere,ZZ,00000,3252,SYNTHETIC INDUSTRY,59,102125,2,0,0,0,0,0,0,0,0,0,0,0,0,102057,1,2,2021,1/1/2022,
2059,SYNTHETIC COMPANY 02058,SYNTHETIC SITE 02058,,1 Example Way,Nowhere,ZZ,00000,6221,SYNTHETIC INDUSTRY,18,34425,1,0,0,1,0,0,4,1,0,0,0,0,0,102058,1,2,2021,1/1/2022,
2060,SYNTHETIC COMPANY 02059,SYNTHETIC SITE 02059,,1 Example Way,Nowhere,ZZ,00000,4841,SYNTHETIC INDUSTRY,24,32921,2,0,0,0,0,0,0,0,0,0,0,0,0,102059,1,2,2021,1/1/2022,
2061,SYNTHETIC COMPANY 02060,SYNTHETIC SITE 02060,,1 Example Way,Nowhere,ZZ,00000,6221,SYNTHETIC INDUSTRY,64,128031,2,0,0,0,0,0,0,0,0,0,0,0,0,102060,1,2,2021,1/1/2022,
2062,SYNTHETIC COMPANY 02061,SYNTHETIC SITE 02061,,1 Example Way,Nowhere,ZZ,00000,2361,SYNTHETIC INDUSTRY,143,213795,1,0,1,1,0,7,4,2,0,0,0,0,0,102061,1,2,2021,1/1/2022,
2063,SYNTHETIC COMPANY 02062,SYNTHETIC SITE 02062,,1 Example Way,Nowhere,ZZ,00000,4841,SYNTHETIC INDUSTRY,4,7522,2,0,0,0,0,0,0,0,0,0,0,0,0,102062,1,2,2021,1/1/2022,
2064,SYNTHETIC COMPANY 02063,SYNTHETIC SITE 02063,,1 Example Way,Nowhere,ZZ,00000,2361,SYNTHETIC INDUSTRY,32,58050,2,0,0,0,0,0,0,0,0,0,0,0,0,102063,1,2,2021,1/1/2022,
2065,SYNTHETIC COMPANY 02064,SYNTHETIC SITE 02064,,1 Example Way,Nowhere,ZZ,00000,3252,SYNTHETIC INDUSTRY,32,48790,2,0,0,0,0,0,0,0,0,0,0,0,0,102064,1,2,2021,1/1/2022,
2066,SYNTHETIC COMPANY 02065,SYNTHETIC SITE 02065,,1 Example Way,Nowhere,ZZ,00000,3251,SYNTHETIC INDUSTRY,72,112818,2,0,0,0,0,0,0,0,0,0,0,0,0,102065,1,2,2021,1/1/2022,
2067,SYNTHETIC COMPANY 02066,SYNTHETIC SITE 02066,,1 Example Way,Nowhere,ZZ,00000,6221,SYNTHETIC INDUSTRY,153,199767,2,0,0,0,0,0,0,0,0,0,0,0,0,102066,1,2,2021,1/1/2022,
2068,SYNTHETIC COMPANY 02067,SYNTHETIC SITE 02067,,1 Example Way,Nowhere,ZZ,00000,4841,SYNTHETIC INDUSTRY,176,320497,1,0,2,2,3,14,8,7,0,0,0,0,0,102067,1,2,2021,1/1/2022,
2069,SYNTHETIC COMPANY 02068,SYNTHETIC SITE 02068,,1 Example Way,Nowhere,ZZ,00000,2361,SYNTHETIC INDUSTRY,8,13811,2,0,0,0,0,0,0,0,0,0,0,0,0,102068,1,2,2021,1/1/2022,
2070,SYNTHETIC COMPANY 02069,SYNTHETIC SITE 02069,,1 Example Way,Nowhere,ZZ,00000,3328,SYNTHETIC INDUSTRY,298,597432,2,0,0,0,0,0,0,0,0,0,0,0,0,102069,1,2,2021,1/1/2022,
2071,SYNTHETIC COMPANY 02070,SYNTHETIC SITE 02070,,1 Example Way,Nowhere,ZZ,00000,4451,SYNTHETIC INDUSTRY,79,167051,2,0,0,0,0,0,0,0,0,0,0,0,0,102070,1,2,2021,1/1/2022,
2072,SYNTHETIC COMPANY 02071,SYNTHETIC SITE 02071,,1 Example Way,Nowhere,ZZ,00000,3328,SYNTHETIC INDUSTRY,75,145483,1,0,1,0,1,7,0,2,0,0,0,0,0,102071,1,2,2021,1/1/2022,
2073,SYNTHETIC COMPANY 02072,SYNTHETIC SITE 02072,,1 Example Way,Nowhere,ZZ,00000,3252,SYNTHETIC INDUSTRY,24,54312,2,0,0,0,0,0,0,0,0,0,0,0,0,102072,1,2,2021,1/1/2022,
2074,SYNTHETIC COMPANY 02073,SYNTHETIC SITE 02073,,1 Example Way,Nowhere,ZZ,00000,3328,SYNTHETIC INDUSTRY,7,10412,2,0,0,0,0,0,0,0,0,0,0,0,0,102073,1,2,2021,1/1/2022,
2075,SYNTHETIC COMPANY 02074,SYNTHETIC SITE 02074,,1 Example Way,Nowhere,ZZ,00000,3251,SYNTHETIC INDUSTRY,118,209654,1,0,0,0,3,0,0,3,0,0,0,0,0,102074,1,2,2021,1/1/2022,
2076,SYNTHETIC COMPANY 02075,SYNTHETIC SITE 02075,,1 Example Way,Nowhere,ZZ,00000,3251,SYNTHETIC INDUSTRY,23,43204,1,0,1,0,0,7,0,1,0,0,0,0,0,102075,1,2,2021,1/1/2022,
2077,SYNTHETIC COMPANY 02076,SYNTHETIC SITE 02076,,1 Example Way,Nowhere,ZZ,00000,3328,SYNTHETIC INDUSTRY,15,26018,1,0,0,0,1,0,0,1,0,0,0,0,0,102076,1,2,2021,1/1/2022,
2078,SYNTHETIC COMPANY 02077,SYNTHETIC SITE 02077,,1 Example Way,Nowhere,ZZ,00000,6221,SYNTHETIC INDUSTRY,103,229183,2,0,0,0,0,0,0,0,0,0,0,0,0,102077,1,2,2021,1/1/2022,
2079,SYNTHETIC COMPANY 02078,SYNTHETIC SITE 02078,,1 Example Way,Nowhere,ZZ,00000,3251,SYNTHETIC INDUSTRY,25,48475,2,0,0,0,0,0,0,0,0,0,0,0,0,102078,1,2,2021,1/1/2022,
2080,SYNTHETIC COMPANY 02079,SYNTHETIC SITE 02079,,1 Example Way,Nowhere,ZZ,00000,3251,SYNTHETIC INDUSTRY,41,79045,1,0,3,0,1,21,0,4,0,0,0,0,0,102079,1,2,2021,1/1/2022,
2081,SYNTHETIC COMPANY 02080,SYNTHETIC SITE 02080,,1 Example Way,Nowhere,ZZ,00000,3252,SYNTHETIC INDUSTRY,31,52912,2,0,0,0,0,0,0,0,0,0,0,0,0,102080,1,2,2021,1/1/2022,
2082,SYNTHETIC COMPANY 02081,SYNTHETIC SITE 02081,,1 Example Way,Nowhere,ZZ,00000,4841,SYNTHETIC INDUSTRY,184,426986,2,0,0,0,0,0,0,0,0,0,0,0,0,102081,1,2,2021,1/1/2022,
2083,SYNTHETIC COMPANY 02082,SYNTHETIC SITE 02082,,1 Example Way,Nowhere,ZZ,00000,2361,SYNTHETIC INDUSTRY,5,9283,2,0,0,0,0,0,0,0,0,0,0,0,0,102082,1,2,2021,1/1/2022,
2084,SYNTHETIC COMPANY 02083,SYNTHETIC SITE 02083,,1 Example Way,Nowhere,ZZ,00000,6221,SYNTHETIC INDUSTRY,57,103057,2,0,0,0,0,0,0,0,0,0,0,0,0,102083,1,2,2021,1/1/2022,
2085,SYNTHETIC COMPANY 02084,SYNTHETIC SITE 02084,,1 Example Way,Nowhere,ZZ,00000,3328,SYNTHETIC INDUSTRY,62,159375,2,0,0,0,0,0,0,0,0,0,0,0,0,102084,1,2,2021,1/1/2022,
2086,SYNTHETIC COMPANY 02085,SYNTHETIC SITE 02085,,1 Example Way,Nowhere,ZZ,00000,2361,SYNTHETIC INDUSTRY,18,35457,2,0,0,0,0,0,0,0,0,0,0,0,0,102085,1,2,2021,1/1/2022,
2087,SYNTHETIC COMPANY 02086,SYNTHETIC SITE 02086,,1 Example Way,Nowhere,ZZ,00000,2361,SYNTHETIC INDUSTRY,48,109949,1,0,0,0,1,0,0,1,0,0,0,0,0,102086,1,2,2021,1/1/2022,
2088,SYNTHETIC COMPANY 02087,SYNTHETIC SITE 02087,,1 Example Way,Nowhere,ZZ,00000,4451,SYNTHETIC INDUSTRY,82,13175300000,2,0,0,0,0,0,0,0,0,0,0,0,0,102087,1,2,2021,1/1/2022,
2089,SYNTHETIC COMPANY 02088,SYNTHETIC SITE 02088,,1 Example Way,Nowhere,ZZ,00000,3115,SYNTHETIC INDUSTRY,157,321758,1,0,4,1,2,28,4,7,0,0,0,0,0,102088,1,2,2021,1/1/2022,
2090,SYNTHETIC COMPANY 02089,SYNTHETIC SITE 02089,,1 Example Way,Nowhere,ZZ,00000,3251,SYNTHETIC INDUSTRY,108,142496,1,0,2,2,2,14,8,6,0,0,0,0,0,102089,1,2,2021,1/1/2022,
2091,SYNTHETIC COMPANY 02090,SYNTHETIC SITE 02090,,1 Example Way,Nowhere,ZZ,00000,3252,SYNTHETIC INDUSTRY,72,116678,1,0,1,1,1,7,4,3,0,0,0,0,0,102090,1,2,2021,1/1/2022,
2092,SYNTHETIC COMPANY 02091,SYNTHETIC SITE 02091,,1 Example Way,Nowhere,ZZ,00000,3115,SYNTHETIC INDUSTRY,81,126022,2,0,0,0,0,0,0,0,0,0,0,0,0,102091,1,2,2021,1/1/2022,
2093,SYNTHETIC COMPANY 02092,SYNTHETIC SITE 02092,,1 Example Way,Nowhere,ZZ,00000,3115,SYNTHETIC INDUSTRY,1,1978,2,0,0,0,0,0,0,0,0,0,0,0,0,102092,1,2,2021,1/1/2022,
2094,SYNTHETIC COMPANY 02093,SYNTHETIC SITE 02093,,1 Example Way,Nowhere,ZZ,00000,4841,SYNTHETIC INDUSTRY,35,64454,2,0,0,0,0,0,0,0,0,0,0,0,0,102093,1,2,2021,1/1/2022,
2095,SYNTHETIC COMPANY 02094,SYNTHETIC SITE 02094,,1 Example Way,Nowhere,ZZ,00000,6221,SYNTHETIC INDUSTRY,30,59553,2,0,0,0,0,0,0,0,0,0,0,0,0,102094,1,2,2021,1/1/2022,
2096,SYNTHETIC COMPANY 02095,SYNTHETIC SITE 02095,,1 Example Way,Nowhere,ZZ,00000,3328,SYNTHETIC INDUSTRY,18,31570,2,0,0,0,0,0,0,0,0,0,0,0,0,102095,1,2,2021,1/1/2022,
2097,SYNTHETIC COMPANY 02096,SYNTHETIC SITE 02096,,1 Example Way,Nowhere,ZZ,00000,6221,SYNTHETIC INDUSTRY,44,76100,2,0,0,0,0,0,0,0,0,0,0,0,0,102096,1,2,2021,1/1/2022,
2098,SYNTHETIC COMPANY 02097,SYNTHETIC SITE 02097,,1 Example Way,Nowhere,ZZ,00000,3252,SYNTHETIC INDUSTRY,159,307520,1,0,2,1,0,14,4,3,0,0,0,0,0,102097,1,2,2021,1/1/2022,
2099,SYNTHETIC COMPANY 02098,SYNTHETIC SITE 02098,,1 Example Way,Nowhere,ZZ,00000,3251,SYNTHETIC INDUSTRY,12,23472,1,0,1,0,0,7,0,1,0,0,0,0,0,102098,1,2,2021,1/1/2022,
2100,SYNTHETIC COMPANY 02099,SYNTHETIC SITE 02099,,1 Example Way,Nowhere,ZZ,00000,3252,SYNTHETIC INDUSTRY,60,128903,1,0,1,1,1,7,4,3,0,0,0,0,0,102099,1,2,2021,1/1/2022,
2101,SYNTHETIC COMPANY 02100,SYNTHETIC SITE 02100,,1 Example Way,Nowhere,ZZ,00000,2361,SYNTHETIC INDUSTRY,58,109844,1,0,0,0,2,0,0,2,0,0,0,0,0,102100,1,2,2021,1/1/2022,
2102,SYNTHETIC COMPANY 02101,SYNTHETIC SITE 02101,,1 Example Way,Nowhere,ZZ,00000,4841,SYNTHETIC INDUSTRY,107,253776,1,0,1,0,0,7,0,1,0,0,0,0,0,102101,1,2,2021,1/1/2022,
2103,SYNTHETIC COMPANY 02102,SYNTHETIC SITE 02102,,1 Example Way,Nowhere,ZZ,00000,3252,SYNTHETIC INDUSTRY,93,196411,2,0,0,0,0,0,0,0,0,0,0,0,0,102102,1,2,2021,1/1/2022,
2104,SYNTHETIC COMPANY 02103,SYNTHETIC SITE 02103,,1 Example Way,Nowhere,ZZ,00000,3251,SYNTHETIC INDUSTRY,121,175370,2,0,0,0,0,0,0,0,0,0,0,0,0,102103,1,2,2021,1/1/2022,
2105,SYNTHETIC COMPANY 02104,SYNTHETIC SITE 02104,,1 Example Way,Nowhere,ZZ,00000,4451,SYNTHETIC INDUSTRY,19,40667,2,0,0,0,0,0,0,0,0,0,0,0,0,102104,1,2,2021,1/1/2022,
2106,SYNTHETIC COMPANY 02105,SYNTHETIC SITE 02105,,1 Example Way,Nowhere,ZZ,00000,3251,SYNTHETIC INDUSTRY,11,23741,2,0,0,0,0,0,0,0,0,0,0,0,0,102105,1,2,2021,1/1/2022,
2107,SYNTHETIC COMPANY 02106,SYNTHETIC SITE 02106,,1 Example Way,Nowhere,ZZ,00000,3328,SYNTHETIC INDUSTRY,295,587795,2,0,0,0,0,0,0,0,0,0,0,0,0,102106,1,2,2021,1/1/2022,
2108,SYNTHETIC COMPANY 02107,SYNTHETIC SITE 02107,,1 Example Way,Nowhere,ZZ,00000,3251,SYNTHETIC INDUSTRY,8,13223,1,0,1,0,0,7,0,1,0,0,0,0,0,102107,1,2,2021,1/1/2022,
2109,SYNTHETIC COMPANY 02108,SYNTHETIC SITE 02108,,1 Example Way,Nowhere,ZZ,00000,3115,SYNTHETIC INDUSTRY,12,16242,2,0,0,0,0,0,0,0,0,0,0,0,0,102108,1,2,2021,1/1/2022,
2110,SYNTHETIC COMPANY 02109,SYNTHETIC SITE 02109,,1 Example Way,Nowhere,ZZ,00000,3251,SYNTHETIC INDUSTRY,9,17065,2,0,0,0,0,0,0,0,0,0,0,0,0,102109,1,2,2021,1/1/2022,
2111,SYNTHETIC COMPANY 02110,SYNTHETIC SITE 02110,,1 Example Way,Nowhere,ZZ,00000,3115,SYNTHETIC INDUSTRY,98,176915,2,0,0,0,0,0,0,0,0,0,0,0,0,102110,1,2,2021,1/1/2022,
2112,SYNTHETIC COMPANY 02111,SYNTHETIC SITE 02111,,1 Example Way,Nowhere,ZZ,00000,4451,SYNTHETIC INDUSTRY,114,132620,1,0,1,0,2,7,0,3,0,0,0,0,0,102111,1,2,2021,1/1/2022,
2113,SYNTHETIC COMPANY 02112,SYNTHETIC SITE 02112,,1 Example Way,Nowhere,ZZ,00000,3252,SYNTHETIC INDUSTRY,55,110884,1,0,1,1,0,7,4,2,0,0,0,0,0,102112,1,2,2021,1/1/2022,
2114,SYNTHETIC COMPANY 02113,SYNTHETIC SITE 02113,,1 Example Way,Nowhere,ZZ,00000,4451,SYNTHETIC INDUSTRY,46,93718,1,0,1,0,0,7,0,1,0,0,0,0,0,102113,1,2,2021,1/1/2022,
2115,SYNTHETIC COMPANY 02114,SYNTHETIC SITE 02114,,1 Example Way,Nowhere,ZZ,00000,4841,SYNTHETIC INDUSTRY,7,14809,2,0,0,0,0,0,0,0,0,0,0,0,0,102114,1,2,2021,1/1/2022,
2116,SYNTHETIC COMPANY 02115,SYNTHETIC SITE 02115,,1 Example Way,Nowhere,ZZ,00000,3252,SYNTHETIC INDUSTRY,71,135507,1,0,1,1,0,7,4,2,0,0,0,0,0,102115,1,2,2021,1/1/2022,
2117,SYNTHETIC COMPANY 02116,SYNTHETIC SITE 02116,,1 Example Way,Nowhere,ZZ,00000,3115,SYNTHETIC INDUSTRY,7,12492,2,0,0,0,0,0,0,0,0,0,0,0,0,102116,1,2,2021,1/1/2022,
2118,SYNTHETIC COMPANY 02117,SYNTHETIC SITE 02117,,1 Example Way,Nowhere,ZZ,00000,2361,SYNTHETIC INDUSTRY,222,340633,2,0,0,0,0,0,0,0,0,0,0,0,0,102117,1,2,2021,1/1/2022,
2119,SYNTHETIC COMPANY 02118,SYNTHETIC SITE 02118,,1 Example Way,Nowhere,ZZ,00000,6221,SYNTHETIC INDUSTRY,33,53509,2,0,0,0,0,0,0,0,0,0,0,0,0,102118,1,2,2021,1/1/2022,
2120,SYNTHETIC COMPANY 02119,SYNTHETIC SITE 02119,,1 Example Way,Nowhere,ZZ,00000,4841,SYNTHETIC INDUSTRY,125,190488,1,0,1,0,1,7,0,2,0,0,0,0,0,102119,1,2,2021,1/1/2022,
2121,SYNTHETIC COMPANY 02120,SYNTHETIC SITE 02120,,1 Example Way,Nowhere,ZZ,00000,4841,SYNTHETIC INDUSTRY,56,118008,1,0,1,0,2,7,0,3,0,0,0,0,0,102120,1,2,2021,1/1/2022,
2122,SYNTHETIC COMPANY 02121,SYNTHETIC SITE 02121,,1 Example Way,Nowhere,ZZ,00000,3328,SYNTHETIC INDUSTRY,88,180317,1,0,0,0,1,0,0,1,0,0,0,0,0,102121,1,2,2021,1/1/2022,
2123,SYNTHETIC COMPANY 02122,SYNTHETIC SITE 02122,,1 Example Way,Nowhere,ZZ,00000,6221,SYNTHETIC INDUSTRY,13,25978,1,0,0,1,0,0,4,1,0,0,0,0,0,102122,1,2,2021,1/1/2022,
2124,SYNTHETIC COMPANY 02123,SYNTHETIC SITE 02123,,1 Example Way,Nowhere,ZZ,00000,3328,SYNTHETIC INDUSTRY,53,102747,2,0,0,0,0,0,0,0,0,0,0,0,0,102123,1,2,2021,1/1/2022,
2125,SYNTHETIC COMPANY 02124,SYNTHETIC SITE 02124,,1 Example Way,Nowhere,ZZ,00000,2361,SYNTHETIC INDUSTRY,71,140205,2,0,0,0,0,0,0,0,0,0,0,0,0,102124,1,2,2021,1/1/2022,
2126,SYNTHETIC COMPANY 02125,SYNTHETIC SITE 02125,,1 Example Way,Nowhere,ZZ,00000,2361,SYNTHETIC INDUSTRY,6,14892,2,0,0,0,0,0,0,0,0,0,0,0,0,102125,1,2,2021,1/1/2022,
2127,SYNTHETIC COMPANY 02126,SYNTHETIC SITE 02126,,1 Example Way,Nowhere,ZZ,00000,4451,SYNTHETIC INDUSTRY,266,501725,1,0,4,2,3,28,8,9,0,0,0,0,0,102126,1,2,2021,1/1/2022,
2128,SYNTHETIC COMPANY 02127,SYNTHETIC SITE 02127,,1 Example Way,Nowhere,ZZ,00000,3115,SYNTHETIC INDUSTRY,55,101882,1,0,1,0,0,7,0,1,0,0,0,0,0,102127,1,2,2021,1/1/2022,
2129,SYNTHETIC COMPANY 02128,SYNTHETIC SITE 02128,,1 Example Way,Nowhere,ZZ,00000,2361,SYNTHETIC INDUSTRY,39,74832,1,0,0,0,2,0,0,2,0,0,0,0,0,102128,1,2,2021,1/1/2022,
2130,SYNTHETIC COMPANY 02129,SYNTHETIC SITE 02129,,1 Example Way,Nowhere,ZZ,00000,3251,SYNTHETIC INDUSTRY,64,131520,1,0,1,0,1,7,0,2,0,0,0,0,0,102129,1,2,2021,1/1/2022,
2131,SYNTHETIC COMPANY 02130,SYNTHETIC SITE 02130,,1 Example Way,Nowhere,ZZ,00000,4841,SYNTHETIC INDUSTRY,51,93138,2,0,0,0,0,0,0,0,0,0,0,0,0,102130,1,2,2021,1/1/2022,
2132,SYNTHETIC COMPANY 02131,SYNTHETIC SITE 02131,,1 Example Way,Nowhere,ZZ,00000,3251,SYNTHETIC INDUSTRY,12,25097,2,0,0,0,0,0,0,0,0,0,0,0,0,102131,1,2,2021,1/1/2022,
2133,SYNTHETIC COMPANY 02132,SYNTHETIC SITE 02132,,1 Example Way,Nowhere,ZZ,00000,4841,SYNTHETIC INDUSTRY,88,163567,1,0,2,2,2,14,8,6,0,0,0,0,0,102132,1,2,2021,1/1/2022,
2134,SYNTHETIC COMPANY 02133,SYNTHETIC SITE 02133,,1 Example Way,Nowhere,ZZ,00000,3251,SYNTHETIC INDUSTRY,45,97189,2,0,0,0,0,0,0,0,0,0,0,0,0,102133,1,2,2021,1/1/2022,
2135,SYNTHETIC COMPANY 02134,SYNTHETIC SITE 02134,,1 Example Way,Nowhere,ZZ,00000,3251,SYNTHETIC INDUSTRY,42,74031,2,0,0,0,0,0,0,0,0,0,0,0,0,102134,1,2,2021,1/1/2022,
2136,SYNTHETIC COMPANY 02135,SYNTHETIC SITE 02135,,1 Example Way,Nowhere,ZZ,00000,3115,SYNTHETIC INDUSTRY,32,65647,2,0,0,0,0,0,0,0,0,0,0,0,0,102135,1,2,2021,1/1/2022,
2137,SYNTHETIC COMPANY 02136,SYNTHETIC SITE 02136,,1 Example Way,Nowhere,ZZ,00000,4451,SYNTHETIC INDUSTRY,97,148624,1,0,2,1,0,14,4,3,0,0,0,0,0,102136,1,2,2021,1/1/2022,
2138,SYNTHETIC COMPANY 02137,SYNTHETIC SITE 02137,,1 Example Way,Nowhere,ZZ,00000,6221,SYNTHETIC INDUSTRY,1045,1647307,1,0,9,9,13,63,36,31,0,0,0,0,0,102137,1,2,2021,1/1/2022,
2139,SYNTHETIC COMPANY 02138,SYNTHETIC SITE 02138,,1 Example Way,Nowhere,ZZ,00000,3251,SYNTHETIC INDUSTRY,14,27632,2,0,0,0,0,0,0,0,0,0,0,0,0,102138,1,2,2021,1/1/2022,
2140,SYNTHETIC COMPANY 02139,SYNTHETIC SITE 02139,,1 Example Way,Nowhere,ZZ,00000,3251,SYNTHETIC INDUSTRY,25,56064,2,0,0,0,0,0,0,0,0,0,0,0,0,102139,1,2,2021,1/1/2022,
2141,SYNTHETIC COMPANY 02140,SYNTHETIC SITE 02140,,1 Example Way,Nowhere,ZZ,00000,4451,SYNTHETIC INDUSTRY,33,61923,2,0,0,0,0,0,0,0,0,0,0,0,0,102140,1,2,2021,1/1/2022,
2142,SYNTHETIC COMPANY 02141,SYNTHETIC SITE 02141,,1 Example Way,Nowhere,ZZ,00000,3252,SYNTHETIC INDUSTRY,62,95023,1,0,0,1,0,0,4,1,0,0,0,0,0,102141,1,2,2021,1/1/2022,
2143,SYNTHETIC COMPANY 02142,SYNTHETIC SITE 02142,,1 Example Way,Nowhere,ZZ,00000,3251,SYNTHETIC INDUSTRY,181,325252,1,0,5,3,5,35,12,13,0,0,0,0,0,102142,1,2,2021,1/1/2022,
2144,SYNTHETIC COMPANY 02143,SYNTHETIC SITE 02143,,1 Example Way,Nowhere,ZZ,00000,2361,SYNTHETIC INDUSTRY,14,25324,2,0,0,0,0,0,0,0,0,0,0,0,0,102143,1,2,2021,1/1/2022,
2145,SYNTHETIC COMPANY 02144,SYNTHETIC SITE 02144,,1 Example Way,Nowhere,ZZ,00000,4841,SYNTHETIC INDUSTRY,67,116854,2,0,0,0,0,0,0,0,0,0,0,0,0,102144,1,2,2021,1/1/2022,
2146,SYNTHETIC COMPANY 02145,SYNTHETIC SITE 02145,,1 Example Way,Nowhere,ZZ,00000,3115,SYNTHETIC INDUSTRY,85,167750,1,0,0,1,2,0,4,3,0,0,0,0,0,102145,1,2,2021,1/1/2022,
2147,SYNTHETIC COMPANY 02146,SYNTHETIC SITE 02146,,1 Example Way,Nowhere,ZZ,00000,4841,SYNTHETIC INDUSTRY,17,33999,1,0,0,0,1,0,0,1,0,0,0,0,0,102146,1,2,2021,1/1/2022,
2148,SYNTHETIC COMPANY 02147,SYNTHETIC SITE 02147,,1 Example Way,Nowhere,ZZ,00000,3251,SYNTHETIC INDUSTRY,201,361087,2,0,0,0,0,0,0,0,0,0,0,0,0,102147,1,2,2021,1/1/2022,
2149,SYNTHETIC COMPANY 02148,SYNTHETIC SITE 02148,,1 Example Way,Nowhere,ZZ,00000,2361,SYNTHETIC INDUSTRY,19,24321,2,0,0,0,0,0,0,0,0,0,0,0,0,102148,1,2,2021,1/1/2022,
2150,SYNTHETIC COMPANY 02149,SYNTHETIC SITE 02149,,1 Example Way,Nowhere,ZZ,00000,3115,SYNTHETIC INDUSTRY,115,214664,2,0,0,0,0,0,0,0,0,0,0,0,0,102149,1,2,2021,1/1/2022,
2151,SYNTHETIC COMPANY 02150,SYNTHETIC SITE 02150,,1 Example Way,Nowhere,ZZ,00000,4451,SYNTHETIC INDUSTRY,73,99932,1,0,1,0,0,7,0,1,0,0,0,0,0,102150,1,2,2021,1/1/2022,
2152,SYNTHETIC COMPANY 02151,SYNTHETIC SITE 02151,,1 Example Way,Nowhere,ZZ,00000,4451,SYNTHETIC INDUSTRY,18,35884,2,0,0,0,0,0,0,0,0,0,0,0,0,102151,1,2,2021,1/1/2022,
2153,SYNTHETIC COMPANY 02152,SYNTHETIC SITE 02152,,1 Example Way,Nowhere,ZZ,00000,2361,SYNTHETIC INDUSTRY,52,120543,1,0,1,0,0,7,0,1,0,0,0,0,0,102152,1,2,2021,1/1/2022,
2154,SYNTHETIC COMPANY 02153,SYNTHETIC SITE 02153,,1 Example Way,Nowhere,ZZ,00000,3251,SYNTHETIC INDUSTRY,8,14879,1,0,0,0,1,0,0,1,0,0,0,0,0,102153,1,2,2021,1/1/2022,
2155,SYNTHETIC COMPANY 02154,SYNTHETIC SITE 02154,,1 Example Way,Nowhere,ZZ,00000,3252,SYNTHETIC INDUSTRY,201,341776,1,0,0,1,1,0,4,2,0,0,0,0,0,102154,1,2,2021,1/1/2022,
2156,SYNTHETIC COMPANY 02155,SYNTHETIC SITE 02155,,1 Example Way,Nowhere,ZZ,00000,3328,SYNTHETIC INDUSTRY,28,40669,1,0,0,0,2,0,0,2,0,0,0,0,0,102155,1,2,2021,1/1/2022,
2157,SYNTHETIC COMPANY 02156,SYNTHETIC SITE 02156,,1 Example Way,Nowhere,ZZ,00000,4451,SYNTHETIC INDUSTRY,71,102559,2,0,0,0,0,0,0,0,0,0,0,0,0,102156,1,2,2021,1/1/2022,
2158,SYNTHETIC COMPANY 02157,SYNTHETIC SITE 02157,,1 Example Way,Nowhere,ZZ,00000,3251,SYNTHETIC INDUSTRY,47,91066,2,0,0,0,0,0,0,0,0,0,0,0,0,102157,1,2,2021,1/1/2022,
2159,SYNTHETIC COMPANY 02158,SYNTHETIC SITE 02158,,1 Example Way,Nowhere,ZZ,00000,6221,SYNTHETIC INDUSTRY,29,28513,2,0,0,0,0,0,0,0,0,0,0,0,0,102158,1,2,2021,1/1/2022,
2160,SYNTHETIC COMPANY 02159,SYNTHETIC SITE 02159,,1 Example Way,Nowhere,ZZ,00000,2361,SYNTHETIC INDUSTRY,26,397130,1,0,1,0,0,7,0,1,0,0,0,0,0,102159,1,2,2021,1/1/2022,
2161,SYNTHETIC COMPANY 02160,SYNTHETIC SITE 02160,,1 Example Way,Nowhere,ZZ,00000,3115,SYNTHETIC INDUSTRY,66,110931,1,0,0,0,4,0,0,4,0,0,0,0,0,102160,1,2,2021,1/1/2022,
2162,SYNTHETIC COMPANY 02161,SYNTHETIC SITE 02161,,1 Example Way,Nowhere,ZZ,00000,4451,SYNTHETIC INDUSTRY,68,127148,1,0,1,0,1,7,0,2,0,0,0,0,0,102161,1,2,2021,1/1/2022,
2163,SYNTHETIC COMPANY 02162,SYNTHETIC SITE 02162,,1 Example Way,Nowhere,ZZ,00000,2361,SYNTHETIC INDUSTRY,43,67020,2,0,0,0,0,0,0,0,0,0,0,0,0,102162,1,2,2021,1/1/2022,
2164,SYNTHETIC COMPANY 02163,SYNTHETIC SITE 02163,,1 Example Way,Nowhere,ZZ,00000,3115,SYNTHETIC INDUSTRY,75,176608,2,0,0,0,0,0,0,0,0,0,0,0,0,102163,1,2,2021,1/1/2022,
2165,SYNTHETIC COMPANY 02164,SYNTHETIC SITE 02164,,1 Example Way,Nowhere,ZZ,00000,3252,SYNTHETIC INDUSTRY,10,15288,2,0,0,0,0,0,0,0,0,0,0,0,0,102164,1,2,2021,1/1/2022,
2166,SYNTHETIC COMPANY 02165,SYNTHETIC SITE 02165,,1 Example Way,Nowhere,ZZ,00000,3328,SYNTHETIC INDUSTRY,78,136796,2,0,0,0,0,0,0,0,0,0,0,0,0,102165,1,2,2021,1/1/2022,
2167,SYNTHETIC COMPANY 02166,SYNTHETIC SITE 02166,,1 Example Way,Nowhere,ZZ,00000,3252,SYNTHETIC INDUSTRY,47,82473,2,0,0,0,0,0,0,0,0,0,0,0,0,102166,1,2,2021,1/1/2022,
2168,SYNTHETIC COMPANY 02167,SYNTHETIC SITE 02167,,1 Example Way,Nowhere,ZZ,00000,6221,SYNTHETIC INDUSTRY,312,605404,2,0,0,0,0,0,0,0,0,0,0,0,0,102167,1,2,2021,1/1/2022,
2169,SYNTHETIC COMPANY 02168,SYNTHETIC SITE 02168,,1 Example Way,Nowhere,ZZ,00000,3251,SYNTHETIC INDUSTRY,85,174650,1,0,0,0,1,0,0,1,0,0,0,0,0,102168,1,2,2021,1/1/2022,
2170,SYNTHETIC COMPANY 02169,SYNTHETIC SITE 02169,,1 Example Way,Nowhere,ZZ,00000,3251,SYNTHETIC INDUSTRY,156,284151,1,0,0,0,2,0,0,2,0,0,0,0,0,102169,1,2,2021,1/1/2022,
2171,SYNTHETIC COMPANY 02170,SYNTHETIC SITE 02170,,1 Example Way,Nowhere,ZZ,00000,4841,SYNTHETIC INDUSTRY,17,29759,1,0,0,1,0,0,4,1,0,0,0,0,0,102170,1,2,2021,1/1/2022,
2172,SYNTHETIC COMPANY 02171,SYNTHETIC SITE 02171,,1 Example Way,Nowhere,ZZ,00000,4451,SYNTHETIC INDUSTRY,69,103306,2,0,0,0,0,0,0,0,0,0,0,0,0,102171,1,2,2021,1/1/2022,
2173,SYNTHETIC COMPANY 02172,SYNTHETIC SITE 02172,,1 Example Way,Nowhere,ZZ,00000,3115,SYNTHETIC INDUSTRY,25,41751,1,0,1,0,0,7,0,1,0,0,0,0,0,102172,1,2,2021,1/1/2022,
2174,SYNTHETIC COMPANY 02173,SYNTHETIC SITE 02173,,1 Example Way,Nowhere,ZZ,00000,3251,SYNTHETIC INDUSTRY,48,123288,1,0,0,1,0,0,4,1,0,0,0,0,0,102173,1,2,2021,1/1/2022,
2175,SYNTHETIC COMPANY 02174,SYNTHETIC SITE 02174,,1 Example Way,Nowhere,ZZ,00000,3328,SYNTHETIC INDUSTRY,82,144589,2,0,0,0,0,0,0,0,0,0,0,0,0,102174,1,2,2021,1/1/2022,
2176,SYNTHETIC COMPANY 02175,SYNTHETIC SITE 02175,,1 Example Way,Nowhere,ZZ,00000,4841,SYNTHETIC INDUSTRY,28,40519,2,0,0,0,0,0,0,0,0,0,0,0,0,102175,1,2,2021,1/1/2022,
2177,SYNTHETIC COMPANY 02176,SYNTHETIC SITE 02176,,1 Example Way,Nowhere,ZZ,00000,3115,SYNTHETIC INDUSTRY,40,75821,1,0,1,0,1,7,0,2,0,0,0,0,0,102176,1,2,2021,1/1/2022,
2178,SYNTHETIC COMPANY 02177,SYNTHETIC SITE 02177,,1 Example Way,Nowhere,ZZ,00000,3115,SYNTHETIC INDUSTRY,26,49238,1,0,0,0,1,0,0,1,0,0,0,0,0,102177,1,2,2021,1/1/2022,
2179,SYNTHETIC COMPANY 02178,SYNTHETIC SITE 02178,,1 Example Way,Nowhere,ZZ,00000,3115,SYNTHETIC INDUSTRY,26,61117,2,0,0,0,0,0,0,0,0,0,0,0,0,102178,1,2,2021,1/1/2022,
2180,SYNTHETIC COMPANY 02179,SYNTHETIC SITE 02179,,1 Example Way,Nowhere,ZZ,00000,6221,SYNTHETIC INDUSTRY,35,65850,1,0,0,1,0,0,4,1,0,0,0,0,0,102179,1,2,2021,1/1/2022,
2181,SYNTHETIC COMPANY 02180,SYNTHETIC SITE 02180,,1 Example Way,Nowhere,ZZ,00000,4451,SYNTHETIC INDUSTRY,8,18208,2,0,0,0,0,0,0,0,0,0,0,0,0,102180,1,2,2021,1/1/2022,
2182,SYNTHETIC COMPANY 02181,SYNTHETIC SITE 02181,,1 Example Way,Nowhere,ZZ,00000,3328,SYNTHETIC INDUSTRY,59,113496,2,0,0,0,0,0,0,0,0,0,0,0,0,102181,1,2,2021,1/1/2022,
2183,SYNTHETIC COMPANY 02182,SYNTHETIC SITE 02182,,1 Example Way,Nowhere,ZZ,00000,3252,SYNTHETIC INDUSTRY,29,47461,2,0,0,0,0,0,0,0,0,0,0,0,0,102182,1,2,2021,1/1/2022,
2184,SYNTHETIC COMPANY 02183,SYNTHETIC SITE 02183,,1 Example Way,Nowhere,ZZ,00000,4451,SYNTHETIC INDUSTRY,40,85995,2,0,0,0,0,0,0,0,0,0,0,0,0,102183,1,2,2021,1/1/2022,
2185,SYNTHETIC COMPANY 02184,SYNTHETIC SITE 02184,,1 Example Way,Nowhere,ZZ,00000,3251,SYNTHETIC INDUSTRY,38,71313,2,0,0,0,0,0,0,0,0,0,0,0,0,102184,1,2,2021,1/1/2022,
2186,SYNTHETIC COMPANY 02185,SYNTHETIC SITE 02185,,1 Example Way,Nowhere,ZZ,00000,3251,SYNTHETIC INDUSTRY,79,190646,1,0,0,0,1,0,0,1,0,0,0,0,0,102185,1,2,2021,1/1/2022,
2187,SYNTHETIC COMPANY 02186,SYNTHETIC SITE 02186,,1 Example Way,Nowhere,ZZ,00000,3251,SYNTHETIC INDUSTRY,266,549984,1,0,5,1,4,35,4,10,0,0,0,0,0,102186,1,2,2021,1/1/2022,
2188,SYNTHETIC COMPANY 02187,SYNTHETIC SITE 02187,,1 Example Way,Nowhere,ZZ,00000,3328,SYNTHETIC INDUSTRY,59,129730,1,0,1,0,0,7,0,1,0,0,0,0,0,102187,1,2,2021,1/1/2022,
2189,SYNTHETIC COMPANY 02188,SYNTHETIC SITE 02188,,1 Example Way,Nowhere,ZZ,00000,3251,SYNTHETIC INDUSTRY,20,38292,2,0,0,0,0,0,0,0,0,0,0,0,0,102188,1,2,2021,1/1/2022,
2190,SYNTHETIC COMPANY 02189,SYNTHETIC SITE 02189,,1 Example Way,Nowhere,ZZ,00000,3252,SYNTHETIC INDUSTRY,40,61831,1,0,0,0,1,0,0,1,0,0,0,0,0,102189,1,2,2021,1/1/2022,
2191,SYNTHETIC COMPANY 02190,SYNTHETIC SITE 02190,,1 Example Way,Nowhere,ZZ,00000,3115,SYNTHETIC INDUSTRY,172,260168,1,0,4,1,5,28,4,10,0,0,0,0,0,102190,1,2,2021,1/1/2022,
2192,SYNTHETIC COMPANY 02191,SYNTHETIC SITE 02191,,1 Example Way,Nowhere,ZZ,00000,3252,SYNTHETIC INDUSTRY,25,37959,2,0,0,0,0,0,0,0,0,0,0,0,0,102191,1,2,2021,1/1/2022,
2193,SYNTHETIC COMPANY 02192,SYNTHETIC SITE 02192,,1 Example Way,Nowhere,ZZ,00000,4451,SYNTHETIC INDUSTRY,172,295901,1,0,3,2,4,21,8,9,0,0,0,0,0,102192,1,2,2021,1/1/2022,
2194,SYNTHETIC COMPANY 02193,SYNTHETIC SITE 02193,,1 Example Way,Nowhere,ZZ,00000,3328,SYNTHETIC INDUSTRY,9,20574,2,0,0,0,0,0,0,0,0,0,0,0,0,102193,1,2,2021,1/1/2022,
2195,SYNTHETIC COMPANY 02194,SYNTHETIC SITE 02194,,1 Example Way,Nowhere,ZZ,00000,4451,SYNTHETIC INDUSTRY,143,237095,2,0,0,0,0,0,0,0,0,0,0,0,0,102194,1,2,2021,1/1/2022,
2196,SYNTHETIC COMPANY 02195,SYNTHETIC SITE 02195,,1 Example Way,Nowhere,ZZ,00000,2361,SYNTHETIC INDUSTRY,18,28176,2,0,0,0,0,0,0,0,0,0,0,0,0,102195,1,2,2021,1/1/2022,
2197,SYNTHETIC COMPANY 02196,SYNTHETIC SITE 02196,,1 Example Way,Nowhere,ZZ,00000,3252,SYNTHETIC INDUSTRY,72,160237,1,0,2,0,1,14,0,3,0,0,0,0,0,102196,1,2,2021,1/1/2022,
2198,SYNTHETIC COMPANY 02197,SYNTHETIC SITE 02197,,1 Example Way,Nowhere,ZZ,00000,6221,SYNTHETIC INDUSTRY,26,44158,2,0,0,0,0,0,0,0,0,0,0,0,0,102197,1,2,2021,1/1/2022,
2199,SYNTHETIC COMPANY 02198,SYNTHETIC SITE 02198,,1 Example Way,Nowhere,ZZ,00000,3115,SYNTHETIC INDUSTRY,62,117574,1,0,1,0,1,7,0,2,0,0,0,0,0,102198,1,2,2021,1/1/2022,
2200,SYNTHETIC COMPANY 02199,SYNTHETIC SITE 02199,,1 Example Way,Nowhere,ZZ,00000,3115,SYNTHETIC INDUSTRY,5,9876,2,0,0,0,0,0,0,0,0,0,0,0,0,102199,1,2,2021,1/1/2022,
2201,SYNTHETIC COMPANY 02200,SYNTHETIC SITE 02200,,1 Example Way,Nowhere,ZZ,00000,3251,SYNTHETIC INDUSTRY,39,73501,2,0,0,0,0,0,0,0,0,0,0,0,0,102200,1,2,2021,1/1/2022,
2202,SYNTHETIC COMPANY 02201,SYNTHETIC SITE 02201,,1 Example Way,Nowhere,ZZ,00000,3328,SYNTHETIC INDUSTRY,155,302612,1,0,3,1,3,21,4,7,0,0,0,0,0,102201,1,2,2021,1/1/2022,
2203,SYNTHETIC COMPANY 02202,SYNTHETIC SITE 02202,,1 Example Way,Nowhere,ZZ,00000,4841,SYNTHETIC INDUSTRY,188,307118,1,0,1,0,0,7,0,1,0,0,0,0,0,102202,1,2,2021,1/1/2022,
2204,SYNTHETIC COMPANY 02203,SYNTHETIC SITE 02203,,1 Example Way,Nowhere,ZZ,00000,3251,SYNTHETIC INDUSTRY,24,47777,2,0,0,0,0,0,0,0,0,0,0,0,0,102203,1,2,2021,1/1/2022,
2205,SYNTHETIC COMPANY 02204,SYNTHETIC SITE 02204,,1 Example Way,Nowhere,ZZ,00000,4841,SYNTHETIC INDUSTRY,46,109872,2,0,0,0,0,0,0,0,0,0,0,0,0,102204,1,2,2021,1/1/2022,
2206,SYNTHETIC COMPANY 02205,SYNTHETIC SITE 02205,,1 Example Way,Nowhere,ZZ,00000,3328,SYNTHETIC INDUSTRY,11,16588,2,0,0,0,0,0,0,0,0,0,0,0,0,102205,1,2,2021,1/1/2022,
2207,SYNTHETIC COMPANY 02206,SYNTHETIC SITE 02206,,1 Example Way,Nowhere,ZZ,00000,3328,SYNTHETIC INDUSTRY,113,172459,1,0,0,0,1,0,0,1,0,0,0,0,0,102206,1,2,2021,1/1/2022,
2208,SYNTHETIC COMPANY 02207,SYNTHETIC SITE 02207,,1 Example Way,Nowhere,ZZ,00000,3251,SYNTHETIC INDUSTRY,262,561381,1,0,0,1,0,0,4,1,0,0,0,0,0,102207,1,2,2021,1/1/2022,
2209,SYNTHETIC COMPANY 02208,SYNTHETIC SITE 02208,,1 Example Way,Nowhere,ZZ,00000,3115,SYNTHETIC INDUSTRY,206,379174,1,0,0,0,1,0,0,1,0,0,0,0,0,102208,1,2,2021,1/1/2022,
2210,SYNTHETIC COMPANY 02209,SYNTHETIC SITE 02209,,1 Example Way,Nowhere,ZZ,00000,3328,SYNTHETIC INDUSTRY,75,151641,1,0,0,1,0,0,4,1,0,0,0,0,0,102209,1,2,2021,1/1/2022,
2211,SYNTHETIC COMPANY 02210,SYNTHETIC SITE 02210,,1 Example Way,Nowhere,ZZ,00000,3251,SYNTHETIC INDUSTRY,127,218616,2,0,0,0,0,0,0,0,0,0,0,0,0,102210,1,2,2021,1/1/2022,
2212,SYNTHETIC COMPANY 02211,SYNTHETIC SITE 02211,,1 Example Way,Nowhere,ZZ,00000,3252,SYNTHETIC INDUSTRY,89,173685,2,0,0,0,0,0,0,0,0,0,0,0,0,102211,1,2,2021,1/1/2022,
2213,SYNTHETIC COMPANY 02212,SYNTHETIC SITE 02212,,1 Example Way,Nowhere,ZZ,00000,3115,SYNTHETIC INDUSTRY,30,50139,2,0,0,0,0,0,0,0,0,0,0,0,0,102212,1,2,2021,1/1/2022,
2214,SYNTHETIC COMPANY 02213,SYNTHETIC SITE 02213,,1 Example Way,Nowhere,ZZ,00000,3328,SYNTHETIC INDUSTRY,77,143221,1,0,3,2,2,21,8,7,0,0,0,0,0,102213,1,2,2021,1/1/2022,
2215,SYNTHETIC COMPANY 02214,SYNTHETIC SITE 02214,,1 Example Way,Nowhere,ZZ,00000,3252,SYNTHETIC INDUSTRY,46,55271,2,0,0,0,0,0,0,0,0,0,0,0,0,102214,1,2,2021,1/1/2022,
2216,SYNTHETIC COMPANY 02215,SYNTHETIC SITE 02215,,1 Example Way,Nowhere,ZZ,00000,2361,SYNTHETIC INDUSTRY,35,53458,1,0,1,0,0,7,0,1,0,0,0,0,0,102215,1,2,2021,1/1/2022,
2217,SYNTHETIC COMPANY 02216,SYNTHETIC SITE 02216,,1 Example Way,Nowhere,ZZ,00000,6221,SYNTHETIC INDUSTRY,80,132021,1,0,1,0,0,7,0,1,0,0,0,0,0,102216,1,2,2021,1/1/2022,
2218,SYNTHETIC COMPANY 02217,SYNTHETIC SITE 02217,,1 Example Way,Nowhere,ZZ,00000,4841,SYNTHETIC INDUSTRY,15,24266,2,0,0,0,0,0,0,0,0,0,0,0,0,102217,1,2,2021,1/1/2022,
2219,SYNTHETIC COMPANY 02218,SYNTHETIC SITE 02218,,1 Example Way,Nowhere,ZZ,00000,3251,SYNTHETIC INDUSTRY,27,57431,2,0,0,0,0,0,0,0,0,0,0,0,0,102218,1,2,2021,1/1/2022,
2220,SYNTHETIC COMPANY 02219,SYNTHETIC SITE 02219,,1 Example Way,Nowhere,ZZ,00000,6221,SYNTHETIC INDUSTRY,24,40855,1,0,1,0,0,7,0,1,0,0,0,0,0,102219,1,2,2021,1/1/2022,
2221,SYNTHETIC COMPANY 02220,SYNTHETIC SITE 02220,,1 Example Way,Nowhere,ZZ,00000,4841,SYNTHETIC INDUSTRY,73,135008,1,0,1,1,0,7,4,2,0,0,0,0,0,102220,1,2,2021,1/1/2022,
2222,SYNTHETIC COMPANY 02221,SYNTHETIC SITE 02221,,1 Example Way,Nowhere,ZZ,00000,3251,SYNTHETIC INDUSTRY,41,90983,1,0,1,0,1,7,0,2,0,0,0,0,0,102221,1,2,2021,1/1/2022,
2223,SYNTHETIC COMPANY 02222,SYNTHETIC SITE 02222,,1 Example Way,Nowhere,ZZ,00000,6221,SYNTHETIC INDUSTRY,539,939966,1,0,2,10,7,14,40,19,0,0,0,0,0,102222,1,2,2021,1/1/2022,
2224,SYNTHETIC COMPANY 02223,SYNTHETIC SITE 02223,,1 Example Way,Nowhere,ZZ,00000,4451,SYNTHETIC INDUSTRY,64,120807,2,0,0,0,0,0,0,0,0,0,0,0,0,102223,1,2,2021,1/1/2022,
2225,SYNTHETIC COMPANY 02224,SYNTHETIC SITE 02224,,1 Example Way,Nowhere,ZZ,00000,3328,SYNTHETIC INDUSTRY,76,133968,1,0,1,1,2,7,4,4,0,0,0,0,0,102224,1,2,2021,1/1/2022,
2226,SYNTHETIC COMPANY 02225,SYNTHETIC SITE 02225,,1 Example Way,Nowhere,ZZ,00000,3252,SYNTHETIC INDUSTRY,19,36702,2,0,0,0,0,0,0,0,0,0,0,0,0,102225,1,2,2021,1/1/2022,
2227,SYNTHETIC COMPANY 02226,SYNTHETIC SITE 02226,,1 Example Way,Nowhere,ZZ,00000,4841,SYNTHETIC INDUSTRY,245,430551,1,0,6,6,4,42,24,16,0,0,0,0,0,102226,1,2,2021,1/1/2022,
2228,SYNTHETIC COMPANY 02227,SYNTHETIC SITE 02227,,1 Example Way,Nowhere,ZZ,00000,4841,SYNTHETIC INDUSTRY,65,111436,2,0,0,0,0,0,0,0,0,0,0,0,0,102227,1,2,2021,1/1/2022,
2229,SYNTHETIC COMPANY 02228,SYNTHETIC SITE 02228,,1 Example Way,Nowhere,ZZ,00000,6221,SYNTHETIC INDUSTRY,240,477415,1,0,3,2,2,21,8,7,0,0,0,0,0,102228,1,2,2021,1/1/2022,
2230,SYNTHETIC COMPANY 02229,SYNTHETIC SITE 02229,,1 Example Way,Nowhere,ZZ,00000,4451,SYNTHETIC INDUSTRY,134,226121,1,0,2,1,3,14,4,6,0,0,0,0,0,102229,1,2,2021,1/1/2022,
2231,SYNTHETIC COMPANY 02230,SYNTHETIC SITE 02230,,1 Example Way,Nowhere,ZZ,00000,3251,SYNTHETIC INDUSTRY,189,318576,1,0,4,2,2,28,8,8,0,0,0,0,0,102230,1,2,2021,1/1/2022,
2232,SYNTHETIC COMPANY 02231,SYNTHETIC SITE 02231,,1 Example Way,Nowhere,ZZ,00000,4841,SYNTHETIC INDUSTRY,66,119454,1,0,1,0,0,7,0,1,0,0,0,0,0,102231,1,2,2021,1/1/2022,
2233,SYNTHETIC COMPANY 02232,SYNTHETIC SITE 02232,,1 Example Way,Nowhere,ZZ,00000,3252,SYNTHETIC INDUSTRY,112,225851,2,0,0,0,0,0,0,0,0,0,0,0,0,102232,1,2,2021,1/1/2022,
2234,SYNTHETIC COMPANY 02233,SYNTHETIC SITE 02233,,1 Example Way,Nowhere,ZZ,00000,4451,SYNTHETIC INDUSTRY,32,62244,2,0,0,0,0,0,0,0,0,0,0,0,0,102233,1,2,2021,1/1/2022,
2235,SYNTHETIC COMPANY 02234,SYNTHETIC SITE 02234,,1 Example Way,Nowhere,ZZ,00000,6221,SYNTHETIC INDUSTRY,19,31488,2,0,0,0,0,0,0,0,0,0,0,0,0,102234,1,2,2021,1/1/2022,
2236,SYNTHETIC COMPANY 02235,SYNTHETIC SITE 02235,,1 Example Way,Nowhere,ZZ,00000,3115,SYNTHETIC INDUSTRY,130,227110,1,0,1,0,1,7,0,2,0,0,0,0,0,102235,1,2,2021,1/1/2022,
2237,SYNTHETIC COMPANY 02236,SYNTHETIC SITE 02236,,1 Example Way,Nowhere,ZZ,00000,2361,SYNTHETIC INDUSTRY,154,366014,1,0,10,6,7,70,24,23,0,0,0,0,0,102236,1,2,2021,1/1/2022,
2238,SYNTHETIC COMPANY 02237,SYNTHETIC SITE 02237,,1 Example Way,Nowhere,ZZ,00000,3328,SYNTHETIC INDUSTRY,162,360373,1,0,1,1,3,7,4,5,0,0,0,0,0,102237,1,2,2021,1/1/2022,
2239,SYNTHETIC COMPANY 02238,SYNTHETIC SITE 02238,,1 Example Way,Nowhere,ZZ,00000,2361,SYNTHETIC INDUSTRY,29,70454,1,0,2,0,0,14,0,2,0,0,0,0,0,102238,1,2,2021,1/1/2022,
2240,SYNTHETIC COMPANY 02239,SYNTHETIC SITE 02239,,1 Example Way,Nowhere,ZZ,00000,3328,SYNTHETIC INDUSTRY,18,30446,2,0,0,0,0,0,0,0,0,0,0,0,0,102239,1,2,2021,1/1/2022,
2241,SYNTHETIC COMPANY 02240,SYNTHETIC SITE 02240,,1 Example Way,Nowhere,ZZ,00000,3115,SYNTHETIC INDUSTRY,42,91531,2,0,0,0,0,0,0,0,0,0,0,0,0,102240,1,2,2021,1/1/2022,
2242,SYNTHETIC COMPANY 02241,SYNTHETIC SITE 02241,,1 Example Way,Nowhere,ZZ,00000,3115,SYNTHETIC INDUSTRY,257,449892,2,0,0,0,0,0,0,0,0,0,0,0,0,102241,1,2,2021,1/1/2022,
2243,SYNTHETIC COMPANY 02242,SYNTHETIC SITE 02242,,1 Example Way,Nowhere,ZZ,00000,2361,SYNTHETIC INDUSTRY,83,115523,2,0,0,0,0,0,0,0,0,0,0,0,0,102242,1,2,2021,1/1/2022,
2244,SYNTHETIC COMPANY 02243,SYNTHETIC SITE 02243,,1 Example Way,Nowhere,ZZ,00000,6221,SYNTHETIC INDUSTRY,14,28069,1,0,3,0,0,21,0,3,0,0,0,0,0,102243,1,2,2021,1/1/2022,
2245,SYNTHETIC COMPANY 02244,SYNTHETIC SITE 02244,,1 Example Way,Nowhere,ZZ,00000,3252,SYNTHETIC INDUSTRY,39,84328,2,0,0,0,0,0,0,0,0,0,0,0,0,102244,1,2,2021,1/1/2022,
2246,SYNTHETIC COMPANY 02245,SYNTHETIC SITE 02245,,1 Example Way,Nowhere,ZZ,00000,3328,SYNTHETIC INDUSTRY,22,41581,1,0,1,0,0,7,0,1,0,0,0,0,0,102245,1,2,2021,1/1/2022,
2247,SYNTHETIC COMPANY 02246,SYNTHETIC SITE 02246,,1 Example Way,Nowhere,ZZ,00000,2361,SYNTHETIC INDUSTRY,44,74223,1,0,2,1,2,14,4,5,0,0,0,0,0,102246,1,2,2021,1/1/2022,
2248,SYNTHETIC COMPANY 02247,SYNTHETIC SITE 02247,,1 Example Way,Nowhere,ZZ,00000,2361,SYNTHETIC INDUSTRY,150,218087,2,0,0,0,0,0,0,0,0,0,0,0,0,102247,1,2,2021,1/1/2022,
2249,SYNTHETIC COMPANY 02248,SYNTHETIC SITE 02248,,1 Example Way,Nowhere,ZZ,00000,4451,SYNTHETIC INDUSTRY,56,118248,2,0,0,0,0,0,0,0,0,0,0,0,0,102248,1,2,2021,1/1/2022,
2250,SYNTHETIC COMPANY 02249,SYNTHETIC SITE 02249,,1 Example Way,Nowhere,ZZ,00000,3251,SYNTHETIC INDUSTRY,145,285621,1,0,11,1,7,77,4,19,0,0,0,0,0,102249,1,2,2021,1/1/2022,
2251,SYNTHETIC COMPANY 02250,SYNTHETIC SITE 02250,,1 Example Way,Nowhere,ZZ,00000,3328,SYNTHETIC INDUSTRY,73,121610,2,0,0,0,0,0,0,0,0,0,0,0,0,102250,1,2,2021,1/1/2022,
2252,SYNTHETIC COMPANY 02251,SYNTHETIC SITE 02251,,1 Example Way,Nowhere,ZZ,00000,4451,SYNTHETIC INDUSTRY,34,57928,1,0,0,0,2,0,0,2,0,0,0,0,0,102251,1,2,2021,1/1/2022,
2253,SYNTHETIC COMPANY 02252,SYNTHETIC SITE 02252,,1 Example Way,Nowhere,ZZ,00000,3251,SYNTHETIC INDUSTRY,78,152393,2,0,0,0,0,0,0,0,0,0,0,0,0,102252,1,2,2021,1/1/2022,
2254,SYNTHETIC COMPANY 02253,SYNTHETIC SITE 02253,,1 Example Way,Nowhere,ZZ,00000,3115,SYNTHETIC INDUSTRY,52,105937,2,0,0,0,0,0,0,0,0,0,0,0,0,102253,1,2,2021,1/1/2022,
2255,SYNTHETIC COMPANY 02254,SYNTHETIC SITE 02254,,1 Example Way,Nowhere,ZZ,00000,4841,SYNTHETIC INDUSTRY,64,101872,2,0,0,0,0,0,0,0,0,0,0,0,0,102254,1,2,2021,1/1/2022,
2256,SYNTHETIC COMPANY 02255,SYNTHETIC SITE 02255,,1 Example Way,Nowhere,ZZ,00000,3115,SYNTHETIC INDUSTRY,27,50805,2,0,0,0,0,0,0,0,0,0,0,0,0,102255,1,2,2021,1/1/2022,
2257,SYNTHETIC COMPANY 02256,SYNTHETIC SITE 02256,,1 Example Way,Nowhere,ZZ,00000,4841,SYNTHETIC INDUSTRY,33,71531,2,0,0,0,0,0,0,0,0,0,0,0,0,102256,1,2,2021,1/1/2022,
2258,SYNTHETIC COMPANY 02257,SYNTHETIC SITE 02257,,1 Example Way,Nowhere,ZZ,00000,3252,SYNTHETIC INDUSTRY,2,3781,2,0,0,0,0,0,0,0,0,0,0,0,0,102257,1,2,2021,1/1/2022,
2259,SYNTHETIC COMPANY 02258,SYNTHETIC SITE 02258,,1 Example Way,Nowhere,ZZ,00000,6221,SYNTHETIC INDUSTRY,371,756266,2,0,0,0,0,0,0,0,0,0,0,0,0,102258,1,2,2021,1/1/2022,
2260,SYNTHETIC COMPANY 02259,SYNTHETIC SITE 02259,,1 Example Way,Nowhere,ZZ,00000,4841,SYNTHETIC INDUSTRY,54,86356,2,0,0,0,0,0,0,0,0,0,0,0,0,102259,1,2,2021,1/1/2022,
2261,SYNTHETIC COMPANY 02260,SYNTHETIC SITE 02260,,1 Example Way,Nowhere,ZZ,00000,4841,SYNTHETIC INDUSTRY,278,494255,1,0,12,10,14,84,40,36,0,0,0,0,0,102260,1,2,2021,1/1/2022,
2262,SYNTHETIC COMPANY 02261,SYNTHETIC SITE 02261,,1 Example Way,Nowhere,ZZ,00000,3252,SYNTHETIC INDUSTRY,10,22266,2,0,0,0,0,0,0,0,0,0,0,0,0,102261,1,2,2021,1/1/2022,
2263,SYNTHETIC COMPANY 02262,SYNTHETIC SITE 02262,,1 Example Way,Nowhere,ZZ,00000,3251,SYNTHETIC INDUSTRY,176,364113,1,0,1,1,0,7,4,2,0,0,0,0,0,102262,1,2,2021,1/1/2022,
2264,SYNTHETIC COMPANY 02263,SYNTHETIC SITE 02263,,1 Example Way,Nowhere,ZZ,00000,4841,SYNTHETIC INDUSTRY,14,15337,2,0,0,0,0,0,0,0,0,0,0,0,0,102263,1,2,2021,1/1/2022,
2265,SYNTHETIC COMPANY 02264,SYNTHETIC SITE 02264,,1 Example Way,Nowhere,ZZ,00000,3328,SYNTHETIC INDUSTRY,202,315793,1,0,2,0,5,14,0,7,0,0,0,0,0,102264,1,2,2021,1/1/2022,
2266,SYNTHETIC COMPANY 02265,SYNTHETIC SITE 02265,,1 Example Way,Nowhere,ZZ,00000,3328,SYNTHETIC INDUSTRY,275,486671,2,0,0,0,0,0,0,0,0,0,0,0,0,102265,1,2,2021,1/1/2022,
2267,SYNTHETIC COMPANY 02266,SYNTHETIC SITE 02266,,1 Example Way,Nowhere,ZZ,00000,3251,SYNTHETIC INDUSTRY,28,53048,1,0,0,0,2,0,0,2,0,0,0,0,0,102266,1,2,2021,1/1/2022,
2268,SYNTHETIC COMPANY 02267,SYNTHETIC SITE 02267,,1 Example Way,Nowhere,ZZ,00000,3251,SYNTHETIC INDUSTRY,17,33200,2,0,0,0,0,0,0,0,0,0,0,0,0,102267,1,2,2021,1/1/2022,
2269,SYNTHETIC COMPANY 02268,SYNTHETIC SITE 02268,,1 Example Way,Nowhere,ZZ,00000,3252,SYNTHETIC INDUSTRY,32,59278,2,0,0,0,0,0,0,0,0,0,0,0,0,102268,1,2,2021,1/1/2022,
2270,SYNTHETIC COMPANY 02269,SYNTHETIC SITE 02269,,1 Example Way,Nowhere,ZZ,00000,3115,SYNTHETIC INDUSTRY,8,15281,1,0,1,0,0,7,0,1,0,0,0,0,0,102269,1,2,2021,1/1/2022,
2271,SYNTHETIC COMPANY 02270,SYNTHETIC SITE 02270,,1 Example Way,Nowhere,ZZ,00000,6221,SYNTHETIC INDUSTRY,40,81763,2,0,0,0,0,0,0,0,0,0,0,0,0,102270,1,2,2021,1/1/2022,
2272,SYNTHETIC COMPANY 02271,SYNTHETIC SITE 02271,,1 Example Way,Nowhere,ZZ,00000,4841,SYNTHETIC INDUSTRY,325,517169,1,0,6,1,3,42,4,10,0,0,0,0,0,102271,1,2,2021,1/1/2022,
2273,SYNTHETIC COMPANY 02272,SYNTHETIC SITE 02272,,1 Example Way,Nowhere,ZZ,00000,3328,SYNTHETIC INDUSTRY,34,55646,1,0,0,0,2,0,0,2,0,0,0,0,0,102272,1,2,2021,1/1/2022,
2274,SYNTHETIC COMPANY 02273,SYNTHETIC SITE 02273,,1 Example Way,Nowhere,ZZ,00000,3251,SYNTHETIC INDUSTRY,64,147891,2,0,0,0,0,0,0,0,0,0,0,0,0,102273,1,2,2021,1/1/2022,
2275,SYNTHETIC COMPANY 02274,SYNTHETIC SITE 02274,,1 Example Way,Nowhere,ZZ,00000,4451,SYNTHETIC INDUSTRY,381,750527,2,0,0,0,0,0,0,0,0,0,0,0,0,102274,1,2,2021,1/1/2022,
2276,SYNTHETIC COMPANY 02275,SYNTHETIC SITE 02275,,1 Example Way,Nowhere,ZZ,00000,6221,SYNTHETIC INDUSTRY,4,6906,2,0,0,0,0,0,0,0,0,0,0,0,0,102275,1,2,2021,1/1/2022,
2277,SYNTHETIC COMPANY 02276,SYNTHETIC SITE 02276,,1 Example Way,Nowhere,ZZ,00000,2361,SYNTHETIC INDUSTRY,246,447018,1,0,0,1,0,0,4,1,0,0,0,0,0,102276,1,2,2021,1/1/2022,
2278,SYNTHETIC COMPANY 02277,SYNTHETIC SITE 02277,,1 Example Way,Nowhere,ZZ,00000,3328,SYNTHETIC INDUSTRY,382,692960,2,0,0,0,0,0,0,0,0,0,0,0,0,102277,1,2,2021,1/1/2022,
2279,SYNTHETIC COMPANY 02278,SYNTHETIC SITE 02278,,1 Example Way,Nowhere,ZZ,00000,6221,SYNTHETIC INDUSTRY,16,31626,1,0,0,1,0,0,4,1,0,0,0,0,0,102278,1,2,2021,1/1/2022,
2280,SYNTHETIC COMPANY 02279,SYNTHETIC SITE 02279,,1 Example Way,Nowhere,ZZ,00000,2361,SYNTHETIC INDUSTRY,6,11587,2,0,0,0,0,0,0,0,0,0,0,0,0,102279,1,2,2021,1/1/2022,
2281,SYNTHETIC COMPANY 02280,SYNTHETIC SITE 02280,,1 Example Way,Nowhere,ZZ,00000,3328,SYNTHETIC INDUSTRY,63,136884,1,0,0,0,2,0,0,2,0,0,0,0,0,102280,1,2,2021,1/1/2022,
2282,SYNTHETIC COMPANY 02281,SYNTHETIC SITE 02281,,1 Example Way,Nowhere,ZZ,00000,3115,SYNTHETIC INDUSTRY,37,55806,2,0,0,0,0,0,0,0,0,0,0,0,0,102281,1,2,2021,1/1/2022,
2283,SYNTHETIC COMPANY 02282,SYNTHETIC SITE 02282,,1 Example Way,Nowhere,ZZ,00000,2361,SYNTHETIC INDUSTRY,17,27719,2,0,0,0,0,0,0,0,0,0,0,0,0,102282,1,2,2021,1/1/2022,
2284,SYNTHETIC COMPANY 02283,SYNTHETIC SITE 02283,,1 Example Way,Nowhere,ZZ,00000,4451,SYNTHETIC INDUSTRY,48,90435,2,0,0,0,0,0,0,0,0,0,0,0,0,102283,1,2,2021,1/1/2022,
2285,SYNTHETIC COMPANY 02284,SYNTHETIC SITE 02284,,1 Example Way,Nowhere,ZZ,00000,3115,SYNTHETIC INDUSTRY,19,34346,1,0,0,1,0,0,4,1,0,0,0,0,0,102284,1,2,2021,1/1/2022,
2286,SYNTHETIC COMPANY 02285,SYNTHETIC SITE 02285,,1 Example Way,Nowhere,ZZ,00000,3115,SYNTHETIC INDUSTRY,30,48815,2,0,0,0,0,0,0,0,0,0,0,0,0,102285,1,2,2021,1/1/2022,
2287,SYNTHETIC COMPANY 02286,SYNTHETIC SITE 02286,,1 Example Way,Nowhere,ZZ,00000,3252,SYNTHETIC INDUSTRY,69,15845100,2,0,0,0,0,0,0,0,0,0,0,0,0,102286,1,2,2021,1/1/2022,
2288,SYNTHETIC COMPANY 02287,SYNTHETIC SITE 02287,,1 Example Way,Nowhere,ZZ,00000,3115,SYNTHETIC INDUSTRY,71,127811,1,0,5,2,3,35,8,10,0,0,0,0,0,102287,1,2,2021,1/1/2022,
2289,SYNTHETIC COMPANY 02288,SYNTHETIC SITE 02288,,1 Example Way,Nowhere,ZZ,00000,3115,SYNTHETIC INDUSTRY,51,90942,2,0,0,0,0,0,0,0,0,0,0,0,0,102288,1,2,2021,1/1/2022,
2290,SYNTHETIC COMPANY 02289,SYNTHETIC SITE 02289,,1 Example Way,Nowhere,ZZ,00000,3328,SYNTHETIC INDUSTRY,162,323351,1,0,2,0,0,14,0,2,0,0,0,0,0,102289,1,2,2021,1/1/2022,
2291,SYNTHETIC COMPANY 02290,SYNTHETIC SITE 02290,,1 Example Way,Nowhere,ZZ,00000,2361,SYNTHETIC INDUSTRY,28,67428,2,0,0,0,0,0,0,0,0,0,0,0,0,102290,1,2,2021,1/1/2022,
2292,SYNTHETIC COMPANY 02291,SYNTHETIC SITE 02291,,1 Example Way,Nowhere,ZZ,00000,6221,SYNTHETIC INDUSTRY,203,365550,1,0,4,1,2,28,4,7,0,0,0,0,0,102291,1,2,2021,1/1/2022,
2293,SYNTHETIC COMPANY 02292,SYNTHETIC SITE 02292,,1 Example Way,Nowhere,ZZ,00000,3328,SYNTHETIC INDUSTRY,14,26774,2,0,0,0,0,0,0,0,0,0,0,0,0,102292,1,2,2021,1/1/2022,
2294,SYNTHETIC COMPANY 02293,SYNTHETIC SITE 02293,,1 Example Way,Nowhere,ZZ,00000,2361,SYNTHETIC INDUSTRY,9,15099,2,0,0,0,0,0,0,0,0,0,0,0,0,102293,1,2,2021,1/1/2022,
2295,SYNTHETIC COMPANY 02294,SYNTHETIC SITE 02294,,1 Example Way,Nowhere,ZZ,00000,4841,SYNTHETIC INDUSTRY,41,64251,1,0,1,0,1,7,0,2,0,0,0,0,0,102294,1,2,2021,1/1/2022,
2296,SYNTHETIC COMPANY 02295,SYNTHETIC SITE 02295,,1 Example Way,Nowhere,ZZ,00000,6221,SYNTHETIC INDUSTRY,40,65914,1,0,0,1,1,0,4,2,0,0,0,0,0,102295,1,2,2021,1/1/2022,
2297,SYNTHETIC COMPANY 02296,SYNTHETIC SITE 02296,,1 Example Way,Nowhere,ZZ,00000,3115,SYNTHETIC INDUSTRY,16,32406,2,0,0,0,0,0,0,0,0,0,0,0,0,102296,1,2,2021,1/1/2022,
2298,SYNTHETIC COMPANY 02297,SYNTHETIC SITE 02297,,1 Example Way,Nowhere,ZZ,00000,2361,SYNTHETIC INDUSTRY,35,55058,1,0,0,0,1,0,0,1,0,0,0,0,0,102297,1,2,2021,1/1/2022,
2299,SYNTHETIC COMPANY 02298,SYNTHETIC SITE 02298,,1 Example Way,Nowhere,ZZ,00000,6221,SYNTHETIC INDUSTRY,19,30204,1,0,0,0,1,0,0,1,0,0,0,0,0,102298,1,2,2021,1/1/2022,
2300,SYNTHETIC COMPANY 02299,SYNTHETIC SITE 02299,,1 Example Way,Nowhere,ZZ,00000,2361,SYNTHETIC INDUSTRY,36,80146,1,0,2,0,1,14,0,3,0,0,0,0,0,102299,1,2,2021,1/1/2022,
2301,SYNTHETIC COMPANY 02300,SYNTHETIC SITE 02300,,1 Example Way,Nowhere,ZZ,00000,2361,SYNTHETIC INDUSTRY,128,304640,1,0,10,4,6,70,16,20,0,0,0,0,0,102300,1,2,2021,1/1/2022,
2302,SYNTHETIC COMPANY 02301,SYNTHETIC SITE 02301,,1 Example Way,Nowhere,ZZ,00000,2361,SYNTHETIC INDUSTRY,179,373380,1,0,0,4,2,0,16,6,0,0,0,0,0,102301,1,2,2021,1/1/2022,
2303,SYNTHETIC COMPANY 02302,SYNTHETIC SITE 02302,,1 Example Way,Nowhere,ZZ,00000,4451,SYNTHETIC INDUSTRY,87,138384,2,0,0,0,0,0,0,0,0,0,0,0,0,102302,1,2,2021,1/1/2022,
2304,SYNTHETIC COMPANY 02303,SYNTHETIC SITE 02303,,1 Example Way,Nowhere,ZZ,00000,4451,SYNTHETIC INDUSTRY,118,246293,2,0,0,0,0,0,0,0,0,0,0,0,0,102303,1,2,2021,1/1/2022,
2305,SYNTHETIC COMPANY 02304,SYNTHETIC SITE 02304,,1 Example Way,Nowhere,ZZ,00000,2361,SYNTHETIC INDUSTRY,30,52545,2,0,0,0,0,0,0,0,0,0,0,0,0,102304,1,2,2021,1/1/2022,
2306,SYNTHETIC COMPANY 02305,SYNTHETIC SITE 02305,,1 Example Way,Nowhere,ZZ,00000,2361,SYNTHETIC INDUSTRY,216,339103,1,0,0,1,1,0,4,2,0,0,0,0,0,102305,1,2,2021,1/1/2022,
2307,SYNTHETIC COMPANY 02306,SYNTHETIC SITE 02306,,1 Example Way,Nowhere,ZZ,00000,3252,SYNTHETIC INDUSTRY,124,210587,1,0,0,0,1,0,0,1,0,0,0,0,0,102306,1,2,2021,1/1/2022,
2308,SYNTHETIC COMPANY 02307,SYNTHETIC SITE 02307,,1 Example Way,Nowhere,ZZ,00000,2361,SYNTHETIC INDUSTRY,161,309423,2,0,0,0,0,0,0,0,0,0,0,0,0,102307,1,2,2021,1/1/2022,
2309,SYNTHETIC COMPANY 02308,SYNTHETIC SITE 02308,,1 Example Way,Nowhere,ZZ,00000,4841,SYNTHETIC INDUSTRY,56,87296,2,0,0,0,0,0,0,0,0,0,0,0,0,102308,1,2,2021,1/1/2022,
2310,SYNTHETIC COMPANY 02309,SYNTHETIC SITE 02309,,1 Example Way,Nowhere,ZZ,00000,4841,SYNTHETIC INDUSTRY,34,73447,2,0,0,0,0,0,0,0,0,0,0,0,0,102309,1,2,2021,1/1/2022,
2311,SYNTHETIC COMPANY 02310,SYNTHETIC SITE 02310,,1 Example Way,Nowhere,ZZ,00000,2361,SYNTHETIC INDUSTRY,16,31707,2,0,0,0,0,0,0,0,0,0,0,0,0,102310,1,2,2021,1/1/2022,
2312,SYNTHETIC COMPANY 02311,SYNTHETIC SITE 02311,,1 Example Way,Nowhere,ZZ,00000,4451,SYNTHETIC INDUSTRY,41,66649,1,0,2,0,1,14,0,3,0,0,0,0,0,102311,1,2,2021,1/1/2022,
2313,SYNTHETIC COMPANY 02312,SYNTHETIC SITE 02312,,1 Example Way,Nowhere,ZZ,00000,2361,SYNTHETIC INDUSTRY,22,28987,2,0,0,0,0,0,0,0,0,0,0,0,0,102312,1,2,2021,1/1/2022,
2314,SYNTHETIC COMPANY 02313,SYNTHETIC SITE 02313,,1 Example Way,Nowhere,ZZ,00000,4841,SYNTHETIC INDUSTRY,17,30479,2,0,0,0,0,0,0,0,0,0,0,0,0,102313,1,2,2021,1/1/2022,
2315,SYNTHETIC COMPANY 02314,SYNTHETIC SITE 02314,,1 Example Way,Nowhere,ZZ,00000,3328,SYNTHETIC INDUSTRY,70,116472,2,0,0,0,0,0,0,0,0,0,0,0,0,102314,1,2,2021,1/1/2022,
2316,SYNTHETIC COMPANY 02315,SYNTHETIC SITE 02315,,1 Example Way,Nowhere,ZZ,00000,3328,SYNTHETIC INDUSTRY,172,314073,2,0,0,0,0,0,0,0,0,0,0,0,0,102315,1,2,2021,1/1/2022,
2317,SYNTHETIC COMPANY 02316,SYNTHETIC SITE 02316,,1 Example Way,Nowhere,ZZ,00000,3115,SYNTHETIC INDUSTRY,80,142035,2,0,0,0,0,0,0,0,0,0,0,0,0,102316,1,2,2021,1/1/2022,
2318,SYNTHETIC COMPANY 02317,SYNTHETIC SITE 02317,,1 Example Way,Nowhere,ZZ,00000,4451,SYNTHETIC INDUSTRY,168,338302,2,0,0,0,0,0,0,0,0,0,0,0,0,102317,1,2,2021,1/1/2022,
2319,SYNTHETIC COMPANY 02318,SYNTHETIC SITE 02318,,1 Example Way,Nowhere,ZZ,00000,3115,SYNTHETIC INDUSTRY,25,50887,2,0,0,0,0,0,0,0,0,0,0,0,0,102318,1,2,2021,1/1/2022,
2320,SYNTHETIC COMPANY 02319,SYNTHETIC SITE 02319,,1 Example Way,Nowhere,ZZ,00000,3115,SYNTHETIC INDUSTRY,36,76565,2,0,0,0,0,0,0,0,0,0,0,0,0,102319,1,2,2021,1/1/2022,
2321,SYNTHETIC COMPANY 02320,SYNTHETIC SITE 02320,,1 Example Way,Nowhere,ZZ,00000,4841,SYNTHETIC INDUSTRY,377,745118,1,0,1,1,3,7,4,5,0,0,0,0,0,102320,1,2,2021,1/1/2022,
2322,SYNTHETIC COMPANY 02321,SYNTHETIC SITE 02321,,1 Example Way,Nowhere,ZZ,00000,3115,SYNTHETIC INDUSTRY,23,42079,2,0,0,0,0,0,0,0,0,0,0,0,0,102321,1,2,2021,1/1/2022,
2323,SYNTHETIC COMPANY 02322,SYNTHETIC SITE 02322,,1 Example Way,Nowhere,ZZ,00000,3251,SYNTHETIC INDUSTRY,42,88148,2,0,0,0,0,0,0,0,0,0,0,0,0,102322,1,2,2021,1/1/2022,
2324,SYNTHETIC COMPANY 02323,SYNTHETIC SITE 02323,,1 Example Way,Nowhere,ZZ,00000,4451,SYNTHETIC INDUSTRY,49,101607,1,0,1,1,6,7,4,8,0,0,0,0,0,102323,1,2,2021,1/1/2022,
2325,SYNTHETIC COMPANY 02324,SYNTHETIC SITE 02324,,1 Example Way,Nowhere,ZZ,00000,3251,SYNTHETIC INDUSTRY,35,72475,1,0,0,1,0,0,4,1,0,0,0,0,0,102324,1,2,2021,1/1/2022,
2326,SYNTHETIC COMPANY 02325,SYNTHETIC SITE 02325,,1 Example Way,Nowhere,ZZ,00000,6221,SYNTHETIC INDUSTRY,70,156260,1,0,1,1,0,7,4,2,0,0,0,0,0,102325,1,2,2021,1/1/2022,
2327,SYNTHETIC COMPANY 02326,SYNTHETIC SITE 02326,,1 Example Way,Nowhere,ZZ,00000,6221,SYNTHETIC INDUSTRY,25,44406,1,0,0,1,0,0,4,1,0,0,0,0,0,102326,1,2,2021,1/1/2022,
2328,SYNTHETIC COMPANY 02327,SYNTHETIC SITE 02327,,1 Example Way,Nowhere,ZZ,00000,3251,SYNTHETIC INDUSTRY,32,55437,2,0,0,0,0,0,0,0,0,0,0,0,0,102327,1,2,2021,1/1/2022,
2329,SYNTHETIC COMPANY 02328,SYNTHETIC SITE 02328,,1 Example Way,Nowhere,ZZ,00000,3328,SYNTHETIC INDUSTRY,64,123539,2,0,0,0,0,0,0,0,0,0,0,0,0,102328,1,2,2021,1/1/2022,
2330,SYNTHETIC COMPANY 02329,SYNTHETIC SITE 02329,,1 Example Way,Nowhere,ZZ,00000,3115,SYNTHETIC INDUSTRY,65,143077,2,0,0,0,0,0,0,0,0,0,0,0,0,102329,1,2,2021,1/1/2022,
2331,SYNTHETIC COMPANY 02330,SYNTHETIC SITE 02330,,1 Example Way,Nowhere,ZZ,00000,3252,SYNTHETIC INDUSTRY,47,95864,2,0,0,0,0,0,0,0,0,0,0,0,0,102330,1,2,2021,1/1/2022,
2332,SYNTHETIC COMPANY 02331,SYNTHETIC SITE 02331,,1 Example Way,Nowhere,ZZ,00000,3328,SYNTHETIC INDUSTRY,630,1333286,1,0,0,1,3,0,4,4,0,0,0,0,0,102331,1,2,2021,1/1/2022,
2333,SYNTHETIC COMPANY 02332,SYNTHETIC SITE 02332,,1 Example Way,Nowhere,ZZ,00000,3252,SYNTHETIC INDUSTRY,17,26753,2,0,0,0,0,0,0,0,0,0,0,0,0,102332,1,2,2021,1/1/2022,
2334,SYNTHETIC COMPANY 02333,SYNTHETIC SITE 02333,,1 Example Way,Nowhere,ZZ,00000,3251,SYNTHETIC INDUSTRY,133,215216,1,0,1,0,0,7,0,1,0,0,0,0,0,102333,1,2,2021,1/1/2022,
2335,SYNTHETIC COMPANY 02334,SYNTHETIC SITE 02334,,1 Example Way,Nowhere,ZZ,00000,3115,SYNTHETIC INDUSTRY,133,262568,1,0,0,1,0,0,4,1,0,0,0,0,0,102334,1,2,2021,1/1/2022,
2336,SYNTHETIC COMPANY 02335,SYNTHETIC SITE 02335,,1 Example Way,Nowhere,ZZ,00000,2361,SYNTHETIC INDUSTRY,14,24305,1,0,0,0,1,0,0,1,0,0,0,0,0,102335,1,2,2021,1/1/2022,
2337,SYNTHETIC COMPANY 02336,SYNTHETIC SITE 02336,,1 Example Way,Nowhere,ZZ,00000,6221,SYNTHETIC INDUSTRY,22,44117,2,0,0,0,0,0,0,0,0,0,0,0,0,102336,1,2,2021,1/1/2022,
2338,SYNTHETIC COMPANY 02337,SYNTHETIC SITE 02337,,1 Example Way,Nowhere,ZZ,00000,4841,SYNTHETIC INDUSTRY,16,26869,1,0,0,2,0,0,8,2,0,0,0,0,0,102337,1,2,2021,1/1/2022,
2339,SYNTHETIC COMPANY 02338,SYNTHETIC SITE 02338,,1 Example Way,Nowhere,ZZ,00000,3252,SYNTHETIC INDUSTRY,12,23357,2,0,0,0,0,0,0,0,0,0,0,0,0,102338,1,2,2021,1/1/2022,
2340,SYNTHETIC COMPANY 02339,SYNTHETIC SITE 02339,,1 Example Way,Nowhere,ZZ,00000,3328,SYNTHETIC INDUSTRY,8,16824,1,0,1,0,0,7,0,1,0,0,0,0,0,102339,1,2,2021,1/1/2022,
2341,SYNTHETIC COMPANY 02340,SYNTHETIC SITE 02340,,1 Example Way,Nowhere,ZZ,00000,6221,SYNTHETIC INDUSTRY,14,21536,1,0,0,1,2,0,4,3,0,0,0,0,0,102340,1,2,2021,1/1/2022,
2342,SYNTHETIC COMPANY 02341,SYNTHETIC SITE 02341,,1 Example Way,Nowhere,ZZ,00000,2361,SYNTHETIC INDUSTRY,12,23770,2,0,0,0,0,0,0,0,0,0,0,0,0,102341,1,2,2021,1/1/2022,
2343,SYNTHETIC COMPANY 02342,SYNTHETIC SITE 02342,,1 Example Way,Nowhere,ZZ,00000,4451,SYNTHETIC INDUSTRY,18,34477,2,0,0,0,0,0,0,0,0,0,0,0,0,102342,1,2,2021,1/1/2022,
2344,SYNTHETIC COMPANY 02343,SYNTHETIC SITE 02343,,1 Example Way,Nowhere,ZZ,00000,3252,SYNTHETIC INDUSTRY,45,89217,2,0,0,0,0,0,0,0,0,0,0,0,0,102343,1,2,2021,1/1/2022,
2345,SYNTHETIC COMPANY 02344,SYNTHETIC SITE 02344,,1 Example Way,Nowhere,ZZ,00000,4451,SYNTHETIC INDUSTRY,68,143426,1,0,1,1,4,7,4,6,0,0,0,0,0,102344,1,2,2021,1/1/2022,
2346,SYNTHETIC COMPANY 02345,SYNTHETIC SITE 02345,,1 Example Way,Nowhere,ZZ,00000,3251,SYNTHETIC INDUSTRY,192,368951,1,0,0,0,1,0,0,1,0,0,0,0,0,102345,1,2,2021,1/1/2022,
2347,SYNTHETIC COMPANY 02346,SYNTHETIC SITE 02346,,1 Example Way,Nowhere,ZZ,00000,2361,SYNTHETIC INDUSTRY,1,2262,2,0,0,0,0,0,0,0,0,0,0,0,0,102346,1,2,2021,1/1/2022,
2348,SYNTHETIC COMPANY 02347,SYNTHETIC SITE 02347,,1 Example Way,Nowhere,ZZ,00000,4841,SYNTHETIC INDUSTRY,239,405146,2,0,0,0,0,0,0,0,0,0,0,0,0,102347,1,2,2021,1/1/2022,
2349,SYNTHETIC COMPANY 02348,SYNTHETIC SITE 02348,,1 Example Way,Nowhere,ZZ,00000,3115,SYNTHETIC INDUSTRY,14,25822,2,0,0,0,0,0,0,0,0,0,0,0,0,102348,1,2,2021,1/1/2022,
2350,SYNTHETIC COMPANY 02349,SYNTHETIC SITE 02349,,1 Example Way,Nowhere,ZZ,00000,6221,SYNTHETIC INDUSTRY,45,82218,2,0,0,0,0,0,0,0,0,0,0,0,0,102349,1,2,2021,1/1/2022,
2351,SYNTHETIC COMPANY 02350,SYNTHETIC SITE 02350,,1 Example Way,Nowhere,ZZ,00000,4841,SYNTHETIC INDUSTRY,6,9878,2,0,0,0,0,0,0,0,0,0,0,0,0,102350,1,2,2021,1/1/2022,
2352,SYNTHETIC COMPANY 02351,SYNTHETIC SITE 02351,,1 Example Way,Nowhere,ZZ,00000,3328,SYNTHETIC INDUSTRY,38,80421,1,0,1,0,0,7,0,1,0,0,0,0,0,102351,1,2,2021,1/1/2022,
2353,SYNTHETIC COMPANY 02352,SYNTHETIC SITE 02352,,1 Example Way,Nowhere,ZZ,00000,3115,SYNTHETIC INDUSTRY,96,177474,1,0,1,1,1,7,4,3,0,0,0,0,0,102352,1,2,2021,1/1/2022,
2354,SYNTHETIC COMPANY 02353,SYNTHETIC SITE 02353,,1 Example Way,Nowhere,ZZ,00000,4841,SYNTHETIC INDUSTRY,11,20905,2,0,0,0,0,0,0,0,0,0,0,0,0,102353,1,2,2021,1/1/2022,
2355,SYNTHETIC COMPANY 02354,SYNTHETIC SITE 02354,,1 Example Way,Nowhere,ZZ,00000,4451,SYNTHETIC INDUSTRY,34,53109,2,0,0,0,0,0,0,0,0,0,0,0,0,102354,1,2,2021,1/1/2022,
2356,SYNTHETIC COMPANY 02355,SYNTHETIC SITE 02355,,1 Example Way,Nowhere,ZZ,00000,2361,SYNTHETIC INDUSTRY,24,46329,2,0,0,0,0,0,0,0,0,0,0,0,0,102355,1,2,2021,1/1/2022,
2357,SYNTHETIC COMPANY 02356,SYNTHETIC SITE 02356,,1 Example Way,Nowhere,ZZ,00000,2361,SYNTHETIC INDUSTRY,29,58978,1,0,0,1,1,0,4,2,0,0,0,0,0,102356,1,2,2021,1/1/2022,
2358,SYNTHETIC COMPANY 02357,SYNTHETIC SITE 02357,,1 Example Way,Nowhere,ZZ,00000,3251,SYNTHETIC INDUSTRY,25,42134,2,0,0,0,0,0,0,0,0,0,0,0,0,102357,1,2,2021,1/1/2022,
2359,SYNTHETIC COMPANY 02358,SYNTHETIC SITE 02358,,1 Example Way,Nowhere,ZZ,00000,3252,SYNTHETIC INDUSTRY,31,71383,1,0,1,0,1,7,0,2,0,0,0,0,0,102358,1,2,2021,1/1/2022,
2360,SYNTHETIC COMPANY 02359,SYNTHETIC SITE 02359,,1 Example Way,Nowhere,ZZ,00000,3328,SYNTHETIC INDUSTRY,17,21464,2,0,0,0,0,0,0,0,0,0,0,0,0,102359,1,2,2021,1/1/2022,
2361,SYNTHETIC COMPANY 02360,SYNTHETIC SITE 02360,,1 Example Way,Nowhere,ZZ,00000,4451,SYNTHETIC INDUSTRY,70,115690,2,0,0,0,0,0,0,0,0,0,0,0,0,102360,1,2,2021,1/1/2022,
2362,SYNTHETIC COMPANY 02361,SYNTHETIC SITE 02361,,1 Example Way,Nowhere,ZZ,00000,3328,SYNTHETIC INDUSTRY,18,36506,2,0,0,0,0,0,0,0,0,0,0,0,0,102361,1,2,2021,1/1/2022,
2363,SYNTHETIC COMPANY 02362,SYNTHETIC SITE 02362,,1 Example Way,Nowhere,ZZ,00000,4841,SYNTHETIC INDUSTRY,37,81235,2,0,0,0,0,0,0,0,0,0,0,0,0,102362,1,2,2021,1/1/2022,
2364,SYNTHETIC COMPANY 02363,SYNTHETIC SITE 02363,,1 Example Way,Nowhere,ZZ,00000,3328,SYNTHETIC INDUSTRY,254,490265,2,0,0,0,0,0,0,0,0,0,0,0,0,102363,1,2,2021,1/1/2022,
2365,SYNTHETIC COMPANY 02364,SYNTHETIC SITE 02364,,1 Example Way,Nowhere,ZZ,00000,3252,SYNTHETIC INDUSTRY,57,113500,2,0,0,0,0,0,0,0,0,0,0,0,0,102364,1,2,2021,1/1/2022,
2366,SYNTHETIC COMPANY 02365,SYNTHETIC SITE 02365,,1 Example Way,Nowhere,ZZ,00000,3252,SYNTHETIC INDUSTRY,34,59499,1,0,0,1,1,0,4,2,0,0,0,0,0,102365,1,2,2021,1/1/2022,
2367,SYNTHETIC COMPANY 02366,SYNTHETIC SITE 02366,,1 Example Way,Nowhere,ZZ,00000,4451,SYNTHETIC INDUSTRY,413,820928,1,0,4,0,1,28,0,5,0,0,0,0,0,102366,1,2,2021,1/1/2022,
2368,SYNTHETIC COMPANY 02367,SYNTHETIC SITE 02367,,1 Example Way,Nowhere,ZZ,00000,4451,SYNTHETIC INDUSTRY,114,244913,2,0,0,0,0,0,0,0,0,0,0,0,0,102367,1,2,2021,1/1/2022,
2369,SYNTHETIC COMPANY 02368,SYNTHETIC SITE 02368,,1 Example Way,Nowhere,ZZ,00000,4451,SYNTHETIC INDUSTRY,802,1283077,1,0,1,0,1,7,0,2,0,0,0,0,0,102368,1,2,2021,1/1/2022,
2370,SYNTHETIC COMPANY 02369,SYNTHETIC SITE 02369,,1 Example Way,Nowhere,ZZ,00000,3328,SYNTHETIC INDUSTRY,45,84406,1,0,2,0,0,14,0,2,0,0,0,0,0,102369,1,2,2021,1/1/2022,
2371,SYNTHETIC COMPANY 02370,SYNTHETIC SITE 02370,,1 Example Way,Nowhere,ZZ,00000,2361,SYNTHETIC INDUSTRY,67,124671,1,0,3,4,3,21,16,10,0,0,0,0,0,102370,1,2,2021,1/1/2022,
2372,SYNTHETIC COMPANY 02371,SYNTHETIC SITE 02371,,1 Example Way,Nowhere,ZZ,00000,4841,SYNTHETIC INDUSTRY,45,81504,1,0,0,0,1,0,0,1,0,0,0,0,0,102371,1,2,2021,1/1/2022,
2373,SYNTHETIC COMPANY 02372,SYNTHETIC SITE 02372,,1 Example Way,Nowhere,ZZ,00000,3251,SYNTHETIC INDUSTRY,97,229841,2,0,0,0,0,0,0,0,0,0,0,0,0,102372,1,2,2021,1/1/2022,
2374,SYNTHETIC COMPANY 02373,SYNTHETIC SITE 02373,,1 Example Way,Nowhere,ZZ,00000,4841,SYNTHETIC INDUSTRY,12,25017,2,0,0,0,0,0,0,0,0,0,0,0,0,102373,1,2,2021,1/1/2022,
2375,SYNTHETIC COMPANY 02374,SYNTHETIC SITE 02374,,1 Example Way,Nowhere,ZZ,00000,3328,SYNTHETIC INDUSTRY,68,112217,2,0,0,0,0,0,0,0,0,0,0,0,0,102374,1,2,2021,1/1/2022,
2376,SYNTHETIC COMPANY 02375,SYNTHETIC SITE 02375,,1 Example Way,Nowhere,ZZ,00000,4451,SYNTHETIC INDUSTRY,2,4757,1,0,1,0,0,7,0,1,0,0,0,0,0,102375,1,2,2021,1/1/2022,
2377,SYNTHETIC COMPANY 02376,SYNTHETIC SITE 02376,,1 Example Way,Nowhere,ZZ,00000,3252,SYNTHETIC INDUSTRY,300,535560,2,0,0,0,0,0,0,0,0,0,0,0,0,102376,1,2,2021,1/1/2022,
2378,SYNTHETIC COMPANY 02377,SYNTHETIC SITE 02377,,1 Example Way,Nowhere,ZZ,00000,3252,SYNTHETIC INDUSTRY,67,107357,1,0,3,0,5,21,0,8,0,0,0,0,0,102377,1,2,2021,1/1/2022,
2379,SYNTHETIC COMPANY 02378,SYNTHETIC SITE 02378,,1 Example Way,Nowhere,ZZ,00000,3251,SYNTHETIC INDUSTRY,17,27905,2,0,0,0,0,0,0,0,0,0,0,0,0,102378,1,2,2021,1/1/2022,
2380,SYNTHETIC COMPANY 02379,SYNTHETIC SITE 02379,,1 Example Way,Nowhere,ZZ,00000,3328,SYNTHETIC INDUSTRY,137,206542,1,0,2,5,3,14,20,10,0,0,0,0,0,102379,1,2,2021,1/1/2022,
2381,SYNTHETIC COMPANY 02380,SYNTHETIC SITE 02380,,1 Example Way,Nowhere,ZZ,00000,6221,SYNTHETIC INDUSTRY,8,16589,1,0,0,0,1,0,0,1,0,0,0,0,0,102380,1,2,2021,1/1/2022,
2382,SYNTHETIC COMPANY 02381,SYNTHETIC SITE 02381,,1 Example Way,Nowhere,ZZ,00000,4841,SYNTHETIC INDUSTRY,4,8544,2,0,0,0,0,0,0,0,0,0,0,0,0,102381,1,2,2021,1/1/2022,
2383,SYNTHETIC COMPANY 02382,SYNTHETIC SITE 02382,,1 Example Way,Nowhere,ZZ,00000,3115,SYNTHETIC INDUSTRY,15,31757,2,0,0,0,0,0,0,0,0,0,0,0,0,102382,1,2,2021,1/1/2022,
2384,SYNTHETIC COMPANY 02383,SYNTHETIC SITE 02383,,1 Example Way,Nowhere,ZZ,00000,2361,SYNTHETIC INDUSTRY,53,100182,1,0,1,2,0,7,8,3,0,0,0,0,0,102383,1,2,2021,1/1/2022,
2385,SYNTHETIC COMPANY 02384,SYNTHETIC SITE 02384,,1 Example Way,Nowhere,ZZ,00000,3328,SYNTHETIC INDUSTRY,14,28126,2,0,0,0,0,0,0,0,0,0,0,0,0,102384,1,2,2021,1/1/2022,
2386,SYNTHETIC COMPANY 02385,SYNTHETIC SITE 02385,,1 Example Way,Nowhere,ZZ,00000,4451,SYNTHETIC INDUSTRY,889,1705844,1,0,6,2,13,42,8,21,0,0,0,0,0,102385,1,2,2021,1/1/2022,
2387,SYNTHETIC COMPANY 02386,SYNTHETIC SITE 02386,,1 Example Way,Nowhere,ZZ,00000,2361,SYNTHETIC INDUSTRY,35,76810,2,0,0,0,0,0,0,0,0,0,0,0,0,102386,1,2,2021,1/1/2022,
2388,SYNTHETIC COMPANY 02387,SYNTHETIC SITE 02387,,1 Example Way,Nowhere,ZZ,00000,4451,SYNTHETIC INDUSTRY,100,204833,2,0,0,0,0,0,0,0,0,0,0,0,0,102387,1,2,2021,1/1/2022,
2389,SYNTHETIC COMPANY 02388,SYNTHETIC SITE 02388,,1 Example Way,Nowhere,ZZ,00000,3115,SYNTHETIC INDUSTRY,81,150381,2,0,0,0,0,0,0,0,0,0,0,0,0,102388,1,2,2021,1/1/2022,
2390,SYNTHETIC COMPANY 02389,SYNTHETIC SITE 02389,,1 Example Way,Nowhere,ZZ,00000,3328,SYNTHETIC INDUSTRY,39,59070,2,0,0,0,0,0,0,0,0,0,0,0,0,102389,1,2,2021,1/1/2022,
2391,SYNTHETIC COMPANY 02390,SYNTHETIC SITE 02390,,1 Example Way,Nowhere,ZZ,00000,2361,SYNTHETIC INDUSTRY,281,451770,1,0,1,1,1,7,4,3,0,0,0,0,0,102390,1,2,2021,1/1/2022,
2392,SYNTHETIC COMPANY 02391,SYNTHETIC SITE 02391,,1 Example Way,Nowhere,ZZ,00000,6221,SYNTHETIC INDUSTRY,514,660678,2,0,0,0,0,0,0,0,0,0,0,0,0,102391,1,2,2021,1/1/2022,
2393,SYNTHETIC COMPANY 02392,SYNTHETIC SITE 02392,,1 Example Way,Nowhere,ZZ,00000,4451,SYNTHETIC INDUSTRY,67,116793,1,0,2,1,4,14,4,7,0,0,0,0,0,102392,1,2,2021,1/1/2022,
2394,SYNTHETIC COMPANY 02393,SYNTHETIC SITE 02393,,1 Example Way,Nowhere,ZZ,00000,4841,SYNTHETIC INDUSTRY,102,187035,1,0,4,3,5,28,12,12,0,0,0,0,0,102393,1,2,2021,1/1/2022,
2395,SYNTHETIC COMPANY 02394,SYNTHETIC SITE 02394,,1 Example Way,Nowhere,ZZ,00000,2361,SYNTHETIC INDUSTRY,287,439171,1,0,2,0,2,14,0,4,0,0,0,0,0,102394,1,2,2021,1/1/2022,
2396,SYNTHETIC COMPANY 02395,SYNTHETIC SITE 02395,,1 Example Way,Nowhere,ZZ,00000,3115,SYNTHETIC INDUSTRY,41,70385,2,0,0,0,0,0,0,0,0,0,0,0,0,102395,1,2,2021,1/1/2022,
2397,SYNTHETIC COMPANY 02396,SYNTHETIC SITE 02396,,1 Example Way,Nowhere,ZZ,00000,3252,SYNTHETIC INDUSTRY,45,98063,2,0,0,0,0,0,0,0,0,0,0,0,0,102396,1,2,2021,1/1/2022,
2398,SYNTHETIC COMPANY 02397,SYNTHETIC SITE 02397,,1 Example Way,Nowhere,ZZ,00000,6221,SYNTHETIC INDUSTRY,24,44081,2,0,0,0,0,0,0,0,0,0,0,0,0,102397,1,2,2021,1/1/2022,
2399,SYNTHETIC COMPANY 02398,SYNTHETIC SITE 02398,,1 Example Way,Nowhere,ZZ,00000,2361,SYNTHETIC INDUSTRY,593,938545,1,0,1,0,0,7,0,1,0,0,0,0,0,102398,1,2,2021,1/1/2022,
2400,SYNTHETIC COMPANY 02399,SYNTHETIC SITE 02399,,1 Example Way,Nowhere,ZZ,00000,3251,SYNTHETIC INDUSTRY,124,242923,2,0,0,0,0,0,0,0,0,0,0,0,0,102399,1,2,2021,1/1/2022,
2401,SYNTHETIC COMPANY 02400,SYNTHETIC SITE 02400,,1 Example Way,Nowhere,ZZ,00000,4841,SYNTHETIC INDUSTRY,112,178179,2,0,0,0,0,0,0,0,0,0,0,0,0,102400,1,2,2021,1/1/2022,
2402,SYNTHETIC COMPANY 02401,SYNTHETIC SITE 02401,,1 Example Way,Nowhere,ZZ,00000,2361,SYNTHETIC INDUSTRY,281,491425,1,0,14,5,9,98,20,28,0,0,0,0,0,102401,1,2,2021,1/1/2022,
2403,SYNTHETIC COMPANY 02402,SYNTHETIC SITE 02402,,1 Example Way,Nowhere,ZZ,00000,6221,SYNTHETIC INDUSTRY,91,177274,1,0,0,0,1,0,0,1,0,0,0,0,0,102402,1,2,2021,1/1/2022,
2404,SYNTHETIC COMPANY 02403,SYNTHETIC SITE 02403,,1 Example Way,Nowhere,ZZ,00000,3115,SYNTHETIC INDUSTRY,174,328593,2,0,0,0,0,0,0,0,0,0,0,0,0,102403,1,2,2021,1/1/2022,
2405,SYNTHETIC COMPANY 02404,SYNTHETIC SITE 02404,,1 Example Way,Nowhere,ZZ,00000,3251,SYNTHETIC INDUSTRY,27,55799,2,0,0,0,0,0,0,0,0,0,0,0,0,102404,1,2,2021,1/1/2022,
2406,SYNTHETIC COMPANY 02405,SYNTHETIC SITE 02405,,1 Example Way,Nowhere,ZZ,00000,3328,SYNTHETIC INDUSTRY,97,193115,1,0,2,0,0,14,0,2,0,0,0,0,0,102405,1,2,2021,1/1/2022,
2407,SYNTHETIC COMPANY 02406,SYNTHETIC SITE 02406,,1 Example Way,Nowhere,ZZ,00000,4451,SYNTHETIC INDUSTRY,7,10478,2,0,0,0,0,0,0,0,0,0,0,0,0,102406,1,2,2021,1/1/2022,
2408,SYNTHETIC COMPANY 02407,SYNTHETIC SITE 02407,,1 Example Way,Nowhere,ZZ,00000,4451,SYNTHETIC INDUSTRY,47,75877,1,0,0,1,0,0,4,1,0,0,0,0,0,102407,1,2,2021,1/1/2022,
2409,SYNTHETIC COMPANY 02408,SYNTHETIC SITE 02408,,1 Example Way,Nowhere,ZZ,00000,2361,SYNTHETIC INDUSTRY,5,8028,2,0,0,0,0,0,0,0,0,0,0,0,0,102408,1,2,2021,1/1/2022,
2410,SYNTHETIC COMPANY 02409,SYNTHETIC SITE 02409,,1 Example Way,Nowhere,ZZ,00000,4451,SYNTHETIC INDUSTRY,79,197456,2,0,0,0,0,0,0,0,0,0,0,0,0,102409,1,2,2021,1/1/2022,
2411,SYNTHETIC COMPANY 02410,SYNTHETIC SITE 02410,,1 Example Way,Nowhere,ZZ,00000,3251,SYNTHETIC INDUSTRY,108,191656,2,0,0,0,0,0,0,0,0,0,0,0,0,102410,1,2,2021,1/1/2022,
2412,SYNTHETIC COMPANY 02411,SYNTHETIC SITE 02411,,1 Example Way,Nowhere,ZZ,00000,4841,SYNTHETIC INDUSTRY,235,490995,1,0,18,7,13,126,28,38,0,0,0,0,0,102411,1,2,2021,1/1/2022,
2413,SYNTHETIC COMPANY 02412,SYNTHETIC SITE 02412,,1 Example Way,Nowhere,ZZ,00000,2361,SYNTHETIC INDUSTRY,10,24897,2,0,0,0,0,0,0,0,0,0,0,0,0,102412,1,2,2021,1/1/2022,
2414,SYNTHETIC COMPANY 02413,SYNTHETIC SITE 02413,,1 Example Way,Nowhere,ZZ,00000,3251,SYNTHETIC INDUSTRY,40,71987,1,0,0,1,0,0,4,1,0,0,0,0,0,102413,1,2,2021,1/1/2022,
2415,SYNTHETIC COMPANY 02414,SYNTHETIC SITE 02414,,1 Example Way,Nowhere,ZZ,00000,3251,SYNTHETIC INDUSTRY,23,39843,2,0,0,0,0,0,0,0,0,0,0,0,0,102414,1,2,2021,1/1/2022,
2416,SYNTHETIC COMPANY 02415,SYNTHETIC SITE 02415,,1 Example Way,Nowhere,ZZ,00000,3115,SYNTHETIC INDUSTRY,85,131499,1,0,1,0,0,7,0,1,0,0,0,0,0,102415,1,2,2021,1/1/2022,
2417,SYNTHETIC COMPANY 02416,SYNTHETIC SITE 02416,,1 Example Way,Nowhere,ZZ,00000,2361,SYNTHETIC INDUSTRY,41,69258,2,0,0,0,0,0,0,0,0,0,0,0,0,102416,1,2,2021,1/1/2022,
2418,SYNTHETIC COMPANY 02417,SYNTHETIC SITE 02417,,1 Example Way,Nowhere,ZZ,00000,3115,SYNTHETIC INDUSTRY,9,1181800000,2,0,0,0,0,0,0,0,0,0,0,0,0,102417,1,2,2021,1/1/2022,
2419,SYNTHETIC COMPANY 02418,SYNTHETIC SITE 02418,,1 Example Way,Nowhere,ZZ,00000,3251,SYNTHETIC INDUSTRY,82,159090,2,0,0,0,0,0,0,0,0,0,0,0,0,102418,1,2,2021,1/1/2022,
2420,SYNTHETIC COMPANY 02419,SYNTHETIC SITE 02419,,1 Example Way,Nowhere,ZZ,00000,3251,SYNTHETIC INDUSTRY,190,391147,2,0,0,0,0,0,0,0,0,0,0,0,0,102419,1,2,2021,1/1/2022,
2421,SYNTHETIC COMPANY 02420,SYNTHETIC SITE 02420,,1 Example Way,Nowhere,ZZ,00000,3115,SYNTHETIC INDUSTRY,711,1361968,2,0,0,0,0,0,0,0,0,0,0,0,0,102420,1,2,2021,1/1/2022,
2422,SYNTHETIC COMPANY 02421,SYNTHETIC SITE 02421,,1 Example Way,Nowhere,ZZ,00000,2361,SYNTHETIC INDUSTRY,194,323828,1,0,4,3,2,28,12,9,0,0,0,0,0,102421,1,2,2021,1/1/2022,
2423,SYNTHETIC COMPANY 02422,SYNTHETIC SITE 02422,,1 Example Way,Nowhere,ZZ,00000,3328,SYNTHETIC INDUSTRY,190,380551,1,0,4,3,7,28,12,14,0,0,0,0,0,102422,1,2,2021,1/1/2022,
2424,SYNTHETIC COMPANY 02423,SYNTHETIC SITE 02423,,1 Example Way,Nowhere,ZZ,00000,3252,SYNTHETIC INDUSTRY,130,211413,2,0,0,0,0,0,0,0,0,0,0,0,0,102423,1,2,2021,1/1/2022,
2425,SYNTHETIC COMPANY 02424,SYNTHETIC SITE 02424,,1 Example Way,Nowhere,ZZ,00000,3115,SYNTHETIC INDUSTRY,35,64357,2,0,0,0,0,0,0,0,0,0,0,0,0,102424,1,2,2021,1/1/2022,
2426,SYNTHETIC COMPANY 02425,SYNTHETIC SITE 02425,,1 Example Way,Nowhere,ZZ,00000,4451,SYNTHETIC INDUSTRY,290,627052,2,0,0,0,0,0,0,0,0,0,0,0,0,102425,1,2,2021,1/1/2022,
2427,SYNTHETIC COMPANY 02426,SYNTHETIC SITE 02426,,1 Example Way,Nowhere,ZZ,00000,3251,SYNTHETIC INDUSTRY,15,22270,1,0,1,0,0,7,0,1,0,0,0,0,0,102426,1,2,2021,1/1/2022,
2428,SYNTHETIC COMPANY 02427,SYNTHETIC SITE 02427,,1 Example Way,Nowhere,ZZ,00000,6221,SYNTHETIC INDUSTRY,176,255575,2,0,0,0,0,0,0,0,0,0,0,0,0,102427,1,2,2021,1/1/2022,
2429,SYNTHETIC COMPANY 02428,SYNTHETIC SITE 02428,,1 Example Way,Nowhere,ZZ,00000,3115,SYNTHETIC INDUSTRY,45,90669,2,0,0,0,0,0,0,0,0,0,0,0,0,102428,1,2,2021,1/1/2022,
2430,SYNTHETIC COMPANY 02429,SYNTHETIC SITE 02429,,1 Example Way,Nowhere,ZZ,00000,3328,SYNTHETIC INDUSTRY,246,452689,1,0,2,3,3,14,12,8,0,0,0,0,0,102429,1,2,2021,1/1/2022,
2431,SYNTHETIC COMPANY 02430,SYNTHETIC SITE 02430,,1 Example Way,Nowhere,ZZ,00000,4841,SYNTHETIC INDUSTRY,63,113142,2,0,0,0,0,0,0,0,0,0,0,0,0,102430,1,2,2021,1/1/2022,
2432,SYNTHETIC COMPANY 02431,SYNTHETIC SITE 02431,,1 Example Way,Nowhere,ZZ,00000,3251,SYNTHETIC INDUSTRY,37,75639,2,0,0,0,0,0,0,0,0,0,0,0,0,102431,1,2,2021,1/1/2022,
2433,SYNTHETIC COMPANY 02432,SYNTHETIC SITE 02432,,1 Example Way,Nowhere,ZZ,00000,4451,SYNTHETIC INDUSTRY,28,57098,1,0,0,0,3,0,0,3,0,0,0,0,0,102432,1,2,2021,1/1/2022,
2434,SYNTHETIC COMPANY 02433,SYNTHETIC SITE 02433,,1 Example Way,Nowhere,ZZ,00000,4841,SYNTHETIC INDUSTRY,8,12315,2,0,0,0,0,0,0,0,0,0,0,0,0,102433,1,2,2021,1/1/2022,
2435,SYNTHETIC COMPANY 02434,SYNTHETIC SITE 02434,,1 Example Way,Nowhere,ZZ,00000,3115,SYNTHETIC INDUSTRY,37,78264,2,0,0,0,0,0,0,0,0,0,0,0,0,102434,1,2,2021,1/1/2022,
2436,SYNTHETIC COMPANY 02435,SYNTHETIC SITE 02435,,1 Example Way,Nowhere,ZZ,00000,6221,SYNTHETIC INDUSTRY,42,66736,1,0,1,0,1,7,0,2,0,0,0,0,0,102435,1,2,2021,1/1/2022,
2437,SYNTHETIC COMPANY 02436,SYNTHETIC SITE 02436,,1 Example Way,Nowhere,ZZ,00000,3252,SYNTHETIC INDUSTRY,60,115452,1,0,0,2,2,0,8,4,0,0,0,0,0,102436,1,2,2021,1/1/2022,
2438,SYNTHETIC COMPANY 02437,SYNTHETIC SITE 02437,,1 Example Way,Nowhere,ZZ,00000,2361,SYNTHETIC INDUSTRY,22,34551,2,0,0,0,0,0,0,0,0,0,0,0,0,102437,1,2,2021,1/1/2022,
2439,SYNTHETIC COMPANY 02438,SYNTHETIC SITE 02438,,1 Example Way,Nowhere,ZZ,00000,3252,SYNTHETIC INDUSTRY,19,41082,2,0,0,0,0,0,0,0,0,0,0,0,0,102438,1,2,2021,1/1/2022,
2440,SYNTHETIC COMPANY 02439,SYNTHETIC SITE 02439,,1 Example Way,Nowhere,ZZ,00000,3251,SYNTHETIC INDUSTRY,86,166906,2,0,0,0,0,0,0,0,0,0,0,0,0,102439,1,2,2021,1/1/2022,
2441,SYNTHETIC COMPANY 02440,SYNTHETIC SITE 02440,,1 Example Way,Nowhere,ZZ,00000,3251,SYNTHETIC INDUSTRY,26,60174,2,0,0,0,0,0,0,0,0,0,0,0,0,102440,1,2,2021,1/1/2022,
2442,SYNTHETIC COMPANY 02441,SYNTHETIC SITE 02441,,1 Example Way,Nowhere,ZZ,00000,6221,SYNTHETIC INDUSTRY,76,154205,2,0,0,0,0,0,0,0,0,0,0,0,0,102441,1,2,2021,1/1/2022,
2443,SYNTHETIC COMPANY 02442,SYNTHETIC SITE 02442,,1 Example Way,Nowhere,ZZ,00000,3328,SYNTHETIC INDUSTRY,99,209217,1,0,0,0,1,0,0,1,0,0,0,0,0,102442,1,2,2021,1/1/2022,
2444,SYNTHETIC COMPANY 02443,SYNTHETIC SITE 02443,,1 Example Way,Nowhere,ZZ,00000,3252,SYNTHETIC INDUSTRY,86,184710,2,0,0,0,0,0,0,0,0,0,0,0,0,102443,1,2,2021,1/1/2022,
2445,SYNTHETIC COMPANY 02444,SYNTHETIC SITE 02444,,1 Example Way,Nowhere,ZZ,00000,3115,SYNTHETIC INDUSTRY,83,196816,2,0,0,0,0,0,0,0,0,0,0,0,0,102444,1,2,2021,1/1/2022,
2446,SYNTHETIC COMPANY 02445,SYNTHETIC SITE 02445,,1 Example Way,Nowhere,ZZ,00000,4841,SYNTHETIC INDUSTRY,72,148864,1,0,2,1,2,14,4,5,0,0,0,0,0,102445,1,2,2021,1/1/2022,
2447,SYNTHETIC COMPANY 02446,SYNTHETIC SITE 02446,,1 Example Way,Nowhere,ZZ,00000,3251,SYNTHETIC INDUSTRY,11,22133,2,0,0,0,0,0,0,0,0,0,0,0,0,102446,1,2,2021,1/1/2022,
2448,SYNTHETIC COMPANY 02447,SYNTHETIC SITE 02447,,1 Example Way,Nowhere,ZZ,00000,3328,SYNTHETIC INDUSTRY,74,171088,2,0,0,0,0,0,0,0,0,0,0,0,0,102447,1,2,2021,1/1/2022,
2449,SYNTHETIC COMPANY 02448,SYNTHETIC SITE 02448,,1 Example Way,Nowhere,ZZ,00000,2361,SYNTHETIC INDUSTRY,22,42875,1,0,0,1,0,0,4,1,0,0,0,0,0,102448,1,2,2021,1/1/2022,
2450,SYNTHETIC COMPANY 02449,SYNTHETIC SITE 02449,,1 Example Way,Nowhere,ZZ,00000,3328,SYNTHETIC INDUSTRY,114,138186,1,0,4,3,3,28,12,10,0,0,0,0,0,102449,1,2,2021,1/1/2022,
2451,SYNTHETIC COMPANY 02450,SYNTHETIC SITE 02450,,1 Example Way,Nowhere,ZZ,00000,4841,SYNTHETIC INDUSTRY,12,21339,2,0,0,0,0,0,0,0,0,0,0,0,0,102450,1,2,2021,1/1/2022,
2452,SYNTHETIC COMPANY 02451,SYNTHETIC SITE 02451,,1 Example Way,Nowhere,ZZ,00000,3115,SYNTHETIC INDUSTRY,33,65548,2,0,0,0,0,0,0,0,0,0,0,0,0,102451,1,2,2021,1/1/2022,
2453,SYNTHETIC COMPANY 02452,SYNTHETIC SITE 02452,,1 Example Way,Nowhere,ZZ,00000,3252,SYNTHETIC INDUSTRY,129,227523,2,0,0,0,0,0,0,0,0,0,0,0,0,102452,1,2,2021,1/1/2022,
2454,SYNTHETIC COMPANY 02453,SYNTHETIC SITE 02453,,1 Example Way,Nowhere,ZZ,00000,2361,SYNTHETIC INDUSTRY,39,78880,1,0,0,0,1,0,0,1,0,0,0,0,0,102453,1,2,2021,1/1/2022,
2455,SYNTHETIC COMPANY 02454,SYNTHETIC SITE 02454,,1 Example Way,Nowhere,ZZ,00000,3251,SYNTHETIC INDUSTRY,599,789561,1,0,1,2,1,7,8,4,0,0,0,0,0,102454,1,2,2021,1/1/2022,
2456,SYNTHETIC COMPANY 02455,SYNTHETIC SITE 02455,,1 Example Way,Nowhere,ZZ,00000,4451,SYNTHETIC INDUSTRY,84,176395,1,0,0,1,1,0,4,2,0,0,0,0,0,102455,1,2,2021,1/1/2022,
2457,SYNTHETIC COMPANY 02456,SYNTHETIC SITE 02456,,1 Example Way,Nowhere,ZZ,00000,4841,SYNTHETIC INDUSTRY,110,213528,1,0,2,4,3,14,16,9,0,0,0,0,0,102456,1,2,2021,1/1/2022,
2458,SYNTHETIC COMPANY 02457,SYNTHETIC SITE 02457,,1 Example Way,Nowhere,ZZ,00000,4451,SYNTHETIC INDUSTRY,10,16244,2,0,0,0,0,0,0,0,0,0,0,0,0,102457,1,2,2021,1/1/2022,
2459,SYNTHETIC COMPANY 02458,SYNTHETIC SITE 02458,,1 Example Way,Nowhere,ZZ,00000,2361,SYNTHETIC INDUSTRY,18,24457,2,0,0,0,0,0,0,0,0,0,0,0,0,102458,1,2,2021,1/1/2022,
2460,SYNTHETIC COMPANY 02459,SYNTHETIC SITE 02459,,1 Example Way,Nowhere,ZZ,00000,3115,SYNTHETIC INDUSTRY,233,417466,1,0,1,0,1,7,0,2,0,0,0,0,0,102459,1,2,2021,1/1/2022,
2461,SYNTHETIC COMPANY 02460,SYNTHETIC SITE 02460,,1 Example Way,Nowhere,ZZ,00000,3115,SYNTHETIC INDUSTRY,105,200382,1,0,1,0,0,7,0,1,0,0,0,0,0,102460,1,2,2021,1/1/2022,
2462,SYNTHETIC COMPANY 02461,SYNTHETIC SITE 02461,,1 Example Way,Nowhere,ZZ,00000,3328,SYNTHETIC INDUSTRY,19,36116,2,0,0,0,0,0,0,0,0,0,0,0,0,102461,1,2,2021,1/1/2022,
2463,SYNTHETIC COMPANY 02462,SYNTHETIC SITE 02462,,1 Example Way,Nowhere,ZZ,00000,4451,SYNTHETIC INDUSTRY,34,54958,1,0,1,0,0,7,0,1,0,0,0,0,0,102462,1,2,2021,1/1/2022,
2464,SYNTHETIC COMPANY 02463,SYNTHETIC SITE 02463,,1 Example Way,Nowhere,ZZ,00000,3251,SYNTHETIC INDUSTRY,133,187956,1,0,0,0,1,0,0,1,0,0,0,0,0,102463,1,2,2021,1/1/2022,
2465,SYNTHETIC COMPANY 02464,SYNTHETIC SITE 02464,,1 Example Way,Nowhere,ZZ,00000,2361,SYNTHETIC INDUSTRY,17,32530,1,0,0,1,1,0,4,2,0,0,0,0,0,102464,1,2,2021,1/1/2022,
2466,SYNTHETIC COMPANY 02465,SYNTHETIC SITE 02465,,1 Example Way,Nowhere,ZZ,00000,3252,SYNTHETIC INDUSTRY,60,118408,1,0,1,0,0,7,0,1,0,0,0,0,0,102465,1,2,2021,1/1/2022,
2467,SYNTHETIC COMPANY 02466,SYNTHETIC SITE 02466,,1 Example Way,Nowhere,ZZ,00000,3115,SYNTHETIC INDUSTRY,43,75511,2,0,0,0,0,0,0,0,0,0,0,0,0,102466,1,2,2021,1/1/2022,
2468,SYNTHETIC COMPANY 02467,SYNTHETIC SITE 02467,,1 Example Way,Nowhere,ZZ,00000,4451,SYNTHETIC INDUSTRY,122,286764,1,0,4,2,3,28,8,9,0,0,0,0,0,102467,1,2,2021,1/1/2022,
2469,SYNTHETIC COMPANY 02468,SYNTHETIC SITE 02468,,1 Example Way,Nowhere,ZZ,00000,2361,SYNTHETIC INDUSTRY,50,93174,1,0,0,1,0,0,4,1,0,0,0,0,0,102468,1,2,2021,1/1/2022,
2470,SYNTHETIC COMPANY 02469,SYNTHETIC SITE 02469,,1 Example Way,Nowhere,ZZ,00000,3251,SYNTHETIC INDUSTRY,23,47871,2,0,0,0,0,0,0,0,0,0,0,0,0,102469,1,2,2021,1/1/2022,
2471,SYNTHETIC COMPANY 02470,SYNTHETIC SITE 02470,,1 Example Way,Nowhere,ZZ,00000,3252,SYNTHETIC INDUSTRY,41,83618,1,0,4,1,1,28,4,6,0,0,0,0,0,102470,1,2,2021,1/1/2022,
2472,SYNTHETIC COMPANY 02471,SYNTHETIC SITE 02471,,1 Example Way,Nowhere,ZZ,00000,2361,SYNTHETIC INDUSTRY,2,3391,2,0,0,0,0,0,0,0,0,0,0,0,0,102471,1,2,2021,1/1/2022,
2473,SYNTHETIC COMPANY 02472,SYNTHETIC SITE 02472,,1 Example Way,Nowhere,ZZ,00000,6221,SYNTHETIC INDUSTRY,147,285426,1,0,3,0,4,21,0,7,0,0,0,0,0,102472,1,2,2021,1/1/2022,
2474,SYNTHETIC COMPANY 02473,SYNTHETIC SITE 02473,,1 Example Way,Nowhere,ZZ,00000,3252,SYNTHETIC INDUSTRY,899,1810131,1,0,1,0,0,7,0,1,0,0,0,0,0,102473,1,2,2021,1/1/2022,
2475,SYNTHETIC COMPANY 02474,SYNTHETIC SITE 02474,,1 Example Way,Nowhere,ZZ,00000,3115,SYNTHETIC INDUSTRY,35,70275,2,0,0,0,0,0,0,0,0,0,0,0,0,102474,1,2,2021,1/1/2022,
2476,SYNTHETIC COMPANY 02475,SYNTHETIC SITE 02475,,1 Example Way,Nowhere,ZZ,00000,3252,SYNTHETIC INDUSTRY,3,5705,2,0,0,0,0,0,0,0,0,0,0,0,0,102475,1,2,2021,1/1/2022,
2477,SYNTHETIC COMPANY 02476,SYNTHETIC SITE 02476,,1 Example Way,Nowhere,ZZ,00000,4841,SYNTHETIC INDUSTRY,85,146850,1,0,3,0,1,21,0,4,0,0,0,0,0,102476,1,2,2021,1/1/2022,
2478,SYNTHETIC COMPANY 02477,SYNTHETIC SITE 02477,,1 Example Way,Nowhere,ZZ,00000,3328,SYNTHETIC INDUSTRY,33,57996,2,0,0,0,0,0,0,0,0,0,0,0,0,102477,1,2,2021,1/1/2022,
2479,SYNTHETIC COMPANY 02478,SYNTHETIC SITE 02478,,1 Example Way,Nowhere,ZZ,00000,3328,SYNTHETIC INDUSTRY,10,17231,2,0,0,0,0,0,0,0,0,0,0,0,0,102478,1,2,2021,1/1/2022,
2480,SYNTHETIC COMPANY 02479,SYNTHETIC SITE 02479,,1 Example Way,Nowhere,ZZ,00000,6221,SYNTHETIC INDUSTRY,151,303843,1,0,0,2,0,0,8,2,0,0,0,0,0,102479,1,2,2021,1/1/2022,
2481,SYNTHETIC COMPANY 02480,SYNTHETIC SITE 02480,,1 Example Way,Nowhere,ZZ,00000,4451,SYNTHETIC INDUSTRY,15,27913,1,0,0,2,0,0,8,2,0,0,0,0,0,102480,1,2,2021,1/1/2022,
2482,SYNTHETIC COMPANY 02481,SYNTHETIC SITE 02481,,1 Example Way,Nowhere,ZZ,00000,4841,SYNTHETIC INDUSTRY,175,327535,2,0,0,0,0,0,0,0,0,0,0,0,0,102481,1,2,2021,1/1/2022,
2483,SYNTHETIC COMPANY 02482,SYNTHETIC SITE 02482,,1 Example Way,Nowhere,ZZ,00000,4451,SYNTHETIC INDUSTRY,4,7758,2,0,0,0,0,0,0,0,0,0,0,0,0,102482,1,2,2021,1/1/2022,
2484,SYNTHETIC COMPANY 02483,SYNTHETIC SITE 02483,,1 Example Way,Nowhere,ZZ,00000,3328,SYNTHETIC INDUSTRY,7,14009,2,0,0,0,0,0,0,0,0,0,0,0,0,102483,1,2,2021,1/1/2022,
2485,SYNTHETIC COMPANY 02484,SYNTHETIC SITE 02484,,1 Example Way,Nowhere,ZZ,00000,4451,SYNTHETIC INDUSTRY,32,49912,1,0,0,0,1,0,0,1,0,0,0,0,0,102484,1,2,2021,1/1/2022,
2486,SYNTHETIC COMPANY 02485,SYNTHETIC SITE 02485,,1 Example Way,Nowhere,ZZ,00000,4841,SYNTHETIC INDUSTRY,21,22367,2,0,0,0,0,0,0,0,0,0,0,0,0,102485,1,2,2021,1/1/2022,
2487,SYNTHETIC COMPANY 02486,SYNTHETIC SITE 02486,,1 Example Way,Nowhere,ZZ,00000,4841,SYNTHETIC INDUSTRY,277,490934,1,0,3,0,0,21,0,3,0,0,0,0,0,102486,1,2,2021,1/1/2022,
2488,SYNTHETIC COMPANY 02487,SYNTHETIC SITE 02487,,1 Example Way,Nowhere,ZZ,00000,4841,SYNTHETIC INDUSTRY,210,410720,1,0,0,0,1,0,0,1,0,0,0,0,0,102487,1,2,2021,1/1/2022,
2489,SYNTHETIC COMPANY 02488,SYNTHETIC SITE 02488,,1 Example Way,Nowhere,ZZ,00000,4451,SYNTHETIC INDUSTRY,343,650895,2,0,0,0,0,0,0,0,0,0,0,0,0,102488,1,2,2021,1/1/2022,
2490,SYNTHETIC COMPANY 02489,SYNTHETIC SITE 02489,,1 Example Way,Nowhere,ZZ,00000,4451,SYNTHETIC INDUSTRY,113,231121,2,0,0,0,0,0,0,0,0,0,0,0,0,102489,1,2,2021,1/1/2022,
2491,SYNTHETIC COMPANY 02490,SYNTHETIC SITE 02490,,1 Example Way,Nowhere,ZZ,00000,3328,SYNTHETIC INDUSTRY,146,216603,1,0,2,0,3,14,0,5,0,0,0,0,0,102490,1,2,2021,1/1/2022,
2492,SYNTHETIC COMPANY 02491,SYNTHETIC SITE 02491,,1 Example Way,Nowhere,ZZ,00000,3251,SYNTHETIC INDUSTRY,98,150988,2,0,0,0,0,0,0,0,0,0,0,0,0,102491,1,2,2021,1/1/2022,
2493,SYNTHETIC COMPANY 02492,SYNTHETIC SITE 02492,,1 Example Way,Nowhere,ZZ,00000,3115,SYNTHETIC INDUSTRY,61,116665,1,0,1,0,3,7,0,4,0,0,0,0,0,102492,1,2,2021,1/1/2022,
2494,SYNTHETIC COMPANY 02493,SYNTHETIC SITE 02493,,1 Example Way,Nowhere,ZZ,00000,3251,SYNTHETIC INDUSTRY,23,38397,2,0,0,0,0,0,0,0,0,0,0,0,0,102493,1,2,2021,1/1/2022,
2495,SYNTHETIC COMPANY 02494,SYNTHETIC SITE 02494,,1 Example Way,Nowhere,ZZ,00000,3328,SYNTHETIC INDUSTRY,76,168088,1,0,4,0,2,28,0,6,0,0,0,0,0,102494,1,2,2021,1/1/2022,
2496,SYNTHETIC COMPANY 02495,SYNTHETIC SITE 02495,,1 Example Way,Nowhere,ZZ,00000,3328,SYNTHETIC INDUSTRY,34,66859,2,0,0,0,0,0,0,0,0,0,0,0,0,102495,1,2,2021,1/1/2022,
2497,SYNTHETIC COMPANY 02496,SYNTHETIC SITE 02496,,1 Example Way,Nowhere,ZZ,00000,2361,SYNTHETIC INDUSTRY,19,38350,2,0,0,0,0,0,0,0,0,0,0,0,0,102496,1,2,2021,1/1/2022,
2498,SYNTHETIC COMPANY 02497,SYNTHETIC SITE 02497,,1 Example Way,Nowhere,ZZ,00000,4841,SYNTHETIC INDUSTRY,25,38522,2,0,0,0,0,0,0,0,0,0,0,0,0,102497,1,2,2021,1/1/2022,
2499,SYNTHETIC COMPANY 02498,SYNTHETIC SITE 02498,,1 Example Way,Nowhere,ZZ,00000,3251,SYNTHETIC INDUSTRY,268,469549,1,0,0,1,3,0,4,4,0,0,0,0,0,102498,1,2,2021,1/1/2022,
2500,SYNTHETIC COMPANY 02499,SYNTHETIC SITE 02499,,1 Example Way,Nowhere,ZZ,00000,4451,SYNTHETIC INDUSTRY,147,253908,1,0,0,1,0,0,4,1,0,0,0,0,0,102499,1,2,2021,1/1/2022,
2501,SYNTHETIC COMPANY 02500,SYNTHETIC SITE 02500,,1 Example Way,Nowhere,ZZ,00000,3252,SYNTHETIC INDUSTRY,17,36010,2,0,0,0,0,0,0,0,0,0,0,0,0,102500,1,2,2021,1/1/2022,
2502,SYNTHETIC COMPANY 02501,SYNTHETIC SITE 02501,,1 Example Way,Nowhere,ZZ,00000,6221,SYNTHETIC INDUSTRY,404,700369,1,0,0,0,2,0,0,2,0,0,0,0,0,102501,1,2,2021,1/1/2022,
2503,SYNTHETIC COMPANY 02502,SYNTHETIC SITE 02502,,1 Example Way,Nowhere,ZZ,00000,4841,SYNTHETIC INDUSTRY,38,64895,2,0,0,0,0,0,0,0,0,0,0,0,0,102502,1,2,2021,1/1/2022,
2504,SYNTHETIC COMPANY 02503,SYNTHETIC SITE 02503,,1 Example Way,Nowhere,ZZ,00000,3115,SYNTHETIC INDUSTRY,19,24322,1,0,0,1,0,0,4,1,0,0,0,0,0,102503,1,2,2021,1/1/2022,
2505,SYNTHETIC COMPANY 02504,SYNTHETIC SITE 02504,,1 Example Way,Nowhere,ZZ,00000,3328,SYNTHETIC INDUSTRY,16,30697,2,0,0,0,0,0,0,0,0,0,0,0,0,102504,1,2,2021,1/1/2022,
2506,SYNTHETIC COMPANY 02505,SYNTHETIC SITE 02505,,1 Example Way,Nowhere,ZZ,00000,4451,SYNTHETIC INDUSTRY,112,164138,2,0,0,0,0,0,0,0,0,0,0,0,0,102505,1,2,2021,1/1/2022,
2507,SYNTHETIC COMPANY 02506,SYNTHETIC SITE 02506,,1 Example Way,Nowhere,ZZ,00000,2361,SYNTHETIC INDUSTRY,20,40932,1,0,1,0,0,7,0,1,0,0,0,0,0,102506,1,2,2021,1/1/2022,
2508,SYNTHETIC COMPANY 02507,SYNTHETIC SITE 02507,,1 Example Way,Nowhere,ZZ,00000,3328,SYNTHETIC INDUSTRY,81,166875,1,0,2,1,7,14,4,10,0,0,0,0,0,102507,1,2,2021,1/1/2022,
2509,SYNTHETIC COMPANY 02508,SYNTHETIC SITE 02508,,1 Example Way,Nowhere,ZZ,00000,3328,SYNTHETIC INDUSTRY,64,119601,2,0,0,0,0,0,0,0,0,0,0,0,0,102508,1,2,2021,1/1/2022,
2510,SYNTHETIC COMPANY 02509,SYNTHETIC SITE 02509,,1 Example Way,Nowhere,ZZ,00000,4841,SYNTHETIC INDUSTRY,559,1203864,1,0,5,4,10,35,16,19,0,0,0,0,0,102509,1,2,2021,1/1/2022,
2511,SYNTHETIC COMPANY 02510,SYNTHETIC SITE 02510,,1 Example Way,Nowhere,ZZ,00000,4451,SYNTHETIC INDUSTRY,71,133266,1,0,2,0,0,14,0,2,0,0,0,0,0,102510,1,2,2021,1/1/2022,
2512,SYNTHETIC COMPANY 02511,SYNTHETIC SITE 02511,,1 Example Way,Nowhere,ZZ,00000,3328,SYNTHETIC INDUSTRY,14,26994,2,0,0,0,0,0,0,0,0,0,0,0,0,102511,1,2,2021,1/1/2022,
2513,SYNTHETIC COMPANY 02512,SYNTHETIC SITE 02512,,1 Example Way,Nowhere,ZZ,00000,3252,SYNTHETIC INDUSTRY,453,853371,2,0,0,0,0,0,0,0,0,0,0,0,0,102512,1,2,2021,1/1/2022,
2514,SYNTHETIC COMPANY 02513,SYNTHETIC SITE 02513,,1 Example Way,Nowhere,ZZ,00000,3251,SYNTHETIC INDUSTRY,141,260239,1,0,1,1,5,7,4,7,0,0,0,0,0,102513,1,2,2021,1/1/2022,
2515,SYNTHETIC COMPANY 02514,SYNTHETIC SITE 02514,,1 Example Way,Nowhere,ZZ,00000,3251,SYNTHETIC INDUSTRY,17,25005,2,0,0,0,0,0,0,0,0,0,0,0,0,102514,1,2,2021,1/1/2022,
2516,SYNTHETIC COMPANY 02515,SYNTHETIC SITE 02515,,1 Example Way,Nowhere,ZZ,00000,4841,SYNTHETIC INDUSTRY,17,27835,2,0,0,0,0,0,0,0,0,0,0,0,0,102515,1,2,2021,1/1/2022,
2517,SYNTHETIC COMPANY 02516,SYNTHETIC SITE 02516,,1 Example Way,Nowhere,ZZ,00000,3251,SYNTHETIC INDUSTRY,25,37851,1,0,1,0,1,7,0,2,0,0,0,0,0,102516,1,2,2021,1/1/2022,
2518,SYNTHETIC COMPANY 02517,SYNTHETIC SITE 02517,,1 Example Way,Nowhere,ZZ,00000,3328,SYNTHETIC INDUSTRY,22,42117,2,0,0,0,0,0,0,0,0,0,0,0,0,102517,1,2,2021,1/1/2022,
2519,SYNTHETIC COMPANY 02518,SYNTHETIC SITE 02518,,1 Example Way,Nowhere,ZZ,00000,3252,SYNTHETIC INDUSTRY,353,516504,1,0,2,0,7,14,0,9,0,0,0,0,0,102518,1,2,2021,1/1/2022,
2520,SYNTHETIC COMPANY 02519,SYNTHETIC SITE 02519,,1 Example Way,Nowhere,ZZ,00000,6221,SYNTHETIC INDUSTRY,21,39932,2,0,0,0,0,0,0,0,0,0,0,0,0,102519,1,2,2021,1/1/2022,
2521,SYNTHETIC COMPANY 02520,SYNTHETIC SITE 02520,,1 Example Way,Nowhere,ZZ,00000,3251,SYNTHETIC INDUSTRY,185,348973,1,0,2,0,1,14,0,3,0,0,0,0,0,102520,1,2,2021,1/1/2022,
2522,SYNTHETIC COMPANY 02521,SYNTHETIC SITE 02521,,1 Example Way,Nowhere,ZZ,00000,4451,SYNTHETIC INDUSTRY,25,50209,2,0,0,0,0,0,0,0,0,0,0,0,0,102521,1,2,2021,1/1/2022,
2523,SYNTHETIC COMPANY 02522,SYNTHETIC SITE 02522,,1 Example Way,Nowhere,ZZ,00000,3251,SYNTHETIC INDUSTRY,499,858371,2,0,0,0,0,0,0,0,0,0,0,0,0,102522,1,2,2021,1/1/2022,
2524,SYNTHETIC COMPANY 02523,SYNTHETIC SITE 02523,,1 Example Way,Nowhere,ZZ,00000,3328,SYNTHETIC INDUSTRY,23,37380,2,0,0,0,0,0,0,0,0,0,0,0,0,102523,1,2,2021,1/1/2022,
2525,SYNTHETIC COMPANY 02524,SYNTHETIC SITE 02524,,1 Example Way,Nowhere,ZZ,00000,3115,SYNTHETIC INDUSTRY,16,24813,1,0,1,0,0,7,0,1,0,0,0,0,0,102524,1,2,2021,1/1/2022,
2526,SYNTHETIC COMPANY 02525,SYNTHETIC SITE 02525,,1 Example Way,Nowhere,ZZ,00000,3252,SYNTHETIC INDUSTRY,47,98620,2,0,0,0,0,0,0,0,0,0,0,0,0,102525,1,2,2021,1/1/2022,
2527,SYNTHETIC COMPANY 02526,SYNTHETIC SITE 02526,,1 Example Way,Nowhere,ZZ,00000,4451,SYNTHETIC INDUSTRY,10,26049,2,0,0,0,0,0,0,0,0,0,0,0,0,102526,1,2,2021,1/1/2022,
2528,SYNTHETIC COMPANY 02527,SYNTHETIC SITE 02527,,1 Example Way,Nowhere,ZZ,00000,6221,SYNTHETIC INDUSTRY,29,48573,2,0,0,0,0,0,0,0,0,0,0,0,0,102527,1,2,2021,1/1/2022,
2529,SYNTHETIC COMPANY 02528,SYNTHETIC SITE 02528,,1 Example Way,Nowhere,ZZ,00000,3252,SYNTHETIC INDUSTRY,8,16243,2,0,0,0,0,0,0,0,0,0,0,0,0,102528,1,2,2021,1/1/2022,
2530,SYNTHETIC COMPANY 02529,SYNTHETIC SITE 02529,,1 Example Way,Nowhere,ZZ,00000,3328,SYNTHETIC INDUSTRY,344,647898,2,0,0,0,0,0,0,0,0,0,0,0,0,102529,1,2,2021,1/1/2022,
2531,SYNTHETIC COMPANY 02530,SYNTHETIC SITE 02530,,1 Example Way,Nowhere,ZZ,00000,3252,SYNTHETIC INDUSTRY,60,106280,1,0,1,0,1,7,0,2,0,0,0,0,0,102530,1,2,2021,1/1/2022,
2532,SYNTHETIC COMPANY 02531,SYNTHETIC SITE 02531,,1 Example Way,Nowhere,ZZ,00000,2361,SYNTHETIC INDUSTRY,55,97652,1,0,1,0,1,7,0,2,0,0,0,0,0,102531,1,2,2021,1/1/2022,
2533,SYNTHETIC COMPANY 02532,SYNTHETIC SITE 02532,,1 Example Way,Nowhere,ZZ,00000,3328,SYNTHETIC INDUSTRY,28,46916,2,0,0,0,0,0,0,0,0,0,0,0,0,102532,1,2,2021,1/1/2022,
2534,SYNTHETIC COMPANY 02533,SYNTHETIC SITE 02533,,1 Example Way,Nowhere,ZZ,00000,3115,SYNTHETIC INDUSTRY,84,158362,2,0,0,0,0,0,0,0,0,0,0,0,0,102533,1,2,2021,1/1/2022,
2535,SYNTHETIC COMPANY 02534,SYNTHETIC SITE 02534,,1 Example Way,Nowhere,ZZ,00000,2361,SYNTHETIC INDUSTRY,20,31317,1,0,0,0,1,0,0,1,0,0,0,0,0,102534,1,2,2021,1/1/2022,
2536,SYNTHETIC COMPANY 02535,SYNTHETIC SITE 02535,,1 Example Way,Nowhere,ZZ,00000,3251,SYNTHETIC INDUSTRY,449,760699,1,0,4,0,5,28,0,9,0,0,0,0,0,102535,1,2,2021,1/1/2022,
2537,SYNTHETIC COMPANY 02536,SYNTHETIC SITE 02536,,1 Example Way,Nowhere,ZZ,00000,3328,SYNTHETIC INDUSTRY,22,40729,2,0,0,0,0,0,0,0,0,0,0,0,0,102536,1,2,2021,1/1/2022,
2538,SYNTHETIC COMPANY 02537,SYNTHETIC SITE 02537,,1 Example Way,Nowhere,ZZ,00000,4841,SYNTHETIC INDUSTRY,17,35054,2,0,0,0,0,0,0,0,0,0,0,0,0,102537,1,2,2021,1/1/2022,
2539,SYNTHETIC COMPANY 02538,SYNTHETIC SITE 02538,,1 Example Way,Nowhere,ZZ,00000,4841,SYNTHETIC INDUSTRY,10,15555,2,0,0,0,0,0,0,0,0,0,0,0,0,102538,1,2,2021,1/1/2022,
2540,SYNTHETIC COMPANY 02539,SYNTHETIC SITE 02539,,1 Example Way,Nowhere,ZZ,00000,3328,SYNTHETIC INDUSTRY,110,185435,1,0,1,1,2,7,4,4,0,0,0,0,0,102539,1,2,2021,1/1/2022,
2541,SYNTHETIC COMPANY 02540,SYNTHETIC SITE 02540,,1 Example Way,Nowhere,ZZ,00000,3251,SYNTHETIC INDUSTRY,34,65927,1,0,1,0,0,7,0,1,0,0,0,0,0,102540,1,2,2021,1/1/2022,
2542,SYNTHETIC COMPANY 02541,SYNTHETIC SITE 02541,,1 Example Way,Nowhere,ZZ,00000,4841,SYNTHETIC INDUSTRY,79,150145,2,0,0,0,0,0,0,0,0,0,0,0,0,102541,1,2,2021,1/1/2022,
2543,SYNTHETIC COMPANY 02542,SYNTHETIC SITE 02542,,1 Example Way,Nowhere,ZZ,00000,2361,SYNTHETIC INDUSTRY,26,39444,2,0,0,0,0,0,0,0,0,0,0,0,0,102542,1,2,2021,1/1/2022,
2544,SYNTHETIC COMPANY 02543,SYNTHETIC SITE 02543,,1 Example Way,Nowhere,ZZ,00000,4451,SYNTHETIC INDUSTRY,208,329535,2,0,0,0,0,0,0,0,0,0,0,0,0,102543,1,2,2021,1/1/2022,
2545,SYNTHETIC COMPANY 02544,SYNTHETIC SITE 02544,,1 Example Way,Nowhere,ZZ,00000,4451,SYNTHETIC INDUSTRY,21,34872,2,0,0,0,0,0,0,0,0,0,0,0,0,102544,1,2,2021,1/1/2022,
2546,SYNTHETIC COMPANY 02545,SYNTHETIC SITE 02545,,1 Example Way,Nowhere,ZZ,00000,3252,SYNTHETIC INDUSTRY,55,90319,2,0,0,0,0,0,0,0,0,0,0,0,0,102545,1,2,2021,1/1/2022,
2547,SYNTHETIC COMPANY 02546,SYNTHETIC SITE 02546,,1 Example Way,Nowhere,ZZ,00000,4451,SYNTHETIC INDUSTRY,41,81228,2,0,0,0,0,0,0,0,0,0,0,0,0,102546,1,2,2021,1/1/2022,
2548,SYNTHETIC COMPANY 02547,SYNTHETIC SITE 02547,,1 Example Way,Nowhere,ZZ,00000,3115,SYNTHETIC INDUSTRY,154,305051,1,0,7,3,4,49,12,14,0,0,0,0,0,102547,1,2,2021,1/1/2022,
2549,SYNTHETIC COMPANY 02548,SYNTHETIC SITE 02548,,1 Example Way,Nowhere,ZZ,00000,3251,SYNTHETIC INDUSTRY,48,64368,2,0,0,0,0,0,0,0,0,0,0,0,0,102548,1,2,2021,1/1/2022,
2550,SYNTHETIC COMPANY 02549,SYNTHETIC SITE 02549,,1 Example Way,Nowhere,ZZ,00000,2361,SYNTHETIC INDUSTRY,158,231225,2,0,0,0,0,0,0,0,0,0,0,0,0,102549,1,2,2021,1/1/2022,
2551,SYNTHETIC COMPANY 02550,SYNTHETIC SITE 02550,,1 Example Way,Nowhere,ZZ,00000,3252,SYNTHETIC INDUSTRY,13,23971,2,0,0,0,0,0,0,0,0,0,0,0,0,102550,1,2,2021,1/1/2022,
2552,SYNTHETIC COMPANY 02551,SYNTHETIC SITE 02551,,1 Example Way,Nowhere,ZZ,00000,6221,SYNTHETIC INDUSTRY,5,9265,2,0,0,0,0,0,0,0,0,0,0,0,0,102551,1,2,2021,1/1/2022,
2553,SYNTHETIC COMPANY 02552,SYNTHETIC SITE 02552,,1 Example Way,Nowhere,ZZ,00000,3251,SYNTHETIC INDUSTRY,77,137065,1,0,1,0,1,7,0,2,0,0,0,0,0,102552,1,2,2021,1/1/2022,
2554,SYNTHETIC COMPANY 02553,SYNTHETIC SITE 02553,,1 Example Way,Nowhere,ZZ,00000,4451,SYNTHETIC INDUSTRY,17,36516,2,0,0,0,0,0,0,0,0,0,0,0,0,102553,1,2,2021,1/1/2022,
2555,SYNTHETIC COMPANY 02554,SYNTHETIC SITE 02554,,1 Example Way,Nowhere,ZZ,00000,4841,SYNTHETIC INDUSTRY,68,135171,1,0,2,1,1,14,4,4,0,0,0,0,0,102554,1,2,2021,1/1/2022,
2556,SYNTHETIC COMPANY 02555,SYNTHETIC SITE 02555,,1 Example Way,Nowhere,ZZ,00000,2361,SYNTHETIC INDUSTRY,38,69462,1,0,1,0,0,7,0,1,0,0,0,0,0,102555,1,2,2021,1/1/2022,
2557,SYNTHETIC COMPANY 02556,SYNTHETIC SITE 02556,,1 Example Way,Nowhere,ZZ,00000,3251,SYNTHETIC INDUSTRY,12,21664,2,0,0,0,0,0,0,0,0,0,0,0,0,102556,1,2,2021,1/1/2022,
2558,SYNTHETIC COMPANY 02557,SYNTHETIC SITE 02557,,1 Example Way,Nowhere,ZZ,00000,2361,SYNTHETIC INDUSTRY,15,34999,2,0,0,0,0,0,0,0,0,0,0,0,0,102557,1,2,2021,1/1/2022,
2559,SYNTHETIC COMPANY 02558,SYNTHETIC SITE 02558,,1 Example Way,Nowhere,ZZ,00000,6221,SYNTHETIC INDUSTRY,9,15987,2,0,0,0,0,0,0,0,0,0,0,0,0,102558,1,2,2021,1/1/2022,
2560,SYNTHETIC COMPANY 02559,SYNTHETIC SITE 02559,,1 Example Way,Nowhere,ZZ,00000,6221,SYNTHETIC INDUSTRY,5,8975,1,0,0,1,0,0,4,1,0,0,0,0,0,102559,1,2,2021,1/1/2022,
2561,SYNTHETIC COMPANY 02560,SYNTHETIC SITE 02560,,1 Example Way,Nowhere,ZZ,00000,3115,SYNTHETIC INDUSTRY,70,133391,1,0,2,1,0,14,4,3,0,0,0,0,0,102560,1,2,2021,1/1/2022,
2562,SYNTHETIC COMPANY 02561,SYNTHETIC SITE 02561,,1 Example Way,Nowhere,ZZ,00000,3328,SYNTHETIC INDUSTRY,56,109246,2,0,0,0,0,0,0,0,0,0,0,0,0,102561,1,2,2021,1/1/2022,
2563,SYNTHETIC COMPANY 02562,SYNTHETIC SITE 02562,,1 Example Way,Nowhere,ZZ,00000,2361,SYNTHETIC INDUSTRY,11,19266,2,0,0,0,0,0,0,0,0,0,0,0,0,102562,1,2,2021,1/1/2022,
2564,SYNTHETIC COMPANY 02563,SYNTHETIC SITE 02563,,1 Example Way,Nowhere,ZZ,00000,3251,SYNTHETIC INDUSTRY,15,32185,2,0,0,0,0,0,0,0,0,0,0,0,0,102563,1,2,2021,1/1/2022,
2565,SYNTHETIC COMPANY 02564,SYNTHETIC SITE 02564,,1 Example Way,Nowhere,ZZ,00000,3252,SYNTHETIC INDUSTRY,25,38354,2,0,0,0,0,0,0,0,0,0,0,0,0,102564,1,2,2021,1/1/2022,
2566,SYNTHETIC COMPANY 02565,SYNTHETIC SITE 02565,,1 Example Way,Nowhere,ZZ,00000,4841,SYNTHETIC INDUSTRY,148,214995,1,0,1,1,3,7,4,5,0,0,0,0,0,102565,1,2,2021,1/1/2022,
2567,SYNTHETIC COMPANY 02566,SYNTHETIC SITE 02566,,1 Example Way,Nowhere,ZZ,00000,3115,SYNTHETIC INDUSTRY,102,162287,1,0,2,0,6,14,0,8,0,0,0,0,0,102566,1,2,2021,1/1/2022,
2568,SYNTHETIC COMPANY 02567,SYNTHETIC SITE 02567,,1 Example Way,Nowhere,ZZ,00000,3252,SYNTHETIC INDUSTRY,106,205793,2,0,0,0,0,0,0,0,0,0,0,0,0,102567,1,2,2021,1/1/2022,
2569,SYNTHETIC COMPANY 02568,SYNTHETIC SITE 02568,,1 Example Way,Nowhere,ZZ,00000,4841,SYNTHETIC INDUSTRY,132,252207,1,0,0,0,1,0,0,1,0,0,0,0,0,102568,1,2,2021,1/1/2022,
2570,SYNTHETIC COMPANY 02569,SYNTHETIC SITE 02569,,1 Example Way,Nowhere,ZZ,00000,3251,SYNTHETIC INDUSTRY,42,97060,1,0,2,0,0,14,0,2,0,0,0,0,0,102569,1,2,2021,1/1/2022,
2571,SYNTHETIC COMPANY 02570,SYNTHETIC SITE 02570,,1 Example Way,Nowhere,ZZ,00000,3251,SYNTHETIC INDUSTRY,39,67790,2,0,0,0,0,0,0,0,0,0,0,0,0,102570,1,2,2021,1/1/2022,
2572,SYNTHETIC COMPANY 02571,SYNTHETIC SITE 02571,,1 Example Way,Nowhere,ZZ,00000,3328,SYNTHETIC INDUSTRY,71,127975,1,0,2,0,0,14,0,2,0,0,0,0,0,102571,1,2,2021,1/1/2022,
2573,SYNTHETIC COMPANY 02572,SYNTHETIC SITE 02572,,1 Example Way,Nowhere,ZZ,00000,3328,SYNTHETIC INDUSTRY,16,25882,1,0,1,0,0,7,0,1,0,0,0,0,0,102572,1,2,2021,1/1/2022,
2574,SYNTHETIC COMPANY 02573,SYNTHETIC SITE 02573,,1 Example Way,Nowhere,ZZ,00000,2361,SYNTHETIC INDUSTRY,10,15323,1,0,0,0,1,0,0,1,0,0,0,0,0,102573,1,2,2021,1/1/2022,
2575,SYNTHETIC COMPANY 02574,SYNTHETIC SITE 02574,,1 Example Way,Nowhere,ZZ,00000,4841,SYNTHETIC INDUSTRY,20,48802,2,0,0,0,0,0,0,0,0,0,0,0,0,102574,1,2,2021,1/1/2022,
2576,SYNTHETIC COMPANY 02575,SYNTHETIC SITE 02575,,1 Example Way,Nowhere,ZZ,00000,3252,SYNTHETIC INDUSTRY,34,56671,2,0,0,0,0,0,0,0,0,0,0,0,0,102575,1,2,2021,1/1/2022,
2577,SYNTHETIC COMPANY 02576,SYNTHETIC SITE 02576,,1 Example Way,Nowhere,ZZ,00000,3251,SYNTHETIC INDUSTRY,96,148708,2,0,0,0,0,0,0,0,0,0,0,0,0,102576,1,2,2021,1/1/2022,
2578,SYNTHETIC COMPANY 02577,SYNTHETIC SITE 02577,,1 Example Way,Nowhere,ZZ,00000,3328,SYNTHETIC INDUSTRY,148,193991,2,0,0,0,0,0,0,0,0,0,0,0,0,102577,1,2,2021,1/1/2022,
2579,SYNTHETIC COMPANY 02578,SYNTHETIC SITE 02578,,1 Example Way,Nowhere,ZZ,00000,3328,SYNTHETIC INDUSTRY,10,18698,2,0,0,0,0,0,0,0,0,0,0,0,0,102578,1,2,2021,1/1/2022,
2580,SYNTHETIC COMPANY 02579,SYNTHETIC SITE 02579,,1 Example Way,Nowhere,ZZ,00000,3252,SYNTHETIC INDUSTRY,184,375294,1,0,12,7,10,84,28,29,0,0,0,0,0,102579,1,2,2021,1/1/2022,
2581,SYNTHETIC COMPANY 02580,SYNTHETIC SITE 02580,,1 Example Way,Nowhere,ZZ,00000,2361,SYNTHETIC INDUSTRY,8,16315,2,0,0,0,0,0,0,0,0,0,0,0,0,102580,1,2,2021,1/1/2022,
2582,SYNTHETIC COMPANY 02581,SYNTHETIC SITE 02581,,1 Example Way,Nowhere,ZZ,00000,4841,SYNTHETIC INDUSTRY,151,310042,2,0,0,0,0,0,0,0,0,0,0,0,0,102581,1,2,2021,1/1/2022,
2583,SYNTHETIC COMPANY 02582,SYNTHETIC SITE 02582,,1 Example Way,Nowhere,ZZ,00000,2361,SYNTHETIC INDUSTRY,20,34112,1,0,1,0,0,7,0,1,0,0,0,0,0,102582,1,2,2021,1/1/2022,
2584,SYNTHETIC COMPANY 02583,SYNTHETIC SITE 02583,,1 Example Way,Nowhere,ZZ,00000,3251,SYNTHETIC INDUSTRY,129,237024,2,0,0,0,0,0,0,0,0,0,0,0,0,102583,1,2,2021,1/1/2022,
2585,SYNTHETIC COMPANY 02584,SYNTHETIC SITE 02584,,1 Example Way,Nowhere,ZZ,00000,6221,SYNTHETIC INDUSTRY,19,19792,2,0,0,0,0,0,0,0,0,0,0,0,0,102584,1,2,2021,1/1/2022,
2586,SYNTHETIC COMPANY 02585,SYNTHETIC SITE 02585,,1 Example Way,Nowhere,ZZ,00000,3328,SYNTHETIC INDUSTRY,135,288983,1,0,2,1,1,14,4,4,0,0,0,0,0,102585,1,2,2021,1/1/2022,
2587,SYNTHETIC COMPANY 02586,SYNTHETIC SITE 02586,,1 Example Way,Nowhere,ZZ,00000,4451,SYNTHETIC INDUSTRY,10,18103,2,0,0,0,0,0,0,0,0,0,0,0,0,102586,1,2,2021,1/1/2022,
2588,SYNTHETIC COMPANY 02587,SYNTHETIC SITE 02587,,1 Example Way,Nowhere,ZZ,00000,6221,SYNTHETIC INDUSTRY,10,17616,2,0,0,0,0,0,0,0,0,0,0,0,0,102587,1,2,2021,1/1/2022,
2589,SYNTHETIC COMPANY 02588,SYNTHETIC SITE 02588,,1 Example Way,Nowhere,ZZ,00000,3251,SYNTHETIC INDUSTRY,66,129080,1,0,1,1,0,7,4,2,0,0,0,0,0,102588,1,2,2021,1/1/2022,
2590,SYNTHETIC COMPANY 02589,SYNTHETIC SITE 02589,,1 Example Way,Nowhere,ZZ,00000,6221,SYNTHETIC INDUSTRY,53,97796,2,0,0,0,0,0,0,0,0,0,0,0,0,102589,1,2,2021,1/1/2022,
2591,SYNTHETIC COMPANY 02590,SYNTHETIC SITE 02590,,1 Example Way,Nowhere,ZZ,00000,4841,SYNTHETIC INDUSTRY,45,84496,2,0,0,0,0,0,0,0,0,0,0,0,0,102590,1,2,2021,1/1/2022,
2592,SYNTHETIC COMPANY 02591,SYNTHETIC SITE 02591,,1 Example Way,Nowhere,ZZ,00000,3115,SYNTHETIC INDUSTRY,98,161361,1,0,0,0,1,0,0,1,0,0,0,0,0,102591,1,2,2021,1/1/2022,
2593,SYNTHETIC COMPANY 02592,SYNTHETIC SITE 02592,,1 Example Way,Nowhere,ZZ,00000,3115,SYNTHETIC INDUSTRY,12,24098,2,0,0,0,0,0,0,0,0,0,0,0,0,102592,1,2,2021,1/1/2022,
2594,SYNTHETIC COMPANY 02593,SYNTHETIC SITE 02593,,1 Example Way,Nowhere,ZZ,00000,3115,SYNTHETIC INDUSTRY,50,80705,2,0,0,0,0,0,0,0,0,0,0,0,0,102593,1,2,2021,1/1/2022,
2595,SYNTHETIC COMPANY 02594,SYNTHETIC SITE 02594,,1 Example Way,Nowhere,ZZ,00000,6221,SYNTHETIC INDUSTRY,48,90103,2,0,0,0,0,0,0,0,0,0,0,0,0,102594,1,2,2021,1/1/2022,
2596,SYNTHETIC COMPANY 02595,SYNTHETIC SITE 02595,,1 Example Way,Nowhere,ZZ,00000,4451,SYNTHETIC INDUSTRY,19,39456,2,0,0,0,0,0,0,0,0,0,0,0,0,102595,1,2,2021,1/1/2022,
2597,SYNTHETIC COMPANY 02596,SYNTHETIC SITE 02596,,1 Example Way,Nowhere,ZZ,00000,3328,SYNTHETIC INDUSTRY,34,60666,2,0,0,0,0,0,0,0,0,0,0,0,0,102596,1,2,2021,1/1/2022,
2598,SYNTHETIC COMPANY 02597,SYNTHETIC SITE 02597,,1 Example Way,Nowhere,ZZ,00000,3328,SYNTHETIC INDUSTRY,16,26044,2,0,0,0,0,0,0,0,0,0,0,0,0,102597,1,2,2021,1/1/2022,
2599,SYNTHETIC COMPANY 02598,SYNTHETIC SITE 02598,,1 Example Way,Nowhere,ZZ,00000,4841,SYNTHETIC INDUSTRY,12,22667,2,0,0,0,0,0,0,0,0,0,0,0,0,102598,1,2,2021,1/1/2022,
2600,SYNTHETIC COMPANY 02599,SYNTHETIC SITE 02599,,1 Example Way,Nowhere,ZZ,00000,4841,SYNTHETIC INDUSTRY,63,132584,1,0,0,0,1,0,0,1,0,0,0,0,0,102599,1,2,2021,1/1/2022,
2601,SYNTHETIC COMPANY 02600,SYNTHETIC SITE 02600,,1 Example Way,Nowhere,ZZ,00000,2361,SYNTHETIC INDUSTRY,82,139871,2,0,0,0,0,0,0,0,0,0,0,0,0,102600,1,2,2021,1/1/2022,
2602,SYNTHETIC COMPANY 02601,SYNTHETIC SITE 02601,,1 Example Way,Nowhere,ZZ,00000,3115,SYNTHETIC INDUSTRY,73,117994,2,0,0,0,0,0,0,0,0,0,0,0,0,102601,1,2,2021,1/1/2022,
2603,SYNTHETIC COMPANY 02602,SYNTHETIC SITE 02602,,1 Example Way,Nowhere,ZZ,00000,3251,SYNTHETIC INDUSTRY,6,10887,1,0,1,0,0,7,0,1,0,0,0,0,0,102602,1,2,2021,1/1/2022,
2604,SYNTHETIC COMPANY 02603,SYNTHETIC SITE 02603,,1 Example Way,Nowhere,ZZ,00000,6221,SYNTHETIC INDUSTRY,6,11653,2,0,0,0,0,0,0,0,0,0,0,0,0,102603,1,2,2021,1/1/2022,
2605,SYNTHETIC COMPANY 02604,SYNTHETIC SITE 02604,,1 Example Way,Nowhere,ZZ,00000,3115,SYNTHETIC INDUSTRY,64,110169,1,0,2,1,0,14,4,3,0,0,0,0,0,102604,1,2,2021,1/1/2022,
2606,SYNTHETIC COMPANY 02605,SYNTHETIC SITE 02605,,1 Example Way,Nowhere,ZZ,00000,3328,SYNTHETIC INDUSTRY,18,40753,1,0,0,0,1,0,0,1,0,0,0,0,0,102605,1,2,2021,1/1/2022,
2607,SYNTHETIC COMPANY 02606,SYNTHETIC SITE 02606,,1 Example Way,Nowhere,ZZ,00000,3252,SYNTHETIC INDUSTRY,8,12329,2,0,0,0,0,0,0,0,0,0,0,0,0,102606,1,2,2021,1/1/2022,
2608,SYNTHETIC COMPANY 02607,SYNTHETIC SITE 02607,,1 Example Way,Nowhere,ZZ,00000,2361,SYNTHETIC INDUSTRY,28,51396,2,0,0,0,0,0,0,0,0,0,0,0,0,102607,1,2,2021,1/1/2022,
2609,SYNTHETIC COMPANY 02608,SYNTHETIC SITE 02608,,1 Example Way,Nowhere,ZZ,00000,3115,SYNTHETIC INDUSTRY,140,270076,1,0,1,2,2,7,8,5,0,0,0,0,0,102608,1,2,2021,1/1/2022,
2610,SYNTHETIC COMPANY 02609,SYNTHETIC SITE 02609,,1 Example Way,Nowhere,ZZ,00000,4841,SYNTHETIC INDUSTRY,129,240189,1,0,3,1,1,21,4,5,0,0,0,0,0,102609,1,2,2021,1/1/2022,
2611,SYNTHETIC COMPANY 02610,SYNTHETIC SITE 02610,,1 Example Way,Nowhere,ZZ,00000,4451,SYNTHETIC INDUSTRY,59,102387,2,0,0,0,0,0,0,0,0,0,0,0,0,102610,1,2,2021,1/1/2022,
2612,SYNTHETIC COMPANY 02611,SYNTHETIC SITE 02611,,1 Example Way,Nowhere,ZZ,00000,2361,SYNTHETIC INDUSTRY,236,374296,1,0,1,0,0,7,0,1,0,0,0,0,0,102611,1,2,2021,1/1/2022,
2613,SYNTHETIC COMPANY 02612,SYNTHETIC SITE 02612,,1 Example Way,Nowhere,ZZ,00000,6221,SYNTHETIC INDUSTRY,123,272980,1,0,1,1,0,7,4,2,0,0,0,0,0,102612,1,2,2021,1/1/2022,
2614,SYNTHETIC COMPANY 02613,SYNTHETIC SITE 02613,,1 Example Way,Nowhere,ZZ,00000,4841,SYNTHETIC INDUSTRY,437,845885,2,0,0,0,0,0,0,0,0,0,0,0,0,102613,1,2,2021,1/1/2022,
2615,SYNTHETIC COMPANY 02614,SYNTHETIC SITE 02614,,1 Example Way,Nowhere,ZZ,00000,3251,SYNTHETIC INDUSTRY,28,59788,1,0,0,0,2,0,0,2,0,0,0,0,0,102614,1,2,2021,1/1/2022,
2616,SYNTHETIC COMPANY 02615,SYNTHETIC SITE 02615,,1 Example Way,Nowhere,ZZ,00000,3328,SYNTHETIC INDUSTRY,478,770540,1,0,5,8,2,35,32,15,0,0,0,0,0,102615,1,2,2021,1/1/2022,
2617,SYNTHETIC COMPANY 02616,SYNTHETIC SITE 02616,,1 Example Way,Nowhere,ZZ,00000,3251,SYNTHETIC INDUSTRY,189,374332,1,0,2,0,2,14,0,4,0,0,0,0,0,102616,1,2,2021,1/1/2022,
2618,SYNTHETIC COMPANY 02617,SYNTHETIC SITE 02617,,1 Example Way,Nowhere,ZZ,00000,3251,SYNTHETIC INDUSTRY,244,440685,2,0,0,0,0,0,0,0,0,0,0,0,0,102617,1,2,2021,1/1/2022,
2619,SYNTHETIC COMPANY 02618,SYNTHETIC SITE 02618,,1 Example Way,Nowhere,ZZ,00000,4451,SYNTHETIC INDUSTRY,55,93781,2,0,0,0,0,0,0,0,0,0,0,0,0,102618,1,2,2021,1/1/2022,
2620,SYNTHETIC COMPANY 02619,SYNTHETIC SITE 02619,,1 Example Way,Nowhere,ZZ,00000,3251,SYNTHETIC INDUSTRY,13,27168,2,0,0,0,0,0,0,0,0,0,0,0,0,102619,1,2,2021,1/1/2022,
2621,SYNTHETIC COMPANY 02620,SYNTHETIC SITE 02620,,1 Example Way,Nowhere,ZZ,00000,2361,SYNTHETIC INDUSTRY,80,125524,2,0,0,0,0,0,0,0,0,0,0,0,0,102620,1,2,2021,1/1/2022,
2622,SYNTHETIC COMPANY 02621,SYNTHETIC SITE 02621,,1 Example Way,Nowhere,ZZ,00000,3251,SYNTHETIC INDUSTRY,350,641673,2,0,0,0,0,0,0,0,0,0,0,0,0,102621,1,2,2021,1/1/2022,
2623,SYNTHETIC COMPANY 02622,SYNTHETIC SITE 02622,,1 Example Way,Nowhere,ZZ,00000,3252,SYNTHETIC INDUSTRY,49,87940,1,0,1,2,0,7,8,3,0,0,0,0,0,102622,1,2,2021,1/1/2022,
2624,SYNTHETIC COMPANY 02623,SYNTHETIC SITE 02623,,1 Example Way,Nowhere,ZZ,00000,2361,SYNTHETIC INDUSTRY,86,177068,1,0,0,3,2,0,12,5,0,0,0,0,0,102623,1,2,2021,1/1/2022,
2625,SYNTHETIC COMPANY 02624,SYNTHETIC SITE 02624,,1 Example Way,Nowhere,ZZ,00000,4841,SYNTHETIC INDUSTRY,198,394630,2,0,0,0,0,0,0,0,0,0,0,0,0,102624,1,2,2021,1/1/2022,
2626,SYNTHETIC COMPANY 02625,SYNTHETIC SITE 02625,,1 Example Way,Nowhere,ZZ,00000,6221,SYNTHETIC INDUSTRY,51,94251,1,0,0,0,1,0,0,1,0,0,0,0,0,102625,1,2,2021,1/1/2022,
2627,SYNTHETIC COMPANY 02626,SYNTHETIC SITE 02626,,1 Example Way,Nowhere,ZZ,00000,4841,SYNTHETIC INDUSTRY,9,18239,2,0,0,0,0,0,0,0,0,0,0,0,0,102626,1,2,2021,1/1/2022,
2628,SYNTHETIC COMPANY 02627,SYNTHETIC SITE 02627,,1 Example Way,Nowhere,ZZ,00000,3115,SYNTHETIC INDUSTRY,60,101823,2,0,0,0,0,0,0,0,0,0,0,0,0,102627,1,2,2021,1/1/2022,
2629,SYNTHETIC COMPANY 02628,SYNTHETIC SITE 02628,,1 Example Way,Nowhere,ZZ,00000,3252,SYNTHETIC INDUSTRY,8,14007,2,0,0,0,0,0,0,0,0,0,0,0,0,102628,1,2,2021,1/1/2022,
2630,SYNTHETIC COMPANY 02629,SYNTHETIC SITE 02629,,1 Example Way,Nowhere,ZZ,00000,3328,SYNTHETIC INDUSTRY,169,281896,1,0,0,1,0,0,4,1,0,0,0,0,0,102629,1,2,2021,1/1/2022,
2631,SYNTHETIC COMPANY 02630,SYNTHETIC SITE 02630,,1 Example Way,Nowhere,ZZ,00000,3252,SYNTHETIC INDUSTRY,73,169002,1,0,0,1,2,0,4,3,0,0,0,0,0,102630,1,2,2021,1/1/2022,
2632,SYNTHETIC COMPANY 02631,SYNTHETIC SITE 02631,,1 Example Way,Nowhere,ZZ,00000,6221,SYNTHETIC INDUSTRY,148,244688,1,0,2,0,2,14,0,4,0,0,0,0,0,102631,1,2,2021,1/1/2022,
2633,SYNTHETIC COMPANY 02632,SYNTHETIC SITE 02632,,1 Example Way,Nowhere,ZZ,00000,4451,SYNTHETIC INDUSTRY,19,42873,2,0,0,0,0,0,0,0,0,0,0,0,0,102632,1,2,2021,1/1/2022,
2634,SYNTHETIC COMPANY 02633,SYNTHETIC SITE 02633,,1 Example Way,Nowhere,ZZ,00000,3252,SYNTHETIC INDUSTRY,18,29422,2,0,0,0,0,0,0,0,0,0,0,0,0,102633,1,2,2021,1/1/2022,
2635,SYNTHETIC COMPANY 02634,SYNTHETIC SITE 02634,,1 Example Way,Nowhere,ZZ,00000,3252,SYNTHETIC INDUSTRY,125,248241,2,0,0,0,0,0,0,0,0,0,0,0,0,102634,1,2,2021,1/1/2022,
2636,SYNTHETIC COMPANY 02635,SYNTHETIC SITE 02635,,1 Example Way,Nowhere,ZZ,00000,4451,SYNTHETIC INDUSTRY,347,674040,1,0,12,12,17,84,48,41,0,0,0,0,0,102635,1,2,2021,1/1/2022,
2637,SYNTHETIC COMPANY 02636,SYNTHETIC SITE 02636,,1 Example Way,Nowhere,ZZ,00000,6221,SYNTHETIC INDUSTRY,227,423680,1,0,3,2,0,21,8,5,0,0,0,0,0,102636,1,2,2021,1/1/2022,
2638,SYNTHETIC COMPANY 02637,SYNTHETIC SITE 02637,,1 Example Way,Nowhere,ZZ,00000,2361,SYNTHETIC INDUSTRY,60,102609,1,0,0,0,1,0,0,1,0,0,0,0,0,102637,1,2,2021,1/1/2022,
2639,SYNTHETIC COMPANY 02638,SYNTHETIC SITE 02638,,1 Example Way,Nowhere,ZZ,00000,4451,SYNTHETIC INDUSTRY,166,313488,1,0,2,3,12,14,12,17,0,0,0,0,0,102638,1,2,2021,1/1/2022,
2640,SYNTHETIC COMPANY 02639,SYNTHETIC SITE 02639,,1 Example Way,Nowhere,ZZ,00000,4451,SYNTHETIC INDUSTRY,228,470838,1,0,4,4,2,28,16,10,0,0,0,0,0,102639,1,2,2021,1/1/2022,
2641,SYNTHETIC COMPANY 02640,SYNTHETIC SITE 02640,,1 Example Way,Nowhere,ZZ,00000,4451,SYNTHETIC INDUSTRY,10,21469,2,0,0,0,0,0,0,0,0,0,0,0,0,102640,1,2,2021,1/1/2022,
2642,SYNTHETIC COMPANY 02641,SYNTHETIC SITE 02641,,1 Example Way,Nowhere,ZZ,00000,6221,SYNTHETIC INDUSTRY,111,195255,1,0,5,1,1,35,4,7,0,0,0,0,0,102641,1,2,2021,1/1/2022,
2643,SYNTHETIC COMPANY 02642,SYNTHETIC SITE 02642,,1 Example Way,Nowhere,ZZ,00000,4841,SYNTHETIC INDUSTRY,11,24777,2,0,0,0,0,0,0,0,0,0,0,0,0,102642,1,2,2021,1/1/2022,
2644,SYNTHETIC COMPANY 02643,SYNTHETIC SITE 02643,,1 Example Way,Nowhere,ZZ,00000,6221,SYNTHETIC INDUSTRY,38,73636,2,0,0,0,0,0,0,0,0,0,0,0,0,102643,1,2,2021,1/1/2022,
2645,SYNTHETIC COMPANY 02644,SYNTHETIC SITE 02644,,1 Example Way,Nowhere,ZZ,00000,6221,SYNTHETIC INDUSTRY,111,175283,2,0,0,0,0,0,0,0,0,0,0,0,0,102644,1,2,2021,1/1/2022,
2646,SYNTHETIC COMPANY 02645,SYNTHETIC SITE 02645,,1 Example Way,Nowhere,ZZ,00000,3328,SYNTHETIC INDUSTRY,23,43737,2,0,0,0,0,0,0,0,0,0,0,0,0,102645,1,2,2021,1/1/2022,
2647,SYNTHETIC COMPANY 02646,SYNTHETIC SITE 02646,,1 Example Way,Nowhere,ZZ,00000,4841,SYNTHETIC INDUSTRY,35,69056,1,0,2,0,1,14,0,3,0,0,0,0,0,102646,1,2,2021,1/1/2022,
2648,SYNTHETIC COMPANY 02647,SYNTHETIC SITE 02647,,1 Example Way,Nowhere,ZZ,00000,6221,SYNTHETIC INDUSTRY,138,254537,1,0,1,1,0,7,4,2,0,0,0,0,0,102647,1,2,2021,1/1/2022,
2649,SYNTHETIC COMPANY 02648,SYNTHETIC SITE 02648,,1 Example Way,Nowhere,ZZ,00000,3252,SYNTHETIC INDUSTRY,10,18007,2,0,0,0,0,0,0,0,0,0,0,0,0,102648,1,2,2021,1/1/2022,
2650,SYNTHETIC COMPANY 02649,SYNTHETIC SITE 02649,,1 Example Way,Nowhere,ZZ,00000,6221,SYNTHETIC INDUSTRY,20,39470,2,0,0,0,0,0,0,0,0,0,0,0,0,102649,1,2,2021,1/1/2022,
2651,SYNTHETIC COMPANY 02650,SYNTHETIC SITE 02650,,1 Example Way,Nowhere,ZZ,00000,6221,SYNTHETIC INDUSTRY,35,84185,2,0,0,0,0,0,0,0,0,0,0,0,0,102650,1,2,2021,1/1/2022,
2652,SYNTHETIC COMPANY 02651,SYNTHETIC SITE 02651,,1 Example Way,Nowhere,ZZ,00000,4451,SYNTHETIC INDUSTRY,378,582321,1,0,4,2,4,28,8,10,0,0,0,0,0,102651,1,2,2021,1/1/2022,
2653,SYNTHETIC COMPANY 02652,SYNTHETIC SITE 02652,,1 Example Way,Nowhere,ZZ,00000,4841,SYNTHETIC INDUSTRY,135,258819,1,0,1,0,1,7,0,2,0,0,0,0,0,102652,1,2,2021,1/1/2022,
2654,SYNTHETIC COMPANY 02653,SYNTHETIC SITE 02653,,1 Example Way,Nowhere,ZZ,00000,3252,SYNTHETIC INDUSTRY,10,17845,2,0,0,0,0,0,0,0,0,0,0,0,0,102653,1,2,2021,1/1/2022,
2655,SYNTHETIC COMPANY 02654,SYNTHETIC SITE 02654,,1 Example Way,Nowhere,ZZ,00000,3252,SYNTHETIC INDUSTRY,183,314867,2,0,0,0,0,0,0,0,0,0,0,0,0,102654,1,2,2021,1/1/2022,
2656,SYNTHETIC COMPANY 02655,SYNTHETIC SITE 02655,,1 Example Way,Nowhere,ZZ,00000,3328,SYNTHETIC INDUSTRY,36,65014,2,0,0,0,0,0,0,0,0,0,0,0,0,102655,1,2,2021,1/1/2022,
2657,SYNTHETIC COMPANY 02656,SYNTHETIC SITE 02656,,1 Example Way,Nowhere,ZZ,00000,3328,SYNTHETIC INDUSTRY,40,76861,1,0,0,0,1,0,0,1,0,0,0,0,0,102656,1,2,2021,1/1/2022,
2658,SYNTHETIC COMPANY 02657,SYNTHETIC SITE 02657,,1 Example Way,Nowhere,ZZ,00000,3328,SYNTHETIC INDUSTRY,164,295403,1,0,0,0,1,0,0,1,0,0,0,0,0,102657,1,2,2021,1/1/2022,
2659,SYNTHETIC COMPANY 02658,SYNTHETIC SITE 02658,,1 Example Way,Nowhere,ZZ,00000,4841,SYNTHETIC INDUSTRY,20,40386,1,0,0,1,1,0,4,2,0,0,0,0,0,102658,1,2,2021,1/1/2022,
2660,SYNTHETIC COMPANY 02659,SYNTHETIC SITE 02659,,1 Example Way,Nowhere,ZZ,00000,3252,SYNTHETIC INDUSTRY,48,97403,2,0,0,0,0,0,0,0,0,0,0,0,0,102659,1,2,2021,1/1/2022,
2661,SYNTHETIC COMPANY 02660,SYNTHETIC SITE 02660,,1 Example Way,Nowhere,ZZ,00000,3115,SYNTHETIC INDUSTRY,20,33502,2,0,0,0,0,0,0,0,0,0,0,0,0,102660,1,2,2021,1/1/2022,
2662,SYNTHETIC COMPANY 02661,SYNTHETIC SITE 02661,,1 Example Way,Nowhere,ZZ,00000,3115,SYNTHETIC INDUSTRY,132,259423,2,0,0,0,0,0,0,0,0,0,0,0,0,102661,1,2,2021,1/1/2022,
2663,SYNTHETIC COMPANY 02662,SYNTHETIC SITE 02662,,1 Example Way,Nowhere,ZZ,00000,3115,SYNTHETIC INDUSTRY,305,634221,2,0,0,0,0,0,0,0,0,0,0,0,0,102662,1,2,2021,1/1/2022,
2664,SYNTHETIC COMPANY 02663,SYNTHETIC SITE 02663,,1 Example Way,Nowhere,ZZ,00000,4451,SYNTHETIC INDUSTRY,56,102091,1,0,2,0,0,14,0,2,0,0,0,0,0,102663,1,2,2021,1/1/2022,
2665,SYNTHETIC COMPANY 02664,SYNTHETIC SITE 02664,,1 Example Way,Nowhere,ZZ,00000,4841,SYNTHETIC INDUSTRY,44,79982,1,0,1,1,1,7,4,3,0,0,0,0,0,102664,1,2,2021,1/1/2022,
2666,SYNTHETIC COMPANY 02665,SYNTHETIC SITE 02665,,1 Example Way,Nowhere,ZZ,00000,3328,SYNTHETIC INDUSTRY,136,266527,2,0,0,0,0,0,0,0,0,0,0,0,0,102665,1,2,2021,1/1/2022,
2667,SYNTHETIC COMPANY 02666,SYNTHETIC SITE 02666,,1 Example Way,Nowhere,ZZ,00000,2361,SYNTHETIC INDUSTRY,123,246569,1,0,1,3,1,7,12,5,0,0,0,0,0,102666,1,2,2021,1/1/2022,
2668,SYNTHETIC COMPANY 02667,SYNTHETIC SITE 02667,,1 Example Way,Nowhere,ZZ,00000,4451,SYNTHETIC INDUSTRY,10,18209,1,0,1,0,0,7,0,1,0,0,0,0,0,102667,1,2,2021,1/1/2022,
2669,SYNTHETIC COMPANY 02668,SYNTHETIC SITE 02668,,1 Example Way,Nowhere,ZZ,00000,4451,SYNTHETIC INDUSTRY,44,72740,2,0,0,0,0,0,0,0,0,0,0,0,0,102668,1,2,2021,1/1/2022,
2670,SYNTHETIC COMPANY 02669,SYNTHETIC SITE 02669,,1 Example Way,Nowhere,ZZ,00000,3252,SYNTHETIC INDUSTRY,27,57385,1,0,0,1,0,0,4,1,0,0,0,0,0,102669,1,2,2021,1/1/2022,
2671,SYNTHETIC COMPANY 02670,SYNTHETIC SITE 02670,,1 Example Way,Nowhere,ZZ,00000,3252,SYNTHETIC INDUSTRY,7,12278,2,0,0,0,0,0,0,0,0,0,0,0,0,102670,1,2,2021,1/1/2022,
2672,SYNTHETIC COMPANY 02671,SYNTHETIC SITE 02671,,1 Example Way,Nowhere,ZZ,00000,3328,SYNTHETIC INDUSTRY,58,115077,1,0,0,0,2,0,0,2,0,0,0,0,0,102671,1,2,2021,1/1/2022,
2673,SYNTHETIC COMPANY 02672,SYNTHETIC SITE 02672,,1 Example Way,Nowhere,ZZ,00000,3328,SYNTHETIC INDUSTRY,7,15404,2,0,0,0,0,0,0,0,0,0,0,0,0,102672,1,2,2021,1/1/2022,
2674,SYNTHETIC COMPANY 02673,SYNTHETIC SITE 02673,,1 Example Way,Nowhere,ZZ,00000,4451,SYNTHETIC INDUSTRY,121,208615,2,0,0,0,0,0,0,0,0,0,0,0,0,102673,1,2,2021,1/1/2022,
2675,SYNTHETIC COMPANY 02674,SYNTHETIC SITE 02674,,1 Example Way,Nowhere,ZZ,00000,4841,SYNTHETIC INDUSTRY,95,149110,2,0,0,0,0,0,0,0,0,0,0,0,0,102674,1,2,2021,1/1/2022,
2676,SYNTHETIC COMPANY 02675,SYNTHETIC SITE 02675,,1 Example Way,Nowhere,ZZ,00000,6221,SYNTHETIC INDUSTRY,281,430277,1,0,4,1,4,28,4,9,0,0,0,0,0,102675,1,2,2021,1/1/2022,
2677,SYNTHETIC COMPANY 02676,SYNTHETIC SITE 02676,,1 Example Way,Nowhere,ZZ,00000,3115,SYNTHETIC INDUSTRY,72,106210,2,0,0,0,0,0,0,0,0,0,0,0,0,102676,1,2,2021,1/1/2022,
2678,SYNTHETIC COMPANY 02677,SYNTHETIC SITE 02677,,1 Example Way,Nowhere,ZZ,00000,3251,SYNTHETIC INDUSTRY,104,214027,1,0,0,0,7,0,0,7,0,0,0,0,0,102677,1,2,2021,1/1/2022,
2679,SYNTHETIC COMPANY 02678,SYNTHETIC SITE 02678,,1 Example Way,Nowhere,ZZ,00000,3251,SYNTHETIC INDUSTRY,16,27144,2,0,0,0,0,0,0,0,0,0,0,0,0,102678,1,2,2021,1/1/2022,
2680,SYNTHETIC COMPANY 02679,SYNTHETIC SITE 02679,,1 Example Way,Nowhere,ZZ,00000,2361,SYNTHETIC INDUSTRY,35,63646,1,0,2,3,4,14,12,9,0,0,0,0,0,102679,1,2,2021,1/1/2022,
2681,SYNTHETIC COMPANY 02680,SYNTHETIC SITE 02680,,1 Example Way,Nowhere,ZZ,00000,6221,SYNTHETIC INDUSTRY,28,50905,2,0,0,0,0,0,0,0,0,0,0,0,0,102680,1,2,2021,1/1/2022,
2682,SYNTHETIC COMPANY 02681,SYNTHETIC SITE 02681,,1 Example Way,Nowhere,ZZ,00000,3251,SYNTHETIC INDUSTRY,50,79186,2,0,0,0,0,0,0,0,0,0,0,0,0,102681,1,2,2021,1/1/2022,
2683,SYNTHETIC COMPANY 02682,SYNTHETIC SITE 02682,,1 Example Way,Nowhere,ZZ,00000,3328,SYNTHETIC INDUSTRY,59,111621,2,0,0,0,0,0,0,0,0,0,0,0,0,102682,1,2,2021,1/1/2022,
2684,SYNTHETIC COMPANY 02683,SYNTHETIC SITE 02683,,1 Example Way,Nowhere,ZZ,00000,3252,SYNTHETIC INDUSTRY,19,31401,2,0,0,0,0,0,0,0,0,0,0,0,0,102683,1,2,2021,1/1/2022,
2685,SYNTHETIC COMPANY 02684,SYNTHETIC SITE 02684,,1 Example Way,Nowhere,ZZ,00000,3115,SYNTHETIC INDUSTRY,186,348465,1,0,0,1,3,0,4,4,0,0,0,0,0,102684,1,2,2021,1/1/2022,
2686,SYNTHETIC COMPANY 02685,SYNTHETIC SITE 02685,,1 Example Way,Nowhere,ZZ,00000,3251,SYNTHETIC INDUSTRY,184,349724,2,0,0,0,0,0,0,0,0,0,0,0,0,102685,1,2,2021,1/1/2022,
2687,SYNTHETIC COMPANY 02686,SYNTHETIC SITE 02686,,1 Example Way,Nowhere,ZZ,00000,3252,SYNTHETIC INDUSTRY,129,240092,2,0,0,0,0,0,0,0,0,0,0,0,0,102686,1,2,2021,1/1/2022,
2688,SYNTHETIC COMPANY 02687,SYNTHETIC SITE 02687,,1 Example Way,Nowhere,ZZ,00000,3328,SYNTHETIC INDUSTRY,48,95289,2,0,0,0,0,0,0,0,0,0,0,0,0,102687,1,2,2021,1/1/2022,
2689,SYNTHETIC COMPANY 02688,SYNTHETIC SITE 02688,,1 Example Way,Nowhere,ZZ,00000,2361,SYNTHETIC INDUSTRY,7,12869,2,0,0,0,0,0,0,0,0,0,0,0,0,102688,1,2,2021,1/1/2022,
2690,SYNTHETIC COMPANY 02689,SYNTHETIC SITE 02689,,1 Example Way,Nowhere,ZZ,00000,3252,SYNTHETIC INDUSTRY,8,13634,2,0,0,0,0,0,0,0,0,0,0,0,0,102689,1,2,2021,1/1/2022,
2691,SYNTHETIC COMPANY 02690,SYNTHETIC SITE 02690,,1 Example Way,Nowhere,ZZ,00000,3328,SYNTHETIC INDUSTRY,196,362786,2,0,0,0,0,0,0,0,0,0,0,0,0,102690,1,2,2021,1/1/2022,
2692,SYNTHETIC COMPANY 02691,SYNTHETIC SITE 02691,,1 Example Way,Nowhere,ZZ,00000,4841,SYNTHETIC INDUSTRY,71,140628,1,0,3,0,1,21,0,4,0,0,0,0,0,102691,1,2,2021,1/1/2022,
2693,SYNTHETIC COMPANY 02692,SYNTHETIC SITE 02692,,1 Example Way,Nowhere,ZZ,00000,4451,SYNTHETIC INDUSTRY,67,134426,2,0,0,0,0,0,0,0,0,0,0,0,0,102692,1,2,2021,1/1/2022,
2694,SYNTHETIC COMPANY 02693,SYNTHETIC SITE 02693,,1 Example Way,Nowhere,ZZ,00000,2361,SYNTHETIC INDUSTRY,157,285054,1,0,2,2,2,14,8,6,0,0,0,0,0,102693,1,2,2021,1/1/2022,
2695,SYNTHETIC COMPANY 02694,SYNTHETIC SITE 02694,,1 Example Way,Nowhere,ZZ,00000,2361,SYNTHETIC INDUSTRY,107,198697,2,0,0,0,0,0,0,0,0,0,0,0,0,102694,1,2,2021,1/1/2022,
2696,SYNTHETIC COMPANY 02695,SYNTHETIC SITE 02695,,1 Example Way,Nowhere,ZZ,00000,3252,SYNTHETIC INDUSTRY,55,98645,2,0,0,0,0,0,0,0,0,0,0,0,0,102695,1,2,2021,1/1/2022,
2697,SYNTHETIC COMPANY 02696,SYNTHETIC SITE 02696,,1 Example Way,Nowhere,ZZ,00000,3252,SYNTHETIC INDUSTRY,66,130934,1,0,1,1,0,7,4,2,0,0,0,0,0,102696,1,2,2021,1/1/2022,
2698,SYNTHETIC COMPANY 02697,SYNTHETIC SITE 02697,,1 Example Way,Nowhere,ZZ,00000,6221,SYNTHETIC INDUSTRY,62,109421,2,0,0,0,0,0,0,0,0,0,0,0,0,102697,1,2,2021,1/1/2022,
2699,SYNTHETIC COMPANY 02698,SYNTHETIC SITE 02698,,1 Example Way,Nowhere,ZZ,00000,3328,SYNTHETIC INDUSTRY,184,367696,1,0,5,2,3,35,8,10,0,0,0,0,0,102698,1,2,2021,1/1/2022,
2700,SYNTHETIC COMPANY 02699,SYNTHETIC SITE 02699,,1 Example Way,Nowhere,ZZ,00000,3115,SYNTHETIC INDUSTRY,35,63192,1,0,0,0,1,0,0,1,0,0,0,0,0,102699,1,2,2021,1/1/2022,
2701,SYNTHETIC COMPANY 02700,SYNTHETIC SITE 02700,,1 Example Way,Nowhere,ZZ,00000,3251,SYNTHETIC INDUSTRY,39,69863,1,0,0,0,1,0,0,1,0,0,0,0,0,102700,1,2,2021,1/1/2022,
2702,SYNTHETIC COMPANY 02701,SYNTHETIC SITE 02701,,1 Example Way,Nowhere,ZZ,00000,4841,SYNTHETIC INDUSTRY,159,288835,1,0,7,1,6,49,4,14,0,0,0,0,0,102701,1,2,2021,1/1/2022,
2703,SYNTHETIC COMPANY 02702,SYNTHETIC SITE 02702,,1 Example Way,Nowhere,ZZ,00000,3251,SYNTHETIC INDUSTRY,10,21203,2,0,0,0,0,0,0,0,0,0,0,0,0,102702,1,2,2021,1/1/2022,
2704,SYNTHETIC COMPANY 02703,SYNTHETIC SITE 02703,,1 Example Way,Nowhere,ZZ,00000,4451,SYNTHETIC INDUSTRY,39,81903,2,0,0,0,0,0,0,0,0,0,0,0,0,102703,1,2,2021,1/1/2022,
2705,SYNTHETIC COMPANY 02704,SYNTHETIC SITE 02704,,1 Example Way,Nowhere,ZZ,00000,4841,SYNTHETIC INDUSTRY,62,142317,1,0,5,0,6,35,0,11,0,0,0,0,0,102704,1,2,2021,1/1/2022,
2706,SYNTHETIC COMPANY 02705,SYNTHETIC SITE 02705,,1 Example Way,Nowhere,ZZ,00000,3251,SYNTHETIC INDUSTRY,5,8181,2,0,0,0,0,0,0,0,0,0,0,0,0,102705,1,2,2021,1/1/2022,
2707,SYNTHETIC COMPANY 02706,SYNTHETIC SITE 02706,,1 Example Way,Nowhere,ZZ,00000,4841,SYNTHETIC INDUSTRY,26,38560,2,0,0,0,0,0,0,0,0,0,0,0,0,102706,1,2,2021,1/1/2022,
2708,SYNTHETIC COMPANY 02707,SYNTHETIC SITE 02707,,1 Example Way,Nowhere,ZZ,00000,3328,SYNTHETIC INDUSTRY,616,1422343,1,0,4,1,5,28,4,10,0,0,0,0,0,102707,1,2,2021,1/1/2022,
2709,SYNTHETIC COMPANY 02708,SYNTHETIC SITE 02708,,1 Example Way,Nowhere,ZZ,00000,4451,SYNTHETIC INDUSTRY,40,78504,2,0,0,0,0,0,0,0,0,0,0,0,0,102708,1,2,2021,1/1/2022,
2710,SYNTHETIC COMPANY 02709,SYNTHETIC SITE 02709,,1 Example Way,Nowhere,ZZ,00000,3115,SYNTHETIC INDUSTRY,143,223344,2,0,0,0,0,0,0,0,0,0,0,0,0,102709,1,2,2021,1/1/2022,
2711,SYNTHETIC COMPANY 02710,SYNTHETIC SITE 02710,,1 Example Way,Nowhere,ZZ,00000,4451,SYNTHETIC INDUSTRY,96,159426,1,0,2,4,2,14,16,8,0,0,0,0,0,102710,1,2,2021,1/1/2022,
2712,SYNTHETIC COMPANY 02711,SYNTHETIC SITE 02711,,1 Example Way,Nowhere,ZZ,00000,3328,SYNTHETIC INDUSTRY,75,136057,1,0,0,0,3,0,0,3,0,0,0,0,0,102711,1,2,2021,1/1/2022,
2713,SYNTHETIC COMPANY 02712,SYNTHETIC SITE 02712,,1 Example Way,Nowhere,ZZ,00000,3252,SYNTHETIC INDUSTRY,128,247556,1,0,0,1,1,0,4,2,0,0,0,0,0,102712,1,2,2021,1/1/2022,
2714,SYNTHETIC COMPANY 02713,SYNTHETIC SITE 02713,,1 Example Way,Nowhere,ZZ,00000,6221,SYNTHETIC INDUSTRY,50,93548,2,0,0,0,0,0,0,0,0,0,0,0,0,102713,1,2,2021,1/1/2022,
2715,SYNTHETIC COMPANY 02714,SYNTHETIC SITE 02714,,1 Example Way,Nowhere,ZZ,00000,4841,SYNTHETIC INDUSTRY,81,160461,2,0,0,0,0,0,0,0,0,0,0,0,0,102714,1,2,2021,1/1/2022,
2716,SYNTHETIC COMPANY 02715,SYNTHETIC SITE 02715,,1 Example Way,Nowhere,ZZ,00000,3115,SYNTHETIC INDUSTRY,105,227488,1,0,0,0,2,0,0,2,0,0,0,0,0,102715,1,2,2021,1/1/2022,
2717,SYNTHETIC COMPANY 02716,SYNTHETIC SITE 02716,,1 Example Way,Nowhere,ZZ,00000,4451,SYNTHETIC INDUSTRY,87,145829,2,0,0,0,0,0,0,0,0,0,0,0,0,102716,1,2,2021,1/1/2022,
2718,SYNTHETIC COMPANY 02717,SYNTHETIC SITE 02717,,1 Example Way,Nowhere,ZZ,00000,4841,SYNTHETIC INDUSTRY,218,433083,2,0,0,0,0,0,0,0,0,0,0,0,0,102717,1,2,2021,1/1/2022,
2719,SYNTHETIC COMPANY 02718,SYNTHETIC SITE 02718,,1 Example Way,Nowhere,ZZ,00000,3251,SYNTHETIC INDUSTRY,67,118186,1,0,5,1,5,35,4,11,0,0,0,0,0,102718,1,2,2021,1/1/2022,
2720,SYNTHETIC COMPANY 02719,SYNTHETIC SITE 02719,,1 Example Way,Nowhere,ZZ,00000,2361,SYNTHETIC INDUSTRY,110,197476,1,0,2,1,2,14,4,5,0,0,0,0,0,102719,1,2,2021,1/1/2022,
2721,SYNTHETIC COMPANY 02720,SYNTHETIC SITE 02720,,1 Example Way,Nowhere,ZZ,00000,3115,SYNTHETIC INDUSTRY,47,90592,1,0,1,2,0,7,8,3,0,0,0,0,0,102720,1,2,2021,1/1/2022,
2722,SYNTHETIC COMPANY 02721,SYNTHETIC SITE 02721,,1 Example Way,Nowhere,ZZ,00000,3328,SYNTHETIC INDUSTRY,291,368017,1,0,6,2,9,42,8,17,0,0,0,0,0,102721,1,2,2021,1/1/2022,
2723,SYNTHETIC COMPANY 02722,SYNTHETIC SITE 02722,,1 Example Way,Nowhere,ZZ,00000,4451,SYNTHETIC INDUSTRY,61,97698,1,0,1,0,0,7,0,1,0,0,0,0,0,102722,1,2,2021,1/1/2022,
2724,SYNTHETIC COMPANY 02723,SYNTHETIC SITE 02723,,1 Example Way,Nowhere,ZZ,00000,3328,SYNTHETIC INDUSTRY,22,45558,2,0,0,0,0,0,0,0,0,0,0,0,0,102723,1,2,2021,1/1/2022,
2725,SYNTHETIC COMPANY 02724,SYNTHETIC SITE 02724,,1 Example Way,Nowhere,ZZ,00000,3251,SYNTHETIC INDUSTRY,44,92573,1,0,0,1,0,0,4,1,0,0,0,0,0,102724,1,2,2021,1/1/2022,
2726,SYNTHETIC COMPANY 02725,SYNTHETIC SITE 02725,,1 Example Way,Nowhere,ZZ,00000,3115,SYNTHETIC INDUSTRY,526,975362,2,0,0,0,0,0,0,0,0,0,0,0,0,102725,1,2,2021,1/1/2022,
2727,SYNTHETIC COMPANY 02726,SYNTHETIC SITE 02726,,1 Example Way,Nowhere,ZZ,00000,3115,SYNTHETIC INDUSTRY,13,18478,2,0,0,0,0,0,0,0,0,0,0,0,0,102726,1,2,2021,1/1/2022,
2728,SYNTHETIC COMPANY 02727,SYNTHETIC SITE 02727,,1 Example Way,Nowhere,ZZ,00000,3328,SYNTHETIC INDUSTRY,25,48655,2,0,0,0,0,0,0,0,0,0,0,0,0,102727,1,2,2021,1/1/2022,
2729,SYNTHETIC COMPANY 02728,SYNTHETIC SITE 02728,,1 Example Way,Nowhere,ZZ,00000,3328,SYNTHETIC INDUSTRY,141,223396,1,0,0,1,1,0,4,2,0,0,0,0,0,102728,1,2,2021,1/1/2022,
2730,SYNTHETIC COMPANY 02729,SYNTHETIC SITE 02729,,1 Example Way,Nowhere,ZZ,00000,4451,SYNTHETIC INDUSTRY,26,53843,2,0,0,0,0,0,0,0,0,0,0,0,0,102729,1,2,2021,1/1/2022,
2731,SYNTHETIC COMPANY 02730,SYNTHETIC SITE 02730,,1 Example Way,Nowhere,ZZ,00000,4841,SYNTHETIC INDUSTRY,32,57195,1,0,1,0,0,7,0,1,0,0,0,0,0,102730,1,2,2021,1/1/2022,
2732,SYNTHETIC COMPANY 02731,SYNTHETIC SITE 02731,,1 Example Way,Nowhere,ZZ,00000,3115,SYNTHETIC INDUSTRY,18,31649,2,0,0,0,0,0,0,0,0,0,0,0,0,102731,1,2,2021,1/1/2022,
2733,SYNTHETIC COMPANY 02732,SYNTHETIC SITE 02732,,1 Example Way,Nowhere,ZZ,00000,3252,SYNTHETIC INDUSTRY,18,31378,2,0,0,0,0,0,0,0,0,0,0,0,0,102732,1,2,2021,1/1/2022,
2734,SYNTHETIC COMPANY 02733,SYNTHETIC SITE 02733,,1 Example Way,Nowhere,ZZ,00000,4451,SYNTHETIC INDUSTRY,45,69321,2,0,0,0,0,0,0,0,0,0,0,0,0,102733,1,2,2021,1/1/2022,
2735,SYNTHETIC COMPANY 02734,SYNTHETIC SITE 02734,,1 Example Way,Nowhere,ZZ,00000,6221,SYNTHETIC INDUSTRY,72,145983,1,0,1,0,0,7,0,1,0,0,0,0,0,102734,1,2,2021,1/1/2022,
2736,SYNTHETIC COMPANY 02735,SYNTHETIC SITE 02735,,1 Example Way,Nowhere,ZZ,00000,3328,SYNTHETIC INDUSTRY,349,540327,1,0,3,2,1,21,8,6,0,0,0,0,0,102735,1,2,2021,1/1/2022,
2737,SYNTHETIC COMPANY 02736,SYNTHETIC SITE 02736,,1 Example Way,Nowhere,ZZ,00000,4451,SYNTHETIC INDUSTRY,48,117004,1,0,1,0,0,7,0,1,0,0,0,0,0,102736,1,2,2021,1/1/2022,
2738,SYNTHETIC COMPANY 02737,SYNTHETIC SITE 02737,,1 Example Way,Nowhere,ZZ,00000,3252,SYNTHETIC INDUSTRY,88,176552,2,0,0,0,0,0,0,0,0,0,0,0,0,102737,1,2,2021,1/1/2022,
2739,SYNTHETIC COMPANY 02738,SYNTHETIC SITE 02738,,1 Example Way,Nowhere,ZZ,00000,2361,SYNTHETIC INDUSTRY,382,608226,1,0,9,3,12,63,12,24,0,0,0,0,0,102738,1,2,2021,1/1/2022,
2740,SYNTHETIC COMPANY 02739,SYNTHETIC SITE 02739,,1 Example Way,Nowhere,ZZ,00000,4841,SYNTHETIC INDUSTRY,5,8473,2,0,0,0,0,0,0,0,0,0,0,0,0,102739,1,2,2021,1/1/2022,
2741,SYNTHETIC COMPANY 02740,SYNTHETIC SITE 02740,,1 Example Way,Nowhere,ZZ,00000,4841,SYNTHETIC INDUSTRY,26,42137,2,0,0,0,0,0,0,0,0,0,0,0,0,102740,1,2,2021,1/1/2022,
2742,SYNTHETIC COMPANY 02741,SYNTHETIC SITE 02741,,1 Example Way,Nowhere,ZZ,00000,3251,SYNTHETIC INDUSTRY,22,44783,2,0,0,0,0,0,0,0,0,0,0,0,0,102741,1,2,2021,1/1/2022,
2743,SYNTHETIC COMPANY 02742,SYNTHETIC SITE 02742,,1 Example Way,Nowhere,ZZ,00000,3251,SYNTHETIC INDUSTRY,250,486301,1,0,1,2,1,7,8,4,0,0,0,0,0,102742,1,2,2021,1/1/2022,
2744,SYNTHETIC COMPANY 02743,SYNTHETIC SITE 02743,,1 Example Way,Nowhere,ZZ,00000,4451,SYNTHETIC INDUSTRY,172,385773,1,0,1,1,0,7,4,2,0,0,0,0,0,102743,1,2,2021,1/1/2022,
2745,SYNTHETIC COMPANY 02744,SYNTHETIC SITE 02744,,1 Example Way,Nowhere,ZZ,00000,3328,SYNTHETIC INDUSTRY,32,56302,2,0,0,0,0,0,0,0,0,0,0,0,0,102744,1,2,2021,1/1/2022,
2746,SYNTHETIC COMPANY 02745,SYNTHETIC SITE 02745,,1 Example Way,Nowhere,ZZ,00000,2361,SYNTHETIC INDUSTRY,60,117290,2,0,0,0,0,0,0,0,0,0,0,0,0,102745,1,2,2021,1/1/2022,
2747,SYNTHETIC COMPANY 02746,SYNTHETIC SITE 02746,,1 Example Way,Nowhere,ZZ,00000,2361,SYNTHETIC INDUSTRY,94,1758400,1,0,0,0,1,0,0,1,0,0,0,0,0,102746,1,2,2021,1/1/2022,
2748,SYNTHETIC COMPANY 02747,SYNTHETIC SITE 02747,,1 Example Way,Nowhere,ZZ,00000,4451,SYNTHETIC INDUSTRY,26,40829,2,0,0,0,0,0,0,0,0,0,0,0,0,102747,1,2,2021,1/1/2022,
2749,SYNTHETIC COMPANY 02748,SYNTHETIC SITE 02748,,1 Example Way,Nowhere,ZZ,00000,2361,SYNTHETIC INDUSTRY,14,29503,1,0,0,0,1,0,0,1,0,0,0,0,0,102748,1,2,2021,1/1/2022,
2750,SYNTHETIC COMPANY 02749,SYNTHETIC SITE 02749,,1 Example Way,Nowhere,ZZ,00000,6221,SYNTHETIC INDUSTRY,38,58082,2,0,0,0,0,0,0,0,0,0,0,0,0,102749,1,2,2021,1/1/2022,
2751,SYNTHETIC COMPANY 02750,SYNTHETIC SITE 02750,,1 Example Way,Nowhere,ZZ,00000,3252,SYNTHETIC INDUSTRY,90,173682,2,0,0,0,0,0,0,0,0,0,0,0,0,102750,1,2,2021,1/1/2022,
2752,SYNTHETIC COMPANY 02751,SYNTHETIC SITE 02751,,1 Example Way,Nowhere,ZZ,00000,3251,SYNTHETIC INDUSTRY,31,58941,2,0,0,0,0,0,0,0,0,0,0,0,0,102751,1,2,2021,1/1/2022,
2753,SYNTHETIC COMPANY 02752,SYNTHETIC SITE 02752,,1 Example Way,Nowhere,ZZ,00000,4451,SYNTHETIC INDUSTRY,37,69538,1,0,0,0,2,0,0,2,0,0,0,0,0,102752,1,2,2021,1/1/2022,
2754,SYNTHETIC COMPANY 02753,SYNTHETIC SITE 02753,,1 Example Way,Nowhere,ZZ,00000,3252,SYNTHETIC INDUSTRY,171,304549,2,0,0,0,0,0,0,0,0,0,0,0,0,102753,1,2,2021,1/1/2022,
2755,SYNTHETIC COMPANY 02754,SYNTHETIC SITE 02754,,1 Example Way,Nowhere,ZZ,00000,3115,SYNTHETIC INDUSTRY,58,87964,1,0,1,0,0,7,0,1,0,0,0,0,0,102754,1,2,2021,1/1/2022,
2756,SYNTHETIC COMPANY 02755,SYNTHETIC SITE 02755,,1 Example Way,Nowhere,ZZ,00000,3251,SYNTHETIC INDUSTRY,344,505921,2,0,0,0,0,0,0,0,0,0,0,0,0,102755,1,2,2021,1/1/2022,
2757,SYNTHETIC COMPANY 02756,SYNTHETIC SITE 02756,,1 Example Way,Nowhere,ZZ,00000,3251,SYNTHETIC INDUSTRY,120,209929,1,0,0,0,3,0,0,3,0,0,0,0,0,102756,1,2,2021,1/1/2022,
2758,SYNTHETIC COMPANY 02757,SYNTHETIC SITE 02757,,1 Example Way,Nowhere,ZZ,00000,4451,SYNTHETIC INDUSTRY,244,353069,1,0,1,3,3,7,12,7,0,0,0,0,0,102757,1,2,2021,1/1/2022,
2759,SYNTHETIC COMPANY 02758,SYNTHETIC SITE 02758,,1 Example Way,Nowhere,ZZ,00000,3328,SYNTHETIC INDUSTRY,80,178862,1,0,2,2,3,14,8,7,0,0,0,0,0,102758,1,2,2021,1/1/2022,
2760,SYNTHETIC COMPANY 02759,SYNTHETIC SITE 02759,,1 Example Way,Nowhere,ZZ,00000,6221,SYNTHETIC INDUSTRY,17,33695,2,0,0,0,0,0,0,0,0,0,0,0,0,102759,1,2,2021,1/1/2022,
2761,SYNTHETIC COMPANY 02760,SYNTHETIC SITE 02760,,1 Example Way,Nowhere,ZZ,00000,3115,SYNTHETIC INDUSTRY,10,23830,2,0,0,0,0,0,0,0,0,0,0,0,0,102760,1,2,2021,1/1/2022,
2762,SYNTHETIC COMPANY 02761,SYNTHETIC SITE 02761,,1 Example Way,Nowhere,ZZ,00000,2361,SYNTHETIC INDUSTRY,19,31721,2,0,0,0,0,0,0,0,0,0,0,0,0,102761,1,2,2021,1/1/2022,
2763,SYNTHETIC COMPANY 02762,SYNTHETIC SITE 02762,,1 Example Way,Nowhere,ZZ,00000,4451,SYNTHETIC INDUSTRY,57,110440,1,0,0,1,1,0,4,2,0,0,0,0,0,102762,1,2,2021,1/1/2022,
2764,SYNTHETIC COMPANY 02763,SYNTHETIC SITE 02763,,1 Example Way,Nowhere,ZZ,00000,2361,SYNTHETIC INDUSTRY,12,26966,2,0,0,0,0,0,0,0,0,0,0,0,0,102763,1,2,2021,1/1/2022,
2765,SYNTHETIC COMPANY 02764,SYNTHETIC SITE 02764,,1 Example Way,Nowhere,ZZ,00000,2361,SYNTHETIC INDUSTRY,74,123181,2,0,0,0,0,0,0,0,0,0,0,0,0,102764,1,2,2021,1/1/2022,
2766,SYNTHETIC COMPANY 02765,SYNTHETIC SITE 02765,,1 Example Way,Nowhere,ZZ,00000,3328,SYNTHETIC INDUSTRY,71,137470,2,0,0,0,0,0,0,0,0,0,0,0,0,102765,1,2,2021,1/1/2022,
2767,SYNTHETIC COMPANY 02766,SYNTHETIC SITE 02766,,1 Example Way,Nowhere,ZZ,00000,4841,SYNTHETIC INDUSTRY,662,1325350,1,0,0,1,1,0,4,2,0,0,0,0,0,102766,1,2,2021,1/1/2022,
2768,SYNTHETIC COMPANY 02767,SYNTHETIC SITE 02767,,1 Example Way,Nowhere,ZZ,00000,6221,SYNTHETIC INDUSTRY,9,18241,2,0,0,0,0,0,0,0,0,0,0,0,0,102767,1,2,2021,1/1/2022,
2769,SYNTHETIC COMPANY 02768,SYNTHETIC SITE 02768,,1 Example Way,Nowhere,ZZ,00000,4841,SYNTHETIC INDUSTRY,21,29482,2,0,0,0,0,0,0,0,0,0,0,0,0,102768,1,2,2021,1/1/2022,
2770,SYNTHETIC COMPANY 02769,SYNTHETIC SITE 02769,,1 Example Way,Nowhere,ZZ,00000,3252,SYNTHETIC INDUSTRY,17,36659,2,0,0,0,0,0,0,0,0,0,0,0,0,102769,1,2,2021,1/1/2022,
2771,SYNTHETIC COMPANY 02770,SYNTHETIC SITE 02770,,1 Example Way,Nowhere,ZZ,00000,3328,SYNTHETIC INDUSTRY,62,101902,1,0,2,1,1,14,4,4,0,0,0,0,0,102770,1,2,2021,1/1/2022,
2772,SYNTHETIC COMPANY 02771,SYNTHETIC SITE 02771,,1 Example Way,Nowhere,ZZ,00000,3251,SYNTHETIC INDUSTRY,33,54601,2,0,0,0,0,0,0,0,0,0,0,0,0,102771,1,2,2021,1/1/2022,
2773,SYNTHETIC COMPANY 02772,SYNTHETIC SITE 02772,,1 Example Way,Nowhere,ZZ,00000,4841,SYNTHETIC INDUSTRY,307,471783,1,0,3,5,7,21,20,15,0,0,0,0,0,102772,1,2,2021,1/1/2022,
2774,SYNTHETIC COMPANY 02773,SYNTHETIC SITE 02773,,1 Example Way,Nowhere,ZZ,00000,3328,SYNTHETIC INDUSTRY,30,53432,2,0,0,0,0,0,0,0,0,0,0,0,0,102773,1,2,2021,1/1/2022,
2775,SYNTHETIC COMPANY 02774,SYNTHETIC SITE 02774,,1 Example Way,Nowhere,ZZ,00000,3252,SYNTHETIC INDUSTRY,21,48217,2,0,0,0,0,0,0,0,0,0,0,0,0,102774,1,2,2021,1/1/2022,
2776,SYNTHETIC COMPANY 02775,SYNTHETIC SITE 02775,,1 Example Way,Nowhere,ZZ,00000,6221,SYNTHETIC INDUSTRY,128,226638,2,0,0,0,0,0,0,0,0,0,0,0,0,102775,1,2,2021,1/1/2022,
2777,SYNTHETIC COMPANY 02776,SYNTHETIC SITE 02776,,1 Example Way,Nowhere,ZZ,00000,3251,SYNTHETIC INDUSTRY,113,219657,2,0,0,0,0,0,0,0,0,0,0,0,0,102776,1,2,2021,1/1/2022,
2778,SYNTHETIC COMPANY 02777,SYNTHETIC SITE 02777,,1 Example Way,Nowhere,ZZ,00000,4451,SYNTHETIC INDUSTRY,20,35685,2,0,0,0,0,0,0,0,0,0,0,0,0,102777,1,2,2021,1/1/2022,
2779,SYNTHETIC COMPANY 02778,SYNTHETIC SITE 02778,,1 Example Way,Nowhere,ZZ,00000,6221,SYNTHETIC INDUSTRY,352,790495,1,0,3,2,3,21,8,8,0,0,0,0,0,102778,1,2,2021,1/1/2022,
2780,SYNTHETIC COMPANY 02779,SYNTHETIC SITE 02779,,1 Example Way,Nowhere,ZZ,00000,3328,SYNTHETIC INDUSTRY,93,191338,1,0,0,0,2,0,0,2,0,0,0,0,0,102779,1,2,2021,1/1/2022,
2781,SYNTHETIC COMPANY 02780,SYNTHETIC SITE 02780,,1 Example Way,Nowhere,ZZ,00000,4451,SYNTHETIC INDUSTRY,111,236700,1,0,2,1,1,14,4,4,0,0,0,0,0,102780,1,2,2021,1/1/2022,
2782,SYNTHETIC COMPANY 02781,SYNTHETIC SITE 02781,,1 Example Way,Nowhere,ZZ,00000,3252,SYNTHETIC INDUSTRY,14,19106,2,0,0,0,0,0,0,0,0,0,0,0,0,102781,1,2,2021,1/1/2022,
2783,SYNTHETIC COMPANY 02782,SYNTHETIC SITE 02782,,1 Example Way,Nowhere,ZZ,00000,4841,SYNTHETIC INDUSTRY,46,91105,2,0,0,0,0,0,0,0,0,0,0,0,0,102782,1,2,2021,1/1/2022,
2784,SYNTHETIC COMPANY 02783,SYNTHETIC SITE 02783,,1 Example Way,Nowhere,ZZ,00000,3251,SYNTHETIC INDUSTRY,20,43993,2,0,0,0,0,0,0,0,0,0,0,0,0,102783,1,2,2021,1/1/2022,
2785,SYNTHETIC COMPANY 02784,SYNTHETIC SITE 02784,,1 Example Way,Nowhere,ZZ,00000,3115,SYNTHETIC INDUSTRY,228,464846,2,0,0,0,0,0,0,0,0,0,0,0,0,102784,1,2,2021,1/1/2022,
2786,SYNTHETIC COMPANY 02785,SYNTHETIC SITE 02785,,1 Example Way,Nowhere,ZZ,00000,3115,SYNTHETIC INDUSTRY,19,37422,1,0,1,0,0,7,0,1,0,0,0,0,0,102785,1,2,2021,1/1/2022,
2787,SYNTHETIC COMPANY 02786,SYNTHETIC SITE 02786,,1 Example Way,Nowhere,ZZ,00000,3115,SYNTHETIC INDUSTRY,45,100501,2,0,0,0,0,0,0,0,0,0,0,0,0,102786,1,2,2021,1/1/2022,
2788,SYNTHETIC COMPANY 02787,SYNTHETIC SITE 02787,,1 Example Way,Nowhere,ZZ,00000,6221,SYNTHETIC INDUSTRY,95,156438,2,0,0,0,0,0,0,0,0,0,0,0,0,102787,1,2,2021,1/1/2022,
2789,SYNTHETIC COMPANY 02788,SYNTHETIC SITE 02788,,1 Example Way,Nowhere,ZZ,00000,6221,SYNTHETIC INDUSTRY,194,278389,1,0,2,1,2,14,4,5,0,0,0,0,0,102788,1,2,2021,1/1/2022,
2790,SYNTHETIC COMPANY 02789,SYNTHETIC SITE 02789,,1 Example Way,Nowhere,ZZ,00000,3115,SYNTHETIC INDUSTRY,392,626556,1,0,3,1,7,21,4,11,0,0,0,0,0,102789,1,2,2021,1/1/2022,
2791,SYNTHETIC COMPANY 02790,SYNTHETIC SITE 02790,,1 Example Way,Nowhere,ZZ,00000,3252,SYNTHETIC INDUSTRY,4,5554,2,0,0,0,0,0,0,0,0,0,0,0,0,102790,1,2,2021,1/1/2022,
2792,SYNTHETIC COMPANY 02791,SYNTHETIC SITE 02791,,1 Example Way,Nowhere,ZZ,00000,4841,SYNTHETIC INDUSTRY,2,4729,2,0,0,0,0,0,0,0,0,0,0,0,0,102791,1,2,2021,1/1/2022,
2793,SYNTHETIC COMPANY 02792,SYNTHETIC SITE 02792,,1 Example Way,Nowhere,ZZ,00000,3115,SYNTHETIC INDUSTRY,36,58162,2,0,0,0,0,0,0,0,0,0,0,0,0,102792,1,2,2021,1/1/2022,
2794,SYNTHETIC COMPANY 02793,SYNTHETIC SITE 02793,,1 Example Way,Nowhere,ZZ,00000,3115,SYNTHETIC INDUSTRY,12,28063,2,0,0,0,0,0,0,0,0,0,0,0,0,102793,1,2,2021,1/1/2022,
2795,SYNTHETIC COMPANY 02794,SYNTHETIC SITE 02794,,1 Example Way,Nowhere,ZZ,00000,2361,SYNTHETIC INDUSTRY,25,55322,2,0,0,0,0,0,0,0,0,0,0,0,0,102794,1,2,2021,1/1/2022,
2796,SYNTHETIC COMPANY 02795,SYNTHETIC SITE 02795,,1 Example Way,Nowhere,ZZ,00000,3251,SYNTHETIC INDUSTRY,27,50435,1,0,0,1,0,0,4,1,0,0,0,0,0,102795,1,2,2021,1/1/2022,
2797,SYNTHETIC COMPANY 02796,SYNTHETIC SITE 02796,,1 Example Way,Nowhere,ZZ,00000,4841,SYNTHETIC INDUSTRY,33,62373,2,0,0,0,0,0,0,0,0,0,0,0,0,102796,1,2,2021,1/1/2022,
2798,SYNTHETIC COMPANY 02797,SYNTHETIC SITE 02797,,1 Example Way,Nowhere,ZZ,00000,6221,SYNTHETIC INDUSTRY,64,121227,2,0,0,0,0,0,0,0,0,0,0,0,0,102797,1,2,2021,1/1/2022,
2799,SYNTHETIC COMPANY 02798,SYNTHETIC SITE 02798,,1 Example Way,Nowhere,ZZ,00000,3328,SYNTHETIC INDUSTRY,52,103394,2,0,0,0,0,0,0,0,0,0,0,0,0,102798,1,2,2021,1/1/2022,
2800,SYNTHETIC COMPANY 02799,SYNTHETIC SITE 02799,,1 Example Way,Nowhere,ZZ,00000,3328,SYNTHETIC INDUSTRY,46,88532,1,0,1,1,0,7,4,2,0,0,0,0,0,102799,1,2,2021,1/1/2022,
2801,SYNTHETIC COMPANY 02800,SYNTHETIC SITE 02800,,1 Example Way,Nowhere,ZZ,00000,3115,SYNTHETIC INDUSTRY,41,90366,2,0,0,0,0,0,0,0,0,0,0,0,0,102800,1,2,2021,1/1/2022,
2802,SYNTHETIC COMPANY 02801,SYNTHETIC SITE 02801,,1 Example Way,Nowhere,ZZ,00000,4841,SYNTHETIC INDUSTRY,7,11750,2,0,0,0,0,0,0,0,0,0,0,0,0,102801,1,2,2021,1/1/2022,
2803,SYNTHETIC COMPANY 02802,SYNTHETIC SITE 02802,,1 Example Way,Nowhere,ZZ,00000,3252,SYNTHETIC INDUSTRY,88,156700,2,0,0,0,0,0,0,0,0,0,0,0,0,102802,1,2,2021,1/1/2022,
2804,SYNTHETIC COMPANY 02803,SYNTHETIC SITE 02803,,1 Example Way,Nowhere,ZZ,00000,3252,SYNTHETIC INDUSTRY,17,27486,1,0,1,0,1,7,0,2,0,0,0,0,0,102803,1,2,2021,1/1/2022,
2805,SYNTHETIC COMPANY 02804,SYNTHETIC SITE 02804,,1 Example Way,Nowhere,ZZ,00000,4451,SYNTHETIC INDUSTRY,27,4241200000,2,0,0,0,0,0,0,0,0,0,0,0,0,102804,1,2,2021,1/1/2022,
2806,SYNTHETIC COMPANY 02805,SYNTHETIC SITE 02805,,1 Example Way,Nowhere,ZZ,00000,4451,SYNTHETIC INDUSTRY,46,85812,1,0,2,0,0,14,0,2,0,0,0,0,0,102805,1,2,2021,1/1/2022,
2807,SYNTHETIC COMPANY 02806,SYNTHETIC SITE 02806,,1 Example Way,Nowhere,ZZ,00000,4841,SYNTHETIC INDUSTRY,212,423515,1,0,1,2,3,7,8,6,0,0,0,0,0,102806,1,2,2021,1/1/2022,
2808,SYNTHETIC COMPANY 02807,SYNTHETIC SITE 02807,,1 Example Way,Nowhere,ZZ,00000,6221,SYNTHETIC INDUSTRY,25,38619,2,0,0,0,0,0,0,0,0,0,0,0,0,102807,1,2,2021,1/1/2022,
2809,SYNTHETIC COMPANY 02808,SYNTHETIC SITE 02808,,1 Example Way,Nowhere,ZZ,00000,6221,SYNTHETIC INDUSTRY,17,39672,2,0,0,0,0,0,0,0,0,0,0,0,0,102808,1,2,2021,1/1/2022,
2810,SYNTHETIC COMPANY 02809,SYNTHETIC SITE 02809,,1 Example Way,Nowhere,ZZ,00000,3115,SYNTHETIC INDUSTRY,59,97806,2,0,0,0,0,0,0,0,0,0,0,0,0,102809,1,2,2021,1/1/2022,
2811,SYNTHETIC COMPANY 02810,SYNTHETIC SITE 02810,,1 Example Way,Nowhere,ZZ,00000,3251,SYNTHETIC INDUSTRY,210,371525,1,0,5,0,7,35,0,12,0,0,0,0,0,102810,1,2,2021,1/1/2022,
2812,SYNTHETIC COMPANY 02811,SYNTHETIC SITE 02811,,1 Example Way,Nowhere,ZZ,00000,3251,SYNTHETIC INDUSTRY,72,134681,1,0,1,0,2,7,0,3,0,0,0,0,0,102811,1,2,2021,1/1/2022,
2813,SYNTHETIC COMPANY 02812,SYNTHETIC SITE 02812,,1 Example Way,Nowhere,ZZ,00000,4841,SYNTHETIC INDUSTRY,107,166423,2,0,0,0,0,0,0,0,0,0,0,0,0,102812,1,2,2021,1/1/2022,
2814,SYNTHETIC COMPANY 02813,SYNTHETIC SITE 02813,,1 Example Way,Nowhere,ZZ,00000,4451,SYNTHETIC INDUSTRY,13,31519,2,0,0,0,0,0,0,0,0,0,0,0,0,102813,1,2,2021,1/1/2022,
2815,SYNTHETIC COMPANY 02814,SYNTHETIC SITE 02814,,1 Example Way,Nowhere,ZZ,00000,2361,SYNTHETIC INDUSTRY,17,31721,2,0,0,0,0,0,0,0,0,0,0,0,0,102814,1,2,2021,1/1/2022,
2816,SYNTHETIC COMPANY 02815,SYNTHETIC SITE 02815,,1 Example Way,Nowhere,ZZ,00000,3328,SYNTHETIC INDUSTRY,23,33539,1,0,1,0,0,7,0,1,0,0,0,0,0,102815,1,2,2021,1/1/2022,
2817,SYNTHETIC COMPANY 02816,SYNTHETIC SITE 02816,,1 Example Way,Nowhere,ZZ,00000,6221,SYNTHETIC INDUSTRY,201,375294,2,0,0,0,0,0,0,0,0,0,0,0,0,102816,1,2,2021,1/1/2022,
2818,SYNTHETIC COMPANY 02817,SYNTHETIC SITE 02817,,1 Example Way,Nowhere,ZZ,00000,3328,SYNTHETIC INDUSTRY,37,70007,1,0,0,0,1,0,0,1,0,0,0,0,0,102817,1,2,2021,1/1/2022,
2819,SYNTHETIC COMPANY 02818,SYNTHETIC SITE 02818,,1 Example Way,Nowhere,ZZ,00000,4451,SYNTHETIC INDUSTRY,227,453712,1,0,2,0,4,14,0,6,0,0,0,0,0,102818,1,2,2021,1/1/2022,
2820,SYNTHETIC COMPANY 02819,SYNTHETIC SITE 02819,,1 Example Way,Nowhere,ZZ,00000,3328,SYNTHETIC INDUSTRY,63,127523,2,0,0,0,0,0,0,0,0,0,0,0,0,102819,1,2,2021,1/1/2022,
2821,SYNTHETIC COMPANY 02820,SYNTHETIC SITE 02820,,1 Example Way,Nowhere,ZZ,00000,4841,SYNTHETIC INDUSTRY,46,82125,2,0,0,0,0,0,0,0,0,0,0,0,0,102820,1,2,2021,1/1/2022,
2822,SYNTHETIC COMPANY 02821,SYNTHETIC SITE 02821,,1 Example Way,Nowhere,ZZ,00000,2361,SYNTHETIC INDUSTRY,27,61498,2,0,0,0,0,0,0,0,0,0,0,0,0,102821,1,2,2021,1/1/2022,
2823,SYNTHETIC COMPANY 02822,SYNTHETIC SITE 02822,,1 Example Way,Nowhere,ZZ,00000,3115,SYNTHETIC INDUSTRY,80,123079,1,0,0,0,1,0,0,1,0,0,0,0,0,102822,1,2,2021,1/1/2022,
2824,SYNTHETIC COMPANY 02823,SYNTHETIC SITE 02823,,1 Example Way,Nowhere,ZZ,00000,2361,SYNTHETIC INDUSTRY,10,19822,2,0,0,0,0,0,0,0,0,0,0,0,0,102823,1,2,2021,1/1/2022,
2825,SYNTHETIC COMPANY 02824,SYNTHETIC SITE 02824,,1 Example Way,Nowhere,ZZ,00000,2361,SYNTHETIC INDUSTRY,260,593973,2,0,0,0,0,0,0,0,0,0,0,0,0,102824,1,2,2021,1/1/2022,
2826,SYNTHETIC COMPANY 02825,SYNTHETIC SITE 02825,,1 Example Way,Nowhere,ZZ,00000,3328,SYNTHETIC INDUSTRY,75,151489,2,0,0,0,0,0,0,0,0,0,0,0,0,102825,1,2,2021,1/1/2022,
2827,SYNTHETIC COMPANY 02826,SYNTHETIC SITE 02826,,1 Example Way,Nowhere,ZZ,00000,3252,SYNTHETIC INDUSTRY,57,121014,2,0,0,0,0,0,0,0,0,0,0,0,0,102826,1,2,2021,1/1/2022,
2828,SYNTHETIC COMPANY 02827,SYNTHETIC SITE 02827,,1 Example Way,Nowhere,ZZ,00000,2361,SYNTHETIC INDUSTRY,5,8382,2,0,0,0,0,0,0,0,0,0,0,0,0,102827,1,2,2021,1/1/2022,
2829,SYNTHETIC COMPANY 02828,SYNTHETIC SITE 02828,,1 Example Way,Nowhere,ZZ,00000,2361,SYNTHETIC INDUSTRY,476,847807,1,0,2,2,0,14,8,4,0,0,0,0,0,102828,1,2,2021,1/1/2022,
2830,SYNTHETIC COMPANY 02829,SYNTHETIC SITE 02829,,1 Example Way,Nowhere,ZZ,00000,3252,SYNTHETIC INDUSTRY,123,240514,1,0,1,4,8,7,16,13,0,0,0,0,0,102829,1,2,2021,1/1/2022,
2831,SYNTHETIC COMPANY 02830,SYNTHETIC SITE 02830,,1 Example Way,Nowhere,ZZ,00000,3328,SYNTHETIC INDUSTRY,115,204214,1,0,5,4,3,35,16,12,0,0,0,0,0,102830,1,2,2021,1/1/2022,
2832,SYNTHETIC COMPANY 02831,SYNTHETIC SITE 02831,,1 Example Way,Nowhere,ZZ,00000,6221,SYNTHETIC INDUSTRY,27,38502,2,0,0,0,0,0,0,0,0,0,0,0,0,102831,1,2,2021,1/1/2022,
2833,SYNTHETIC COMPANY 02832,SYNTHETIC SITE 02832,,1 Example Way,Nowhere,ZZ,00000,2361,SYNTHETIC INDUSTRY,88,187253,1,0,3,0,0,21,0,3,0,0,0,0,0,102832,1,2,2021,1/1/2022,
2834,SYNTHETIC COMPANY 02833,SYNTHETIC SITE 02833,,1 Example Way,Nowhere,ZZ,00000,3115,SYNTHETIC INDUSTRY,9,19059,2,0,0,0,0,0,0,0,0,0,0,0,0,102833,1,2,2021,1/1/2022,
2835,SYNTHETIC COMPANY 02834,SYNTHETIC SITE 02834,,1 Example Way,Nowhere,ZZ,00000,4451,SYNTHETIC INDUSTRY,75,150782,2,0,0,0,0,0,0,0,0,0,0,0,0,102834,1,2,2021,1/1/2022,
2836,SYNTHETIC COMPANY 02835,SYNTHETIC SITE 02835,,1 Example Way,Nowhere,ZZ,00000,4841,SYNTHETIC INDUSTRY,35,46189,2,0,0,0,0,0,0,0,0,0,0,0,0,102835,1,2,2021,1/1/2022,
2837,SYNTHETIC COMPANY 02836,SYNTHETIC SITE 02836,,1 Example Way,Nowhere,ZZ,00000,2361,SYNTHETIC INDUSTRY,145,214897,2,0,0,0,0,0,0,0,0,0,0,0,0,102836,1,2,2021,1/1/2022,
2838,SYNTHETIC COMPANY 02837,SYNTHETIC SITE 02837,,1 Example Way,Nowhere,ZZ,00000,3328,SYNTHETIC INDUSTRY,104,184907,1,0,0,1,0,0,4,1,0,0,0,0,0,102837,1,2,2021,1/1/2022,
2839,SYNTHETIC COMPANY 02838,SYNTHETIC SITE 02838,,1 Example Way,Nowhere,ZZ,00000,2361,SYNTHETIC INDUSTRY,20,35560,1,0,0,0,1,0,0,1,0,0,0,0,0,102838,1,2,2021,1/1/2022,
2840,SYNTHETIC COMPANY 02839,SYNTHETIC SITE 02839,,1 Example Way,Nowhere,ZZ,00000,3251,SYNTHETIC INDUSTRY,45,78452,2,0,0,0,0,0,0,0,0,0,0,0,0,102839,1,2,2021,1/1/2022,
2841,SYNTHETIC COMPANY 02840,SYNTHETIC SITE 02840,,1 Example Way,Nowhere,ZZ,00000,6221,SYNTHETIC INDUSTRY,230,347864,1,0,3,1,1,21,4,5,0,0,0,0,0,102840,1,2,2021,1/1/2022,
2842,SYNTHETIC COMPANY 02841,SYNTHETIC SITE 02841,,1 Example Way,Nowhere,ZZ,00000,4451,SYNTHETIC INDUSTRY,180,324316,2,0,0,0,0,0,0,0,0,0,0,0,0,102841,1,2,2021,1/1/2022,
2843,SYNTHETIC COMPANY 02842,SYNTHETIC SITE 02842,,1 Example Way,Nowhere,ZZ,00000,4451,SYNTHETIC INDUSTRY,196,430539,1,0,0,0,1,0,0,1,0,0,0,0,0,102842,1,2,2021,1/1/2022,
2844,SYNTHETIC COMPANY 02843,SYNTHETIC SITE 02843,,1 Example Way,Nowhere,ZZ,00000,3252,SYNTHETIC INDUSTRY,91,169863,1,0,1,1,1,7,4,3,0,0,0,0,0,102843,1,2,2021,1/1/2022,
2845,SYNTHETIC COMPANY 02844,SYNTHETIC SITE 02844,,1 Example Way,Nowhere,ZZ,00000,4451,SYNTHETIC INDUSTRY,29,46917,2,0,0,0,0,0,0,0,0,0,0,0,0,102844,1,2,2021,1/1/2022,
2846,SYNTHETIC COMPANY 02845,SYNTHETIC SITE 02845,,1 Example Way,Nowhere,ZZ,00000,4841,SYNTHETIC INDUSTRY,72,114758,2,0,0,0,0,0,0,0,0,0,0,0,0,102845,1,2,2021,1/1/2022,
2847,SYNTHETIC COMPANY 02846,SYNTHETIC SITE 02846,,1 Example Way,Nowhere,ZZ,00000,3328,SYNTHETIC INDUSTRY,58,102383,2,0,0,0,0,0,0,0,0,0,0,0,0,102846,1,2,2021,1/1/2022,
2848,SYNTHETIC COMPANY 02847,SYNTHETIC SITE 02847,,1 Example Way,Nowhere,ZZ,00000,3252,SYNTHETIC INDUSTRY,248,449838,1,0,1,0,3,7,0,4,0,0,0,0,0,102847,1,2,2021,1/1/2022,
2849,SYNTHETIC COMPANY 02848,SYNTHETIC SITE 02848,,1 Example Way,Nowhere,ZZ,00000,2361,SYNTHETIC INDUSTRY,18,29856,2,0,0,0,0,0,0,0,0,0,0,0,0,102848,1,2,2021,1/1/2022,
2850,SYNTHETIC COMPANY 02849,SYNTHETIC SITE 02849,,1 Example Way,Nowhere,ZZ,00000,3251,SYNTHETIC INDUSTRY,192,233988,1,0,0,0,1,0,0,1,0,0,0,0,0,102849,1,2,2021,1/1/2022,
2851,SYNTHETIC COMPANY 02850,SYNTHETIC SITE 02850,,1 Example Way,Nowhere,ZZ,00000,3115,SYNTHETIC INDUSTRY,26,47672,2,0,0,0,0,0,0,0,0,0,0,0,0,102850,1,2,2021,1/1/2022,
2852,SYNTHETIC COMPANY 02851,SYNTHETIC SITE 02851,,1 Example Way,Nowhere,ZZ,00000,2361,SYNTHETIC INDUSTRY,218,400906,2,0,0,0,0,0,0,0,0,0,0,0,0,102851,1,2,2021,1/1/2022,
2853,SYNTHETIC COMPANY 02852,SYNTHETIC SITE 02852,,1 Example Way,Nowhere,ZZ,00000,3115,SYNTHETIC INDUSTRY,6,12100,2,0,0,0,0,0,0,0,0,0,0,0,0,102852,1,2,2021,1/1/2022,
2854,SYNTHETIC COMPANY 02853,SYNTHETIC SITE 02853,,1 Example Way,Nowhere,ZZ,00000,4451,SYNTHETIC INDUSTRY,796,1311439,1,0,11,8,24,77,32,43,0,0,0,0,0,102853,1,2,2021,1/1/2022,
2855,SYNTHETIC COMPANY 02854,SYNTHETIC SITE 02854,,1 Example Way,Nowhere,ZZ,00000,2361,SYNTHETIC INDUSTRY,62,126880,1,0,2,0,4,14,0,6,0,0,0,0,0,102854,1,2,2021,1/1/2022,
2856,SYNTHETIC COMPANY 02855,SYNTHETIC SITE 02855,,1 Example Way,Nowhere,ZZ,00000,4841,SYNTHETIC INDUSTRY,13,19224,1,0,0,1,0,0,4,1,0,0,0,0,0,102855,1,2,2021,1/1/2022,
2857,SYNTHETIC COMPANY 02856,SYNTHETIC SITE 02856,,1 Example Way,Nowhere,ZZ,00000,3328,SYNTHETIC INDUSTRY,14,26282,2,0,0,0,0,0,0,0,0,0,0,0,0,102856,1,2,2021,1/1/2022,
2858,SYNTHETIC COMPANY 02857,SYNTHETIC SITE 02857,,1 Example Way,Nowhere,ZZ,00000,3251,SYNTHETIC INDUSTRY,90,137323,1,0,4,1,2,28,4,7,0,0,0,0,0,102857,1,2,2021,1/1/2022,
2859,SYNTHETIC COMPANY 02858,SYNTHETIC SITE 02858,,1 Example Way,Nowhere,ZZ,00000,3251,SYNTHETIC INDUSTRY,25,36118,1,0,0,0,1,0,0,1,0,0,0,0,0,102858,1,2,2021,1/1/2022,
2860,SYNTHETIC COMPANY 02859,SYNTHETIC SITE 02859,,1 Example Way,Nowhere,ZZ,00000,4841,SYNTHETIC INDUSTRY,23,35040,2,0,0,0,0,0,0,0,0,0,0,0,0,102859,1,2,2021,1/1/2022,
2861,SYNTHETIC COMPANY 02860,SYNTHETIC SITE 02860,,1 Example Way,Nowhere,ZZ,00000,4451,SYNTHETIC INDUSTRY,591,1249347,1,0,5,1,2,35,4,8,0,0,0,0,0,102860,1,2,2021,1/1/2022,
2862,SYNTHETIC COMPANY 02861,SYNTHETIC SITE 02861,,1 Example Way,Nowhere,ZZ,00000,3251,SYNTHETIC INDUSTRY,31,51094,1,0,1,0,2,7,0,3,0,0,0,0,0,102861,1,2,2021,1/1/2022,
2863,SYNTHETIC COMPANY 02862,SYNTHETIC SITE 02862,,1 Example Way,Nowhere,ZZ,00000,3328,SYNTHETIC INDUSTRY,38,54031,1,0,1,0,1,7,0,2,0,0,0,0,0,102862,1,2,2021,1/1/2022,
2864,SYNTHETIC COMPANY 02863,SYNTHETIC SITE 02863,,1 Example Way,Nowhere,ZZ,00000,6221,SYNTHETIC INDUSTRY,41,71922,2,0,0,0,0,0,0,0,0,0,0,0,0,102863,1,2,2021,1/1/2022,
2865,SYNTHETIC COMPANY 02864,SYNTHETIC SITE 02864,,1 Example Way,Nowhere,ZZ,00000,4451,SYNTHETIC INDUSTRY,12,21252,2,0,0,0,0,0,0,0,0,0,0,0,0,102864,1,2,2021,1/1/2022,
2866,SYNTHETIC COMPANY 02865,SYNTHETIC SITE 02865,,1 Example Way,Nowhere,ZZ,00000,3251,SYNTHETIC INDUSTRY,178,260698,2,0,0,0,0,0,0,0,0,0,0,0,0,102865,1,2,2021,1/1/2022,
2867,SYNTHETIC COMPANY 02866,SYNTHETIC SITE 02866,,1 Example Way,Nowhere,ZZ,00000,4451,SYNTHETIC INDUSTRY,71,140259,2,0,0,0,0,0,0,0,0,0,0,0,0,102866,1,2,2021,1/1/2022,
2868,SYNTHETIC COMPANY 02867,SYNTHETIC SITE 02867,,1 Example Way,Nowhere,ZZ,00000,3252,SYNTHETIC INDUSTRY,40,70509,1,0,1,0,2,7,0,3,0,0,0,0,0,102867,1,2,2021,1/1/2022,
2869,SYNTHETIC COMPANY 02868,SYNTHETIC SITE 02868,,1 Example Way,Nowhere,ZZ,00000,4841,SYNTHETIC INDUSTRY,519,971086,1,0,1,2,2,7,8,5,0,0,0,0,0,102868,1,2,2021,1/1/2022,
2870,SYNTHETIC COMPANY 02869,SYNTHETIC SITE 02869,,1 Example Way,Nowhere,ZZ,00000,4841,SYNTHETIC INDUSTRY,21,26482,1,0,0,0,1,0,0,1,0,0,0,0,0,102869,1,2,2021,1/1/2022,
2871,SYNTHETIC COMPANY 02870,SYNTHETIC SITE 02870,,1 Example Way,Nowhere,ZZ,00000,3252,SYNTHETIC INDUSTRY,239,539089,1,0,3,1,5,21,4,9,0,0,0,0,0,102870,1,2,2021,1/1/2022,
2872,SYNTHETIC COMPANY 02871,SYNTHETIC SITE 02871,,1 Example Way,Nowhere,ZZ,00000,4841,SYNTHETIC INDUSTRY,96,173951,1,0,1,3,1,7,12,5,0,0,0,0,0,102871,1,2,2021,1/1/2022,
2873,SYNTHETIC COMPANY 02872,SYNTHETIC SITE 02872,,1 Example Way,Nowhere,ZZ,00000,2361,SYNTHETIC INDUSTRY,18,29787,2,0,0,0,0,0,0,0,0,0,0,0,0,102872,1,2,2021,1/1/2022,
2874,SYNTHETIC COMPANY 02873,SYNTHETIC SITE 02873,,1 Example Way,Nowhere,ZZ,00000,3251,SYNTHETIC INDUSTRY,186,297644,1,0,3,1,5,21,4,9,0,0,0,0,0,102873,1,2,2021,1/1/2022,
2875,SYNTHETIC COMPANY 02874,SYNTHETIC SITE 02874,,1 Example Way,Nowhere,ZZ,00000,3251,SYNTHETIC INDUSTRY,16,38817,2,0,0,0,0,0,0,0,0,0,0,0,0,102874,1,2,2021,1/1/2022,
2876,SYNTHETIC COMPANY 02875,SYNTHETIC SITE 02875,,1 Example Way,Nowhere,ZZ,00000,2361,SYNTHETIC INDUSTRY,18,39690,2,0,0,0,0,0,0,0,0,0,0,0,0,102875,1,2,2021,1/1/2022,
2877,SYNTHETIC COMPANY 02876,SYNTHETIC SITE 02876,,1 Example Way,Nowhere,ZZ,00000,2361,SYNTHETIC INDUSTRY,95,155359,1,0,1,0,2,7,0,3,0,0,0,0,0,102876,1,2,2021,1/1/2022,
2878,SYNTHETIC COMPANY 02877,SYNTHETIC SITE 02877,,1 Example Way,Nowhere,ZZ,00000,3115,SYNTHETIC INDUSTRY,38,62416,2,0,0,0,0,0,0,0,0,0,0,0,0,102877,1,2,2021,1/1/2022,
2879,SYNTHETIC COMPANY 02878,SYNTHETIC SITE 02878,,1 Example Way,Nowhere,ZZ,00000,2361,SYNTHETIC INDUSTRY,21,43760,2,0,0,0,0,0,0,0,0,0,0,0,0,102878,1,2,2021,1/1/2022,
2880,SYNTHETIC COMPANY 02879,SYNTHETIC SITE 02879,,1 Example Way,Nowhere,ZZ,00000,6221,SYNTHETIC INDUSTRY,31,58840,2,0,0,0,0,0,0,0,0,0,0,0,0,102879,1,2,2021,1/1/2022,
2881,SYNTHETIC COMPANY 02880,SYNTHETIC SITE 02880,,1 Example Way,Nowhere,ZZ,00000,4841,SYNTHETIC INDUSTRY,8,12292,2,0,0,0,0,0,0,0,0,0,0,0,0,102880,1,2,2021,1/1/2022,
2882,SYNTHETIC COMPANY 02881,SYNTHETIC SITE 02881,,1 Example Way,Nowhere,ZZ,00000,4451,SYNTHETIC INDUSTRY,5,10433,2,0,0,0,0,0,0,0,0,0,0,0,0,102881,1,2,2021,1/1/2022,
2883,SYNTHETIC COMPANY 02882,SYNTHETIC SITE 02882,,1 Example Way,Nowhere,ZZ,00000,3251,SYNTHETIC INDUSTRY,96,196542,1,0,0,1,5,0,4,6,0,0,0,0,0,102882,1,2,2021,1/1/2022,
2884,SYNTHETIC COMPANY 02883,SYNTHETIC SITE 02883,,1 Example Way,Nowhere,ZZ,00000,3252,SYNTHETIC INDUSTRY,4,8996,2,0,0,0,0,0,0,0,0,0,0,0,0,102883,1,2,2021,1/1/2022,
2885,SYNTHETIC COMPANY 02884,SYNTHETIC SITE 02884,,1 Example Way,Nowhere,ZZ,00000,4451,SYNTHETIC INDUSTRY,18,30444,1,0,1,0,0,7,0,1,0,0,0,0,0,102884,1,2,2021,1/1/2022,
2886,SYNTHETIC COMPANY 02885,SYNTHETIC SITE 02885,,1 Example Way,Nowhere,ZZ,00000,4841,SYNTHETIC INDUSTRY,5,9313,2,0,0,0,0,0,0,0,0,0,0,0,0,102885,1,2,2021,1/1/2022,
2887,SYNTHETIC COMPANY 02886,SYNTHETIC SITE 02886,,1 Example Way,Nowhere,ZZ,00000,3328,SYNTHETIC INDUSTRY,98,189245,1,0,1,0,0,7,0,1,0,0,0,0,0,102886,1,2,2021,1/1/2022,
2888,SYNTHETIC COMPANY 02887,SYNTHETIC SITE 02887,,1 Example Way,Nowhere,ZZ,00000,3115,SYNTHETIC INDUSTRY,451,1062020,2,0,0,0,0,0,0,0,0,0,0,0,0,102887,1,2,2021,1/1/2022,
2889,SYNTHETIC COMPANY 02888,SYNTHETIC SITE 02888,,1 Example Way,Nowhere,ZZ,00000,4451,SYNTHETIC INDUSTRY,33,51725,1,0,1,1,0,7,4,2,0,0,0,0,0,102888,1,2,2021,1/1/2022,
2890,SYNTHETIC COMPANY 02889,SYNTHETIC SITE 02889,,1 Example Way,Nowhere,ZZ,00000,4841,SYNTHETIC INDUSTRY,67,129922,1,0,1,1,6,7,4,8,0,0,0,0,0,102889,1,2,2021,1/1/2022,
2891,SYNTHETIC COMPANY 02890,SYNTHETIC SITE 02890,,1 Example Way,Nowhere,ZZ,00000,2361,SYNTHETIC INDUSTRY,94,222214,2,0,0,0,0,0,0,0,0,0,0,0,0,102890,1,2,2021,1/1/2022,
2892,SYNTHETIC COMPANY 02891,SYNTHETIC SITE 02891,,1 Example Way,Nowhere,ZZ,00000,4451,SYNTHETIC INDUSTRY,17,28558,1,0,0,2,1,0,8,3,0,0,0,0,0,102891,1,2,2021,1/1/2022,
2893,SYNTHETIC COMPANY 02892,SYNTHETIC SITE 02892,,1 Example Way,Nowhere,ZZ,00000,3115,SYNTHETIC INDUSTRY,674,1351762,1,0,10,3,8,70,12,21,0,0,0,0,0,102892,1,2,2021,1/1/2022,
2894,SYNTHETIC COMPANY 02893,SYNTHETIC SITE 02893,,1 Example Way,Nowhere,ZZ,00000,3328,SYNTHETIC INDUSTRY,8,17959,2,0,0,0,0,0,0,0,0,0,0,0,0,102893,1,2,2021,1/1/2022,
2895,SYNTHETIC COMPANY 02894,SYNTHETIC SITE 02894,,1 Example Way,Nowhere,ZZ,00000,3251,SYNTHETIC INDUSTRY,28,37347,1,0,0,1,0,0,4,1,0,0,0,0,0,102894,1,2,2021,1/1/2022,
2896,SYNTHETIC COMPANY 02895,SYNTHETIC SITE 02895,,1 Example Way,Nowhere,ZZ,00000,4841,SYNTHETIC INDUSTRY,95,147697,1,0,4,1,2,28,4,7,0,0,0,0,0,102895,1,2,2021,1/1/2022,
2897,SYNTHETIC COMPANY 02896,SYNTHETIC SITE 02896,,1 Example Way,Nowhere,ZZ,00000,4451,SYNTHETIC INDUSTRY,29,46966,2,0,0,0,0,0,0,0,0,0,0,0,0,102896,1,2,2021,1/1/2022,
2898,SYNTHETIC COMPANY 02897,SYNTHETIC SITE 02897,,1 Example Way,Nowhere,ZZ,00000,3115,SYNTHETIC INDUSTRY,86,180522,2,0,0,0,0,0,0,0,0,0,0,0,0,102897,1,2,2021,1/1/2022,
2899,SYNTHETIC COMPANY 02898,SYNTHETIC SITE 02898,,1 Example Way,Nowhere,ZZ,00000,3115,SYNTHETIC INDUSTRY,11,20676,2,0,0,0,0,0,0,0,0,0,0,0,0,102898,1,2,2021,1/1/2022,
2900,SYNTHETIC COMPANY 02899,SYNTHETIC SITE 02899,,1 Example Way,Nowhere,ZZ,00000,3251,SYNTHETIC INDUSTRY,28,49408,2,0,0,0,0,0,0,0,0,0,0,0,0,102899,1,2,2021,1/1/2022,
2901,SYNTHETIC COMPANY 02900,SYNTHETIC SITE 02900,,1 Example Way,Nowhere,ZZ,00000,3328,SYNTHETIC INDUSTRY,379,574588,2,0,0,0,0,0,0,0,0,0,0,0,0,102900,1,2,2021,1/1/2022,
2902,SYNTHETIC COMPANY 02901,SYNTHETIC SITE 02901,,1 Example Way,Nowhere,ZZ,00000,3252,SYNTHETIC INDUSTRY,7,15985,2,0,0,0,0,0,0,0,0,0,0,0,0,102901,1,2,2021,1/1/2022,
2903,SYNTHETIC COMPANY 02902,SYNTHETIC SITE 02902,,1 Example Way,Nowhere,ZZ,00000,4451,SYNTHETIC INDUSTRY,79,155250,2,0,0,0,0,0,0,0,0,0,0,0,0,102902,1,2,2021,1/1/2022,
2904,SYNTHETIC COMPANY 02903,SYNTHETIC SITE 02903,,1 Example Way,Nowhere,ZZ,00000,3252,SYNTHETIC INDUSTRY,302,565696,1,0,3,2,12,21,8,17,0,0,0,0,0,102903,1,2,2021,1/1/2022,
2905,SYNTHETIC COMPANY 02904,SYNTHETIC SITE 02904,,1 Example Way,Nowhere,ZZ,00000,6221,SYNTHETIC INDUSTRY,131,226291,1,0,0,1,1,0,4,2,0,0,0,0,0,102904,1,2,2021,1/1/2022,
2906,SYNTHETIC COMPANY 02905,SYNTHETIC SITE 02905,,1 Example Way,Nowhere,ZZ,00000,4841,SYNTHETIC INDUSTRY,239,426165,1,0,4,6,10,28,24,20,0,0,0,0,0,102905,1,2,2021,1/1/2022,
2907,SYNTHETIC COMPANY 02906,SYNTHETIC SITE 02906,,1 Example Way,Nowhere,ZZ,00000,4841,SYNTHETIC INDUSTRY,97,171489,2,0,0,0,0,0,0,0,0,0,0,0,0,102906,1,2,2021,1/1/2022,
2908,SYNTHETIC COMPANY 02907,SYNTHETIC SITE 02907,,1 Example Way,Nowhere,ZZ,00000,4451,SYNTHETIC INDUSTRY,122,168372,2,0,0,0,0,0,0,0,0,0,0,0,0,102907,1,2,2021,1/1/2022,
2909,SYNTHETIC COMPANY 02908,SYNTHETIC SITE 02908,,1 Example Way,Nowhere,ZZ,00000,3115,SYNTHETIC INDUSTRY,526,1147948,1,0,5,1,5,35,4,11,0,0,0,0,0,102908,1,2,2021,1/1/2022,
2910,SYNTHETIC COMPANY 02909,SYNTHETIC SITE 02909,,1 Example Way,Nowhere,ZZ,00000,3251,SYNTHETIC INDUSTRY,18,41342,2,0,0,0,0,0,0,0,0,0,0,0,0,102909,1,2,2021,1/1/2022,
2911,SYNTHETIC COMPANY 02910,SYNTHETIC SITE 02910,,1 Example Way,Nowhere,ZZ,00000,3328,SYNTHETIC INDUSTRY,26,63549,2,0,0,0,0,0,0,0,0,0,0,0,0,102910,1,2,2021,1/1/2022,
2912,SYNTHETIC COMPANY 02911,SYNTHETIC SITE 02911,,1 Example Way,Nowhere,ZZ,00000,3251,SYNTHETIC INDUSTRY,86,151961,1,0,0,3,3,0,12,6,0,0,0,0,0,102911,1,2,2021,1/1/2022,
2913,SYNTHETIC COMPANY 02912,SYNTHETIC SITE 02912,,1 Example Way,Nowhere,ZZ,00000,4841,SYNTHETIC INDUSTRY,120,210876,2,0,0,0,0,0,0,0,0,0,0,0,0,102912,1,2,2021,1/1/2022,
2914,SYNTHETIC COMPANY 02913,SYNTHETIC SITE 02913,,1 Example Way,Nowhere,ZZ,00000,2361,SYNTHETIC INDUSTRY,22,38907,2,0,0,0,0,0,0,0,0,0,0,0,0,102913,1,2,2021,1/1/2022,
2915,SYNTHETIC COMPANY 02914,SYNTHETIC SITE 02914,,1 Example Way,Nowhere,ZZ,00000,6221,SYNTHETIC INDUSTRY,8,15480,2,0,0,0,0,0,0,0,0,0,0,0,0,102914,1,2,2021,1/1/2022,
2916,SYNTHETIC COMPANY 02915,SYNTHETIC SITE 02915,,1 Example Way,Nowhere,ZZ,00000,6221,SYNTHETIC INDUSTRY,38,72585,1,0,0,0,1,0,0,1,0,0,0,0,0,102915,1,2,2021,1/1/2022,
2917,SYNTHETIC COMPANY 02916,SYNTHETIC SITE 02916,,1 Example Way,Nowhere,ZZ,00000,3115,SYNTHETIC INDUSTRY,188,371114,1,0,0,1,1,0,4,2,0,0,0,0,0,102916,1,2,2021,1/1/2022,
2918,SYNTHETIC COMPANY 02917,SYNTHETIC SITE 02917,,1 Example Way,Nowhere,ZZ,00000,3328,SYNTHETIC INDUSTRY,55,79085,2,0,0,0,0,0,0,0,0,0,0,0,0,102917,1,2,2021,1/1/2022,
2919,SYNTHETIC COMPANY 02918,SYNTHETIC SITE 02918,,1 Example Way,Nowhere,ZZ,00000,4451,SYNTHETIC INDUSTRY,29,52308,1,0,0,0,1,0,0,1,0,0,0,0,0,102918,1,2,2021,1/1/2022,
2920,SYNTHETIC COMPANY 02919,SYNTHETIC SITE 02919,,1 Example Way,Nowhere,ZZ,00000,4451,SYNTHETIC INDUSTRY,89,133759,2,0,0,0,0,0,0,0,0,0,0,0,0,102919,1,2,2021,1/1/2022,
2921,SYNTHETIC COMPANY 02920,SYNTHETIC SITE 02920,,1 Example Way,Nowhere,ZZ,00000,4841,SYNTHETIC INDUSTRY,13,2150500000,1,0,1,0,0,7,0,1,0,0,0,0,0,102920,1,2,2021,1/1/2022,
2922,SYNTHETIC COMPANY 02921,SYNTHETIC SITE 02921,,1 Example Way,Nowhere,ZZ,00000,4451,SYNTHETIC INDUSTRY,131,221427,1,0,1,0,2,7,0,3,0,0,0,0,0,102921,1,2,2021,1/1/2022,
2923,SYNTHETIC COMPANY 02922,SYNTHETIC SITE 02922,,1 Example Way,Nowhere,ZZ,00000,3115,SYNTHETIC INDUSTRY,141,259140,1,0,0,1,1,0,4,2,0,0,0,0,0,102922,1,2,2021,1/1/2022,
2924,SYNTHETIC COMPANY 02923,SYNTHETIC SITE 02923,,1 Example Way,Nowhere,ZZ,00000,3252,SYNTHETIC INDUSTRY,36,749830,2,0,0,0,0,0,0,0,0,0,0,0,0,102923,1,2,2021,1/1/2022,
2925,SYNTHETIC COMPANY 02924,SYNTHETIC SITE 02924,,1 Example Way,Nowhere,ZZ,00000,6221,SYNTHETIC INDUSTRY,16,33514,1,0,1,0,0,7,0,1,0,0,0,0,0,102924,1,2,2021,1/1/2022,
2926,SYNTHETIC COMPANY 02925,SYNTHETIC SITE 02925,,1 Example Way,Nowhere,ZZ,00000,3251,SYNTHETIC INDUSTRY,101,163475,2,0,0,0,0,0,0,0,0,0,0,0,0,102925,1,2,2021,1/1/2022,
2927,SYNTHETIC COMPANY 02926,SYNTHETIC SITE 02926,,1 Example Way,Nowhere,ZZ,00000,6221,SYNTHETIC INDUSTRY,78,152610,2,0,0,0,0,0,0,0,0,0,0,0,0,102926,1,2,2021,1/1/2022,
2928,SYNTHETIC COMPANY 02927,SYNTHETIC SITE 02927,,1 Example Way,Nowhere,ZZ,00000,3252,SYNTHETIC INDUSTRY,60,86780,2,0,0,0,0,0,0,0,0,0,0,0,0,102927,1,2,2021,1/1/2022,
2929,SYNTHETIC COMPANY 02928,SYNTHETIC SITE 02928,,1 Example Way,Nowhere,ZZ,00000,4451,SYNTHETIC INDUSTRY,41,64658,1,0,0,0,1,0,0,1,0,0,0,0,0,102928,1,2,2021,1/1/2022,
2930,SYNTHETIC COMPANY 02929,SYNTHETIC SITE 02929,,1 Example Way,Nowhere,ZZ,00000,6221,SYNTHETIC INDUSTRY,21,43613,2,0,0,0,0,0,0,0,0,0,0,0,0,102929,1,2,2021,1/1/2022,
2931,SYNTHETIC COMPANY 02930,SYNTHETIC SITE 02930,,1 Example Way,Nowhere,ZZ,00000,3251,SYNTHETIC INDUSTRY,64,99739,1,0,1,2,2,7,8,5,0,0,0,0,0,102930,1,2,2021,1/1/2022,
2932,SYNTHETIC COMPANY 02931,SYNTHETIC SITE 02931,,1 Example Way,Nowhere,ZZ,00000,3328,SYNTHETIC INDUSTRY,17,30174,2,0,0,0,0,0,0,0,0,0,0,0,0,102931,1,2,2021,1/1/2022,
2933,SYNTHETIC COMPANY 02932,SYNTHETIC SITE 02932,,1 Example Way,Nowhere,ZZ,00000,3251,SYNTHETIC INDUSTRY,20,36210,2,0,0,0,0,0,0,0,0,0,0,0,0,102932,1,2,2021,1/1/2022,
2934,SYNTHETIC COMPANY 02933,SYNTHETIC SITE 02933,,1 Example Way,Nowhere,ZZ,00000,3252,SYNTHETIC INDUSTRY,123,209888,2,0,0,0,0,0,0,0,0,0,0,0,0,102933,1,2,2021,1/1/2022,
2935,SYNTHETIC COMPANY 02934,SYNTHETIC SITE 02934,,1 Example Way,Nowhere,ZZ,00000,2361,SYNTHETIC INDUSTRY,33,74056,2,0,0,0,0,0,0,0,0,0,0,0,0,102934,1,2,2021,1/1/2022,
2936,SYNTHETIC COMPANY 02935,SYNTHETIC SITE 02935,,1 Example Way,Nowhere,ZZ,00000,3328,SYNTHETIC INDUSTRY,39,80162,2,0,0,0,0,0,0,0,0,0,0,0,0,102935,1,2,2021,1/1/2022,
2937,SYNTHETIC COMPANY 02936,SYNTHETIC SITE 02936,,1 Example Way,Nowhere,ZZ,00000,3252,SYNTHETIC INDUSTRY,20,44117,2,0,0,0,0,0,0,0,0,0,0,0,0,102936,1,2,2021,1/1/2022,
2938,SYNTHETIC COMPANY 02937,SYNTHETIC SITE 02937,,1 Example Way,Nowhere,ZZ,00000,6221,SYNTHETIC INDUSTRY,21,33767,2,0,0,0,0,0,0,0,0,0,0,0,0,102937,1,2,2021,1/1/2022,
2939,SYNTHETIC COMPANY 02938,SYNTHETIC SITE 02938,,1 Example Way,Nowhere,ZZ,00000,3251,SYNTHETIC INDUSTRY,13,26546,1,0,1,0,2,7,0,3,0,0,0,0,0,102938,1,2,2021,1/1/2022,
2940,SYNTHETIC COMPANY 02939,SYNTHETIC SITE 02939,,1 Example Way,Nowhere,ZZ,00000,2361,SYNTHETIC INDUSTRY,8,11782,2,0,0,0,0,0,0,0,0,0,0,0,0,102939,1,2,2021,1/1/2022,
2941,SYNTHETIC COMPANY 02940,SYNTHETIC SITE 02940,,1 Example Way,Nowhere,ZZ,00000,4451,SYNTHETIC INDUSTRY,178,31661200000,2,0,0,0,0,0,0,0,0,0,0,0,0,102940,1,2,2021,1/1/2022,
2942,SYNTHETIC COMPANY 02941,SYNTHETIC SITE 02941,,1 Example Way,Nowhere,ZZ,00000,3252,SYNTHETIC INDUSTRY,17,29572,2,0,0,0,0,0,0,0,0,0,0,0,0,102941,1,2,2021,1/1/2022,
2943,SYNTHETIC COMPANY 02942,SYNTHETIC SITE 02942,,1 Example Way,Nowhere,ZZ,00000,3252,SYNTHETIC INDUSTRY,4,8377,2,0,0,0,0,0,0,0,0,0,0,0,0,102942,1,2,2021,1/1/2022,
2944,SYNTHETIC COMPANY 02943,SYNTHETIC SITE 02943,,1 Example Way,Nowhere,ZZ,00000,2361,SYNTHETIC INDUSTRY,24,44189,2,0,0,0,0,0,0,0,0,0,0,0,0,102943,1,2,2021,1/1/2022,
2945,SYNTHETIC COMPANY 02944,SYNTHETIC SITE 02944,,1 Example Way,Nowhere,ZZ,00000,2361,SYNTHETIC INDUSTRY,148,249410,1,0,1,1,5,7,4,7,0,0,0,0,0,102944,1,2,2021,1/1/2022,
2946,SYNTHETIC COMPANY 02945,SYNTHETIC SITE 02945,,1 Example Way,Nowhere,ZZ,00000,3251,SYNTHETIC INDUSTRY,212,405292,2,0,0,0,0,0,0,0,0,0,0,0,0,102945,1,2,2021,1/1/2022,
2947,SYNTHETIC COMPANY 02946,SYNTHETIC SITE 02946,,1 Example Way,Nowhere,ZZ,00000,3251,SYNTHETIC INDUSTRY,16,340120,2,0,0,0,0,0,0,0,0,0,0,0,0,102946,1,2,2021,1/1/2022,
2948,SYNTHETIC COMPANY 02947,SYNTHETIC SITE 02947,,1 Example Way,Nowhere,ZZ,00000,3328,SYNTHETIC INDUSTRY,77,155721,1,0,0,1,2,0,4,3,0,0,0,0,0,102947,1,2,2021,1/1/2022,
2949,SYNTHETIC COMPANY 02948,SYNTHETIC SITE 02948,,1 Example Way,Nowhere,ZZ,00000,3252,SYNTHETIC INDUSTRY,175,271949,2,0,0,0,0,0,0,0,0,0,0,0,0,102948,1,2,2021,1/1/2022,
2950,SYNTHETIC COMPANY 02949,SYNTHETIC SITE 02949,,1 Example Way,Nowhere,ZZ,00000,3252,SYNTHETIC INDUSTRY,182,277836,1,0,0,2,2,0,8,4,0,0,0,0,0,102949,1,2,2021,1/1/2022,
2951,SYNTHETIC COMPANY 02950,SYNTHETIC SITE 02950,,1 Example Way,Nowhere,ZZ,00000,3251,SYNTHETIC INDUSTRY,170,329359,2,0,0,0,0,0,0,0,0,0,0,0,0,102950,1,2,2021,1/1/2022,
2952,SYNTHETIC COMPANY 02951,SYNTHETIC SITE 02951,,1 Example Way,Nowhere,ZZ,00000,4451,SYNTHETIC INDUSTRY,14,23357,2,0,0,0,0,0,0,0,0,0,0,0,0,102951,1,2,2021,1/1/2022,
2953,SYNTHETIC COMPANY 02952,SYNTHETIC SITE 02952,,1 Example Way,Nowhere,ZZ,00000,3252,SYNTHETIC INDUSTRY,21,27939,1,0,0,0,1,0,0,1,0,0,0,0,0,102952,1,2,2021,1/1/2022,
2954,SYNTHETIC COMPANY 02953,SYNTHETIC SITE 02953,,1 Example Way,Nowhere,ZZ,00000,3328,SYNTHETIC INDUSTRY,6,13513,2,0,0,0,0,0,0,0,0,0,0,0,0,102953,1,2,2021,1/1/2022,
2955,SYNTHETIC COMPANY 02954,SYNTHETIC SITE 02954,,1 Example Way,Nowhere,ZZ,00000,3251,SYNTHETIC INDUSTRY,59,133571,1,0,1,0,0,7,0,1,0,0,0,0,0,102954,1,2,2021,1/1/2022,
2956,SYNTHETIC COMPANY 02955,SYNTHETIC SITE 02955,,1 Example Way,Nowhere,ZZ,00000,3115,SYNTHETIC INDUSTRY,14,29294,2,0,0,0,0,0,0,0,0,0,0,0,0,102955,1,2,2021,1/1/2022,
2957,SYNTHETIC COMPANY 02956,SYNTHETIC SITE 02956,,1 Example Way,Nowhere,ZZ,00000,6221,SYNTHETIC INDUSTRY,87,178735,2,0,0,0,0,0,0,0,0,0,0,0,0,102956,1,2,2021,1/1/2022,
2958,SYNTHETIC COMPANY 02957,SYNTHETIC SITE 02957,,1 Example Way,Nowhere,ZZ,00000,6221,SYNTHETIC INDUSTRY,22,42782,1,0,1,0,3,7,0,4,0,0,0,0,0,102957,1,2,2021,1/1/2022,
2959,SYNTHETIC COMPANY 02958,SYNTHETIC SITE 02958,,1 Example Way,Nowhere,ZZ,00000,3328,SYNTHETIC INDUSTRY,160,310901,1,0,6,0,6,42,0,12,0,0,0,0,0,102958,1,2,2021,1/1/2022,
2960,SYNTHETIC COMPANY 02959,SYNTHETIC SITE 02959,,1 Example Way,Nowhere,ZZ,00000,3328,SYNTHETIC INDUSTRY,300,535745,2,0,0,0,0,0,0,0,0,0,0,0,0,102959,1,2,2021,1/1/2022,
2961,SYNTHETIC COMPANY 02960,SYNTHETIC SITE 02960,,1 Example Way,Nowhere,ZZ,00000,3251,SYNTHETIC INDUSTRY,54,108807,2,0,0,0,0,0,0,0,0,0,0,0,0,102960,1,2,2021,1/1/2022,
2962,SYNTHETIC COMPANY 02961,SYNTHETIC SITE 02961,,1 Example Way,Nowhere,ZZ,00000,3252,SYNTHETIC INDUSTRY,12,1715100,2,0,0,0,0,0,0,0,0,0,0,0,0,102961,1,2,2021,1/1/2022,
2963,SYNTHETIC COMPANY 02962,SYNTHETIC SITE 02962,,1 Example Way,Nowhere,ZZ,00000,2361,SYNTHETIC INDUSTRY,132,214394,1,0,2,6,8,14,24,16,0,0,0,0,0,102962,1,2,2021,1/1/2022,
2964,SYNTHETIC COMPANY 02963,SYNTHETIC SITE 02963,,1 Example Way,Nowhere,ZZ,00000,4841,SYNTHETIC INDUSTRY,98,180180,2,0,0,0,0,0,0,0,0,0,0,0,0,102963,1,2,2021,1/1/2022,
2965,SYNTHETIC COMPANY 02964,SYNTHETIC SITE 02964,,1 Example Way,Nowhere,ZZ,00000,3251,SYNTHETIC INDUSTRY,15,19004,2,0,0,0,0,0,0,0,0,0,0,0,0,102964,1,2,2021,1/1/2022,
2966,SYNTHETIC COMPANY 02965,SYNTHETIC SITE 02965,,1 Example Way,Nowhere,ZZ,00000,3252,SYNTHETIC INDUSTRY,40,89259,1,0,2,0,0,14,0,2,0,0,0,0,0,102965,1,2,2021,1/1/2022,
2967,SYNTHETIC COMPANY 02966,SYNTHETIC SITE 02966,,1 Example Way,Nowhere,ZZ,00000,3252,SYNTHETIC INDUSTRY,83,165155,1,0,1,1,4,7,4,6,0,0,0,0,0,102966,1,2,2021,1/1/2022,
2968,SYNTHETIC COMPANY 02967,SYNTHETIC SITE 02967,,1 Example Way,Nowhere,ZZ,00000,2361,SYNTHETIC INDUSTRY,39,66194,1,0,1,1,1,7,4,3,0,0,0,0,0,102967,1,2,2021,1/1/2022,
2969,SYNTHETIC COMPANY 02968,SYNTHETIC SITE 02968,,1 Example Way,Nowhere,ZZ,00000,4841,SYNTHETIC INDUSTRY,118,242790,2,0,0,0,0,0,0,0,0,0,0,0,0,102968,1,2,2021,1/1/2022,
2970,SYNTHETIC COMPANY 02969,SYNTHETIC SITE 02969,,1 Example Way,Nowhere,ZZ,00000,2361,SYNTHETIC INDUSTRY,414,891534,2,0,0,0,0,0,0,0,0,0,0,0,0,102969,1,2,2021,1/1/2022,
2971,SYNTHETIC COMPANY 02970,SYNTHETIC SITE 02970,,1 Example Way,Nowhere,ZZ,00000,6221,SYNTHETIC INDUSTRY,87,167497,2,0,0,0,0,0,0,0,0,0,0,0,0,102970,1,2,2021,1/1/2022,
2972,SYNTHETIC COMPANY 02971,SYNTHETIC SITE 02971,,1 Example Way,Nowhere,ZZ,00000,4451,SYNTHETIC INDUSTRY,55,98175,2,0,0,0,0,0,0,0,0,0,0,0,0,102971,1,2,2021,1/1/2022,
2973,SYNTHETIC COMPANY 02972,SYNTHETIC SITE 02972,,1 Example Way,Nowhere,ZZ,00000,3251,SYNTHETIC INDUSTRY,154,250482,1,0,3,2,0,21,8,5,0,0,0,0,0,102972,1,2,2021,1/1/2022,
2974,SYNTHETIC COMPANY 02973,SYNTHETIC SITE 02973,,1 Example Way,Nowhere,ZZ,00000,4451,SYNTHETIC INDUSTRY,113,161661,2,0,0,0,0,0,0,0,0,0,0,0,0,102973,1,2,2021,1/1/2022,
2975,SYNTHETIC COMPANY 02974,SYNTHETIC SITE 02974,,1 Example Way,Nowhere,ZZ,00000,2361,SYNTHETIC INDUSTRY,98,218900,1,0,0,0,3,0,0,3,0,0,0,0,0,102974,1,2,2021,1/1/2022,
2976,SYNTHETIC COMPANY 02975,SYNTHETIC SITE 02975,,1 Example Way,Nowhere,ZZ,00000,3252,SYNTHETIC INDUSTRY,10,20572,2,0,0,0,0,0,0,0,0,0,0,0,0,102975,1,2,2021,1/1/2022,
2977,SYNTHETIC COMPANY 02976,SYNTHETIC SITE 02976,,1 Example Way,Nowhere,ZZ,00000,4841,SYNTHETIC INDUSTRY,881,1474970,1,0,6,3,4,42,12,13,0,0,0,0,0,102976,1,2,2021,1/1/2022,
2978,SYNTHETIC COMPANY 02977,SYNTHETIC SITE 02977,,1 Example Way,Nowhere,ZZ,00000,4841,SYNTHETIC INDUSTRY,33,57166,2,0,0,0,0,0,0,0,0,0,0,0,0,102977,1,2,2021,1/1/2022,
2979,SYNTHETIC COMPANY 02978,SYNTHETIC SITE 02978,,1 Example Way,Nowhere,ZZ,00000,4841,SYNTHETIC INDUSTRY,30,49377,2,0,0,0,0,0,0,0,0,0,0,0,0,102978,1,2,2021,1/1/2022,
2980,SYNTHETIC COMPANY 02979,SYNTHETIC SITE 02979,,1 Example Way,Nowhere,ZZ,00000,2361,SYNTHETIC INDUSTRY,72,137220,2,0,0,0,0,0,0,0,0,0,0,0,0,102979,1,2,2021,1/1/2022,
2981,SYNTHETIC COMPANY 02980,SYNTHETIC SITE 02980,,1 Example Way,Nowhere,ZZ,00000,6221,SYNTHETIC INDUSTRY,11,23464,2,0,0,0,0,0,0,0,0,0,0,0,0,102980,1,2,2021,1/1/2022,
2982,SYNTHETIC COMPANY 02981,SYNTHETIC SITE 02981,,1 Example Way,Nowhere,ZZ,00000,4451,SYNTHETIC INDUSTRY,339,659330,1,0,0,0,1,0,0,1,0,0,0,0,0,102981,1,2,2021,1/1/2022,
2983,SYNTHETIC COMPANY 02982,SYNTHETIC SITE 02982,,1 Example Way,Nowhere,ZZ,00000,3328,SYNTHETIC INDUSTRY,434,788597,1,0,1,0,1,7,0,2,0,0,0,0,0,102982,1,2,2021,1/1/2022,
2984,SYNTHETIC COMPANY 02983,SYNTHETIC SITE 02983,,1 Example Way,Nowhere,ZZ,00000,3251,SYNTHETIC INDUSTRY,137,282542,1,0,1,1,1,7,4,3,0,0,0,0,0,102983,1,2,2021,1/1/2022,
2985,SYNTHETIC COMPANY 02984,SYNTHETIC SITE 02984,,1 Example Way,Nowhere,ZZ,00000,3252,SYNTHETIC INDUSTRY,13,27376,2,0,0,0,0,0,0,0,0,0,0,0,0,102984,1,2,2021,1/1/2022,
2986,SYNTHETIC COMPANY 02985,SYNTHETIC SITE 02985,,1 Example Way,Nowhere,ZZ,00000,3115,SYNTHETIC INDUSTRY,56,92743,1,0,0,0,1,0,0,1,0,0,0,0,0,102985,1,2,2021,1/1/2022,
2987,SYNTHETIC COMPANY 02986,SYNTHETIC SITE 02986,,1 Example Way,Nowhere,ZZ,00000,4841,SYNTHETIC INDUSTRY,18,31474,1,0,1,0,0,7,0,1,0,0,0,0,0,102986,1,2,2021,1/1/2022,
2988,SYNTHETIC COMPANY 02987,SYNTHETIC SITE 02987,,1 Example Way,Nowhere,ZZ,00000,4451,SYNTHETIC INDUSTRY,47,79632,1,0,1,1,0,7,4,2,0,0,0,0,0,102987,1,2,2021,1/1/2022,
2989,SYNTHETIC COMPANY 02988,SYNTHETIC SITE 02988,,1 Example Way,Nowhere,ZZ,00000,4451,SYNTHETIC INDUSTRY,25,49154,2,0,0,0,0,0,0,0,0,0,0,0,0,102988,1,2,2021,1/1/2022,
2990,SYNTHETIC COMPANY 02989,SYNTHETIC SITE 02989,,1 Example Way,Nowhere,ZZ,00000,3251,SYNTHETIC INDUSTRY,102,187475,2,0,0,0,0,0,0,0,0,0,0,0,0,102989,1,2,2021,1/1/2022,
2991,SYNTHETIC COMPANY 02990,SYNTHETIC SITE 02990,,1 Example Way,Nowhere,ZZ,00000,4451,SYNTHETIC INDUSTRY,125,210870,1,0,2,0,1,14,0,3,0,0,0,0,0,102990,1,2,2021,1/1/2022,
2992,SYNTHETIC COMPANY 02991,SYNTHETIC SITE 02991,,1 Example Way,Nowhere,ZZ,00000,3251,SYNTHETIC INDUSTRY,26,44469,1,0,1,0,1,7,0,2,0,0,0,0,0,102991,1,2,2021,1/1/2022,
2993,SYNTHETIC COMPANY 02992,SYNTHETIC SITE 02992,,1 Example Way,Nowhere,ZZ,00000,3328,SYNTHETIC INDUSTRY,51,86550,2,0,0,0,0,0,0,0,0,0,0,0,0,102992,1,2,2021,1/1/2022,
2994,SYNTHETIC COMPANY 02993,SYNTHETIC SITE 02993,,1 Example Way,Nowhere,ZZ,00000,2361,SYNTHETIC INDUSTRY,25,36612,2,0,0,0,0,0,0,0,0,0,0,0,0,102993,1,2,2021,1/1/2022,
2995,SYNTHETIC COMPANY 02994,SYNTHETIC SITE 02994,,1 Example Way,Nowhere,ZZ,00000,2361,SYNTHETIC INDUSTRY,10,19589,2,0,0,0,0,0,0,0,0,0,0,0,0,102994,1,2,2021,1/1/2022,
2996,SYNTHETIC COMPANY 02995,SYNTHETIC SITE 02995,,1 Example Way,Nowhere,ZZ,00000,6221,SYNTHETIC INDUSTRY,126,220373,2,0,0,0,0,0,0,0,0,0,0,0,0,102995,1,2,2021,1/1/2022,
2997,SYNTHETIC COMPANY 02996,SYNTHETIC SITE 02996,,1 Example Way,Nowhere,ZZ,00000,2361,SYNTHETIC INDUSTRY,87,158947,1,0,1,2,2,7,8,5,0,0,0,0,0,102996,1,2,2021,1/1/2022,
2998,SYNTHETIC COMPANY 02997,SYNTHETIC SITE 02997,,1 Example Way,Nowhere,ZZ,00000,3252,SYNTHETIC INDUSTRY,78,152075,1,0,2,2,2,14,8,6,0,0,0,0,0,102997,1,2,2021,1/1/2022,
2999,SYNTHETIC COMPANY 02998,SYNTHETIC SITE 02998,,1 Example Way,Nowhere,ZZ,00000,3115,SYNTHETIC INDUSTRY,119,189771,1,0,6,9,17,42,36,32,0,0,0,0,0,102998,1,2,2021,1/1/2022,
3000,SYNTHETIC COMPANY 02999,SYNTHETIC SITE 02999,,1 Example Way,Nowhere,ZZ,00000,3251,SYNTHETIC INDUSTRY,492,924574,2,0,0,0,0,0,0,0,0,0,0,0,0,102999,1,2,2021,1/1/2022,
